analysis,variant,variant_role,instrument,evaluation_index_scope,method,m,criterion,eligible,leading_eigenvalue_curve,pilot_gcv_curve,moment_residual_curve,update_norm_curve,valid_curve,basis_condition_curve,design_condition_curve,krylov_log10_column_norm_curve,orthogonality_defect_curve
designated_benchmark,primary_instrument1_full,primary,1,test_split_local,CG-FPLS-code,1,0.5162600180366625,True,0.025226295653874485,0.3879629881143457,0.5162600180366625,1506.8376671695942,,,,,
designated_benchmark,primary_instrument1_full,primary,1,test_split_local,CG-FPLS-code,2,0.2728867238306499,True,0.005514723603712325,0.08959792930855734,0.2728867238306499,2448.9589493872477,,,,,
designated_benchmark,primary_instrument1_full,primary,1,test_split_local,CG-FPLS-code,3,0.06440092601817615,True,0.0006779868683390524,0.08241254086073145,0.06440092601817615,17080.774876293995,,,,,
designated_benchmark,primary_instrument1_full,primary,1,test_split_local,CG-FPLS-code,4,0.02189469965724015,True,0.00038472621783100253,0.018949512499333344,0.02189469965724015,3234.178448714259,,,,,
designated_benchmark,primary_instrument1_full,primary,1,test_split_local,CG-FPLS-code,5,0.012457320832570038,True,0.0002943123676804494,0.0007657506683888173,0.012457320832570038,2094.825232864891,,,,,
designated_benchmark,primary_instrument1_full,primary,1,test_split_local,CG-FPLS-code,6,0.008017884134237643,True,0.0001731448072908181,0.0005527253372986986,0.008017884134237643,3297.8222208842585,,,,,
designated_benchmark,primary_instrument1_full,primary,1,test_split_local,CG-FPLS-code,7,0.005465648939318049,True,0.00011622761989737629,0.00021408522225224187,0.005465648939318049,3993.4236138476695,,,,,
designated_benchmark,primary_instrument1_full,primary,1,test_split_local,CG-FPLS-code,8,0.004782060821785204,True,9.298193551795524e-05,0.00020889486493639483,0.004782060821785204,1497.4032721991214,,,,,
designated_benchmark,primary_instrument1_full,primary,1,test_split_local,CG-FPLS-code,9,0.004014390763165434,True,7.780504196486118e-05,0.00020207621808886558,0.004014390763165434,1451.0711609588545,,,,,
designated_benchmark,primary_instrument1_full,primary,1,test_split_local,CG-FPLS-code,10,0.0027439286224473416,True,6.263058134732338e-05,0.00019822014696964444,0.0027439286224473416,4455.112911134067,,,,,
designated_benchmark,primary_instrument1_full,primary,1,test_split_local,CG-FPLS-code,11,0.002257227805585346,True,5.829732392895878e-05,0.00019883932032601316,0.002257227805585346,2738.040699824636,,,,,
designated_benchmark,primary_instrument1_full,primary,1,test_split_local,CG-FPLS-code,12,0.0021523926392957543,True,5.5366076926148704e-05,0.0001502797453072548,0.0021523926392957543,529.8396982701067,,,,,
designated_benchmark,primary_instrument1_full,primary,1,test_split_local,CG-FPLS-code,13,0.001776409319135571,True,4.925393142814399e-05,0.00014185033969045725,0.001776409319135571,2914.7552192496664,,,,,
designated_benchmark,primary_instrument1_full,primary,1,test_split_local,CG-FPLS-code,14,0.0015583989236296373,True,4.4019036166926184e-05,0.00012655148926116725,0.0015583989236296373,2744.046041248324,,,,,
designated_benchmark,primary_instrument1_full,primary,1,test_split_local,CG-FPLS-code,15,0.0014164600806719602,True,4.313199070258695e-05,0.00012669673359266874,0.0014164600806719602,2699.3618966189265,,,,,
designated_benchmark,primary_instrument1_full,primary,1,test_split_local,CG-FPLS-code,16,0.001413316658976492,True,3.8192041784328604e-05,9.799465647053639e-05,0.001413316658976492,58.18214978153063,,,,,
designated_benchmark,primary_instrument1_full,primary,1,test_split_local,CG-FPLS-code,17,0.001195925724869028,True,3.45254483951118e-05,9.761458108772365e-05,0.001195925724869028,5520.317664104894,,,,,
designated_benchmark,primary_instrument1_full,primary,1,test_split_local,CG-FPLS-code,18,0.0010566814937299515,True,3.350546844493221e-05,9.31535870237622e-05,0.0010566814937299515,4184.838038222493,,,,,
designated_benchmark,primary_instrument1_full,primary,1,test_split_local,CG-FPLS-code,19,0.0009547196917850288,True,3.164619927053644e-05,9.344431283920145e-05,0.0009547196917850288,3757.5378694644573,,,,,
designated_benchmark,primary_instrument1_full,primary,1,test_split_local,CG-FPLS-code,20,0.0009458746815219169,True,2.9635203130721194e-05,9.040531440456214e-05,0.0009458746815219169,328.60047094153293,,,,,
designated_benchmark,primary_instrument1_full,primary,1,test_split_local,CG-FPLS-code,21,0.0009378118799463357,True,2.87523156021705e-05,8.447878226318793e-05,0.0009378118799463357,304.7048060736959,,,,,
designated_benchmark,primary_instrument1_full,primary,1,test_split_local,CG-FPLS-code,22,0.0008430890205292451,True,2.7896565579717705e-05,8.288473439786965e-05,0.0008430890205292451,4244.74425573421,,,,,
designated_benchmark,primary_instrument1_full,primary,1,test_split_local,CG-FPLS-code,23,0.0008428175245196095,True,2.5589429106555503e-05,7.375845872918018e-05,0.0008428175245196095,14.475166927010948,,,,,
designated_benchmark,primary_instrument1_full,primary,1,test_split_local,CG-FPLS-code,24,0.0007632796025068756,True,2.534614600419946e-05,6.775257360983304e-05,0.0007632796025068756,4320.519524893222,,,,,
designated_benchmark,primary_instrument1_full,primary,1,test_split_local,CG-FPLS-code,25,0.0007389354180091177,True,2.442333907922192e-05,6.561414481555824e-05,0.0007389354180091177,1757.312110583349,,,,,
designated_benchmark,primary_instrument1_full,primary,1,test_split_local,CG-FPLS-code,26,0.0007086383162703356,True,2.2464458240315095e-05,5.58592438809369e-05,0.0007086383162703356,2211.0768499847063,,,,,
designated_benchmark,primary_instrument1_full,primary,1,test_split_local,CG-FPLS-code,27,0.0006591878726011783,True,2.1643956673453238e-05,4.8455476115908414e-05,0.0006591878726011783,4477.608682403728,,,,,
designated_benchmark,primary_instrument1_full,primary,1,test_split_local,CG-FPLS-code,28,0.0006166272229164514,True,2.0937221351241637e-05,4.720791718477222e-05,0.0006166272229164514,4670.381204467862,,,,,
designated_benchmark,primary_instrument1_full,primary,1,test_split_local,CG-FPLS-code,29,0.0006163198408670406,True,1.804689770156796e-05,3.94170419366932e-05,0.0006163198408670406,38.26033517507794,,,,,
designated_benchmark,primary_instrument1_full,primary,1,test_split_local,CG-FPLS-code,30,0.0006161134222592907,True,1.7388939208630414e-05,3.9388758755287105e-05,0.0006161134222592907,27.395626443147226,,,,,
designated_benchmark,primary_instrument1_full,primary,1,test_split_local,CG-FPLS-code,31,0.0006112909151900175,True,1.5734792835603154e-05,3.9226886685615854e-05,0.0006112909151900175,661.4925108147361,,,,,
designated_benchmark,primary_instrument1_full,primary,1,test_split_local,CG-FPLS-code,32,0.0005857667747384615,True,1.4876492496347645e-05,3.932856928408389e-05,0.0005857667747384615,3809.996022551405,,,,,
designated_benchmark,primary_instrument1_full,primary,1,test_split_local,CG-FPLS-code,33,0.0005626262586552592,True,1.424056774402266e-05,3.799907654713009e-05,0.0005626262586552592,4466.193723822423,,,,,
designated_benchmark,primary_instrument1_full,primary,1,test_split_local,CG-FPLS-code,34,0.0005519554929263206,True,1.345026092741559e-05,3.8090407352692216e-05,0.0005519554929263206,2531.7583759110576,,,,,
designated_benchmark,primary_instrument1_full,primary,1,test_split_local,CG-FPLS-code,35,0.0005391960056832428,True,1.2022761123791335e-05,2.264796390836394e-05,0.0005391960056832428,3827.0467404416027,,,,,
designated_benchmark,primary_instrument1_full,primary,1,test_split_local,CG-FPLS-code,36,0.0005360273094076017,True,1.141419566939053e-05,2.194653021421536e-05,0.0005360273094076017,959.6305051252197,,,,,
designated_benchmark,primary_instrument1_full,primary,1,test_split_local,CG-FPLS-code,37,0.0005354484909244869,True,1.0371866159123706e-05,2.2004557981385215e-05,0.0005354484909244869,175.291202222448,,,,,
designated_benchmark,primary_instrument1_full,primary,1,test_split_local,CG-FPLS-code,38,0.0005284479032140707,True,9.990589442437764e-06,1.5590637621945316e-05,0.0005284479032140707,2403.971014365964,,,,,
designated_benchmark,primary_instrument1_full,primary,1,test_split_local,CG-FPLS-code,39,0.0005277306366676584,True,8.506269300344716e-06,1.3722732515585891e-05,0.0005277306366676584,253.2430419706443,,,,,
designated_benchmark,primary_instrument1_full,primary,1,test_split_local,CG-FPLS-code,40,0.0005022440359338236,True,8.355171679113019e-06,1.093859687603399e-05,0.0005022440359338236,8886.148178490117,,,,,
designated_benchmark,primary_instrument1_full,primary,1,test_split_local,CG-FPLS-code,41,0.00047742595597962984,True,7.556434058312355e-06,8.808757109624525e-06,0.00047742595597962984,9439.746002978507,,,,,
designated_benchmark,primary_instrument1_full,primary,1,test_split_local,CG-FPLS-code,42,0.0004533159330650846,True,6.233751590015308e-06,8.609676525278454e-06,0.0004533159330650846,9378.395061567642,,,,,
designated_benchmark,primary_instrument1_full,primary,1,test_split_local,CG-FPLS-code,43,0.00045323046283543284,True,5.82074158096546e-06,6.179597590742855e-06,0.00045323046283543284,36.27845840546239,,,,,
designated_benchmark,primary_instrument1_full,primary,1,test_split_local,CG-FPLS-code,44,0.00043270860147114813,True,5.619186161128619e-06,6.160431187849699e-06,0.00043270860147114813,8618.651843392134,,,,,
designated_benchmark,primary_instrument1_full,primary,1,test_split_local,CG-FPLS-code,45,0.00043030574686695887,True,4.2341539175520695e-06,5.37207791542105e-06,0.00043030574686695887,1023.0193965460551,,,,,
designated_benchmark,primary_instrument1_full,primary,1,test_split_local,CG-FPLS-code,46,0.00041439023671205913,True,3.5769476402222195e-06,5.383444623009165e-06,0.00041439023671205913,7123.183137256233,,,,,
designated_benchmark,primary_instrument1_full,primary,1,test_split_local,CG-FPLS-code,47,0.0004139204848592038,True,2.9665788789615784e-06,4.090720799925124e-06,0.0004139204848592038,216.6666670762495,,,,,
designated_benchmark,primary_instrument1_full,primary,1,test_split_local,CG-FPLS-code,48,0.0004083354498356619,True,2.430481076306353e-06,2.9201971041411353e-06,0.0004083354498356619,2581.7907527039565,,,,,
designated_benchmark,primary_instrument1_full,primary,1,test_split_local,CG-FPLS-code,49,0.0003903279206991158,True,1.6954359653956699e-06,2.8588081110861445e-06,0.0003903279206991158,8763.591033370278,,,,,
designated_benchmark,primary_instrument1_full,primary,1,test_split_local,CG-FPLS-code,50,0.0003901376320049563,True,1.4386137632612833e-06,2.7662002114120586e-06,0.0003901376320049563,90.84090173920507,,,,,
designated_benchmark,primary_instrument1_full,primary,1,test_split_local,CG-FPLS-code,51,0.00037482868981549396,True,1.302854628050994e-06,1.864901362928519e-06,0.00037482868981549396,7911.993686542515,,,,,
designated_benchmark,primary_instrument1_full,primary,1,test_split_local,CG-FPLS-code,52,0.00037251831412778836,True,1.0891081261107467e-06,1.047834433891754e-06,0.00037251831412778836,1262.3210281223442,,,,,
designated_benchmark,primary_instrument1_full,primary,1,test_split_local,CG-FPLS-code,53,0.00036635965646206496,True,7.023179288354859e-07,7.339085473320709e-07,0.00036635965646206496,3413.8247165203284,,,,,
designated_benchmark,primary_instrument1_full,primary,1,test_split_local,CG-FPLS-code,54,0.0003454550524087306,True,6.955423522779461e-07,7.36005309863876e-07,0.0003454550524087306,11225.272439935321,,,,,
designated_benchmark,primary_instrument1_full,primary,1,test_split_local,CG-FPLS-code,55,0.00031964515047614534,True,6.25686545527111e-07,6.495953772673551e-07,0.00031964515047614534,13572.912950122596,,,,,
designated_benchmark,primary_instrument1_full,primary,1,test_split_local,CG-FPLS-code,56,0.0003191808207423768,True,5.85604422407534e-07,6.029681711938099e-07,0.0003191808207423768,234.86169407735227,,,,,
designated_benchmark,primary_instrument1_full,primary,1,test_split_local,CG-FPLS-code,57,0.0003188700347936259,True,5.028994206053117e-07,6.03149444368341e-07,0.0003188700347936259,157.94812901613483,,,,,
designated_benchmark,primary_instrument1_full,primary,1,test_split_local,CG-FPLS-code,58,0.00031333640635513536,True,4.567886127706801e-07,5.937377030855917e-07,0.00031333640635513536,3036.3480433048767,,,,,
designated_benchmark,primary_instrument1_full,primary,1,test_split_local,CG-FPLS-code,59,0.00029967160026472665,True,3.8288235208766686e-07,5.478806102199487e-07,0.00029967160026472665,7571.97915835249,,,,,
designated_benchmark,primary_instrument1_full,primary,1,test_split_local,CG-FPLS-code,60,0.0002868014152270801,True,3.2002151961571675e-07,5.493818524093846e-07,0.0002868014152270801,7453.554400318492,,,,,
designated_benchmark,primary_instrument1_full,primary,1,test_split_local,CG-FPLS-code,61,0.0002765080956627728,True,2.926287015456203e-07,5.459899414280479e-07,0.0002765080956627728,6401.465966318121,,,,,
designated_benchmark,primary_instrument1_full,primary,1,test_split_local,CG-FPLS-code,62,0.00027638819300938454,True,2.697369454249899e-07,5.344520227147013e-07,0.00027638819300938454,73.42163043150495,,,,,
designated_benchmark,primary_instrument1_full,primary,1,test_split_local,CG-FPLS-code,63,0.00027496514366024565,True,2.469735165726504e-07,5.16464239890771e-07,0.00027496514366024565,970.4240503454844,,,,,
designated_benchmark,primary_instrument1_full,primary,1,test_split_local,CG-FPLS-code,64,0.0002701881644129094,True,2.2378497557450862e-07,5.101383529559498e-07,0.0002701881644129094,3294.838233106715,,,,,
designated_benchmark,primary_instrument1_full,primary,1,test_split_local,CG-FPLS-code,65,0.0002694404307238585,True,2.0481412621716101e-07,5.07054101405818e-07,0.0002694404307238585,511.7403438770704,,,,,
designated_benchmark,primary_instrument1_full,primary,1,test_split_local,CG-FPLS-code,66,0.0002678048842783937,True,1.9539325544533361e-07,5.01749160058425e-07,0.0002678048842783937,1204.1027442352356,,,,,
designated_benchmark,primary_instrument1_full,primary,1,test_split_local,CG-FPLS-code,67,0.0002656321010536361,True,1.6729972653903912e-07,4.487567695857262e-07,0.0002656321010536361,1712.2780723419128,,,,,
designated_benchmark,primary_instrument1_full,primary,1,test_split_local,CG-FPLS-code,68,0.0002632637037055783,True,1.63206362417993e-07,3.965538537867262e-07,0.0002632637037055783,1988.9733334743373,,,,,
designated_benchmark,primary_instrument1_full,primary,1,test_split_local,CG-FPLS-code,69,0.0002612922178611437,True,1.568151002416359e-07,3.900767047492138e-07,0.0002612922178611437,1642.4899183368225,,,,,
designated_benchmark,primary_instrument1_full,primary,1,test_split_local,CG-FPLS-code,70,0.00026079400861733353,True,1.4656647490495781e-07,3.8893411621960206e-07,0.00026079400861733353,441.59696850509755,,,,,
designated_benchmark,primary_instrument1_full,primary,1,test_split_local,Raw FPLS,1,287.22052594061273,True,,,,,True,1.0,1.0,1.5669452323435986,
designated_benchmark,primary_instrument1_full,primary,1,test_split_local,Raw FPLS,2,224.26256239051304,True,,,,,True,5.421510365760539,13.07916203616481,-0.0737385177197911,
designated_benchmark,primary_instrument1_full,primary,1,test_split_local,Raw FPLS,3,32.96606016251668,True,,,,,True,69.71649920649364,493.839957903819,-1.6736036284961824,
designated_benchmark,primary_instrument1_full,primary,1,test_split_local,Raw FPLS,4,24.386290429450728,True,,,,,True,18719.63947386064,131007.02124852063,-3.2718324854245715,
designated_benchmark,primary_instrument1_full,primary,1,test_split_local,Raw FPLS,5,23.690550502972368,True,,,,,True,2882222.1907741847,31619462.476141673,-4.869982939754737,
designated_benchmark,primary_instrument1_full,primary,1,test_split_local,Raw FPLS,6,23.670806251177382,True,,,,,True,573644604.9695125,9521440348.549917,-6.468129646460127,
designated_benchmark,primary_instrument1_full,primary,1,test_split_local,Raw FPLS,7,23.876789358166697,True,,,,,True,242176577749.46005,4989724114292.962,-8.066276174063322,
designated_benchmark,primary_instrument1_full,primary,1,test_split_local,Raw FPLS,8,23.651195580554802,True,,,,,True,151587714213401.75,2237164299472549.8,-9.664422693107149,
designated_benchmark,primary_instrument1_full,primary,1,test_split_local,Raw FPLS,9,23.647810403805828,True,,,,,True,4503599627370496.0,3802683609281799.5,-11.262569211741921,
designated_benchmark,primary_instrument1_full,primary,1,test_split_local,Raw FPLS,10,23.661638364142124,True,,,,,True,4503599627370496.0,4503599627370496.0,-12.860715730357144,
designated_benchmark,primary_instrument1_full,primary,1,test_split_local,Raw FPLS,11,23.593590038307713,True,,,,,True,4503599627370496.0,4503599627370496.0,-14.458862248971432,
designated_benchmark,primary_instrument1_full,primary,1,test_split_local,Raw FPLS,12,23.73195658357708,True,,,,,True,4503599627370496.0,4503599627370496.0,-16.057008767585675,
designated_benchmark,primary_instrument1_full,primary,1,test_split_local,Raw FPLS,13,23.60319842102855,True,,,,,True,4503599627370496.0,4503599627370496.0,-17.655155286199918,
designated_benchmark,primary_instrument1_full,primary,1,test_split_local,Raw FPLS,14,23.59311625474092,True,,,,,True,4503599627370496.0,4503599627370496.0,-19.25330180481416,
designated_benchmark,primary_instrument1_full,primary,1,test_split_local,Raw FPLS,15,23.60253409813917,True,,,,,True,4503599627370496.0,4503599627370496.0,-20.851448323428404,
designated_benchmark,primary_instrument1_full,primary,1,test_split_local,Raw FPLS,16,23.65076239014174,True,,,,,True,4503599627370496.0,4503599627370496.0,-22.449594842042643,
designated_benchmark,primary_instrument1_full,primary,1,test_split_local,Raw FPLS,17,23.934534445394796,True,,,,,True,4503599627370496.0,4503599627370496.0,-24.047741360656886,
designated_benchmark,primary_instrument1_full,primary,1,test_split_local,Raw FPLS,18,24.182376347046077,True,,,,,True,4503599627370496.0,4503599627370496.0,-25.64588787927113,
designated_benchmark,primary_instrument1_full,primary,1,test_split_local,Raw FPLS,19,24.995344604077307,True,,,,,True,4503599627370496.0,4503599627370496.0,-27.24403439788537,
designated_benchmark,primary_instrument1_full,primary,1,test_split_local,Raw FPLS,20,33.696509279921955,True,,,,,True,4503599627370496.0,4503599627370496.0,-28.84218091649961,
designated_benchmark,primary_instrument1_full,primary,1,test_split_local,Raw FPLS,21,23.786201203022486,True,,,,,True,4503599627370496.0,4503599627370496.0,-30.440327435113854,
designated_benchmark,primary_instrument1_full,primary,1,test_split_local,Raw FPLS,22,23.738506006681312,True,,,,,True,4503599627370496.0,4503599627370496.0,-32.038473953728094,
designated_benchmark,primary_instrument1_full,primary,1,test_split_local,Raw FPLS,23,85.46020285248703,True,,,,,True,4503599627370496.0,4503599627370496.0,-33.63662047234234,
designated_benchmark,primary_instrument1_full,primary,1,test_split_local,Raw FPLS,24,24.743958844049388,True,,,,,True,4503599627370496.0,4503599627370496.0,-35.23476699095658,
designated_benchmark,primary_instrument1_full,primary,1,test_split_local,Raw FPLS,25,24.41440656891448,True,,,,,True,4503599627370496.0,4503599627370496.0,-36.83291350957082,
designated_benchmark,primary_instrument1_full,primary,1,test_split_local,Raw FPLS,26,24.09522141714331,True,,,,,True,4503599627370496.0,4503599627370496.0,-38.431060028185065,
designated_benchmark,primary_instrument1_full,primary,1,test_split_local,Raw FPLS,27,23.718235713320997,True,,,,,True,4503599627370496.0,4503599627370496.0,-40.0292065467993,
designated_benchmark,primary_instrument1_full,primary,1,test_split_local,Raw FPLS,28,25.46117189966552,True,,,,,True,4503599627370496.0,4503599627370496.0,-41.627353065413544,
designated_benchmark,primary_instrument1_full,primary,1,test_split_local,Raw FPLS,29,23.45721725374059,True,,,,,True,4503599627370496.0,4503599627370496.0,-43.22549958402779,
designated_benchmark,primary_instrument1_full,primary,1,test_split_local,Raw FPLS,30,45.22164245199358,True,,,,,True,4503599627370496.0,4503599627370496.0,-44.82364610264203,
designated_benchmark,primary_instrument1_full,primary,1,test_split_local,Raw FPLS,31,24.23974265626173,True,,,,,True,4503599627370496.0,4503599627370496.0,-46.42179262125627,
designated_benchmark,primary_instrument1_full,primary,1,test_split_local,Raw FPLS,32,38.42223529818257,True,,,,,True,4503599627370496.0,4503599627370496.0,-48.019939139870516,
designated_benchmark,primary_instrument1_full,primary,1,test_split_local,Raw FPLS,33,59.36877579715322,True,,,,,True,4503599627370496.0,4503599627370496.0,-49.61808565848475,
designated_benchmark,primary_instrument1_full,primary,1,test_split_local,Raw FPLS,34,28.137714736236664,True,,,,,True,4503599627370496.0,4503599627370496.0,-51.216232177098995,
designated_benchmark,primary_instrument1_full,primary,1,test_split_local,Raw FPLS,35,24.350672869215263,True,,,,,True,4503599627370496.0,4503599627370496.0,-52.81437869571324,
designated_benchmark,primary_instrument1_full,primary,1,test_split_local,Raw FPLS,36,25.031198381092867,True,,,,,True,4503599627370496.0,4503599627370496.0,-54.41252521432748,
designated_benchmark,primary_instrument1_full,primary,1,test_split_local,Raw FPLS,37,26.177650604501036,True,,,,,True,4503599627370496.0,4503599627370496.0,-56.010671732941724,
designated_benchmark,primary_instrument1_full,primary,1,test_split_local,Raw FPLS,38,194.9294242746272,True,,,,,True,4503599627370496.0,4503599627370496.0,-57.60881825155597,
designated_benchmark,primary_instrument1_full,primary,1,test_split_local,Raw FPLS,39,25.74061480772894,True,,,,,True,4503599627370496.0,4503599627370496.0,-59.20696477017021,
designated_benchmark,primary_instrument1_full,primary,1,test_split_local,Raw FPLS,40,24.033503562781423,True,,,,,True,4503599627370496.0,4503599627370496.0,-60.805111288784445,
designated_benchmark,primary_instrument1_full,primary,1,test_split_local,Raw FPLS,41,23.496753489477786,True,,,,,True,4503599627370496.0,4503599627370496.0,-62.40325780739869,
designated_benchmark,primary_instrument1_full,primary,1,test_split_local,Raw FPLS,42,24.665840270823864,True,,,,,True,4503599627370496.0,4503599627370496.0,-64.00140432601293,
designated_benchmark,primary_instrument1_full,primary,1,test_split_local,Raw FPLS,43,25.89536702309992,True,,,,,True,4503599627370496.0,4503599627370496.0,-65.59955084462717,
designated_benchmark,primary_instrument1_full,primary,1,test_split_local,Raw FPLS,44,24.361289038154545,True,,,,,True,4503599627370496.0,4503599627370496.0,-67.19769736324142,
designated_benchmark,primary_instrument1_full,primary,1,test_split_local,Raw FPLS,45,23.516404118041052,True,,,,,True,4503599627370496.0,4503599627370496.0,-68.79584388185566,
designated_benchmark,primary_instrument1_full,primary,1,test_split_local,Raw FPLS,46,24.351669468876,True,,,,,True,4503599627370496.0,4503599627370496.0,-70.3939904004699,
designated_benchmark,primary_instrument1_full,primary,1,test_split_local,Raw FPLS,47,45.27800256149286,True,,,,,True,4503599627370496.0,4503599627370496.0,-71.99213691908415,
designated_benchmark,primary_instrument1_full,primary,1,test_split_local,Raw FPLS,48,23.97541904169808,True,,,,,True,4503599627370496.0,4503599627370496.0,-73.59028343769839,
designated_benchmark,primary_instrument1_full,primary,1,test_split_local,Raw FPLS,49,23.718351715182,True,,,,,True,4503599627370496.0,4503599627370496.0,-75.18842995631262,
designated_benchmark,primary_instrument1_full,primary,1,test_split_local,Raw FPLS,50,23.64130863950303,True,,,,,True,4503599627370496.0,4503599627370496.0,-76.78657647492686,
designated_benchmark,primary_instrument1_full,primary,1,test_split_local,Raw FPLS,51,24.78305464416166,True,,,,,True,4503599627370496.0,4503599627370496.0,-78.3847229935411,
designated_benchmark,primary_instrument1_full,primary,1,test_split_local,Raw FPLS,52,24.49607699554384,True,,,,,True,4503599627370496.0,4503599627370496.0,-79.98286951215535,
designated_benchmark,primary_instrument1_full,primary,1,test_split_local,Raw FPLS,53,23.693097399269245,True,,,,,True,4503599627370496.0,4503599627370496.0,-81.58101603076959,
designated_benchmark,primary_instrument1_full,primary,1,test_split_local,Raw FPLS,54,23.612511409778588,True,,,,,True,4503599627370496.0,4503599627370496.0,-83.17916254938383,
designated_benchmark,primary_instrument1_full,primary,1,test_split_local,Raw FPLS,55,27.671444002903005,True,,,,,True,4503599627370496.0,4503599627370496.0,-84.77730906799808,
designated_benchmark,primary_instrument1_full,primary,1,test_split_local,Raw FPLS,56,23.663870494637354,True,,,,,True,4503599627370496.0,4503599627370496.0,-86.37545558661232,
designated_benchmark,primary_instrument1_full,primary,1,test_split_local,Raw FPLS,57,23.864797666147247,True,,,,,True,4503599627370496.0,4503599627370496.0,-87.97360210522656,
designated_benchmark,primary_instrument1_full,primary,1,test_split_local,Raw FPLS,58,24.688583343774578,True,,,,,True,4503599627370496.0,4503599627370496.0,-89.5717486238408,
designated_benchmark,primary_instrument1_full,primary,1,test_split_local,Raw FPLS,59,217.97233445860255,True,,,,,True,4503599627370496.0,4503599627370496.0,-91.16989514245505,
designated_benchmark,primary_instrument1_full,primary,1,test_split_local,Raw FPLS,60,154.75266631179656,True,,,,,True,4503599627370496.0,4503599627370496.0,-92.76804166106929,
designated_benchmark,primary_instrument1_full,primary,1,test_split_local,Raw FPLS,61,32.09368496088299,True,,,,,True,4503599627370496.0,4503599627370496.0,-94.36618817968353,
designated_benchmark,primary_instrument1_full,primary,1,test_split_local,Raw FPLS,62,28.14571449930888,True,,,,,True,4503599627370496.0,4503599627370496.0,-95.96433469829776,
designated_benchmark,primary_instrument1_full,primary,1,test_split_local,Raw FPLS,63,47.32132162516668,True,,,,,True,4503599627370496.0,4503599627370496.0,-97.562481216912,
designated_benchmark,primary_instrument1_full,primary,1,test_split_local,Raw FPLS,64,83.56447091525217,True,,,,,True,4503599627370496.0,4503599627370496.0,-99.16062773552625,
designated_benchmark,primary_instrument1_full,primary,1,test_split_local,Raw FPLS,65,24.211497958821685,True,,,,,True,4503599627370496.0,4503599627370496.0,-100.75877425414049,
designated_benchmark,primary_instrument1_full,primary,1,test_split_local,Raw FPLS,66,33.09042662298895,True,,,,,True,4503599627370496.0,4503599627370496.0,-102.35692077275473,
designated_benchmark,primary_instrument1_full,primary,1,test_split_local,Raw FPLS,67,23.99616189016519,True,,,,,True,4503599627370496.0,4503599627370496.0,-103.95506729136898,
designated_benchmark,primary_instrument1_full,primary,1,test_split_local,Raw FPLS,68,29.777153630821786,True,,,,,True,4503599627370496.0,4503599627370496.0,-105.55321380998322,
designated_benchmark,primary_instrument1_full,primary,1,test_split_local,Raw FPLS,69,24.777294466831435,True,,,,,True,4503599627370496.0,4503599627370496.0,-107.15136032859746,
designated_benchmark,primary_instrument1_full,primary,1,test_split_local,Raw FPLS,70,457.01755225895494,True,,,,,True,4503599627370496.0,4503599627370496.0,-108.7495068472117,
designated_benchmark,primary_instrument1_full,primary,1,test_split_local,Arnoldi FPLS,1,287.22052594061284,True,,,,,True,1.0,1.0,,0.0
designated_benchmark,primary_instrument1_full,primary,1,test_split_local,Arnoldi FPLS,2,224.26256239051327,True,,,,,True,1.0000000000000002,2.5525709812532815,,2.229119666630197e-16
designated_benchmark,primary_instrument1_full,primary,1,test_split_local,Arnoldi FPLS,3,32.966060162170535,True,,,,,True,1.0000000000000004,8.103141992398939,,4.083395106592538e-16
designated_benchmark,primary_instrument1_full,primary,1,test_split_local,Arnoldi FPLS,4,24.386288174361876,True,,,,,True,1.0000000000000002,8.580312364033908,,3.9220454778839346e-16
designated_benchmark,primary_instrument1_full,primary,1,test_split_local,Arnoldi FPLS,5,23.668476476589213,True,,,,,True,1.0000000000000004,11.946868717227119,,3.9405840710740274e-16
designated_benchmark,primary_instrument1_full,primary,1,test_split_local,Arnoldi FPLS,6,23.841752941801705,True,,,,,True,1.0000000000000007,21.31787158183861,,3.9406322519823148e-16
designated_benchmark,primary_instrument1_full,primary,1,test_split_local,Arnoldi FPLS,7,26.327173174655893,True,,,,,True,1.0000000000000004,31.05840056189703,,4.0243002385249705e-16
designated_benchmark,primary_instrument1_full,primary,1,test_split_local,Arnoldi FPLS,8,27.559510901447315,True,,,,,True,1.0000000000000004,36.623895015615375,,7.529537866901223e-16
designated_benchmark,primary_instrument1_full,primary,1,test_split_local,Arnoldi FPLS,9,29.58666884132468,True,,,,,True,1.0000000000000004,47.32601791165369,,7.570203893784553e-16
designated_benchmark,primary_instrument1_full,primary,1,test_split_local,Arnoldi FPLS,10,31.552899462415244,True,,,,,True,1.0000000000000004,58.455232541324435,,7.632851001233514e-16
designated_benchmark,primary_instrument1_full,primary,1,test_split_local,Arnoldi FPLS,11,31.685366292431045,True,,,,,True,1.0000000000000004,68.92466155666905,,7.632854674717036e-16
designated_benchmark,primary_instrument1_full,primary,1,test_split_local,Arnoldi FPLS,12,32.18206985734764,True,,,,,True,1.0000000000000007,85.09208313686786,,7.6361321817645435e-16
designated_benchmark,primary_instrument1_full,primary,1,test_split_local,Arnoldi FPLS,13,31.89175697055025,True,,,,,True,1.0000000000000004,103.10790163114213,,7.665845167611837e-16
designated_benchmark,primary_instrument1_full,primary,1,test_split_local,Arnoldi FPLS,14,31.11658463861802,True,,,,,True,1.0000000000000004,121.21409564561823,,7.667400472752453e-16
designated_benchmark,primary_instrument1_full,primary,1,test_split_local,Arnoldi FPLS,15,31.38263058483052,True,,,,,True,1.0000000000000007,134.59613618386393,,7.667915824396812e-16
designated_benchmark,primary_instrument1_full,primary,1,test_split_local,Arnoldi FPLS,16,31.438983663879796,True,,,,,True,1.0000000000000009,148.99789576716844,,7.667917725400089e-16
designated_benchmark,primary_instrument1_full,primary,1,test_split_local,Arnoldi FPLS,17,32.021810430658796,True,,,,,True,1.0000000000000007,163.94019528182332,,7.66877798157919e-16
designated_benchmark,primary_instrument1_full,primary,1,test_split_local,Arnoldi FPLS,18,31.99186165916826,True,,,,,True,1.0000000000000009,180.1555240776414,,7.692257717544763e-16
designated_benchmark,primary_instrument1_full,primary,1,test_split_local,Arnoldi FPLS,19,31.172349311519806,True,,,,,True,1.0000000000000009,203.06919382697203,,7.696847486317681e-16
designated_benchmark,primary_instrument1_full,primary,1,test_split_local,Arnoldi FPLS,20,30.916114610536766,True,,,,,True,1.0000000000000007,225.17462566228136,,7.777582246836479e-16
designated_benchmark,primary_instrument1_full,primary,1,test_split_local,Arnoldi FPLS,21,31.371902723264462,True,,,,,True,1.0000000000000007,247.92535433301472,,7.782389565504071e-16
designated_benchmark,primary_instrument1_full,primary,1,test_split_local,Arnoldi FPLS,22,32.128777819296246,True,,,,,True,1.0000000000000007,281.4364085939968,,7.794191955138587e-16
designated_benchmark,primary_instrument1_full,primary,1,test_split_local,Arnoldi FPLS,23,33.04864847015182,True,,,,,True,1.0000000000000002,317.2760532569082,,7.832445270757967e-16
designated_benchmark,primary_instrument1_full,primary,1,test_split_local,Arnoldi FPLS,24,34.53635681736424,True,,,,,True,1.0000000000000009,344.30915122683865,,7.832482450207947e-16
designated_benchmark,primary_instrument1_full,primary,1,test_split_local,Arnoldi FPLS,25,35.08542265812444,True,,,,,True,1.0000000000000007,390.5638609582089,,7.83411907620466e-16
designated_benchmark,primary_instrument1_full,primary,1,test_split_local,Arnoldi FPLS,26,35.66985374649889,True,,,,,True,1.0000000000000007,428.32096856978706,,7.848406833012095e-16
designated_benchmark,primary_instrument1_full,primary,1,test_split_local,Arnoldi FPLS,27,35.9687456430162,True,,,,,True,1.0000000000000007,451.9579337229608,,7.850515756497754e-16
designated_benchmark,primary_instrument1_full,primary,1,test_split_local,Arnoldi FPLS,28,36.3548322092711,True,,,,,True,1.0000000000000007,467.3467546405816,,7.876921708087718e-16
designated_benchmark,primary_instrument1_full,primary,1,test_split_local,Arnoldi FPLS,29,36.75203170752021,True,,,,,True,1.0000000000000009,488.64879866587324,,7.908244868251882e-16
designated_benchmark,primary_instrument1_full,primary,1,test_split_local,Arnoldi FPLS,30,37.658725453132,True,,,,,True,1.0000000000000007,507.28925685856143,,7.908327800250502e-16
designated_benchmark,primary_instrument1_full,primary,1,test_split_local,Arnoldi FPLS,31,38.68329069122956,True,,,,,True,1.0000000000000007,528.990255310335,,7.915241697675152e-16
designated_benchmark,primary_instrument1_full,primary,1,test_split_local,Arnoldi FPLS,32,37.6402637189356,True,,,,,True,1.0000000000000009,547.2743370205026,,7.921735160237868e-16
designated_benchmark,primary_instrument1_full,primary,1,test_split_local,Arnoldi FPLS,33,37.74202051776551,True,,,,,True,1.0000000000000016,570.038304307976,,7.928250735627716e-16
designated_benchmark,primary_instrument1_full,primary,1,test_split_local,Arnoldi FPLS,34,37.785150252856695,True,,,,,True,1.000000000000001,581.4391951502474,,7.936290971372949e-16
designated_benchmark,primary_instrument1_full,primary,1,test_split_local,Arnoldi FPLS,35,36.651300302026485,True,,,,,True,1.0000000000000004,595.9052978736867,,7.945680608317277e-16
designated_benchmark,primary_instrument1_full,primary,1,test_split_local,Arnoldi FPLS,36,37.12097854518087,True,,,,,True,1.0000000000000009,610.0927651652711,,7.976361069746385e-16
designated_benchmark,primary_instrument1_full,primary,1,test_split_local,Arnoldi FPLS,37,37.912691364548074,True,,,,,True,1.0000000000000009,625.9975567136883,,7.98607813191764e-16
designated_benchmark,primary_instrument1_full,primary,1,test_split_local,Arnoldi FPLS,38,38.244403285288435,True,,,,,True,1.0000000000000009,643.9899094413374,,7.986164074563753e-16
designated_benchmark,primary_instrument1_full,primary,1,test_split_local,Arnoldi FPLS,39,38.10876916089222,True,,,,,True,1.0000000000000007,667.0999244233285,,7.993003491171588e-16
designated_benchmark,primary_instrument1_full,primary,1,test_split_local,Arnoldi FPLS,40,37.796061126290645,True,,,,,True,1.000000000000001,706.237871223269,,7.993454649173751e-16
designated_benchmark,primary_instrument1_full,primary,1,test_split_local,Arnoldi FPLS,41,39.055439620878815,True,,,,,True,1.0000000000000007,727.2113377710805,,7.994888260186263e-16
designated_benchmark,primary_instrument1_full,primary,1,test_split_local,Arnoldi FPLS,42,39.75138525007918,True,,,,,True,1.0000000000000007,743.4256523029354,,8.042748652128406e-16
designated_benchmark,primary_instrument1_full,primary,1,test_split_local,Arnoldi FPLS,43,39.75147679354908,True,,,,,True,1.000000000000001,775.3477520223754,,8.044108955552441e-16
designated_benchmark,primary_instrument1_full,primary,1,test_split_local,Arnoldi FPLS,44,40.572625499154604,True,,,,,True,1.0000000000000009,804.6670110119677,,8.055370450130922e-16
designated_benchmark,primary_instrument1_full,primary,1,test_split_local,Arnoldi FPLS,45,40.85760778856898,True,,,,,True,1.0000000000000007,814.5844183449103,,8.057742591887251e-16
designated_benchmark,primary_instrument1_full,primary,1,test_split_local,Arnoldi FPLS,46,41.17741963036076,True,,,,,True,1.0000000000000009,827.0216642789553,,8.05793866130391e-16
designated_benchmark,primary_instrument1_full,primary,1,test_split_local,Arnoldi FPLS,47,42.22120705766325,True,,,,,True,1.0000000000000007,843.7213081681983,,8.060262547939876e-16
designated_benchmark,primary_instrument1_full,primary,1,test_split_local,Arnoldi FPLS,48,43.47680208513909,True,,,,,True,1.0000000000000009,891.675267361422,,8.060340028449028e-16
designated_benchmark,primary_instrument1_full,primary,1,test_split_local,Arnoldi FPLS,49,42.98175300317775,True,,,,,True,1.0000000000000009,905.2591020381725,,8.076235900187585e-16
designated_benchmark,primary_instrument1_full,primary,1,test_split_local,Arnoldi FPLS,50,43.28638265366733,True,,,,,True,1.0000000000000013,931.812888134247,,8.134913642201272e-16
designated_benchmark,primary_instrument1_full,primary,1,test_split_local,Arnoldi FPLS,51,43.768949843816706,True,,,,,True,1.0000000000000009,952.3268872026026,,8.192279127530377e-16
designated_benchmark,primary_instrument1_full,primary,1,test_split_local,Arnoldi FPLS,52,43.915460036687236,True,,,,,True,1.0000000000000007,966.1688591242402,,8.841995907905281e-16
designated_benchmark,primary_instrument1_full,primary,1,test_split_local,Arnoldi FPLS,53,44.14934924205688,True,,,,,True,1.0000000000000009,987.4791207577615,,8.8500331738550875e-16
designated_benchmark,primary_instrument1_full,primary,1,test_split_local,Arnoldi FPLS,54,45.714370389973034,True,,,,,True,1.0000000000000007,1038.8945147972552,,8.853414980673963e-16
designated_benchmark,primary_instrument1_full,primary,1,test_split_local,Arnoldi FPLS,55,45.56493583890026,True,,,,,True,1.000000000000001,1090.9112492976783,,9.13112417330947e-16
designated_benchmark,primary_instrument1_full,primary,1,test_split_local,Arnoldi FPLS,56,47.45034115617442,True,,,,,True,1.000000000000001,1115.5644819580248,,9.64507446969836e-16
designated_benchmark,primary_instrument1_full,primary,1,test_split_local,Arnoldi FPLS,57,49.50516581924082,True,,,,,True,1.000000000000001,1220.865948687263,,9.645539759589197e-16
designated_benchmark,primary_instrument1_full,primary,1,test_split_local,Arnoldi FPLS,58,50.75946453496673,True,,,,,True,1.0000000000000007,1329.577712854048,,9.648093485689595e-16
designated_benchmark,primary_instrument1_full,primary,1,test_split_local,Arnoldi FPLS,59,53.41584672217319,True,,,,,True,1.0000000000000009,1554.817798328195,,9.890902222857967e-16
designated_benchmark,primary_instrument1_full,primary,1,test_split_local,Arnoldi FPLS,60,55.70648424503285,True,,,,,True,1.000000000000001,1765.634844637396,,9.897781271826336e-16
designated_benchmark,primary_instrument1_full,primary,1,test_split_local,Arnoldi FPLS,61,59.252992968154814,True,,,,,True,1.000000000000001,1887.689662981941,,9.897856139870056e-16
designated_benchmark,primary_instrument1_full,primary,1,test_split_local,Arnoldi FPLS,62,62.65587990021646,True,,,,,True,1.000000000000001,2025.3042368813744,,9.99347469745579e-16
designated_benchmark,primary_instrument1_full,primary,1,test_split_local,Arnoldi FPLS,63,64.42493131943,True,,,,,True,1.000000000000001,2207.08992829586,,9.995137723480838e-16
designated_benchmark,primary_instrument1_full,primary,1,test_split_local,Arnoldi FPLS,64,66.56324215194965,True,,,,,True,1.000000000000001,2401.3323862156726,,1.0017130911098219e-15
designated_benchmark,primary_instrument1_full,primary,1,test_split_local,Arnoldi FPLS,65,68.34642911358684,True,,,,,True,1.0000000000000009,2573.5941496102587,,1.0039299193204124e-15
designated_benchmark,primary_instrument1_full,primary,1,test_split_local,Arnoldi FPLS,66,70.69044998388516,True,,,,,True,1.000000000000001,2744.851856138352,,1.0039330600164615e-15
designated_benchmark,primary_instrument1_full,primary,1,test_split_local,Arnoldi FPLS,67,72.52615931570843,True,,,,,True,1.0000000000000013,2844.2980916530732,,1.0042662574584031e-15
designated_benchmark,primary_instrument1_full,primary,1,test_split_local,Arnoldi FPLS,68,73.45342010904112,True,,,,,True,1.0000000000000013,2998.1552454101666,,1.0050370507060244e-15
designated_benchmark,primary_instrument1_full,primary,1,test_split_local,Arnoldi FPLS,69,74.85503124538417,True,,,,,True,1.0000000000000009,3137.944961942976,,1.0119854793324084e-15
designated_benchmark,primary_instrument1_full,primary,1,test_split_local,Arnoldi FPLS,70,76.0580389742793,True,,,,,True,1.000000000000001,3256.9604837759334,,1.0179439872307119e-15
designated_benchmark,primary_instrument1_full,primary,1,test_split_local,FPCR,1,318.87853543055417,True,0.025226295653874485,,,,,,,,
designated_benchmark,primary_instrument1_full,primary,1,test_split_local,FPCR,2,267.07995177282464,True,0.005514723603712325,,,,,,,,
designated_benchmark,primary_instrument1_full,primary,1,test_split_local,FPCR,3,258.62023710061294,True,0.0006779868683390524,,,,,,,,
designated_benchmark,primary_instrument1_full,primary,1,test_split_local,FPCR,4,90.82387940251351,True,0.00038472621783100253,,,,,,,,
designated_benchmark,primary_instrument1_full,primary,1,test_split_local,FPCR,5,27.494106792647337,True,0.0002943123676804494,,,,,,,,
designated_benchmark,primary_instrument1_full,primary,1,test_split_local,FPCR,6,26.485836872243702,True,0.0001731448072908181,,,,,,,,
designated_benchmark,primary_instrument1_full,primary,1,test_split_local,FPCR,7,23.685313237112663,True,0.00011622761989737629,,,,,,,,
designated_benchmark,primary_instrument1_full,primary,1,test_split_local,FPCR,8,23.87248026353797,True,9.298193551795524e-05,,,,,,,,
designated_benchmark,primary_instrument1_full,primary,1,test_split_local,FPCR,9,24.027227616646805,True,7.780504196486118e-05,,,,,,,,
designated_benchmark,primary_instrument1_full,primary,1,test_split_local,FPCR,10,24.210498893950536,True,6.263058134732338e-05,,,,,,,,
designated_benchmark,primary_instrument1_full,primary,1,test_split_local,FPCR,11,24.474339578248067,True,5.829732392895878e-05,,,,,,,,
designated_benchmark,primary_instrument1_full,primary,1,test_split_local,FPCR,12,23.770795499774135,True,5.5366076926148704e-05,,,,,,,,
designated_benchmark,primary_instrument1_full,primary,1,test_split_local,FPCR,13,23.833476982533476,True,4.925393142814399e-05,,,,,,,,
designated_benchmark,primary_instrument1_full,primary,1,test_split_local,FPCR,14,23.70008336953029,True,4.4019036166926184e-05,,,,,,,,
designated_benchmark,primary_instrument1_full,primary,1,test_split_local,FPCR,15,23.957562045940776,True,4.313199070258695e-05,,,,,,,,
designated_benchmark,primary_instrument1_full,primary,1,test_split_local,FPCR,16,23.365660337471585,True,3.8192041784328604e-05,,,,,,,,
designated_benchmark,primary_instrument1_full,primary,1,test_split_local,FPCR,17,23.606188526058226,True,3.45254483951118e-05,,,,,,,,
designated_benchmark,primary_instrument1_full,primary,1,test_split_local,FPCR,18,23.71031848968844,True,3.350546844493221e-05,,,,,,,,
designated_benchmark,primary_instrument1_full,primary,1,test_split_local,FPCR,19,23.980345175375273,True,3.164619927053644e-05,,,,,,,,
designated_benchmark,primary_instrument1_full,primary,1,test_split_local,FPCR,20,24.12389364243305,True,2.9635203130721194e-05,,,,,,,,
designated_benchmark,primary_instrument1_full,primary,1,test_split_local,FPCR,21,24.147786285716787,True,2.87523156021705e-05,,,,,,,,
designated_benchmark,primary_instrument1_full,primary,1,test_split_local,FPCR,22,24.34854421905808,True,2.7896565579717705e-05,,,,,,,,
designated_benchmark,primary_instrument1_full,primary,1,test_split_local,FPCR,23,24.193589429705487,True,2.5589429106555503e-05,,,,,,,,
designated_benchmark,primary_instrument1_full,primary,1,test_split_local,FPCR,24,24.180358775710317,True,2.534614600419946e-05,,,,,,,,
designated_benchmark,primary_instrument1_full,primary,1,test_split_local,FPCR,25,24.348351839425543,True,2.442333907922192e-05,,,,,,,,
designated_benchmark,primary_instrument1_full,primary,1,test_split_local,FPCR,26,24.093053682088662,True,2.2464458240315095e-05,,,,,,,,
designated_benchmark,primary_instrument1_full,primary,1,test_split_local,FPCR,27,23.9471008013678,True,2.1643956673453238e-05,,,,,,,,
designated_benchmark,primary_instrument1_full,primary,1,test_split_local,FPCR,28,24.151059753224704,True,2.0937221351241637e-05,,,,,,,,
designated_benchmark,primary_instrument1_full,primary,1,test_split_local,FPCR,29,23.888550739007563,True,1.804689770156796e-05,,,,,,,,
designated_benchmark,primary_instrument1_full,primary,1,test_split_local,FPCR,30,24.167620057115375,True,1.7388939208630414e-05,,,,,,,,
designated_benchmark,primary_instrument1_full,primary,1,test_split_local,FPCR,31,24.439677055318313,True,1.5734792835603154e-05,,,,,,,,
designated_benchmark,primary_instrument1_full,primary,1,test_split_local,FPCR,32,24.73826412939352,True,1.4876492496347645e-05,,,,,,,,
designated_benchmark,primary_instrument1_full,primary,1,test_split_local,FPCR,33,24.911038272255357,True,1.424056774402266e-05,,,,,,,,
designated_benchmark,primary_instrument1_full,primary,1,test_split_local,FPCR,34,25.218304674309096,True,1.345026092741559e-05,,,,,,,,
designated_benchmark,primary_instrument1_full,primary,1,test_split_local,FPCR,35,23.812899073330776,True,1.2022761123791335e-05,,,,,,,,
designated_benchmark,primary_instrument1_full,primary,1,test_split_local,FPCR,36,24.022217281445574,True,1.141419566939053e-05,,,,,,,,
designated_benchmark,primary_instrument1_full,primary,1,test_split_local,FPCR,37,24.325477411029915,True,1.0371866159123706e-05,,,,,,,,
designated_benchmark,primary_instrument1_full,primary,1,test_split_local,FPCR,38,23.74852389256096,True,9.990589442437764e-06,,,,,,,,
designated_benchmark,primary_instrument1_full,primary,1,test_split_local,FPCR,39,23.742504574844514,True,8.506269300344716e-06,,,,,,,,
designated_benchmark,primary_instrument1_full,primary,1,test_split_local,FPCR,40,23.57784804446818,True,8.355171679113019e-06,,,,,,,,
designated_benchmark,primary_instrument1_full,primary,1,test_split_local,FPCR,41,23.481648327556336,True,7.556434058312355e-06,,,,,,,,
designated_benchmark,primary_instrument1_full,primary,1,test_split_local,FPCR,42,23.737600807552163,True,6.233751590015308e-06,,,,,,,,
designated_benchmark,primary_instrument1_full,primary,1,test_split_local,FPCR,43,23.444760303783298,True,5.82074158096546e-06,,,,,,,,
designated_benchmark,primary_instrument1_full,primary,1,test_split_local,FPCR,44,23.746105448514623,True,5.619186161128619e-06,,,,,,,,
designated_benchmark,primary_instrument1_full,primary,1,test_split_local,FPCR,45,23.784128401603542,True,4.2341539175520695e-06,,,,,,,,
designated_benchmark,primary_instrument1_full,primary,1,test_split_local,FPCR,46,24.101788594353206,True,3.5769476402222195e-06,,,,,,,,
designated_benchmark,primary_instrument1_full,primary,1,test_split_local,FPCR,47,23.768555194907865,True,2.9665788789615784e-06,,,,,,,,
designated_benchmark,primary_instrument1_full,primary,1,test_split_local,FPCR,48,23.35766620343248,True,2.430481076306353e-06,,,,,,,,
designated_benchmark,primary_instrument1_full,primary,1,test_split_local,FPCR,49,23.614761718623406,True,1.6954359653956699e-06,,,,,,,,
designated_benchmark,primary_instrument1_full,primary,1,test_split_local,FPCR,50,23.832189259258442,True,1.4386137632612833e-06,,,,,,,,
designated_benchmark,primary_instrument1_full,primary,1,test_split_local,FPCR,51,23.07597389434952,True,1.302854628050994e-06,,,,,,,,
designated_benchmark,primary_instrument1_full,primary,1,test_split_local,FPCR,52,22.21006833070269,True,1.0891081261107467e-06,,,,,,,,
designated_benchmark,primary_instrument1_full,primary,1,test_split_local,FPCR,53,21.80496723919731,True,7.023179288354859e-07,,,,,,,,
designated_benchmark,primary_instrument1_full,primary,1,test_split_local,FPCR,54,22.114503347413976,True,6.955423522779461e-07,,,,,,,,
designated_benchmark,primary_instrument1_full,primary,1,test_split_local,FPCR,55,22.200614363389615,True,6.25686545527111e-07,,,,,,,,
designated_benchmark,primary_instrument1_full,primary,1,test_split_local,FPCR,56,22.38418876010571,True,5.85604422407534e-07,,,,,,,,
designated_benchmark,primary_instrument1_full,primary,1,test_split_local,FPCR,57,22.703645845214904,True,5.028994206053117e-07,,,,,,,,
designated_benchmark,primary_instrument1_full,primary,1,test_split_local,FPCR,58,22.99416688711243,True,4.567886127706801e-07,,,,,,,,
designated_benchmark,primary_instrument1_full,primary,1,test_split_local,FPCR,59,23.12107859358774,True,3.8288235208766686e-07,,,,,,,,
designated_benchmark,primary_instrument1_full,primary,1,test_split_local,FPCR,60,23.46296111680197,True,3.2002151961571675e-07,,,,,,,,
designated_benchmark,primary_instrument1_full,primary,1,test_split_local,FPCR,61,23.78321146921558,True,2.926287015456203e-07,,,,,,,,
designated_benchmark,primary_instrument1_full,primary,1,test_split_local,FPCR,62,24.054831101159,True,2.697369454249899e-07,,,,,,,,
designated_benchmark,primary_instrument1_full,primary,1,test_split_local,FPCR,63,24.277917197862596,True,2.469735165726504e-07,,,,,,,,
designated_benchmark,primary_instrument1_full,primary,1,test_split_local,FPCR,64,24.58488183296453,True,2.2378497557450862e-07,,,,,,,,
designated_benchmark,primary_instrument1_full,primary,1,test_split_local,FPCR,65,24.92158839958908,True,2.0481412621716101e-07,,,,,,,,
designated_benchmark,primary_instrument1_full,primary,1,test_split_local,FPCR,66,25.242980996487802,True,1.9539325544533361e-07,,,,,,,,
designated_benchmark,primary_instrument1_full,primary,1,test_split_local,FPCR,67,25.02832204132769,True,1.6729972653903912e-07,,,,,,,,
designated_benchmark,primary_instrument1_full,primary,1,test_split_local,FPCR,68,24.801587031668507,True,1.63206362417993e-07,,,,,,,,
designated_benchmark,primary_instrument1_full,primary,1,test_split_local,FPCR,69,25.101112423171383,True,1.568151002416359e-07,,,,,,,,
designated_benchmark,primary_instrument1_full,primary,1,test_split_local,FPCR,70,25.47143328861698,True,1.4656647490495781e-07,,,,,,,,
designated_benchmark,sensitivity_instrument1_trim1798,sensitivity,1,test_split_local,CG-FPLS-code,1,0.5333123089833204,True,0.026821252361416525,0.41751369562564267,0.5333123089833204,1405.7333596503292,,,,,
designated_benchmark,sensitivity_instrument1_trim1798,sensitivity,1,test_split_local,CG-FPLS-code,2,0.27855307363142423,True,0.0059110338115865866,0.09209884114862622,0.27855307363142423,2259.3870108160077,,,,,
designated_benchmark,sensitivity_instrument1_trim1798,sensitivity,1,test_split_local,CG-FPLS-code,3,0.01390611474502022,True,0.0003856165790459201,0.0024414014216323594,0.01390611474502022,17749.21532947424,,,,,
designated_benchmark,sensitivity_instrument1_trim1798,sensitivity,1,test_split_local,CG-FPLS-code,4,0.0093727928035449,True,0.0003152671255370442,0.00018118066107048755,0.0093727928035449,1338.7059777806146,,,,,
designated_benchmark,sensitivity_instrument1_trim1798,sensitivity,1,test_split_local,CG-FPLS-code,5,0.005039488414584707,True,6.745584598718906e-05,4.00107881675055e-05,0.005039488414584707,3518.0733561131874,,,,,
designated_benchmark,sensitivity_instrument1_trim1798,sensitivity,1,test_split_local,CG-FPLS-code,6,0.0024693732201282914,True,2.144053524017463e-05,3.4616176534574016e-05,0.0024693732201282914,10541.82668282085,,,,,
designated_benchmark,sensitivity_instrument1_trim1798,sensitivity,1,test_split_local,CG-FPLS-code,7,0.002453307524254962,True,9.973401910773655e-06,7.646773637413562e-06,0.002453307524254962,139.823834538594,,,,,
designated_benchmark,sensitivity_instrument1_trim1798,sensitivity,1,test_split_local,CG-FPLS-code,8,0.0018133304760966692,True,7.966559136895632e-06,7.44333289642529e-06,0.0018133304760966692,4905.294590438894,,,,,
designated_benchmark,sensitivity_instrument1_trim1798,sensitivity,1,test_split_local,CG-FPLS-code,9,0.0010661232015220711,True,4.934175424924143e-06,5.797588778419481e-06,0.0010661232015220711,17516.855153518944,,,,,
designated_benchmark,sensitivity_instrument1_trim1798,sensitivity,1,test_split_local,CG-FPLS-code,10,0.001041309550394055,True,2.2236807429063395e-06,3.441514745944898e-06,0.001041309550394055,428.4028020421989,,,,,
designated_benchmark,sensitivity_instrument1_trim1798,sensitivity,1,test_split_local,CG-FPLS-code,11,0.0007769809125527694,True,1.8834957994744754e-06,3.152295320744786e-06,0.0007769809125527694,10173.272672137504,,,,,
designated_benchmark,sensitivity_instrument1_trim1798,sensitivity,1,test_split_local,CG-FPLS-code,12,0.0007053780931907228,True,1.63226956265512e-06,1.3948783093750793e-06,0.0007053780931907228,8068.517686646051,,,,,
designated_benchmark,sensitivity_instrument1_trim1798,sensitivity,1,test_split_local,CG-FPLS-code,13,0.0007049547180884626,True,9.000836159412485e-07,8.405670044112957e-07,0.0007049547180884626,45.9794481986813,,,,,
designated_benchmark,sensitivity_instrument1_trim1798,sensitivity,1,test_split_local,CG-FPLS-code,14,0.0005933351008253834,True,7.796927639605576e-07,6.855363858991113e-07,0.0005933351008253834,18201.82525411858,,,,,
designated_benchmark,sensitivity_instrument1_trim1798,sensitivity,1,test_split_local,CG-FPLS-code,15,0.0005868780304953452,True,6.114348423937111e-07,6.627525041100685e-07,0.0005868780304953452,2147.787143986353,,,,,
designated_benchmark,sensitivity_instrument1_trim1798,sensitivity,1,test_split_local,CG-FPLS-code,16,0.0005042030243810685,True,5.072936170496391e-07,6.248470722981358e-07,0.0005042030243810685,25887.565981032865,,,,,
designated_benchmark,sensitivity_instrument1_trim1798,sensitivity,1,test_split_local,CG-FPLS-code,17,0.0004888444327959069,True,4.782391123212198e-07,6.242338709565773e-07,0.0004888444327959069,4379.059054048663,,,,,
designated_benchmark,sensitivity_instrument1_trim1798,sensitivity,1,test_split_local,CG-FPLS-code,18,0.00048805337253144353,True,3.5831087861489737e-07,6.23816556247444e-07,0.00048805337253144353,295.46188116781707,,,,,
designated_benchmark,sensitivity_instrument1_trim1798,sensitivity,1,test_split_local,CG-FPLS-code,19,0.00048633340588845987,True,3.328202116311808e-07,6.119487495923151e-07,0.00048633340588845987,774.2239223101349,,,,,
designated_benchmark,sensitivity_instrument1_trim1798,sensitivity,1,test_split_local,CG-FPLS-code,20,0.00033578808392101446,True,2.5350832867691704e-07,5.998997994449027e-07,0.00033578808392101446,57207.37969782349,,,,,
designated_benchmark,sensitivity_instrument1_trim1798,sensitivity,1,test_split_local,CG-FPLS-code,21,0.00029895013757131727,True,2.435233883205542e-07,5.575631753898579e-07,0.00029895013757131727,20000.88629755951,,,,,
designated_benchmark,sensitivity_instrument1_trim1798,sensitivity,1,test_split_local,CG-FPLS-code,22,0.00029476507620740427,True,2.3763650844643948e-07,5.241988519947873e-07,0.00029476507620740427,3047.9891396101493,,,,,
designated_benchmark,sensitivity_instrument1_trim1798,sensitivity,1,test_split_local,CG-FPLS-code,23,0.0002942792161360278,True,2.1899126845721089e-07,5.111651958489655e-07,0.0002942792161360278,363.41116622928365,,,,,
designated_benchmark,sensitivity_instrument1_trim1798,sensitivity,1,test_split_local,CG-FPLS-code,24,0.0002546004294032467,True,2.0122549920957717e-07,5.061685216687297e-07,0.0002546004294032467,27748.388626587486,,,,,
designated_benchmark,sensitivity_instrument1_trim1798,sensitivity,1,test_split_local,CG-FPLS-code,25,0.0002498013394942862,True,1.938766807203074e-07,4.993710542555133e-07,0.0002498013394942862,3084.3685538111636,,,,,
designated_benchmark,sensitivity_instrument1_trim1798,sensitivity,1,test_split_local,CG-FPLS-code,26,0.00019756800708305803,True,1.8053641170857607e-07,4.865999413602817e-07,0.00019756800708305803,47626.89468869628,,,,,
designated_benchmark,sensitivity_instrument1_trim1798,sensitivity,1,test_split_local,CG-FPLS-code,27,0.0001972244598658877,True,1.802184090223457e-07,4.633945346328728e-07,0.0001972244598658877,415.2423216663256,,,,,
designated_benchmark,sensitivity_instrument1_trim1798,sensitivity,1,test_split_local,CG-FPLS-code,28,0.00016860365531757202,True,1.6856935110750662e-07,4.6407983266458156e-07,0.00016860365531757202,32997.45083591434,,,,,
designated_benchmark,sensitivity_instrument1_trim1798,sensitivity,1,test_split_local,CG-FPLS-code,29,0.00016857879530348484,True,1.6293154503009795e-07,4.459523761124485e-07,0.00016857879530348484,26.537671673526,,,,,
designated_benchmark,sensitivity_instrument1_trim1798,sensitivity,1,test_split_local,CG-FPLS-code,30,0.00016849363061792642,True,1.5220917882165e-07,3.6059671257285047e-07,0.00016849363061792642,111.99008981172388,,,,,
designated_benchmark,sensitivity_instrument1_trim1798,sensitivity,1,test_split_local,CG-FPLS-code,31,0.00016839459956790955,True,1.438475562055719e-07,3.472697468999375e-07,0.00016839459956790955,157.21266605605987,,,,,
designated_benchmark,sensitivity_instrument1_trim1798,sensitivity,1,test_split_local,CG-FPLS-code,32,0.0001674193254212147,True,1.4147238589826823e-07,3.477021880154753e-07,0.0001674193254212147,1550.2751074350974,,,,,
designated_benchmark,sensitivity_instrument1_trim1798,sensitivity,1,test_split_local,CG-FPLS-code,33,0.00014313427629358458,True,1.3530308030509749e-07,3.390997285608483e-07,0.00014313427629358458,40860.780452681094,,,,,
designated_benchmark,sensitivity_instrument1_trim1798,sensitivity,1,test_split_local,CG-FPLS-code,34,0.00014312649240384994,True,1.3111777842622268e-07,3.059791767015439e-07,0.00014312649240384994,20.573154065829122,,,,,
designated_benchmark,sensitivity_instrument1_trim1798,sensitivity,1,test_split_local,CG-FPLS-code,35,0.00013118495587013948,True,1.2626676079532008e-07,2.8929034050706074e-07,0.00013118495587013948,30426.37305391825,,,,,
designated_benchmark,sensitivity_instrument1_trim1798,sensitivity,1,test_split_local,CG-FPLS-code,36,0.00012205604369291051,True,1.2526000937620026e-07,2.8830849668906704e-07,0.00012205604369291051,33310.1646727914,,,,,
designated_benchmark,sensitivity_instrument1_trim1798,sensitivity,1,test_split_local,CG-FPLS-code,37,0.00012202526712474341,True,1.1625549336143655e-07,2.890779208615457e-07,0.00012202526712474341,108.84401131447196,,,,,
designated_benchmark,sensitivity_instrument1_trim1798,sensitivity,1,test_split_local,CG-FPLS-code,38,0.00011676463420790486,True,1.1194796704821628e-07,2.882643714275744e-07,0.00011676463420790486,18481.61558092339,,,,,
designated_benchmark,sensitivity_instrument1_trim1798,sensitivity,1,test_split_local,CG-FPLS-code,39,0.00011673928255891008,True,1.09053120415491e-07,2.8867929334051883e-07,0.00011673928255891008,87.4280742260606,,,,,
designated_benchmark,sensitivity_instrument1_trim1798,sensitivity,1,test_split_local,CG-FPLS-code,40,0.0001162994550173687,True,1.0542995070834308e-07,2.867498124910296e-07,0.0001162994550173687,1516.00172954163,,,,,
designated_benchmark,sensitivity_instrument1_trim1798,sensitivity,1,test_split_local,CG-FPLS-code,41,0.00011591834335168859,True,1.02149690380223e-07,2.877424373532925e-07,0.00011591834335168859,1343.3322435114728,,,,,
designated_benchmark,sensitivity_instrument1_trim1798,sensitivity,1,test_split_local,CG-FPLS-code,42,0.00011560424600367475,True,9.823560145010356e-08,2.830229338151101e-07,0.00011560424600367475,1458.3179473712305,,,,,
designated_benchmark,sensitivity_instrument1_trim1798,sensitivity,1,test_split_local,CG-FPLS-code,43,0.00010241379111910693,True,9.762624872000125e-08,2.799867392862159e-07,0.00010241379111910693,58010.1957409132,,,,,
designated_benchmark,sensitivity_instrument1_trim1798,sensitivity,1,test_split_local,CG-FPLS-code,44,0.00010240666567950723,True,9.577550129463762e-08,2.785914186991469e-07,0.00010240666567950723,30.82773978010776,,,,,
designated_benchmark,sensitivity_instrument1_trim1798,sensitivity,1,test_split_local,CG-FPLS-code,45,0.00010127887274714228,True,9.404266410323082e-08,2.6847856914966816e-07,0.00010127887274714228,4865.289754317435,,,,,
designated_benchmark,sensitivity_instrument1_trim1798,sensitivity,1,test_split_local,CG-FPLS-code,46,0.00010088664470033719,True,9.339587751475403e-08,2.69401772082538e-07,0.00010088664470033719,1679.9043102971702,,,,,
designated_benchmark,sensitivity_instrument1_trim1798,sensitivity,1,test_split_local,CG-FPLS-code,47,8.982372307127844e-05,True,8.472777834801921e-08,2.442657682059471e-07,8.982372307127844e-05,64722.787376086686,,,,,
designated_benchmark,sensitivity_instrument1_trim1798,sensitivity,1,test_split_local,CG-FPLS-code,48,8.298292992107471e-05,True,7.892625723552905e-08,2.4097153848662513e-07,8.298292992107471e-05,45365.93841978283,,,,,
designated_benchmark,sensitivity_instrument1_trim1798,sensitivity,1,test_split_local,CG-FPLS-code,49,8.266692339055751e-05,True,7.448756426888115e-08,2.2766959300717903e-07,8.266692339055751e-05,2008.9268625037141,,,,,
designated_benchmark,sensitivity_instrument1_trim1798,sensitivity,1,test_split_local,CG-FPLS-code,50,8.265207347543088e-05,True,7.443174309391235e-08,2.165486400869305e-07,8.265207347543088e-05,104.52737331530932,,,,,
designated_benchmark,sensitivity_instrument1_trim1798,sensitivity,1,test_split_local,CG-FPLS-code,51,8.263942036456588e-05,True,7.004260014301518e-08,2.1690185032250965e-07,8.263942036456588e-05,95.52331956149588,,,,,
designated_benchmark,sensitivity_instrument1_trim1798,sensitivity,1,test_split_local,CG-FPLS-code,52,8.17418910835108e-05,True,6.855571670571505e-08,2.1545268132359742e-07,8.17418910835108e-05,6760.98040327622,,,,,
designated_benchmark,sensitivity_instrument1_trim1798,sensitivity,1,test_split_local,CG-FPLS-code,53,8.102255660595964e-05,True,6.744393644663506e-08,1.925602122206273e-07,8.102255660595964e-05,5706.336440854365,,,,,
designated_benchmark,sensitivity_instrument1_trim1798,sensitivity,1,test_split_local,CG-FPLS-code,54,8.081347108524887e-05,True,6.545348104186349e-08,1.9238989475917388e-07,8.081347108524887e-05,1654.7575769877947,,,,,
designated_benchmark,sensitivity_instrument1_trim1798,sensitivity,1,test_split_local,CG-FPLS-code,55,8.067412623956777e-05,True,6.125766322201058e-08,1.9309523572332583e-07,8.067412623956777e-05,1100.5453996639399,,,,,
designated_benchmark,sensitivity_instrument1_trim1798,sensitivity,1,test_split_local,CG-FPLS-code,56,7.273757628438834e-05,True,5.948805540516829e-08,1.815980717383775e-07,7.273757628438834e-05,60255.37318171672,,,,,
designated_benchmark,sensitivity_instrument1_trim1798,sensitivity,1,test_split_local,CG-FPLS-code,57,7.25376845737017e-05,True,5.932845314408505e-08,1.8182002676313988e-07,7.25376845737017e-05,1459.8680654535801,,,,,
designated_benchmark,sensitivity_instrument1_trim1798,sensitivity,1,test_split_local,CG-FPLS-code,58,7.253689157045048e-05,True,5.8449492560379456e-08,1.6029993225719064e-07,7.253689157045048e-05,6.950466604629425,,,,,
designated_benchmark,sensitivity_instrument1_trim1798,sensitivity,1,test_split_local,CG-FPLS-code,59,6.630670463049201e-05,True,5.565699262275247e-08,1.1725871672643341e-07,6.630670463049201e-05,54761.84491278149,,,,,
designated_benchmark,sensitivity_instrument1_trim1798,sensitivity,1,test_split_local,CG-FPLS-code,60,6.607650699215161e-05,True,5.366150316214858e-08,1.1392317630312964e-07,6.607650699215161e-05,1929.2842241190906,,,,,
designated_benchmark,sensitivity_instrument1_trim1798,sensitivity,1,test_split_local,CG-FPLS-code,61,5.938204955294963e-05,True,5.267530125419678e-08,1.1399087220260919e-07,5.938204955294963e-05,64642.0549342483,,,,,
designated_benchmark,sensitivity_instrument1_trim1798,sensitivity,1,test_split_local,CG-FPLS-code,62,5.935592241094484e-05,True,5.0021910431789055e-08,1.1120653592823502e-07,5.935592241094484e-05,274.728060951985,,,,,
designated_benchmark,sensitivity_instrument1_trim1798,sensitivity,1,test_split_local,CG-FPLS-code,63,5.8586027025453345e-05,True,4.684980566954252e-08,1.0338514297027432e-07,5.8586027025453345e-05,8145.890266562053,,,,,
designated_benchmark,sensitivity_instrument1_trim1798,sensitivity,1,test_split_local,CG-FPLS-code,64,5.858516508600075e-05,True,4.616683919579454e-08,1.0355225697153877e-07,5.858516508600075e-05,9.35157699604119,,,,,
designated_benchmark,sensitivity_instrument1_trim1798,sensitivity,1,test_split_local,CG-FPLS-code,65,5.8584844224882174e-05,True,4.5134993972252304e-08,9.981586785861616e-08,5.8584844224882174e-05,3.606690615180621,,,,,
designated_benchmark,sensitivity_instrument1_trim1798,sensitivity,1,test_split_local,CG-FPLS-code,66,5.8403732426076816e-05,True,4.394518007574436e-08,9.365678948807503e-08,5.8403732426076816e-05,2078.1991527560226,,,,,
designated_benchmark,sensitivity_instrument1_trim1798,sensitivity,1,test_split_local,CG-FPLS-code,67,5.805929602423001e-05,True,4.2862420358770306e-08,9.20365854524255e-08,5.805929602423001e-05,3946.1116183713534,,,,,
designated_benchmark,sensitivity_instrument1_trim1798,sensitivity,1,test_split_local,CG-FPLS-code,68,5.371131920957562e-05,True,4.210175182800061e-08,8.71797370949535e-08,5.371131920957562e-05,49292.98635058918,,,,,
designated_benchmark,sensitivity_instrument1_trim1798,sensitivity,1,test_split_local,CG-FPLS-code,69,5.080411217105369e-05,True,3.993458699716514e-08,8.553133922478531e-08,5.080411217105369e-05,41226.64906342383,,,,,
designated_benchmark,sensitivity_instrument1_trim1798,sensitivity,1,test_split_local,CG-FPLS-code,70,5.079094243253047e-05,True,3.732161704010344e-08,7.983651804996162e-08,5.079094243253047e-05,181.59088737681878,,,,,
designated_benchmark,sensitivity_instrument1_trim1798,sensitivity,1,test_split_local,Raw FPLS,1,286.82737584096094,True,,,,,True,1.0,1.0,1.563028784032195,
designated_benchmark,sensitivity_instrument1_trim1798,sensitivity,1,test_split_local,Raw FPLS,2,224.29729985794714,True,,,,,True,5.412850409939006,12.913259052261163,-0.05150264024465784,
designated_benchmark,sensitivity_instrument1_trim1798,sensitivity,1,test_split_local,Raw FPLS,3,22.904197568666028,True,,,,,True,69.36123224256131,510.25206979976724,-1.6248156176327866,
designated_benchmark,sensitivity_instrument1_trim1798,sensitivity,1,test_split_local,Raw FPLS,4,22.014864053779878,True,,,,,True,97101.54747863305,1364801.136272399,-3.1964238734505828,
designated_benchmark,sensitivity_instrument1_trim1798,sensitivity,1,test_split_local,Raw FPLS,5,21.89586365981579,True,,,,,True,23039813.181196157,379141629.06272686,-4.767949062443883,
designated_benchmark,sensitivity_instrument1_trim1798,sensitivity,1,test_split_local,Raw FPLS,6,21.851995795962377,True,,,,,True,14193827434.666286,644465591564.1544,-6.339470216005579,
designated_benchmark,sensitivity_instrument1_trim1798,sensitivity,1,test_split_local,Raw FPLS,7,26.95729582514698,True,,,,,True,65397449907472.125,2398958787050488.0,-7.910991173563956,
designated_benchmark,sensitivity_instrument1_trim1798,sensitivity,1,test_split_local,Raw FPLS,8,21.736344502986856,True,,,,,True,4503599627370496.0,3824453803445099.0,-9.482512121602433,
designated_benchmark,sensitivity_instrument1_trim1798,sensitivity,1,test_split_local,Raw FPLS,9,21.769385775207382,True,,,,,True,4503599627370496.0,4369226849952978.0,-11.054033069178526,
designated_benchmark,sensitivity_instrument1_trim1798,sensitivity,1,test_split_local,Raw FPLS,10,21.621379600228064,True,,,,,True,4503599627370496.0,4503599627370496.0,-12.625554016732163,
designated_benchmark,sensitivity_instrument1_trim1798,sensitivity,1,test_split_local,Raw FPLS,11,21.96326964980117,True,,,,,True,4503599627370496.0,4503599627370496.0,-14.197074964284708,
designated_benchmark,sensitivity_instrument1_trim1798,sensitivity,1,test_split_local,Raw FPLS,12,22.060073190531018,True,,,,,True,4503599627370496.0,4503599627370496.0,-15.7685959118372,
designated_benchmark,sensitivity_instrument1_trim1798,sensitivity,1,test_split_local,Raw FPLS,13,22.12921968013802,True,,,,,True,4503599627370496.0,4503599627370496.0,-17.34011685938969,
designated_benchmark,sensitivity_instrument1_trim1798,sensitivity,1,test_split_local,Raw FPLS,14,22.708139263432948,True,,,,,True,4503599627370496.0,4503599627370496.0,-18.911637806942178,
designated_benchmark,sensitivity_instrument1_trim1798,sensitivity,1,test_split_local,Raw FPLS,15,21.981080081588754,True,,,,,True,4503599627370496.0,4503599627370496.0,-20.483158754494667,
designated_benchmark,sensitivity_instrument1_trim1798,sensitivity,1,test_split_local,Raw FPLS,16,22.255499162631423,True,,,,,True,4503599627370496.0,4503599627370496.0,-22.05467970204716,
designated_benchmark,sensitivity_instrument1_trim1798,sensitivity,1,test_split_local,Raw FPLS,17,22.8841981596589,True,,,,,True,4503599627370496.0,4503599627370496.0,-23.62620064959965,
designated_benchmark,sensitivity_instrument1_trim1798,sensitivity,1,test_split_local,Raw FPLS,18,21.84731268104615,True,,,,,True,4503599627370496.0,4503599627370496.0,-25.19772159715214,
designated_benchmark,sensitivity_instrument1_trim1798,sensitivity,1,test_split_local,Raw FPLS,19,22.766982618918814,True,,,,,True,4503599627370496.0,4503599627370496.0,-26.76924254470463,
designated_benchmark,sensitivity_instrument1_trim1798,sensitivity,1,test_split_local,Raw FPLS,20,22.074081906284558,True,,,,,True,4503599627370496.0,4503599627370496.0,-28.340763492257118,
designated_benchmark,sensitivity_instrument1_trim1798,sensitivity,1,test_split_local,Raw FPLS,21,22.972031484822363,True,,,,,True,4503599627370496.0,4503599627370496.0,-29.912284439809607,
designated_benchmark,sensitivity_instrument1_trim1798,sensitivity,1,test_split_local,Raw FPLS,22,23.003738269867995,True,,,,,True,4503599627370496.0,4503599627370496.0,-31.483805387362096,
designated_benchmark,sensitivity_instrument1_trim1798,sensitivity,1,test_split_local,Raw FPLS,23,24.736440856576518,True,,,,,True,4503599627370496.0,4503599627370496.0,-33.05532633491458,
designated_benchmark,sensitivity_instrument1_trim1798,sensitivity,1,test_split_local,Raw FPLS,24,22.402956089622187,True,,,,,True,4503599627370496.0,4503599627370496.0,-34.626847282467075,
designated_benchmark,sensitivity_instrument1_trim1798,sensitivity,1,test_split_local,Raw FPLS,25,22.52316628068935,True,,,,,True,4503599627370496.0,4503599627370496.0,-36.19836823001957,
designated_benchmark,sensitivity_instrument1_trim1798,sensitivity,1,test_split_local,Raw FPLS,26,21.679479666124564,True,,,,,True,4503599627370496.0,4503599627370496.0,-37.769889177572054,
designated_benchmark,sensitivity_instrument1_trim1798,sensitivity,1,test_split_local,Raw FPLS,27,21.78702612846683,True,,,,,True,4503599627370496.0,4503599627370496.0,-39.34141012512455,
designated_benchmark,sensitivity_instrument1_trim1798,sensitivity,1,test_split_local,Raw FPLS,28,22.064148121639885,True,,,,,True,4503599627370496.0,4503599627370496.0,-40.91293107267703,
designated_benchmark,sensitivity_instrument1_trim1798,sensitivity,1,test_split_local,Raw FPLS,29,21.77665617232448,True,,,,,True,4503599627370496.0,4503599627370496.0,-42.484452020229526,
designated_benchmark,sensitivity_instrument1_trim1798,sensitivity,1,test_split_local,Raw FPLS,30,21.869714314524188,True,,,,,True,4503599627370496.0,4503599627370496.0,-44.05597296778201,
designated_benchmark,sensitivity_instrument1_trim1798,sensitivity,1,test_split_local,Raw FPLS,31,21.916750957210915,True,,,,,True,4503599627370496.0,4503599627370496.0,-45.627493915334504,
designated_benchmark,sensitivity_instrument1_trim1798,sensitivity,1,test_split_local,Raw FPLS,32,22.525686304799045,True,,,,,True,4503599627370496.0,4503599627370496.0,-47.19901486288699,
designated_benchmark,sensitivity_instrument1_trim1798,sensitivity,1,test_split_local,Raw FPLS,33,22.27820622080854,True,,,,,True,4503599627370496.0,4503599627370496.0,-48.77053581043948,
designated_benchmark,sensitivity_instrument1_trim1798,sensitivity,1,test_split_local,Raw FPLS,34,22.66573994496858,True,,,,,True,4503599627370496.0,4503599627370496.0,-50.34205675799197,
designated_benchmark,sensitivity_instrument1_trim1798,sensitivity,1,test_split_local,Raw FPLS,35,21.874576159079346,True,,,,,True,4503599627370496.0,4503599627370496.0,-51.91357770554446,
designated_benchmark,sensitivity_instrument1_trim1798,sensitivity,1,test_split_local,Raw FPLS,36,22.39009725537859,True,,,,,True,4503599627370496.0,4503599627370496.0,-53.48509865309695,
designated_benchmark,sensitivity_instrument1_trim1798,sensitivity,1,test_split_local,Raw FPLS,37,22.766545055110928,True,,,,,True,4503599627370496.0,4503599627370496.0,-55.05661960064944,
designated_benchmark,sensitivity_instrument1_trim1798,sensitivity,1,test_split_local,Raw FPLS,38,29.89856084672328,True,,,,,True,4503599627370496.0,4503599627370496.0,-56.62814054820193,
designated_benchmark,sensitivity_instrument1_trim1798,sensitivity,1,test_split_local,Raw FPLS,39,21.76844543136272,True,,,,,True,4503599627370496.0,4503599627370496.0,-58.19966149575442,
designated_benchmark,sensitivity_instrument1_trim1798,sensitivity,1,test_split_local,Raw FPLS,40,22.08295177163374,True,,,,,True,4503599627370496.0,4503599627370496.0,-59.771182443306905,
designated_benchmark,sensitivity_instrument1_trim1798,sensitivity,1,test_split_local,Raw FPLS,41,22.087421655575607,True,,,,,True,4503599627370496.0,4503599627370496.0,-61.3427033908594,
designated_benchmark,sensitivity_instrument1_trim1798,sensitivity,1,test_split_local,Raw FPLS,42,22.836916270370057,True,,,,,True,4503599627370496.0,4503599627370496.0,-62.914224338411884,
designated_benchmark,sensitivity_instrument1_trim1798,sensitivity,1,test_split_local,Raw FPLS,43,22.774405992714772,True,,,,,True,4503599627370496.0,4503599627370496.0,-64.48574528596437,
designated_benchmark,sensitivity_instrument1_trim1798,sensitivity,1,test_split_local,Raw FPLS,44,23.975411619467913,True,,,,,True,4503599627370496.0,4503599627370496.0,-66.05726623351687,
designated_benchmark,sensitivity_instrument1_trim1798,sensitivity,1,test_split_local,Raw FPLS,45,22.153195290799466,True,,,,,True,4503599627370496.0,4503599627370496.0,-67.62878718106936,
designated_benchmark,sensitivity_instrument1_trim1798,sensitivity,1,test_split_local,Raw FPLS,46,21.80596996469102,True,,,,,True,4503599627370496.0,4503599627370496.0,-69.20030812862184,
designated_benchmark,sensitivity_instrument1_trim1798,sensitivity,1,test_split_local,Raw FPLS,47,21.890941313874375,True,,,,,True,4503599627370496.0,4503599627370496.0,-70.77182907617434,
designated_benchmark,sensitivity_instrument1_trim1798,sensitivity,1,test_split_local,Raw FPLS,48,25.897266321609944,True,,,,,True,4503599627370496.0,4503599627370496.0,-72.34335002372683,
designated_benchmark,sensitivity_instrument1_trim1798,sensitivity,1,test_split_local,Raw FPLS,49,25.945793530101817,True,,,,,True,4503599627370496.0,4503599627370496.0,-73.91487097127931,
designated_benchmark,sensitivity_instrument1_trim1798,sensitivity,1,test_split_local,Raw FPLS,50,22.39589551037686,True,,,,,True,4503599627370496.0,4503599627370496.0,-75.4863919188318,
designated_benchmark,sensitivity_instrument1_trim1798,sensitivity,1,test_split_local,Raw FPLS,51,21.90106036242546,True,,,,,True,4503599627370496.0,4503599627370496.0,-77.0579128663843,
designated_benchmark,sensitivity_instrument1_trim1798,sensitivity,1,test_split_local,Raw FPLS,52,21.881413082411946,True,,,,,True,4503599627370496.0,4503599627370496.0,-78.62943381393679,
designated_benchmark,sensitivity_instrument1_trim1798,sensitivity,1,test_split_local,Raw FPLS,53,21.983402855611796,True,,,,,True,4503599627370496.0,4503599627370496.0,-80.20095476148927,
designated_benchmark,sensitivity_instrument1_trim1798,sensitivity,1,test_split_local,Raw FPLS,54,26.96738778759977,True,,,,,True,4503599627370496.0,4503599627370496.0,-81.77247570904176,
designated_benchmark,sensitivity_instrument1_trim1798,sensitivity,1,test_split_local,Raw FPLS,55,22.210218533176917,True,,,,,True,4503599627370496.0,4503599627370496.0,-83.34399665659426,
designated_benchmark,sensitivity_instrument1_trim1798,sensitivity,1,test_split_local,Raw FPLS,56,22.078288082140915,True,,,,,True,4503599627370496.0,4503599627370496.0,-84.91551760414674,
designated_benchmark,sensitivity_instrument1_trim1798,sensitivity,1,test_split_local,Raw FPLS,57,22.1649923863183,True,,,,,True,4503599627370496.0,4503599627370496.0,-86.48703855169923,
designated_benchmark,sensitivity_instrument1_trim1798,sensitivity,1,test_split_local,Raw FPLS,58,22.085425880169275,True,,,,,True,4503599627370496.0,4503599627370496.0,-88.05855949925171,
designated_benchmark,sensitivity_instrument1_trim1798,sensitivity,1,test_split_local,Raw FPLS,59,22.103910727399303,True,,,,,True,4503599627370496.0,4503599627370496.0,-89.63008044680421,
designated_benchmark,sensitivity_instrument1_trim1798,sensitivity,1,test_split_local,Raw FPLS,60,45.91529819116844,True,,,,,True,4503599627370496.0,4503599627370496.0,-91.2016013943567,
designated_benchmark,sensitivity_instrument1_trim1798,sensitivity,1,test_split_local,Raw FPLS,61,22.237735429498947,True,,,,,True,4503599627370496.0,4503599627370496.0,-92.77312234190919,
designated_benchmark,sensitivity_instrument1_trim1798,sensitivity,1,test_split_local,Raw FPLS,62,21.892746245816642,True,,,,,True,4503599627370496.0,4503599627370496.0,-94.34464328946167,
designated_benchmark,sensitivity_instrument1_trim1798,sensitivity,1,test_split_local,Raw FPLS,63,21.90264663128437,True,,,,,True,4503599627370496.0,4503599627370496.0,-95.91616423701417,
designated_benchmark,sensitivity_instrument1_trim1798,sensitivity,1,test_split_local,Raw FPLS,64,21.977530562256728,True,,,,,True,4503599627370496.0,4503599627370496.0,-97.48768518456666,
designated_benchmark,sensitivity_instrument1_trim1798,sensitivity,1,test_split_local,Raw FPLS,65,21.92406409422789,True,,,,,True,4503599627370496.0,4503599627370496.0,-99.05920613211914,
designated_benchmark,sensitivity_instrument1_trim1798,sensitivity,1,test_split_local,Raw FPLS,66,22.505023452179408,True,,,,,True,4503599627370496.0,4503599627370496.0,-100.63072707967163,
designated_benchmark,sensitivity_instrument1_trim1798,sensitivity,1,test_split_local,Raw FPLS,67,21.954186585725513,True,,,,,True,4503599627370496.0,4503599627370496.0,-102.20224802722413,
designated_benchmark,sensitivity_instrument1_trim1798,sensitivity,1,test_split_local,Raw FPLS,68,21.617890219498477,True,,,,,True,4503599627370496.0,4503599627370496.0,-103.77376897477662,
designated_benchmark,sensitivity_instrument1_trim1798,sensitivity,1,test_split_local,Raw FPLS,69,21.989027308617477,True,,,,,True,4503599627370496.0,4503599627370496.0,-105.3452899223291,
designated_benchmark,sensitivity_instrument1_trim1798,sensitivity,1,test_split_local,Raw FPLS,70,21.94527500874402,True,,,,,True,4503599627370496.0,4503599627370496.0,-106.9168108698816,
designated_benchmark,sensitivity_instrument1_trim1798,sensitivity,1,test_split_local,Arnoldi FPLS,1,286.827375840961,True,,,,,True,1.0,1.0,,1.1102230246251565e-16
designated_benchmark,sensitivity_instrument1_trim1798,sensitivity,1,test_split_local,Arnoldi FPLS,2,224.29729985794665,True,,,,,True,1.0,2.526221232114173,,2.3078047236122895e-16
designated_benchmark,sensitivity_instrument1_trim1798,sensitivity,1,test_split_local,Arnoldi FPLS,3,22.904197569070377,True,,,,,True,1.0000000000000009,8.367267404817627,,3.8450918078084274e-16
designated_benchmark,sensitivity_instrument1_trim1798,sensitivity,1,test_split_local,Arnoldi FPLS,4,22.01488503328988,True,,,,,True,1.0000000000000002,13.90058391716081,,3.3775507245178525e-16
designated_benchmark,sensitivity_instrument1_trim1798,sensitivity,1,test_split_local,Arnoldi FPLS,5,20.468556999767856,True,,,,,True,1.0000000000000002,24.273440610241956,,4.381302255053259e-16
designated_benchmark,sensitivity_instrument1_trim1798,sensitivity,1,test_split_local,Arnoldi FPLS,6,18.781404559769864,True,,,,,True,1.000000000000001,55.039769916560104,,4.495869339606317e-16
designated_benchmark,sensitivity_instrument1_trim1798,sensitivity,1,test_split_local,Arnoldi FPLS,7,18.029604630634633,True,,,,,True,1.000000000000001,72.4274684237144,,4.742138873055421e-16
designated_benchmark,sensitivity_instrument1_trim1798,sensitivity,1,test_split_local,Arnoldi FPLS,8,17.124461763382563,True,,,,,True,1.0000000000000004,128.1914041002845,,1.3834737113583641e-15
designated_benchmark,sensitivity_instrument1_trim1798,sensitivity,1,test_split_local,Arnoldi FPLS,9,17.167887098735417,True,,,,,True,1.0000000000000009,163.27588431087625,,1.3870361788364584e-15
designated_benchmark,sensitivity_instrument1_trim1798,sensitivity,1,test_split_local,Arnoldi FPLS,10,17.427080604243375,True,,,,,True,1.0000000000000007,257.8376676601168,,1.3974831810254385e-15
designated_benchmark,sensitivity_instrument1_trim1798,sensitivity,1,test_split_local,Arnoldi FPLS,11,18.052036276720877,True,,,,,True,1.0000000000000007,318.6907966365885,,1.3976340460894318e-15
designated_benchmark,sensitivity_instrument1_trim1798,sensitivity,1,test_split_local,Arnoldi FPLS,12,19.045556571474613,True,,,,,True,1.0000000000000004,440.8854249787159,,1.4034766855488858e-15
designated_benchmark,sensitivity_instrument1_trim1798,sensitivity,1,test_split_local,Arnoldi FPLS,13,20.564157476346065,True,,,,,True,1.0000000000000007,522.1053443699959,,1.4330775859354376e-15
designated_benchmark,sensitivity_instrument1_trim1798,sensitivity,1,test_split_local,Arnoldi FPLS,14,22.186490863915676,True,,,,,True,1.000000000000001,608.105996987745,,1.4355742707548896e-15
designated_benchmark,sensitivity_instrument1_trim1798,sensitivity,1,test_split_local,Arnoldi FPLS,15,23.1992677327978,True,,,,,True,1.0000000000000009,687.5066729492743,,1.4601702405016469e-15
designated_benchmark,sensitivity_instrument1_trim1798,sensitivity,1,test_split_local,Arnoldi FPLS,16,25.362556945256195,True,,,,,True,1.0000000000000009,795.5369556581128,,1.4609795459182144e-15
designated_benchmark,sensitivity_instrument1_trim1798,sensitivity,1,test_split_local,Arnoldi FPLS,17,27.803665695329645,True,,,,,True,1.0000000000000007,897.1185754671841,,1.4621148460246273e-15
designated_benchmark,sensitivity_instrument1_trim1798,sensitivity,1,test_split_local,Arnoldi FPLS,18,29.958473882024606,True,,,,,True,1.0000000000000007,1056.0737375563667,,1.4623011356011908e-15
designated_benchmark,sensitivity_instrument1_trim1798,sensitivity,1,test_split_local,Arnoldi FPLS,19,33.80227601047985,True,,,,,True,1.0000000000000009,1261.5137651487,,1.4627297018606334e-15
designated_benchmark,sensitivity_instrument1_trim1798,sensitivity,1,test_split_local,Arnoldi FPLS,20,36.60953832438705,True,,,,,True,1.0000000000000009,1494.1368171171537,,1.4628642638152215e-15
designated_benchmark,sensitivity_instrument1_trim1798,sensitivity,1,test_split_local,Arnoldi FPLS,21,39.88704422470733,True,,,,,True,1.0000000000000009,1682.00569281626,,1.4639345141314131e-15
designated_benchmark,sensitivity_instrument1_trim1798,sensitivity,1,test_split_local,Arnoldi FPLS,22,42.08198503875845,True,,,,,True,1.0000000000000004,1935.8490143568679,,1.464049480056785e-15
designated_benchmark,sensitivity_instrument1_trim1798,sensitivity,1,test_split_local,Arnoldi FPLS,23,44.0241805246868,True,,,,,True,1.000000000000001,2082.0249588094985,,1.4644058053686604e-15
designated_benchmark,sensitivity_instrument1_trim1798,sensitivity,1,test_split_local,Arnoldi FPLS,24,44.055531896285274,True,,,,,True,1.0000000000000009,2260.36768879993,,1.4645078277814794e-15
designated_benchmark,sensitivity_instrument1_trim1798,sensitivity,1,test_split_local,Arnoldi FPLS,25,44.70309769061451,True,,,,,True,1.000000000000001,2431.457977526793,,1.4667613215224926e-15
designated_benchmark,sensitivity_instrument1_trim1798,sensitivity,1,test_split_local,Arnoldi FPLS,26,44.71634765331853,True,,,,,True,1.0000000000000009,2583.0817889346217,,1.4728666159395278e-15
designated_benchmark,sensitivity_instrument1_trim1798,sensitivity,1,test_split_local,Arnoldi FPLS,27,46.285337706869484,True,,,,,True,1.0000000000000009,2773.923638218836,,1.47352015402718e-15
designated_benchmark,sensitivity_instrument1_trim1798,sensitivity,1,test_split_local,Arnoldi FPLS,28,46.76638291864241,True,,,,,True,1.0000000000000007,3027.783329487315,,1.474016372863157e-15
designated_benchmark,sensitivity_instrument1_trim1798,sensitivity,1,test_split_local,Arnoldi FPLS,29,47.73242054909387,True,,,,,True,1.0000000000000009,3282.6084554835124,,1.4745660728160563e-15
designated_benchmark,sensitivity_instrument1_trim1798,sensitivity,1,test_split_local,Arnoldi FPLS,30,49.245477224202915,True,,,,,True,1.0000000000000007,3559.8957469166044,,1.6087368168910603e-15
designated_benchmark,sensitivity_instrument1_trim1798,sensitivity,1,test_split_local,Arnoldi FPLS,31,49.71949508273848,True,,,,,True,1.0000000000000007,3840.4532854509202,,1.647174430312502e-15
designated_benchmark,sensitivity_instrument1_trim1798,sensitivity,1,test_split_local,Arnoldi FPLS,32,51.156559079856414,True,,,,,True,1.0000000000000009,4123.96307911983,,1.6889676830943386e-15
designated_benchmark,sensitivity_instrument1_trim1798,sensitivity,1,test_split_local,Arnoldi FPLS,33,52.95449415611378,True,,,,,True,1.0000000000000009,4325.473748733942,,1.6889881295770086e-15
designated_benchmark,sensitivity_instrument1_trim1798,sensitivity,1,test_split_local,Arnoldi FPLS,34,54.30599993482802,True,,,,,True,1.0000000000000013,4587.507793119216,,1.6889897211546775e-15
designated_benchmark,sensitivity_instrument1_trim1798,sensitivity,1,test_split_local,Arnoldi FPLS,35,55.65822900587742,True,,,,,True,1.000000000000001,4795.943264122962,,1.6906525943311026e-15
designated_benchmark,sensitivity_instrument1_trim1798,sensitivity,1,test_split_local,Arnoldi FPLS,36,56.59584507488845,True,,,,,True,1.000000000000001,4996.064952327136,,1.690779918936938e-15
designated_benchmark,sensitivity_instrument1_trim1798,sensitivity,1,test_split_local,Arnoldi FPLS,37,57.46571952541675,True,,,,,True,1.0000000000000007,5186.220259418244,,1.6924658767756472e-15
designated_benchmark,sensitivity_instrument1_trim1798,sensitivity,1,test_split_local,Arnoldi FPLS,38,58.25995183370524,True,,,,,True,1.0000000000000009,5400.829486251919,,1.6932776225089713e-15
designated_benchmark,sensitivity_instrument1_trim1798,sensitivity,1,test_split_local,Arnoldi FPLS,39,58.69578894958864,True,,,,,True,1.0000000000000009,5597.083421622539,,1.6933476993784362e-15
designated_benchmark,sensitivity_instrument1_trim1798,sensitivity,1,test_split_local,Arnoldi FPLS,40,59.02815788285636,True,,,,,True,1.0000000000000009,5797.417021839929,,1.696130875986823e-15
designated_benchmark,sensitivity_instrument1_trim1798,sensitivity,1,test_split_local,Arnoldi FPLS,41,59.38239950476723,True,,,,,True,1.0000000000000009,5966.0721874823275,,1.6961569833528565e-15
designated_benchmark,sensitivity_instrument1_trim1798,sensitivity,1,test_split_local,Arnoldi FPLS,42,60.23107047758589,True,,,,,True,1.000000000000001,6176.376431019857,,1.6962085927104902e-15
designated_benchmark,sensitivity_instrument1_trim1798,sensitivity,1,test_split_local,Arnoldi FPLS,43,60.394497087224345,True,,,,,True,1.000000000000001,6492.0594427545975,,1.6975324316041169e-15
designated_benchmark,sensitivity_instrument1_trim1798,sensitivity,1,test_split_local,Arnoldi FPLS,44,60.366208995675265,True,,,,,True,1.0000000000000009,6718.6677435497995,,1.6990602637753337e-15
designated_benchmark,sensitivity_instrument1_trim1798,sensitivity,1,test_split_local,Arnoldi FPLS,45,60.302313446514475,True,,,,,True,1.0000000000000013,6900.751165527124,,1.7000834557030614e-15
designated_benchmark,sensitivity_instrument1_trim1798,sensitivity,1,test_split_local,Arnoldi FPLS,46,60.01884271535333,True,,,,,True,1.000000000000001,7105.230134669853,,1.7028229385605795e-15
designated_benchmark,sensitivity_instrument1_trim1798,sensitivity,1,test_split_local,Arnoldi FPLS,47,60.22160167697254,True,,,,,True,1.0000000000000016,7313.393808963188,,1.703822117358947e-15
designated_benchmark,sensitivity_instrument1_trim1798,sensitivity,1,test_split_local,Arnoldi FPLS,48,60.44801737932777,True,,,,,True,1.000000000000001,7571.951326390203,,1.7038222258966183e-15
designated_benchmark,sensitivity_instrument1_trim1798,sensitivity,1,test_split_local,Arnoldi FPLS,49,60.65737460385211,True,,,,,True,1.0000000000000009,7767.53531183231,,1.7048589222606502e-15
designated_benchmark,sensitivity_instrument1_trim1798,sensitivity,1,test_split_local,Arnoldi FPLS,50,60.83076038667856,True,,,,,True,1.000000000000001,7986.782534179756,,1.7052168970731198e-15
designated_benchmark,sensitivity_instrument1_trim1798,sensitivity,1,test_split_local,Arnoldi FPLS,51,61.03876157552164,True,,,,,True,1.0000000000000007,8176.411879890481,,1.705287895651891e-15
designated_benchmark,sensitivity_instrument1_trim1798,sensitivity,1,test_split_local,Arnoldi FPLS,52,61.365644889971165,True,,,,,True,1.0000000000000009,8354.36393734997,,1.7061782471531842e-15
designated_benchmark,sensitivity_instrument1_trim1798,sensitivity,1,test_split_local,Arnoldi FPLS,53,61.57159806192907,True,,,,,True,1.0000000000000009,8533.806057348465,,1.7064481761488764e-15
designated_benchmark,sensitivity_instrument1_trim1798,sensitivity,1,test_split_local,Arnoldi FPLS,54,61.831579981313396,True,,,,,True,1.0000000000000007,8763.235914983148,,1.70733163407827e-15
designated_benchmark,sensitivity_instrument1_trim1798,sensitivity,1,test_split_local,Arnoldi FPLS,55,62.11352713708832,True,,,,,True,1.000000000000001,8953.176624902988,,1.708829740327167e-15
designated_benchmark,sensitivity_instrument1_trim1798,sensitivity,1,test_split_local,Arnoldi FPLS,56,62.25167494420594,True,,,,,True,1.0000000000000009,9199.758109594028,,1.7091615752518747e-15
designated_benchmark,sensitivity_instrument1_trim1798,sensitivity,1,test_split_local,Arnoldi FPLS,57,62.44119909381994,True,,,,,True,1.0000000000000009,9394.393844193499,,1.7092124078042695e-15
designated_benchmark,sensitivity_instrument1_trim1798,sensitivity,1,test_split_local,Arnoldi FPLS,58,62.69925013013065,True,,,,,True,1.0000000000000007,9615.584375791208,,1.7111403864388986e-15
designated_benchmark,sensitivity_instrument1_trim1798,sensitivity,1,test_split_local,Arnoldi FPLS,59,62.872126264858146,True,,,,,True,1.0000000000000009,9773.87646011145,,1.7115697921209061e-15
designated_benchmark,sensitivity_instrument1_trim1798,sensitivity,1,test_split_local,Arnoldi FPLS,60,63.089696869256116,True,,,,,True,1.000000000000001,9916.980331325392,,1.7116604979757884e-15
designated_benchmark,sensitivity_instrument1_trim1798,sensitivity,1,test_split_local,Arnoldi FPLS,61,63.28300026715519,True,,,,,True,1.0000000000000009,10093.82434013948,,1.7860252465315167e-15
designated_benchmark,sensitivity_instrument1_trim1798,sensitivity,1,test_split_local,Arnoldi FPLS,62,63.55829013696079,True,,,,,True,1.0000000000000009,10235.511637234713,,1.788862603176196e-15
designated_benchmark,sensitivity_instrument1_trim1798,sensitivity,1,test_split_local,Arnoldi FPLS,63,63.781639410628664,True,,,,,True,1.000000000000001,10355.872815190023,,1.789218228683943e-15
designated_benchmark,sensitivity_instrument1_trim1798,sensitivity,1,test_split_local,Arnoldi FPLS,64,63.86872598578685,True,,,,,True,1.000000000000001,10592.50901039569,,1.7906667789640727e-15
designated_benchmark,sensitivity_instrument1_trim1798,sensitivity,1,test_split_local,Arnoldi FPLS,65,63.867964377642316,True,,,,,True,1.000000000000001,10784.102622235523,,1.7906904896632205e-15
designated_benchmark,sensitivity_instrument1_trim1798,sensitivity,1,test_split_local,Arnoldi FPLS,66,63.8112061546451,True,,,,,True,1.000000000000001,10957.781240274531,,1.7912220378396287e-15
designated_benchmark,sensitivity_instrument1_trim1798,sensitivity,1,test_split_local,Arnoldi FPLS,67,63.79629022047545,True,,,,,True,1.0000000000000009,11139.667464164275,,1.791349577554139e-15
designated_benchmark,sensitivity_instrument1_trim1798,sensitivity,1,test_split_local,Arnoldi FPLS,68,63.79166018505915,True,,,,,True,1.0000000000000009,11309.29889966869,,1.79362428969026e-15
designated_benchmark,sensitivity_instrument1_trim1798,sensitivity,1,test_split_local,Arnoldi FPLS,69,63.812917558895535,True,,,,,True,1.000000000000001,11459.775590765343,,1.794106601834522e-15
designated_benchmark,sensitivity_instrument1_trim1798,sensitivity,1,test_split_local,Arnoldi FPLS,70,63.79097555115336,True,,,,,True,1.0000000000000009,11607.019523081466,,1.7944540249612155e-15
designated_benchmark,sensitivity_instrument1_trim1798,sensitivity,1,test_split_local,FPCR,1,319.0044228267408,True,0.026821252361416525,,,,,,,,
designated_benchmark,sensitivity_instrument1_trim1798,sensitivity,1,test_split_local,FPCR,2,266.2540274361734,True,0.0059110338115865866,,,,,,,,
designated_benchmark,sensitivity_instrument1_trim1798,sensitivity,1,test_split_local,FPCR,3,30.782603402351267,True,0.0003856165790459201,,,,,,,,
designated_benchmark,sensitivity_instrument1_trim1798,sensitivity,1,test_split_local,FPCR,4,23.70568242047675,True,0.0003152671255370442,,,,,,,,
designated_benchmark,sensitivity_instrument1_trim1798,sensitivity,1,test_split_local,FPCR,5,21.778729474178743,True,6.745584598718906e-05,,,,,,,,
designated_benchmark,sensitivity_instrument1_trim1798,sensitivity,1,test_split_local,FPCR,6,21.7407341594468,True,2.144053524017463e-05,,,,,,,,
designated_benchmark,sensitivity_instrument1_trim1798,sensitivity,1,test_split_local,FPCR,7,19.118554731716944,True,9.973401910773655e-06,,,,,,,,
designated_benchmark,sensitivity_instrument1_trim1798,sensitivity,1,test_split_local,FPCR,8,19.29310933949878,True,7.966559136895632e-06,,,,,,,,
designated_benchmark,sensitivity_instrument1_trim1798,sensitivity,1,test_split_local,FPCR,9,19.13998794046473,True,4.934175424924143e-06,,,,,,,,
designated_benchmark,sensitivity_instrument1_trim1798,sensitivity,1,test_split_local,FPCR,10,18.199697185866302,True,2.2236807429063395e-06,,,,,,,,
designated_benchmark,sensitivity_instrument1_trim1798,sensitivity,1,test_split_local,FPCR,11,18.225139112845785,True,1.8834957994744754e-06,,,,,,,,
designated_benchmark,sensitivity_instrument1_trim1798,sensitivity,1,test_split_local,FPCR,12,17.24360386041141,True,1.63226956265512e-06,,,,,,,,
designated_benchmark,sensitivity_instrument1_trim1798,sensitivity,1,test_split_local,FPCR,13,16.75114726288534,True,9.000836159412485e-07,,,,,,,,
designated_benchmark,sensitivity_instrument1_trim1798,sensitivity,1,test_split_local,FPCR,14,16.712537071167354,True,7.796927639605576e-07,,,,,,,,
designated_benchmark,sensitivity_instrument1_trim1798,sensitivity,1,test_split_local,FPCR,15,16.85289463404285,True,6.114348423937111e-07,,,,,,,,
designated_benchmark,sensitivity_instrument1_trim1798,sensitivity,1,test_split_local,FPCR,16,16.95267698560251,True,5.072936170496391e-07,,,,,,,,
designated_benchmark,sensitivity_instrument1_trim1798,sensitivity,1,test_split_local,FPCR,17,17.13715563206288,True,4.782391123212198e-07,,,,,,,,
designated_benchmark,sensitivity_instrument1_trim1798,sensitivity,1,test_split_local,FPCR,18,17.32316996530053,True,3.5831087861489737e-07,,,,,,,,
designated_benchmark,sensitivity_instrument1_trim1798,sensitivity,1,test_split_local,FPCR,19,17.472105894765026,True,3.328202116311808e-07,,,,,,,,
designated_benchmark,sensitivity_instrument1_trim1798,sensitivity,1,test_split_local,FPCR,20,17.607546972100668,True,2.5350832867691704e-07,,,,,,,,
designated_benchmark,sensitivity_instrument1_trim1798,sensitivity,1,test_split_local,FPCR,21,17.597223703794167,True,2.435233883205542e-07,,,,,,,,
designated_benchmark,sensitivity_instrument1_trim1798,sensitivity,1,test_split_local,FPCR,22,17.626128639764524,True,2.3763650844643948e-07,,,,,,,,
designated_benchmark,sensitivity_instrument1_trim1798,sensitivity,1,test_split_local,FPCR,23,17.7510625838425,True,2.1899126845721089e-07,,,,,,,,
designated_benchmark,sensitivity_instrument1_trim1798,sensitivity,1,test_split_local,FPCR,24,17.918945557333913,True,2.0122549920957717e-07,,,,,,,,
designated_benchmark,sensitivity_instrument1_trim1798,sensitivity,1,test_split_local,FPCR,25,18.077027051615527,True,1.938766807203074e-07,,,,,,,,
designated_benchmark,sensitivity_instrument1_trim1798,sensitivity,1,test_split_local,FPCR,26,18.193640872069963,True,1.8053641170857607e-07,,,,,,,,
designated_benchmark,sensitivity_instrument1_trim1798,sensitivity,1,test_split_local,FPCR,27,18.241071503045507,True,1.802184090223457e-07,,,,,,,,
designated_benchmark,sensitivity_instrument1_trim1798,sensitivity,1,test_split_local,FPCR,28,18.453298175012936,True,1.6856935110750662e-07,,,,,,,,
designated_benchmark,sensitivity_instrument1_trim1798,sensitivity,1,test_split_local,FPCR,29,18.524772897979965,True,1.6293154503009795e-07,,,,,,,,
designated_benchmark,sensitivity_instrument1_trim1798,sensitivity,1,test_split_local,FPCR,30,18.030155462117097,True,1.5220917882165e-07,,,,,,,,
designated_benchmark,sensitivity_instrument1_trim1798,sensitivity,1,test_split_local,FPCR,31,18.12169627731579,True,1.438475562055719e-07,,,,,,,,
designated_benchmark,sensitivity_instrument1_trim1798,sensitivity,1,test_split_local,FPCR,32,18.33755544931898,True,1.4147238589826823e-07,,,,,,,,
designated_benchmark,sensitivity_instrument1_trim1798,sensitivity,1,test_split_local,FPCR,33,18.470639220109437,True,1.3530308030509749e-07,,,,,,,,
designated_benchmark,sensitivity_instrument1_trim1798,sensitivity,1,test_split_local,FPCR,34,18.35911130401336,True,1.3111777842622268e-07,,,,,,,,
designated_benchmark,sensitivity_instrument1_trim1798,sensitivity,1,test_split_local,FPCR,35,18.40392445697037,True,1.2626676079532008e-07,,,,,,,,
designated_benchmark,sensitivity_instrument1_trim1798,sensitivity,1,test_split_local,FPCR,36,18.61483689170947,True,1.2526000937620026e-07,,,,,,,,
designated_benchmark,sensitivity_instrument1_trim1798,sensitivity,1,test_split_local,FPCR,37,18.848263970561906,True,1.1625549336143655e-07,,,,,,,,
designated_benchmark,sensitivity_instrument1_trim1798,sensitivity,1,test_split_local,FPCR,38,19.06684960705319,True,1.1194796704821628e-07,,,,,,,,
designated_benchmark,sensitivity_instrument1_trim1798,sensitivity,1,test_split_local,FPCR,39,19.304393121939658,True,1.09053120415491e-07,,,,,,,,
designated_benchmark,sensitivity_instrument1_trim1798,sensitivity,1,test_split_local,FPCR,40,19.51555871858157,True,1.0542995070834308e-07,,,,,,,,
designated_benchmark,sensitivity_instrument1_trim1798,sensitivity,1,test_split_local,FPCR,41,19.769364043911587,True,1.02149690380223e-07,,,,,,,,
designated_benchmark,sensitivity_instrument1_trim1798,sensitivity,1,test_split_local,FPCR,42,19.94637245743148,True,9.823560145010356e-08,,,,,,,,
designated_benchmark,sensitivity_instrument1_trim1798,sensitivity,1,test_split_local,FPCR,43,20.150798656257063,True,9.762624872000125e-08,,,,,,,,
designated_benchmark,sensitivity_instrument1_trim1798,sensitivity,1,test_split_local,FPCR,44,20.38264447030119,True,9.577550129463762e-08,,,,,,,,
designated_benchmark,sensitivity_instrument1_trim1798,sensitivity,1,test_split_local,FPCR,45,20.484372664223322,True,9.404266410323082e-08,,,,,,,,
designated_benchmark,sensitivity_instrument1_trim1798,sensitivity,1,test_split_local,FPCR,46,20.759519969506023,True,9.339587751475403e-08,,,,,,,,
designated_benchmark,sensitivity_instrument1_trim1798,sensitivity,1,test_split_local,FPCR,47,20.586542694041462,True,8.472777834801921e-08,,,,,,,,
designated_benchmark,sensitivity_instrument1_trim1798,sensitivity,1,test_split_local,FPCR,48,20.788703756557627,True,7.892625723552905e-08,,,,,,,,
designated_benchmark,sensitivity_instrument1_trim1798,sensitivity,1,test_split_local,FPCR,49,20.788118892999865,True,7.448756426888115e-08,,,,,,,,
designated_benchmark,sensitivity_instrument1_trim1798,sensitivity,1,test_split_local,FPCR,50,20.831862061830247,True,7.443174309391235e-08,,,,,,,,
designated_benchmark,sensitivity_instrument1_trim1798,sensitivity,1,test_split_local,FPCR,51,21.112632746748318,True,7.004260014301518e-08,,,,,,,,
designated_benchmark,sensitivity_instrument1_trim1798,sensitivity,1,test_split_local,FPCR,52,21.358230007410643,True,6.855571670571505e-08,,,,,,,,
designated_benchmark,sensitivity_instrument1_trim1798,sensitivity,1,test_split_local,FPCR,53,21.109782270175348,True,6.744393644663506e-08,,,,,,,,
designated_benchmark,sensitivity_instrument1_trim1798,sensitivity,1,test_split_local,FPCR,54,21.389068535219202,True,6.545348104186349e-08,,,,,,,,
designated_benchmark,sensitivity_instrument1_trim1798,sensitivity,1,test_split_local,FPCR,55,21.69568332088857,True,6.125766322201058e-08,,,,,,,,
designated_benchmark,sensitivity_instrument1_trim1798,sensitivity,1,test_split_local,FPCR,56,21.676972943798315,True,5.948805540516829e-08,,,,,,,,
designated_benchmark,sensitivity_instrument1_trim1798,sensitivity,1,test_split_local,FPCR,57,21.979934418187543,True,5.932845314408505e-08,,,,,,,,
designated_benchmark,sensitivity_instrument1_trim1798,sensitivity,1,test_split_local,FPCR,58,21.674308476788084,True,5.8449492560379456e-08,,,,,,,,
designated_benchmark,sensitivity_instrument1_trim1798,sensitivity,1,test_split_local,FPCR,59,20.683854790185496,True,5.565699262275247e-08,,,,,,,,
designated_benchmark,sensitivity_instrument1_trim1798,sensitivity,1,test_split_local,FPCR,60,20.872678513395893,True,5.366150316214858e-08,,,,,,,,
designated_benchmark,sensitivity_instrument1_trim1798,sensitivity,1,test_split_local,FPCR,61,21.173842502180353,True,5.267530125419678e-08,,,,,,,,
designated_benchmark,sensitivity_instrument1_trim1798,sensitivity,1,test_split_local,FPCR,62,21.38258487525358,True,5.0021910431789055e-08,,,,,,,,
designated_benchmark,sensitivity_instrument1_trim1798,sensitivity,1,test_split_local,FPCR,63,21.40048278839896,True,4.684980566954252e-08,,,,,,,,
designated_benchmark,sensitivity_instrument1_trim1798,sensitivity,1,test_split_local,FPCR,64,21.720066145968275,True,4.616683919579454e-08,,,,,,,,
designated_benchmark,sensitivity_instrument1_trim1798,sensitivity,1,test_split_local,FPCR,65,21.89205870239157,True,4.5134993972252304e-08,,,,,,,,
designated_benchmark,sensitivity_instrument1_trim1798,sensitivity,1,test_split_local,FPCR,66,21.96370118486363,True,4.394518007574436e-08,,,,,,,,
designated_benchmark,sensitivity_instrument1_trim1798,sensitivity,1,test_split_local,FPCR,67,22.223964079653676,True,4.2862420358770306e-08,,,,,,,,
designated_benchmark,sensitivity_instrument1_trim1798,sensitivity,1,test_split_local,FPCR,68,22.34626480178519,True,4.210175182800061e-08,,,,,,,,
designated_benchmark,sensitivity_instrument1_trim1798,sensitivity,1,test_split_local,FPCR,69,22.609502495382685,True,3.993458699716514e-08,,,,,,,,
designated_benchmark,sensitivity_instrument1_trim1798,sensitivity,1,test_split_local,FPCR,70,22.66651796209441,True,3.732161704010344e-08,,,,,,,,
designated_benchmark,sensitivity_instrument1_savgol_smooth,sensitivity,1,test_split_local,CG-FPLS-code,1,0.5137211568330237,True,0.025179531025089245,0.3845809521184371,0.5137211568330237,1506.616770393079,,,,,
designated_benchmark,sensitivity_instrument1_savgol_smooth,sensitivity,1,test_split_local,CG-FPLS-code,2,0.26999645634051495,True,0.00549575321969566,0.08739240136343997,0.26999645634051495,2442.619471215474,,,,,
designated_benchmark,sensitivity_instrument1_savgol_smooth,sensitivity,1,test_split_local,CG-FPLS-code,3,0.06398527256755489,True,0.0005962331810117855,0.0758833818530966,0.06398527256755489,17274.63745451754,,,,,
designated_benchmark,sensitivity_instrument1_savgol_smooth,sensitivity,1,test_split_local,CG-FPLS-code,4,0.01756947333335508,True,0.0003699825014370005,0.018581555854572863,0.01756947333335508,3722.7621988497394,,,,,
designated_benchmark,sensitivity_instrument1_savgol_smooth,sensitivity,1,test_split_local,CG-FPLS-code,5,0.008312342660767085,True,0.0002743975370378601,0.0001487853595535221,0.008312342660767085,1564.6240339379997,,,,,
designated_benchmark,sensitivity_instrument1_savgol_smooth,sensitivity,1,test_split_local,CG-FPLS-code,6,0.005005884018827592,True,6.48777054006162e-05,5.630894966114055e-05,0.005005884018827592,3849.2775089064485,,,,,
designated_benchmark,sensitivity_instrument1_savgol_smooth,sensitivity,1,test_split_local,CG-FPLS-code,7,0.0030875799013775915,True,4.706329579567767e-05,5.4655626554253634e-05,0.0030875799013775915,7782.947932074444,,,,,
designated_benchmark,sensitivity_instrument1_savgol_smooth,sensitivity,1,test_split_local,CG-FPLS-code,8,0.003083915960540815,True,3.9362114378112044e-05,4.2543600870006714e-05,0.003083915960540815,14.859745704706368,,,,,
designated_benchmark,sensitivity_instrument1_savgol_smooth,sensitivity,1,test_split_local,CG-FPLS-code,9,0.0020028690541450283,True,3.5171371209780267e-05,4.213522743362905e-05,0.0020028690541450283,5426.615967428042,,,,,
designated_benchmark,sensitivity_instrument1_savgol_smooth,sensitivity,1,test_split_local,CG-FPLS-code,10,0.0017212967123143939,True,2.7704621666823614e-05,4.034692369170128e-05,0.0017212967123143939,3501.351225479193,,,,,
designated_benchmark,sensitivity_instrument1_savgol_smooth,sensitivity,1,test_split_local,CG-FPLS-code,11,0.0016320106947479258,True,2.0384917773671314e-05,4.011588871553559e-05,0.0016320106947479258,1008.3598990826716,,,,,
designated_benchmark,sensitivity_instrument1_savgol_smooth,sensitivity,1,test_split_local,CG-FPLS-code,12,0.0013796557030980989,True,1.775638113918617e-05,3.856072023575398e-05,0.0013796557030980989,4492.195137877955,,,,,
designated_benchmark,sensitivity_instrument1_savgol_smooth,sensitivity,1,test_split_local,CG-FPLS-code,13,0.0011969201488477499,True,1.3030848808121187e-05,2.4388225635535593e-05,0.0011969201488477499,4806.004010160152,,,,,
designated_benchmark,sensitivity_instrument1_savgol_smooth,sensitivity,1,test_split_local,CG-FPLS-code,14,0.0011451064870158325,True,1.044793366469004e-05,2.426807580487859e-05,0.0011451064870158325,2013.0717060687512,,,,,
designated_benchmark,sensitivity_instrument1_savgol_smooth,sensitivity,1,test_split_local,CG-FPLS-code,15,0.000981808010259633,True,8.935182615173636e-06,9.844667618737668e-06,0.000981808010259633,5765.764624031534,,,,,
designated_benchmark,sensitivity_instrument1_savgol_smooth,sensitivity,1,test_split_local,CG-FPLS-code,16,0.0008252737386469897,True,6.453722655453555e-06,9.296604796107218e-06,0.0008252737386469897,6781.888073605166,,,,,
designated_benchmark,sensitivity_instrument1_savgol_smooth,sensitivity,1,test_split_local,CG-FPLS-code,17,0.0007445708927915772,True,4.69749918703864e-06,3.5239877374584917e-06,0.0007445708927915772,3765.6718967565325,,,,,
designated_benchmark,sensitivity_instrument1_savgol_smooth,sensitivity,1,test_split_local,CG-FPLS-code,18,0.0006656728003759573,True,3.2758128851857654e-06,3.534561883168208e-06,0.0006656728003759573,3354.4371246883247,,,,,
designated_benchmark,sensitivity_instrument1_savgol_smooth,sensitivity,1,test_split_local,CG-FPLS-code,19,0.0006642758709819967,True,2.4048008239459515e-06,3.5417889106998562e-06,0.0006642758709819967,58.90911985241186,,,,,
designated_benchmark,sensitivity_instrument1_savgol_smooth,sensitivity,1,test_split_local,CG-FPLS-code,20,0.0005290504396341269,True,1.87784029311455e-06,3.2834230197858936e-06,0.0005290504396341269,5995.300367585099,,,,,
designated_benchmark,sensitivity_instrument1_savgol_smooth,sensitivity,1,test_split_local,CG-FPLS-code,21,0.0005290246183055589,True,1.3308911957158764e-06,3.00839198240496e-06,0.0005290246183055589,1.7359320248842545,,,,,
designated_benchmark,sensitivity_instrument1_savgol_smooth,sensitivity,1,test_split_local,CG-FPLS-code,22,0.0005238500009285774,True,1.2877571167818951e-06,1.9549716840002386e-06,0.0005238500009285774,595.0155239543732,,,,,
designated_benchmark,sensitivity_instrument1_savgol_smooth,sensitivity,1,test_split_local,CG-FPLS-code,23,0.000509389421005624,True,1.1077989074465653e-06,1.3145883239399111e-06,0.000509389421005624,1771.1975187077223,,,,,
designated_benchmark,sensitivity_instrument1_savgol_smooth,sensitivity,1,test_split_local,CG-FPLS-code,24,0.0004952072844202842,True,9.155352894830138e-07,8.513542621000588e-07,0.0004952072844202842,2634.289819664139,,,,,
designated_benchmark,sensitivity_instrument1_savgol_smooth,sensitivity,1,test_split_local,CG-FPLS-code,25,0.0004529746226011274,True,7.437350206516694e-07,7.063251537147983e-07,0.0004529746226011274,7577.102299422306,,,,,
designated_benchmark,sensitivity_instrument1_savgol_smooth,sensitivity,1,test_split_local,CG-FPLS-code,26,0.00041387481226115856,True,6.691095882721061e-07,6.257990333763295e-07,0.00041387481226115856,9136.854901779176,,,,,
designated_benchmark,sensitivity_instrument1_savgol_smooth,sensitivity,1,test_split_local,CG-FPLS-code,27,0.00041384032019289033,True,5.931860039045582e-07,3.5092176978930694e-07,0.00041384032019289033,11.142361165049929,,,,,
designated_benchmark,sensitivity_instrument1_savgol_smooth,sensitivity,1,test_split_local,CG-FPLS-code,28,0.00041381280409044023,True,5.099737809704304e-07,3.3388403404358354e-07,0.00041381280409044023,9.933148126331298,,,,,
designated_benchmark,sensitivity_instrument1_savgol_smooth,sensitivity,1,test_split_local,CG-FPLS-code,29,0.00039826216755775855,True,4.283937462606648e-07,3.0837334103775464e-07,0.00039826216755775855,6023.476440786165,,,,,
designated_benchmark,sensitivity_instrument1_savgol_smooth,sensitivity,1,test_split_local,CG-FPLS-code,30,0.00035541695488511217,True,3.9875966755800293e-07,3.005570415841636e-07,0.00035541695488511217,20795.218217100137,,,,,
designated_benchmark,sensitivity_instrument1_savgol_smooth,sensitivity,1,test_split_local,CG-FPLS-code,31,0.00033935880732018835,True,3.596393832193527e-07,2.931385695203592e-07,0.00033935880732018835,11354.314258995879,,,,,
designated_benchmark,sensitivity_instrument1_savgol_smooth,sensitivity,1,test_split_local,CG-FPLS-code,32,0.0002834473954900793,True,3.3357034468518223e-07,2.8998873906811415e-07,0.0002834473954900793,35492.48967552327,,,,,
designated_benchmark,sensitivity_instrument1_savgol_smooth,sensitivity,1,test_split_local,CG-FPLS-code,33,0.00028342059357935444,True,3.20164461968115e-07,2.8834894073716227e-07,0.00028342059357935444,18.92253481966602,,,,,
designated_benchmark,sensitivity_instrument1_savgol_smooth,sensitivity,1,test_split_local,CG-FPLS-code,34,0.00025382108589015864,True,2.88757221041273e-07,2.886703509448491e-07,0.00025382108589015864,20077.813685551362,,,,,
designated_benchmark,sensitivity_instrument1_savgol_smooth,sensitivity,1,test_split_local,CG-FPLS-code,35,0.0002531777724478673,True,2.663818664344687e-07,2.8690971141977384e-07,0.0002531777724478673,412.8284043609386,,,,,
designated_benchmark,sensitivity_instrument1_savgol_smooth,sensitivity,1,test_split_local,CG-FPLS-code,36,0.0002461741161035734,True,2.3587483389255903e-07,2.8498393603464866e-07,0.0002461741161035734,4515.014597017124,,,,,
designated_benchmark,sensitivity_instrument1_savgol_smooth,sensitivity,1,test_split_local,CG-FPLS-code,37,0.0002457021368049722,True,2.2401441487405444e-07,2.7988615421928383e-07,0.0002457021368049722,337.9291221530677,,,,,
designated_benchmark,sensitivity_instrument1_savgol_smooth,sensitivity,1,test_split_local,CG-FPLS-code,38,0.00020867132769060112,True,2.012415508774949e-07,2.5495613273373207e-07,0.00020867132769060112,26066.75267815992,,,,,
designated_benchmark,sensitivity_instrument1_savgol_smooth,sensitivity,1,test_split_local,CG-FPLS-code,39,0.0002083566684118144,True,1.8872652853086864e-07,2.498493261089854e-07,0.0002083566684118144,248.62451976995175,,,,,
designated_benchmark,sensitivity_instrument1_savgol_smooth,sensitivity,1,test_split_local,CG-FPLS-code,40,0.00020831522869026815,True,1.7341869377367796e-07,2.46333675914708e-07,0.00020831522869026815,32.922793814503066,,,,,
designated_benchmark,sensitivity_instrument1_savgol_smooth,sensitivity,1,test_split_local,CG-FPLS-code,41,0.00018982274579875842,True,1.4014490246377174e-07,2.4702818316317924e-07,0.00018982274579875842,15114.486292890779,,,,,
designated_benchmark,sensitivity_instrument1_savgol_smooth,sensitivity,1,test_split_local,CG-FPLS-code,42,0.000189699202751133,True,1.2929421309071672e-07,2.4220766390703813e-07,0.000189699202751133,125.88467551453259,,,,,
designated_benchmark,sensitivity_instrument1_savgol_smooth,sensitivity,1,test_split_local,CG-FPLS-code,43,0.00016870918799391475,True,1.2027080086954282e-07,2.2571294970156627e-07,0.00016870918799391475,20325.132341873774,,,,,
designated_benchmark,sensitivity_instrument1_savgol_smooth,sensitivity,1,test_split_local,CG-FPLS-code,44,0.0001598044901764336,True,1.1276196580312773e-07,2.1635220565824265e-07,0.0001598044901764336,7999.044842281433,,,,,
designated_benchmark,sensitivity_instrument1_savgol_smooth,sensitivity,1,test_split_local,CG-FPLS-code,45,0.00015910777118433806,True,1.0255026117279126e-07,2.146516546750323e-07,0.00015910777118433806,613.1725824806049,,,,,
designated_benchmark,sensitivity_instrument1_savgol_smooth,sensitivity,1,test_split_local,CG-FPLS-code,46,0.0001591054206095112,True,9.527223117407973e-08,2.1433274595344222e-07,0.0001591054206095112,2.21849062044328,,,,,
designated_benchmark,sensitivity_instrument1_savgol_smooth,sensitivity,1,test_split_local,CG-FPLS-code,47,0.0001519618090015738,True,8.946681422948484e-08,2.0260923042303438e-07,0.0001519618090015738,8596.00356336216,,,,,
designated_benchmark,sensitivity_instrument1_savgol_smooth,sensitivity,1,test_split_local,CG-FPLS-code,48,0.0001390903050182265,True,8.56941991765253e-08,2.0248056405745682e-07,0.0001390903050182265,14727.36535377549,,,,,
designated_benchmark,sensitivity_instrument1_savgol_smooth,sensitivity,1,test_split_local,CG-FPLS-code,49,0.0001389329963281719,True,7.4637725588064e-08,1.6408965202348708e-07,0.0001389329963281719,225.8005487317945,,,,,
designated_benchmark,sensitivity_instrument1_savgol_smooth,sensitivity,1,test_split_local,CG-FPLS-code,50,0.00013853352244903627,True,6.588792833222597e-08,1.6348365637650012e-07,0.00013853352244903627,574.2668928076971,,,,,
designated_benchmark,sensitivity_instrument1_savgol_smooth,sensitivity,1,test_split_local,CG-FPLS-code,51,0.00012532761413918124,True,6.121598517779265e-08,1.6325205352415759e-07,0.00012532761413918124,21596.916882183526,,,,,
designated_benchmark,sensitivity_instrument1_savgol_smooth,sensitivity,1,test_split_local,CG-FPLS-code,52,0.0001252225688039463,True,5.576841469407413e-08,7.327048911077431e-08,0.0001252225688039463,163.23134632392848,,,,,
designated_benchmark,sensitivity_instrument1_savgol_smooth,sensitivity,1,test_split_local,CG-FPLS-code,53,0.0001250728657939255,True,5.305592102860563e-08,7.304744237778308e-08,0.0001250728657939255,247.6660913465383,,,,,
designated_benchmark,sensitivity_instrument1_savgol_smooth,sensitivity,1,test_split_local,CG-FPLS-code,54,0.0001244587505261955,True,5.009538765400411e-08,7.20172860233793e-08,0.0001244587505261955,1077.6362286699389,,,,,
designated_benchmark,sensitivity_instrument1_savgol_smooth,sensitivity,1,test_split_local,CG-FPLS-code,55,0.00012433159658918532,True,4.490624438035582e-08,6.545799226282813e-08,0.00012433159658918532,287.70335777499514,,,,,
designated_benchmark,sensitivity_instrument1_savgol_smooth,sensitivity,1,test_split_local,CG-FPLS-code,56,0.00011593527849938899,True,3.788747713037912e-08,6.356700602938422e-08,0.00011593527849938899,19169.93968112683,,,,,
designated_benchmark,sensitivity_instrument1_savgol_smooth,sensitivity,1,test_split_local,CG-FPLS-code,57,0.00011592107874075158,True,3.7107451300379414e-08,5.714165896069149e-08,0.00011592107874075158,31.743135410827207,,,,,
designated_benchmark,sensitivity_instrument1_savgol_smooth,sensitivity,1,test_split_local,CG-FPLS-code,58,0.00011591929324338976,True,3.527197555277935e-08,4.769943007025927e-08,0.00011591929324338976,4.132900889477253,,,,,
designated_benchmark,sensitivity_instrument1_savgol_smooth,sensitivity,1,test_split_local,CG-FPLS-code,59,0.00011587708538512963,True,3.343430810588771e-08,4.601433965547408e-08,0.00011587708538512963,111.4163458612766,,,,,
designated_benchmark,sensitivity_instrument1_savgol_smooth,sensitivity,1,test_split_local,CG-FPLS-code,60,0.00011487589731202044,True,2.9610312867116272e-08,4.574705816826448e-08,0.00011487589731202044,2774.8076700359247,,,,,
designated_benchmark,sensitivity_instrument1_savgol_smooth,sensitivity,1,test_split_local,CG-FPLS-code,61,0.00011174311929091266,True,2.7509307113705892e-08,4.5861179995107876e-08,0.00011174311929091266,9039.490531324376,,,,,
designated_benchmark,sensitivity_instrument1_savgol_smooth,sensitivity,1,test_split_local,CG-FPLS-code,62,0.00010562138451514223,True,2.5825736957978306e-08,3.41180035140135e-08,0.00010562138451514223,17064.94326257067,,,,,
designated_benchmark,sensitivity_instrument1_savgol_smooth,sensitivity,1,test_split_local,CG-FPLS-code,63,0.00010561958503966924,True,2.3840209648777882e-08,2.928940596406438e-08,0.00010561958503966924,5.9866958313056635,,,,,
designated_benchmark,sensitivity_instrument1_savgol_smooth,sensitivity,1,test_split_local,CG-FPLS-code,64,0.00010422952510628295,True,2.342442510384286e-08,2.610976159774646e-08,0.00010422952510628295,4675.172382760678,,,,,
designated_benchmark,sensitivity_instrument1_savgol_smooth,sensitivity,1,test_split_local,CG-FPLS-code,65,0.00010418758434200104,True,2.172972363647389e-08,2.3237061300943574e-08,0.00010418758434200104,145.03094942941956,,,,,
designated_benchmark,sensitivity_instrument1_savgol_smooth,sensitivity,1,test_split_local,CG-FPLS-code,66,9.594708121941744e-05,True,1.9067503490408667e-08,2.2867974797745144e-08,9.594708121941744e-05,27453.69513401345,,,,,
designated_benchmark,sensitivity_instrument1_savgol_smooth,sensitivity,1,test_split_local,CG-FPLS-code,67,9.563408065176924e-05,True,1.7513173274719825e-08,2.1845052628322762e-08,9.563408065176924e-05,1311.1527027259242,,,,,
designated_benchmark,sensitivity_instrument1_savgol_smooth,sensitivity,1,test_split_local,CG-FPLS-code,68,9.546318213350559e-05,True,1.677436606391406e-08,2.185028354363727e-08,9.546318213350559e-05,723.6575378998497,,,,,
designated_benchmark,sensitivity_instrument1_savgol_smooth,sensitivity,1,test_split_local,CG-FPLS-code,69,9.546038796367397e-05,True,1.5507866416286488e-08,2.1690451093775798e-08,9.546038796367397e-05,11.9156042744435,,,,,
designated_benchmark,sensitivity_instrument1_savgol_smooth,sensitivity,1,test_split_local,CG-FPLS-code,70,8.859104585331998e-05,True,1.4710739287716273e-08,2.113784551313111e-08,8.859104585331998e-05,31600.440762307433,,,,,
designated_benchmark,sensitivity_instrument1_savgol_smooth,sensitivity,1,test_split_local,Raw FPLS,1,287.3448833542582,True,,,,,True,1.0,1.0,1.5661192818731902,
designated_benchmark,sensitivity_instrument1_savgol_smooth,sensitivity,1,test_split_local,Raw FPLS,2,224.53282242779355,True,,,,,True,5.439108319284036,13.099812503406376,-0.07513561543891832,
designated_benchmark,sensitivity_instrument1_savgol_smooth,sensitivity,1,test_split_local,Raw FPLS,3,32.67807176105057,True,,,,,True,70.27563842484001,504.0787437832103,-1.6757990544915997,
designated_benchmark,sensitivity_instrument1_savgol_smooth,sensitivity,1,test_split_local,Raw FPLS,4,23.065772216341045,True,,,,,True,19225.818289275623,142229.2446248243,-3.274833141643704,
designated_benchmark,sensitivity_instrument1_savgol_smooth,sensitivity,1,test_split_local,Raw FPLS,5,22.44747969966744,True,,,,,True,4183520.731629155,42241929.955121666,-4.873789398591413,
designated_benchmark,sensitivity_instrument1_savgol_smooth,sensitivity,1,test_split_local,Raw FPLS,6,22.446936658242414,True,,,,,True,890303291.6101418,20861823323.661045,-6.4727419470892915,
designated_benchmark,sensitivity_instrument1_savgol_smooth,sensitivity,1,test_split_local,Raw FPLS,7,142.3099414060305,True,,,,,True,779165181261.0225,29377727910835.848,-8.071694318920015,
designated_benchmark,sensitivity_instrument1_savgol_smooth,sensitivity,1,test_split_local,Raw FPLS,8,22.552953979615314,True,,,,,True,1856901088921249.2,3975273044846946.5,-9.670646682334556,
designated_benchmark,sensitivity_instrument1_savgol_smooth,sensitivity,1,test_split_local,Raw FPLS,9,22.721140972064678,True,,,,,True,4503599627370496.0,4503599627370496.0,-11.26959904534816,
designated_benchmark,sensitivity_instrument1_savgol_smooth,sensitivity,1,test_split_local,Raw FPLS,10,56.66190355106501,True,,,,,True,4503599627370496.0,4503599627370496.0,-12.868551408342666,
designated_benchmark,sensitivity_instrument1_savgol_smooth,sensitivity,1,test_split_local,Raw FPLS,11,26.334239908326644,True,,,,,True,4503599627370496.0,4503599627370496.0,-14.467503771336261,
designated_benchmark,sensitivity_instrument1_savgol_smooth,sensitivity,1,test_split_local,Raw FPLS,12,23.14745599723033,True,,,,,True,4503599627370496.0,4503599627370496.0,-16.066456134329815,
designated_benchmark,sensitivity_instrument1_savgol_smooth,sensitivity,1,test_split_local,Raw FPLS,13,22.47872925110194,True,,,,,True,4503599627370496.0,4503599627370496.0,-17.665408497323362,
designated_benchmark,sensitivity_instrument1_savgol_smooth,sensitivity,1,test_split_local,Raw FPLS,14,22.47879525382792,True,,,,,True,4503599627370496.0,4503599627370496.0,-19.264360860316913,
designated_benchmark,sensitivity_instrument1_savgol_smooth,sensitivity,1,test_split_local,Raw FPLS,15,23.024235469338166,True,,,,,True,4503599627370496.0,4503599627370496.0,-20.863313223310463,
designated_benchmark,sensitivity_instrument1_savgol_smooth,sensitivity,1,test_split_local,Raw FPLS,16,24.69458691869389,True,,,,,True,4503599627370496.0,4503599627370496.0,-22.462265586304014,
designated_benchmark,sensitivity_instrument1_savgol_smooth,sensitivity,1,test_split_local,Raw FPLS,17,22.53768313053754,True,,,,,True,4503599627370496.0,4503599627370496.0,-24.061217949297564,
designated_benchmark,sensitivity_instrument1_savgol_smooth,sensitivity,1,test_split_local,Raw FPLS,18,46203.685897593365,True,,,,,True,4503599627370496.0,4503599627370496.0,-25.66017031229111,
designated_benchmark,sensitivity_instrument1_savgol_smooth,sensitivity,1,test_split_local,Raw FPLS,19,24.053231134963138,True,,,,,True,4503599627370496.0,4503599627370496.0,-27.25912267528466,
designated_benchmark,sensitivity_instrument1_savgol_smooth,sensitivity,1,test_split_local,Raw FPLS,20,24.20115657834172,True,,,,,True,4503599627370496.0,4503599627370496.0,-28.858075038278212,
designated_benchmark,sensitivity_instrument1_savgol_smooth,sensitivity,1,test_split_local,Raw FPLS,21,22.751776319740383,True,,,,,True,4503599627370496.0,4503599627370496.0,-30.457027401271763,
designated_benchmark,sensitivity_instrument1_savgol_smooth,sensitivity,1,test_split_local,Raw FPLS,22,22.942247980464973,True,,,,,True,4503599627370496.0,4503599627370496.0,-32.05597976426531,
designated_benchmark,sensitivity_instrument1_savgol_smooth,sensitivity,1,test_split_local,Raw FPLS,23,22.420479409549714,True,,,,,True,4503599627370496.0,4503599627370496.0,-33.65493212725886,
designated_benchmark,sensitivity_instrument1_savgol_smooth,sensitivity,1,test_split_local,Raw FPLS,24,23.904532073247527,True,,,,,True,4503599627370496.0,4503599627370496.0,-35.25388449025241,
designated_benchmark,sensitivity_instrument1_savgol_smooth,sensitivity,1,test_split_local,Raw FPLS,25,22.952548636280742,True,,,,,True,4503599627370496.0,4503599627370496.0,-36.85283685324596,
designated_benchmark,sensitivity_instrument1_savgol_smooth,sensitivity,1,test_split_local,Raw FPLS,26,22.289871021330356,True,,,,,True,4503599627370496.0,4503599627370496.0,-38.45178921623951,
designated_benchmark,sensitivity_instrument1_savgol_smooth,sensitivity,1,test_split_local,Raw FPLS,27,25.926091177949676,True,,,,,True,4503599627370496.0,4503599627370496.0,-40.05074157923306,
designated_benchmark,sensitivity_instrument1_savgol_smooth,sensitivity,1,test_split_local,Raw FPLS,28,22.732076184339245,True,,,,,True,4503599627370496.0,4503599627370496.0,-41.64969394222661,
designated_benchmark,sensitivity_instrument1_savgol_smooth,sensitivity,1,test_split_local,Raw FPLS,29,23.037298132090033,True,,,,,True,4503599627370496.0,4503599627370496.0,-43.24864630522016,
designated_benchmark,sensitivity_instrument1_savgol_smooth,sensitivity,1,test_split_local,Raw FPLS,30,25.129322018263,True,,,,,True,4503599627370496.0,4503599627370496.0,-44.847598668213706,
designated_benchmark,sensitivity_instrument1_savgol_smooth,sensitivity,1,test_split_local,Raw FPLS,31,22.57324973472682,True,,,,,True,4503599627370496.0,4503599627370496.0,-46.44655103120726,
designated_benchmark,sensitivity_instrument1_savgol_smooth,sensitivity,1,test_split_local,Raw FPLS,32,53.79381556028804,True,,,,,True,4503599627370496.0,4503599627370496.0,-48.04550339420081,
designated_benchmark,sensitivity_instrument1_savgol_smooth,sensitivity,1,test_split_local,Raw FPLS,33,26.177152403987243,True,,,,,True,4503599627370496.0,4503599627370496.0,-49.64445575719436,
designated_benchmark,sensitivity_instrument1_savgol_smooth,sensitivity,1,test_split_local,Raw FPLS,34,22.800706488919804,True,,,,,True,4503599627370496.0,4503599627370496.0,-51.24340812018791,
designated_benchmark,sensitivity_instrument1_savgol_smooth,sensitivity,1,test_split_local,Raw FPLS,35,78.71390789616832,True,,,,,True,4503599627370496.0,4503599627370496.0,-52.84236048318146,
designated_benchmark,sensitivity_instrument1_savgol_smooth,sensitivity,1,test_split_local,Raw FPLS,36,22.96237900610863,True,,,,,True,4503599627370496.0,4503599627370496.0,-54.44131284617501,
designated_benchmark,sensitivity_instrument1_savgol_smooth,sensitivity,1,test_split_local,Raw FPLS,37,23.118954950221553,True,,,,,True,4503599627370496.0,4503599627370496.0,-56.04026520916856,
designated_benchmark,sensitivity_instrument1_savgol_smooth,sensitivity,1,test_split_local,Raw FPLS,38,22.395290440362174,True,,,,,True,4503599627370496.0,4503599627370496.0,-57.63921757216211,
designated_benchmark,sensitivity_instrument1_savgol_smooth,sensitivity,1,test_split_local,Raw FPLS,39,23.248268421292046,True,,,,,True,4503599627370496.0,4503599627370496.0,-59.23816993515566,
designated_benchmark,sensitivity_instrument1_savgol_smooth,sensitivity,1,test_split_local,Raw FPLS,40,23.686136460853536,True,,,,,True,4503599627370496.0,4503599627370496.0,-60.837122298149204,
designated_benchmark,sensitivity_instrument1_savgol_smooth,sensitivity,1,test_split_local,Raw FPLS,41,428.27435838605476,True,,,,,True,4503599627370496.0,4503599627370496.0,-62.436074661142754,
designated_benchmark,sensitivity_instrument1_savgol_smooth,sensitivity,1,test_split_local,Raw FPLS,42,25.183695599514696,True,,,,,True,4503599627370496.0,4503599627370496.0,-64.03502702413631,
designated_benchmark,sensitivity_instrument1_savgol_smooth,sensitivity,1,test_split_local,Raw FPLS,43,23.994252626800865,True,,,,,True,4503599627370496.0,4503599627370496.0,-65.63397938712986,
designated_benchmark,sensitivity_instrument1_savgol_smooth,sensitivity,1,test_split_local,Raw FPLS,44,22.52160078240386,True,,,,,True,4503599627370496.0,4503599627370496.0,-67.23293175012341,
designated_benchmark,sensitivity_instrument1_savgol_smooth,sensitivity,1,test_split_local,Raw FPLS,45,23.16333443824189,True,,,,,True,4503599627370496.0,4503599627370496.0,-68.83188411311696,
designated_benchmark,sensitivity_instrument1_savgol_smooth,sensitivity,1,test_split_local,Raw FPLS,46,24.642772861626405,True,,,,,True,4503599627370496.0,4503599627370496.0,-70.4308364761105,
designated_benchmark,sensitivity_instrument1_savgol_smooth,sensitivity,1,test_split_local,Raw FPLS,47,22.769062203836047,True,,,,,True,4503599627370496.0,4503599627370496.0,-72.02978883910406,
designated_benchmark,sensitivity_instrument1_savgol_smooth,sensitivity,1,test_split_local,Raw FPLS,48,23.222828824905164,True,,,,,True,4503599627370496.0,4503599627370496.0,-73.6287412020976,
designated_benchmark,sensitivity_instrument1_savgol_smooth,sensitivity,1,test_split_local,Raw FPLS,49,430.86311760155087,True,,,,,True,4503599627370496.0,4503599627370496.0,-75.22769356509116,
designated_benchmark,sensitivity_instrument1_savgol_smooth,sensitivity,1,test_split_local,Raw FPLS,50,27.061045179366104,True,,,,,True,4503599627370496.0,4503599627370496.0,-76.8266459280847,
designated_benchmark,sensitivity_instrument1_savgol_smooth,sensitivity,1,test_split_local,Raw FPLS,51,22.25050525278255,True,,,,,True,4503599627370496.0,4503599627370496.0,-78.42559829107826,
designated_benchmark,sensitivity_instrument1_savgol_smooth,sensitivity,1,test_split_local,Raw FPLS,52,23.50552477095822,True,,,,,True,4503599627370496.0,4503599627370496.0,-80.0245506540718,
designated_benchmark,sensitivity_instrument1_savgol_smooth,sensitivity,1,test_split_local,Raw FPLS,53,22.674280385582097,True,,,,,True,4503599627370496.0,4503599627370496.0,-81.62350301706536,
designated_benchmark,sensitivity_instrument1_savgol_smooth,sensitivity,1,test_split_local,Raw FPLS,54,24.401010451535853,True,,,,,True,4503599627370496.0,4503599627370496.0,-83.2224553800589,
designated_benchmark,sensitivity_instrument1_savgol_smooth,sensitivity,1,test_split_local,Raw FPLS,55,24.366733188383876,True,,,,,True,4503599627370496.0,4503599627370496.0,-84.82140774305245,
designated_benchmark,sensitivity_instrument1_savgol_smooth,sensitivity,1,test_split_local,Raw FPLS,56,22.927919691914923,True,,,,,True,4503599627370496.0,4503599627370496.0,-86.420360106046,
designated_benchmark,sensitivity_instrument1_savgol_smooth,sensitivity,1,test_split_local,Raw FPLS,57,32.0047828016915,True,,,,,True,4503599627370496.0,4503599627370496.0,-88.01931246903955,
designated_benchmark,sensitivity_instrument1_savgol_smooth,sensitivity,1,test_split_local,Raw FPLS,58,22.512409411938712,True,,,,,True,4503599627370496.0,4503599627370496.0,-89.6182648320331,
designated_benchmark,sensitivity_instrument1_savgol_smooth,sensitivity,1,test_split_local,Raw FPLS,59,23.171919440241506,True,,,,,True,4503599627370496.0,4503599627370496.0,-91.21721719502665,
designated_benchmark,sensitivity_instrument1_savgol_smooth,sensitivity,1,test_split_local,Raw FPLS,60,37.63372940583644,True,,,,,True,4503599627370496.0,4503599627370496.0,-92.8161695580202,
designated_benchmark,sensitivity_instrument1_savgol_smooth,sensitivity,1,test_split_local,Raw FPLS,61,22.464876518170936,True,,,,,True,4503599627370496.0,4503599627370496.0,-94.41512192101375,
designated_benchmark,sensitivity_instrument1_savgol_smooth,sensitivity,1,test_split_local,Raw FPLS,62,25.086914924711888,True,,,,,True,4503599627370496.0,4503599627370496.0,-96.01407428400731,
designated_benchmark,sensitivity_instrument1_savgol_smooth,sensitivity,1,test_split_local,Raw FPLS,63,23.130546993022328,True,,,,,True,4503599627370496.0,4503599627370496.0,-97.61302664700085,
designated_benchmark,sensitivity_instrument1_savgol_smooth,sensitivity,1,test_split_local,Raw FPLS,64,24.040966615362077,True,,,,,True,4503599627370496.0,4503599627370496.0,-99.21197900999441,
designated_benchmark,sensitivity_instrument1_savgol_smooth,sensitivity,1,test_split_local,Raw FPLS,65,38.86505371045882,True,,,,,True,4503599627370496.0,4503599627370496.0,-100.81093137298795,
designated_benchmark,sensitivity_instrument1_savgol_smooth,sensitivity,1,test_split_local,Raw FPLS,66,23.31885366975889,True,,,,,True,4503599627370496.0,4503599627370496.0,-102.4098837359815,
designated_benchmark,sensitivity_instrument1_savgol_smooth,sensitivity,1,test_split_local,Raw FPLS,67,24.44312000643017,True,,,,,True,4503599627370496.0,4503599627370496.0,-104.00883609897505,
designated_benchmark,sensitivity_instrument1_savgol_smooth,sensitivity,1,test_split_local,Raw FPLS,68,23.31914868815824,True,,,,,True,4503599627370496.0,4503599627370496.0,-105.6077884619686,
designated_benchmark,sensitivity_instrument1_savgol_smooth,sensitivity,1,test_split_local,Raw FPLS,69,23.105069301139906,True,,,,,True,4503599627370496.0,4503599627370496.0,-107.20674082496215,
designated_benchmark,sensitivity_instrument1_savgol_smooth,sensitivity,1,test_split_local,Raw FPLS,70,25.776370744485185,True,,,,,True,4503599627370496.0,4503599627370496.0,-108.8056931879557,
designated_benchmark,sensitivity_instrument1_savgol_smooth,sensitivity,1,test_split_local,Arnoldi FPLS,1,287.3448833542581,True,,,,,True,1.0,1.0,,0.0
designated_benchmark,sensitivity_instrument1_savgol_smooth,sensitivity,1,test_split_local,Arnoldi FPLS,2,224.53282242779355,True,,,,,True,1.0000000000000002,2.5476247321871575,,4.503252645425837e-16
designated_benchmark,sensitivity_instrument1_savgol_smooth,sensitivity,1,test_split_local,Arnoldi FPLS,3,32.67807176081596,True,,,,,True,1.0000000000000002,8.186656563348429,,5.035839770396688e-16
designated_benchmark,sensitivity_instrument1_savgol_smooth,sensitivity,1,test_split_local,Arnoldi FPLS,4,23.065772633987258,True,,,,,True,1.0000000000000002,8.787821882034061,,4.649038478900223e-16
designated_benchmark,sensitivity_instrument1_savgol_smooth,sensitivity,1,test_split_local,Arnoldi FPLS,5,22.481785187188954,True,,,,,True,1.0000000000000007,10.838823312948463,,4.693504760529931e-16
designated_benchmark,sensitivity_instrument1_savgol_smooth,sensitivity,1,test_split_local,Arnoldi FPLS,6,21.68832462851944,True,,,,,True,1.0000000000000002,26.825529395390703,,5.870729092467302e-16
designated_benchmark,sensitivity_instrument1_savgol_smooth,sensitivity,1,test_split_local,Arnoldi FPLS,7,22.18371269803834,True,,,,,True,1.0000000000000007,50.122959755411856,,6.203652927279955e-16
designated_benchmark,sensitivity_instrument1_savgol_smooth,sensitivity,1,test_split_local,Arnoldi FPLS,8,21.066103246706046,True,,,,,True,1.0000000000000007,59.25510901119869,,7.637507611148523e-16
designated_benchmark,sensitivity_instrument1_savgol_smooth,sensitivity,1,test_split_local,Arnoldi FPLS,9,20.587479619622933,True,,,,,True,1.0000000000000009,83.41802944152153,,7.815963328809536e-16
designated_benchmark,sensitivity_instrument1_savgol_smooth,sensitivity,1,test_split_local,Arnoldi FPLS,10,21.17537573996173,True,,,,,True,1.0000000000000004,101.82007442110654,,8.282644467620975e-16
designated_benchmark,sensitivity_instrument1_savgol_smooth,sensitivity,1,test_split_local,Arnoldi FPLS,11,21.355190059416586,True,,,,,True,1.0000000000000007,123.2815386116519,,8.368970251202212e-16
designated_benchmark,sensitivity_instrument1_savgol_smooth,sensitivity,1,test_split_local,Arnoldi FPLS,12,21.21808984947247,True,,,,,True,1.0000000000000004,146.6243744217912,,1.1368387607671473e-15
designated_benchmark,sensitivity_instrument1_savgol_smooth,sensitivity,1,test_split_local,Arnoldi FPLS,13,21.13771892059516,True,,,,,True,1.0000000000000007,164.37676295589807,,1.1368768452673984e-15
designated_benchmark,sensitivity_instrument1_savgol_smooth,sensitivity,1,test_split_local,Arnoldi FPLS,14,21.305141429579205,True,,,,,True,1.0000000000000007,174.45999461993082,,1.1369988447481386e-15
designated_benchmark,sensitivity_instrument1_savgol_smooth,sensitivity,1,test_split_local,Arnoldi FPLS,15,21.47527303301566,True,,,,,True,1.0000000000000007,182.57870913717883,,1.1377786388446059e-15
designated_benchmark,sensitivity_instrument1_savgol_smooth,sensitivity,1,test_split_local,Arnoldi FPLS,16,22.039451291157775,True,,,,,True,1.000000000000001,249.00747035218566,,1.1699370432483767e-15
designated_benchmark,sensitivity_instrument1_savgol_smooth,sensitivity,1,test_split_local,Arnoldi FPLS,17,22.987213044427634,True,,,,,True,1.0000000000000007,310.7071278097938,,1.170083859714317e-15
designated_benchmark,sensitivity_instrument1_savgol_smooth,sensitivity,1,test_split_local,Arnoldi FPLS,18,23.870144713157675,True,,,,,True,1.0000000000000009,358.1153270339985,,1.1701964889284326e-15
designated_benchmark,sensitivity_instrument1_savgol_smooth,sensitivity,1,test_split_local,Arnoldi FPLS,19,24.7528427033709,True,,,,,True,1.0000000000000009,448.1809998207062,,1.1735103506666482e-15
designated_benchmark,sensitivity_instrument1_savgol_smooth,sensitivity,1,test_split_local,Arnoldi FPLS,20,28.722468350136815,True,,,,,True,1.0000000000000007,514.8189015802603,,1.173989537392208e-15
designated_benchmark,sensitivity_instrument1_savgol_smooth,sensitivity,1,test_split_local,Arnoldi FPLS,21,28.6353562089334,True,,,,,True,1.0000000000000007,618.3682429210668,,1.174002537885752e-15
designated_benchmark,sensitivity_instrument1_savgol_smooth,sensitivity,1,test_split_local,Arnoldi FPLS,22,28.866526681153182,True,,,,,True,1.0000000000000004,658.5232706141906,,1.1745931292519554e-15
designated_benchmark,sensitivity_instrument1_savgol_smooth,sensitivity,1,test_split_local,Arnoldi FPLS,23,28.62957619943542,True,,,,,True,1.0000000000000009,693.5610463133983,,1.1755673687542154e-15
designated_benchmark,sensitivity_instrument1_savgol_smooth,sensitivity,1,test_split_local,Arnoldi FPLS,24,27.966335848476525,True,,,,,True,1.0000000000000009,738.4494152733048,,1.1783329851900684e-15
designated_benchmark,sensitivity_instrument1_savgol_smooth,sensitivity,1,test_split_local,Arnoldi FPLS,25,26.84430459133872,True,,,,,True,1.0000000000000009,793.1543922588708,,1.180426178666496e-15
designated_benchmark,sensitivity_instrument1_savgol_smooth,sensitivity,1,test_split_local,Arnoldi FPLS,26,26.512126865008913,True,,,,,True,1.000000000000001,865.6814102058962,,1.1805185838404868e-15
designated_benchmark,sensitivity_instrument1_savgol_smooth,sensitivity,1,test_split_local,Arnoldi FPLS,27,27.504005100130684,True,,,,,True,1.0000000000000009,982.5520795134811,,1.1829399876729178e-15
designated_benchmark,sensitivity_instrument1_savgol_smooth,sensitivity,1,test_split_local,Arnoldi FPLS,28,28.5356234979111,True,,,,,True,1.0000000000000009,1124.6830669856595,,1.1829734993451886e-15
designated_benchmark,sensitivity_instrument1_savgol_smooth,sensitivity,1,test_split_local,Arnoldi FPLS,29,29.242137155089157,True,,,,,True,1.0000000000000009,1254.8080248803547,,1.1851206301854672e-15
designated_benchmark,sensitivity_instrument1_savgol_smooth,sensitivity,1,test_split_local,Arnoldi FPLS,30,30.3977675305502,True,,,,,True,1.0000000000000009,1378.4672148113461,,1.1880616086530324e-15
designated_benchmark,sensitivity_instrument1_savgol_smooth,sensitivity,1,test_split_local,Arnoldi FPLS,31,31.231705051377542,True,,,,,True,1.0000000000000007,1593.1740894424677,,1.1895499778643553e-15
designated_benchmark,sensitivity_instrument1_savgol_smooth,sensitivity,1,test_split_local,Arnoldi FPLS,32,32.05971355872649,True,,,,,True,1.000000000000001,1743.7019469439106,,1.1907693047481232e-15
designated_benchmark,sensitivity_instrument1_savgol_smooth,sensitivity,1,test_split_local,Arnoldi FPLS,33,33.86061377988861,True,,,,,True,1.0000000000000013,1897.1307079233165,,1.1911211738430484e-15
designated_benchmark,sensitivity_instrument1_savgol_smooth,sensitivity,1,test_split_local,Arnoldi FPLS,34,34.662709933608525,True,,,,,True,1.0000000000000009,2164.016423562762,,1.1923422590975774e-15
designated_benchmark,sensitivity_instrument1_savgol_smooth,sensitivity,1,test_split_local,Arnoldi FPLS,35,35.480627625129024,True,,,,,True,1.0000000000000013,2363.3384203263095,,1.1929037932007359e-15
designated_benchmark,sensitivity_instrument1_savgol_smooth,sensitivity,1,test_split_local,Arnoldi FPLS,36,36.97764962457608,True,,,,,True,1.000000000000001,2552.401337320843,,1.1932224457944404e-15
designated_benchmark,sensitivity_instrument1_savgol_smooth,sensitivity,1,test_split_local,Arnoldi FPLS,37,36.743137188952254,True,,,,,True,1.000000000000001,2766.581206326565,,1.1942787446277105e-15
designated_benchmark,sensitivity_instrument1_savgol_smooth,sensitivity,1,test_split_local,Arnoldi FPLS,38,38.101636156275895,True,,,,,True,1.0000000000000007,2914.894167065753,,1.1959221589623627e-15
designated_benchmark,sensitivity_instrument1_savgol_smooth,sensitivity,1,test_split_local,Arnoldi FPLS,39,38.97235788087586,True,,,,,True,1.0000000000000009,3137.6953441745504,,1.1965030091651338e-15
designated_benchmark,sensitivity_instrument1_savgol_smooth,sensitivity,1,test_split_local,Arnoldi FPLS,40,39.40474382304657,True,,,,,True,1.0000000000000009,3389.0820858174925,,1.1973656931109997e-15
designated_benchmark,sensitivity_instrument1_savgol_smooth,sensitivity,1,test_split_local,Arnoldi FPLS,41,41.770244106789484,True,,,,,True,1.0000000000000009,3562.583668708334,,1.19748263028844e-15
designated_benchmark,sensitivity_instrument1_savgol_smooth,sensitivity,1,test_split_local,Arnoldi FPLS,42,43.27833569888273,True,,,,,True,1.0000000000000009,3778.205061127073,,1.1978345166648493e-15
designated_benchmark,sensitivity_instrument1_savgol_smooth,sensitivity,1,test_split_local,Arnoldi FPLS,43,43.15307378636797,True,,,,,True,1.0000000000000007,4018.3399153689998,,1.1989652933630283e-15
designated_benchmark,sensitivity_instrument1_savgol_smooth,sensitivity,1,test_split_local,Arnoldi FPLS,44,44.006555894269,True,,,,,True,1.0000000000000007,4254.98687242867,,1.2067637980289042e-15
designated_benchmark,sensitivity_instrument1_savgol_smooth,sensitivity,1,test_split_local,Arnoldi FPLS,45,44.921250689812794,True,,,,,True,1.0000000000000007,4458.224038628277,,1.2080093368474201e-15
designated_benchmark,sensitivity_instrument1_savgol_smooth,sensitivity,1,test_split_local,Arnoldi FPLS,46,46.50807285558525,True,,,,,True,1.0000000000000009,4816.060996781912,,1.2100341597702611e-15
designated_benchmark,sensitivity_instrument1_savgol_smooth,sensitivity,1,test_split_local,Arnoldi FPLS,47,47.36958101947778,True,,,,,True,1.0000000000000009,5225.149576146108,,1.210054369261047e-15
designated_benchmark,sensitivity_instrument1_savgol_smooth,sensitivity,1,test_split_local,Arnoldi FPLS,48,48.13670107659383,True,,,,,True,1.0000000000000009,5615.349620338283,,1.2101004844027816e-15
designated_benchmark,sensitivity_instrument1_savgol_smooth,sensitivity,1,test_split_local,Arnoldi FPLS,49,49.645127383158034,True,,,,,True,1.000000000000001,5809.9963242631575,,1.211453612612108e-15
designated_benchmark,sensitivity_instrument1_savgol_smooth,sensitivity,1,test_split_local,Arnoldi FPLS,50,51.540455270357846,True,,,,,True,1.0000000000000009,6150.456598600142,,1.21219089545274e-15
designated_benchmark,sensitivity_instrument1_savgol_smooth,sensitivity,1,test_split_local,Arnoldi FPLS,51,52.35214395706203,True,,,,,True,1.0000000000000007,6393.204791074341,,1.213988674368144e-15
designated_benchmark,sensitivity_instrument1_savgol_smooth,sensitivity,1,test_split_local,Arnoldi FPLS,52,52.59439775049503,True,,,,,True,1.0000000000000007,6676.110443997709,,1.2140920092152585e-15
designated_benchmark,sensitivity_instrument1_savgol_smooth,sensitivity,1,test_split_local,Arnoldi FPLS,53,52.39135084883539,True,,,,,True,1.0000000000000009,6933.4639765117245,,1.2163274274922172e-15
designated_benchmark,sensitivity_instrument1_savgol_smooth,sensitivity,1,test_split_local,Arnoldi FPLS,54,52.05127760387228,True,,,,,True,1.000000000000001,7119.591039595177,,1.216517902876837e-15
designated_benchmark,sensitivity_instrument1_savgol_smooth,sensitivity,1,test_split_local,Arnoldi FPLS,55,52.949551486539164,True,,,,,True,1.000000000000001,7392.322171841926,,1.2165232984745944e-15
designated_benchmark,sensitivity_instrument1_savgol_smooth,sensitivity,1,test_split_local,Arnoldi FPLS,56,52.64494477129766,True,,,,,True,1.0000000000000009,7634.293307227244,,1.2173051953264473e-15
designated_benchmark,sensitivity_instrument1_savgol_smooth,sensitivity,1,test_split_local,Arnoldi FPLS,57,52.36755510706955,True,,,,,True,1.000000000000001,7964.3534900453915,,1.2194944228440008e-15
designated_benchmark,sensitivity_instrument1_savgol_smooth,sensitivity,1,test_split_local,Arnoldi FPLS,58,52.988493573484234,True,,,,,True,1.000000000000001,8339.677351601613,,1.2245706911418586e-15
designated_benchmark,sensitivity_instrument1_savgol_smooth,sensitivity,1,test_split_local,Arnoldi FPLS,59,54.33306002641627,True,,,,,True,1.000000000000001,8567.474820643072,,1.2259850551334651e-15
designated_benchmark,sensitivity_instrument1_savgol_smooth,sensitivity,1,test_split_local,Arnoldi FPLS,60,54.43685957461892,True,,,,,True,1.0000000000000009,8828.566039793888,,1.226507736323153e-15
designated_benchmark,sensitivity_instrument1_savgol_smooth,sensitivity,1,test_split_local,Arnoldi FPLS,61,54.45881366362604,True,,,,,True,1.000000000000001,9146.072841488363,,1.2265565010706304e-15
designated_benchmark,sensitivity_instrument1_savgol_smooth,sensitivity,1,test_split_local,Arnoldi FPLS,62,55.50332300069782,True,,,,,True,1.0000000000000009,9403.910039591612,,1.2265658772435515e-15
designated_benchmark,sensitivity_instrument1_savgol_smooth,sensitivity,1,test_split_local,Arnoldi FPLS,63,56.1118184362501,True,,,,,True,1.000000000000001,9717.812527377884,,1.2352023529847345e-15
designated_benchmark,sensitivity_instrument1_savgol_smooth,sensitivity,1,test_split_local,Arnoldi FPLS,64,58.18593431987356,True,,,,,True,1.0000000000000009,10094.658634348416,,1.2352317556417133e-15
designated_benchmark,sensitivity_instrument1_savgol_smooth,sensitivity,1,test_split_local,Arnoldi FPLS,65,59.50185496231547,True,,,,,True,1.0000000000000009,10502.325570502982,,1.2352874538079273e-15
designated_benchmark,sensitivity_instrument1_savgol_smooth,sensitivity,1,test_split_local,Arnoldi FPLS,66,60.647797469939896,True,,,,,True,1.0000000000000013,10901.385931342307,,1.237650311822216e-15
designated_benchmark,sensitivity_instrument1_savgol_smooth,sensitivity,1,test_split_local,Arnoldi FPLS,67,60.92008143517125,True,,,,,True,1.0000000000000009,11290.653563879812,,1.2377668846445093e-15
designated_benchmark,sensitivity_instrument1_savgol_smooth,sensitivity,1,test_split_local,Arnoldi FPLS,68,61.94489846697912,True,,,,,True,1.0000000000000007,11703.565804641532,,1.2378032361249321e-15
designated_benchmark,sensitivity_instrument1_savgol_smooth,sensitivity,1,test_split_local,Arnoldi FPLS,69,62.85503584563156,True,,,,,True,1.0000000000000009,12087.31631911647,,1.239233368414233e-15
designated_benchmark,sensitivity_instrument1_savgol_smooth,sensitivity,1,test_split_local,Arnoldi FPLS,70,62.49233396338807,True,,,,,True,1.0000000000000007,12656.895911053218,,1.2418036469332393e-15
designated_benchmark,sensitivity_instrument1_savgol_smooth,sensitivity,1,test_split_local,FPCR,1,318.93524025253606,True,0.025179531025089245,,,,,,,,
designated_benchmark,sensitivity_instrument1_savgol_smooth,sensitivity,1,test_split_local,FPCR,2,267.1661315039058,True,0.00549575321969566,,,,,,,,
designated_benchmark,sensitivity_instrument1_savgol_smooth,sensitivity,1,test_split_local,FPCR,3,249.76550425282772,True,0.0005962331810117855,,,,,,,,
designated_benchmark,sensitivity_instrument1_savgol_smooth,sensitivity,1,test_split_local,FPCR,4,92.2821434965005,True,0.0003699825014370005,,,,,,,,
designated_benchmark,sensitivity_instrument1_savgol_smooth,sensitivity,1,test_split_local,FPCR,5,23.365035974702376,True,0.0002743975370378601,,,,,,,,
designated_benchmark,sensitivity_instrument1_savgol_smooth,sensitivity,1,test_split_local,FPCR,6,22.1160405430521,True,6.48777054006162e-05,,,,,,,,
designated_benchmark,sensitivity_instrument1_savgol_smooth,sensitivity,1,test_split_local,FPCR,7,22.311037399340762,True,4.706329579567767e-05,,,,,,,,
designated_benchmark,sensitivity_instrument1_savgol_smooth,sensitivity,1,test_split_local,FPCR,8,22.219290761076323,True,3.9362114378112044e-05,,,,,,,,
designated_benchmark,sensitivity_instrument1_savgol_smooth,sensitivity,1,test_split_local,FPCR,9,22.442402011263656,True,3.5171371209780267e-05,,,,,,,,
designated_benchmark,sensitivity_instrument1_savgol_smooth,sensitivity,1,test_split_local,FPCR,10,22.61102897395672,True,2.7704621666823614e-05,,,,,,,,
designated_benchmark,sensitivity_instrument1_savgol_smooth,sensitivity,1,test_split_local,FPCR,11,22.838437401667004,True,2.0384917773671314e-05,,,,,,,,
designated_benchmark,sensitivity_instrument1_savgol_smooth,sensitivity,1,test_split_local,FPCR,12,22.98515772122306,True,1.775638113918617e-05,,,,,,,,
designated_benchmark,sensitivity_instrument1_savgol_smooth,sensitivity,1,test_split_local,FPCR,13,22.029093268383235,True,1.3030848808121187e-05,,,,,,,,
designated_benchmark,sensitivity_instrument1_savgol_smooth,sensitivity,1,test_split_local,FPCR,14,22.252238956184858,True,1.044793366469004e-05,,,,,,,,
designated_benchmark,sensitivity_instrument1_savgol_smooth,sensitivity,1,test_split_local,FPCR,15,20.682538084734094,True,8.935182615173636e-06,,,,,,,,
designated_benchmark,sensitivity_instrument1_savgol_smooth,sensitivity,1,test_split_local,FPCR,16,20.812954487053194,True,6.453722655453555e-06,,,,,,,,
designated_benchmark,sensitivity_instrument1_savgol_smooth,sensitivity,1,test_split_local,FPCR,17,19.641669975207606,True,4.69749918703864e-06,,,,,,,,
designated_benchmark,sensitivity_instrument1_savgol_smooth,sensitivity,1,test_split_local,FPCR,18,19.864031247340904,True,3.2758128851857654e-06,,,,,,,,
designated_benchmark,sensitivity_instrument1_savgol_smooth,sensitivity,1,test_split_local,FPCR,19,20.08848318246387,True,2.4048008239459515e-06,,,,,,,,
designated_benchmark,sensitivity_instrument1_savgol_smooth,sensitivity,1,test_split_local,FPCR,20,20.151251154498514,True,1.87784029311455e-06,,,,,,,,
designated_benchmark,sensitivity_instrument1_savgol_smooth,sensitivity,1,test_split_local,FPCR,21,20.131263327327808,True,1.3308911957158764e-06,,,,,,,,
designated_benchmark,sensitivity_instrument1_savgol_smooth,sensitivity,1,test_split_local,FPCR,22,19.385690329001104,True,1.2877571167818951e-06,,,,,,,,
designated_benchmark,sensitivity_instrument1_savgol_smooth,sensitivity,1,test_split_local,FPCR,23,18.913670029317682,True,1.1077989074465653e-06,,,,,,,,
designated_benchmark,sensitivity_instrument1_savgol_smooth,sensitivity,1,test_split_local,FPCR,24,18.519718559962065,True,9.155352894830138e-07,,,,,,,,
designated_benchmark,sensitivity_instrument1_savgol_smooth,sensitivity,1,test_split_local,FPCR,25,18.496564115225762,True,7.437350206516694e-07,,,,,,,,
designated_benchmark,sensitivity_instrument1_savgol_smooth,sensitivity,1,test_split_local,FPCR,26,18.564286209067365,True,6.691095882721061e-07,,,,,,,,
designated_benchmark,sensitivity_instrument1_savgol_smooth,sensitivity,1,test_split_local,FPCR,27,18.2082331396776,True,5.931860039045582e-07,,,,,,,,
designated_benchmark,sensitivity_instrument1_savgol_smooth,sensitivity,1,test_split_local,FPCR,28,18.38247267495579,True,5.099737809704304e-07,,,,,,,,
designated_benchmark,sensitivity_instrument1_savgol_smooth,sensitivity,1,test_split_local,FPCR,29,18.52644651323888,True,4.283937462606648e-07,,,,,,,,
designated_benchmark,sensitivity_instrument1_savgol_smooth,sensitivity,1,test_split_local,FPCR,30,18.723608897081977,True,3.9875966755800293e-07,,,,,,,,
designated_benchmark,sensitivity_instrument1_savgol_smooth,sensitivity,1,test_split_local,FPCR,31,18.922729457417866,True,3.596393832193527e-07,,,,,,,,
designated_benchmark,sensitivity_instrument1_savgol_smooth,sensitivity,1,test_split_local,FPCR,32,19.13972364816914,True,3.3357034468518223e-07,,,,,,,,
designated_benchmark,sensitivity_instrument1_savgol_smooth,sensitivity,1,test_split_local,FPCR,33,19.366223233937927,True,3.20164461968115e-07,,,,,,,,
designated_benchmark,sensitivity_instrument1_savgol_smooth,sensitivity,1,test_split_local,FPCR,34,19.604736018359556,True,2.88757221041273e-07,,,,,,,,
designated_benchmark,sensitivity_instrument1_savgol_smooth,sensitivity,1,test_split_local,FPCR,35,19.837082610516013,True,2.663818664344687e-07,,,,,,,,
designated_benchmark,sensitivity_instrument1_savgol_smooth,sensitivity,1,test_split_local,FPCR,36,20.07111102361699,True,2.3587483389255903e-07,,,,,,,,
designated_benchmark,sensitivity_instrument1_savgol_smooth,sensitivity,1,test_split_local,FPCR,37,20.28952354490157,True,2.2401441487405444e-07,,,,,,,,
designated_benchmark,sensitivity_instrument1_savgol_smooth,sensitivity,1,test_split_local,FPCR,38,20.373176513959837,True,2.012415508774949e-07,,,,,,,,
designated_benchmark,sensitivity_instrument1_savgol_smooth,sensitivity,1,test_split_local,FPCR,39,20.59173935317396,True,1.8872652853086864e-07,,,,,,,,
designated_benchmark,sensitivity_instrument1_savgol_smooth,sensitivity,1,test_split_local,FPCR,40,20.823447976569202,True,1.7341869377367796e-07,,,,,,,,
designated_benchmark,sensitivity_instrument1_savgol_smooth,sensitivity,1,test_split_local,FPCR,41,21.09360411718205,True,1.4014490246377174e-07,,,,,,,,
designated_benchmark,sensitivity_instrument1_savgol_smooth,sensitivity,1,test_split_local,FPCR,42,21.308310513291218,True,1.2929421309071672e-07,,,,,,,,
designated_benchmark,sensitivity_instrument1_savgol_smooth,sensitivity,1,test_split_local,FPCR,43,21.38323205006169,True,1.2027080086954282e-07,,,,,,,,
designated_benchmark,sensitivity_instrument1_savgol_smooth,sensitivity,1,test_split_local,FPCR,44,21.537475437471148,True,1.1276196580312773e-07,,,,,,,,
designated_benchmark,sensitivity_instrument1_savgol_smooth,sensitivity,1,test_split_local,FPCR,45,21.791100921036637,True,1.0255026117279126e-07,,,,,,,,
designated_benchmark,sensitivity_instrument1_savgol_smooth,sensitivity,1,test_split_local,FPCR,46,22.068587597764,True,9.527223117407973e-08,,,,,,,,
designated_benchmark,sensitivity_instrument1_savgol_smooth,sensitivity,1,test_split_local,FPCR,47,22.160166714916713,True,8.946681422948484e-08,,,,,,,,
designated_benchmark,sensitivity_instrument1_savgol_smooth,sensitivity,1,test_split_local,FPCR,48,22.44855884883352,True,8.56941991765253e-08,,,,,,,,
designated_benchmark,sensitivity_instrument1_savgol_smooth,sensitivity,1,test_split_local,FPCR,49,21.95891432483558,True,7.4637725588064e-08,,,,,,,,
designated_benchmark,sensitivity_instrument1_savgol_smooth,sensitivity,1,test_split_local,FPCR,50,22.235863579758853,True,6.588792833222597e-08,,,,,,,,
designated_benchmark,sensitivity_instrument1_savgol_smooth,sensitivity,1,test_split_local,FPCR,51,22.525977714639613,True,6.121598517779265e-08,,,,,,,,
designated_benchmark,sensitivity_instrument1_savgol_smooth,sensitivity,1,test_split_local,FPCR,52,20.287265620025977,True,5.576841469407413e-08,,,,,,,,
designated_benchmark,sensitivity_instrument1_savgol_smooth,sensitivity,1,test_split_local,FPCR,53,20.559954219910104,True,5.305592102860563e-08,,,,,,,,
designated_benchmark,sensitivity_instrument1_savgol_smooth,sensitivity,1,test_split_local,FPCR,54,20.811676336674818,True,5.009538765400411e-08,,,,,,,,
designated_benchmark,sensitivity_instrument1_savgol_smooth,sensitivity,1,test_split_local,FPCR,55,20.86382803826186,True,4.490624438035582e-08,,,,,,,,
designated_benchmark,sensitivity_instrument1_savgol_smooth,sensitivity,1,test_split_local,FPCR,56,21.0735068716078,True,3.788747713037912e-08,,,,,,,,
designated_benchmark,sensitivity_instrument1_savgol_smooth,sensitivity,1,test_split_local,FPCR,57,21.082657794884014,True,3.7107451300379414e-08,,,,,,,,
designated_benchmark,sensitivity_instrument1_savgol_smooth,sensitivity,1,test_split_local,FPCR,58,20.932479104217823,True,3.527197555277935e-08,,,,,,,,
designated_benchmark,sensitivity_instrument1_savgol_smooth,sensitivity,1,test_split_local,FPCR,59,21.147570494372534,True,3.343430810588771e-08,,,,,,,,
designated_benchmark,sensitivity_instrument1_savgol_smooth,sensitivity,1,test_split_local,FPCR,60,21.437448234067595,True,2.9610312867116272e-08,,,,,,,,
designated_benchmark,sensitivity_instrument1_savgol_smooth,sensitivity,1,test_split_local,FPCR,61,21.75599043418741,True,2.7509307113705892e-08,,,,,,,,
designated_benchmark,sensitivity_instrument1_savgol_smooth,sensitivity,1,test_split_local,FPCR,62,21.27386030832364,True,2.5825736957978306e-08,,,,,,,,
designated_benchmark,sensitivity_instrument1_savgol_smooth,sensitivity,1,test_split_local,FPCR,63,21.228246242002268,True,2.3840209648777882e-08,,,,,,,,
designated_benchmark,sensitivity_instrument1_savgol_smooth,sensitivity,1,test_split_local,FPCR,64,21.30142832162009,True,2.342442510384286e-08,,,,,,,,
designated_benchmark,sensitivity_instrument1_savgol_smooth,sensitivity,1,test_split_local,FPCR,65,21.381972859266146,True,2.172972363647389e-08,,,,,,,,
designated_benchmark,sensitivity_instrument1_savgol_smooth,sensitivity,1,test_split_local,FPCR,66,21.67135183480306,True,1.9067503490408667e-08,,,,,,,,
designated_benchmark,sensitivity_instrument1_savgol_smooth,sensitivity,1,test_split_local,FPCR,67,21.89386587542441,True,1.7513173274719825e-08,,,,,,,,
designated_benchmark,sensitivity_instrument1_savgol_smooth,sensitivity,1,test_split_local,FPCR,68,22.232132191191468,True,1.677436606391406e-08,,,,,,,,
designated_benchmark,sensitivity_instrument1_savgol_smooth,sensitivity,1,test_split_local,FPCR,69,22.557411461598726,True,1.5507866416286488e-08,,,,,,,,
designated_benchmark,sensitivity_instrument1_savgol_smooth,sensitivity,1,test_split_local,FPCR,70,22.83712554161322,True,1.4710739287716273e-08,,,,,,,,
designated_benchmark,sensitivity_instrument2_full,sensitivity,2,test_split_local,CG-FPLS-code,1,0.5150062788593871,True,0.02470454493156407,0.39721301752479116,0.5150062788593871,1489.0305416582844,,,,,
designated_benchmark,sensitivity_instrument2_full,sensitivity,2,test_split_local,CG-FPLS-code,2,0.27919009852914095,True,0.005822981734114998,0.09479966565073171,0.27919009852914095,2318.8436115412037,,,,,
designated_benchmark,sensitivity_instrument2_full,sensitivity,2,test_split_local,CG-FPLS-code,3,0.11196553929863927,True,0.0008461775031412208,0.07809192207939326,0.11196553929863927,14364.524373087035,,,,,
designated_benchmark,sensitivity_instrument2_full,sensitivity,2,test_split_local,CG-FPLS-code,4,0.02007825485660696,True,0.0003535225905237055,0.01091994206788787,0.02007825485660696,6451.474446685005,,,,,
designated_benchmark,sensitivity_instrument2_full,sensitivity,2,test_split_local,CG-FPLS-code,5,0.012366850383821204,True,0.00027640159340293954,0.00047117386993984176,0.012366850383821204,2075.398481926676,,,,,
designated_benchmark,sensitivity_instrument2_full,sensitivity,2,test_split_local,CG-FPLS-code,6,0.00827653437960889,True,0.00014937150247223692,0.00025206685956985226,0.00827653437960889,4743.859734987818,,,,,
designated_benchmark,sensitivity_instrument2_full,sensitivity,2,test_split_local,CG-FPLS-code,7,0.004746112738719349,True,8.934923728286083e-05,0.00025284907271476794,0.004746112738719349,4906.796371540346,,,,,
designated_benchmark,sensitivity_instrument2_full,sensitivity,2,test_split_local,CG-FPLS-code,8,0.004348437138178135,True,6.625473917200515e-05,0.0002502729639140553,0.004348437138178135,1287.9700959593983,,,,,
designated_benchmark,sensitivity_instrument2_full,sensitivity,2,test_split_local,CG-FPLS-code,9,0.0028281894118113993,True,5.570429590493484e-05,0.00023933289824475798,0.0028281894118113993,3901.389117664623,,,,,
designated_benchmark,sensitivity_instrument2_full,sensitivity,2,test_split_local,CG-FPLS-code,10,0.0020437509020147754,True,4.924566108093199e-05,0.00018378933227260625,0.0020437509020147754,3735.477109378895,,,,,
designated_benchmark,sensitivity_instrument2_full,sensitivity,2,test_split_local,CG-FPLS-code,11,0.001885567748091808,True,4.4391996006577563e-05,0.00016565949386709766,0.001885567748091808,1152.127351530654,,,,,
designated_benchmark,sensitivity_instrument2_full,sensitivity,2,test_split_local,CG-FPLS-code,12,0.0015559744212959165,True,3.7791373060742825e-05,0.00013355350675561944,0.0015559744212959165,2122.711495830523,,,,,
designated_benchmark,sensitivity_instrument2_full,sensitivity,2,test_split_local,CG-FPLS-code,13,0.0013174153626463138,True,3.6290842256405245e-05,0.00013067811871255773,0.0013174153626463138,2609.5460931848897,,,,,
designated_benchmark,sensitivity_instrument2_full,sensitivity,2,test_split_local,CG-FPLS-code,14,0.0012053460923689373,True,3.0422541366260127e-05,0.0001310616946089507,0.0012053460923689373,2089.4179659258443,,,,,
designated_benchmark,sensitivity_instrument2_full,sensitivity,2,test_split_local,CG-FPLS-code,15,0.0012043442650512385,True,2.955731344553402e-05,0.00011897148910806634,0.0012043442650512385,26.869681848668723,,,,,
designated_benchmark,sensitivity_instrument2_full,sensitivity,2,test_split_local,CG-FPLS-code,16,0.0011246696989194865,True,2.6552656830641552e-05,0.00010870141913536997,0.0011246696989194865,2170.024270167254,,,,,
designated_benchmark,sensitivity_instrument2_full,sensitivity,2,test_split_local,CG-FPLS-code,17,0.001036686048116433,True,2.59827846841167e-05,0.00010310690699522129,0.001036686048116433,3699.694863160233,,,,,
designated_benchmark,sensitivity_instrument2_full,sensitivity,2,test_split_local,CG-FPLS-code,18,0.001008730372013447,True,2.5489567002075838e-05,6.506711803550858e-05,0.001008730372013447,1441.0496488336908,,,,,
designated_benchmark,sensitivity_instrument2_full,sensitivity,2,test_split_local,CG-FPLS-code,19,0.0008973797835950529,True,2.430487614057605e-05,6.491136228859402e-05,0.0008973797835950529,5489.69716587176,,,,,
designated_benchmark,sensitivity_instrument2_full,sensitivity,2,test_split_local,CG-FPLS-code,20,0.0008860861149445583,True,2.1433436389097387e-05,6.25678485112218e-05,0.0008860861149445583,733.3076446816353,,,,,
designated_benchmark,sensitivity_instrument2_full,sensitivity,2,test_split_local,CG-FPLS-code,21,0.0008284532687350074,True,2.015451895702736e-05,6.212754077493523e-05,0.0008284532687350074,3618.42064028825,,,,,
designated_benchmark,sensitivity_instrument2_full,sensitivity,2,test_split_local,CG-FPLS-code,22,0.0008272105456901722,True,1.8911745515255814e-05,5.356003892892651e-05,0.0008272105456901722,97.08609054951212,,,,,
designated_benchmark,sensitivity_instrument2_full,sensitivity,2,test_split_local,CG-FPLS-code,23,0.0007477422079970324,True,1.823528576891636e-05,5.359581305768786e-05,0.0007477422079970324,5955.285010460592,,,,,
designated_benchmark,sensitivity_instrument2_full,sensitivity,2,test_split_local,CG-FPLS-code,24,0.0006949472851046016,True,1.7633333298213626e-05,5.369444368068639e-05,0.0006949472851046016,4634.502314388735,,,,,
designated_benchmark,sensitivity_instrument2_full,sensitivity,2,test_split_local,CG-FPLS-code,25,0.0006801743936811944,True,1.6832376302186698e-05,3.413857966086489e-05,0.0006801743936811944,1294.9642536253637,,,,,
designated_benchmark,sensitivity_instrument2_full,sensitivity,2,test_split_local,CG-FPLS-code,26,0.0006286807796552531,True,1.629295087119948e-05,3.303245398054225e-05,0.0006286807796552531,5677.866531623388,,,,,
designated_benchmark,sensitivity_instrument2_full,sensitivity,2,test_split_local,CG-FPLS-code,27,0.0006237524321339901,True,1.5640346364355812e-05,2.7916066179809898e-05,0.0006237524321339901,659.4721637302079,,,,,
designated_benchmark,sensitivity_instrument2_full,sensitivity,2,test_split_local,CG-FPLS-code,28,0.0006202368720950104,True,1.3869737832837754e-05,2.78090200516091e-05,0.0006202368720950104,532.3455822062637,,,,,
designated_benchmark,sensitivity_instrument2_full,sensitivity,2,test_split_local,CG-FPLS-code,29,0.0005929329936406842,True,1.323835325249991e-05,2.7215595550986818e-05,0.0005929329936406842,4037.141883468058,,,,,
designated_benchmark,sensitivity_instrument2_full,sensitivity,2,test_split_local,CG-FPLS-code,30,0.0005923354204067115,True,1.168725653598305e-05,2.685840371513167e-05,0.0005923354204067115,88.88658458512191,,,,,
designated_benchmark,sensitivity_instrument2_full,sensitivity,2,test_split_local,CG-FPLS-code,31,0.0005658490624783522,True,1.1201715566696678e-05,2.6892648114023315e-05,0.0005658490624783522,4934.273523461112,,,,,
designated_benchmark,sensitivity_instrument2_full,sensitivity,2,test_split_local,CG-FPLS-code,32,0.0005239158859205667,True,1.0894853386522773e-05,2.268125522822081e-05,0.0005239158859205667,8870.36688164794,,,,,
designated_benchmark,sensitivity_instrument2_full,sensitivity,2,test_split_local,CG-FPLS-code,33,0.0005224136598282647,True,1.0410524646848249e-05,2.1424148518453033e-05,0.0005224136598282647,322.878134623422,,,,,
designated_benchmark,sensitivity_instrument2_full,sensitivity,2,test_split_local,CG-FPLS-code,34,0.0004991687823528042,True,1.0068806736466005e-05,2.1297132943071092e-05,0.0004991687823528042,5900.664838864418,,,,,
designated_benchmark,sensitivity_instrument2_full,sensitivity,2,test_split_local,CG-FPLS-code,35,0.0004988562209365088,True,9.80416528904912e-06,2.1172722011537522e-05,0.0004988562209365088,77.98197144456778,,,,,
designated_benchmark,sensitivity_instrument2_full,sensitivity,2,test_split_local,CG-FPLS-code,36,0.00045984651573541084,True,8.357702120196533e-06,2.1075845703851164e-05,0.00045984651573541084,11379.68480442814,,,,,
designated_benchmark,sensitivity_instrument2_full,sensitivity,2,test_split_local,CG-FPLS-code,37,0.00044702774140152195,True,8.050297044710256e-06,7.038668286730185e-06,0.00044702774140152195,3878.034398785166,,,,,
designated_benchmark,sensitivity_instrument2_full,sensitivity,2,test_split_local,CG-FPLS-code,38,0.00044618595286065934,True,7.36286060772867e-06,6.6366046984420555e-06,0.00044618595286065934,253.58871651126927,,,,,
designated_benchmark,sensitivity_instrument2_full,sensitivity,2,test_split_local,CG-FPLS-code,39,0.0004173533682639191,True,7.092992841251148e-06,6.538154561612058e-06,0.0004173533682639191,8547.175313604163,,,,,
designated_benchmark,sensitivity_instrument2_full,sensitivity,2,test_split_local,CG-FPLS-code,40,0.00038927765608938355,True,6.761586242591574e-06,6.5145077937627945e-06,0.00038927765608938355,8996.963686296882,,,,,
designated_benchmark,sensitivity_instrument2_full,sensitivity,2,test_split_local,CG-FPLS-code,41,0.0003891675063348362,True,6.70915320680091e-06,6.3293948158785225e-06,0.0003891675063348362,34.41336132184759,,,,,
designated_benchmark,sensitivity_instrument2_full,sensitivity,2,test_split_local,CG-FPLS-code,42,0.0003617845098907009,True,6.040920628026546e-06,5.924217174055035e-06,0.0003617845098907009,9315.177568303367,,,,,
designated_benchmark,sensitivity_instrument2_full,sensitivity,2,test_split_local,CG-FPLS-code,43,0.0003482477092470531,True,5.50365911143542e-06,4.511752994334789e-06,0.0003482477092470531,4945.157718925972,,,,,
designated_benchmark,sensitivity_instrument2_full,sensitivity,2,test_split_local,CG-FPLS-code,44,0.00034683369590735036,True,5.410235555618212e-06,4.52532543498638e-06,0.00034683369590735036,556.9498277338656,,,,,
designated_benchmark,sensitivity_instrument2_full,sensitivity,2,test_split_local,CG-FPLS-code,45,0.00033334811198392064,True,4.702448080869803e-06,3.3535688892822132e-06,0.00033334811198392064,5554.955281815519,,,,,
designated_benchmark,sensitivity_instrument2_full,sensitivity,2,test_split_local,CG-FPLS-code,46,0.0003284113439295882,True,4.003551802636272e-06,2.9093852198759374e-06,0.0003284113439295882,1988.3802938965678,,,,,
designated_benchmark,sensitivity_instrument2_full,sensitivity,2,test_split_local,CG-FPLS-code,47,0.00032767848222469884,True,2.6719991614546244e-06,2.2978763215993788e-06,0.00032767848222469884,293.4930034791315,,,,,
designated_benchmark,sensitivity_instrument2_full,sensitivity,2,test_split_local,CG-FPLS-code,48,0.00032729344814748644,True,2.2333416376907317e-06,2.2936910728807647e-06,0.00032729344814748644,154.43745416189927,,,,,
designated_benchmark,sensitivity_instrument2_full,sensitivity,2,test_split_local,CG-FPLS-code,49,0.0003123732282415507,True,1.5770426790725514e-06,1.9667495853081556e-06,0.0003123732282415507,6560.826480677472,,,,,
designated_benchmark,sensitivity_instrument2_full,sensitivity,2,test_split_local,CG-FPLS-code,50,0.00030751071788519876,True,1.4887222615948621e-06,1.8142045048560646e-06,0.00030751071788519876,2105.5372604022837,,,,,
designated_benchmark,sensitivity_instrument2_full,sensitivity,2,test_split_local,CG-FPLS-code,51,0.0002993452136477347,True,1.2411546267129189e-06,1.7139595302180466e-06,0.0002993452136477347,3992.6933072169013,,,,,
designated_benchmark,sensitivity_instrument2_full,sensitivity,2,test_split_local,CG-FPLS-code,52,0.0002967096599983144,True,1.0990747941937461e-06,1.6972999144447767e-06,0.0002967096599983144,1430.5658740626732,,,,,
designated_benchmark,sensitivity_instrument2_full,sensitivity,2,test_split_local,CG-FPLS-code,53,0.00029421280993236404,True,9.305959233241678e-07,1.139674762147177e-06,0.00029421280993236404,1517.1951106168956,,,,,
designated_benchmark,sensitivity_instrument2_full,sensitivity,2,test_split_local,CG-FPLS-code,54,0.0002877805573427891,True,8.740243457678596e-07,8.840550310819071e-07,0.0002877805573427891,3850.417553886635,,,,,
designated_benchmark,sensitivity_instrument2_full,sensitivity,2,test_split_local,CG-FPLS-code,55,0.00028673661597269223,True,7.16803133081703e-07,8.214223039731433e-07,0.00028673661597269223,743.3312640481806,,,,,
designated_benchmark,sensitivity_instrument2_full,sensitivity,2,test_split_local,CG-FPLS-code,56,0.00027567896385594716,True,6.658011249769592e-07,8.236385245052705e-07,0.00027567896385594716,7720.791395559586,,,,,
designated_benchmark,sensitivity_instrument2_full,sensitivity,2,test_split_local,CG-FPLS-code,57,0.0002582840791608642,True,5.046769836148225e-07,7.623819178184846e-07,0.0002582840791608642,12494.336771288225,,,,,
designated_benchmark,sensitivity_instrument2_full,sensitivity,2,test_split_local,CG-FPLS-code,58,0.00024247110345944453,True,4.3609507980311777e-07,7.649520829146083e-07,0.00024247110345944453,11241.037084401703,,,,,
designated_benchmark,sensitivity_instrument2_full,sensitivity,2,test_split_local,CG-FPLS-code,59,0.00023961868148266003,True,3.799573782691586e-07,7.284771751035163e-07,0.00023961868148266003,1959.916973758183,,,,,
designated_benchmark,sensitivity_instrument2_full,sensitivity,2,test_split_local,CG-FPLS-code,60,0.00023950016879590439,True,3.6377812125209136e-07,7.27487231143058e-07,0.00023950016879590439,81.16874621834283,,,,,
designated_benchmark,sensitivity_instrument2_full,sensitivity,2,test_split_local,CG-FPLS-code,61,0.0002306112450813236,True,3.4798952938048447e-07,6.956096438430285e-07,0.0002306112450813236,6072.275300941688,,,,,
designated_benchmark,sensitivity_instrument2_full,sensitivity,2,test_split_local,CG-FPLS-code,62,0.00022218190445649248,True,3.34166987628422e-07,6.96128508821535e-07,0.00022218190445649248,5906.518874612689,,,,,
designated_benchmark,sensitivity_instrument2_full,sensitivity,2,test_split_local,CG-FPLS-code,63,0.00022096053525647263,True,3.1221946879993437e-07,6.548800013600192e-07,0.00022096053525647263,909.7061731899075,,,,,
designated_benchmark,sensitivity_instrument2_full,sensitivity,2,test_split_local,CG-FPLS-code,64,0.00022080177722027757,True,2.97658426965895e-07,6.569828511597415e-07,0.00022080177722027757,118.92081029924489,,,,,
designated_benchmark,sensitivity_instrument2_full,sensitivity,2,test_split_local,CG-FPLS-code,65,0.00021795714491402882,True,2.892088875326963e-07,5.628860263041857e-07,0.00021795714491402882,2202.921830889524,,,,,
designated_benchmark,sensitivity_instrument2_full,sensitivity,2,test_split_local,CG-FPLS-code,66,0.00021431246454107946,True,2.63638340782375e-07,4.79445137908179e-07,0.00021431246454107946,2810.525996398903,,,,,
designated_benchmark,sensitivity_instrument2_full,sensitivity,2,test_split_local,CG-FPLS-code,67,0.00021304241191152955,True,2.3202200191106452e-07,4.740955633231165e-07,0.00021304241191152955,968.4827757916403,,,,,
designated_benchmark,sensitivity_instrument2_full,sensitivity,2,test_split_local,CG-FPLS-code,68,0.0002107222999155955,True,2.2682481288243313e-07,4.591620938395954e-07,0.0002107222999155955,2025.4102800697592,,,,,
designated_benchmark,sensitivity_instrument2_full,sensitivity,2,test_split_local,CG-FPLS-code,69,0.0002054147883704585,True,2.2258948865688668e-07,4.5250802787424585e-07,0.0002054147883704585,4883.143773433434,,,,,
designated_benchmark,sensitivity_instrument2_full,sensitivity,2,test_split_local,CG-FPLS-code,70,0.0002023075299415871,True,2.0747860084894547e-07,4.540005448731239e-07,0.0002023075299415871,2828.139723171301,,,,,
designated_benchmark,sensitivity_instrument2_full,sensitivity,2,test_split_local,Raw FPLS,1,291.0600015437621,True,,,,,True,1.0,1.0,1.550379766606445,
designated_benchmark,sensitivity_instrument2_full,sensitivity,2,test_split_local,Raw FPLS,2,230.9709057605886,True,,,,,True,5.2176359937681625,12.179214975331494,-0.10406402201404814,
designated_benchmark,sensitivity_instrument2_full,sensitivity,2,test_split_local,Raw FPLS,3,48.73994465973549,True,,,,,True,61.18120995265742,409.6626403978153,-1.713505931533052,
designated_benchmark,sensitivity_instrument2_full,sensitivity,2,test_split_local,Raw FPLS,4,22.958204003646454,True,,,,,True,8189.710694635457,50479.36265289179,-3.3208527408331685,
designated_benchmark,sensitivity_instrument2_full,sensitivity,2,test_split_local,Raw FPLS,5,23.163804472667824,True,,,,,True,2058807.1364440785,25901653.930853125,-4.928082754873013,
designated_benchmark,sensitivity_instrument2_full,sensitivity,2,test_split_local,Raw FPLS,6,21.882399852840834,True,,,,,True,454999448.0826261,8954901001.293669,-6.535306278283886,
designated_benchmark,sensitivity_instrument2_full,sensitivity,2,test_split_local,Raw FPLS,7,22.117994109443117,True,,,,,True,262590379411.3466,4353917694233.832,-8.142529441090108,
designated_benchmark,sensitivity_instrument2_full,sensitivity,2,test_split_local,Raw FPLS,8,28.691313430158946,True,,,,,True,145941823472899.72,3657388589617889.0,-9.749752583862273,
designated_benchmark,sensitivity_instrument2_full,sensitivity,2,test_split_local,Raw FPLS,9,31.69793102265885,True,,,,,True,4503599627370496.0,4351568597722549.5,-11.35697572552141,
designated_benchmark,sensitivity_instrument2_full,sensitivity,2,test_split_local,Raw FPLS,10,21.989612381116743,True,,,,,True,4503599627370496.0,4503599627370496.0,-12.964198867118712,
designated_benchmark,sensitivity_instrument2_full,sensitivity,2,test_split_local,Raw FPLS,11,21.909097824508986,True,,,,,True,4503599627370496.0,4503599627370496.0,-14.571422008712577,
designated_benchmark,sensitivity_instrument2_full,sensitivity,2,test_split_local,Raw FPLS,12,21.960027559405454,True,,,,,True,4503599627370496.0,4503599627370496.0,-16.178645150306252,
designated_benchmark,sensitivity_instrument2_full,sensitivity,2,test_split_local,Raw FPLS,13,21.96935773367675,True,,,,,True,4503599627370496.0,4503599627370496.0,-17.785868291899916,
designated_benchmark,sensitivity_instrument2_full,sensitivity,2,test_split_local,Raw FPLS,14,22.51924376569205,True,,,,,True,4503599627370496.0,4503599627370496.0,-19.39309143349358,
designated_benchmark,sensitivity_instrument2_full,sensitivity,2,test_split_local,Raw FPLS,15,21.93384818667982,True,,,,,True,4503599627370496.0,4503599627370496.0,-21.000314575087245,
designated_benchmark,sensitivity_instrument2_full,sensitivity,2,test_split_local,Raw FPLS,16,22.019195781391254,True,,,,,True,4503599627370496.0,4503599627370496.0,-22.60753771668091,
designated_benchmark,sensitivity_instrument2_full,sensitivity,2,test_split_local,Raw FPLS,17,22.037888219245236,True,,,,,True,4503599627370496.0,4503599627370496.0,-24.214760858274573,
designated_benchmark,sensitivity_instrument2_full,sensitivity,2,test_split_local,Raw FPLS,18,22.279305685894574,True,,,,,True,4503599627370496.0,4503599627370496.0,-25.821983999868237,
designated_benchmark,sensitivity_instrument2_full,sensitivity,2,test_split_local,Raw FPLS,19,21.806756062862245,True,,,,,True,4503599627370496.0,4503599627370496.0,-27.4292071414619,
designated_benchmark,sensitivity_instrument2_full,sensitivity,2,test_split_local,Raw FPLS,20,21.997764720598187,True,,,,,True,4503599627370496.0,4503599627370496.0,-29.036430283055566,
designated_benchmark,sensitivity_instrument2_full,sensitivity,2,test_split_local,Raw FPLS,21,22.015931552031432,True,,,,,True,4503599627370496.0,4503599627370496.0,-30.64365342464923,
designated_benchmark,sensitivity_instrument2_full,sensitivity,2,test_split_local,Raw FPLS,22,24.95692060004592,True,,,,,True,4503599627370496.0,4503599627370496.0,-32.250876566242894,
designated_benchmark,sensitivity_instrument2_full,sensitivity,2,test_split_local,Raw FPLS,23,22.22510368681714,True,,,,,True,4503599627370496.0,4503599627370496.0,-33.85809970783656,
designated_benchmark,sensitivity_instrument2_full,sensitivity,2,test_split_local,Raw FPLS,24,21.918783483746477,True,,,,,True,4503599627370496.0,4503599627370496.0,-35.46532284943022,
designated_benchmark,sensitivity_instrument2_full,sensitivity,2,test_split_local,Raw FPLS,25,22.90516946502803,True,,,,,True,4503599627370496.0,4503599627370496.0,-37.07254599102389,
designated_benchmark,sensitivity_instrument2_full,sensitivity,2,test_split_local,Raw FPLS,26,21.8878110091991,True,,,,,True,4503599627370496.0,4503599627370496.0,-38.67976913261755,
designated_benchmark,sensitivity_instrument2_full,sensitivity,2,test_split_local,Raw FPLS,27,21.72329191310382,True,,,,,True,4503599627370496.0,4503599627370496.0,-40.286992274211215,
designated_benchmark,sensitivity_instrument2_full,sensitivity,2,test_split_local,Raw FPLS,28,21.972124918850437,True,,,,,True,4503599627370496.0,4503599627370496.0,-41.89421541580488,
designated_benchmark,sensitivity_instrument2_full,sensitivity,2,test_split_local,Raw FPLS,29,27.115486306499662,True,,,,,True,4503599627370496.0,4503599627370496.0,-43.501438557398544,
designated_benchmark,sensitivity_instrument2_full,sensitivity,2,test_split_local,Raw FPLS,30,22.003750770479396,True,,,,,True,4503599627370496.0,4503599627370496.0,-45.1086616989922,
designated_benchmark,sensitivity_instrument2_full,sensitivity,2,test_split_local,Raw FPLS,31,21.814484795715348,True,,,,,True,4503599627370496.0,4503599627370496.0,-46.715884840585865,
designated_benchmark,sensitivity_instrument2_full,sensitivity,2,test_split_local,Raw FPLS,32,22.849433280850626,True,,,,,True,4503599627370496.0,4503599627370496.0,-48.32310798217953,
designated_benchmark,sensitivity_instrument2_full,sensitivity,2,test_split_local,Raw FPLS,33,22.203880618933816,True,,,,,True,4503599627370496.0,4503599627370496.0,-49.93033112377319,
designated_benchmark,sensitivity_instrument2_full,sensitivity,2,test_split_local,Raw FPLS,34,21.92460310821649,True,,,,,True,4503599627370496.0,4503599627370496.0,-51.53755426536686,
designated_benchmark,sensitivity_instrument2_full,sensitivity,2,test_split_local,Raw FPLS,35,22.251711748954204,True,,,,,True,4503599627370496.0,4503599627370496.0,-53.14477740696052,
designated_benchmark,sensitivity_instrument2_full,sensitivity,2,test_split_local,Raw FPLS,36,21.930656726659997,True,,,,,True,4503599627370496.0,4503599627370496.0,-54.752000548554186,
designated_benchmark,sensitivity_instrument2_full,sensitivity,2,test_split_local,Raw FPLS,37,22.700460566133877,True,,,,,True,4503599627370496.0,4503599627370496.0,-56.35922369014785,
designated_benchmark,sensitivity_instrument2_full,sensitivity,2,test_split_local,Raw FPLS,38,23.518449214716682,True,,,,,True,4503599627370496.0,4503599627370496.0,-57.966446831741514,
designated_benchmark,sensitivity_instrument2_full,sensitivity,2,test_split_local,Raw FPLS,39,21.914497188994087,True,,,,,True,4503599627370496.0,4503599627370496.0,-59.57366997333518,
designated_benchmark,sensitivity_instrument2_full,sensitivity,2,test_split_local,Raw FPLS,40,21.88901409903269,True,,,,,True,4503599627370496.0,4503599627370496.0,-61.18089311492884,
designated_benchmark,sensitivity_instrument2_full,sensitivity,2,test_split_local,Raw FPLS,41,22.086340056927266,True,,,,,True,4503599627370496.0,4503599627370496.0,-62.78811625652251,
designated_benchmark,sensitivity_instrument2_full,sensitivity,2,test_split_local,Raw FPLS,42,22.14927016461184,True,,,,,True,4503599627370496.0,4503599627370496.0,-64.39533939811616,
designated_benchmark,sensitivity_instrument2_full,sensitivity,2,test_split_local,Raw FPLS,43,22.0179544374916,True,,,,,True,4503599627370496.0,4503599627370496.0,-66.00256253970983,
designated_benchmark,sensitivity_instrument2_full,sensitivity,2,test_split_local,Raw FPLS,44,61.27529891846747,True,,,,,True,4503599627370496.0,4503599627370496.0,-67.60978568130349,
designated_benchmark,sensitivity_instrument2_full,sensitivity,2,test_split_local,Raw FPLS,45,22.082412880454658,True,,,,,True,4503599627370496.0,4503599627370496.0,-69.21700882289716,
designated_benchmark,sensitivity_instrument2_full,sensitivity,2,test_split_local,Raw FPLS,46,21.8604213264519,True,,,,,True,4503599627370496.0,4503599627370496.0,-70.82423196449082,
designated_benchmark,sensitivity_instrument2_full,sensitivity,2,test_split_local,Raw FPLS,47,28.552343672287986,True,,,,,True,4503599627370496.0,4503599627370496.0,-72.43145510608448,
designated_benchmark,sensitivity_instrument2_full,sensitivity,2,test_split_local,Raw FPLS,48,23.23796900859726,True,,,,,True,4503599627370496.0,4503599627370496.0,-74.03867824767815,
designated_benchmark,sensitivity_instrument2_full,sensitivity,2,test_split_local,Raw FPLS,49,22.349106036522393,True,,,,,True,4503599627370496.0,4503599627370496.0,-75.64590138927181,
designated_benchmark,sensitivity_instrument2_full,sensitivity,2,test_split_local,Raw FPLS,50,22.140912207138932,True,,,,,True,4503599627370496.0,4503599627370496.0,-77.25312453086548,
designated_benchmark,sensitivity_instrument2_full,sensitivity,2,test_split_local,Raw FPLS,51,25.2958627342839,True,,,,,True,4503599627370496.0,4503599627370496.0,-78.86034767245914,
designated_benchmark,sensitivity_instrument2_full,sensitivity,2,test_split_local,Raw FPLS,52,23.0489092280008,True,,,,,True,4503599627370496.0,4503599627370496.0,-80.4675708140528,
designated_benchmark,sensitivity_instrument2_full,sensitivity,2,test_split_local,Raw FPLS,53,22.42208805443137,True,,,,,True,4503599627370496.0,4503599627370496.0,-82.07479395564647,
designated_benchmark,sensitivity_instrument2_full,sensitivity,2,test_split_local,Raw FPLS,54,39.36753050820143,True,,,,,True,4503599627370496.0,4503599627370496.0,-83.68201709724013,
designated_benchmark,sensitivity_instrument2_full,sensitivity,2,test_split_local,Raw FPLS,55,23.28394231032239,True,,,,,True,4503599627370496.0,4503599627370496.0,-85.2892402388338,
designated_benchmark,sensitivity_instrument2_full,sensitivity,2,test_split_local,Raw FPLS,56,30.171786382046303,True,,,,,True,4503599627370496.0,4503599627370496.0,-86.89646338042746,
designated_benchmark,sensitivity_instrument2_full,sensitivity,2,test_split_local,Raw FPLS,57,22.44369840510641,True,,,,,True,4503599627370496.0,4503599627370496.0,-88.50368652202113,
designated_benchmark,sensitivity_instrument2_full,sensitivity,2,test_split_local,Raw FPLS,58,22.266578923272007,True,,,,,True,4503599627370496.0,4503599627370496.0,-90.11090966361479,
designated_benchmark,sensitivity_instrument2_full,sensitivity,2,test_split_local,Raw FPLS,59,30.57123648425104,True,,,,,True,4503599627370496.0,4503599627370496.0,-91.71813280520846,
designated_benchmark,sensitivity_instrument2_full,sensitivity,2,test_split_local,Raw FPLS,60,22.233380504082966,True,,,,,True,4503599627370496.0,4503599627370496.0,-93.32535594680212,
designated_benchmark,sensitivity_instrument2_full,sensitivity,2,test_split_local,Raw FPLS,61,22.499380592727668,True,,,,,True,4503599627370496.0,4503599627370496.0,-94.93257908839578,
designated_benchmark,sensitivity_instrument2_full,sensitivity,2,test_split_local,Raw FPLS,62,22.022404406639982,True,,,,,True,4503599627370496.0,4503599627370496.0,-96.53980222998945,
designated_benchmark,sensitivity_instrument2_full,sensitivity,2,test_split_local,Raw FPLS,63,39.234837784725805,True,,,,,True,4503599627370496.0,4503599627370496.0,-98.14702537158311,
designated_benchmark,sensitivity_instrument2_full,sensitivity,2,test_split_local,Raw FPLS,64,22.446101093623152,True,,,,,True,4503599627370496.0,4503599627370496.0,-99.75424851317678,
designated_benchmark,sensitivity_instrument2_full,sensitivity,2,test_split_local,Raw FPLS,65,25.774248664389518,True,,,,,True,4503599627370496.0,4503599627370496.0,-101.36147165477044,
designated_benchmark,sensitivity_instrument2_full,sensitivity,2,test_split_local,Raw FPLS,66,22.877401786057757,True,,,,,True,4503599627370496.0,4503599627370496.0,-102.9686947963641,
designated_benchmark,sensitivity_instrument2_full,sensitivity,2,test_split_local,Raw FPLS,67,22.67628446078246,True,,,,,True,4503599627370496.0,4503599627370496.0,-104.57591793795777,
designated_benchmark,sensitivity_instrument2_full,sensitivity,2,test_split_local,Raw FPLS,68,26.498944568428286,True,,,,,True,4503599627370496.0,4503599627370496.0,-106.18314107955143,
designated_benchmark,sensitivity_instrument2_full,sensitivity,2,test_split_local,Raw FPLS,69,22.287870992632424,True,,,,,True,4503599627370496.0,4503599627370496.0,-107.7903642211451,
designated_benchmark,sensitivity_instrument2_full,sensitivity,2,test_split_local,Raw FPLS,70,22.092013602208453,True,,,,,True,4503599627370496.0,4503599627370496.0,-109.39758736273876,
designated_benchmark,sensitivity_instrument2_full,sensitivity,2,test_split_local,Arnoldi FPLS,1,291.0600015437621,True,,,,,True,1.0,1.0,,0.0
designated_benchmark,sensitivity_instrument2_full,sensitivity,2,test_split_local,Arnoldi FPLS,2,230.97090576058764,True,,,,,True,1.0000000000000002,2.485907583206799,,4.653871976573304e-16
designated_benchmark,sensitivity_instrument2_full,sensitivity,2,test_split_local,Arnoldi FPLS,3,48.73994465900892,True,,,,,True,1.0000000000000004,7.7128140652408135,,4.797146987097425e-16
designated_benchmark,sensitivity_instrument2_full,sensitivity,2,test_split_local,Arnoldi FPLS,4,22.958206561462706,True,,,,,True,1.0000000000000002,8.577326288835946,,4.622676746926263e-16
designated_benchmark,sensitivity_instrument2_full,sensitivity,2,test_split_local,Arnoldi FPLS,5,22.10355258654118,True,,,,,True,1.0000000000000002,12.734663819866864,,4.716468006371747e-16
designated_benchmark,sensitivity_instrument2_full,sensitivity,2,test_split_local,Arnoldi FPLS,6,23.133855535870744,True,,,,,True,1.0000000000000004,26.063304109152856,,4.756884526425102e-16
designated_benchmark,sensitivity_instrument2_full,sensitivity,2,test_split_local,Arnoldi FPLS,7,23.732125503687715,True,,,,,True,1.0000000000000007,31.257416933762226,,4.757821065632316e-16
designated_benchmark,sensitivity_instrument2_full,sensitivity,2,test_split_local,Arnoldi FPLS,8,23.461449604312254,True,,,,,True,1.0000000000000007,41.923431316588264,,1.1484368699300597e-15
designated_benchmark,sensitivity_instrument2_full,sensitivity,2,test_split_local,Arnoldi FPLS,9,24.192439868690336,True,,,,,True,1.0000000000000007,54.09919269125974,,1.148538387979002e-15
designated_benchmark,sensitivity_instrument2_full,sensitivity,2,test_split_local,Arnoldi FPLS,10,24.732780182152467,True,,,,,True,1.0000000000000007,64.72365649504806,,1.1488393499645532e-15
designated_benchmark,sensitivity_instrument2_full,sensitivity,2,test_split_local,Arnoldi FPLS,11,25.125507152616887,True,,,,,True,1.0000000000000007,79.71201783376287,,1.1490698601789052e-15
designated_benchmark,sensitivity_instrument2_full,sensitivity,2,test_split_local,Arnoldi FPLS,12,25.052647679311,True,,,,,True,1.0000000000000007,100.54355595532958,,1.1490770855979174e-15
designated_benchmark,sensitivity_instrument2_full,sensitivity,2,test_split_local,Arnoldi FPLS,13,25.899716996394375,True,,,,,True,1.0000000000000009,120.44786461057575,,1.1558951093581577e-15
designated_benchmark,sensitivity_instrument2_full,sensitivity,2,test_split_local,Arnoldi FPLS,14,25.889334517625073,True,,,,,True,1.0000000000000007,149.00279246280797,,1.1589621502234222e-15
designated_benchmark,sensitivity_instrument2_full,sensitivity,2,test_split_local,Arnoldi FPLS,15,26.903855845504655,True,,,,,True,1.0000000000000007,166.70660685783062,,1.1597174715979937e-15
designated_benchmark,sensitivity_instrument2_full,sensitivity,2,test_split_local,Arnoldi FPLS,16,26.681860766814214,True,,,,,True,1.0000000000000009,188.1218881667073,,1.1600100779810565e-15
designated_benchmark,sensitivity_instrument2_full,sensitivity,2,test_split_local,Arnoldi FPLS,17,27.235207390567638,True,,,,,True,1.0000000000000007,206.882925586219,,1.1601889509277914e-15
designated_benchmark,sensitivity_instrument2_full,sensitivity,2,test_split_local,Arnoldi FPLS,18,27.950972946550316,True,,,,,True,1.0000000000000009,224.95367335516843,,1.1602873030681572e-15
designated_benchmark,sensitivity_instrument2_full,sensitivity,2,test_split_local,Arnoldi FPLS,19,27.828398821486264,True,,,,,True,1.0000000000000009,249.6419172731847,,1.16036407523079e-15
designated_benchmark,sensitivity_instrument2_full,sensitivity,2,test_split_local,Arnoldi FPLS,20,27.152461128800677,True,,,,,True,1.0000000000000009,281.59511413068344,,1.1608764683318488e-15
designated_benchmark,sensitivity_instrument2_full,sensitivity,2,test_split_local,Arnoldi FPLS,21,27.74757282474975,True,,,,,True,1.0000000000000009,312.5438487676255,,1.1613136969318753e-15
designated_benchmark,sensitivity_instrument2_full,sensitivity,2,test_split_local,Arnoldi FPLS,22,29.07744463231987,True,,,,,True,1.0000000000000007,339.52725537250797,,1.1613141093616293e-15
designated_benchmark,sensitivity_instrument2_full,sensitivity,2,test_split_local,Arnoldi FPLS,23,30.06474815566653,True,,,,,True,1.0000000000000009,369.6996802076134,,1.1613162172368918e-15
designated_benchmark,sensitivity_instrument2_full,sensitivity,2,test_split_local,Arnoldi FPLS,24,32.44452696914801,True,,,,,True,1.0000000000000007,401.85172318838335,,1.1614386085724113e-15
designated_benchmark,sensitivity_instrument2_full,sensitivity,2,test_split_local,Arnoldi FPLS,25,33.58706897618125,True,,,,,True,1.0000000000000009,417.7675262926694,,1.1614603599684374e-15
designated_benchmark,sensitivity_instrument2_full,sensitivity,2,test_split_local,Arnoldi FPLS,26,33.33189672914404,True,,,,,True,1.0000000000000007,436.9488616926994,,1.1656160284551279e-15
designated_benchmark,sensitivity_instrument2_full,sensitivity,2,test_split_local,Arnoldi FPLS,27,33.982991226793715,True,,,,,True,1.0000000000000007,455.0134114394521,,1.1659673947810473e-15
designated_benchmark,sensitivity_instrument2_full,sensitivity,2,test_split_local,Arnoldi FPLS,28,35.42908379657658,True,,,,,True,1.0000000000000009,469.2459544490608,,1.1661580706621033e-15
designated_benchmark,sensitivity_instrument2_full,sensitivity,2,test_split_local,Arnoldi FPLS,29,36.2825461240426,True,,,,,True,1.0000000000000009,493.7660225660663,,1.1661873532156272e-15
designated_benchmark,sensitivity_instrument2_full,sensitivity,2,test_split_local,Arnoldi FPLS,30,38.16059315690523,True,,,,,True,1.000000000000001,513.0522600815533,,1.1662432468909229e-15
designated_benchmark,sensitivity_instrument2_full,sensitivity,2,test_split_local,Arnoldi FPLS,31,39.470842514248666,True,,,,,True,1.0000000000000009,531.7253988772085,,1.166564029580635e-15
designated_benchmark,sensitivity_instrument2_full,sensitivity,2,test_split_local,Arnoldi FPLS,32,39.83434292607308,True,,,,,True,1.0000000000000009,569.8098945507525,,1.1680557021957108e-15
designated_benchmark,sensitivity_instrument2_full,sensitivity,2,test_split_local,Arnoldi FPLS,33,39.88400813047246,True,,,,,True,1.0000000000000009,611.0948153098781,,1.169491528218691e-15
designated_benchmark,sensitivity_instrument2_full,sensitivity,2,test_split_local,Arnoldi FPLS,34,41.888487868799906,True,,,,,True,1.0000000000000007,635.9215333011344,,1.1729239917241253e-15
designated_benchmark,sensitivity_instrument2_full,sensitivity,2,test_split_local,Arnoldi FPLS,35,43.61611764975344,True,,,,,True,1.0000000000000004,651.283634126968,,1.1765324878443409e-15
designated_benchmark,sensitivity_instrument2_full,sensitivity,2,test_split_local,Arnoldi FPLS,36,44.50082534282604,True,,,,,True,1.0000000000000009,660.3220646309925,,1.177460808080605e-15
designated_benchmark,sensitivity_instrument2_full,sensitivity,2,test_split_local,Arnoldi FPLS,37,45.47914935771879,True,,,,,True,1.000000000000001,682.10398224652,,1.1807395819199733e-15
designated_benchmark,sensitivity_instrument2_full,sensitivity,2,test_split_local,Arnoldi FPLS,38,46.34189296262667,True,,,,,True,1.0000000000000009,715.4801608511212,,1.181440998120705e-15
designated_benchmark,sensitivity_instrument2_full,sensitivity,2,test_split_local,Arnoldi FPLS,39,47.79605243080935,True,,,,,True,1.000000000000001,746.9407884888066,,1.1822414258182825e-15
designated_benchmark,sensitivity_instrument2_full,sensitivity,2,test_split_local,Arnoldi FPLS,40,48.77997612764325,True,,,,,True,1.000000000000001,762.887798917213,,1.1823401802692122e-15
designated_benchmark,sensitivity_instrument2_full,sensitivity,2,test_split_local,Arnoldi FPLS,41,51.05415753409584,True,,,,,True,1.0000000000000009,790.8568801560782,,1.1832627378766777e-15
designated_benchmark,sensitivity_instrument2_full,sensitivity,2,test_split_local,Arnoldi FPLS,42,53.26690441232372,True,,,,,True,1.0000000000000009,825.117780444415,,1.1838643864321303e-15
designated_benchmark,sensitivity_instrument2_full,sensitivity,2,test_split_local,Arnoldi FPLS,43,56.37848532309814,True,,,,,True,1.0000000000000007,850.2745901145656,,1.1914072815337253e-15
designated_benchmark,sensitivity_instrument2_full,sensitivity,2,test_split_local,Arnoldi FPLS,44,57.67765121433981,True,,,,,True,1.0000000000000009,868.4540889551799,,1.1914963274894289e-15
designated_benchmark,sensitivity_instrument2_full,sensitivity,2,test_split_local,Arnoldi FPLS,45,59.95952447971485,True,,,,,True,1.0000000000000007,909.1682573331753,,1.1915354276953264e-15
designated_benchmark,sensitivity_instrument2_full,sensitivity,2,test_split_local,Arnoldi FPLS,46,62.19219759413284,True,,,,,True,1.0000000000000009,931.3190628321636,,1.1945333079880971e-15
designated_benchmark,sensitivity_instrument2_full,sensitivity,2,test_split_local,Arnoldi FPLS,47,65.54975776026382,True,,,,,True,1.0000000000000009,951.4463433962754,,1.194658318938218e-15
designated_benchmark,sensitivity_instrument2_full,sensitivity,2,test_split_local,Arnoldi FPLS,48,68.85583345142443,True,,,,,True,1.0000000000000009,991.4571147747648,,1.194745164685593e-15
designated_benchmark,sensitivity_instrument2_full,sensitivity,2,test_split_local,Arnoldi FPLS,49,71.35295535132364,True,,,,,True,1.0000000000000009,1012.8292645750506,,1.2040884831732586e-15
designated_benchmark,sensitivity_instrument2_full,sensitivity,2,test_split_local,Arnoldi FPLS,50,73.48194124410381,True,,,,,True,1.0000000000000009,1052.3322955650895,,1.2041416993863816e-15
designated_benchmark,sensitivity_instrument2_full,sensitivity,2,test_split_local,Arnoldi FPLS,51,75.73442665107615,True,,,,,True,1.0000000000000009,1111.409907310257,,1.2074958317684257e-15
designated_benchmark,sensitivity_instrument2_full,sensitivity,2,test_split_local,Arnoldi FPLS,52,77.08633748684389,True,,,,,True,1.000000000000001,1129.4034926708068,,1.2111197798080584e-15
designated_benchmark,sensitivity_instrument2_full,sensitivity,2,test_split_local,Arnoldi FPLS,53,80.32166897119063,True,,,,,True,1.0000000000000007,1226.743017600199,,1.2115584245825086e-15
designated_benchmark,sensitivity_instrument2_full,sensitivity,2,test_split_local,Arnoldi FPLS,54,81.18632400025223,True,,,,,True,1.0000000000000007,1253.9043892419463,,1.2124197514086547e-15
designated_benchmark,sensitivity_instrument2_full,sensitivity,2,test_split_local,Arnoldi FPLS,55,82.70045932856036,True,,,,,True,1.0000000000000009,1318.7797316088836,,1.2134539103167372e-15
designated_benchmark,sensitivity_instrument2_full,sensitivity,2,test_split_local,Arnoldi FPLS,56,86.70501590613826,True,,,,,True,1.000000000000001,1374.8704755744327,,1.2137721564713433e-15
designated_benchmark,sensitivity_instrument2_full,sensitivity,2,test_split_local,Arnoldi FPLS,57,87.73405899575883,True,,,,,True,1.000000000000001,1453.2048655438416,,1.2139051613287468e-15
designated_benchmark,sensitivity_instrument2_full,sensitivity,2,test_split_local,Arnoldi FPLS,58,89.24565051594028,True,,,,,True,1.0000000000000009,1528.4413806335938,,1.2140531891249798e-15
designated_benchmark,sensitivity_instrument2_full,sensitivity,2,test_split_local,Arnoldi FPLS,59,90.417758258052,True,,,,,True,1.000000000000001,1583.4453919992852,,1.2141567481189984e-15
designated_benchmark,sensitivity_instrument2_full,sensitivity,2,test_split_local,Arnoldi FPLS,60,91.15572035581292,True,,,,,True,1.0000000000000009,1638.5446571630598,,1.2195609214830684e-15
designated_benchmark,sensitivity_instrument2_full,sensitivity,2,test_split_local,Arnoldi FPLS,61,92.86730043055526,True,,,,,True,1.0000000000000009,1756.700256231331,,1.2195708812810035e-15
designated_benchmark,sensitivity_instrument2_full,sensitivity,2,test_split_local,Arnoldi FPLS,62,95.18224525959336,True,,,,,True,1.0000000000000009,1827.2148754094894,,1.2195709004628896e-15
designated_benchmark,sensitivity_instrument2_full,sensitivity,2,test_split_local,Arnoldi FPLS,63,96.14213535785692,True,,,,,True,1.000000000000001,1996.2695905312987,,1.2195711441966483e-15
designated_benchmark,sensitivity_instrument2_full,sensitivity,2,test_split_local,Arnoldi FPLS,64,99.18405077721434,True,,,,,True,1.0000000000000009,2190.81350386982,,1.2201640076932064e-15
designated_benchmark,sensitivity_instrument2_full,sensitivity,2,test_split_local,Arnoldi FPLS,65,101.46007781836063,True,,,,,True,1.000000000000001,2318.1243432964443,,1.2203989939377965e-15
designated_benchmark,sensitivity_instrument2_full,sensitivity,2,test_split_local,Arnoldi FPLS,66,102.94368447652501,True,,,,,True,1.0000000000000009,2510.083694940168,,1.2204374747378996e-15
designated_benchmark,sensitivity_instrument2_full,sensitivity,2,test_split_local,Arnoldi FPLS,67,105.00872620508035,True,,,,,True,1.000000000000001,2726.3022826080346,,1.2205855497085435e-15
designated_benchmark,sensitivity_instrument2_full,sensitivity,2,test_split_local,Arnoldi FPLS,68,106.43333650126407,True,,,,,True,1.0000000000000013,2927.8905946225937,,1.220694211155152e-15
designated_benchmark,sensitivity_instrument2_full,sensitivity,2,test_split_local,Arnoldi FPLS,69,106.94015797967317,True,,,,,True,1.0000000000000016,3094.3073378021545,,1.221200656264435e-15
designated_benchmark,sensitivity_instrument2_full,sensitivity,2,test_split_local,Arnoldi FPLS,70,107.974399066653,True,,,,,True,1.0000000000000009,3295.0098261061444,,1.2212040084179805e-15
designated_benchmark,sensitivity_instrument2_full,sensitivity,2,test_split_local,FPCR,1,324.1016551926689,True,0.02470454493156407,,,,,,,,
designated_benchmark,sensitivity_instrument2_full,sensitivity,2,test_split_local,FPCR,2,274.5645173622226,True,0.005822981734114998,,,,,,,,
designated_benchmark,sensitivity_instrument2_full,sensitivity,2,test_split_local,FPCR,3,256.8985608479586,True,0.0008461775031412208,,,,,,,,
designated_benchmark,sensitivity_instrument2_full,sensitivity,2,test_split_local,FPCR,4,63.271666358354665,True,0.0003535225905237055,,,,,,,,
designated_benchmark,sensitivity_instrument2_full,sensitivity,2,test_split_local,FPCR,5,24.60386401198169,True,0.00027640159340293954,,,,,,,,
designated_benchmark,sensitivity_instrument2_full,sensitivity,2,test_split_local,FPCR,6,23.32188911857839,True,0.00014937150247223692,,,,,,,,
designated_benchmark,sensitivity_instrument2_full,sensitivity,2,test_split_local,FPCR,7,23.57062553985576,True,8.934923728286083e-05,,,,,,,,
designated_benchmark,sensitivity_instrument2_full,sensitivity,2,test_split_local,FPCR,8,23.76952495204282,True,6.625473917200515e-05,,,,,,,,
designated_benchmark,sensitivity_instrument2_full,sensitivity,2,test_split_local,FPCR,9,23.800877657261456,True,5.570429590493484e-05,,,,,,,,
designated_benchmark,sensitivity_instrument2_full,sensitivity,2,test_split_local,FPCR,10,22.82765263109491,True,4.924566108093199e-05,,,,,,,,
designated_benchmark,sensitivity_instrument2_full,sensitivity,2,test_split_local,FPCR,11,22.619076989694847,True,4.4391996006577563e-05,,,,,,,,
designated_benchmark,sensitivity_instrument2_full,sensitivity,2,test_split_local,FPCR,12,21.922570843523165,True,3.7791373060742825e-05,,,,,,,,
designated_benchmark,sensitivity_instrument2_full,sensitivity,2,test_split_local,FPCR,13,22.064038244523466,True,3.6290842256405245e-05,,,,,,,,
designated_benchmark,sensitivity_instrument2_full,sensitivity,2,test_split_local,FPCR,14,22.30750204289712,True,3.0422541366260127e-05,,,,,,,,
designated_benchmark,sensitivity_instrument2_full,sensitivity,2,test_split_local,FPCR,15,22.082240337752566,True,2.955731344553402e-05,,,,,,,,
designated_benchmark,sensitivity_instrument2_full,sensitivity,2,test_split_local,FPCR,16,21.876990259188382,True,2.6552656830641552e-05,,,,,,,,
designated_benchmark,sensitivity_instrument2_full,sensitivity,2,test_split_local,FPCR,17,21.86336504074875,True,2.59827846841167e-05,,,,,,,,
designated_benchmark,sensitivity_instrument2_full,sensitivity,2,test_split_local,FPCR,18,20.384004576227134,True,2.5489567002075838e-05,,,,,,,,
designated_benchmark,sensitivity_instrument2_full,sensitivity,2,test_split_local,FPCR,19,20.599061486622965,True,2.430487614057605e-05,,,,,,,,
designated_benchmark,sensitivity_instrument2_full,sensitivity,2,test_split_local,FPCR,20,20.696395729169932,True,2.1433436389097387e-05,,,,,,,,
designated_benchmark,sensitivity_instrument2_full,sensitivity,2,test_split_local,FPCR,21,20.897656617224257,True,2.015451895702736e-05,,,,,,,,
designated_benchmark,sensitivity_instrument2_full,sensitivity,2,test_split_local,FPCR,22,20.59025915704339,True,1.8911745515255814e-05,,,,,,,,
designated_benchmark,sensitivity_instrument2_full,sensitivity,2,test_split_local,FPCR,23,20.821509108792103,True,1.823528576891636e-05,,,,,,,,
designated_benchmark,sensitivity_instrument2_full,sensitivity,2,test_split_local,FPCR,24,21.060772167892665,True,1.7633333298213626e-05,,,,,,,,
designated_benchmark,sensitivity_instrument2_full,sensitivity,2,test_split_local,FPCR,25,19.883540897099998,True,1.6832376302186698e-05,,,,,,,,
designated_benchmark,sensitivity_instrument2_full,sensitivity,2,test_split_local,FPCR,26,20.027998990154043,True,1.629295087119948e-05,,,,,,,,
designated_benchmark,sensitivity_instrument2_full,sensitivity,2,test_split_local,FPCR,27,19.853867558095416,True,1.5640346364355812e-05,,,,,,,,
designated_benchmark,sensitivity_instrument2_full,sensitivity,2,test_split_local,FPCR,28,20.074627818965677,True,1.3869737832837754e-05,,,,,,,,
designated_benchmark,sensitivity_instrument2_full,sensitivity,2,test_split_local,FPCR,29,20.252231246884616,True,1.323835325249991e-05,,,,,,,,
designated_benchmark,sensitivity_instrument2_full,sensitivity,2,test_split_local,FPCR,30,20.450066346077264,True,1.168725653598305e-05,,,,,,,,
designated_benchmark,sensitivity_instrument2_full,sensitivity,2,test_split_local,FPCR,31,20.69419652188376,True,1.1201715566696678e-05,,,,,,,,
designated_benchmark,sensitivity_instrument2_full,sensitivity,2,test_split_local,FPCR,32,20.438458347966513,True,1.0894853386522773e-05,,,,,,,,
designated_benchmark,sensitivity_instrument2_full,sensitivity,2,test_split_local,FPCR,33,20.524690720674524,True,1.0410524646848249e-05,,,,,,,,
designated_benchmark,sensitivity_instrument2_full,sensitivity,2,test_split_local,FPCR,34,20.754718452210902,True,1.0068806736466005e-05,,,,,,,,
designated_benchmark,sensitivity_instrument2_full,sensitivity,2,test_split_local,FPCR,35,20.988688901817977,True,9.80416528904912e-06,,,,,,,,
designated_benchmark,sensitivity_instrument2_full,sensitivity,2,test_split_local,FPCR,36,21.226887314663195,True,8.357702120196533e-06,,,,,,,,
designated_benchmark,sensitivity_instrument2_full,sensitivity,2,test_split_local,FPCR,37,19.122648656905092,True,8.050297044710256e-06,,,,,,,,
designated_benchmark,sensitivity_instrument2_full,sensitivity,2,test_split_local,FPCR,38,19.288070953316435,True,7.36286060772867e-06,,,,,,,,
designated_benchmark,sensitivity_instrument2_full,sensitivity,2,test_split_local,FPCR,39,19.512751622566253,True,7.092992841251148e-06,,,,,,,,
designated_benchmark,sensitivity_instrument2_full,sensitivity,2,test_split_local,FPCR,40,19.756043548619683,True,6.761586242591574e-06,,,,,,,,
designated_benchmark,sensitivity_instrument2_full,sensitivity,2,test_split_local,FPCR,41,19.970123440810898,True,6.70915320680091e-06,,,,,,,,
designated_benchmark,sensitivity_instrument2_full,sensitivity,2,test_split_local,FPCR,42,20.131795983329564,True,6.040920628026546e-06,,,,,,,,
designated_benchmark,sensitivity_instrument2_full,sensitivity,2,test_split_local,FPCR,43,20.024116511900246,True,5.50365911143542e-06,,,,,,,,
designated_benchmark,sensitivity_instrument2_full,sensitivity,2,test_split_local,FPCR,44,20.28985843458264,True,5.410235555618212e-06,,,,,,,,
designated_benchmark,sensitivity_instrument2_full,sensitivity,2,test_split_local,FPCR,45,20.191805502288975,True,4.702448080869803e-06,,,,,,,,
designated_benchmark,sensitivity_instrument2_full,sensitivity,2,test_split_local,FPCR,46,20.295558507465206,True,4.003551802636272e-06,,,,,,,,
designated_benchmark,sensitivity_instrument2_full,sensitivity,2,test_split_local,FPCR,47,20.223432826920167,True,2.6719991614546244e-06,,,,,,,,
designated_benchmark,sensitivity_instrument2_full,sensitivity,2,test_split_local,FPCR,48,20.491525119083757,True,2.2333416376907317e-06,,,,,,,,
designated_benchmark,sensitivity_instrument2_full,sensitivity,2,test_split_local,FPCR,49,20.449640889077344,True,1.5770426790725514e-06,,,,,,,,
designated_benchmark,sensitivity_instrument2_full,sensitivity,2,test_split_local,FPCR,50,20.56798159111169,True,1.4887222615948621e-06,,,,,,,,
designated_benchmark,sensitivity_instrument2_full,sensitivity,2,test_split_local,FPCR,51,20.721254257634175,True,1.2411546267129189e-06,,,,,,,,
designated_benchmark,sensitivity_instrument2_full,sensitivity,2,test_split_local,FPCR,52,20.98000304040667,True,1.0990747941937461e-06,,,,,,,,
designated_benchmark,sensitivity_instrument2_full,sensitivity,2,test_split_local,FPCR,53,20.313582750308786,True,9.305959233241678e-07,,,,,,,,
designated_benchmark,sensitivity_instrument2_full,sensitivity,2,test_split_local,FPCR,54,20.125406274691464,True,8.740243457678596e-07,,,,,,,,
designated_benchmark,sensitivity_instrument2_full,sensitivity,2,test_split_local,FPCR,55,20.265150311463398,True,7.16803133081703e-07,,,,,,,,
designated_benchmark,sensitivity_instrument2_full,sensitivity,2,test_split_local,FPCR,56,20.55642183398916,True,6.658011249769592e-07,,,,,,,,
designated_benchmark,sensitivity_instrument2_full,sensitivity,2,test_split_local,FPCR,57,20.644552749531375,True,5.046769836148225e-07,,,,,,,,
designated_benchmark,sensitivity_instrument2_full,sensitivity,2,test_split_local,FPCR,58,20.947003626977445,True,4.3609507980311777e-07,,,,,,,,
designated_benchmark,sensitivity_instrument2_full,sensitivity,2,test_split_local,FPCR,59,21.081436768622034,True,3.799573782691586e-07,,,,,,,,
designated_benchmark,sensitivity_instrument2_full,sensitivity,2,test_split_local,FPCR,60,21.378554197635694,True,3.6377812125209136e-07,,,,,,,,
designated_benchmark,sensitivity_instrument2_full,sensitivity,2,test_split_local,FPCR,61,21.527185858115065,True,3.4798952938048447e-07,,,,,,,,
designated_benchmark,sensitivity_instrument2_full,sensitivity,2,test_split_local,FPCR,62,21.842385585637995,True,3.34166987628422e-07,,,,,,,,
designated_benchmark,sensitivity_instrument2_full,sensitivity,2,test_split_local,FPCR,63,21.925916413251972,True,3.1221946879993437e-07,,,,,,,,
designated_benchmark,sensitivity_instrument2_full,sensitivity,2,test_split_local,FPCR,64,22.261129285249414,True,2.97658426965895e-07,,,,,,,,
designated_benchmark,sensitivity_instrument2_full,sensitivity,2,test_split_local,FPCR,65,21.997791694184983,True,2.892088875326963e-07,,,,,,,,
designated_benchmark,sensitivity_instrument2_full,sensitivity,2,test_split_local,FPCR,66,21.74287267218034,True,2.63638340782375e-07,,,,,,,,
designated_benchmark,sensitivity_instrument2_full,sensitivity,2,test_split_local,FPCR,67,22.027637894723895,True,2.3202200191106452e-07,,,,,,,,
designated_benchmark,sensitivity_instrument2_full,sensitivity,2,test_split_local,FPCR,68,22.23787067133223,True,2.2682481288243313e-07,,,,,,,,
designated_benchmark,sensitivity_instrument2_full,sensitivity,2,test_split_local,FPCR,69,22.521448072783613,True,2.2258948865688668e-07,,,,,,,,
designated_benchmark,sensitivity_instrument2_full,sensitivity,2,test_split_local,FPCR,70,22.88258634254359,True,2.0747860084894547e-07,,,,,,,,
