analysis,variant,variant_role,instrument,repeat,outer_fold,evaluation_index_scope,method,fit_status,evaluation_status,evaluation_prediction_finite,selected_components,evaluation_index_zero_based,tablet_id,source_split,source_row_one_based,observed_assay,prediction,residual_prediction_minus_observation,training_observations
development_repeated_nested_cv,primary_instrument1_full,primary,1,1,1,development_combined,CG-FPLS-code,ok,ok,True,3,2,calibrate:003,calibrate,3,201.39999389648438,190.2118942353612,-11.188099661123175,156
development_repeated_nested_cv,primary_instrument1_full,primary,1,1,1,development_combined,CG-FPLS-code,ok,ok,True,3,3,calibrate:004,calibrate,4,199.89999389648438,195.59661399289536,-4.303379903589018,156
development_repeated_nested_cv,primary_instrument1_full,primary,1,1,1,development_combined,CG-FPLS-code,ok,ok,True,3,5,calibrate:006,calibrate,6,198.3000030517578,194.69730886051917,-3.6026941912386405,156
development_repeated_nested_cv,primary_instrument1_full,primary,1,1,1,development_combined,CG-FPLS-code,ok,ok,True,3,9,calibrate:010,calibrate,10,181.10000610351562,179.57090331608455,-1.5291027874310714,156
development_repeated_nested_cv,primary_instrument1_full,primary,1,1,1,development_combined,CG-FPLS-code,ok,ok,True,3,11,calibrate:012,calibrate,12,162.0,163.35171251232845,1.3517125123284472,156
development_repeated_nested_cv,primary_instrument1_full,primary,1,1,1,development_combined,CG-FPLS-code,ok,ok,True,3,15,calibrate:016,calibrate,16,173.8000030517578,182.0065269168835,8.206523865125689,156
development_repeated_nested_cv,primary_instrument1_full,primary,1,1,1,development_combined,CG-FPLS-code,ok,ok,True,3,16,calibrate:017,calibrate,17,222.5,214.70201023184364,-7.797989768156356,156
development_repeated_nested_cv,primary_instrument1_full,primary,1,1,1,development_combined,CG-FPLS-code,ok,ok,True,3,27,calibrate:028,calibrate,28,175.8000030517578,177.8140666713058,2.014063619547983,156
development_repeated_nested_cv,primary_instrument1_full,primary,1,1,1,development_combined,CG-FPLS-code,ok,ok,True,3,35,calibrate:036,calibrate,36,177.0,172.11050614067943,-4.889493859320567,156
development_repeated_nested_cv,primary_instrument1_full,primary,1,1,1,development_combined,CG-FPLS-code,ok,ok,True,3,40,calibrate:041,calibrate,41,206.60000610351562,204.16167342314105,-2.4383326803745717,156
development_repeated_nested_cv,primary_instrument1_full,primary,1,1,1,development_combined,CG-FPLS-code,ok,ok,True,3,42,calibrate:043,calibrate,43,159.60000610351562,164.15757268856498,4.557566585049358,156
development_repeated_nested_cv,primary_instrument1_full,primary,1,1,1,development_combined,CG-FPLS-code,ok,ok,True,3,46,calibrate:047,calibrate,47,158.0,166.15825824168834,8.158258241688344,156
development_repeated_nested_cv,primary_instrument1_full,primary,1,1,1,development_combined,CG-FPLS-code,ok,ok,True,3,49,calibrate:050,calibrate,50,220.5,221.674933596862,1.1749335968619903,156
development_repeated_nested_cv,primary_instrument1_full,primary,1,1,1,development_combined,CG-FPLS-code,ok,ok,True,3,50,calibrate:051,calibrate,51,188.3000030517578,187.0210961315914,-1.2789069201664063,156
development_repeated_nested_cv,primary_instrument1_full,primary,1,1,1,development_combined,CG-FPLS-code,ok,ok,True,3,51,calibrate:052,calibrate,52,231.89999389648438,224.22077292264274,-7.6792209738416375,156
development_repeated_nested_cv,primary_instrument1_full,primary,1,1,1,development_combined,CG-FPLS-code,ok,ok,True,3,54,calibrate:055,calibrate,55,188.10000610351562,183.79006406154582,-4.309942041969805,156
development_repeated_nested_cv,primary_instrument1_full,primary,1,1,1,development_combined,CG-FPLS-code,ok,ok,True,3,73,calibrate:074,calibrate,74,213.8000030517578,214.08332486794146,0.28332181618364416,156
development_repeated_nested_cv,primary_instrument1_full,primary,1,1,1,development_combined,CG-FPLS-code,ok,ok,True,3,81,calibrate:082,calibrate,82,216.39999389648438,215.67594484573723,-0.7240490507471407,156
development_repeated_nested_cv,primary_instrument1_full,primary,1,1,1,development_combined,CG-FPLS-code,ok,ok,True,3,88,calibrate:089,calibrate,89,203.60000610351562,204.02700264432082,0.42699654080519167,156
development_repeated_nested_cv,primary_instrument1_full,primary,1,1,1,development_combined,CG-FPLS-code,ok,ok,True,3,93,calibrate:094,calibrate,94,172.39999389648438,182.21788625390172,9.81789235741735,156
development_repeated_nested_cv,primary_instrument1_full,primary,1,1,1,development_combined,CG-FPLS-code,ok,ok,True,3,100,calibrate:101,calibrate,101,216.5,218.582668183823,2.082668183822989,156
development_repeated_nested_cv,primary_instrument1_full,primary,1,1,1,development_combined,CG-FPLS-code,ok,ok,True,3,103,calibrate:104,calibrate,104,184.5,182.0849155968752,-2.4150844031248084,156
development_repeated_nested_cv,primary_instrument1_full,primary,1,1,1,development_combined,CG-FPLS-code,ok,ok,True,3,104,calibrate:105,calibrate,105,157.0,162.71431340637196,5.714313406371957,156
development_repeated_nested_cv,primary_instrument1_full,primary,1,1,1,development_combined,CG-FPLS-code,ok,ok,True,3,107,calibrate:108,calibrate,108,231.10000610351562,229.48012599104422,-1.6198801124714066,156
development_repeated_nested_cv,primary_instrument1_full,primary,1,1,1,development_combined,CG-FPLS-code,ok,ok,True,3,111,calibrate:112,calibrate,112,220.0,216.6268102258786,-3.373189774121414,156
development_repeated_nested_cv,primary_instrument1_full,primary,1,1,1,development_combined,CG-FPLS-code,ok,ok,True,3,119,calibrate:120,calibrate,120,204.60000610351562,204.49501356490737,-0.10499253860825775,156
development_repeated_nested_cv,primary_instrument1_full,primary,1,1,1,development_combined,CG-FPLS-code,ok,ok,True,3,125,calibrate:126,calibrate,126,181.0,165.40765786355706,-15.592342136442937,156
development_repeated_nested_cv,primary_instrument1_full,primary,1,1,1,development_combined,CG-FPLS-code,ok,ok,True,3,129,calibrate:130,calibrate,130,154.60000610351562,167.5462710797658,12.946264976250177,156
development_repeated_nested_cv,primary_instrument1_full,primary,1,1,1,development_combined,CG-FPLS-code,ok,ok,True,3,130,calibrate:131,calibrate,131,184.5,184.26981525287573,-0.2301847471242695,156
development_repeated_nested_cv,primary_instrument1_full,primary,1,1,1,development_combined,CG-FPLS-code,ok,ok,True,3,137,calibrate:138,calibrate,138,195.89999389648438,191.2969605657148,-4.603033330769563,156
development_repeated_nested_cv,primary_instrument1_full,primary,1,1,1,development_combined,CG-FPLS-code,ok,ok,True,3,144,calibrate:145,calibrate,145,191.1999969482422,195.60730225023985,4.407305301997667,156
development_repeated_nested_cv,primary_instrument1_full,primary,1,1,1,development_combined,CG-FPLS-code,ok,ok,True,3,158,validate:004,validate,4,189.39999389648438,196.39865549572073,6.998661599236357,156
development_repeated_nested_cv,primary_instrument1_full,primary,1,1,1,development_combined,CG-FPLS-code,ok,ok,True,3,166,validate:012,validate,12,193.8000030517578,188.87747171072763,-4.922531341030179,156
development_repeated_nested_cv,primary_instrument1_full,primary,1,1,1,development_combined,CG-FPLS-code,ok,ok,True,3,168,validate:014,validate,14,197.5,198.13389642740296,0.6338964274029593,156
development_repeated_nested_cv,primary_instrument1_full,primary,1,1,1,development_combined,CG-FPLS-code,ok,ok,True,3,169,validate:015,validate,15,195.10000610351562,197.58103807663838,2.4810319731227537,156
development_repeated_nested_cv,primary_instrument1_full,primary,1,1,1,development_combined,CG-FPLS-code,ok,ok,True,3,178,validate:024,validate,24,193.60000610351562,202.06035983798537,8.460353734469749,156
development_repeated_nested_cv,primary_instrument1_full,primary,1,1,1,development_combined,CG-FPLS-code,ok,ok,True,3,179,validate:025,validate,25,195.5,193.81660897339668,-1.6833910266033172,156
development_repeated_nested_cv,primary_instrument1_full,primary,1,1,1,development_combined,CG-FPLS-code,ok,ok,True,3,190,validate:036,validate,36,194.6999969482422,199.3614903469119,4.661493398669705,156
development_repeated_nested_cv,primary_instrument1_full,primary,1,1,1,development_combined,CG-FPLS-code,ok,ok,True,3,191,validate:037,validate,37,197.0,195.3994563864848,-1.6005436135152138,156
development_repeated_nested_cv,primary_instrument1_full,primary,1,1,1,development_combined,Raw FPLS,ok,ok,True,41,2,calibrate:003,calibrate,3,201.39999389648438,195.29384887275418,-6.106145023730193,156
development_repeated_nested_cv,primary_instrument1_full,primary,1,1,1,development_combined,Raw FPLS,ok,ok,True,41,3,calibrate:004,calibrate,4,199.89999389648438,190.58016460426654,-9.319829292217833,156
development_repeated_nested_cv,primary_instrument1_full,primary,1,1,1,development_combined,Raw FPLS,ok,ok,True,41,5,calibrate:006,calibrate,6,198.3000030517578,194.34567980978818,-3.9543232419696324,156
development_repeated_nested_cv,primary_instrument1_full,primary,1,1,1,development_combined,Raw FPLS,ok,ok,True,41,9,calibrate:010,calibrate,10,181.10000610351562,177.57841204802148,-3.5215940554941483,156
development_repeated_nested_cv,primary_instrument1_full,primary,1,1,1,development_combined,Raw FPLS,ok,ok,True,41,11,calibrate:012,calibrate,12,162.0,161.91394035928252,-0.08605964071747962,156
development_repeated_nested_cv,primary_instrument1_full,primary,1,1,1,development_combined,Raw FPLS,ok,ok,True,41,15,calibrate:016,calibrate,16,173.8000030517578,175.35199780643114,1.5519947546733306,156
development_repeated_nested_cv,primary_instrument1_full,primary,1,1,1,development_combined,Raw FPLS,ok,ok,True,41,16,calibrate:017,calibrate,17,222.5,218.23777229682975,-4.262227703170254,156
development_repeated_nested_cv,primary_instrument1_full,primary,1,1,1,development_combined,Raw FPLS,ok,ok,True,41,27,calibrate:028,calibrate,28,175.8000030517578,175.9285453318411,0.1285422800832805,156
development_repeated_nested_cv,primary_instrument1_full,primary,1,1,1,development_combined,Raw FPLS,ok,ok,True,41,35,calibrate:036,calibrate,36,177.0,176.44321001024028,-0.5567899897597215,156
development_repeated_nested_cv,primary_instrument1_full,primary,1,1,1,development_combined,Raw FPLS,ok,ok,True,41,40,calibrate:041,calibrate,41,206.60000610351562,206.3108995943082,-0.2891065092074143,156
development_repeated_nested_cv,primary_instrument1_full,primary,1,1,1,development_combined,Raw FPLS,ok,ok,True,41,42,calibrate:043,calibrate,43,159.60000610351562,162.6224513948588,3.022445291343189,156
development_repeated_nested_cv,primary_instrument1_full,primary,1,1,1,development_combined,Raw FPLS,ok,ok,True,41,46,calibrate:047,calibrate,47,158.0,158.6089337059405,0.6089337059405011,156
development_repeated_nested_cv,primary_instrument1_full,primary,1,1,1,development_combined,Raw FPLS,ok,ok,True,41,49,calibrate:050,calibrate,50,220.5,217.3745977249224,-3.1254022750775903,156
development_repeated_nested_cv,primary_instrument1_full,primary,1,1,1,development_combined,Raw FPLS,ok,ok,True,41,50,calibrate:051,calibrate,51,188.3000030517578,186.09519859882244,-2.2048044529353774,156
development_repeated_nested_cv,primary_instrument1_full,primary,1,1,1,development_combined,Raw FPLS,ok,ok,True,41,51,calibrate:052,calibrate,52,231.89999389648438,234.31812969921265,2.4181358027282727,156
development_repeated_nested_cv,primary_instrument1_full,primary,1,1,1,development_combined,Raw FPLS,ok,ok,True,41,54,calibrate:055,calibrate,55,188.10000610351562,185.11478690963767,-2.9852191938779526,156
development_repeated_nested_cv,primary_instrument1_full,primary,1,1,1,development_combined,Raw FPLS,ok,ok,True,41,73,calibrate:074,calibrate,74,213.8000030517578,212.80012651610718,-0.9998765356506283,156
development_repeated_nested_cv,primary_instrument1_full,primary,1,1,1,development_combined,Raw FPLS,ok,ok,True,41,81,calibrate:082,calibrate,82,216.39999389648438,215.2851970318087,-1.114796864675668,156
development_repeated_nested_cv,primary_instrument1_full,primary,1,1,1,development_combined,Raw FPLS,ok,ok,True,41,88,calibrate:089,calibrate,89,203.60000610351562,200.80813017389337,-2.7918759296222504,156
development_repeated_nested_cv,primary_instrument1_full,primary,1,1,1,development_combined,Raw FPLS,ok,ok,True,41,93,calibrate:094,calibrate,94,172.39999389648438,175.80389982100678,3.4039059245224053,156
development_repeated_nested_cv,primary_instrument1_full,primary,1,1,1,development_combined,Raw FPLS,ok,ok,True,41,100,calibrate:101,calibrate,101,216.5,217.8672658891411,1.3672658891410947,156
development_repeated_nested_cv,primary_instrument1_full,primary,1,1,1,development_combined,Raw FPLS,ok,ok,True,41,103,calibrate:104,calibrate,104,184.5,185.32547171338598,0.8254717133859799,156
development_repeated_nested_cv,primary_instrument1_full,primary,1,1,1,development_combined,Raw FPLS,ok,ok,True,41,104,calibrate:105,calibrate,105,157.0,158.34859791447414,1.3485979144741407,156
development_repeated_nested_cv,primary_instrument1_full,primary,1,1,1,development_combined,Raw FPLS,ok,ok,True,41,107,calibrate:108,calibrate,108,231.10000610351562,238.08794205822437,6.987935954708746,156
development_repeated_nested_cv,primary_instrument1_full,primary,1,1,1,development_combined,Raw FPLS,ok,ok,True,41,111,calibrate:112,calibrate,112,220.0,218.32969044027377,-1.6703095597262347,156
development_repeated_nested_cv,primary_instrument1_full,primary,1,1,1,development_combined,Raw FPLS,ok,ok,True,41,119,calibrate:120,calibrate,120,204.60000610351562,205.86740727873527,1.2674011752196463,156
development_repeated_nested_cv,primary_instrument1_full,primary,1,1,1,development_combined,Raw FPLS,ok,ok,True,41,125,calibrate:126,calibrate,126,181.0,159.75675691989235,-21.243243080107646,156
development_repeated_nested_cv,primary_instrument1_full,primary,1,1,1,development_combined,Raw FPLS,ok,ok,True,41,129,calibrate:130,calibrate,130,154.60000610351562,160.299694213272,5.69968810975638,156
development_repeated_nested_cv,primary_instrument1_full,primary,1,1,1,development_combined,Raw FPLS,ok,ok,True,41,130,calibrate:131,calibrate,131,184.5,186.45424841900896,1.9542484190089624,156
development_repeated_nested_cv,primary_instrument1_full,primary,1,1,1,development_combined,Raw FPLS,ok,ok,True,41,137,calibrate:138,calibrate,138,195.89999389648438,202.4872375125815,6.587243616097112,156
development_repeated_nested_cv,primary_instrument1_full,primary,1,1,1,development_combined,Raw FPLS,ok,ok,True,41,144,calibrate:145,calibrate,145,191.1999969482422,189.6394427248188,-1.5605542234233951,156
development_repeated_nested_cv,primary_instrument1_full,primary,1,1,1,development_combined,Raw FPLS,ok,ok,True,41,158,validate:004,validate,4,189.39999389648438,192.42307424839592,3.0230803519115454,156
development_repeated_nested_cv,primary_instrument1_full,primary,1,1,1,development_combined,Raw FPLS,ok,ok,True,41,166,validate:012,validate,12,193.8000030517578,191.02573579409227,-2.7742672576655423,156
development_repeated_nested_cv,primary_instrument1_full,primary,1,1,1,development_combined,Raw FPLS,ok,ok,True,41,168,validate:014,validate,14,197.5,192.1089169873837,-5.391083012616292,156
development_repeated_nested_cv,primary_instrument1_full,primary,1,1,1,development_combined,Raw FPLS,ok,ok,True,41,169,validate:015,validate,15,195.10000610351562,189.8370639842419,-5.262942119273731,156
development_repeated_nested_cv,primary_instrument1_full,primary,1,1,1,development_combined,Raw FPLS,ok,ok,True,41,178,validate:024,validate,24,193.60000610351562,197.49052753574716,3.8905214322315373,156
development_repeated_nested_cv,primary_instrument1_full,primary,1,1,1,development_combined,Raw FPLS,ok,ok,True,41,179,validate:025,validate,25,195.5,199.97600088398096,4.476000883980959,156
development_repeated_nested_cv,primary_instrument1_full,primary,1,1,1,development_combined,Raw FPLS,ok,ok,True,41,190,validate:036,validate,36,194.6999969482422,200.04287899493235,5.342882046690164,156
development_repeated_nested_cv,primary_instrument1_full,primary,1,1,1,development_combined,Raw FPLS,ok,ok,True,41,191,validate:037,validate,37,197.0,198.54486655099194,1.5448665509919408,156
development_repeated_nested_cv,primary_instrument1_full,primary,1,1,1,development_combined,Arnoldi FPLS,ok,ok,True,5,2,calibrate:003,calibrate,3,201.39999389648438,195.17828008196216,-6.221713814522218,156
development_repeated_nested_cv,primary_instrument1_full,primary,1,1,1,development_combined,Arnoldi FPLS,ok,ok,True,5,3,calibrate:004,calibrate,4,199.89999389648438,190.55596738136344,-9.34402651512093,156
development_repeated_nested_cv,primary_instrument1_full,primary,1,1,1,development_combined,Arnoldi FPLS,ok,ok,True,5,5,calibrate:006,calibrate,6,198.3000030517578,194.30384682167042,-3.9961562300873936,156
development_repeated_nested_cv,primary_instrument1_full,primary,1,1,1,development_combined,Arnoldi FPLS,ok,ok,True,5,9,calibrate:010,calibrate,10,181.10000610351562,177.5349385577728,-3.565067545742835,156
development_repeated_nested_cv,primary_instrument1_full,primary,1,1,1,development_combined,Arnoldi FPLS,ok,ok,True,5,11,calibrate:012,calibrate,12,162.0,161.86346299753077,-0.1365370024692254,156
development_repeated_nested_cv,primary_instrument1_full,primary,1,1,1,development_combined,Arnoldi FPLS,ok,ok,True,5,15,calibrate:016,calibrate,16,173.8000030517578,175.43559960265048,1.6355965508926715,156
development_repeated_nested_cv,primary_instrument1_full,primary,1,1,1,development_combined,Arnoldi FPLS,ok,ok,True,5,16,calibrate:017,calibrate,17,222.5,218.15913337763024,-4.340866622369759,156
development_repeated_nested_cv,primary_instrument1_full,primary,1,1,1,development_combined,Arnoldi FPLS,ok,ok,True,5,27,calibrate:028,calibrate,28,175.8000030517578,175.8831595992794,0.08315654752158252,156
development_repeated_nested_cv,primary_instrument1_full,primary,1,1,1,development_combined,Arnoldi FPLS,ok,ok,True,5,35,calibrate:036,calibrate,36,177.0,176.33456083699804,-0.6654391630019632,156
development_repeated_nested_cv,primary_instrument1_full,primary,1,1,1,development_combined,Arnoldi FPLS,ok,ok,True,5,40,calibrate:041,calibrate,41,206.60000610351562,206.23315246373753,-0.3668536397780997,156
development_repeated_nested_cv,primary_instrument1_full,primary,1,1,1,development_combined,Arnoldi FPLS,ok,ok,True,5,42,calibrate:043,calibrate,43,159.60000610351562,162.57577230207553,2.97576619855991,156
development_repeated_nested_cv,primary_instrument1_full,primary,1,1,1,development_combined,Arnoldi FPLS,ok,ok,True,5,46,calibrate:047,calibrate,47,158.0,158.7015844486924,0.7015844486923868,156
development_repeated_nested_cv,primary_instrument1_full,primary,1,1,1,development_combined,Arnoldi FPLS,ok,ok,True,5,49,calibrate:050,calibrate,50,220.5,217.43250810290525,-3.0674918970947544,156
development_repeated_nested_cv,primary_instrument1_full,primary,1,1,1,development_combined,Arnoldi FPLS,ok,ok,True,5,50,calibrate:051,calibrate,51,188.3000030517578,186.2314732504982,-2.068529801259615,156
development_repeated_nested_cv,primary_instrument1_full,primary,1,1,1,development_combined,Arnoldi FPLS,ok,ok,True,5,51,calibrate:052,calibrate,52,231.89999389648438,234.22924912499158,2.3292552285072077,156
development_repeated_nested_cv,primary_instrument1_full,primary,1,1,1,development_combined,Arnoldi FPLS,ok,ok,True,5,54,calibrate:055,calibrate,55,188.10000610351562,185.24778512686112,-2.8522209766545075,156
development_repeated_nested_cv,primary_instrument1_full,primary,1,1,1,development_combined,Arnoldi FPLS,ok,ok,True,5,73,calibrate:074,calibrate,74,213.8000030517578,212.7360391932692,-1.06396385848862,156
development_repeated_nested_cv,primary_instrument1_full,primary,1,1,1,development_combined,Arnoldi FPLS,ok,ok,True,5,81,calibrate:082,calibrate,82,216.39999389648438,215.25544303276715,-1.1445508637172281,156
development_repeated_nested_cv,primary_instrument1_full,primary,1,1,1,development_combined,Arnoldi FPLS,ok,ok,True,5,88,calibrate:089,calibrate,89,203.60000610351562,200.8031883869216,-2.7968177165940347,156
development_repeated_nested_cv,primary_instrument1_full,primary,1,1,1,development_combined,Arnoldi FPLS,ok,ok,True,5,93,calibrate:094,calibrate,94,172.39999389648438,175.8850404369567,3.485046540472325,156
development_repeated_nested_cv,primary_instrument1_full,primary,1,1,1,development_combined,Arnoldi FPLS,ok,ok,True,5,100,calibrate:101,calibrate,101,216.5,217.93446676613837,1.434466766138371,156
development_repeated_nested_cv,primary_instrument1_full,primary,1,1,1,development_combined,Arnoldi FPLS,ok,ok,True,5,103,calibrate:104,calibrate,104,184.5,185.42963160711045,0.9296316071104513,156
development_repeated_nested_cv,primary_instrument1_full,primary,1,1,1,development_combined,Arnoldi FPLS,ok,ok,True,5,104,calibrate:105,calibrate,105,157.0,158.51077300910262,1.5107730091026212,156
development_repeated_nested_cv,primary_instrument1_full,primary,1,1,1,development_combined,Arnoldi FPLS,ok,ok,True,5,107,calibrate:108,calibrate,108,231.10000610351562,238.04183671045087,6.941830606935241,156
development_repeated_nested_cv,primary_instrument1_full,primary,1,1,1,development_combined,Arnoldi FPLS,ok,ok,True,5,111,calibrate:112,calibrate,112,220.0,218.33676132965618,-1.6632386703438158,156
development_repeated_nested_cv,primary_instrument1_full,primary,1,1,1,development_combined,Arnoldi FPLS,ok,ok,True,5,119,calibrate:120,calibrate,120,204.60000610351562,205.78678553295396,1.1867794294383316,156
development_repeated_nested_cv,primary_instrument1_full,primary,1,1,1,development_combined,Arnoldi FPLS,ok,ok,True,5,125,calibrate:126,calibrate,126,181.0,159.73735525219118,-21.26264474780882,156
development_repeated_nested_cv,primary_instrument1_full,primary,1,1,1,development_combined,Arnoldi FPLS,ok,ok,True,5,129,calibrate:130,calibrate,130,154.60000610351562,160.3062669149121,5.706260811396476,156
development_repeated_nested_cv,primary_instrument1_full,primary,1,1,1,development_combined,Arnoldi FPLS,ok,ok,True,5,130,calibrate:131,calibrate,131,184.5,186.36702707082767,1.8670270708276746,156
development_repeated_nested_cv,primary_instrument1_full,primary,1,1,1,development_combined,Arnoldi FPLS,ok,ok,True,5,137,calibrate:138,calibrate,138,195.89999389648438,202.3463047299273,6.446310833442936,156
development_repeated_nested_cv,primary_instrument1_full,primary,1,1,1,development_combined,Arnoldi FPLS,ok,ok,True,5,144,calibrate:145,calibrate,145,191.1999969482422,189.65473803855755,-1.5452589096846339,156
development_repeated_nested_cv,primary_instrument1_full,primary,1,1,1,development_combined,Arnoldi FPLS,ok,ok,True,5,158,validate:004,validate,4,189.39999389648438,192.40715038521657,3.0071564887321927,156
development_repeated_nested_cv,primary_instrument1_full,primary,1,1,1,development_combined,Arnoldi FPLS,ok,ok,True,5,166,validate:012,validate,12,193.8000030517578,191.05026310711045,-2.7497399446473594,156
development_repeated_nested_cv,primary_instrument1_full,primary,1,1,1,development_combined,Arnoldi FPLS,ok,ok,True,5,168,validate:014,validate,14,197.5,192.15827727846943,-5.341722721530573,156
development_repeated_nested_cv,primary_instrument1_full,primary,1,1,1,development_combined,Arnoldi FPLS,ok,ok,True,5,169,validate:015,validate,15,195.10000610351562,189.88446442384728,-5.215541679668348,156
development_repeated_nested_cv,primary_instrument1_full,primary,1,1,1,development_combined,Arnoldi FPLS,ok,ok,True,5,178,validate:024,validate,24,193.60000610351562,197.5543222488816,3.954316145365965,156
development_repeated_nested_cv,primary_instrument1_full,primary,1,1,1,development_combined,Arnoldi FPLS,ok,ok,True,5,179,validate:025,validate,25,195.5,200.05649510161803,4.556495101618026,156
development_repeated_nested_cv,primary_instrument1_full,primary,1,1,1,development_combined,Arnoldi FPLS,ok,ok,True,5,190,validate:036,validate,36,194.6999969482422,199.9774163905447,5.2774194423025165,156
development_repeated_nested_cv,primary_instrument1_full,primary,1,1,1,development_combined,Arnoldi FPLS,ok,ok,True,5,191,validate:037,validate,37,197.0,198.65123096111398,1.6512309611139813,156
development_repeated_nested_cv,primary_instrument1_full,primary,1,1,1,development_combined,FPCR,ok,ok,True,33,2,calibrate:003,calibrate,3,201.39999389648438,195.46225710712343,-5.93773678936094,156
development_repeated_nested_cv,primary_instrument1_full,primary,1,1,1,development_combined,FPCR,ok,ok,True,33,3,calibrate:004,calibrate,4,199.89999389648438,191.36201862989967,-8.53797526658471,156
development_repeated_nested_cv,primary_instrument1_full,primary,1,1,1,development_combined,FPCR,ok,ok,True,33,5,calibrate:006,calibrate,6,198.3000030517578,201.29786177165107,2.9978587198932587,156
development_repeated_nested_cv,primary_instrument1_full,primary,1,1,1,development_combined,FPCR,ok,ok,True,33,9,calibrate:010,calibrate,10,181.10000610351562,177.4978304707861,-3.6021756327295122,156
development_repeated_nested_cv,primary_instrument1_full,primary,1,1,1,development_combined,FPCR,ok,ok,True,33,11,calibrate:012,calibrate,12,162.0,162.78641532357258,0.7864153235725837,156
development_repeated_nested_cv,primary_instrument1_full,primary,1,1,1,development_combined,FPCR,ok,ok,True,33,15,calibrate:016,calibrate,16,173.8000030517578,172.54453198402274,-1.2554710677350727,156
development_repeated_nested_cv,primary_instrument1_full,primary,1,1,1,development_combined,FPCR,ok,ok,True,33,16,calibrate:017,calibrate,17,222.5,216.24035042584381,-6.259649574156185,156
development_repeated_nested_cv,primary_instrument1_full,primary,1,1,1,development_combined,FPCR,ok,ok,True,33,27,calibrate:028,calibrate,28,175.8000030517578,173.20224011088854,-2.5977629408692735,156
development_repeated_nested_cv,primary_instrument1_full,primary,1,1,1,development_combined,FPCR,ok,ok,True,33,35,calibrate:036,calibrate,36,177.0,176.48332768274386,-0.5166723172561376,156
development_repeated_nested_cv,primary_instrument1_full,primary,1,1,1,development_combined,FPCR,ok,ok,True,33,40,calibrate:041,calibrate,41,206.60000610351562,205.4355025956868,-1.1645035078288117,156
development_repeated_nested_cv,primary_instrument1_full,primary,1,1,1,development_combined,FPCR,ok,ok,True,33,42,calibrate:043,calibrate,43,159.60000610351562,161.56973598514568,1.9697298816300588,156
development_repeated_nested_cv,primary_instrument1_full,primary,1,1,1,development_combined,FPCR,ok,ok,True,33,46,calibrate:047,calibrate,47,158.0,160.15199078298494,2.1519907829849387,156
development_repeated_nested_cv,primary_instrument1_full,primary,1,1,1,development_combined,FPCR,ok,ok,True,33,49,calibrate:050,calibrate,50,220.5,220.03896151118215,-0.4610384888178487,156
development_repeated_nested_cv,primary_instrument1_full,primary,1,1,1,development_combined,FPCR,ok,ok,True,33,50,calibrate:051,calibrate,51,188.3000030517578,185.5387336748102,-2.7612693769476095,156
development_repeated_nested_cv,primary_instrument1_full,primary,1,1,1,development_combined,FPCR,ok,ok,True,33,51,calibrate:052,calibrate,52,231.89999389648438,249.1465782376702,17.246584341185837,156
development_repeated_nested_cv,primary_instrument1_full,primary,1,1,1,development_combined,FPCR,ok,ok,True,33,54,calibrate:055,calibrate,55,188.10000610351562,178.90301556115898,-9.196990542356644,156
development_repeated_nested_cv,primary_instrument1_full,primary,1,1,1,development_combined,FPCR,ok,ok,True,33,73,calibrate:074,calibrate,74,213.8000030517578,213.23955626872325,-0.5604467830345641,156
development_repeated_nested_cv,primary_instrument1_full,primary,1,1,1,development_combined,FPCR,ok,ok,True,33,81,calibrate:082,calibrate,82,216.39999389648438,219.08218037241954,2.6821864759351683,156
development_repeated_nested_cv,primary_instrument1_full,primary,1,1,1,development_combined,FPCR,ok,ok,True,33,88,calibrate:089,calibrate,89,203.60000610351562,203.1960603574481,-0.4039457460675351,156
development_repeated_nested_cv,primary_instrument1_full,primary,1,1,1,development_combined,FPCR,ok,ok,True,33,93,calibrate:094,calibrate,94,172.39999389648438,176.97043704312142,4.5704431466370465,156
development_repeated_nested_cv,primary_instrument1_full,primary,1,1,1,development_combined,FPCR,ok,ok,True,33,100,calibrate:101,calibrate,101,216.5,220.31726583026386,3.817265830263864,156
development_repeated_nested_cv,primary_instrument1_full,primary,1,1,1,development_combined,FPCR,ok,ok,True,33,103,calibrate:104,calibrate,104,184.5,183.47898832145273,-1.0210116785472678,156
development_repeated_nested_cv,primary_instrument1_full,primary,1,1,1,development_combined,FPCR,ok,ok,True,33,104,calibrate:105,calibrate,105,157.0,161.84293075830064,4.842930758300639,156
development_repeated_nested_cv,primary_instrument1_full,primary,1,1,1,development_combined,FPCR,ok,ok,True,33,107,calibrate:108,calibrate,108,231.10000610351562,241.14139566408193,10.041389560566301,156
development_repeated_nested_cv,primary_instrument1_full,primary,1,1,1,development_combined,FPCR,ok,ok,True,33,111,calibrate:112,calibrate,112,220.0,217.22774887688345,-2.772251123116547,156
development_repeated_nested_cv,primary_instrument1_full,primary,1,1,1,development_combined,FPCR,ok,ok,True,33,119,calibrate:120,calibrate,120,204.60000610351562,207.30212332301625,2.7021172195006216,156
development_repeated_nested_cv,primary_instrument1_full,primary,1,1,1,development_combined,FPCR,ok,ok,True,33,125,calibrate:126,calibrate,126,181.0,154.21755736355226,-26.78244263644774,156
development_repeated_nested_cv,primary_instrument1_full,primary,1,1,1,development_combined,FPCR,ok,ok,True,33,129,calibrate:130,calibrate,130,154.60000610351562,156.3700736619707,1.7700675584550822,156
development_repeated_nested_cv,primary_instrument1_full,primary,1,1,1,development_combined,FPCR,ok,ok,True,33,130,calibrate:131,calibrate,131,184.5,190.1768412642895,5.676841264289493,156
development_repeated_nested_cv,primary_instrument1_full,primary,1,1,1,development_combined,FPCR,ok,ok,True,33,137,calibrate:138,calibrate,138,195.89999389648438,204.46219513035257,8.562201233868194,156
development_repeated_nested_cv,primary_instrument1_full,primary,1,1,1,development_combined,FPCR,ok,ok,True,33,144,calibrate:145,calibrate,145,191.1999969482422,189.93179877787483,-1.2681981703673557,156
development_repeated_nested_cv,primary_instrument1_full,primary,1,1,1,development_combined,FPCR,ok,ok,True,33,158,validate:004,validate,4,189.39999389648438,191.7315061490252,2.3315122525408185,156
development_repeated_nested_cv,primary_instrument1_full,primary,1,1,1,development_combined,FPCR,ok,ok,True,33,166,validate:012,validate,12,193.8000030517578,198.47369861583775,4.673695564079935,156
development_repeated_nested_cv,primary_instrument1_full,primary,1,1,1,development_combined,FPCR,ok,ok,True,33,168,validate:014,validate,14,197.5,192.92215669905244,-4.577843300947563,156
development_repeated_nested_cv,primary_instrument1_full,primary,1,1,1,development_combined,FPCR,ok,ok,True,33,169,validate:015,validate,15,195.10000610351562,190.192093736992,-4.907912366523618,156
development_repeated_nested_cv,primary_instrument1_full,primary,1,1,1,development_combined,FPCR,ok,ok,True,33,178,validate:024,validate,24,193.60000610351562,193.06658520897966,-0.5334208945359649,156
development_repeated_nested_cv,primary_instrument1_full,primary,1,1,1,development_combined,FPCR,ok,ok,True,33,179,validate:025,validate,25,195.5,199.94118814257027,4.441188142570269,156
development_repeated_nested_cv,primary_instrument1_full,primary,1,1,1,development_combined,FPCR,ok,ok,True,33,190,validate:036,validate,36,194.6999969482422,198.3029004522656,3.602903504023402,156
development_repeated_nested_cv,primary_instrument1_full,primary,1,1,1,development_combined,FPCR,ok,ok,True,33,191,validate:037,validate,37,197.0,198.88594061112465,1.8859406111246528,156
development_repeated_nested_cv,primary_instrument1_full,primary,1,1,2,development_combined,CG-FPLS-code,ok,ok,True,3,6,calibrate:007,calibrate,7,200.10000610351562,192.5884754360439,-7.511530667471732,156
development_repeated_nested_cv,primary_instrument1_full,primary,1,1,2,development_combined,CG-FPLS-code,ok,ok,True,3,8,calibrate:009,calibrate,9,184.89999389648438,190.09899984317414,5.199005946689766,156
development_repeated_nested_cv,primary_instrument1_full,primary,1,1,2,development_combined,CG-FPLS-code,ok,ok,True,3,13,calibrate:014,calibrate,14,221.3000030517578,215.39999702298167,-5.900006028776147,156
development_repeated_nested_cv,primary_instrument1_full,primary,1,1,2,development_combined,CG-FPLS-code,ok,ok,True,3,20,calibrate:021,calibrate,21,183.1999969482422,181.68872792297836,-1.5112690252638288,156
development_repeated_nested_cv,primary_instrument1_full,primary,1,1,2,development_combined,CG-FPLS-code,ok,ok,True,3,32,calibrate:033,calibrate,33,183.0,187.59181288404716,4.591812884047158,156
development_repeated_nested_cv,primary_instrument1_full,primary,1,1,2,development_combined,CG-FPLS-code,ok,ok,True,3,33,calibrate:034,calibrate,34,231.89999389648438,234.3018291654618,2.401835268977436,156
development_repeated_nested_cv,primary_instrument1_full,primary,1,1,2,development_combined,CG-FPLS-code,ok,ok,True,3,37,calibrate:038,calibrate,38,208.8000030517578,200.6459497738277,-8.154053277930103,156
development_repeated_nested_cv,primary_instrument1_full,primary,1,1,2,development_combined,CG-FPLS-code,ok,ok,True,3,39,calibrate:040,calibrate,40,174.10000610351562,176.30958834608455,2.2095822425689278,156
development_repeated_nested_cv,primary_instrument1_full,primary,1,1,2,development_combined,CG-FPLS-code,ok,ok,True,3,43,calibrate:044,calibrate,44,186.89999389648438,184.35020216393707,-2.5497917325473054,156
development_repeated_nested_cv,primary_instrument1_full,primary,1,1,2,development_combined,CG-FPLS-code,ok,ok,True,3,47,calibrate:048,calibrate,48,156.8000030517578,163.75766147157273,6.957658419814919,156
development_repeated_nested_cv,primary_instrument1_full,primary,1,1,2,development_combined,CG-FPLS-code,ok,ok,True,3,61,calibrate:062,calibrate,62,176.6999969482422,181.05589803772298,4.3559010894807955,156
development_repeated_nested_cv,primary_instrument1_full,primary,1,1,2,development_combined,CG-FPLS-code,ok,ok,True,3,67,calibrate:068,calibrate,68,179.89999389648438,186.10436249185975,6.204368595375371,156
development_repeated_nested_cv,primary_instrument1_full,primary,1,1,2,development_combined,CG-FPLS-code,ok,ok,True,3,69,calibrate:070,calibrate,70,159.3000030517578,163.1275605379447,3.8275574861868904,156
development_repeated_nested_cv,primary_instrument1_full,primary,1,1,2,development_combined,CG-FPLS-code,ok,ok,True,3,71,calibrate:072,calibrate,72,201.8000030517578,206.77562052474025,4.975617472982435,156
development_repeated_nested_cv,primary_instrument1_full,primary,1,1,2,development_combined,CG-FPLS-code,ok,ok,True,3,76,calibrate:077,calibrate,77,158.10000610351562,160.35271302398638,2.2527069204707573,156
development_repeated_nested_cv,primary_instrument1_full,primary,1,1,2,development_combined,CG-FPLS-code,ok,ok,True,3,79,calibrate:080,calibrate,80,208.39999389648438,205.6145766794902,-2.785417216994176,156
development_repeated_nested_cv,primary_instrument1_full,primary,1,1,2,development_combined,CG-FPLS-code,ok,ok,True,3,89,calibrate:090,calibrate,90,173.39999389648438,179.68780402935917,6.287810132874796,156
development_repeated_nested_cv,primary_instrument1_full,primary,1,1,2,development_combined,CG-FPLS-code,ok,ok,True,3,90,calibrate:091,calibrate,91,216.5,213.79030757449587,-2.70969242550413,156
development_repeated_nested_cv,primary_instrument1_full,primary,1,1,2,development_combined,CG-FPLS-code,ok,ok,True,3,95,calibrate:096,calibrate,96,171.60000610351562,177.09085461931727,5.490848515801645,156
development_repeated_nested_cv,primary_instrument1_full,primary,1,1,2,development_combined,CG-FPLS-code,ok,ok,True,3,96,calibrate:097,calibrate,97,204.0,205.7938527505807,1.7938527505806974,156
development_repeated_nested_cv,primary_instrument1_full,primary,1,1,2,development_combined,CG-FPLS-code,ok,ok,True,3,99,calibrate:100,calibrate,100,219.3000030517578,213.15004283639206,-6.149960215365752,156
development_repeated_nested_cv,primary_instrument1_full,primary,1,1,2,development_combined,CG-FPLS-code,ok,ok,True,3,108,calibrate:109,calibrate,109,222.60000610351562,214.50551496315086,-8.094491140364767,156
development_repeated_nested_cv,primary_instrument1_full,primary,1,1,2,development_combined,CG-FPLS-code,ok,ok,True,3,110,calibrate:111,calibrate,111,217.0,220.49756875591183,3.4975687559118285,156
development_repeated_nested_cv,primary_instrument1_full,primary,1,1,2,development_combined,CG-FPLS-code,ok,ok,True,3,120,calibrate:121,calibrate,121,155.10000610351562,164.24429699922436,9.144290895708735,156
development_repeated_nested_cv,primary_instrument1_full,primary,1,1,2,development_combined,CG-FPLS-code,ok,ok,True,3,121,calibrate:122,calibrate,122,176.89999389648438,160.55130664107563,-16.34868725540875,156
development_repeated_nested_cv,primary_instrument1_full,primary,1,1,2,development_combined,CG-FPLS-code,ok,ok,True,3,127,calibrate:128,calibrate,128,239.10000610351562,236.57375274505952,-2.5262533584561027,156
development_repeated_nested_cv,primary_instrument1_full,primary,1,1,2,development_combined,CG-FPLS-code,ok,ok,True,3,134,calibrate:135,calibrate,135,188.6999969482422,187.88768403301106,-0.8123129152311321,156
development_repeated_nested_cv,primary_instrument1_full,primary,1,1,2,development_combined,CG-FPLS-code,ok,ok,True,3,135,calibrate:136,calibrate,136,193.10000610351562,196.1137951295322,3.013789026016582,156
development_repeated_nested_cv,primary_instrument1_full,primary,1,1,2,development_combined,CG-FPLS-code,ok,ok,True,3,142,calibrate:143,calibrate,143,196.60000610351562,190.4088412167138,-6.191164886801829,156
development_repeated_nested_cv,primary_instrument1_full,primary,1,1,2,development_combined,CG-FPLS-code,ok,ok,True,3,148,calibrate:149,calibrate,149,194.10000610351562,197.32788258798738,3.22787648447175,156
development_repeated_nested_cv,primary_instrument1_full,primary,1,1,2,development_combined,CG-FPLS-code,ok,ok,True,3,150,calibrate:151,calibrate,151,200.0,194.0526328091494,-5.947367190850599,156
development_repeated_nested_cv,primary_instrument1_full,primary,1,1,2,development_combined,CG-FPLS-code,ok,ok,True,3,156,validate:002,validate,2,188.1999969482422,197.35792513620672,9.15792818796453,156
development_repeated_nested_cv,primary_instrument1_full,primary,1,1,2,development_combined,CG-FPLS-code,ok,ok,True,3,163,validate:009,validate,9,195.8000030517578,193.09323115525697,-2.7067718965008396,156
development_repeated_nested_cv,primary_instrument1_full,primary,1,1,2,development_combined,CG-FPLS-code,ok,ok,True,3,167,validate:013,validate,13,194.5,200.12787446981315,5.62787446981315,156
development_repeated_nested_cv,primary_instrument1_full,primary,1,1,2,development_combined,CG-FPLS-code,ok,ok,True,3,170,validate:016,validate,16,193.60000610351562,196.40462294112461,2.8046168376089895,156
development_repeated_nested_cv,primary_instrument1_full,primary,1,1,2,development_combined,CG-FPLS-code,ok,ok,True,3,175,validate:021,validate,21,195.10000610351562,195.7660295026564,0.6660233991407836,156
development_repeated_nested_cv,primary_instrument1_full,primary,1,1,2,development_combined,CG-FPLS-code,ok,ok,True,3,181,validate:027,validate,27,198.89999389648438,201.2308303973836,2.330836500899238,156
development_repeated_nested_cv,primary_instrument1_full,primary,1,1,2,development_combined,CG-FPLS-code,ok,ok,True,3,185,validate:031,validate,31,194.10000610351562,198.63882218541892,4.538816081903292,156
development_repeated_nested_cv,primary_instrument1_full,primary,1,1,2,development_combined,CG-FPLS-code,ok,ok,True,3,192,validate:038,validate,38,197.39999389648438,198.039668653564,0.6396747570796322,156
development_repeated_nested_cv,primary_instrument1_full,primary,1,1,2,development_combined,Raw FPLS,ok,ok,True,63,6,calibrate:007,calibrate,7,200.10000610351562,199.60557022273994,-0.4944358807756828,156
development_repeated_nested_cv,primary_instrument1_full,primary,1,1,2,development_combined,Raw FPLS,ok,ok,True,63,8,calibrate:009,calibrate,9,184.89999389648438,185.6628974446818,0.7629035481974142,156
development_repeated_nested_cv,primary_instrument1_full,primary,1,1,2,development_combined,Raw FPLS,ok,ok,True,63,13,calibrate:014,calibrate,14,221.3000030517578,219.06505834080002,-2.234944710957791,156
development_repeated_nested_cv,primary_instrument1_full,primary,1,1,2,development_combined,Raw FPLS,ok,ok,True,63,20,calibrate:021,calibrate,21,183.1999969482422,185.13526772945733,1.935270781215138,156
development_repeated_nested_cv,primary_instrument1_full,primary,1,1,2,development_combined,Raw FPLS,ok,ok,True,63,32,calibrate:033,calibrate,33,183.0,188.6727374117374,5.672737411737387,156
development_repeated_nested_cv,primary_instrument1_full,primary,1,1,2,development_combined,Raw FPLS,ok,ok,True,63,33,calibrate:034,calibrate,34,231.89999389648438,236.76859832414544,4.868604427661069,156
development_repeated_nested_cv,primary_instrument1_full,primary,1,1,2,development_combined,Raw FPLS,ok,ok,True,63,37,calibrate:038,calibrate,38,208.8000030517578,204.97603098785004,-3.8239720639077746,156
development_repeated_nested_cv,primary_instrument1_full,primary,1,1,2,development_combined,Raw FPLS,ok,ok,True,63,39,calibrate:040,calibrate,40,174.10000610351562,177.4112660372289,3.3112599337132735,156
development_repeated_nested_cv,primary_instrument1_full,primary,1,1,2,development_combined,Raw FPLS,ok,ok,True,63,43,calibrate:044,calibrate,44,186.89999389648438,188.19401241478553,1.2940185183011579,156
development_repeated_nested_cv,primary_instrument1_full,primary,1,1,2,development_combined,Raw FPLS,ok,ok,True,63,47,calibrate:048,calibrate,48,156.8000030517578,156.89820383273585,0.09820078097803275,156
development_repeated_nested_cv,primary_instrument1_full,primary,1,1,2,development_combined,Raw FPLS,ok,ok,True,63,61,calibrate:062,calibrate,62,176.6999969482422,175.66984915040337,-1.030147797838822,156
development_repeated_nested_cv,primary_instrument1_full,primary,1,1,2,development_combined,Raw FPLS,ok,ok,True,63,67,calibrate:068,calibrate,68,179.89999389648438,187.28749221110377,7.387498314619393,156
development_repeated_nested_cv,primary_instrument1_full,primary,1,1,2,development_combined,Raw FPLS,ok,ok,True,63,69,calibrate:070,calibrate,70,159.3000030517578,159.09821389883103,-0.20178915292677857,156
development_repeated_nested_cv,primary_instrument1_full,primary,1,1,2,development_combined,Raw FPLS,ok,ok,True,63,71,calibrate:072,calibrate,72,201.8000030517578,204.0577399712338,2.257736919475974,156
development_repeated_nested_cv,primary_instrument1_full,primary,1,1,2,development_combined,Raw FPLS,ok,ok,True,63,76,calibrate:077,calibrate,77,158.10000610351562,156.27196946088287,-1.8280366426327532,156
development_repeated_nested_cv,primary_instrument1_full,primary,1,1,2,development_combined,Raw FPLS,ok,ok,True,63,79,calibrate:080,calibrate,80,208.39999389648438,203.2869009378609,-5.113092958623469,156
development_repeated_nested_cv,primary_instrument1_full,primary,1,1,2,development_combined,Raw FPLS,ok,ok,True,63,89,calibrate:090,calibrate,90,173.39999389648438,179.53421000852114,6.134216112036768,156
development_repeated_nested_cv,primary_instrument1_full,primary,1,1,2,development_combined,Raw FPLS,ok,ok,True,63,90,calibrate:091,calibrate,91,216.5,218.48437462818546,1.9843746281854635,156
development_repeated_nested_cv,primary_instrument1_full,primary,1,1,2,development_combined,Raw FPLS,ok,ok,True,63,95,calibrate:096,calibrate,96,171.60000610351562,171.20388517008521,-0.3961209334304101,156
development_repeated_nested_cv,primary_instrument1_full,primary,1,1,2,development_combined,Raw FPLS,ok,ok,True,63,96,calibrate:097,calibrate,97,204.0,203.0869135300479,-0.9130864699521055,156
development_repeated_nested_cv,primary_instrument1_full,primary,1,1,2,development_combined,Raw FPLS,ok,ok,True,63,99,calibrate:100,calibrate,100,219.3000030517578,218.02567273005596,-1.2743303217018536,156
development_repeated_nested_cv,primary_instrument1_full,primary,1,1,2,development_combined,Raw FPLS,ok,ok,True,63,108,calibrate:109,calibrate,109,222.60000610351562,221.94233065763714,-0.6576754458784819,156
development_repeated_nested_cv,primary_instrument1_full,primary,1,1,2,development_combined,Raw FPLS,ok,ok,True,63,110,calibrate:111,calibrate,111,217.0,219.08136304125557,2.081363041255571,156
development_repeated_nested_cv,primary_instrument1_full,primary,1,1,2,development_combined,Raw FPLS,ok,ok,True,63,120,calibrate:121,calibrate,121,155.10000610351562,159.1973216236928,4.097315520177176,156
development_repeated_nested_cv,primary_instrument1_full,primary,1,1,2,development_combined,Raw FPLS,ok,ok,True,63,121,calibrate:122,calibrate,122,176.89999389648438,156.11682474937552,-20.78316914710885,156
development_repeated_nested_cv,primary_instrument1_full,primary,1,1,2,development_combined,Raw FPLS,ok,ok,True,63,127,calibrate:128,calibrate,128,239.10000610351562,239.07808499874446,-0.02192110477116671,156
development_repeated_nested_cv,primary_instrument1_full,primary,1,1,2,development_combined,Raw FPLS,ok,ok,True,63,134,calibrate:135,calibrate,135,188.6999969482422,191.00013905924206,2.3001421109998716,156
development_repeated_nested_cv,primary_instrument1_full,primary,1,1,2,development_combined,Raw FPLS,ok,ok,True,63,135,calibrate:136,calibrate,136,193.10000610351562,192.00615876095955,-1.0938473425560744,156
development_repeated_nested_cv,primary_instrument1_full,primary,1,1,2,development_combined,Raw FPLS,ok,ok,True,63,142,calibrate:143,calibrate,143,196.60000610351562,193.2390228322593,-3.360983271256316,156
development_repeated_nested_cv,primary_instrument1_full,primary,1,1,2,development_combined,Raw FPLS,ok,ok,True,63,148,calibrate:149,calibrate,149,194.10000610351562,190.00788747975957,-4.0921186237560505,156
development_repeated_nested_cv,primary_instrument1_full,primary,1,1,2,development_combined,Raw FPLS,ok,ok,True,63,150,calibrate:151,calibrate,151,200.0,193.80935788020676,-6.190642119793239,156
development_repeated_nested_cv,primary_instrument1_full,primary,1,1,2,development_combined,Raw FPLS,ok,ok,True,63,156,validate:002,validate,2,188.1999969482422,193.03623205905086,4.836235110808673,156
development_repeated_nested_cv,primary_instrument1_full,primary,1,1,2,development_combined,Raw FPLS,ok,ok,True,63,163,validate:009,validate,9,195.8000030517578,192.72052246681213,-3.079480584945685,156
development_repeated_nested_cv,primary_instrument1_full,primary,1,1,2,development_combined,Raw FPLS,ok,ok,True,63,167,validate:013,validate,13,194.5,195.37017553104326,0.8701755310432588,156
development_repeated_nested_cv,primary_instrument1_full,primary,1,1,2,development_combined,Raw FPLS,ok,ok,True,63,170,validate:016,validate,16,193.60000610351562,192.73860727098383,-0.8613988325317905,156
development_repeated_nested_cv,primary_instrument1_full,primary,1,1,2,development_combined,Raw FPLS,ok,ok,True,63,175,validate:021,validate,21,195.10000610351562,200.4140466891011,5.314040585585474,156
development_repeated_nested_cv,primary_instrument1_full,primary,1,1,2,development_combined,Raw FPLS,ok,ok,True,63,181,validate:027,validate,27,198.89999389648438,198.61825813935306,-0.28173575713131527,156
development_repeated_nested_cv,primary_instrument1_full,primary,1,1,2,development_combined,Raw FPLS,ok,ok,True,63,185,validate:031,validate,31,194.10000610351562,196.12244702208164,2.0224409185660193,156
development_repeated_nested_cv,primary_instrument1_full,primary,1,1,2,development_combined,Raw FPLS,ok,ok,True,63,192,validate:038,validate,38,197.39999389648438,196.25258118477402,-1.1474127117103592,156
development_repeated_nested_cv,primary_instrument1_full,primary,1,1,2,development_combined,Arnoldi FPLS,ok,ok,True,6,6,calibrate:007,calibrate,7,200.10000610351562,199.84055459278557,-0.25945151073005945,156
development_repeated_nested_cv,primary_instrument1_full,primary,1,1,2,development_combined,Arnoldi FPLS,ok,ok,True,6,8,calibrate:009,calibrate,9,184.89999389648438,185.7304864453729,0.8304925488885146,156
development_repeated_nested_cv,primary_instrument1_full,primary,1,1,2,development_combined,Arnoldi FPLS,ok,ok,True,6,13,calibrate:014,calibrate,14,221.3000030517578,218.51917160685733,-2.7808314449004854,156
development_repeated_nested_cv,primary_instrument1_full,primary,1,1,2,development_combined,Arnoldi FPLS,ok,ok,True,6,20,calibrate:021,calibrate,21,183.1999969482422,182.10462573901816,-1.0953712092240266,156
development_repeated_nested_cv,primary_instrument1_full,primary,1,1,2,development_combined,Arnoldi FPLS,ok,ok,True,6,32,calibrate:033,calibrate,33,183.0,187.0812779477591,4.081277947759105,156
development_repeated_nested_cv,primary_instrument1_full,primary,1,1,2,development_combined,Arnoldi FPLS,ok,ok,True,6,33,calibrate:034,calibrate,34,231.89999389648438,239.44776312541853,7.547769228934158,156
development_repeated_nested_cv,primary_instrument1_full,primary,1,1,2,development_combined,Arnoldi FPLS,ok,ok,True,6,37,calibrate:038,calibrate,38,208.8000030517578,204.91356265746663,-3.886440394291185,156
development_repeated_nested_cv,primary_instrument1_full,primary,1,1,2,development_combined,Arnoldi FPLS,ok,ok,True,6,39,calibrate:040,calibrate,40,174.10000610351562,175.48172259765335,1.38171649413772,156
development_repeated_nested_cv,primary_instrument1_full,primary,1,1,2,development_combined,Arnoldi FPLS,ok,ok,True,6,43,calibrate:044,calibrate,44,186.89999389648438,187.28341643810285,0.3834225416184722,156
development_repeated_nested_cv,primary_instrument1_full,primary,1,1,2,development_combined,Arnoldi FPLS,ok,ok,True,6,47,calibrate:048,calibrate,48,156.8000030517578,158.2559835483904,1.4559804966325771,156
development_repeated_nested_cv,primary_instrument1_full,primary,1,1,2,development_combined,Arnoldi FPLS,ok,ok,True,6,61,calibrate:062,calibrate,62,176.6999969482422,175.20664511044492,-1.4933518377972632,156
development_repeated_nested_cv,primary_instrument1_full,primary,1,1,2,development_combined,Arnoldi FPLS,ok,ok,True,6,67,calibrate:068,calibrate,68,179.89999389648438,185.17242613296196,5.272432236477584,156
development_repeated_nested_cv,primary_instrument1_full,primary,1,1,2,development_combined,Arnoldi FPLS,ok,ok,True,6,69,calibrate:070,calibrate,70,159.3000030517578,161.7047286693942,2.4047256176363874,156
development_repeated_nested_cv,primary_instrument1_full,primary,1,1,2,development_combined,Arnoldi FPLS,ok,ok,True,6,71,calibrate:072,calibrate,72,201.8000030517578,204.15167167789448,2.3516686261366715,156
development_repeated_nested_cv,primary_instrument1_full,primary,1,1,2,development_combined,Arnoldi FPLS,ok,ok,True,6,76,calibrate:077,calibrate,77,158.10000610351562,159.1244811103457,1.0244750068300732,156
development_repeated_nested_cv,primary_instrument1_full,primary,1,1,2,development_combined,Arnoldi FPLS,ok,ok,True,6,79,calibrate:080,calibrate,80,208.39999389648438,203.51176987826284,-4.8882240182215355,156
development_repeated_nested_cv,primary_instrument1_full,primary,1,1,2,development_combined,Arnoldi FPLS,ok,ok,True,6,89,calibrate:090,calibrate,90,173.39999389648438,177.7628684962795,4.362874599795134,156
development_repeated_nested_cv,primary_instrument1_full,primary,1,1,2,development_combined,Arnoldi FPLS,ok,ok,True,6,90,calibrate:091,calibrate,91,216.5,217.68528821557268,1.1852882155726832,156
development_repeated_nested_cv,primary_instrument1_full,primary,1,1,2,development_combined,Arnoldi FPLS,ok,ok,True,6,95,calibrate:096,calibrate,96,171.60000610351562,171.45154541226975,-0.14846069124587302,156
development_repeated_nested_cv,primary_instrument1_full,primary,1,1,2,development_combined,Arnoldi FPLS,ok,ok,True,6,96,calibrate:097,calibrate,97,204.0,203.17063426453115,-0.8293657354688548,156
development_repeated_nested_cv,primary_instrument1_full,primary,1,1,2,development_combined,Arnoldi FPLS,ok,ok,True,6,99,calibrate:100,calibrate,100,219.3000030517578,217.8614730062697,-1.4385300454881076,156
development_repeated_nested_cv,primary_instrument1_full,primary,1,1,2,development_combined,Arnoldi FPLS,ok,ok,True,6,108,calibrate:109,calibrate,109,222.60000610351562,223.2465230964636,0.6465169929479657,156
development_repeated_nested_cv,primary_instrument1_full,primary,1,1,2,development_combined,Arnoldi FPLS,ok,ok,True,6,110,calibrate:111,calibrate,111,217.0,218.79019527004021,1.7901952700402148,156
development_repeated_nested_cv,primary_instrument1_full,primary,1,1,2,development_combined,Arnoldi FPLS,ok,ok,True,6,120,calibrate:121,calibrate,121,155.10000610351562,159.38788091836648,4.287874814850852,156
development_repeated_nested_cv,primary_instrument1_full,primary,1,1,2,development_combined,Arnoldi FPLS,ok,ok,True,6,121,calibrate:122,calibrate,122,176.89999389648438,156.57902875736985,-20.32096513911452,156
development_repeated_nested_cv,primary_instrument1_full,primary,1,1,2,development_combined,Arnoldi FPLS,ok,ok,True,6,127,calibrate:128,calibrate,128,239.10000610351562,240.31065147566957,1.210645372153948,156
development_repeated_nested_cv,primary_instrument1_full,primary,1,1,2,development_combined,Arnoldi FPLS,ok,ok,True,6,134,calibrate:135,calibrate,135,188.6999969482422,191.04108440534415,2.3410874571019633,156
development_repeated_nested_cv,primary_instrument1_full,primary,1,1,2,development_combined,Arnoldi FPLS,ok,ok,True,6,135,calibrate:136,calibrate,136,193.10000610351562,189.78677161343543,-3.313234490080191,156
development_repeated_nested_cv,primary_instrument1_full,primary,1,1,2,development_combined,Arnoldi FPLS,ok,ok,True,6,142,calibrate:143,calibrate,143,196.60000610351562,192.4948633944273,-4.105142709088312,156
development_repeated_nested_cv,primary_instrument1_full,primary,1,1,2,development_combined,Arnoldi FPLS,ok,ok,True,6,148,calibrate:149,calibrate,149,194.10000610351562,189.55148303641232,-4.548523067103304,156
development_repeated_nested_cv,primary_instrument1_full,primary,1,1,2,development_combined,Arnoldi FPLS,ok,ok,True,6,150,calibrate:151,calibrate,151,200.0,194.84832845230818,-5.151671547691819,156
development_repeated_nested_cv,primary_instrument1_full,primary,1,1,2,development_combined,Arnoldi FPLS,ok,ok,True,6,156,validate:002,validate,2,188.1999969482422,191.47980569386675,3.279808745624564,156
development_repeated_nested_cv,primary_instrument1_full,primary,1,1,2,development_combined,Arnoldi FPLS,ok,ok,True,6,163,validate:009,validate,9,195.8000030517578,192.97469468268926,-2.8253083690685514,156
development_repeated_nested_cv,primary_instrument1_full,primary,1,1,2,development_combined,Arnoldi FPLS,ok,ok,True,6,167,validate:013,validate,13,194.5,194.27923724276252,-0.2207627572374804,156
development_repeated_nested_cv,primary_instrument1_full,primary,1,1,2,development_combined,Arnoldi FPLS,ok,ok,True,6,170,validate:016,validate,16,193.60000610351562,191.52813849808163,-2.0718676054339937,156
development_repeated_nested_cv,primary_instrument1_full,primary,1,1,2,development_combined,Arnoldi FPLS,ok,ok,True,6,175,validate:021,validate,21,195.10000610351562,198.41689726551397,3.316891161998342,156
development_repeated_nested_cv,primary_instrument1_full,primary,1,1,2,development_combined,Arnoldi FPLS,ok,ok,True,6,181,validate:027,validate,27,198.89999389648438,198.4710818319221,-0.4289120645622688,156
development_repeated_nested_cv,primary_instrument1_full,primary,1,1,2,development_combined,Arnoldi FPLS,ok,ok,True,6,185,validate:031,validate,31,194.10000610351562,197.7481925600373,3.648186456521671,156
development_repeated_nested_cv,primary_instrument1_full,primary,1,1,2,development_combined,Arnoldi FPLS,ok,ok,True,6,192,validate:038,validate,38,197.39999389648438,198.7901382929786,1.390144396494236,156
development_repeated_nested_cv,primary_instrument1_full,primary,1,1,2,development_combined,FPCR,ok,ok,True,14,6,calibrate:007,calibrate,7,200.10000610351562,198.39182549980896,-1.7081806037066656,156
development_repeated_nested_cv,primary_instrument1_full,primary,1,1,2,development_combined,FPCR,ok,ok,True,14,8,calibrate:009,calibrate,9,184.89999389648438,187.4605827818067,2.5605888853223178,156
development_repeated_nested_cv,primary_instrument1_full,primary,1,1,2,development_combined,FPCR,ok,ok,True,14,13,calibrate:014,calibrate,14,221.3000030517578,217.45669482785985,-3.8433082238979637,156
development_repeated_nested_cv,primary_instrument1_full,primary,1,1,2,development_combined,FPCR,ok,ok,True,14,20,calibrate:021,calibrate,21,183.1999969482422,183.22734137136894,0.027344423126749007,156
development_repeated_nested_cv,primary_instrument1_full,primary,1,1,2,development_combined,FPCR,ok,ok,True,14,32,calibrate:033,calibrate,33,183.0,187.4786591385802,4.478659138580213,156
development_repeated_nested_cv,primary_instrument1_full,primary,1,1,2,development_combined,FPCR,ok,ok,True,14,33,calibrate:034,calibrate,34,231.89999389648438,237.95596653442038,6.055972637936009,156
development_repeated_nested_cv,primary_instrument1_full,primary,1,1,2,development_combined,FPCR,ok,ok,True,14,37,calibrate:038,calibrate,38,208.8000030517578,204.11552602298008,-4.684477028777735,156
development_repeated_nested_cv,primary_instrument1_full,primary,1,1,2,development_combined,FPCR,ok,ok,True,14,39,calibrate:040,calibrate,40,174.10000610351562,175.84438057233655,1.7443744688209222,156
development_repeated_nested_cv,primary_instrument1_full,primary,1,1,2,development_combined,FPCR,ok,ok,True,14,43,calibrate:044,calibrate,44,186.89999389648438,187.26992710180866,0.369933205324287,156
development_repeated_nested_cv,primary_instrument1_full,primary,1,1,2,development_combined,FPCR,ok,ok,True,14,47,calibrate:048,calibrate,48,156.8000030517578,158.28012417881516,1.4801211270573447,156
development_repeated_nested_cv,primary_instrument1_full,primary,1,1,2,development_combined,FPCR,ok,ok,True,14,61,calibrate:062,calibrate,62,176.6999969482422,176.10222939657086,-0.5977675516713248,156
development_repeated_nested_cv,primary_instrument1_full,primary,1,1,2,development_combined,FPCR,ok,ok,True,14,67,calibrate:068,calibrate,68,179.89999389648438,187.08853191688783,7.188538020403456,156
development_repeated_nested_cv,primary_instrument1_full,primary,1,1,2,development_combined,FPCR,ok,ok,True,14,69,calibrate:070,calibrate,70,159.3000030517578,163.50203439080866,4.202031339050848,156
development_repeated_nested_cv,primary_instrument1_full,primary,1,1,2,development_combined,FPCR,ok,ok,True,14,71,calibrate:072,calibrate,72,201.8000030517578,203.1345725693137,1.3345695175558774,156
development_repeated_nested_cv,primary_instrument1_full,primary,1,1,2,development_combined,FPCR,ok,ok,True,14,76,calibrate:077,calibrate,77,158.10000610351562,159.99297858431254,1.8929724807969137,156
development_repeated_nested_cv,primary_instrument1_full,primary,1,1,2,development_combined,FPCR,ok,ok,True,14,79,calibrate:080,calibrate,80,208.39999389648438,204.6742718778729,-3.7257220186114637,156
development_repeated_nested_cv,primary_instrument1_full,primary,1,1,2,development_combined,FPCR,ok,ok,True,14,89,calibrate:090,calibrate,90,173.39999389648438,178.22540448380335,4.82541058731897,156
development_repeated_nested_cv,primary_instrument1_full,primary,1,1,2,development_combined,FPCR,ok,ok,True,14,90,calibrate:091,calibrate,91,216.5,218.0447772739287,1.5447772739287018,156
development_repeated_nested_cv,primary_instrument1_full,primary,1,1,2,development_combined,FPCR,ok,ok,True,14,95,calibrate:096,calibrate,96,171.60000610351562,171.1562408423033,-0.4437652612123202,156
development_repeated_nested_cv,primary_instrument1_full,primary,1,1,2,development_combined,FPCR,ok,ok,True,14,96,calibrate:097,calibrate,97,204.0,203.56021019140601,-0.43978980859398575,156
development_repeated_nested_cv,primary_instrument1_full,primary,1,1,2,development_combined,FPCR,ok,ok,True,14,99,calibrate:100,calibrate,100,219.3000030517578,216.56239175618344,-2.737611295574368,156
development_repeated_nested_cv,primary_instrument1_full,primary,1,1,2,development_combined,FPCR,ok,ok,True,14,108,calibrate:109,calibrate,109,222.60000610351562,220.9826914814158,-1.6173146220998262,156
development_repeated_nested_cv,primary_instrument1_full,primary,1,1,2,development_combined,FPCR,ok,ok,True,14,110,calibrate:111,calibrate,111,217.0,219.22262532653238,2.2226253265323805,156
development_repeated_nested_cv,primary_instrument1_full,primary,1,1,2,development_combined,FPCR,ok,ok,True,14,120,calibrate:121,calibrate,121,155.10000610351562,160.6396742113222,5.539668107806563,156
development_repeated_nested_cv,primary_instrument1_full,primary,1,1,2,development_combined,FPCR,ok,ok,True,14,121,calibrate:122,calibrate,122,176.89999389648438,156.81002470533159,-20.08996919115279,156
development_repeated_nested_cv,primary_instrument1_full,primary,1,1,2,development_combined,FPCR,ok,ok,True,14,127,calibrate:128,calibrate,128,239.10000610351562,239.14251152185315,0.042505418337526635,156
development_repeated_nested_cv,primary_instrument1_full,primary,1,1,2,development_combined,FPCR,ok,ok,True,14,134,calibrate:135,calibrate,135,188.6999969482422,188.86875274525522,0.16875579701303423,156
development_repeated_nested_cv,primary_instrument1_full,primary,1,1,2,development_combined,FPCR,ok,ok,True,14,135,calibrate:136,calibrate,136,193.10000610351562,193.16521756227124,0.06521145875561274,156
development_repeated_nested_cv,primary_instrument1_full,primary,1,1,2,development_combined,FPCR,ok,ok,True,14,142,calibrate:143,calibrate,143,196.60000610351562,191.27004153919933,-5.329964564316299,156
development_repeated_nested_cv,primary_instrument1_full,primary,1,1,2,development_combined,FPCR,ok,ok,True,14,148,calibrate:149,calibrate,149,194.10000610351562,191.24974199525377,-2.850264108261854,156
development_repeated_nested_cv,primary_instrument1_full,primary,1,1,2,development_combined,FPCR,ok,ok,True,14,150,calibrate:151,calibrate,151,200.0,195.31241871417808,-4.687581285821921,156
development_repeated_nested_cv,primary_instrument1_full,primary,1,1,2,development_combined,FPCR,ok,ok,True,14,156,validate:002,validate,2,188.1999969482422,192.74800547775072,4.548008529508536,156
development_repeated_nested_cv,primary_instrument1_full,primary,1,1,2,development_combined,FPCR,ok,ok,True,14,163,validate:009,validate,9,195.8000030517578,190.53963009270944,-5.260372959048368,156
development_repeated_nested_cv,primary_instrument1_full,primary,1,1,2,development_combined,FPCR,ok,ok,True,14,167,validate:013,validate,13,194.5,194.0265168584619,-0.4734831415381109,156
development_repeated_nested_cv,primary_instrument1_full,primary,1,1,2,development_combined,FPCR,ok,ok,True,14,170,validate:016,validate,16,193.60000610351562,192.24225612401335,-1.3577499795022732,156
development_repeated_nested_cv,primary_instrument1_full,primary,1,1,2,development_combined,FPCR,ok,ok,True,14,175,validate:021,validate,21,195.10000610351562,198.52053246999543,3.4205263664798053,156
development_repeated_nested_cv,primary_instrument1_full,primary,1,1,2,development_combined,FPCR,ok,ok,True,14,181,validate:027,validate,27,198.89999389648438,199.68816260536354,0.7881687088791693,156
development_repeated_nested_cv,primary_instrument1_full,primary,1,1,2,development_combined,FPCR,ok,ok,True,14,185,validate:031,validate,31,194.10000610351562,199.03958540426166,4.939579300746033,156
development_repeated_nested_cv,primary_instrument1_full,primary,1,1,2,development_combined,FPCR,ok,ok,True,14,192,validate:038,validate,38,197.39999389648438,198.34455650630582,0.9445626098214461,156
development_repeated_nested_cv,primary_instrument1_full,primary,1,1,3,development_combined,CG-FPLS-code,ok,ok,True,3,0,calibrate:001,calibrate,1,200.10000610351562,189.98374029124363,-10.11626581227199,156
development_repeated_nested_cv,primary_instrument1_full,primary,1,1,3,development_combined,CG-FPLS-code,ok,ok,True,3,1,calibrate:002,calibrate,2,198.6999969482422,191.73570869452956,-6.964288253712624,156
development_repeated_nested_cv,primary_instrument1_full,primary,1,1,3,development_combined,CG-FPLS-code,ok,ok,True,3,22,calibrate:023,calibrate,23,220.6999969482422,219.51323953809256,-1.1867574101496245,156
development_repeated_nested_cv,primary_instrument1_full,primary,1,1,3,development_combined,CG-FPLS-code,ok,ok,True,3,23,calibrate:024,calibrate,24,190.1999969482422,184.57137079896643,-5.62862614927576,156
development_repeated_nested_cv,primary_instrument1_full,primary,1,1,3,development_combined,CG-FPLS-code,ok,ok,True,3,24,calibrate:025,calibrate,25,177.1999969482422,174.72223140801628,-2.477765540225903,156
development_repeated_nested_cv,primary_instrument1_full,primary,1,1,3,development_combined,CG-FPLS-code,ok,ok,True,3,28,calibrate:029,calibrate,29,222.5,216.40514557717708,-6.09485442282292,156
development_repeated_nested_cv,primary_instrument1_full,primary,1,1,3,development_combined,CG-FPLS-code,ok,ok,True,3,30,calibrate:031,calibrate,31,184.1999969482422,183.90213982428594,-0.2978571239562484,156
development_repeated_nested_cv,primary_instrument1_full,primary,1,1,3,development_combined,CG-FPLS-code,ok,ok,True,3,36,calibrate:037,calibrate,37,177.5,175.9887555995263,-1.5112444004736858,156
development_repeated_nested_cv,primary_instrument1_full,primary,1,1,3,development_combined,CG-FPLS-code,ok,ok,True,3,38,calibrate:039,calibrate,39,214.10000610351562,223.52236788870306,9.422361785187434,156
development_repeated_nested_cv,primary_instrument1_full,primary,1,1,3,development_combined,CG-FPLS-code,ok,ok,True,3,41,calibrate:042,calibrate,42,187.5,185.9321746098947,-1.5678253901052983,156
development_repeated_nested_cv,primary_instrument1_full,primary,1,1,3,development_combined,CG-FPLS-code,ok,ok,True,3,48,calibrate:049,calibrate,49,186.3000030517578,189.69805701368068,3.3980539619228693,156
development_repeated_nested_cv,primary_instrument1_full,primary,1,1,3,development_combined,CG-FPLS-code,ok,ok,True,3,52,calibrate:053,calibrate,53,171.39999389648438,175.70260979676905,4.302615900284678,156
development_repeated_nested_cv,primary_instrument1_full,primary,1,1,3,development_combined,CG-FPLS-code,ok,ok,True,3,58,calibrate:059,calibrate,59,155.1999969482422,158.66719488366857,3.467197935426384,156
development_repeated_nested_cv,primary_instrument1_full,primary,1,1,3,development_combined,CG-FPLS-code,ok,ok,True,3,63,calibrate:064,calibrate,64,156.1999969482422,160.36411621668674,4.164119268444551,156
development_repeated_nested_cv,primary_instrument1_full,primary,1,1,3,development_combined,CG-FPLS-code,ok,ok,True,3,64,calibrate:065,calibrate,65,158.1999969482422,160.6302735532279,2.430276604985721,156
development_repeated_nested_cv,primary_instrument1_full,primary,1,1,3,development_combined,CG-FPLS-code,ok,ok,True,3,65,calibrate:066,calibrate,66,160.39999389648438,159.90748150156503,-0.49251239491934484,156
development_repeated_nested_cv,primary_instrument1_full,primary,1,1,3,development_combined,CG-FPLS-code,ok,ok,True,3,70,calibrate:071,calibrate,71,218.8000030517578,221.73918757538718,2.9391845236293648,156
development_repeated_nested_cv,primary_instrument1_full,primary,1,1,3,development_combined,CG-FPLS-code,ok,ok,True,3,78,calibrate:079,calibrate,79,215.1999969482422,221.0157831149856,5.815786166743408,156
development_repeated_nested_cv,primary_instrument1_full,primary,1,1,3,development_combined,CG-FPLS-code,ok,ok,True,3,80,calibrate:081,calibrate,81,172.3000030517578,175.92848447421744,3.628481422459629,156
development_repeated_nested_cv,primary_instrument1_full,primary,1,1,3,development_combined,CG-FPLS-code,ok,ok,True,3,91,calibrate:092,calibrate,92,175.5,179.89001048729517,4.3900104872951715,156
development_repeated_nested_cv,primary_instrument1_full,primary,1,1,3,development_combined,CG-FPLS-code,ok,ok,True,3,98,calibrate:099,calibrate,99,176.39999389648438,176.24044225307503,-0.15955164340934402,156
development_repeated_nested_cv,primary_instrument1_full,primary,1,1,3,development_combined,CG-FPLS-code,ok,ok,True,3,101,calibrate:102,calibrate,102,203.6999969482422,205.40653244652802,1.706535498285831,156
development_repeated_nested_cv,primary_instrument1_full,primary,1,1,3,development_combined,CG-FPLS-code,ok,ok,True,3,116,calibrate:117,calibrate,117,224.3000030517578,219.34620696960698,-4.953796082150831,156
development_repeated_nested_cv,primary_instrument1_full,primary,1,1,3,development_combined,CG-FPLS-code,ok,ok,True,3,117,calibrate:118,calibrate,118,217.1999969482422,220.00573548957834,2.8057385413361544,156
development_repeated_nested_cv,primary_instrument1_full,primary,1,1,3,development_combined,CG-FPLS-code,ok,ok,True,3,118,calibrate:119,calibrate,119,232.89999389648438,234.3506990518707,1.4507051553863164,156
development_repeated_nested_cv,primary_instrument1_full,primary,1,1,3,development_combined,CG-FPLS-code,ok,ok,True,3,126,calibrate:127,calibrate,127,204.5,183.32345846147913,-21.176541538520866,156
development_repeated_nested_cv,primary_instrument1_full,primary,1,1,3,development_combined,CG-FPLS-code,ok,ok,True,3,131,calibrate:132,calibrate,132,206.3000030517578,204.2230809425965,-2.076922109161302,156
development_repeated_nested_cv,primary_instrument1_full,primary,1,1,3,development_combined,CG-FPLS-code,ok,ok,True,3,139,calibrate:140,calibrate,140,193.3000030517578,200.29997189439717,6.999968842639362,156
development_repeated_nested_cv,primary_instrument1_full,primary,1,1,3,development_combined,CG-FPLS-code,ok,ok,True,3,141,calibrate:142,calibrate,142,196.3000030517578,187.45724621645292,-8.842756835304897,156
development_repeated_nested_cv,primary_instrument1_full,primary,1,1,3,development_combined,CG-FPLS-code,ok,ok,True,3,146,calibrate:147,calibrate,147,198.60000610351562,188.1841136735709,-10.415892429944734,156
development_repeated_nested_cv,primary_instrument1_full,primary,1,1,3,development_combined,CG-FPLS-code,ok,ok,True,3,149,calibrate:150,calibrate,150,181.3000030517578,195.72633734306027,14.426334291302453,156
development_repeated_nested_cv,primary_instrument1_full,primary,1,1,3,development_combined,CG-FPLS-code,ok,ok,True,3,160,validate:006,validate,6,194.5,194.15203115455665,-0.34796884544334716,156
development_repeated_nested_cv,primary_instrument1_full,primary,1,1,3,development_combined,CG-FPLS-code,ok,ok,True,3,161,validate:007,validate,7,195.89999389648438,195.82069937904686,-0.0792945174375177,156
development_repeated_nested_cv,primary_instrument1_full,primary,1,1,3,development_combined,CG-FPLS-code,ok,ok,True,3,165,validate:011,validate,11,195.10000610351562,189.65523606665465,-5.444770036860973,156
development_repeated_nested_cv,primary_instrument1_full,primary,1,1,3,development_combined,CG-FPLS-code,ok,ok,True,3,173,validate:019,validate,19,191.8000030517578,195.82415513293043,4.024152081172616,156
development_repeated_nested_cv,primary_instrument1_full,primary,1,1,3,development_combined,CG-FPLS-code,ok,ok,True,3,177,validate:023,validate,23,194.5,199.2702263108362,4.770226310836193,156
development_repeated_nested_cv,primary_instrument1_full,primary,1,1,3,development_combined,CG-FPLS-code,ok,ok,True,3,183,validate:029,validate,29,199.5,198.20033817604386,-1.2996618239561428,156
development_repeated_nested_cv,primary_instrument1_full,primary,1,1,3,development_combined,CG-FPLS-code,ok,ok,True,3,184,validate:030,validate,30,196.8000030517578,197.35390731324748,0.553904261489663,156
development_repeated_nested_cv,primary_instrument1_full,primary,1,1,3,development_combined,CG-FPLS-code,ok,ok,True,3,188,validate:034,validate,34,193.39999389648438,198.20811999251688,4.80812609603251,156
development_repeated_nested_cv,primary_instrument1_full,primary,1,1,3,development_combined,Raw FPLS,ok,ok,True,66,0,calibrate:001,calibrate,1,200.10000610351562,192.6508664751558,-7.449139628359831,156
development_repeated_nested_cv,primary_instrument1_full,primary,1,1,3,development_combined,Raw FPLS,ok,ok,True,66,1,calibrate:002,calibrate,2,198.6999969482422,193.07476688856593,-5.625230059676255,156
development_repeated_nested_cv,primary_instrument1_full,primary,1,1,3,development_combined,Raw FPLS,ok,ok,True,66,22,calibrate:023,calibrate,23,220.6999969482422,219.07108339175488,-1.628913556487305,156
development_repeated_nested_cv,primary_instrument1_full,primary,1,1,3,development_combined,Raw FPLS,ok,ok,True,66,23,calibrate:024,calibrate,24,190.1999969482422,185.00946026478266,-5.190536683459527,156
development_repeated_nested_cv,primary_instrument1_full,primary,1,1,3,development_combined,Raw FPLS,ok,ok,True,66,24,calibrate:025,calibrate,25,177.1999969482422,174.1147137986896,-3.0852831495525948,156
development_repeated_nested_cv,primary_instrument1_full,primary,1,1,3,development_combined,Raw FPLS,ok,ok,True,66,28,calibrate:029,calibrate,29,222.5,217.06025231746477,-5.439747682535227,156
development_repeated_nested_cv,primary_instrument1_full,primary,1,1,3,development_combined,Raw FPLS,ok,ok,True,66,30,calibrate:031,calibrate,31,184.1999969482422,186.038290852292,1.8382939040498059,156
development_repeated_nested_cv,primary_instrument1_full,primary,1,1,3,development_combined,Raw FPLS,ok,ok,True,66,36,calibrate:037,calibrate,37,177.5,176.3621733487553,-1.1378266512446942,156
development_repeated_nested_cv,primary_instrument1_full,primary,1,1,3,development_combined,Raw FPLS,ok,ok,True,66,38,calibrate:039,calibrate,39,214.10000610351562,224.25162221958743,10.151616116071807,156
development_repeated_nested_cv,primary_instrument1_full,primary,1,1,3,development_combined,Raw FPLS,ok,ok,True,66,41,calibrate:042,calibrate,42,187.5,185.90365836247753,-1.596341637522471,156
development_repeated_nested_cv,primary_instrument1_full,primary,1,1,3,development_combined,Raw FPLS,ok,ok,True,66,48,calibrate:049,calibrate,49,186.3000030517578,187.09038336384975,0.7903803120919406,156
development_repeated_nested_cv,primary_instrument1_full,primary,1,1,3,development_combined,Raw FPLS,ok,ok,True,66,52,calibrate:053,calibrate,53,171.39999389648438,176.30992741207092,4.909933515586545,156
development_repeated_nested_cv,primary_instrument1_full,primary,1,1,3,development_combined,Raw FPLS,ok,ok,True,66,58,calibrate:059,calibrate,59,155.1999969482422,159.2810688170185,4.08107186877632,156
development_repeated_nested_cv,primary_instrument1_full,primary,1,1,3,development_combined,Raw FPLS,ok,ok,True,66,63,calibrate:064,calibrate,64,156.1999969482422,160.3636127988596,4.163615850617418,156
development_repeated_nested_cv,primary_instrument1_full,primary,1,1,3,development_combined,Raw FPLS,ok,ok,True,66,64,calibrate:065,calibrate,65,158.1999969482422,162.76948931669233,4.569492368450142,156
development_repeated_nested_cv,primary_instrument1_full,primary,1,1,3,development_combined,Raw FPLS,ok,ok,True,66,65,calibrate:066,calibrate,66,160.39999389648438,161.28854526001086,0.8885513635264886,156
development_repeated_nested_cv,primary_instrument1_full,primary,1,1,3,development_combined,Raw FPLS,ok,ok,True,66,70,calibrate:071,calibrate,71,218.8000030517578,219.53232342955232,0.7323203777945082,156
development_repeated_nested_cv,primary_instrument1_full,primary,1,1,3,development_combined,Raw FPLS,ok,ok,True,66,78,calibrate:079,calibrate,79,215.1999969482422,219.704857790861,4.504860842618825,156
development_repeated_nested_cv,primary_instrument1_full,primary,1,1,3,development_combined,Raw FPLS,ok,ok,True,66,80,calibrate:081,calibrate,81,172.3000030517578,174.6975530339529,2.3975499821950734,156
development_repeated_nested_cv,primary_instrument1_full,primary,1,1,3,development_combined,Raw FPLS,ok,ok,True,66,91,calibrate:092,calibrate,92,175.5,177.46811983310948,1.9681198331094834,156
development_repeated_nested_cv,primary_instrument1_full,primary,1,1,3,development_combined,Raw FPLS,ok,ok,True,66,98,calibrate:099,calibrate,99,176.39999389648438,175.716154346869,-0.6838395496153851,156
development_repeated_nested_cv,primary_instrument1_full,primary,1,1,3,development_combined,Raw FPLS,ok,ok,True,66,101,calibrate:102,calibrate,102,203.6999969482422,205.38603336599525,1.6860364177530585,156
development_repeated_nested_cv,primary_instrument1_full,primary,1,1,3,development_combined,Raw FPLS,ok,ok,True,66,116,calibrate:117,calibrate,117,224.3000030517578,217.3676954245764,-6.932307627181416,156
development_repeated_nested_cv,primary_instrument1_full,primary,1,1,3,development_combined,Raw FPLS,ok,ok,True,66,117,calibrate:118,calibrate,118,217.1999969482422,219.85024460712873,2.650247658886542,156
development_repeated_nested_cv,primary_instrument1_full,primary,1,1,3,development_combined,Raw FPLS,ok,ok,True,66,118,calibrate:119,calibrate,119,232.89999389648438,236.59052321098233,3.690529314497951,156
development_repeated_nested_cv,primary_instrument1_full,primary,1,1,3,development_combined,Raw FPLS,ok,ok,True,66,126,calibrate:127,calibrate,127,204.5,184.37501000920705,-20.124989990792955,156
development_repeated_nested_cv,primary_instrument1_full,primary,1,1,3,development_combined,Raw FPLS,ok,ok,True,66,131,calibrate:132,calibrate,132,206.3000030517578,204.24379504942615,-2.0562080023316582,156
development_repeated_nested_cv,primary_instrument1_full,primary,1,1,3,development_combined,Raw FPLS,ok,ok,True,66,139,calibrate:140,calibrate,140,193.3000030517578,198.35157090331214,5.051567851554324,156
development_repeated_nested_cv,primary_instrument1_full,primary,1,1,3,development_combined,Raw FPLS,ok,ok,True,66,141,calibrate:142,calibrate,142,196.3000030517578,189.0697147992639,-7.230288252493921,156
development_repeated_nested_cv,primary_instrument1_full,primary,1,1,3,development_combined,Raw FPLS,ok,ok,True,66,146,calibrate:147,calibrate,147,198.60000610351562,187.9838314224716,-10.616174681044015,156
development_repeated_nested_cv,primary_instrument1_full,primary,1,1,3,development_combined,Raw FPLS,ok,ok,True,66,149,calibrate:150,calibrate,150,181.3000030517578,192.76450671080926,11.464503659051445,156
development_repeated_nested_cv,primary_instrument1_full,primary,1,1,3,development_combined,Raw FPLS,ok,ok,True,66,160,validate:006,validate,6,194.5,191.49432843725975,-3.005671562740247,156
development_repeated_nested_cv,primary_instrument1_full,primary,1,1,3,development_combined,Raw FPLS,ok,ok,True,66,161,validate:007,validate,7,195.89999389648438,195.01566504251284,-0.8843288539715388,156
development_repeated_nested_cv,primary_instrument1_full,primary,1,1,3,development_combined,Raw FPLS,ok,ok,True,66,165,validate:011,validate,11,195.10000610351562,191.39603978926021,-3.7039663142554105,156
development_repeated_nested_cv,primary_instrument1_full,primary,1,1,3,development_combined,Raw FPLS,ok,ok,True,66,173,validate:019,validate,19,191.8000030517578,191.99895071640384,0.19894766464602753,156
development_repeated_nested_cv,primary_instrument1_full,primary,1,1,3,development_combined,Raw FPLS,ok,ok,True,66,177,validate:023,validate,23,194.5,199.11705378036208,4.617053780362085,156
development_repeated_nested_cv,primary_instrument1_full,primary,1,1,3,development_combined,Raw FPLS,ok,ok,True,66,183,validate:029,validate,29,199.5,200.85424633992997,1.354246339929972,156
development_repeated_nested_cv,primary_instrument1_full,primary,1,1,3,development_combined,Raw FPLS,ok,ok,True,66,184,validate:030,validate,30,196.8000030517578,198.6035291459827,1.8035260942248783,156
development_repeated_nested_cv,primary_instrument1_full,primary,1,1,3,development_combined,Raw FPLS,ok,ok,True,66,188,validate:034,validate,34,193.39999389648438,199.66362063019437,6.263626733709998,156
development_repeated_nested_cv,primary_instrument1_full,primary,1,1,3,development_combined,Arnoldi FPLS,ok,ok,True,5,0,calibrate:001,calibrate,1,200.10000610351562,194.368384428336,-5.731621675179639,156
development_repeated_nested_cv,primary_instrument1_full,primary,1,1,3,development_combined,Arnoldi FPLS,ok,ok,True,5,1,calibrate:002,calibrate,2,198.6999969482422,194.92771974257758,-3.772277205664608,156
development_repeated_nested_cv,primary_instrument1_full,primary,1,1,3,development_combined,Arnoldi FPLS,ok,ok,True,5,22,calibrate:023,calibrate,23,220.6999969482422,217.8706738125597,-2.8293231356825004,156
development_repeated_nested_cv,primary_instrument1_full,primary,1,1,3,development_combined,Arnoldi FPLS,ok,ok,True,5,23,calibrate:024,calibrate,24,190.1999969482422,187.3877212275084,-2.812275720733794,156
development_repeated_nested_cv,primary_instrument1_full,primary,1,1,3,development_combined,Arnoldi FPLS,ok,ok,True,5,24,calibrate:025,calibrate,25,177.1999969482422,175.1551369311515,-2.0448600170906843,156
development_repeated_nested_cv,primary_instrument1_full,primary,1,1,3,development_combined,Arnoldi FPLS,ok,ok,True,5,28,calibrate:029,calibrate,29,222.5,219.23801305038063,-3.26198694961937,156
development_repeated_nested_cv,primary_instrument1_full,primary,1,1,3,development_combined,Arnoldi FPLS,ok,ok,True,5,30,calibrate:031,calibrate,31,184.1999969482422,187.5949475674722,3.394950619230002,156
development_repeated_nested_cv,primary_instrument1_full,primary,1,1,3,development_combined,Arnoldi FPLS,ok,ok,True,5,36,calibrate:037,calibrate,37,177.5,177.69088383223962,0.1908838322396207,156
development_repeated_nested_cv,primary_instrument1_full,primary,1,1,3,development_combined,Arnoldi FPLS,ok,ok,True,5,38,calibrate:039,calibrate,39,214.10000610351562,222.16886281513106,8.068856711615439,156
development_repeated_nested_cv,primary_instrument1_full,primary,1,1,3,development_combined,Arnoldi FPLS,ok,ok,True,5,41,calibrate:042,calibrate,42,187.5,187.61390202013519,0.11390202013518547,156
development_repeated_nested_cv,primary_instrument1_full,primary,1,1,3,development_combined,Arnoldi FPLS,ok,ok,True,5,48,calibrate:049,calibrate,49,186.3000030517578,185.74229739223543,-0.5577056595223837,156
development_repeated_nested_cv,primary_instrument1_full,primary,1,1,3,development_combined,Arnoldi FPLS,ok,ok,True,5,52,calibrate:053,calibrate,53,171.39999389648438,177.51245044726713,6.112456550782753,156
development_repeated_nested_cv,primary_instrument1_full,primary,1,1,3,development_combined,Arnoldi FPLS,ok,ok,True,5,58,calibrate:059,calibrate,59,155.1999969482422,161.45590679466466,6.255909846422469,156
development_repeated_nested_cv,primary_instrument1_full,primary,1,1,3,development_combined,Arnoldi FPLS,ok,ok,True,5,63,calibrate:064,calibrate,64,156.1999969482422,161.5533891529151,5.3533922046729,156
development_repeated_nested_cv,primary_instrument1_full,primary,1,1,3,development_combined,Arnoldi FPLS,ok,ok,True,5,64,calibrate:065,calibrate,65,158.1999969482422,160.52170695203745,2.3217100037952605,156
development_repeated_nested_cv,primary_instrument1_full,primary,1,1,3,development_combined,Arnoldi FPLS,ok,ok,True,5,65,calibrate:066,calibrate,66,160.39999389648438,160.012491437362,-0.38750245912237347,156
development_repeated_nested_cv,primary_instrument1_full,primary,1,1,3,development_combined,Arnoldi FPLS,ok,ok,True,5,70,calibrate:071,calibrate,71,218.8000030517578,218.58438965229408,-0.21561339946373437,156
development_repeated_nested_cv,primary_instrument1_full,primary,1,1,3,development_combined,Arnoldi FPLS,ok,ok,True,5,78,calibrate:079,calibrate,79,215.1999969482422,219.15131082371676,3.9513138754745682,156
development_repeated_nested_cv,primary_instrument1_full,primary,1,1,3,development_combined,Arnoldi FPLS,ok,ok,True,5,80,calibrate:081,calibrate,81,172.3000030517578,175.50532604135276,3.205322989594947,156
development_repeated_nested_cv,primary_instrument1_full,primary,1,1,3,development_combined,Arnoldi FPLS,ok,ok,True,5,91,calibrate:092,calibrate,92,175.5,176.14782534340435,0.6478253434043495,156
development_repeated_nested_cv,primary_instrument1_full,primary,1,1,3,development_combined,Arnoldi FPLS,ok,ok,True,5,98,calibrate:099,calibrate,99,176.39999389648438,176.996426872329,0.5964329758446354,156
development_repeated_nested_cv,primary_instrument1_full,primary,1,1,3,development_combined,Arnoldi FPLS,ok,ok,True,5,101,calibrate:102,calibrate,102,203.6999969482422,207.2898799464949,3.5898829982527047,156
development_repeated_nested_cv,primary_instrument1_full,primary,1,1,3,development_combined,Arnoldi FPLS,ok,ok,True,5,116,calibrate:117,calibrate,117,224.3000030517578,216.85086500183274,-7.449138049925068,156
development_repeated_nested_cv,primary_instrument1_full,primary,1,1,3,development_combined,Arnoldi FPLS,ok,ok,True,5,117,calibrate:118,calibrate,118,217.1999969482422,219.59769486480056,2.3976979165583714,156
development_repeated_nested_cv,primary_instrument1_full,primary,1,1,3,development_combined,Arnoldi FPLS,ok,ok,True,5,118,calibrate:119,calibrate,119,232.89999389648438,236.26576536716865,3.3657714706842796,156
development_repeated_nested_cv,primary_instrument1_full,primary,1,1,3,development_combined,Arnoldi FPLS,ok,ok,True,5,126,calibrate:127,calibrate,127,204.5,185.54293098451265,-18.95706901548735,156
development_repeated_nested_cv,primary_instrument1_full,primary,1,1,3,development_combined,Arnoldi FPLS,ok,ok,True,5,131,calibrate:132,calibrate,132,206.3000030517578,205.23735428425698,-1.062648767500832,156
development_repeated_nested_cv,primary_instrument1_full,primary,1,1,3,development_combined,Arnoldi FPLS,ok,ok,True,5,139,calibrate:140,calibrate,140,193.3000030517578,197.52775239389257,4.227749342134757,156
development_repeated_nested_cv,primary_instrument1_full,primary,1,1,3,development_combined,Arnoldi FPLS,ok,ok,True,5,141,calibrate:142,calibrate,142,196.3000030517578,191.74981042543124,-4.550192626326577,156
development_repeated_nested_cv,primary_instrument1_full,primary,1,1,3,development_combined,Arnoldi FPLS,ok,ok,True,5,146,calibrate:147,calibrate,147,198.60000610351562,186.42198734814366,-12.178018755371966,156
development_repeated_nested_cv,primary_instrument1_full,primary,1,1,3,development_combined,Arnoldi FPLS,ok,ok,True,5,149,calibrate:150,calibrate,150,181.3000030517578,192.25506970599687,10.955066654239062,156
development_repeated_nested_cv,primary_instrument1_full,primary,1,1,3,development_combined,Arnoldi FPLS,ok,ok,True,5,160,validate:006,validate,6,194.5,191.54147525138308,-2.9585247486169237,156
development_repeated_nested_cv,primary_instrument1_full,primary,1,1,3,development_combined,Arnoldi FPLS,ok,ok,True,5,161,validate:007,validate,7,195.89999389648438,193.33796578114945,-2.5620281153349254,156
development_repeated_nested_cv,primary_instrument1_full,primary,1,1,3,development_combined,Arnoldi FPLS,ok,ok,True,5,165,validate:011,validate,11,195.10000610351562,193.30951376854802,-1.7904923349676096,156
development_repeated_nested_cv,primary_instrument1_full,primary,1,1,3,development_combined,Arnoldi FPLS,ok,ok,True,5,173,validate:019,validate,19,191.8000030517578,192.2988116036614,0.4988085519035792,156
development_repeated_nested_cv,primary_instrument1_full,primary,1,1,3,development_combined,Arnoldi FPLS,ok,ok,True,5,177,validate:023,validate,23,194.5,200.0668275286243,5.566827528624287,156
development_repeated_nested_cv,primary_instrument1_full,primary,1,1,3,development_combined,Arnoldi FPLS,ok,ok,True,5,183,validate:029,validate,29,199.5,198.4108370830105,-1.089162916989494,156
development_repeated_nested_cv,primary_instrument1_full,primary,1,1,3,development_combined,Arnoldi FPLS,ok,ok,True,5,184,validate:030,validate,30,196.8000030517578,200.23674052394577,3.436737472187957,156
development_repeated_nested_cv,primary_instrument1_full,primary,1,1,3,development_combined,Arnoldi FPLS,ok,ok,True,5,188,validate:034,validate,34,193.39999389648438,197.82483605718522,4.424842160700848,156
development_repeated_nested_cv,primary_instrument1_full,primary,1,1,3,development_combined,FPCR,ok,ok,True,39,0,calibrate:001,calibrate,1,200.10000610351562,193.81721384033878,-6.2827922631768445,156
development_repeated_nested_cv,primary_instrument1_full,primary,1,1,3,development_combined,FPCR,ok,ok,True,39,1,calibrate:002,calibrate,2,198.6999969482422,193.0810404471929,-5.618956501049297,156
development_repeated_nested_cv,primary_instrument1_full,primary,1,1,3,development_combined,FPCR,ok,ok,True,39,22,calibrate:023,calibrate,23,220.6999969482422,220.07798558295335,-0.6220113652888415,156
development_repeated_nested_cv,primary_instrument1_full,primary,1,1,3,development_combined,FPCR,ok,ok,True,39,23,calibrate:024,calibrate,24,190.1999969482422,193.9179634308949,3.717966482652713,156
development_repeated_nested_cv,primary_instrument1_full,primary,1,1,3,development_combined,FPCR,ok,ok,True,39,24,calibrate:025,calibrate,25,177.1999969482422,171.33646753851184,-5.863529409730347,156
development_repeated_nested_cv,primary_instrument1_full,primary,1,1,3,development_combined,FPCR,ok,ok,True,39,28,calibrate:029,calibrate,29,222.5,221.07798150852744,-1.4220184914725564,156
development_repeated_nested_cv,primary_instrument1_full,primary,1,1,3,development_combined,FPCR,ok,ok,True,39,30,calibrate:031,calibrate,31,184.1999969482422,185.44987172572556,1.2498747774833703,156
development_repeated_nested_cv,primary_instrument1_full,primary,1,1,3,development_combined,FPCR,ok,ok,True,39,36,calibrate:037,calibrate,37,177.5,177.94398846104718,0.4439884610471836,156
development_repeated_nested_cv,primary_instrument1_full,primary,1,1,3,development_combined,FPCR,ok,ok,True,39,38,calibrate:039,calibrate,39,214.10000610351562,222.97815101802408,8.878144914508454,156
development_repeated_nested_cv,primary_instrument1_full,primary,1,1,3,development_combined,FPCR,ok,ok,True,39,41,calibrate:042,calibrate,42,187.5,189.15022899489838,1.6502289948983844,156
development_repeated_nested_cv,primary_instrument1_full,primary,1,1,3,development_combined,FPCR,ok,ok,True,39,48,calibrate:049,calibrate,49,186.3000030517578,188.30374083637165,2.0037377846138327,156
development_repeated_nested_cv,primary_instrument1_full,primary,1,1,3,development_combined,FPCR,ok,ok,True,39,52,calibrate:053,calibrate,53,171.39999389648438,178.00384091450644,6.603847018022066,156
development_repeated_nested_cv,primary_instrument1_full,primary,1,1,3,development_combined,FPCR,ok,ok,True,39,58,calibrate:059,calibrate,59,155.1999969482422,163.2733890793243,8.073392131082102,156
development_repeated_nested_cv,primary_instrument1_full,primary,1,1,3,development_combined,FPCR,ok,ok,True,39,63,calibrate:064,calibrate,64,156.1999969482422,164.15905101671,7.959054068467822,156
development_repeated_nested_cv,primary_instrument1_full,primary,1,1,3,development_combined,FPCR,ok,ok,True,39,64,calibrate:065,calibrate,65,158.1999969482422,161.0734039482042,2.8734069999620147,156
development_repeated_nested_cv,primary_instrument1_full,primary,1,1,3,development_combined,FPCR,ok,ok,True,39,65,calibrate:066,calibrate,66,160.39999389648438,162.8888888882286,2.4888949917442176,156
development_repeated_nested_cv,primary_instrument1_full,primary,1,1,3,development_combined,FPCR,ok,ok,True,39,70,calibrate:071,calibrate,71,218.8000030517578,216.9671727845801,-1.8328302671777124,156
development_repeated_nested_cv,primary_instrument1_full,primary,1,1,3,development_combined,FPCR,ok,ok,True,39,78,calibrate:079,calibrate,79,215.1999969482422,220.9866613482687,5.786664400026524,156
development_repeated_nested_cv,primary_instrument1_full,primary,1,1,3,development_combined,FPCR,ok,ok,True,39,80,calibrate:081,calibrate,81,172.3000030517578,172.89090973816644,0.5909066864086299,156
development_repeated_nested_cv,primary_instrument1_full,primary,1,1,3,development_combined,FPCR,ok,ok,True,39,91,calibrate:092,calibrate,92,175.5,177.808875706239,2.3088757062390073,156
development_repeated_nested_cv,primary_instrument1_full,primary,1,1,3,development_combined,FPCR,ok,ok,True,39,98,calibrate:099,calibrate,99,176.39999389648438,176.02824350355047,-0.37175039293390455,156
development_repeated_nested_cv,primary_instrument1_full,primary,1,1,3,development_combined,FPCR,ok,ok,True,39,101,calibrate:102,calibrate,102,203.6999969482422,204.8578173557239,1.1578204074817222,156
development_repeated_nested_cv,primary_instrument1_full,primary,1,1,3,development_combined,FPCR,ok,ok,True,39,116,calibrate:117,calibrate,117,224.3000030517578,217.21907211123528,-7.080930940522535,156
development_repeated_nested_cv,primary_instrument1_full,primary,1,1,3,development_combined,FPCR,ok,ok,True,39,117,calibrate:118,calibrate,118,217.1999969482422,220.52085589867804,3.3208589504358486,156
development_repeated_nested_cv,primary_instrument1_full,primary,1,1,3,development_combined,FPCR,ok,ok,True,39,118,calibrate:119,calibrate,119,232.89999389648438,234.71400263063794,1.8140087341535605,156
development_repeated_nested_cv,primary_instrument1_full,primary,1,1,3,development_combined,FPCR,ok,ok,True,39,126,calibrate:127,calibrate,127,204.5,181.53657097277792,-22.963429027222077,156
development_repeated_nested_cv,primary_instrument1_full,primary,1,1,3,development_combined,FPCR,ok,ok,True,39,131,calibrate:132,calibrate,132,206.3000030517578,198.9158792263584,-7.384123825399399,156
development_repeated_nested_cv,primary_instrument1_full,primary,1,1,3,development_combined,FPCR,ok,ok,True,39,139,calibrate:140,calibrate,140,193.3000030517578,197.05929217290597,3.759289121148157,156
development_repeated_nested_cv,primary_instrument1_full,primary,1,1,3,development_combined,FPCR,ok,ok,True,39,141,calibrate:142,calibrate,142,196.3000030517578,195.9547735285921,-0.345229523165699,156
development_repeated_nested_cv,primary_instrument1_full,primary,1,1,3,development_combined,FPCR,ok,ok,True,39,146,calibrate:147,calibrate,147,198.60000610351562,185.94800251897303,-12.652003584542598,156
development_repeated_nested_cv,primary_instrument1_full,primary,1,1,3,development_combined,FPCR,ok,ok,True,39,149,calibrate:150,calibrate,150,181.3000030517578,192.26103062441754,10.96102757265973,156
development_repeated_nested_cv,primary_instrument1_full,primary,1,1,3,development_combined,FPCR,ok,ok,True,39,160,validate:006,validate,6,194.5,193.16898881479662,-1.33101118520338,156
development_repeated_nested_cv,primary_instrument1_full,primary,1,1,3,development_combined,FPCR,ok,ok,True,39,161,validate:007,validate,7,195.89999389648438,193.30737122370678,-2.592622672777594,156
development_repeated_nested_cv,primary_instrument1_full,primary,1,1,3,development_combined,FPCR,ok,ok,True,39,165,validate:011,validate,11,195.10000610351562,196.41977937133788,1.3197732678222565,156
development_repeated_nested_cv,primary_instrument1_full,primary,1,1,3,development_combined,FPCR,ok,ok,True,39,173,validate:019,validate,19,191.8000030517578,195.80673548498405,4.006732433226233,156
development_repeated_nested_cv,primary_instrument1_full,primary,1,1,3,development_combined,FPCR,ok,ok,True,39,177,validate:023,validate,23,194.5,198.06907191934144,3.5690719193414395,156
development_repeated_nested_cv,primary_instrument1_full,primary,1,1,3,development_combined,FPCR,ok,ok,True,39,183,validate:029,validate,29,199.5,196.3382113622064,-3.1617886377935918,156
development_repeated_nested_cv,primary_instrument1_full,primary,1,1,3,development_combined,FPCR,ok,ok,True,39,184,validate:030,validate,30,196.8000030517578,198.42476867579327,1.6247656240354615,156
development_repeated_nested_cv,primary_instrument1_full,primary,1,1,3,development_combined,FPCR,ok,ok,True,39,188,validate:034,validate,34,193.39999389648438,196.9515384620831,3.551544565598732,156
development_repeated_nested_cv,primary_instrument1_full,primary,1,1,4,development_combined,CG-FPLS-code,ok,ok,True,3,10,calibrate:011,calibrate,11,221.8000030517578,219.26563360481734,-2.534369446940474,156
development_repeated_nested_cv,primary_instrument1_full,primary,1,1,4,development_combined,CG-FPLS-code,ok,ok,True,3,18,calibrate:019,calibrate,19,159.5,178.03089596658376,18.530895966583756,156
development_repeated_nested_cv,primary_instrument1_full,primary,1,1,4,development_combined,CG-FPLS-code,ok,ok,True,3,19,calibrate:020,calibrate,20,159.3000030517578,160.57082894253995,1.2708258907821346,156
development_repeated_nested_cv,primary_instrument1_full,primary,1,1,4,development_combined,CG-FPLS-code,ok,ok,True,3,26,calibrate:027,calibrate,27,209.1999969482422,202.57040926014216,-6.629587688100031,156
development_repeated_nested_cv,primary_instrument1_full,primary,1,1,4,development_combined,CG-FPLS-code,ok,ok,True,3,34,calibrate:035,calibrate,35,218.0,215.3181685775284,-2.681831422471589,156
development_repeated_nested_cv,primary_instrument1_full,primary,1,1,4,development_combined,CG-FPLS-code,ok,ok,True,3,44,calibrate:045,calibrate,45,181.10000610351562,184.7942897249603,3.6942836214446686,156
development_repeated_nested_cv,primary_instrument1_full,primary,1,1,4,development_combined,CG-FPLS-code,ok,ok,True,3,56,calibrate:057,calibrate,57,222.3000030517578,221.00152565026627,-1.2984774014915388,156
development_repeated_nested_cv,primary_instrument1_full,primary,1,1,4,development_combined,CG-FPLS-code,ok,ok,True,3,57,calibrate:058,calibrate,58,157.60000610351562,164.41013464021017,6.810128536694549,156
development_repeated_nested_cv,primary_instrument1_full,primary,1,1,4,development_combined,CG-FPLS-code,ok,ok,True,3,59,calibrate:060,calibrate,60,172.3000030517578,178.79851694390135,6.498513892143535,156
development_repeated_nested_cv,primary_instrument1_full,primary,1,1,4,development_combined,CG-FPLS-code,ok,ok,True,3,62,calibrate:063,calibrate,63,176.5,173.2890265559824,-3.210973444017611,156
development_repeated_nested_cv,primary_instrument1_full,primary,1,1,4,development_combined,CG-FPLS-code,ok,ok,True,3,66,calibrate:067,calibrate,67,215.60000610351562,217.64743836545156,2.0474322619359384,156
development_repeated_nested_cv,primary_instrument1_full,primary,1,1,4,development_combined,CG-FPLS-code,ok,ok,True,3,68,calibrate:069,calibrate,69,233.1999969482422,229.1362122547084,-4.0637846935337905,156
development_repeated_nested_cv,primary_instrument1_full,primary,1,1,4,development_combined,CG-FPLS-code,ok,ok,True,3,77,calibrate:078,calibrate,78,201.6999969482422,201.73071242425098,0.030715476008793985,156
development_repeated_nested_cv,primary_instrument1_full,primary,1,1,4,development_combined,CG-FPLS-code,ok,ok,True,3,82,calibrate:083,calibrate,83,172.39999389648438,176.67054648785435,4.270552591369977,156
development_repeated_nested_cv,primary_instrument1_full,primary,1,1,4,development_combined,CG-FPLS-code,ok,ok,True,3,84,calibrate:085,calibrate,85,177.1999969482422,177.01829736282343,-0.1816995854187553,156
development_repeated_nested_cv,primary_instrument1_full,primary,1,1,4,development_combined,CG-FPLS-code,ok,ok,True,3,86,calibrate:087,calibrate,87,205.5,207.92077014509084,2.4207701450908417,156
development_repeated_nested_cv,primary_instrument1_full,primary,1,1,4,development_combined,CG-FPLS-code,ok,ok,True,3,87,calibrate:088,calibrate,88,173.60000610351562,181.20019419534148,7.600188091825856,156
development_repeated_nested_cv,primary_instrument1_full,primary,1,1,4,development_combined,CG-FPLS-code,ok,ok,True,3,92,calibrate:093,calibrate,93,203.89999389648438,208.32497237556217,4.424978479077794,156
development_repeated_nested_cv,primary_instrument1_full,primary,1,1,4,development_combined,CG-FPLS-code,ok,ok,True,3,97,calibrate:098,calibrate,98,183.8000030517578,184.90571651276818,1.1057134610103674,156
development_repeated_nested_cv,primary_instrument1_full,primary,1,1,4,development_combined,CG-FPLS-code,ok,ok,True,3,112,calibrate:113,calibrate,113,219.39999389648438,212.98565470596475,-6.414339190519627,156
development_repeated_nested_cv,primary_instrument1_full,primary,1,1,4,development_combined,CG-FPLS-code,ok,ok,True,3,114,calibrate:115,calibrate,115,180.5,177.69280139948376,-2.8071986005162444,156
development_repeated_nested_cv,primary_instrument1_full,primary,1,1,4,development_combined,CG-FPLS-code,ok,ok,True,3,122,calibrate:123,calibrate,123,188.0,187.89728906080515,-0.10271093919484997,156
development_repeated_nested_cv,primary_instrument1_full,primary,1,1,4,development_combined,CG-FPLS-code,ok,ok,True,3,124,calibrate:125,calibrate,125,154.8000030517578,162.0082649598934,7.208261908135597,156
development_repeated_nested_cv,primary_instrument1_full,primary,1,1,4,development_combined,CG-FPLS-code,ok,ok,True,3,128,calibrate:129,calibrate,129,231.10000610351562,220.28345692145865,-10.816549182056974,156
development_repeated_nested_cv,primary_instrument1_full,primary,1,1,4,development_combined,CG-FPLS-code,ok,ok,True,3,132,calibrate:133,calibrate,133,186.6999969482422,193.8584580926782,7.158461144436018,156
development_repeated_nested_cv,primary_instrument1_full,primary,1,1,4,development_combined,CG-FPLS-code,ok,ok,True,3,136,calibrate:137,calibrate,137,192.60000610351562,190.48414996088331,-2.1158561426323104,156
development_repeated_nested_cv,primary_instrument1_full,primary,1,1,4,development_combined,CG-FPLS-code,ok,ok,True,3,145,calibrate:146,calibrate,146,191.0,195.25253809797883,4.252538097978828,156
development_repeated_nested_cv,primary_instrument1_full,primary,1,1,4,development_combined,CG-FPLS-code,ok,ok,True,3,147,calibrate:148,calibrate,148,197.8000030517578,189.8235474123412,-7.976455639416599,156
development_repeated_nested_cv,primary_instrument1_full,primary,1,1,4,development_combined,CG-FPLS-code,ok,ok,True,3,151,calibrate:152,calibrate,152,201.39999389648438,189.43510568605726,-11.96488821042712,156
development_repeated_nested_cv,primary_instrument1_full,primary,1,1,4,development_combined,CG-FPLS-code,ok,ok,True,3,152,calibrate:153,calibrate,153,199.6999969482422,189.52967647814444,-10.17032047009775,156
development_repeated_nested_cv,primary_instrument1_full,primary,1,1,4,development_combined,CG-FPLS-code,ok,ok,True,3,154,calibrate:155,calibrate,155,195.3000030517578,188.17486232700065,-7.125140724757159,156
development_repeated_nested_cv,primary_instrument1_full,primary,1,1,4,development_combined,CG-FPLS-code,ok,ok,True,3,155,validate:001,validate,1,189.0,193.99997171803182,4.999971718031816,156
development_repeated_nested_cv,primary_instrument1_full,primary,1,1,4,development_combined,CG-FPLS-code,ok,ok,True,3,159,validate:005,validate,5,195.1999969482422,197.6755755074884,2.475578559246202,156
development_repeated_nested_cv,primary_instrument1_full,primary,1,1,4,development_combined,CG-FPLS-code,ok,ok,True,3,171,validate:017,validate,17,194.6999969482422,197.1863897932744,2.4863928450322135,156
development_repeated_nested_cv,primary_instrument1_full,primary,1,1,4,development_combined,CG-FPLS-code,ok,ok,True,3,174,validate:020,validate,20,196.3000030517578,194.18837105859419,-2.111631993163627,156
development_repeated_nested_cv,primary_instrument1_full,primary,1,1,4,development_combined,CG-FPLS-code,ok,ok,True,3,176,validate:022,validate,22,194.0,195.66791961216916,1.6679196121691575,156
development_repeated_nested_cv,primary_instrument1_full,primary,1,1,4,development_combined,CG-FPLS-code,ok,ok,True,3,180,validate:026,validate,26,193.39999389648438,200.74177922817884,7.341785331694467,156
development_repeated_nested_cv,primary_instrument1_full,primary,1,1,4,development_combined,CG-FPLS-code,ok,ok,True,3,189,validate:035,validate,35,196.6999969482422,198.07431253533687,1.374315587094685,156
development_repeated_nested_cv,primary_instrument1_full,primary,1,1,4,development_combined,CG-FPLS-code,ok,ok,True,3,194,validate:040,validate,40,197.5,193.1955422735948,-4.3044577264051895,156
development_repeated_nested_cv,primary_instrument1_full,primary,1,1,4,development_combined,Raw FPLS,ok,ok,True,20,10,calibrate:011,calibrate,11,221.8000030517578,217.84597159671864,-3.9540314550391713,156
development_repeated_nested_cv,primary_instrument1_full,primary,1,1,4,development_combined,Raw FPLS,ok,ok,True,20,18,calibrate:019,calibrate,19,159.5,178.44633236569675,18.946332365696748,156
development_repeated_nested_cv,primary_instrument1_full,primary,1,1,4,development_combined,Raw FPLS,ok,ok,True,20,19,calibrate:020,calibrate,20,159.3000030517578,160.16682461018988,0.8668215584320649,156
development_repeated_nested_cv,primary_instrument1_full,primary,1,1,4,development_combined,Raw FPLS,ok,ok,True,20,26,calibrate:027,calibrate,27,209.1999969482422,205.2893956777297,-3.910601270512501,156
development_repeated_nested_cv,primary_instrument1_full,primary,1,1,4,development_combined,Raw FPLS,ok,ok,True,20,34,calibrate:035,calibrate,35,218.0,218.3599693300215,0.35996933002149945,156
development_repeated_nested_cv,primary_instrument1_full,primary,1,1,4,development_combined,Raw FPLS,ok,ok,True,20,44,calibrate:045,calibrate,45,181.10000610351562,185.78456773700503,4.684561633489409,156
development_repeated_nested_cv,primary_instrument1_full,primary,1,1,4,development_combined,Raw FPLS,ok,ok,True,20,56,calibrate:057,calibrate,57,222.3000030517578,219.37096854451343,-2.9290345072443813,156
development_repeated_nested_cv,primary_instrument1_full,primary,1,1,4,development_combined,Raw FPLS,ok,ok,True,20,57,calibrate:058,calibrate,58,157.60000610351562,163.10664545889304,5.506639355377416,156
development_repeated_nested_cv,primary_instrument1_full,primary,1,1,4,development_combined,Raw FPLS,ok,ok,True,20,59,calibrate:060,calibrate,60,172.3000030517578,174.66856646701353,2.3685634152557213,156
development_repeated_nested_cv,primary_instrument1_full,primary,1,1,4,development_combined,Raw FPLS,ok,ok,True,20,62,calibrate:063,calibrate,63,176.5,177.79202554706328,1.2920255470632753,156
development_repeated_nested_cv,primary_instrument1_full,primary,1,1,4,development_combined,Raw FPLS,ok,ok,True,20,66,calibrate:067,calibrate,67,215.60000610351562,216.87810007105145,1.278093967535824,156
development_repeated_nested_cv,primary_instrument1_full,primary,1,1,4,development_combined,Raw FPLS,ok,ok,True,20,68,calibrate:069,calibrate,69,233.1999969482422,233.66626660845492,0.4662696602127312,156
development_repeated_nested_cv,primary_instrument1_full,primary,1,1,4,development_combined,Raw FPLS,ok,ok,True,20,77,calibrate:078,calibrate,78,201.6999969482422,205.699093107848,3.9990961596058128,156
development_repeated_nested_cv,primary_instrument1_full,primary,1,1,4,development_combined,Raw FPLS,ok,ok,True,20,82,calibrate:083,calibrate,83,172.39999389648438,174.75905836273716,2.3590644662527893,156
development_repeated_nested_cv,primary_instrument1_full,primary,1,1,4,development_combined,Raw FPLS,ok,ok,True,20,84,calibrate:085,calibrate,85,177.1999969482422,177.1870945525995,-0.012902395642697684,156
development_repeated_nested_cv,primary_instrument1_full,primary,1,1,4,development_combined,Raw FPLS,ok,ok,True,20,86,calibrate:087,calibrate,87,205.5,204.05337727109304,-1.4466227289069593,156
development_repeated_nested_cv,primary_instrument1_full,primary,1,1,4,development_combined,Raw FPLS,ok,ok,True,20,87,calibrate:088,calibrate,88,173.60000610351562,174.64553319935908,1.045527095843454,156
development_repeated_nested_cv,primary_instrument1_full,primary,1,1,4,development_combined,Raw FPLS,ok,ok,True,20,92,calibrate:093,calibrate,93,203.89999389648438,205.64647984508048,1.7464859485961028,156
development_repeated_nested_cv,primary_instrument1_full,primary,1,1,4,development_combined,Raw FPLS,ok,ok,True,20,97,calibrate:098,calibrate,98,183.8000030517578,187.97826999566533,4.178266943907516,156
development_repeated_nested_cv,primary_instrument1_full,primary,1,1,4,development_combined,Raw FPLS,ok,ok,True,20,112,calibrate:113,calibrate,113,219.39999389648438,216.598063972766,-2.801929923718376,156
development_repeated_nested_cv,primary_instrument1_full,primary,1,1,4,development_combined,Raw FPLS,ok,ok,True,20,114,calibrate:115,calibrate,115,180.5,176.78356200665283,-3.7164379933471707,156
development_repeated_nested_cv,primary_instrument1_full,primary,1,1,4,development_combined,Raw FPLS,ok,ok,True,20,122,calibrate:123,calibrate,123,188.0,188.63134710587167,0.6313471058716686,156
development_repeated_nested_cv,primary_instrument1_full,primary,1,1,4,development_combined,Raw FPLS,ok,ok,True,20,124,calibrate:125,calibrate,125,154.8000030517578,158.57437950699938,3.7743764552415655,156
development_repeated_nested_cv,primary_instrument1_full,primary,1,1,4,development_combined,Raw FPLS,ok,ok,True,20,128,calibrate:129,calibrate,129,231.10000610351562,227.33318931575045,-3.7668167877651797,156
development_repeated_nested_cv,primary_instrument1_full,primary,1,1,4,development_combined,Raw FPLS,ok,ok,True,20,132,calibrate:133,calibrate,133,186.6999969482422,189.6155481925586,2.9155512443164184,156
development_repeated_nested_cv,primary_instrument1_full,primary,1,1,4,development_combined,Raw FPLS,ok,ok,True,20,136,calibrate:137,calibrate,137,192.60000610351562,185.55175726217604,-7.048248841339586,156
development_repeated_nested_cv,primary_instrument1_full,primary,1,1,4,development_combined,Raw FPLS,ok,ok,True,20,145,calibrate:146,calibrate,146,191.0,191.16932388155664,0.16932388155663602,156
development_repeated_nested_cv,primary_instrument1_full,primary,1,1,4,development_combined,Raw FPLS,ok,ok,True,20,147,calibrate:148,calibrate,148,197.8000030517578,190.7858649287909,-7.014138122966926,156
development_repeated_nested_cv,primary_instrument1_full,primary,1,1,4,development_combined,Raw FPLS,ok,ok,True,20,151,calibrate:152,calibrate,152,201.39999389648438,193.28146511327236,-8.118528783212014,156
development_repeated_nested_cv,primary_instrument1_full,primary,1,1,4,development_combined,Raw FPLS,ok,ok,True,20,152,calibrate:153,calibrate,153,199.6999969482422,194.70378665514644,-4.996210293095743,156
development_repeated_nested_cv,primary_instrument1_full,primary,1,1,4,development_combined,Raw FPLS,ok,ok,True,20,154,calibrate:155,calibrate,155,195.3000030517578,191.57319904086015,-3.7268040108976663,156
development_repeated_nested_cv,primary_instrument1_full,primary,1,1,4,development_combined,Raw FPLS,ok,ok,True,20,155,validate:001,validate,1,189.0,191.70977347892912,2.7097734789291223,156
development_repeated_nested_cv,primary_instrument1_full,primary,1,1,4,development_combined,Raw FPLS,ok,ok,True,20,159,validate:005,validate,5,195.1999969482422,195.0447500616307,-0.15524688661147934,156
development_repeated_nested_cv,primary_instrument1_full,primary,1,1,4,development_combined,Raw FPLS,ok,ok,True,20,171,validate:017,validate,17,194.6999969482422,193.5488391215188,-1.1511578267233915,156
development_repeated_nested_cv,primary_instrument1_full,primary,1,1,4,development_combined,Raw FPLS,ok,ok,True,20,174,validate:020,validate,20,196.3000030517578,192.80877981347405,-3.491223238283766,156
development_repeated_nested_cv,primary_instrument1_full,primary,1,1,4,development_combined,Raw FPLS,ok,ok,True,20,176,validate:022,validate,22,194.0,198.64345347619718,4.64345347619718,156
development_repeated_nested_cv,primary_instrument1_full,primary,1,1,4,development_combined,Raw FPLS,ok,ok,True,20,180,validate:026,validate,26,193.39999389648438,198.71893083446375,5.318936937979373,156
development_repeated_nested_cv,primary_instrument1_full,primary,1,1,4,development_combined,Raw FPLS,ok,ok,True,20,189,validate:035,validate,35,196.6999969482422,200.99813681230498,4.29813986406279,156
development_repeated_nested_cv,primary_instrument1_full,primary,1,1,4,development_combined,Raw FPLS,ok,ok,True,20,194,validate:040,validate,40,197.5,196.3843468045608,-1.1156531954391937,156
development_repeated_nested_cv,primary_instrument1_full,primary,1,1,4,development_combined,Arnoldi FPLS,ok,ok,True,5,10,calibrate:011,calibrate,11,221.8000030517578,217.80444533376053,-3.9955577179972863,156
development_repeated_nested_cv,primary_instrument1_full,primary,1,1,4,development_combined,Arnoldi FPLS,ok,ok,True,5,18,calibrate:019,calibrate,19,159.5,178.48185933874058,18.981859338740577,156
development_repeated_nested_cv,primary_instrument1_full,primary,1,1,4,development_combined,Arnoldi FPLS,ok,ok,True,5,19,calibrate:020,calibrate,20,159.3000030517578,160.2044136632692,0.9044106115113948,156
development_repeated_nested_cv,primary_instrument1_full,primary,1,1,4,development_combined,Arnoldi FPLS,ok,ok,True,5,26,calibrate:027,calibrate,27,209.1999969482422,205.34360951658243,-3.856387431659755,156
development_repeated_nested_cv,primary_instrument1_full,primary,1,1,4,development_combined,Arnoldi FPLS,ok,ok,True,5,34,calibrate:035,calibrate,35,218.0,218.42009267572973,0.42009267572973386,156
development_repeated_nested_cv,primary_instrument1_full,primary,1,1,4,development_combined,Arnoldi FPLS,ok,ok,True,5,44,calibrate:045,calibrate,45,181.10000610351562,185.71746265631694,4.617456552801315,156
development_repeated_nested_cv,primary_instrument1_full,primary,1,1,4,development_combined,Arnoldi FPLS,ok,ok,True,5,56,calibrate:057,calibrate,57,222.3000030517578,219.31218399880862,-2.9878190529491917,156
development_repeated_nested_cv,primary_instrument1_full,primary,1,1,4,development_combined,Arnoldi FPLS,ok,ok,True,5,57,calibrate:058,calibrate,58,157.60000610351562,163.13664235694762,5.536636253431993,156
development_repeated_nested_cv,primary_instrument1_full,primary,1,1,4,development_combined,Arnoldi FPLS,ok,ok,True,5,59,calibrate:060,calibrate,60,172.3000030517578,174.64121488298025,2.341211831222438,156
development_repeated_nested_cv,primary_instrument1_full,primary,1,1,4,development_combined,Arnoldi FPLS,ok,ok,True,5,62,calibrate:063,calibrate,63,176.5,177.87470954965175,1.3747095496517545,156
development_repeated_nested_cv,primary_instrument1_full,primary,1,1,4,development_combined,Arnoldi FPLS,ok,ok,True,5,66,calibrate:067,calibrate,67,215.60000610351562,216.86908010506968,1.2690740015540598,156
development_repeated_nested_cv,primary_instrument1_full,primary,1,1,4,development_combined,Arnoldi FPLS,ok,ok,True,5,68,calibrate:069,calibrate,69,233.1999969482422,233.70066226367908,0.5006653154368905,156
development_repeated_nested_cv,primary_instrument1_full,primary,1,1,4,development_combined,Arnoldi FPLS,ok,ok,True,5,77,calibrate:078,calibrate,78,201.6999969482422,205.76099938163824,4.061002433396055,156
development_repeated_nested_cv,primary_instrument1_full,primary,1,1,4,development_combined,Arnoldi FPLS,ok,ok,True,5,82,calibrate:083,calibrate,83,172.39999389648438,174.66891336479935,2.2689194683149765,156
development_repeated_nested_cv,primary_instrument1_full,primary,1,1,4,development_combined,Arnoldi FPLS,ok,ok,True,5,84,calibrate:085,calibrate,85,177.1999969482422,177.2188877454602,0.018890797218006128,156
development_repeated_nested_cv,primary_instrument1_full,primary,1,1,4,development_combined,Arnoldi FPLS,ok,ok,True,5,86,calibrate:087,calibrate,87,205.5,204.0008750676116,-1.499124932388412,156
development_repeated_nested_cv,primary_instrument1_full,primary,1,1,4,development_combined,Arnoldi FPLS,ok,ok,True,5,87,calibrate:088,calibrate,88,173.60000610351562,174.58875104953887,0.988744946023246,156
development_repeated_nested_cv,primary_instrument1_full,primary,1,1,4,development_combined,Arnoldi FPLS,ok,ok,True,5,92,calibrate:093,calibrate,93,203.89999389648438,205.6162651648226,1.7162712683382324,156
development_repeated_nested_cv,primary_instrument1_full,primary,1,1,4,development_combined,Arnoldi FPLS,ok,ok,True,5,97,calibrate:098,calibrate,98,183.8000030517578,188.03782533277732,4.237822281019504,156
development_repeated_nested_cv,primary_instrument1_full,primary,1,1,4,development_combined,Arnoldi FPLS,ok,ok,True,5,112,calibrate:113,calibrate,113,219.39999389648438,216.5412845139367,-2.858709382547687,156
development_repeated_nested_cv,primary_instrument1_full,primary,1,1,4,development_combined,Arnoldi FPLS,ok,ok,True,5,114,calibrate:115,calibrate,115,180.5,176.80343306144533,-3.6965669385546676,156
development_repeated_nested_cv,primary_instrument1_full,primary,1,1,4,development_combined,Arnoldi FPLS,ok,ok,True,5,122,calibrate:123,calibrate,123,188.0,188.66645311221217,0.6664531122121673,156
development_repeated_nested_cv,primary_instrument1_full,primary,1,1,4,development_combined,Arnoldi FPLS,ok,ok,True,5,124,calibrate:125,calibrate,125,154.8000030517578,158.46670695680046,3.6667039050426524,156
development_repeated_nested_cv,primary_instrument1_full,primary,1,1,4,development_combined,Arnoldi FPLS,ok,ok,True,5,128,calibrate:129,calibrate,129,231.10000610351562,227.43678867800622,-3.6632174255094014,156
development_repeated_nested_cv,primary_instrument1_full,primary,1,1,4,development_combined,Arnoldi FPLS,ok,ok,True,5,132,calibrate:133,calibrate,133,186.6999969482422,189.60922528597573,2.9092283377335377,156
development_repeated_nested_cv,primary_instrument1_full,primary,1,1,4,development_combined,Arnoldi FPLS,ok,ok,True,5,136,calibrate:137,calibrate,137,192.60000610351562,185.47007378598306,-7.129932317532564,156
development_repeated_nested_cv,primary_instrument1_full,primary,1,1,4,development_combined,Arnoldi FPLS,ok,ok,True,5,145,calibrate:146,calibrate,146,191.0,191.15803000626113,0.15803000626112862,156
development_repeated_nested_cv,primary_instrument1_full,primary,1,1,4,development_combined,Arnoldi FPLS,ok,ok,True,5,147,calibrate:148,calibrate,148,197.8000030517578,190.85911700098748,-6.940886050770331,156
development_repeated_nested_cv,primary_instrument1_full,primary,1,1,4,development_combined,Arnoldi FPLS,ok,ok,True,5,151,calibrate:152,calibrate,152,201.39999389648438,193.23215075435638,-8.167843142127992,156
development_repeated_nested_cv,primary_instrument1_full,primary,1,1,4,development_combined,Arnoldi FPLS,ok,ok,True,5,152,calibrate:153,calibrate,153,199.6999969482422,194.69030827426042,-5.0096886739817705,156
development_repeated_nested_cv,primary_instrument1_full,primary,1,1,4,development_combined,Arnoldi FPLS,ok,ok,True,5,154,calibrate:155,calibrate,155,195.3000030517578,191.53816346841546,-3.7618395833423506,156
development_repeated_nested_cv,primary_instrument1_full,primary,1,1,4,development_combined,Arnoldi FPLS,ok,ok,True,5,155,validate:001,validate,1,189.0,191.72418621901463,2.7241862190146264,156
development_repeated_nested_cv,primary_instrument1_full,primary,1,1,4,development_combined,Arnoldi FPLS,ok,ok,True,5,159,validate:005,validate,5,195.1999969482422,195.05982890308027,-0.14016804516191428,156
development_repeated_nested_cv,primary_instrument1_full,primary,1,1,4,development_combined,Arnoldi FPLS,ok,ok,True,5,171,validate:017,validate,17,194.6999969482422,193.5426500648861,-1.157346883356098,156
development_repeated_nested_cv,primary_instrument1_full,primary,1,1,4,development_combined,Arnoldi FPLS,ok,ok,True,5,174,validate:020,validate,20,196.3000030517578,192.86435175144334,-3.4356513003144755,156
development_repeated_nested_cv,primary_instrument1_full,primary,1,1,4,development_combined,Arnoldi FPLS,ok,ok,True,5,176,validate:022,validate,22,194.0,198.58543488296377,4.585434882963767,156
development_repeated_nested_cv,primary_instrument1_full,primary,1,1,4,development_combined,Arnoldi FPLS,ok,ok,True,5,180,validate:026,validate,26,193.39999389648438,198.73351299652225,5.333519100037876,156
development_repeated_nested_cv,primary_instrument1_full,primary,1,1,4,development_combined,Arnoldi FPLS,ok,ok,True,5,189,validate:035,validate,35,196.6999969482422,201.03996000942035,4.339963061178167,156
development_repeated_nested_cv,primary_instrument1_full,primary,1,1,4,development_combined,Arnoldi FPLS,ok,ok,True,5,194,validate:040,validate,40,197.5,196.27816603577284,-1.2218339642271587,156
development_repeated_nested_cv,primary_instrument1_full,primary,1,1,4,development_combined,FPCR,ok,ok,True,56,10,calibrate:011,calibrate,11,221.8000030517578,219.36780701701767,-2.4321960347401443,156
development_repeated_nested_cv,primary_instrument1_full,primary,1,1,4,development_combined,FPCR,ok,ok,True,56,18,calibrate:019,calibrate,19,159.5,176.35766576888204,16.857665768882043,156
development_repeated_nested_cv,primary_instrument1_full,primary,1,1,4,development_combined,FPCR,ok,ok,True,56,19,calibrate:020,calibrate,20,159.3000030517578,156.40541812446946,-2.8945849272883493,156
development_repeated_nested_cv,primary_instrument1_full,primary,1,1,4,development_combined,FPCR,ok,ok,True,56,26,calibrate:027,calibrate,27,209.1999969482422,207.93310391743702,-1.2668930308051642,156
development_repeated_nested_cv,primary_instrument1_full,primary,1,1,4,development_combined,FPCR,ok,ok,True,56,34,calibrate:035,calibrate,35,218.0,218.57451179065168,0.5745117906516839,156
development_repeated_nested_cv,primary_instrument1_full,primary,1,1,4,development_combined,FPCR,ok,ok,True,56,44,calibrate:045,calibrate,45,181.10000610351562,186.99154588437963,5.891539780864008,156
development_repeated_nested_cv,primary_instrument1_full,primary,1,1,4,development_combined,FPCR,ok,ok,True,56,56,calibrate:057,calibrate,57,222.3000030517578,218.74867915317424,-3.5513238985835756,156
development_repeated_nested_cv,primary_instrument1_full,primary,1,1,4,development_combined,FPCR,ok,ok,True,56,57,calibrate:058,calibrate,58,157.60000610351562,163.01973380076112,5.4197276972454915,156
development_repeated_nested_cv,primary_instrument1_full,primary,1,1,4,development_combined,FPCR,ok,ok,True,56,59,calibrate:060,calibrate,60,172.3000030517578,176.68027857937355,4.380275527615737,156
development_repeated_nested_cv,primary_instrument1_full,primary,1,1,4,development_combined,FPCR,ok,ok,True,56,62,calibrate:063,calibrate,63,176.5,177.64133466887588,1.141334668875885,156
development_repeated_nested_cv,primary_instrument1_full,primary,1,1,4,development_combined,FPCR,ok,ok,True,56,66,calibrate:067,calibrate,67,215.60000610351562,220.65630141823408,5.056295314718454,156
development_repeated_nested_cv,primary_instrument1_full,primary,1,1,4,development_combined,FPCR,ok,ok,True,56,68,calibrate:069,calibrate,69,233.1999969482422,230.69480890886055,-2.505188039381636,156
development_repeated_nested_cv,primary_instrument1_full,primary,1,1,4,development_combined,FPCR,ok,ok,True,56,77,calibrate:078,calibrate,78,201.6999969482422,203.76739634081218,2.067399392569996,156
development_repeated_nested_cv,primary_instrument1_full,primary,1,1,4,development_combined,FPCR,ok,ok,True,56,82,calibrate:083,calibrate,83,172.39999389648438,168.8326917259515,-3.5673021705328836,156
development_repeated_nested_cv,primary_instrument1_full,primary,1,1,4,development_combined,FPCR,ok,ok,True,56,84,calibrate:085,calibrate,85,177.1999969482422,172.74130809279686,-4.458688855445331,156
development_repeated_nested_cv,primary_instrument1_full,primary,1,1,4,development_combined,FPCR,ok,ok,True,56,86,calibrate:087,calibrate,87,205.5,205.0119171302529,-0.48808286974710313,156
development_repeated_nested_cv,primary_instrument1_full,primary,1,1,4,development_combined,FPCR,ok,ok,True,56,87,calibrate:088,calibrate,88,173.60000610351562,177.97701307663664,4.377006973121013,156
development_repeated_nested_cv,primary_instrument1_full,primary,1,1,4,development_combined,FPCR,ok,ok,True,56,92,calibrate:093,calibrate,93,203.89999389648438,207.14389473271794,3.243900836233564,156
development_repeated_nested_cv,primary_instrument1_full,primary,1,1,4,development_combined,FPCR,ok,ok,True,56,97,calibrate:098,calibrate,98,183.8000030517578,185.9315595867891,2.1315565350312795,156
development_repeated_nested_cv,primary_instrument1_full,primary,1,1,4,development_combined,FPCR,ok,ok,True,56,112,calibrate:113,calibrate,113,219.39999389648438,232.93601659064728,13.53602269416291,156
development_repeated_nested_cv,primary_instrument1_full,primary,1,1,4,development_combined,FPCR,ok,ok,True,56,114,calibrate:115,calibrate,115,180.5,175.98391456924952,-4.516085430750479,156
development_repeated_nested_cv,primary_instrument1_full,primary,1,1,4,development_combined,FPCR,ok,ok,True,56,122,calibrate:123,calibrate,123,188.0,193.43122161435193,5.4312216143519265,156
development_repeated_nested_cv,primary_instrument1_full,primary,1,1,4,development_combined,FPCR,ok,ok,True,56,124,calibrate:125,calibrate,125,154.8000030517578,168.5415039957675,13.741500944009687,156
development_repeated_nested_cv,primary_instrument1_full,primary,1,1,4,development_combined,FPCR,ok,ok,True,56,128,calibrate:129,calibrate,129,231.10000610351562,228.49550717356706,-2.604498929948562,156
development_repeated_nested_cv,primary_instrument1_full,primary,1,1,4,development_combined,FPCR,ok,ok,True,56,132,calibrate:133,calibrate,133,186.6999969482422,189.86302315406067,3.1630262058184826,156
development_repeated_nested_cv,primary_instrument1_full,primary,1,1,4,development_combined,FPCR,ok,ok,True,56,136,calibrate:137,calibrate,137,192.60000610351562,177.28826029649048,-15.311745807025147,156
development_repeated_nested_cv,primary_instrument1_full,primary,1,1,4,development_combined,FPCR,ok,ok,True,56,145,calibrate:146,calibrate,146,191.0,201.49491537557236,10.494915375572361,156
development_repeated_nested_cv,primary_instrument1_full,primary,1,1,4,development_combined,FPCR,ok,ok,True,56,147,calibrate:148,calibrate,148,197.8000030517578,200.4836708123662,2.6836677606083867,156
development_repeated_nested_cv,primary_instrument1_full,primary,1,1,4,development_combined,FPCR,ok,ok,True,56,151,calibrate:152,calibrate,152,201.39999389648438,197.44797433930196,-3.9520195571824104,156
development_repeated_nested_cv,primary_instrument1_full,primary,1,1,4,development_combined,FPCR,ok,ok,True,56,152,calibrate:153,calibrate,153,199.6999969482422,202.94039435112023,3.2403974028780453,156
development_repeated_nested_cv,primary_instrument1_full,primary,1,1,4,development_combined,FPCR,ok,ok,True,56,154,calibrate:155,calibrate,155,195.3000030517578,201.24815294527522,5.94814989351741,156
development_repeated_nested_cv,primary_instrument1_full,primary,1,1,4,development_combined,FPCR,ok,ok,True,56,155,validate:001,validate,1,189.0,192.86850253836636,3.868502538366357,156
development_repeated_nested_cv,primary_instrument1_full,primary,1,1,4,development_combined,FPCR,ok,ok,True,56,159,validate:005,validate,5,195.1999969482422,198.10084491299963,2.900847964757446,156
development_repeated_nested_cv,primary_instrument1_full,primary,1,1,4,development_combined,FPCR,ok,ok,True,56,171,validate:017,validate,17,194.6999969482422,194.60762581367106,-0.092371134571124,156
development_repeated_nested_cv,primary_instrument1_full,primary,1,1,4,development_combined,FPCR,ok,ok,True,56,174,validate:020,validate,20,196.3000030517578,194.58666724469632,-1.7133358070614975,156
development_repeated_nested_cv,primary_instrument1_full,primary,1,1,4,development_combined,FPCR,ok,ok,True,56,176,validate:022,validate,22,194.0,202.59372269461556,8.593722694615565,156
development_repeated_nested_cv,primary_instrument1_full,primary,1,1,4,development_combined,FPCR,ok,ok,True,56,180,validate:026,validate,26,193.39999389648438,192.1085398179396,-1.2914540785447741,156
development_repeated_nested_cv,primary_instrument1_full,primary,1,1,4,development_combined,FPCR,ok,ok,True,56,189,validate:035,validate,35,196.6999969482422,201.84537296798086,5.145376019738677,156
development_repeated_nested_cv,primary_instrument1_full,primary,1,1,4,development_combined,FPCR,ok,ok,True,56,194,validate:040,validate,40,197.5,198.23721321724994,0.7372132172499448,156
development_repeated_nested_cv,primary_instrument1_full,primary,1,1,5,development_combined,CG-FPLS-code,ok,ok,True,3,4,calibrate:005,calibrate,5,199.3000030517578,187.71334484849174,-11.586658203266069,156
development_repeated_nested_cv,primary_instrument1_full,primary,1,1,5,development_combined,CG-FPLS-code,ok,ok,True,3,7,calibrate:008,calibrate,8,207.6999969482422,200.177448387833,-7.522548560409177,156
development_repeated_nested_cv,primary_instrument1_full,primary,1,1,5,development_combined,CG-FPLS-code,ok,ok,True,3,12,calibrate:013,calibrate,13,176.3000030517578,182.3366576018336,6.036654550075781,156
development_repeated_nested_cv,primary_instrument1_full,primary,1,1,5,development_combined,CG-FPLS-code,ok,ok,True,3,14,calibrate:015,calibrate,15,220.10000610351562,217.9938351372931,-2.106170966222521,156
development_repeated_nested_cv,primary_instrument1_full,primary,1,1,5,development_combined,CG-FPLS-code,ok,ok,True,3,17,calibrate:018,calibrate,18,221.89999389648438,215.93827383821315,-5.961720058271226,156
development_repeated_nested_cv,primary_instrument1_full,primary,1,1,5,development_combined,CG-FPLS-code,ok,ok,True,3,21,calibrate:022,calibrate,22,185.89999389648438,189.18383975186555,3.2838458553811734,156
development_repeated_nested_cv,primary_instrument1_full,primary,1,1,5,development_combined,CG-FPLS-code,ok,ok,True,3,25,calibrate:026,calibrate,26,214.3000030517578,214.66662588080214,0.3666228290443314,156
development_repeated_nested_cv,primary_instrument1_full,primary,1,1,5,development_combined,CG-FPLS-code,ok,ok,True,3,29,calibrate:030,calibrate,30,236.39999389648438,233.06122331216633,-3.3387705843180413,156
development_repeated_nested_cv,primary_instrument1_full,primary,1,1,5,development_combined,CG-FPLS-code,ok,ok,True,3,31,calibrate:032,calibrate,32,158.8000030517578,164.17346196121593,5.373458909458122,156
development_repeated_nested_cv,primary_instrument1_full,primary,1,1,5,development_combined,CG-FPLS-code,ok,ok,True,3,45,calibrate:046,calibrate,46,186.8000030517578,180.47755350180722,-6.322449549950591,156
development_repeated_nested_cv,primary_instrument1_full,primary,1,1,5,development_combined,CG-FPLS-code,ok,ok,True,3,53,calibrate:054,calibrate,54,221.5,212.53992292406156,-8.960077075938443,156
development_repeated_nested_cv,primary_instrument1_full,primary,1,1,5,development_combined,CG-FPLS-code,ok,ok,True,3,55,calibrate:056,calibrate,56,157.5,167.407941595586,9.90794159558601,156
development_repeated_nested_cv,primary_instrument1_full,primary,1,1,5,development_combined,CG-FPLS-code,ok,ok,True,3,60,calibrate:061,calibrate,61,176.89999389648438,176.7405237119111,-0.15947018457328,156
development_repeated_nested_cv,primary_instrument1_full,primary,1,1,5,development_combined,CG-FPLS-code,ok,ok,True,3,72,calibrate:073,calibrate,73,202.6999969482422,199.917807881432,-2.78218906681019,156
development_repeated_nested_cv,primary_instrument1_full,primary,1,1,5,development_combined,CG-FPLS-code,ok,ok,True,3,74,calibrate:075,calibrate,75,181.3000030517578,191.60062127146563,10.300618219707815,156
development_repeated_nested_cv,primary_instrument1_full,primary,1,1,5,development_combined,CG-FPLS-code,ok,ok,True,3,75,calibrate:076,calibrate,76,178.10000610351562,180.7603042495819,2.660298146066282,156
development_repeated_nested_cv,primary_instrument1_full,primary,1,1,5,development_combined,CG-FPLS-code,ok,ok,True,3,83,calibrate:084,calibrate,84,205.39999389648438,198.8057288484925,-6.5942650479918825,156
development_repeated_nested_cv,primary_instrument1_full,primary,1,1,5,development_combined,CG-FPLS-code,ok,ok,True,3,85,calibrate:086,calibrate,86,184.1999969482422,185.529621443462,1.3296244952198037,156
development_repeated_nested_cv,primary_instrument1_full,primary,1,1,5,development_combined,CG-FPLS-code,ok,ok,True,3,94,calibrate:095,calibrate,95,172.0,175.89299621114176,3.8929962111417638,156
development_repeated_nested_cv,primary_instrument1_full,primary,1,1,5,development_combined,CG-FPLS-code,ok,ok,True,3,102,calibrate:103,calibrate,103,151.60000610351562,164.85178629654553,13.251780193029902,156
development_repeated_nested_cv,primary_instrument1_full,primary,1,1,5,development_combined,CG-FPLS-code,ok,ok,True,3,105,calibrate:106,calibrate,106,160.39999389648438,157.85487825759398,-2.545115638890394,156
development_repeated_nested_cv,primary_instrument1_full,primary,1,1,5,development_combined,CG-FPLS-code,ok,ok,True,3,106,calibrate:107,calibrate,107,216.89999389648438,220.0417253948196,3.1417314983352185,156
development_repeated_nested_cv,primary_instrument1_full,primary,1,1,5,development_combined,CG-FPLS-code,ok,ok,True,3,109,calibrate:110,calibrate,110,231.10000610351562,227.91020725285586,-3.18979885065977,156
development_repeated_nested_cv,primary_instrument1_full,primary,1,1,5,development_combined,CG-FPLS-code,ok,ok,True,3,113,calibrate:114,calibrate,114,172.89999389648438,176.5630354084396,3.663041511955214,156
development_repeated_nested_cv,primary_instrument1_full,primary,1,1,5,development_combined,CG-FPLS-code,ok,ok,True,3,115,calibrate:116,calibrate,116,209.5,197.89230727006185,-11.607692729938151,156
development_repeated_nested_cv,primary_instrument1_full,primary,1,1,5,development_combined,CG-FPLS-code,ok,ok,True,3,123,calibrate:124,calibrate,124,175.5,179.81032739139613,4.310327391396129,156
development_repeated_nested_cv,primary_instrument1_full,primary,1,1,5,development_combined,CG-FPLS-code,ok,ok,True,3,133,calibrate:134,calibrate,134,192.8000030517578,189.56401197028,-3.235991081477806,156
development_repeated_nested_cv,primary_instrument1_full,primary,1,1,5,development_combined,CG-FPLS-code,ok,ok,True,3,138,calibrate:139,calibrate,139,191.1999969482422,201.60829608636445,10.40829913812226,156
development_repeated_nested_cv,primary_instrument1_full,primary,1,1,5,development_combined,CG-FPLS-code,ok,ok,True,3,140,calibrate:141,calibrate,141,197.1999969482422,190.9287974976757,-6.271199450566485,156
development_repeated_nested_cv,primary_instrument1_full,primary,1,1,5,development_combined,CG-FPLS-code,ok,ok,True,3,143,calibrate:144,calibrate,144,194.60000610351562,191.46210939787738,-3.1378967056382407,156
development_repeated_nested_cv,primary_instrument1_full,primary,1,1,5,development_combined,CG-FPLS-code,ok,ok,True,3,153,calibrate:154,calibrate,154,201.5,185.01929106049676,-16.480708939503245,156
development_repeated_nested_cv,primary_instrument1_full,primary,1,1,5,development_combined,CG-FPLS-code,ok,ok,True,3,157,validate:003,validate,3,191.89999389648438,192.46309432405644,0.563100427572067,156
development_repeated_nested_cv,primary_instrument1_full,primary,1,1,5,development_combined,CG-FPLS-code,ok,ok,True,3,162,validate:008,validate,8,194.89999389648438,197.4221818929323,2.5221879964479115,156
development_repeated_nested_cv,primary_instrument1_full,primary,1,1,5,development_combined,CG-FPLS-code,ok,ok,True,3,164,validate:010,validate,10,193.8000030517578,200.32071825670687,6.520715204949056,156
development_repeated_nested_cv,primary_instrument1_full,primary,1,1,5,development_combined,CG-FPLS-code,ok,ok,True,3,172,validate:018,validate,18,195.39999389648438,195.05626111023895,-0.34373278624542536,156
development_repeated_nested_cv,primary_instrument1_full,primary,1,1,5,development_combined,CG-FPLS-code,ok,ok,True,3,182,validate:028,validate,28,195.0,195.36283636981946,0.3628363698194619,156
development_repeated_nested_cv,primary_instrument1_full,primary,1,1,5,development_combined,CG-FPLS-code,ok,ok,True,3,186,validate:032,validate,32,197.5,190.2753963152902,-7.224603684709791,156
development_repeated_nested_cv,primary_instrument1_full,primary,1,1,5,development_combined,CG-FPLS-code,ok,ok,True,3,187,validate:033,validate,33,194.1999969482422,196.11154993711403,1.911552988871847,156
development_repeated_nested_cv,primary_instrument1_full,primary,1,1,5,development_combined,CG-FPLS-code,ok,ok,True,3,193,validate:039,validate,39,196.60000610351562,195.84646624828864,-0.7535398552269896,156
development_repeated_nested_cv,primary_instrument1_full,primary,1,1,5,development_combined,Raw FPLS,ok,ok,True,4,4,calibrate:005,calibrate,5,199.3000030517578,195.0019837447857,-4.298019306972122,156
development_repeated_nested_cv,primary_instrument1_full,primary,1,1,5,development_combined,Raw FPLS,ok,ok,True,4,7,calibrate:008,calibrate,8,207.6999969482422,204.7633333338238,-2.936663614418393,156
development_repeated_nested_cv,primary_instrument1_full,primary,1,1,5,development_combined,Raw FPLS,ok,ok,True,4,12,calibrate:013,calibrate,13,176.3000030517578,177.96386241462014,1.6638593628623255,156
development_repeated_nested_cv,primary_instrument1_full,primary,1,1,5,development_combined,Raw FPLS,ok,ok,True,4,14,calibrate:015,calibrate,15,220.10000610351562,218.36328387001615,-1.7367222334994779,156
development_repeated_nested_cv,primary_instrument1_full,primary,1,1,5,development_combined,Raw FPLS,ok,ok,True,4,17,calibrate:018,calibrate,18,221.89999389648438,220.7679415304267,-1.1320523660576782,156
development_repeated_nested_cv,primary_instrument1_full,primary,1,1,5,development_combined,Raw FPLS,ok,ok,True,4,21,calibrate:022,calibrate,22,185.89999389648438,185.3016342418869,-0.5983596545974876,156
development_repeated_nested_cv,primary_instrument1_full,primary,1,1,5,development_combined,Raw FPLS,ok,ok,True,4,25,calibrate:026,calibrate,26,214.3000030517578,217.01558949941656,2.715586447658751,156
development_repeated_nested_cv,primary_instrument1_full,primary,1,1,5,development_combined,Raw FPLS,ok,ok,True,4,29,calibrate:030,calibrate,30,236.39999389648438,239.21119106757072,2.8111971710863486,156
development_repeated_nested_cv,primary_instrument1_full,primary,1,1,5,development_combined,Raw FPLS,ok,ok,True,4,31,calibrate:032,calibrate,32,158.8000030517578,160.37757992901487,1.5775768772570586,156
development_repeated_nested_cv,primary_instrument1_full,primary,1,1,5,development_combined,Raw FPLS,ok,ok,True,4,45,calibrate:046,calibrate,46,186.8000030517578,182.8108389935757,-3.9891640581821264,156
development_repeated_nested_cv,primary_instrument1_full,primary,1,1,5,development_combined,Raw FPLS,ok,ok,True,4,53,calibrate:054,calibrate,54,221.5,216.22666457611257,-5.273335423887431,156
development_repeated_nested_cv,primary_instrument1_full,primary,1,1,5,development_combined,Raw FPLS,ok,ok,True,4,55,calibrate:056,calibrate,56,157.5,160.6414238571952,3.141423857195207,156
development_repeated_nested_cv,primary_instrument1_full,primary,1,1,5,development_combined,Raw FPLS,ok,ok,True,4,60,calibrate:061,calibrate,61,176.89999389648438,176.19209142664693,-0.7079024698374496,156
development_repeated_nested_cv,primary_instrument1_full,primary,1,1,5,development_combined,Raw FPLS,ok,ok,True,4,72,calibrate:073,calibrate,73,202.6999969482422,202.46608236967862,-0.23391457856357079,156
development_repeated_nested_cv,primary_instrument1_full,primary,1,1,5,development_combined,Raw FPLS,ok,ok,True,4,74,calibrate:075,calibrate,75,181.3000030517578,185.5485227227652,4.2485196710073865,156
development_repeated_nested_cv,primary_instrument1_full,primary,1,1,5,development_combined,Raw FPLS,ok,ok,True,4,75,calibrate:076,calibrate,76,178.10000610351562,176.8998571261818,-1.2001489773338392,156
development_repeated_nested_cv,primary_instrument1_full,primary,1,1,5,development_combined,Raw FPLS,ok,ok,True,4,83,calibrate:084,calibrate,84,205.39999389648438,201.37611689876894,-4.023876997715433,156
development_repeated_nested_cv,primary_instrument1_full,primary,1,1,5,development_combined,Raw FPLS,ok,ok,True,4,85,calibrate:086,calibrate,86,184.1999969482422,183.63683377481706,-0.5631631734251243,156
development_repeated_nested_cv,primary_instrument1_full,primary,1,1,5,development_combined,Raw FPLS,ok,ok,True,4,94,calibrate:095,calibrate,95,172.0,172.17419366325194,0.1741936632519412,156
development_repeated_nested_cv,primary_instrument1_full,primary,1,1,5,development_combined,Raw FPLS,ok,ok,True,4,102,calibrate:103,calibrate,103,151.60000610351562,162.28408005953966,10.684073956024037,156
development_repeated_nested_cv,primary_instrument1_full,primary,1,1,5,development_combined,Raw FPLS,ok,ok,True,4,105,calibrate:106,calibrate,106,160.39999389648438,159.8185068004031,-0.5814870960812755,156
development_repeated_nested_cv,primary_instrument1_full,primary,1,1,5,development_combined,Raw FPLS,ok,ok,True,4,106,calibrate:107,calibrate,107,216.89999389648438,219.69903844266912,2.7990445461847457,156
development_repeated_nested_cv,primary_instrument1_full,primary,1,1,5,development_combined,Raw FPLS,ok,ok,True,4,109,calibrate:110,calibrate,110,231.10000610351562,234.80269816422518,3.702692060709552,156
development_repeated_nested_cv,primary_instrument1_full,primary,1,1,5,development_combined,Raw FPLS,ok,ok,True,4,113,calibrate:114,calibrate,114,172.89999389648438,176.39353495117302,3.4935410546886487,156
development_repeated_nested_cv,primary_instrument1_full,primary,1,1,5,development_combined,Raw FPLS,ok,ok,True,4,115,calibrate:116,calibrate,116,209.5,202.64961550506723,-6.850384494932769,156
development_repeated_nested_cv,primary_instrument1_full,primary,1,1,5,development_combined,Raw FPLS,ok,ok,True,4,123,calibrate:124,calibrate,124,175.5,176.90493143161925,1.4049314316192465,156
development_repeated_nested_cv,primary_instrument1_full,primary,1,1,5,development_combined,Raw FPLS,ok,ok,True,4,133,calibrate:134,calibrate,134,192.8000030517578,190.45221104420793,-2.3477920075498844,156
development_repeated_nested_cv,primary_instrument1_full,primary,1,1,5,development_combined,Raw FPLS,ok,ok,True,4,138,calibrate:139,calibrate,139,191.1999969482422,197.2471714712222,6.047174522980015,156
development_repeated_nested_cv,primary_instrument1_full,primary,1,1,5,development_combined,Raw FPLS,ok,ok,True,4,140,calibrate:141,calibrate,141,197.1999969482422,190.4772002836186,-6.722796664623587,156
development_repeated_nested_cv,primary_instrument1_full,primary,1,1,5,development_combined,Raw FPLS,ok,ok,True,4,143,calibrate:144,calibrate,144,194.60000610351562,188.0313480285747,-6.568658074940913,156
development_repeated_nested_cv,primary_instrument1_full,primary,1,1,5,development_combined,Raw FPLS,ok,ok,True,4,153,calibrate:154,calibrate,154,201.5,190.67988132474682,-10.820118675253184,156
development_repeated_nested_cv,primary_instrument1_full,primary,1,1,5,development_combined,Raw FPLS,ok,ok,True,4,157,validate:003,validate,3,191.89999389648438,196.28480247411716,4.384808577632782,156
development_repeated_nested_cv,primary_instrument1_full,primary,1,1,5,development_combined,Raw FPLS,ok,ok,True,4,162,validate:008,validate,8,194.89999389648438,193.63353996175408,-1.2664539347302934,156
development_repeated_nested_cv,primary_instrument1_full,primary,1,1,5,development_combined,Raw FPLS,ok,ok,True,4,164,validate:010,validate,10,193.8000030517578,191.57720429440158,-2.2227987573562302,156
development_repeated_nested_cv,primary_instrument1_full,primary,1,1,5,development_combined,Raw FPLS,ok,ok,True,4,172,validate:018,validate,18,195.39999389648438,193.51824635748636,-1.8817475389980132,156
development_repeated_nested_cv,primary_instrument1_full,primary,1,1,5,development_combined,Raw FPLS,ok,ok,True,4,182,validate:028,validate,28,195.0,200.30872513623967,5.308725136239673,156
development_repeated_nested_cv,primary_instrument1_full,primary,1,1,5,development_combined,Raw FPLS,ok,ok,True,4,186,validate:032,validate,32,197.5,198.87493172588404,1.3749317258840392,156
development_repeated_nested_cv,primary_instrument1_full,primary,1,1,5,development_combined,Raw FPLS,ok,ok,True,4,187,validate:033,validate,33,194.1999969482422,199.16244931930208,4.9624523710598964,156
development_repeated_nested_cv,primary_instrument1_full,primary,1,1,5,development_combined,Raw FPLS,ok,ok,True,4,193,validate:039,validate,39,196.60000610351562,197.21247435989386,0.6124682563782358,156
development_repeated_nested_cv,primary_instrument1_full,primary,1,1,5,development_combined,Arnoldi FPLS,ok,ok,True,4,4,calibrate:005,calibrate,5,199.3000030517578,195.00198454226467,-4.298018509493147,156
development_repeated_nested_cv,primary_instrument1_full,primary,1,1,5,development_combined,Arnoldi FPLS,ok,ok,True,4,7,calibrate:008,calibrate,8,207.6999969482422,204.76333380128858,-2.936663146953606,156
development_repeated_nested_cv,primary_instrument1_full,primary,1,1,5,development_combined,Arnoldi FPLS,ok,ok,True,4,12,calibrate:013,calibrate,13,176.3000030517578,177.9638619172987,1.663858865540874,156
development_repeated_nested_cv,primary_instrument1_full,primary,1,1,5,development_combined,Arnoldi FPLS,ok,ok,True,4,14,calibrate:015,calibrate,15,220.10000610351562,218.3632835730962,-1.7367225304194278,156
development_repeated_nested_cv,primary_instrument1_full,primary,1,1,5,development_combined,Arnoldi FPLS,ok,ok,True,4,17,calibrate:018,calibrate,18,221.89999389648438,220.76794182736307,-1.1320520691213005,156
development_repeated_nested_cv,primary_instrument1_full,primary,1,1,5,development_combined,Arnoldi FPLS,ok,ok,True,4,21,calibrate:022,calibrate,22,185.89999389648438,185.3016337603803,-0.5983601361040769,156
development_repeated_nested_cv,primary_instrument1_full,primary,1,1,5,development_combined,Arnoldi FPLS,ok,ok,True,4,25,calibrate:026,calibrate,26,214.3000030517578,217.01558974280226,2.71558669104445,156
development_repeated_nested_cv,primary_instrument1_full,primary,1,1,5,development_combined,Arnoldi FPLS,ok,ok,True,4,29,calibrate:030,calibrate,30,236.39999389648438,239.21119154489915,2.811197648414776,156
development_repeated_nested_cv,primary_instrument1_full,primary,1,1,5,development_combined,Arnoldi FPLS,ok,ok,True,4,31,calibrate:032,calibrate,32,158.8000030517578,160.3775796929113,1.5775766411534846,156
development_repeated_nested_cv,primary_instrument1_full,primary,1,1,5,development_combined,Arnoldi FPLS,ok,ok,True,4,45,calibrate:046,calibrate,46,186.8000030517578,182.81083938147688,-3.9891636702809308,156
development_repeated_nested_cv,primary_instrument1_full,primary,1,1,5,development_combined,Arnoldi FPLS,ok,ok,True,4,53,calibrate:054,calibrate,54,221.5,216.2266647390997,-5.273335260900296,156
development_repeated_nested_cv,primary_instrument1_full,primary,1,1,5,development_combined,Arnoldi FPLS,ok,ok,True,4,55,calibrate:056,calibrate,56,157.5,160.64142321408184,3.14142321408184,156
development_repeated_nested_cv,primary_instrument1_full,primary,1,1,5,development_combined,Arnoldi FPLS,ok,ok,True,4,60,calibrate:061,calibrate,61,176.89999389648438,176.19209151687673,-0.7079023796076456,156
development_repeated_nested_cv,primary_instrument1_full,primary,1,1,5,development_combined,Arnoldi FPLS,ok,ok,True,4,72,calibrate:073,calibrate,73,202.6999969482422,202.4660825698268,-0.23391437841539187,156
development_repeated_nested_cv,primary_instrument1_full,primary,1,1,5,development_combined,Arnoldi FPLS,ok,ok,True,4,74,calibrate:075,calibrate,75,181.3000030517578,185.54852202090507,4.248518969147256,156
development_repeated_nested_cv,primary_instrument1_full,primary,1,1,5,development_combined,Arnoldi FPLS,ok,ok,True,4,75,calibrate:076,calibrate,76,178.10000610351562,176.89985671009913,-1.2001493934164955,156
development_repeated_nested_cv,primary_instrument1_full,primary,1,1,5,development_combined,Arnoldi FPLS,ok,ok,True,4,83,calibrate:084,calibrate,84,205.39999389648438,201.37611705746315,-4.023876839021227,156
development_repeated_nested_cv,primary_instrument1_full,primary,1,1,5,development_combined,Arnoldi FPLS,ok,ok,True,4,85,calibrate:086,calibrate,86,184.1999969482422,183.636833563906,-0.5631633843361783,156
development_repeated_nested_cv,primary_instrument1_full,primary,1,1,5,development_combined,Arnoldi FPLS,ok,ok,True,4,94,calibrate:095,calibrate,95,172.0,172.1741933994499,0.17419339944990497,156
development_repeated_nested_cv,primary_instrument1_full,primary,1,1,5,development_combined,Arnoldi FPLS,ok,ok,True,4,102,calibrate:103,calibrate,103,151.60000610351562,162.28407998082818,10.684073877312557,156
development_repeated_nested_cv,primary_instrument1_full,primary,1,1,5,development_combined,Arnoldi FPLS,ok,ok,True,4,105,calibrate:106,calibrate,106,160.39999389648438,159.81850736894845,-0.5814865275359296,156
development_repeated_nested_cv,primary_instrument1_full,primary,1,1,5,development_combined,Arnoldi FPLS,ok,ok,True,4,106,calibrate:107,calibrate,107,216.89999389648438,219.69903812710848,2.799044230624105,156
development_repeated_nested_cv,primary_instrument1_full,primary,1,1,5,development_combined,Arnoldi FPLS,ok,ok,True,4,109,calibrate:110,calibrate,110,231.10000610351562,234.8026990309707,3.7026929274550753,156
development_repeated_nested_cv,primary_instrument1_full,primary,1,1,5,development_combined,Arnoldi FPLS,ok,ok,True,4,113,calibrate:114,calibrate,114,172.89999389648438,176.393535065876,3.4935411693916194,156
development_repeated_nested_cv,primary_instrument1_full,primary,1,1,5,development_combined,Arnoldi FPLS,ok,ok,True,4,115,calibrate:116,calibrate,116,209.5,202.64961597748163,-6.850384022518369,156
development_repeated_nested_cv,primary_instrument1_full,primary,1,1,5,development_combined,Arnoldi FPLS,ok,ok,True,4,123,calibrate:124,calibrate,124,175.5,176.90493111286736,1.4049311128673594,156
development_repeated_nested_cv,primary_instrument1_full,primary,1,1,5,development_combined,Arnoldi FPLS,ok,ok,True,4,133,calibrate:134,calibrate,134,192.8000030517578,190.45221119039044,-2.3477918613673694,156
development_repeated_nested_cv,primary_instrument1_full,primary,1,1,5,development_combined,Arnoldi FPLS,ok,ok,True,4,138,calibrate:139,calibrate,139,191.1999969482422,197.24717087337535,6.0471739251331655,156
development_repeated_nested_cv,primary_instrument1_full,primary,1,1,5,development_combined,Arnoldi FPLS,ok,ok,True,4,140,calibrate:141,calibrate,141,197.1999969482422,190.4772002003091,-6.722796747933074,156
development_repeated_nested_cv,primary_instrument1_full,primary,1,1,5,development_combined,Arnoldi FPLS,ok,ok,True,4,143,calibrate:144,calibrate,144,194.60000610351562,188.03134774509957,-6.568658358416059,156
development_repeated_nested_cv,primary_instrument1_full,primary,1,1,5,development_combined,Arnoldi FPLS,ok,ok,True,4,153,calibrate:154,calibrate,154,201.5,190.67988197261272,-10.82011802738728,156
development_repeated_nested_cv,primary_instrument1_full,primary,1,1,5,development_combined,Arnoldi FPLS,ok,ok,True,4,157,validate:003,validate,3,191.89999389648438,196.28480301292984,4.384809116445467,156
development_repeated_nested_cv,primary_instrument1_full,primary,1,1,5,development_combined,Arnoldi FPLS,ok,ok,True,4,162,validate:008,validate,8,194.89999389648438,193.63353951917267,-1.2664543773117032,156
development_repeated_nested_cv,primary_instrument1_full,primary,1,1,5,development_combined,Arnoldi FPLS,ok,ok,True,4,164,validate:010,validate,10,193.8000030517578,191.57720323091672,-2.2227998208410895,156
development_repeated_nested_cv,primary_instrument1_full,primary,1,1,5,development_combined,Arnoldi FPLS,ok,ok,True,4,172,validate:018,validate,18,195.39999389648438,193.51824625783144,-1.8817476386529393,156
development_repeated_nested_cv,primary_instrument1_full,primary,1,1,5,development_combined,Arnoldi FPLS,ok,ok,True,4,182,validate:028,validate,28,195.0,200.30872567367854,5.308725673678538,156
development_repeated_nested_cv,primary_instrument1_full,primary,1,1,5,development_combined,Arnoldi FPLS,ok,ok,True,4,186,validate:032,validate,32,197.5,198.87493272276885,1.3749327227688468,156
development_repeated_nested_cv,primary_instrument1_full,primary,1,1,5,development_combined,Arnoldi FPLS,ok,ok,True,4,187,validate:033,validate,33,194.1999969482422,199.1624495257572,4.962452577515023,156
development_repeated_nested_cv,primary_instrument1_full,primary,1,1,5,development_combined,Arnoldi FPLS,ok,ok,True,4,193,validate:039,validate,39,196.60000610351562,197.21247442539433,0.6124683218787084,156
development_repeated_nested_cv,primary_instrument1_full,primary,1,1,5,development_combined,FPCR,ok,ok,True,7,4,calibrate:005,calibrate,5,199.3000030517578,195.65054339520253,-3.6494596565552797,156
development_repeated_nested_cv,primary_instrument1_full,primary,1,1,5,development_combined,FPCR,ok,ok,True,7,7,calibrate:008,calibrate,8,207.6999969482422,203.5705020456772,-4.129494902565,156
development_repeated_nested_cv,primary_instrument1_full,primary,1,1,5,development_combined,FPCR,ok,ok,True,7,12,calibrate:013,calibrate,13,176.3000030517578,178.63156164466386,2.331558592906049,156
development_repeated_nested_cv,primary_instrument1_full,primary,1,1,5,development_combined,FPCR,ok,ok,True,7,14,calibrate:015,calibrate,15,220.10000610351562,218.07413679046522,-2.025869313050407,156
development_repeated_nested_cv,primary_instrument1_full,primary,1,1,5,development_combined,FPCR,ok,ok,True,7,17,calibrate:018,calibrate,18,221.89999389648438,219.56344134928375,-2.3365525472006254,156
development_repeated_nested_cv,primary_instrument1_full,primary,1,1,5,development_combined,FPCR,ok,ok,True,7,21,calibrate:022,calibrate,22,185.89999389648438,186.18698404289802,0.2869901464136433,156
development_repeated_nested_cv,primary_instrument1_full,primary,1,1,5,development_combined,FPCR,ok,ok,True,7,25,calibrate:026,calibrate,26,214.3000030517578,216.38957148112442,2.089568429366608,156
development_repeated_nested_cv,primary_instrument1_full,primary,1,1,5,development_combined,FPCR,ok,ok,True,7,29,calibrate:030,calibrate,30,236.39999389648438,237.4111276192493,1.0111337227649244,156
development_repeated_nested_cv,primary_instrument1_full,primary,1,1,5,development_combined,FPCR,ok,ok,True,7,31,calibrate:032,calibrate,32,158.8000030517578,161.3612080388052,2.5612049870473754,156
development_repeated_nested_cv,primary_instrument1_full,primary,1,1,5,development_combined,FPCR,ok,ok,True,7,45,calibrate:046,calibrate,46,186.8000030517578,182.32154612702186,-4.478456924735951,156
development_repeated_nested_cv,primary_instrument1_full,primary,1,1,5,development_combined,FPCR,ok,ok,True,7,53,calibrate:054,calibrate,54,221.5,216.60168039312572,-4.898319606874281,156
development_repeated_nested_cv,primary_instrument1_full,primary,1,1,5,development_combined,FPCR,ok,ok,True,7,55,calibrate:056,calibrate,56,157.5,161.1759914357668,3.6759914357668038,156
development_repeated_nested_cv,primary_instrument1_full,primary,1,1,5,development_combined,FPCR,ok,ok,True,7,60,calibrate:061,calibrate,61,176.89999389648438,177.83544851342097,0.935454616936596,156
development_repeated_nested_cv,primary_instrument1_full,primary,1,1,5,development_combined,FPCR,ok,ok,True,7,72,calibrate:073,calibrate,73,202.6999969482422,203.02846173879252,0.32846479055032773,156
development_repeated_nested_cv,primary_instrument1_full,primary,1,1,5,development_combined,FPCR,ok,ok,True,7,74,calibrate:075,calibrate,75,181.3000030517578,184.46439872192892,3.1643956701711033,156
development_repeated_nested_cv,primary_instrument1_full,primary,1,1,5,development_combined,FPCR,ok,ok,True,7,75,calibrate:076,calibrate,76,178.10000610351562,176.94121391218857,-1.158792191327052,156
development_repeated_nested_cv,primary_instrument1_full,primary,1,1,5,development_combined,FPCR,ok,ok,True,7,83,calibrate:084,calibrate,84,205.39999389648438,201.9727540464296,-3.427239850054775,156
development_repeated_nested_cv,primary_instrument1_full,primary,1,1,5,development_combined,FPCR,ok,ok,True,7,85,calibrate:086,calibrate,86,184.1999969482422,184.81042435232172,0.6104274040795303,156
development_repeated_nested_cv,primary_instrument1_full,primary,1,1,5,development_combined,FPCR,ok,ok,True,7,94,calibrate:095,calibrate,95,172.0,173.6313383367642,1.6313383367642018,156
development_repeated_nested_cv,primary_instrument1_full,primary,1,1,5,development_combined,FPCR,ok,ok,True,7,102,calibrate:103,calibrate,103,151.60000610351562,163.03026305123902,11.430256947723393,156
development_repeated_nested_cv,primary_instrument1_full,primary,1,1,5,development_combined,FPCR,ok,ok,True,7,105,calibrate:106,calibrate,106,160.39999389648438,159.43174042109146,-0.9682534753929133,156
development_repeated_nested_cv,primary_instrument1_full,primary,1,1,5,development_combined,FPCR,ok,ok,True,7,106,calibrate:107,calibrate,107,216.89999389648438,219.41919780198424,2.5192039054998645,156
development_repeated_nested_cv,primary_instrument1_full,primary,1,1,5,development_combined,FPCR,ok,ok,True,7,109,calibrate:110,calibrate,110,231.10000610351562,235.69694738821977,4.596941284704144,156
development_repeated_nested_cv,primary_instrument1_full,primary,1,1,5,development_combined,FPCR,ok,ok,True,7,113,calibrate:114,calibrate,114,172.89999389648438,177.37904561344826,4.47905171696388,156
development_repeated_nested_cv,primary_instrument1_full,primary,1,1,5,development_combined,FPCR,ok,ok,True,7,115,calibrate:116,calibrate,116,209.5,199.62844538660008,-9.871554613399923,156
development_repeated_nested_cv,primary_instrument1_full,primary,1,1,5,development_combined,FPCR,ok,ok,True,7,123,calibrate:124,calibrate,124,175.5,178.5556698982128,3.0556698982128125,156
development_repeated_nested_cv,primary_instrument1_full,primary,1,1,5,development_combined,FPCR,ok,ok,True,7,133,calibrate:134,calibrate,134,192.8000030517578,190.8496642531642,-1.9503387985936058,156
development_repeated_nested_cv,primary_instrument1_full,primary,1,1,5,development_combined,FPCR,ok,ok,True,7,138,calibrate:139,calibrate,139,191.1999969482422,197.09382402105032,5.893827072808136,156
development_repeated_nested_cv,primary_instrument1_full,primary,1,1,5,development_combined,FPCR,ok,ok,True,7,140,calibrate:141,calibrate,141,197.1999969482422,191.38046590270497,-5.819531045537218,156
development_repeated_nested_cv,primary_instrument1_full,primary,1,1,5,development_combined,FPCR,ok,ok,True,7,143,calibrate:144,calibrate,144,194.60000610351562,189.1837729948162,-5.41623310869943,156
development_repeated_nested_cv,primary_instrument1_full,primary,1,1,5,development_combined,FPCR,ok,ok,True,7,153,calibrate:154,calibrate,154,201.5,191.96105077974573,-9.538949220254267,156
development_repeated_nested_cv,primary_instrument1_full,primary,1,1,5,development_combined,FPCR,ok,ok,True,7,157,validate:003,validate,3,191.89999389648438,197.98891619487634,6.088922298391964,156
development_repeated_nested_cv,primary_instrument1_full,primary,1,1,5,development_combined,FPCR,ok,ok,True,7,162,validate:008,validate,8,194.89999389648438,193.80009177922867,-1.0999021172557093,156
development_repeated_nested_cv,primary_instrument1_full,primary,1,1,5,development_combined,FPCR,ok,ok,True,7,164,validate:010,validate,10,193.8000030517578,192.18691468477627,-1.6130883669815432,156
development_repeated_nested_cv,primary_instrument1_full,primary,1,1,5,development_combined,FPCR,ok,ok,True,7,172,validate:018,validate,18,195.39999389648438,192.7374777591252,-2.6625161373591766,156
development_repeated_nested_cv,primary_instrument1_full,primary,1,1,5,development_combined,FPCR,ok,ok,True,7,182,validate:028,validate,28,195.0,198.90143334940146,3.901433349401458,156
development_repeated_nested_cv,primary_instrument1_full,primary,1,1,5,development_combined,FPCR,ok,ok,True,7,186,validate:032,validate,32,197.5,198.24600593912618,0.746005939126178,156
development_repeated_nested_cv,primary_instrument1_full,primary,1,1,5,development_combined,FPCR,ok,ok,True,7,187,validate:033,validate,33,194.1999969482422,200.19491186187776,5.994914913635569,156
development_repeated_nested_cv,primary_instrument1_full,primary,1,1,5,development_combined,FPCR,ok,ok,True,7,193,validate:039,validate,39,196.60000610351562,198.31336711783095,1.7133610143153248,156
development_repeated_nested_cv,primary_instrument1_full,primary,1,2,1,development_combined,CG-FPLS-code,ok,ok,True,3,2,calibrate:003,calibrate,3,201.39999389648438,190.90524500336,-10.494748893124381,156
development_repeated_nested_cv,primary_instrument1_full,primary,1,2,1,development_combined,CG-FPLS-code,ok,ok,True,3,7,calibrate:008,calibrate,8,207.6999969482422,200.95307005783178,-6.746926890410407,156
development_repeated_nested_cv,primary_instrument1_full,primary,1,2,1,development_combined,CG-FPLS-code,ok,ok,True,3,11,calibrate:012,calibrate,12,162.0,163.05886876915284,1.0588687691528378,156
development_repeated_nested_cv,primary_instrument1_full,primary,1,2,1,development_combined,CG-FPLS-code,ok,ok,True,3,14,calibrate:015,calibrate,15,220.10000610351562,217.96457005196876,-2.1354360515468613,156
development_repeated_nested_cv,primary_instrument1_full,primary,1,2,1,development_combined,CG-FPLS-code,ok,ok,True,3,21,calibrate:022,calibrate,22,185.89999389648438,189.2278932490036,3.327899352519239,156
development_repeated_nested_cv,primary_instrument1_full,primary,1,2,1,development_combined,CG-FPLS-code,ok,ok,True,3,22,calibrate:023,calibrate,23,220.6999969482422,217.0045548459926,-3.6954421022495865,156
development_repeated_nested_cv,primary_instrument1_full,primary,1,2,1,development_combined,CG-FPLS-code,ok,ok,True,3,23,calibrate:024,calibrate,24,190.1999969482422,184.62106898251392,-5.578927965728269,156
development_repeated_nested_cv,primary_instrument1_full,primary,1,2,1,development_combined,CG-FPLS-code,ok,ok,True,3,26,calibrate:027,calibrate,27,209.1999969482422,200.71295241862774,-8.487044529614451,156
development_repeated_nested_cv,primary_instrument1_full,primary,1,2,1,development_combined,CG-FPLS-code,ok,ok,True,3,29,calibrate:030,calibrate,30,236.39999389648438,234.14545227280124,-2.2545416236831386,156
development_repeated_nested_cv,primary_instrument1_full,primary,1,2,1,development_combined,CG-FPLS-code,ok,ok,True,3,31,calibrate:032,calibrate,32,158.8000030517578,163.10673778478005,4.306734733022239,156
development_repeated_nested_cv,primary_instrument1_full,primary,1,2,1,development_combined,CG-FPLS-code,ok,ok,True,3,42,calibrate:043,calibrate,43,159.60000610351562,164.49066179726603,4.8906556937504035,156
development_repeated_nested_cv,primary_instrument1_full,primary,1,2,1,development_combined,CG-FPLS-code,ok,ok,True,3,44,calibrate:045,calibrate,45,181.10000610351562,183.86668865415876,2.7666825506431394,156
development_repeated_nested_cv,primary_instrument1_full,primary,1,2,1,development_combined,CG-FPLS-code,ok,ok,True,3,54,calibrate:055,calibrate,55,188.10000610351562,181.45312751366205,-6.646878589853571,156
development_repeated_nested_cv,primary_instrument1_full,primary,1,2,1,development_combined,CG-FPLS-code,ok,ok,True,3,55,calibrate:056,calibrate,56,157.5,167.38418201148536,9.884182011485365,156
development_repeated_nested_cv,primary_instrument1_full,primary,1,2,1,development_combined,CG-FPLS-code,ok,ok,True,3,60,calibrate:061,calibrate,61,176.89999389648438,176.18993077707083,-0.7100631194135474,156
development_repeated_nested_cv,primary_instrument1_full,primary,1,2,1,development_combined,CG-FPLS-code,ok,ok,True,3,85,calibrate:086,calibrate,86,184.1999969482422,185.22077156801683,1.0207746197746417,156
development_repeated_nested_cv,primary_instrument1_full,primary,1,2,1,development_combined,CG-FPLS-code,ok,ok,True,3,87,calibrate:088,calibrate,88,173.60000610351562,183.14328608026318,9.543279976747556,156
development_repeated_nested_cv,primary_instrument1_full,primary,1,2,1,development_combined,CG-FPLS-code,ok,ok,True,3,88,calibrate:089,calibrate,89,203.60000610351562,203.62524323008333,0.025237126567702717,156
development_repeated_nested_cv,primary_instrument1_full,primary,1,2,1,development_combined,CG-FPLS-code,ok,ok,True,3,90,calibrate:091,calibrate,91,216.5,213.99757192740216,-2.502428072597837,156
development_repeated_nested_cv,primary_instrument1_full,primary,1,2,1,development_combined,CG-FPLS-code,ok,ok,True,3,98,calibrate:099,calibrate,99,176.39999389648438,177.96361198994776,1.5636180934633899,156
development_repeated_nested_cv,primary_instrument1_full,primary,1,2,1,development_combined,CG-FPLS-code,ok,ok,True,3,107,calibrate:108,calibrate,108,231.10000610351562,228.4019053794569,-2.698100724058719,156
development_repeated_nested_cv,primary_instrument1_full,primary,1,2,1,development_combined,CG-FPLS-code,ok,ok,True,3,108,calibrate:109,calibrate,109,222.60000610351562,212.32180363776658,-10.278202465749047,156
development_repeated_nested_cv,primary_instrument1_full,primary,1,2,1,development_combined,CG-FPLS-code,ok,ok,True,3,113,calibrate:114,calibrate,114,172.89999389648438,175.80630248793324,2.9063085914488624,156
development_repeated_nested_cv,primary_instrument1_full,primary,1,2,1,development_combined,CG-FPLS-code,ok,ok,True,3,117,calibrate:118,calibrate,118,217.1999969482422,219.43088200138394,2.2308850531417477,156
development_repeated_nested_cv,primary_instrument1_full,primary,1,2,1,development_combined,CG-FPLS-code,ok,ok,True,3,120,calibrate:121,calibrate,121,155.10000610351562,161.8676220955027,6.767615991987071,156
development_repeated_nested_cv,primary_instrument1_full,primary,1,2,1,development_combined,CG-FPLS-code,ok,ok,True,3,125,calibrate:126,calibrate,126,181.0,166.94742081256783,-14.052579187432173,156
development_repeated_nested_cv,primary_instrument1_full,primary,1,2,1,development_combined,CG-FPLS-code,ok,ok,True,3,126,calibrate:127,calibrate,127,204.5,182.76282719034538,-21.737172809654624,156
development_repeated_nested_cv,primary_instrument1_full,primary,1,2,1,development_combined,CG-FPLS-code,ok,ok,True,3,139,calibrate:140,calibrate,140,193.3000030517578,200.1066797412203,6.806676689462478,156
development_repeated_nested_cv,primary_instrument1_full,primary,1,2,1,development_combined,CG-FPLS-code,ok,ok,True,3,140,calibrate:141,calibrate,141,197.1999969482422,190.2250571214268,-6.974939826815387,156
development_repeated_nested_cv,primary_instrument1_full,primary,1,2,1,development_combined,CG-FPLS-code,ok,ok,True,3,150,calibrate:151,calibrate,151,200.0,189.8786924495604,-10.12130755043961,156
development_repeated_nested_cv,primary_instrument1_full,primary,1,2,1,development_combined,CG-FPLS-code,ok,ok,True,3,154,calibrate:155,calibrate,155,195.3000030517578,185.07508843887197,-10.22491461288584,156
development_repeated_nested_cv,primary_instrument1_full,primary,1,2,1,development_combined,CG-FPLS-code,ok,ok,True,3,155,validate:001,validate,1,189.0,196.01334230819523,7.013342308195234,156
development_repeated_nested_cv,primary_instrument1_full,primary,1,2,1,development_combined,CG-FPLS-code,ok,ok,True,3,167,validate:013,validate,13,194.5,203.03622774874393,8.536227748743926,156
development_repeated_nested_cv,primary_instrument1_full,primary,1,2,1,development_combined,CG-FPLS-code,ok,ok,True,3,169,validate:015,validate,15,195.10000610351562,198.8396752503238,3.7396691468081826,156
development_repeated_nested_cv,primary_instrument1_full,primary,1,2,1,development_combined,CG-FPLS-code,ok,ok,True,3,174,validate:020,validate,20,196.3000030517578,195.9260381058652,-0.37396494589262375,156
development_repeated_nested_cv,primary_instrument1_full,primary,1,2,1,development_combined,CG-FPLS-code,ok,ok,True,3,176,validate:022,validate,22,194.0,193.17180251466158,-0.8281974853384213,156
development_repeated_nested_cv,primary_instrument1_full,primary,1,2,1,development_combined,CG-FPLS-code,ok,ok,True,3,180,validate:026,validate,26,193.39999389648438,200.84210032646564,7.442106429981266,156
development_repeated_nested_cv,primary_instrument1_full,primary,1,2,1,development_combined,CG-FPLS-code,ok,ok,True,3,183,validate:029,validate,29,199.5,194.02643523980018,-5.473564760199821,156
development_repeated_nested_cv,primary_instrument1_full,primary,1,2,1,development_combined,CG-FPLS-code,ok,ok,True,3,189,validate:035,validate,35,196.6999969482422,194.9871174547934,-1.7128794934487814,156
development_repeated_nested_cv,primary_instrument1_full,primary,1,2,1,development_combined,Raw FPLS,ok,ok,True,15,2,calibrate:003,calibrate,3,201.39999389648438,194.30763994184207,-7.092353954642306,156
development_repeated_nested_cv,primary_instrument1_full,primary,1,2,1,development_combined,Raw FPLS,ok,ok,True,15,7,calibrate:008,calibrate,8,207.6999969482422,204.2365727731282,-3.4634241751139996,156
development_repeated_nested_cv,primary_instrument1_full,primary,1,2,1,development_combined,Raw FPLS,ok,ok,True,15,11,calibrate:012,calibrate,12,162.0,159.80389379360284,-2.196106206397161,156
development_repeated_nested_cv,primary_instrument1_full,primary,1,2,1,development_combined,Raw FPLS,ok,ok,True,15,14,calibrate:015,calibrate,15,220.10000610351562,217.66189868139887,-2.438107422116758,156
development_repeated_nested_cv,primary_instrument1_full,primary,1,2,1,development_combined,Raw FPLS,ok,ok,True,15,21,calibrate:022,calibrate,22,185.89999389648438,184.98060138245842,-0.919392514025958,156
development_repeated_nested_cv,primary_instrument1_full,primary,1,2,1,development_combined,Raw FPLS,ok,ok,True,15,22,calibrate:023,calibrate,23,220.6999969482422,217.63852624869867,-3.06147069954352,156
development_repeated_nested_cv,primary_instrument1_full,primary,1,2,1,development_combined,Raw FPLS,ok,ok,True,15,23,calibrate:024,calibrate,24,190.1999969482422,186.3762637398506,-3.8237332083915874,156
development_repeated_nested_cv,primary_instrument1_full,primary,1,2,1,development_combined,Raw FPLS,ok,ok,True,15,26,calibrate:027,calibrate,27,209.1999969482422,203.64304725531898,-5.556949692923212,156
development_repeated_nested_cv,primary_instrument1_full,primary,1,2,1,development_combined,Raw FPLS,ok,ok,True,15,29,calibrate:030,calibrate,30,236.39999389648438,239.90940423479896,3.5094103383145807,156
development_repeated_nested_cv,primary_instrument1_full,primary,1,2,1,development_combined,Raw FPLS,ok,ok,True,15,31,calibrate:032,calibrate,32,158.8000030517578,159.2341733948877,0.43417034312989244,156
development_repeated_nested_cv,primary_instrument1_full,primary,1,2,1,development_combined,Raw FPLS,ok,ok,True,15,42,calibrate:043,calibrate,43,159.60000610351562,161.80180713079676,2.2018010272811352,156
development_repeated_nested_cv,primary_instrument1_full,primary,1,2,1,development_combined,Raw FPLS,ok,ok,True,15,44,calibrate:045,calibrate,45,181.10000610351562,186.47819455107515,5.378188447559523,156
development_repeated_nested_cv,primary_instrument1_full,primary,1,2,1,development_combined,Raw FPLS,ok,ok,True,15,54,calibrate:055,calibrate,55,188.10000610351562,185.10825238518507,-2.991753718330557,156
development_repeated_nested_cv,primary_instrument1_full,primary,1,2,1,development_combined,Raw FPLS,ok,ok,True,15,55,calibrate:056,calibrate,56,157.5,160.08891946664232,2.5889194666423236,156
development_repeated_nested_cv,primary_instrument1_full,primary,1,2,1,development_combined,Raw FPLS,ok,ok,True,15,60,calibrate:061,calibrate,61,176.89999389648438,176.7229589763271,-0.17703492015726852,156
development_repeated_nested_cv,primary_instrument1_full,primary,1,2,1,development_combined,Raw FPLS,ok,ok,True,15,85,calibrate:086,calibrate,86,184.1999969482422,184.4223120432499,0.2223150950077013,156
development_repeated_nested_cv,primary_instrument1_full,primary,1,2,1,development_combined,Raw FPLS,ok,ok,True,15,87,calibrate:088,calibrate,88,173.60000610351562,174.00921585070753,0.40920974719190895,156
development_repeated_nested_cv,primary_instrument1_full,primary,1,2,1,development_combined,Raw FPLS,ok,ok,True,15,88,calibrate:089,calibrate,89,203.60000610351562,200.8847865369696,-2.7152195665460113,156
development_repeated_nested_cv,primary_instrument1_full,primary,1,2,1,development_combined,Raw FPLS,ok,ok,True,15,90,calibrate:091,calibrate,91,216.5,217.85873356789335,1.3587335678933528,156
development_repeated_nested_cv,primary_instrument1_full,primary,1,2,1,development_combined,Raw FPLS,ok,ok,True,15,98,calibrate:099,calibrate,99,176.39999389648438,176.27484286191577,-0.12515103456860288,156
development_repeated_nested_cv,primary_instrument1_full,primary,1,2,1,development_combined,Raw FPLS,ok,ok,True,15,107,calibrate:108,calibrate,108,231.10000610351562,237.00403357990433,5.9040274763887055,156
development_repeated_nested_cv,primary_instrument1_full,primary,1,2,1,development_combined,Raw FPLS,ok,ok,True,15,108,calibrate:109,calibrate,109,222.60000610351562,220.94733045378885,-1.652675649726774,156
development_repeated_nested_cv,primary_instrument1_full,primary,1,2,1,development_combined,Raw FPLS,ok,ok,True,15,113,calibrate:114,calibrate,114,172.89999389648438,176.42578533046344,3.525791433979066,156
development_repeated_nested_cv,primary_instrument1_full,primary,1,2,1,development_combined,Raw FPLS,ok,ok,True,15,117,calibrate:118,calibrate,118,217.1999969482422,219.03159880696575,1.831601858723559,156
development_repeated_nested_cv,primary_instrument1_full,primary,1,2,1,development_combined,Raw FPLS,ok,ok,True,15,120,calibrate:121,calibrate,121,155.10000610351562,160.64576237992935,5.5457562764137265,156
development_repeated_nested_cv,primary_instrument1_full,primary,1,2,1,development_combined,Raw FPLS,ok,ok,True,15,125,calibrate:126,calibrate,126,181.0,159.10021727565592,-21.899782724344078,156
development_repeated_nested_cv,primary_instrument1_full,primary,1,2,1,development_combined,Raw FPLS,ok,ok,True,15,126,calibrate:127,calibrate,127,204.5,184.86380983609868,-19.63619016390132,156
development_repeated_nested_cv,primary_instrument1_full,primary,1,2,1,development_combined,Raw FPLS,ok,ok,True,15,139,calibrate:140,calibrate,140,193.3000030517578,197.40765666234068,4.107653610582872,156
development_repeated_nested_cv,primary_instrument1_full,primary,1,2,1,development_combined,Raw FPLS,ok,ok,True,15,140,calibrate:141,calibrate,141,197.1999969482422,190.8932370849111,-6.306759863331081,156
development_repeated_nested_cv,primary_instrument1_full,primary,1,2,1,development_combined,Raw FPLS,ok,ok,True,15,150,calibrate:151,calibrate,151,200.0,195.6798042992239,-4.320195700776111,156
development_repeated_nested_cv,primary_instrument1_full,primary,1,2,1,development_combined,Raw FPLS,ok,ok,True,15,154,calibrate:155,calibrate,155,195.3000030517578,191.76159334821554,-3.5384097035422712,156
development_repeated_nested_cv,primary_instrument1_full,primary,1,2,1,development_combined,Raw FPLS,ok,ok,True,15,155,validate:001,validate,1,189.0,191.94926311082764,2.949263110827644,156
development_repeated_nested_cv,primary_instrument1_full,primary,1,2,1,development_combined,Raw FPLS,ok,ok,True,15,167,validate:013,validate,13,194.5,194.96921161534897,0.4692116153489678,156
development_repeated_nested_cv,primary_instrument1_full,primary,1,2,1,development_combined,Raw FPLS,ok,ok,True,15,169,validate:015,validate,15,195.10000610351562,190.3375323141816,-4.762473789334024,156
development_repeated_nested_cv,primary_instrument1_full,primary,1,2,1,development_combined,Raw FPLS,ok,ok,True,15,174,validate:020,validate,20,196.3000030517578,192.10771500977262,-4.192288041985194,156
development_repeated_nested_cv,primary_instrument1_full,primary,1,2,1,development_combined,Raw FPLS,ok,ok,True,15,176,validate:022,validate,22,194.0,198.7323880267747,4.732388026774686,156
development_repeated_nested_cv,primary_instrument1_full,primary,1,2,1,development_combined,Raw FPLS,ok,ok,True,15,180,validate:026,validate,26,193.39999389648438,198.41468559763814,5.014691701153765,156
development_repeated_nested_cv,primary_instrument1_full,primary,1,2,1,development_combined,Raw FPLS,ok,ok,True,15,183,validate:029,validate,29,199.5,199.03857749993273,-0.4614225000672718,156
development_repeated_nested_cv,primary_instrument1_full,primary,1,2,1,development_combined,Raw FPLS,ok,ok,True,15,189,validate:035,validate,35,196.6999969482422,198.41286969751772,1.7128727492755331,156
development_repeated_nested_cv,primary_instrument1_full,primary,1,2,1,development_combined,Arnoldi FPLS,ok,ok,True,6,2,calibrate:003,calibrate,3,201.39999389648438,193.33263008619957,-8.067363810284803,156
development_repeated_nested_cv,primary_instrument1_full,primary,1,2,1,development_combined,Arnoldi FPLS,ok,ok,True,6,7,calibrate:008,calibrate,8,207.6999969482422,203.8307537973979,-3.8692431508442837,156
development_repeated_nested_cv,primary_instrument1_full,primary,1,2,1,development_combined,Arnoldi FPLS,ok,ok,True,6,11,calibrate:012,calibrate,12,162.0,159.35195533497176,-2.6480446650282374,156
development_repeated_nested_cv,primary_instrument1_full,primary,1,2,1,development_combined,Arnoldi FPLS,ok,ok,True,6,14,calibrate:015,calibrate,15,220.10000610351562,218.1332380689619,-1.9667680345537235,156
development_repeated_nested_cv,primary_instrument1_full,primary,1,2,1,development_combined,Arnoldi FPLS,ok,ok,True,6,21,calibrate:022,calibrate,22,185.89999389648438,183.2413565485291,-2.6586373479552776,156
development_repeated_nested_cv,primary_instrument1_full,primary,1,2,1,development_combined,Arnoldi FPLS,ok,ok,True,6,22,calibrate:023,calibrate,23,220.6999969482422,218.73411426473,-1.9658826835121772,156
development_repeated_nested_cv,primary_instrument1_full,primary,1,2,1,development_combined,Arnoldi FPLS,ok,ok,True,6,23,calibrate:024,calibrate,24,190.1999969482422,187.8581240362712,-2.341872911970995,156
development_repeated_nested_cv,primary_instrument1_full,primary,1,2,1,development_combined,Arnoldi FPLS,ok,ok,True,6,26,calibrate:027,calibrate,27,209.1999969482422,203.501019386434,-5.698977561808192,156
development_repeated_nested_cv,primary_instrument1_full,primary,1,2,1,development_combined,Arnoldi FPLS,ok,ok,True,6,29,calibrate:030,calibrate,30,236.39999389648438,239.20784612411768,2.8078522276333047,156
development_repeated_nested_cv,primary_instrument1_full,primary,1,2,1,development_combined,Arnoldi FPLS,ok,ok,True,6,31,calibrate:032,calibrate,32,158.8000030517578,158.42710177355332,-0.3729012782044947,156
development_repeated_nested_cv,primary_instrument1_full,primary,1,2,1,development_combined,Arnoldi FPLS,ok,ok,True,6,42,calibrate:043,calibrate,43,159.60000610351562,162.5392660880877,2.939259984572061,156
development_repeated_nested_cv,primary_instrument1_full,primary,1,2,1,development_combined,Arnoldi FPLS,ok,ok,True,6,44,calibrate:045,calibrate,45,181.10000610351562,186.14023982312557,5.040233719609944,156
development_repeated_nested_cv,primary_instrument1_full,primary,1,2,1,development_combined,Arnoldi FPLS,ok,ok,True,6,54,calibrate:055,calibrate,55,188.10000610351562,184.86489114301463,-3.2351149605009937,156
development_repeated_nested_cv,primary_instrument1_full,primary,1,2,1,development_combined,Arnoldi FPLS,ok,ok,True,6,55,calibrate:056,calibrate,56,157.5,159.2033405577762,1.7033405577761869,156
development_repeated_nested_cv,primary_instrument1_full,primary,1,2,1,development_combined,Arnoldi FPLS,ok,ok,True,6,60,calibrate:061,calibrate,61,176.89999389648438,176.13416691897606,-0.7658269775083113,156
development_repeated_nested_cv,primary_instrument1_full,primary,1,2,1,development_combined,Arnoldi FPLS,ok,ok,True,6,85,calibrate:086,calibrate,86,184.1999969482422,185.84207628308437,1.6420793348421796,156
development_repeated_nested_cv,primary_instrument1_full,primary,1,2,1,development_combined,Arnoldi FPLS,ok,ok,True,6,87,calibrate:088,calibrate,88,173.60000610351562,173.24516564386397,-0.3548404596516548,156
development_repeated_nested_cv,primary_instrument1_full,primary,1,2,1,development_combined,Arnoldi FPLS,ok,ok,True,6,88,calibrate:089,calibrate,89,203.60000610351562,204.41626264956568,0.8162565460500559,156
development_repeated_nested_cv,primary_instrument1_full,primary,1,2,1,development_combined,Arnoldi FPLS,ok,ok,True,6,90,calibrate:091,calibrate,91,216.5,219.12640463477462,2.626404634774616,156
development_repeated_nested_cv,primary_instrument1_full,primary,1,2,1,development_combined,Arnoldi FPLS,ok,ok,True,6,98,calibrate:099,calibrate,99,176.39999389648438,175.69809577347837,-0.7018981230060035,156
development_repeated_nested_cv,primary_instrument1_full,primary,1,2,1,development_combined,Arnoldi FPLS,ok,ok,True,6,107,calibrate:108,calibrate,108,231.10000610351562,238.50760398501404,7.407597881498418,156
development_repeated_nested_cv,primary_instrument1_full,primary,1,2,1,development_combined,Arnoldi FPLS,ok,ok,True,6,108,calibrate:109,calibrate,109,222.60000610351562,222.50238278549716,-0.09762331801846358,156
development_repeated_nested_cv,primary_instrument1_full,primary,1,2,1,development_combined,Arnoldi FPLS,ok,ok,True,6,113,calibrate:114,calibrate,114,172.89999389648438,175.76493649422127,2.864942597736899,156
development_repeated_nested_cv,primary_instrument1_full,primary,1,2,1,development_combined,Arnoldi FPLS,ok,ok,True,6,117,calibrate:118,calibrate,118,217.1999969482422,217.57994876666726,0.3799518184250701,156
development_repeated_nested_cv,primary_instrument1_full,primary,1,2,1,development_combined,Arnoldi FPLS,ok,ok,True,6,120,calibrate:121,calibrate,121,155.10000610351562,159.66807366020495,4.5680675566893285,156
development_repeated_nested_cv,primary_instrument1_full,primary,1,2,1,development_combined,Arnoldi FPLS,ok,ok,True,6,125,calibrate:126,calibrate,126,181.0,157.09931488690424,-23.90068511309576,156
development_repeated_nested_cv,primary_instrument1_full,primary,1,2,1,development_combined,Arnoldi FPLS,ok,ok,True,6,126,calibrate:127,calibrate,127,204.5,182.9443138238379,-21.555686176162112,156
development_repeated_nested_cv,primary_instrument1_full,primary,1,2,1,development_combined,Arnoldi FPLS,ok,ok,True,6,139,calibrate:140,calibrate,140,193.3000030517578,198.29662150687136,4.996618455113548,156
development_repeated_nested_cv,primary_instrument1_full,primary,1,2,1,development_combined,Arnoldi FPLS,ok,ok,True,6,140,calibrate:141,calibrate,141,197.1999969482422,190.4855201745901,-6.7144767736520805,156
development_repeated_nested_cv,primary_instrument1_full,primary,1,2,1,development_combined,Arnoldi FPLS,ok,ok,True,6,150,calibrate:151,calibrate,151,200.0,196.006201921683,-3.9937980783170133,156
development_repeated_nested_cv,primary_instrument1_full,primary,1,2,1,development_combined,Arnoldi FPLS,ok,ok,True,6,154,calibrate:155,calibrate,155,195.3000030517578,195.68373395473935,0.3837309029815401,156
development_repeated_nested_cv,primary_instrument1_full,primary,1,2,1,development_combined,Arnoldi FPLS,ok,ok,True,6,155,validate:001,validate,1,189.0,192.90764430745685,3.9076443074568488,156
development_repeated_nested_cv,primary_instrument1_full,primary,1,2,1,development_combined,Arnoldi FPLS,ok,ok,True,6,167,validate:013,validate,13,194.5,194.61092010747058,0.11092010747057657,156
development_repeated_nested_cv,primary_instrument1_full,primary,1,2,1,development_combined,Arnoldi FPLS,ok,ok,True,6,169,validate:015,validate,15,195.10000610351562,190.32692536599544,-4.773080737520189,156
development_repeated_nested_cv,primary_instrument1_full,primary,1,2,1,development_combined,Arnoldi FPLS,ok,ok,True,6,174,validate:020,validate,20,196.3000030517578,195.07130172581336,-1.2287013259444564,156
development_repeated_nested_cv,primary_instrument1_full,primary,1,2,1,development_combined,Arnoldi FPLS,ok,ok,True,6,176,validate:022,validate,22,194.0,198.8479299426903,4.847929942690314,156
development_repeated_nested_cv,primary_instrument1_full,primary,1,2,1,development_combined,Arnoldi FPLS,ok,ok,True,6,180,validate:026,validate,26,193.39999389648438,197.2090744504142,3.8090805539298174,156
development_repeated_nested_cv,primary_instrument1_full,primary,1,2,1,development_combined,Arnoldi FPLS,ok,ok,True,6,183,validate:029,validate,29,199.5,197.03274508451636,-2.467254915483636,156
development_repeated_nested_cv,primary_instrument1_full,primary,1,2,1,development_combined,Arnoldi FPLS,ok,ok,True,6,189,validate:035,validate,35,196.6999969482422,197.87827341325425,1.1782764650120612,156
development_repeated_nested_cv,primary_instrument1_full,primary,1,2,1,development_combined,FPCR,ok,ok,True,39,2,calibrate:003,calibrate,3,201.39999389648438,193.09957284488655,-8.300421051597823,156
development_repeated_nested_cv,primary_instrument1_full,primary,1,2,1,development_combined,FPCR,ok,ok,True,39,7,calibrate:008,calibrate,8,207.6999969482422,202.88319957368728,-4.816797374554909,156
development_repeated_nested_cv,primary_instrument1_full,primary,1,2,1,development_combined,FPCR,ok,ok,True,39,11,calibrate:012,calibrate,12,162.0,158.85530644936892,-3.144693550631075,156
development_repeated_nested_cv,primary_instrument1_full,primary,1,2,1,development_combined,FPCR,ok,ok,True,39,14,calibrate:015,calibrate,15,220.10000610351562,217.03666067182542,-3.063345431690209,156
development_repeated_nested_cv,primary_instrument1_full,primary,1,2,1,development_combined,FPCR,ok,ok,True,39,21,calibrate:022,calibrate,22,185.89999389648438,182.7177929061043,-3.1822009903800677,156
development_repeated_nested_cv,primary_instrument1_full,primary,1,2,1,development_combined,FPCR,ok,ok,True,39,22,calibrate:023,calibrate,23,220.6999969482422,220.69097030513015,-0.009026643112036936,156
development_repeated_nested_cv,primary_instrument1_full,primary,1,2,1,development_combined,FPCR,ok,ok,True,39,23,calibrate:024,calibrate,24,190.1999969482422,189.47788419226916,-0.7221127559730292,156
development_repeated_nested_cv,primary_instrument1_full,primary,1,2,1,development_combined,FPCR,ok,ok,True,39,26,calibrate:027,calibrate,27,209.1999969482422,203.37064509654365,-5.829351851698533,156
development_repeated_nested_cv,primary_instrument1_full,primary,1,2,1,development_combined,FPCR,ok,ok,True,39,29,calibrate:030,calibrate,30,236.39999389648438,238.72429177060826,2.3242978741238858,156
development_repeated_nested_cv,primary_instrument1_full,primary,1,2,1,development_combined,FPCR,ok,ok,True,39,31,calibrate:032,calibrate,32,158.8000030517578,157.35321470128753,-1.4467883504702854,156
development_repeated_nested_cv,primary_instrument1_full,primary,1,2,1,development_combined,FPCR,ok,ok,True,39,42,calibrate:043,calibrate,43,159.60000610351562,161.6083258653472,2.0083197618315864,156
development_repeated_nested_cv,primary_instrument1_full,primary,1,2,1,development_combined,FPCR,ok,ok,True,39,44,calibrate:045,calibrate,45,181.10000610351562,186.6954286053738,5.595422501858167,156
development_repeated_nested_cv,primary_instrument1_full,primary,1,2,1,development_combined,FPCR,ok,ok,True,39,54,calibrate:055,calibrate,55,188.10000610351562,182.45050138246563,-5.649504721049993,156
development_repeated_nested_cv,primary_instrument1_full,primary,1,2,1,development_combined,FPCR,ok,ok,True,39,55,calibrate:056,calibrate,56,157.5,158.4390304543761,0.939030454376109,156
development_repeated_nested_cv,primary_instrument1_full,primary,1,2,1,development_combined,FPCR,ok,ok,True,39,60,calibrate:061,calibrate,61,176.89999389648438,177.08670481224704,0.18671091576266008,156
development_repeated_nested_cv,primary_instrument1_full,primary,1,2,1,development_combined,FPCR,ok,ok,True,39,85,calibrate:086,calibrate,86,184.1999969482422,185.59693660285623,1.3969396546140445,156
development_repeated_nested_cv,primary_instrument1_full,primary,1,2,1,development_combined,FPCR,ok,ok,True,39,87,calibrate:088,calibrate,88,173.60000610351562,173.2749746014586,-0.3250315020570156,156
development_repeated_nested_cv,primary_instrument1_full,primary,1,2,1,development_combined,FPCR,ok,ok,True,39,88,calibrate:089,calibrate,89,203.60000610351562,204.5766814450886,0.9766753415729852,156
development_repeated_nested_cv,primary_instrument1_full,primary,1,2,1,development_combined,FPCR,ok,ok,True,39,90,calibrate:091,calibrate,91,216.5,218.3709879872317,1.8709879872317003,156
development_repeated_nested_cv,primary_instrument1_full,primary,1,2,1,development_combined,FPCR,ok,ok,True,39,98,calibrate:099,calibrate,99,176.39999389648438,175.59229966282587,-0.8076942336585091,156
development_repeated_nested_cv,primary_instrument1_full,primary,1,2,1,development_combined,FPCR,ok,ok,True,39,107,calibrate:108,calibrate,108,231.10000610351562,239.47777643509028,8.377770331574652,156
development_repeated_nested_cv,primary_instrument1_full,primary,1,2,1,development_combined,FPCR,ok,ok,True,39,108,calibrate:109,calibrate,109,222.60000610351562,224.08674807185648,1.4867419683408514,156
development_repeated_nested_cv,primary_instrument1_full,primary,1,2,1,development_combined,FPCR,ok,ok,True,39,113,calibrate:114,calibrate,114,172.89999389648438,175.66643667310717,2.766442776622796,156
development_repeated_nested_cv,primary_instrument1_full,primary,1,2,1,development_combined,FPCR,ok,ok,True,39,117,calibrate:118,calibrate,118,217.1999969482422,216.69097730984967,-0.5090196383925161,156
development_repeated_nested_cv,primary_instrument1_full,primary,1,2,1,development_combined,FPCR,ok,ok,True,39,120,calibrate:121,calibrate,121,155.10000610351562,160.82805077401764,5.728044670502015,156
development_repeated_nested_cv,primary_instrument1_full,primary,1,2,1,development_combined,FPCR,ok,ok,True,39,125,calibrate:126,calibrate,126,181.0,151.98327976479075,-29.01672023520925,156
development_repeated_nested_cv,primary_instrument1_full,primary,1,2,1,development_combined,FPCR,ok,ok,True,39,126,calibrate:127,calibrate,127,204.5,179.43687412711097,-25.06312587288903,156
development_repeated_nested_cv,primary_instrument1_full,primary,1,2,1,development_combined,FPCR,ok,ok,True,39,139,calibrate:140,calibrate,140,193.3000030517578,198.74085475765685,5.4408517058990356,156
development_repeated_nested_cv,primary_instrument1_full,primary,1,2,1,development_combined,FPCR,ok,ok,True,39,140,calibrate:141,calibrate,141,197.1999969482422,189.89115112224988,-7.308845825992307,156
development_repeated_nested_cv,primary_instrument1_full,primary,1,2,1,development_combined,FPCR,ok,ok,True,39,150,calibrate:151,calibrate,151,200.0,196.44779074153763,-3.5522092584623692,156
development_repeated_nested_cv,primary_instrument1_full,primary,1,2,1,development_combined,FPCR,ok,ok,True,39,154,calibrate:155,calibrate,155,195.3000030517578,195.23055420599,-0.06944884576782329,156
development_repeated_nested_cv,primary_instrument1_full,primary,1,2,1,development_combined,FPCR,ok,ok,True,39,155,validate:001,validate,1,189.0,192.54568235818263,3.5456823581826313,156
development_repeated_nested_cv,primary_instrument1_full,primary,1,2,1,development_combined,FPCR,ok,ok,True,39,167,validate:013,validate,13,194.5,195.12640583443945,0.6264058344394527,156
development_repeated_nested_cv,primary_instrument1_full,primary,1,2,1,development_combined,FPCR,ok,ok,True,39,169,validate:015,validate,15,195.10000610351562,191.6599824446908,-3.4400236588248276,156
development_repeated_nested_cv,primary_instrument1_full,primary,1,2,1,development_combined,FPCR,ok,ok,True,39,174,validate:020,validate,20,196.3000030517578,196.42642836623818,0.12642531448037175,156
development_repeated_nested_cv,primary_instrument1_full,primary,1,2,1,development_combined,FPCR,ok,ok,True,39,176,validate:022,validate,22,194.0,196.2257707840419,2.225770784041913,156
development_repeated_nested_cv,primary_instrument1_full,primary,1,2,1,development_combined,FPCR,ok,ok,True,39,180,validate:026,validate,26,193.39999389648438,196.28882208974656,2.888828193262185,156
development_repeated_nested_cv,primary_instrument1_full,primary,1,2,1,development_combined,FPCR,ok,ok,True,39,183,validate:029,validate,29,199.5,198.36183255243836,-1.1381674475616421,156
development_repeated_nested_cv,primary_instrument1_full,primary,1,2,1,development_combined,FPCR,ok,ok,True,39,189,validate:035,validate,35,196.6999969482422,193.1160468528542,-3.5839500953879906,156
development_repeated_nested_cv,primary_instrument1_full,primary,1,2,2,development_combined,CG-FPLS-code,ok,ok,True,3,8,calibrate:009,calibrate,9,184.89999389648438,189.56242058541895,4.662426688934573,156
development_repeated_nested_cv,primary_instrument1_full,primary,1,2,2,development_combined,CG-FPLS-code,ok,ok,True,3,12,calibrate:013,calibrate,13,176.3000030517578,180.37074000554804,4.070736953790231,156
development_repeated_nested_cv,primary_instrument1_full,primary,1,2,2,development_combined,CG-FPLS-code,ok,ok,True,3,19,calibrate:020,calibrate,20,159.3000030517578,159.55112745975245,0.251124407994638,156
development_repeated_nested_cv,primary_instrument1_full,primary,1,2,2,development_combined,CG-FPLS-code,ok,ok,True,3,28,calibrate:029,calibrate,29,222.5,216.09270447780057,-6.407295522199433,156
development_repeated_nested_cv,primary_instrument1_full,primary,1,2,2,development_combined,CG-FPLS-code,ok,ok,True,3,35,calibrate:036,calibrate,36,177.0,171.93248598235527,-5.067514017644726,156
development_repeated_nested_cv,primary_instrument1_full,primary,1,2,2,development_combined,CG-FPLS-code,ok,ok,True,3,45,calibrate:046,calibrate,46,186.8000030517578,183.677020348353,-3.1229827034048014,156
development_repeated_nested_cv,primary_instrument1_full,primary,1,2,2,development_combined,CG-FPLS-code,ok,ok,True,3,47,calibrate:048,calibrate,48,156.8000030517578,162.11117184340472,5.311168791646907,156
development_repeated_nested_cv,primary_instrument1_full,primary,1,2,2,development_combined,CG-FPLS-code,ok,ok,True,3,49,calibrate:050,calibrate,50,220.5,221.6773164637497,1.1773164637496905,156
development_repeated_nested_cv,primary_instrument1_full,primary,1,2,2,development_combined,CG-FPLS-code,ok,ok,True,3,58,calibrate:059,calibrate,59,155.1999969482422,157.8081018045036,2.6081048562614058,156
development_repeated_nested_cv,primary_instrument1_full,primary,1,2,2,development_combined,CG-FPLS-code,ok,ok,True,3,67,calibrate:068,calibrate,68,179.89999389648438,185.78937188558393,5.8893779890995575,156
development_repeated_nested_cv,primary_instrument1_full,primary,1,2,2,development_combined,CG-FPLS-code,ok,ok,True,3,72,calibrate:073,calibrate,73,202.6999969482422,200.37912080521198,-2.3208761430302047,156
development_repeated_nested_cv,primary_instrument1_full,primary,1,2,2,development_combined,CG-FPLS-code,ok,ok,True,3,74,calibrate:075,calibrate,75,181.3000030517578,190.23523689611417,8.935233844356361,156
development_repeated_nested_cv,primary_instrument1_full,primary,1,2,2,development_combined,CG-FPLS-code,ok,ok,True,3,78,calibrate:079,calibrate,79,215.1999969482422,220.74389602551838,5.543899077276194,156
development_repeated_nested_cv,primary_instrument1_full,primary,1,2,2,development_combined,CG-FPLS-code,ok,ok,True,3,82,calibrate:083,calibrate,83,172.39999389648438,178.0244485304803,5.624454633995924,156
development_repeated_nested_cv,primary_instrument1_full,primary,1,2,2,development_combined,CG-FPLS-code,ok,ok,True,3,91,calibrate:092,calibrate,92,175.5,181.29898114677138,5.798981146771382,156
development_repeated_nested_cv,primary_instrument1_full,primary,1,2,2,development_combined,CG-FPLS-code,ok,ok,True,3,94,calibrate:095,calibrate,95,172.0,173.32578004392673,1.325780043926727,156
development_repeated_nested_cv,primary_instrument1_full,primary,1,2,2,development_combined,CG-FPLS-code,ok,ok,True,3,96,calibrate:097,calibrate,97,204.0,205.74682513707978,1.7468251370797816,156
development_repeated_nested_cv,primary_instrument1_full,primary,1,2,2,development_combined,CG-FPLS-code,ok,ok,True,3,103,calibrate:104,calibrate,104,184.5,184.3520179116662,-0.147982088333805,156
development_repeated_nested_cv,primary_instrument1_full,primary,1,2,2,development_combined,CG-FPLS-code,ok,ok,True,3,105,calibrate:106,calibrate,106,160.39999389648438,159.57490684164296,-0.8250870548414184,156
development_repeated_nested_cv,primary_instrument1_full,primary,1,2,2,development_combined,CG-FPLS-code,ok,ok,True,3,106,calibrate:107,calibrate,107,216.89999389648438,221.666063950058,4.766070053573628,156
development_repeated_nested_cv,primary_instrument1_full,primary,1,2,2,development_combined,CG-FPLS-code,ok,ok,True,3,112,calibrate:113,calibrate,113,219.39999389648438,215.1847088049908,-4.21528509149357,156
development_repeated_nested_cv,primary_instrument1_full,primary,1,2,2,development_combined,CG-FPLS-code,ok,ok,True,3,115,calibrate:116,calibrate,116,209.5,198.82698044366916,-10.673019556330843,156
development_repeated_nested_cv,primary_instrument1_full,primary,1,2,2,development_combined,CG-FPLS-code,ok,ok,True,3,118,calibrate:119,calibrate,119,232.89999389648438,233.05121973103243,0.1512258345480575,156
development_repeated_nested_cv,primary_instrument1_full,primary,1,2,2,development_combined,CG-FPLS-code,ok,ok,True,3,128,calibrate:129,calibrate,129,231.10000610351562,220.0897885278445,-11.010217575671135,156
development_repeated_nested_cv,primary_instrument1_full,primary,1,2,2,development_combined,CG-FPLS-code,ok,ok,True,3,131,calibrate:132,calibrate,132,206.3000030517578,203.4547515263496,-2.8452515254082016,156
development_repeated_nested_cv,primary_instrument1_full,primary,1,2,2,development_combined,CG-FPLS-code,ok,ok,True,3,137,calibrate:138,calibrate,138,195.89999389648438,192.75125531810312,-3.1487385783812556,156
development_repeated_nested_cv,primary_instrument1_full,primary,1,2,2,development_combined,CG-FPLS-code,ok,ok,True,3,144,calibrate:145,calibrate,145,191.1999969482422,194.8473188810273,3.647321932785104,156
development_repeated_nested_cv,primary_instrument1_full,primary,1,2,2,development_combined,CG-FPLS-code,ok,ok,True,3,145,calibrate:146,calibrate,146,191.0,195.13829832781747,4.138298327817466,156
development_repeated_nested_cv,primary_instrument1_full,primary,1,2,2,development_combined,CG-FPLS-code,ok,ok,True,3,146,calibrate:147,calibrate,147,198.60000610351562,187.9988863440097,-10.601119759505934,156
development_repeated_nested_cv,primary_instrument1_full,primary,1,2,2,development_combined,CG-FPLS-code,ok,ok,True,3,152,calibrate:153,calibrate,153,199.6999969482422,191.53208394728756,-8.167913000954627,156
development_repeated_nested_cv,primary_instrument1_full,primary,1,2,2,development_combined,CG-FPLS-code,ok,ok,True,3,153,calibrate:154,calibrate,154,201.5,190.36140945296123,-11.138590547038774,156
development_repeated_nested_cv,primary_instrument1_full,primary,1,2,2,development_combined,CG-FPLS-code,ok,ok,True,3,156,validate:002,validate,2,188.1999969482422,196.8045459928165,8.604549044574298,156
development_repeated_nested_cv,primary_instrument1_full,primary,1,2,2,development_combined,CG-FPLS-code,ok,ok,True,3,159,validate:005,validate,5,195.1999969482422,198.27013991896166,3.0701429707194734,156
development_repeated_nested_cv,primary_instrument1_full,primary,1,2,2,development_combined,CG-FPLS-code,ok,ok,True,3,164,validate:010,validate,10,193.8000030517578,195.8851367517109,2.085133699953076,156
development_repeated_nested_cv,primary_instrument1_full,primary,1,2,2,development_combined,CG-FPLS-code,ok,ok,True,3,166,validate:012,validate,12,193.8000030517578,188.01135742510206,-5.78864562665575,156
development_repeated_nested_cv,primary_instrument1_full,primary,1,2,2,development_combined,CG-FPLS-code,ok,ok,True,3,172,validate:018,validate,18,195.39999389648438,195.5854301550585,0.1854362585741285,156
development_repeated_nested_cv,primary_instrument1_full,primary,1,2,2,development_combined,CG-FPLS-code,ok,ok,True,3,177,validate:023,validate,23,194.5,199.0242800269667,4.524280026966693,156
development_repeated_nested_cv,primary_instrument1_full,primary,1,2,2,development_combined,CG-FPLS-code,ok,ok,True,3,181,validate:027,validate,27,198.89999389648438,200.2301678094699,1.330173912985515,156
development_repeated_nested_cv,primary_instrument1_full,primary,1,2,2,development_combined,CG-FPLS-code,ok,ok,True,3,184,validate:030,validate,30,196.8000030517578,196.38369118323925,-0.4163118685185623,156
development_repeated_nested_cv,primary_instrument1_full,primary,1,2,2,development_combined,Raw FPLS,ok,ok,True,70,8,calibrate:009,calibrate,9,184.89999389648438,185.27944939551026,0.37945549902588027,156
development_repeated_nested_cv,primary_instrument1_full,primary,1,2,2,development_combined,Raw FPLS,ok,ok,True,70,12,calibrate:013,calibrate,13,176.3000030517578,179.25515069354506,2.9551476417872493,156
development_repeated_nested_cv,primary_instrument1_full,primary,1,2,2,development_combined,Raw FPLS,ok,ok,True,70,19,calibrate:020,calibrate,20,159.3000030517578,160.84719637964287,1.5471933278850543,156
development_repeated_nested_cv,primary_instrument1_full,primary,1,2,2,development_combined,Raw FPLS,ok,ok,True,70,28,calibrate:029,calibrate,29,222.5,220.08542318747072,-2.414576812529276,156
development_repeated_nested_cv,primary_instrument1_full,primary,1,2,2,development_combined,Raw FPLS,ok,ok,True,70,35,calibrate:036,calibrate,36,177.0,176.89648469080353,-0.10351530919646734,156
development_repeated_nested_cv,primary_instrument1_full,primary,1,2,2,development_combined,Raw FPLS,ok,ok,True,70,45,calibrate:046,calibrate,46,186.8000030517578,181.36735774715697,-5.43264530460084,156
development_repeated_nested_cv,primary_instrument1_full,primary,1,2,2,development_combined,Raw FPLS,ok,ok,True,70,47,calibrate:048,calibrate,48,156.8000030517578,156.69699102269152,-0.10301202906629214,156
development_repeated_nested_cv,primary_instrument1_full,primary,1,2,2,development_combined,Raw FPLS,ok,ok,True,70,49,calibrate:050,calibrate,50,220.5,217.92358571295821,-2.5764142870417857,156
development_repeated_nested_cv,primary_instrument1_full,primary,1,2,2,development_combined,Raw FPLS,ok,ok,True,70,58,calibrate:059,calibrate,59,155.1999969482422,160.84039962579976,5.640402677557574,156
development_repeated_nested_cv,primary_instrument1_full,primary,1,2,2,development_combined,Raw FPLS,ok,ok,True,70,67,calibrate:068,calibrate,68,179.89999389648438,186.46517991658055,6.565186020096178,156
development_repeated_nested_cv,primary_instrument1_full,primary,1,2,2,development_combined,Raw FPLS,ok,ok,True,70,72,calibrate:073,calibrate,73,202.6999969482422,204.02815484124818,1.3281578930059936,156
development_repeated_nested_cv,primary_instrument1_full,primary,1,2,2,development_combined,Raw FPLS,ok,ok,True,70,74,calibrate:075,calibrate,75,181.3000030517578,183.8188938541508,2.518890802392974,156
development_repeated_nested_cv,primary_instrument1_full,primary,1,2,2,development_combined,Raw FPLS,ok,ok,True,70,78,calibrate:079,calibrate,79,215.1999969482422,219.6642726267814,4.464275678539224,156
development_repeated_nested_cv,primary_instrument1_full,primary,1,2,2,development_combined,Raw FPLS,ok,ok,True,70,82,calibrate:083,calibrate,83,172.39999389648438,173.06369555884848,0.6637016623641045,156
development_repeated_nested_cv,primary_instrument1_full,primary,1,2,2,development_combined,Raw FPLS,ok,ok,True,70,91,calibrate:092,calibrate,92,175.5,175.68124942192222,0.18124942192221738,156
development_repeated_nested_cv,primary_instrument1_full,primary,1,2,2,development_combined,Raw FPLS,ok,ok,True,70,94,calibrate:095,calibrate,95,172.0,173.8360558963664,1.836055896366389,156
development_repeated_nested_cv,primary_instrument1_full,primary,1,2,2,development_combined,Raw FPLS,ok,ok,True,70,96,calibrate:097,calibrate,97,204.0,202.31774663472387,-1.6822533652761251,156
development_repeated_nested_cv,primary_instrument1_full,primary,1,2,2,development_combined,Raw FPLS,ok,ok,True,70,103,calibrate:104,calibrate,104,184.5,185.4710477460741,0.971047746074106,156
development_repeated_nested_cv,primary_instrument1_full,primary,1,2,2,development_combined,Raw FPLS,ok,ok,True,70,105,calibrate:106,calibrate,106,160.39999389648438,156.33754693453346,-4.062446961950911,156
development_repeated_nested_cv,primary_instrument1_full,primary,1,2,2,development_combined,Raw FPLS,ok,ok,True,70,106,calibrate:107,calibrate,107,216.89999389648438,219.52849513785458,2.628501241370202,156
development_repeated_nested_cv,primary_instrument1_full,primary,1,2,2,development_combined,Raw FPLS,ok,ok,True,70,112,calibrate:113,calibrate,113,219.39999389648438,216.4907124392173,-2.9092814572670704,156
development_repeated_nested_cv,primary_instrument1_full,primary,1,2,2,development_combined,Raw FPLS,ok,ok,True,70,115,calibrate:116,calibrate,116,209.5,201.39586985743114,-8.104130142568863,156
development_repeated_nested_cv,primary_instrument1_full,primary,1,2,2,development_combined,Raw FPLS,ok,ok,True,70,118,calibrate:119,calibrate,119,232.89999389648438,233.9492008362743,1.0492069397899115,156
development_repeated_nested_cv,primary_instrument1_full,primary,1,2,2,development_combined,Raw FPLS,ok,ok,True,70,128,calibrate:129,calibrate,129,231.10000610351562,224.0831109677241,-7.016895135791515,156
development_repeated_nested_cv,primary_instrument1_full,primary,1,2,2,development_combined,Raw FPLS,ok,ok,True,70,131,calibrate:132,calibrate,132,206.3000030517578,206.39466675187342,0.09466370011560343,156
development_repeated_nested_cv,primary_instrument1_full,primary,1,2,2,development_combined,Raw FPLS,ok,ok,True,70,137,calibrate:138,calibrate,138,195.89999389648438,202.13362392664013,6.2336300301557515,156
development_repeated_nested_cv,primary_instrument1_full,primary,1,2,2,development_combined,Raw FPLS,ok,ok,True,70,144,calibrate:145,calibrate,145,191.1999969482422,190.4744021074351,-0.7255948408070765,156
development_repeated_nested_cv,primary_instrument1_full,primary,1,2,2,development_combined,Raw FPLS,ok,ok,True,70,145,calibrate:146,calibrate,146,191.0,191.0864886825853,0.08648868258529774,156
development_repeated_nested_cv,primary_instrument1_full,primary,1,2,2,development_combined,Raw FPLS,ok,ok,True,70,146,calibrate:147,calibrate,147,198.60000610351562,183.19155407883827,-15.40845202467736,156
development_repeated_nested_cv,primary_instrument1_full,primary,1,2,2,development_combined,Raw FPLS,ok,ok,True,70,152,calibrate:153,calibrate,153,199.6999969482422,193.7274593924044,-5.972537555837789,156
development_repeated_nested_cv,primary_instrument1_full,primary,1,2,2,development_combined,Raw FPLS,ok,ok,True,70,153,calibrate:154,calibrate,154,201.5,191.16635449585365,-10.333645504146347,156
development_repeated_nested_cv,primary_instrument1_full,primary,1,2,2,development_combined,Raw FPLS,ok,ok,True,70,156,validate:002,validate,2,188.1999969482422,191.539087086982,3.339090138739806,156
development_repeated_nested_cv,primary_instrument1_full,primary,1,2,2,development_combined,Raw FPLS,ok,ok,True,70,159,validate:005,validate,5,195.1999969482422,195.21095049492098,0.010953546678791781,156
development_repeated_nested_cv,primary_instrument1_full,primary,1,2,2,development_combined,Raw FPLS,ok,ok,True,70,164,validate:010,validate,10,193.8000030517578,191.8609691711926,-1.939033880565205,156
development_repeated_nested_cv,primary_instrument1_full,primary,1,2,2,development_combined,Raw FPLS,ok,ok,True,70,166,validate:012,validate,12,193.8000030517578,188.4287164830194,-5.371286568738412,156
development_repeated_nested_cv,primary_instrument1_full,primary,1,2,2,development_combined,Raw FPLS,ok,ok,True,70,172,validate:018,validate,18,195.39999389648438,191.0610486256424,-4.338945270841975,156
development_repeated_nested_cv,primary_instrument1_full,primary,1,2,2,development_combined,Raw FPLS,ok,ok,True,70,177,validate:023,validate,23,194.5,200.50056909092123,6.000569090921232,156
development_repeated_nested_cv,primary_instrument1_full,primary,1,2,2,development_combined,Raw FPLS,ok,ok,True,70,181,validate:027,validate,27,198.89999389648438,196.29664111067322,-2.603352785811154,156
development_repeated_nested_cv,primary_instrument1_full,primary,1,2,2,development_combined,Raw FPLS,ok,ok,True,70,184,validate:030,validate,30,196.8000030517578,201.1291323836742,4.329129331916391,156
development_repeated_nested_cv,primary_instrument1_full,primary,1,2,2,development_combined,Arnoldi FPLS,ok,ok,True,5,8,calibrate:009,calibrate,9,184.89999389648438,186.1165612419556,1.2165673454712191,156
development_repeated_nested_cv,primary_instrument1_full,primary,1,2,2,development_combined,Arnoldi FPLS,ok,ok,True,5,12,calibrate:013,calibrate,13,176.3000030517578,178.86710451524985,2.567101463492037,156
development_repeated_nested_cv,primary_instrument1_full,primary,1,2,2,development_combined,Arnoldi FPLS,ok,ok,True,5,19,calibrate:020,calibrate,20,159.3000030517578,160.37754185011997,1.0775387983621556,156
development_repeated_nested_cv,primary_instrument1_full,primary,1,2,2,development_combined,Arnoldi FPLS,ok,ok,True,5,28,calibrate:029,calibrate,29,222.5,219.34553919842384,-3.154460801576164,156
development_repeated_nested_cv,primary_instrument1_full,primary,1,2,2,development_combined,Arnoldi FPLS,ok,ok,True,5,35,calibrate:036,calibrate,36,177.0,176.24509927437202,-0.7549007256279765,156
development_repeated_nested_cv,primary_instrument1_full,primary,1,2,2,development_combined,Arnoldi FPLS,ok,ok,True,5,45,calibrate:046,calibrate,46,186.8000030517578,182.24240459860465,-4.557598453153162,156
development_repeated_nested_cv,primary_instrument1_full,primary,1,2,2,development_combined,Arnoldi FPLS,ok,ok,True,5,47,calibrate:048,calibrate,48,156.8000030517578,157.8811806042261,1.08117755246829,156
development_repeated_nested_cv,primary_instrument1_full,primary,1,2,2,development_combined,Arnoldi FPLS,ok,ok,True,5,49,calibrate:050,calibrate,50,220.5,218.03481546721235,-2.465184532787646,156
development_repeated_nested_cv,primary_instrument1_full,primary,1,2,2,development_combined,Arnoldi FPLS,ok,ok,True,5,58,calibrate:059,calibrate,59,155.1999969482422,160.21111975292064,5.01112280467845,156
development_repeated_nested_cv,primary_instrument1_full,primary,1,2,2,development_combined,Arnoldi FPLS,ok,ok,True,5,67,calibrate:068,calibrate,68,179.89999389648438,186.21377303787838,6.313779141394008,156
development_repeated_nested_cv,primary_instrument1_full,primary,1,2,2,development_combined,Arnoldi FPLS,ok,ok,True,5,72,calibrate:073,calibrate,73,202.6999969482422,203.5536903912074,0.8536934429652092,156
development_repeated_nested_cv,primary_instrument1_full,primary,1,2,2,development_combined,Arnoldi FPLS,ok,ok,True,5,74,calibrate:075,calibrate,75,181.3000030517578,184.256634615506,2.956631563748175,156
development_repeated_nested_cv,primary_instrument1_full,primary,1,2,2,development_combined,Arnoldi FPLS,ok,ok,True,5,78,calibrate:079,calibrate,79,215.1999969482422,219.56791177796322,4.36791482972103,156
development_repeated_nested_cv,primary_instrument1_full,primary,1,2,2,development_combined,Arnoldi FPLS,ok,ok,True,5,82,calibrate:083,calibrate,83,172.39999389648438,174.37447997982474,1.9744860833403663,156
development_repeated_nested_cv,primary_instrument1_full,primary,1,2,2,development_combined,Arnoldi FPLS,ok,ok,True,5,91,calibrate:092,calibrate,92,175.5,176.16047469032497,0.6604746903249747,156
development_repeated_nested_cv,primary_instrument1_full,primary,1,2,2,development_combined,Arnoldi FPLS,ok,ok,True,5,94,calibrate:095,calibrate,95,172.0,173.39555263356266,1.3955526335626587,156
development_repeated_nested_cv,primary_instrument1_full,primary,1,2,2,development_combined,Arnoldi FPLS,ok,ok,True,5,96,calibrate:097,calibrate,97,204.0,202.69998739678178,-1.3000126032182209,156
development_repeated_nested_cv,primary_instrument1_full,primary,1,2,2,development_combined,Arnoldi FPLS,ok,ok,True,5,103,calibrate:104,calibrate,104,184.5,186.39044297245118,1.8904429724511829,156
development_repeated_nested_cv,primary_instrument1_full,primary,1,2,2,development_combined,Arnoldi FPLS,ok,ok,True,5,105,calibrate:106,calibrate,106,160.39999389648438,157.6836545029662,-2.716339393518183,156
development_repeated_nested_cv,primary_instrument1_full,primary,1,2,2,development_combined,Arnoldi FPLS,ok,ok,True,5,106,calibrate:107,calibrate,107,216.89999389648438,219.56101734152827,2.661023445043895,156
development_repeated_nested_cv,primary_instrument1_full,primary,1,2,2,development_combined,Arnoldi FPLS,ok,ok,True,5,112,calibrate:113,calibrate,113,219.39999389648438,217.51561579128864,-1.8843781051957365,156
development_repeated_nested_cv,primary_instrument1_full,primary,1,2,2,development_combined,Arnoldi FPLS,ok,ok,True,5,115,calibrate:116,calibrate,116,209.5,201.7023562980981,-7.7976437019019045,156
development_repeated_nested_cv,primary_instrument1_full,primary,1,2,2,development_combined,Arnoldi FPLS,ok,ok,True,5,118,calibrate:119,calibrate,119,232.89999389648438,234.55189311746534,1.6518992209809653,156
development_repeated_nested_cv,primary_instrument1_full,primary,1,2,2,development_combined,Arnoldi FPLS,ok,ok,True,5,128,calibrate:129,calibrate,129,231.10000610351562,224.18799995230353,-6.912006151212097,156
development_repeated_nested_cv,primary_instrument1_full,primary,1,2,2,development_combined,Arnoldi FPLS,ok,ok,True,5,131,calibrate:132,calibrate,132,206.3000030517578,205.85671607832057,-0.4432869734372389,156
development_repeated_nested_cv,primary_instrument1_full,primary,1,2,2,development_combined,Arnoldi FPLS,ok,ok,True,5,137,calibrate:138,calibrate,138,195.89999389648438,201.59215294055008,5.692159044065704,156
development_repeated_nested_cv,primary_instrument1_full,primary,1,2,2,development_combined,Arnoldi FPLS,ok,ok,True,5,144,calibrate:145,calibrate,145,191.1999969482422,190.38546469635705,-0.8145322518851401,156
development_repeated_nested_cv,primary_instrument1_full,primary,1,2,2,development_combined,Arnoldi FPLS,ok,ok,True,5,145,calibrate:146,calibrate,146,191.0,191.03823691272683,0.038236912726830496,156
development_repeated_nested_cv,primary_instrument1_full,primary,1,2,2,development_combined,Arnoldi FPLS,ok,ok,True,5,146,calibrate:147,calibrate,147,198.60000610351562,184.2661545915456,-14.333851511970039,156
development_repeated_nested_cv,primary_instrument1_full,primary,1,2,2,development_combined,Arnoldi FPLS,ok,ok,True,5,152,calibrate:153,calibrate,153,199.6999969482422,194.43617460050513,-5.263822347737062,156
development_repeated_nested_cv,primary_instrument1_full,primary,1,2,2,development_combined,Arnoldi FPLS,ok,ok,True,5,153,calibrate:154,calibrate,154,201.5,191.82776361743262,-9.672236382567377,156
development_repeated_nested_cv,primary_instrument1_full,primary,1,2,2,development_combined,Arnoldi FPLS,ok,ok,True,5,156,validate:002,validate,2,188.1999969482422,191.83101929673808,3.6310223484958897,156
development_repeated_nested_cv,primary_instrument1_full,primary,1,2,2,development_combined,Arnoldi FPLS,ok,ok,True,5,159,validate:005,validate,5,195.1999969482422,195.1235961649853,-0.0764007832569007,156
development_repeated_nested_cv,primary_instrument1_full,primary,1,2,2,development_combined,Arnoldi FPLS,ok,ok,True,5,164,validate:010,validate,10,193.8000030517578,191.0938101352395,-2.7061929165183187,156
development_repeated_nested_cv,primary_instrument1_full,primary,1,2,2,development_combined,Arnoldi FPLS,ok,ok,True,5,166,validate:012,validate,12,193.8000030517578,188.9256458026698,-4.874357249088007,156
development_repeated_nested_cv,primary_instrument1_full,primary,1,2,2,development_combined,Arnoldi FPLS,ok,ok,True,5,172,validate:018,validate,18,195.39999389648438,191.95485856054856,-3.4451353359358166,156
development_repeated_nested_cv,primary_instrument1_full,primary,1,2,2,development_combined,Arnoldi FPLS,ok,ok,True,5,177,validate:023,validate,23,194.5,200.130873169649,5.630873169648993,156
development_repeated_nested_cv,primary_instrument1_full,primary,1,2,2,development_combined,Arnoldi FPLS,ok,ok,True,5,181,validate:027,validate,27,198.89999389648438,196.76239981389247,-2.137594082591903,156
development_repeated_nested_cv,primary_instrument1_full,primary,1,2,2,development_combined,Arnoldi FPLS,ok,ok,True,5,184,validate:030,validate,30,196.8000030517578,200.41847908530826,3.6184760335504507,156
development_repeated_nested_cv,primary_instrument1_full,primary,1,2,2,development_combined,FPCR,ok,ok,True,8,8,calibrate:009,calibrate,9,184.89999389648438,187.2466531708868,2.3466592744024126,156
development_repeated_nested_cv,primary_instrument1_full,primary,1,2,2,development_combined,FPCR,ok,ok,True,8,12,calibrate:013,calibrate,13,176.3000030517578,178.24295498391666,1.9429519321588486,156
development_repeated_nested_cv,primary_instrument1_full,primary,1,2,2,development_combined,FPCR,ok,ok,True,8,19,calibrate:020,calibrate,20,159.3000030517578,161.04648190592192,1.7464788541641099,156
development_repeated_nested_cv,primary_instrument1_full,primary,1,2,2,development_combined,FPCR,ok,ok,True,8,28,calibrate:029,calibrate,29,222.5,217.97064884802518,-4.529351151974822,156
development_repeated_nested_cv,primary_instrument1_full,primary,1,2,2,development_combined,FPCR,ok,ok,True,8,35,calibrate:036,calibrate,36,177.0,175.64937027782474,-1.3506297221752561,156
development_repeated_nested_cv,primary_instrument1_full,primary,1,2,2,development_combined,FPCR,ok,ok,True,8,45,calibrate:046,calibrate,46,186.8000030517578,183.1199048058844,-3.6800982458734097,156
development_repeated_nested_cv,primary_instrument1_full,primary,1,2,2,development_combined,FPCR,ok,ok,True,8,47,calibrate:048,calibrate,48,156.8000030517578,157.78990678647162,0.9899037347138062,156
development_repeated_nested_cv,primary_instrument1_full,primary,1,2,2,development_combined,FPCR,ok,ok,True,8,49,calibrate:050,calibrate,50,220.5,217.90626576960034,-2.5937342303996616,156
development_repeated_nested_cv,primary_instrument1_full,primary,1,2,2,development_combined,FPCR,ok,ok,True,8,58,calibrate:059,calibrate,59,155.1999969482422,158.769108639185,3.5691116909428047,156
development_repeated_nested_cv,primary_instrument1_full,primary,1,2,2,development_combined,FPCR,ok,ok,True,8,67,calibrate:068,calibrate,68,179.89999389648438,186.22611362708366,6.326119730599288,156
development_repeated_nested_cv,primary_instrument1_full,primary,1,2,2,development_combined,FPCR,ok,ok,True,8,72,calibrate:073,calibrate,73,202.6999969482422,202.83525284008803,0.1352558918458442,156
development_repeated_nested_cv,primary_instrument1_full,primary,1,2,2,development_combined,FPCR,ok,ok,True,8,74,calibrate:075,calibrate,75,181.3000030517578,184.3274496142032,3.027446562445391,156
development_repeated_nested_cv,primary_instrument1_full,primary,1,2,2,development_combined,FPCR,ok,ok,True,8,78,calibrate:079,calibrate,79,215.1999969482422,220.56223243733018,5.362235489087993,156
development_repeated_nested_cv,primary_instrument1_full,primary,1,2,2,development_combined,FPCR,ok,ok,True,8,82,calibrate:083,calibrate,83,172.39999389648438,176.31514472609487,3.9151508296104964,156
development_repeated_nested_cv,primary_instrument1_full,primary,1,2,2,development_combined,FPCR,ok,ok,True,8,91,calibrate:092,calibrate,92,175.5,176.70960900445425,1.2096090044542507,156
development_repeated_nested_cv,primary_instrument1_full,primary,1,2,2,development_combined,FPCR,ok,ok,True,8,94,calibrate:095,calibrate,95,172.0,173.23094420434657,1.2309442043465708,156
development_repeated_nested_cv,primary_instrument1_full,primary,1,2,2,development_combined,FPCR,ok,ok,True,8,96,calibrate:097,calibrate,97,204.0,203.37620841823878,-0.6237915817612247,156
development_repeated_nested_cv,primary_instrument1_full,primary,1,2,2,development_combined,FPCR,ok,ok,True,8,103,calibrate:104,calibrate,104,184.5,186.0316358155271,1.5316358155270962,156
development_repeated_nested_cv,primary_instrument1_full,primary,1,2,2,development_combined,FPCR,ok,ok,True,8,105,calibrate:106,calibrate,106,160.39999389648438,159.41235534818273,-0.9876385483016463,156
development_repeated_nested_cv,primary_instrument1_full,primary,1,2,2,development_combined,FPCR,ok,ok,True,8,106,calibrate:107,calibrate,107,216.89999389648438,219.88361798360685,2.983624087122479,156
development_repeated_nested_cv,primary_instrument1_full,primary,1,2,2,development_combined,FPCR,ok,ok,True,8,112,calibrate:113,calibrate,113,219.39999389648438,217.42130467331864,-1.9786892231657305,156
development_repeated_nested_cv,primary_instrument1_full,primary,1,2,2,development_combined,FPCR,ok,ok,True,8,115,calibrate:116,calibrate,116,209.5,197.6071710432892,-11.892828956710787,156
development_repeated_nested_cv,primary_instrument1_full,primary,1,2,2,development_combined,FPCR,ok,ok,True,8,118,calibrate:119,calibrate,119,232.89999389648438,234.79970989255264,1.8997159960682666,156
development_repeated_nested_cv,primary_instrument1_full,primary,1,2,2,development_combined,FPCR,ok,ok,True,8,128,calibrate:129,calibrate,129,231.10000610351562,224.5929335377515,-6.507072565764133,156
development_repeated_nested_cv,primary_instrument1_full,primary,1,2,2,development_combined,FPCR,ok,ok,True,8,131,calibrate:132,calibrate,132,206.3000030517578,205.985983573768,-0.31401947798980245,156
development_repeated_nested_cv,primary_instrument1_full,primary,1,2,2,development_combined,FPCR,ok,ok,True,8,137,calibrate:138,calibrate,138,195.89999389648438,201.10873734679393,5.208743450309555,156
development_repeated_nested_cv,primary_instrument1_full,primary,1,2,2,development_combined,FPCR,ok,ok,True,8,144,calibrate:145,calibrate,145,191.1999969482422,191.1287338301875,-0.07126311805467367,156
development_repeated_nested_cv,primary_instrument1_full,primary,1,2,2,development_combined,FPCR,ok,ok,True,8,145,calibrate:146,calibrate,146,191.0,191.33715560240674,0.3371556024067388,156
development_repeated_nested_cv,primary_instrument1_full,primary,1,2,2,development_combined,FPCR,ok,ok,True,8,146,calibrate:147,calibrate,147,198.60000610351562,184.0717933336157,-14.528212769899937,156
development_repeated_nested_cv,primary_instrument1_full,primary,1,2,2,development_combined,FPCR,ok,ok,True,8,152,calibrate:153,calibrate,153,199.6999969482422,194.26929438750201,-5.430702560740173,156
development_repeated_nested_cv,primary_instrument1_full,primary,1,2,2,development_combined,FPCR,ok,ok,True,8,153,calibrate:154,calibrate,154,201.5,193.887714840627,-7.612285159372988,156
development_repeated_nested_cv,primary_instrument1_full,primary,1,2,2,development_combined,FPCR,ok,ok,True,8,156,validate:002,validate,2,188.1999969482422,191.70323924548765,3.503242297245464,156
development_repeated_nested_cv,primary_instrument1_full,primary,1,2,2,development_combined,FPCR,ok,ok,True,8,159,validate:005,validate,5,195.1999969482422,195.8549569067153,0.6549599584731141,156
development_repeated_nested_cv,primary_instrument1_full,primary,1,2,2,development_combined,FPCR,ok,ok,True,8,164,validate:010,validate,10,193.8000030517578,192.25317824139262,-1.5468248103651945,156
development_repeated_nested_cv,primary_instrument1_full,primary,1,2,2,development_combined,FPCR,ok,ok,True,8,166,validate:012,validate,12,193.8000030517578,186.92662905614853,-6.873373995609285,156
development_repeated_nested_cv,primary_instrument1_full,primary,1,2,2,development_combined,FPCR,ok,ok,True,8,172,validate:018,validate,18,195.39999389648438,191.97013423605696,-3.429859660427411,156
development_repeated_nested_cv,primary_instrument1_full,primary,1,2,2,development_combined,FPCR,ok,ok,True,8,177,validate:023,validate,23,194.5,199.43243460685048,4.932434606850478,156
development_repeated_nested_cv,primary_instrument1_full,primary,1,2,2,development_combined,FPCR,ok,ok,True,8,181,validate:027,validate,27,198.89999389648438,196.31763173465637,-2.5823621618280015,156
development_repeated_nested_cv,primary_instrument1_full,primary,1,2,2,development_combined,FPCR,ok,ok,True,8,184,validate:030,validate,30,196.8000030517578,200.14896894794757,3.3489658961897533,156
development_repeated_nested_cv,primary_instrument1_full,primary,1,2,3,development_combined,CG-FPLS-code,ok,ok,True,3,4,calibrate:005,calibrate,5,199.3000030517578,189.51783887171118,-9.782164180046635,156
development_repeated_nested_cv,primary_instrument1_full,primary,1,2,3,development_combined,CG-FPLS-code,ok,ok,True,3,10,calibrate:011,calibrate,11,221.8000030517578,219.17955174488736,-2.62045130687045,156
development_repeated_nested_cv,primary_instrument1_full,primary,1,2,3,development_combined,CG-FPLS-code,ok,ok,True,3,20,calibrate:021,calibrate,21,183.1999969482422,181.45314238036642,-1.746854567875772,156
development_repeated_nested_cv,primary_instrument1_full,primary,1,2,3,development_combined,CG-FPLS-code,ok,ok,True,3,27,calibrate:028,calibrate,28,175.8000030517578,177.9510463836121,2.1510433318542823,156
development_repeated_nested_cv,primary_instrument1_full,primary,1,2,3,development_combined,CG-FPLS-code,ok,ok,True,3,37,calibrate:038,calibrate,38,208.8000030517578,200.73761935545917,-8.062383696298639,156
development_repeated_nested_cv,primary_instrument1_full,primary,1,2,3,development_combined,CG-FPLS-code,ok,ok,True,3,39,calibrate:040,calibrate,40,174.10000610351562,177.45660913134984,3.356603027834211,156
development_repeated_nested_cv,primary_instrument1_full,primary,1,2,3,development_combined,CG-FPLS-code,ok,ok,True,3,46,calibrate:047,calibrate,47,158.0,165.1438653346297,7.143865334629709,156
development_repeated_nested_cv,primary_instrument1_full,primary,1,2,3,development_combined,CG-FPLS-code,ok,ok,True,3,50,calibrate:051,calibrate,51,188.3000030517578,186.60386454971209,-1.6961385020457271,156
development_repeated_nested_cv,primary_instrument1_full,primary,1,2,3,development_combined,CG-FPLS-code,ok,ok,True,3,56,calibrate:057,calibrate,57,222.3000030517578,220.00317910683174,-2.296823944926075,156
development_repeated_nested_cv,primary_instrument1_full,primary,1,2,3,development_combined,CG-FPLS-code,ok,ok,True,3,57,calibrate:058,calibrate,58,157.60000610351562,165.16635507193203,7.566348968416406,156
development_repeated_nested_cv,primary_instrument1_full,primary,1,2,3,development_combined,CG-FPLS-code,ok,ok,True,3,65,calibrate:066,calibrate,66,160.39999389648438,159.21432352641173,-1.1856703700726428,156
development_repeated_nested_cv,primary_instrument1_full,primary,1,2,3,development_combined,CG-FPLS-code,ok,ok,True,3,77,calibrate:078,calibrate,78,201.6999969482422,200.99184522247512,-0.7081517257670669,156
development_repeated_nested_cv,primary_instrument1_full,primary,1,2,3,development_combined,CG-FPLS-code,ok,ok,True,3,81,calibrate:082,calibrate,82,216.39999389648438,216.37718576748722,-0.022808128997155563,156
development_repeated_nested_cv,primary_instrument1_full,primary,1,2,3,development_combined,CG-FPLS-code,ok,ok,True,3,83,calibrate:084,calibrate,84,205.39999389648438,199.53906431276442,-5.860929583719951,156
development_repeated_nested_cv,primary_instrument1_full,primary,1,2,3,development_combined,CG-FPLS-code,ok,ok,True,3,84,calibrate:085,calibrate,85,177.1999969482422,176.37222754833056,-0.8277693999116309,156
development_repeated_nested_cv,primary_instrument1_full,primary,1,2,3,development_combined,CG-FPLS-code,ok,ok,True,3,86,calibrate:087,calibrate,87,205.5,208.11095029192455,2.610950291924553,156
development_repeated_nested_cv,primary_instrument1_full,primary,1,2,3,development_combined,CG-FPLS-code,ok,ok,True,3,93,calibrate:094,calibrate,94,172.39999389648438,181.96838156464185,9.56838766815747,156
development_repeated_nested_cv,primary_instrument1_full,primary,1,2,3,development_combined,CG-FPLS-code,ok,ok,True,3,95,calibrate:096,calibrate,96,171.60000610351562,177.60236751300462,6.002361409488998,156
development_repeated_nested_cv,primary_instrument1_full,primary,1,2,3,development_combined,CG-FPLS-code,ok,ok,True,3,99,calibrate:100,calibrate,100,219.3000030517578,213.0780632781089,-6.221939773648899,156
development_repeated_nested_cv,primary_instrument1_full,primary,1,2,3,development_combined,CG-FPLS-code,ok,ok,True,3,110,calibrate:111,calibrate,111,217.0,219.89516215199788,2.89516215199788,156
development_repeated_nested_cv,primary_instrument1_full,primary,1,2,3,development_combined,CG-FPLS-code,ok,ok,True,3,114,calibrate:115,calibrate,115,180.5,177.35683668634604,-3.1431633136539574,156
development_repeated_nested_cv,primary_instrument1_full,primary,1,2,3,development_combined,CG-FPLS-code,ok,ok,True,3,116,calibrate:117,calibrate,117,224.3000030517578,216.3999094258258,-7.900093625932016,156
development_repeated_nested_cv,primary_instrument1_full,primary,1,2,3,development_combined,CG-FPLS-code,ok,ok,True,3,122,calibrate:123,calibrate,123,188.0,187.22256209864256,-0.7774379013574446,156
development_repeated_nested_cv,primary_instrument1_full,primary,1,2,3,development_combined,CG-FPLS-code,ok,ok,True,3,124,calibrate:125,calibrate,125,154.8000030517578,164.59641362311453,9.796410571356716,156
development_repeated_nested_cv,primary_instrument1_full,primary,1,2,3,development_combined,CG-FPLS-code,ok,ok,True,3,127,calibrate:128,calibrate,128,239.10000610351562,235.35412066533166,-3.7458854381839615,156
development_repeated_nested_cv,primary_instrument1_full,primary,1,2,3,development_combined,CG-FPLS-code,ok,ok,True,3,130,calibrate:131,calibrate,131,184.5,183.75956730711536,-0.7404326928846388,156
development_repeated_nested_cv,primary_instrument1_full,primary,1,2,3,development_combined,CG-FPLS-code,ok,ok,True,3,135,calibrate:136,calibrate,136,193.10000610351562,198.23782998407071,5.137823880555089,156
development_repeated_nested_cv,primary_instrument1_full,primary,1,2,3,development_combined,CG-FPLS-code,ok,ok,True,3,142,calibrate:143,calibrate,143,196.60000610351562,191.59509368748536,-5.004912416030265,156
development_repeated_nested_cv,primary_instrument1_full,primary,1,2,3,development_combined,CG-FPLS-code,ok,ok,True,3,148,calibrate:149,calibrate,149,194.10000610351562,197.51598866606088,3.4159825625452527,156
development_repeated_nested_cv,primary_instrument1_full,primary,1,2,3,development_combined,CG-FPLS-code,ok,ok,True,3,149,calibrate:150,calibrate,150,181.3000030517578,197.32683310041674,16.026830048658923,156
development_repeated_nested_cv,primary_instrument1_full,primary,1,2,3,development_combined,CG-FPLS-code,ok,ok,True,3,151,calibrate:152,calibrate,152,201.39999389648438,188.84452763107998,-12.555466265404391,156
development_repeated_nested_cv,primary_instrument1_full,primary,1,2,3,development_combined,CG-FPLS-code,ok,ok,True,3,163,validate:009,validate,9,195.8000030517578,193.6394471205498,-2.160555931208023,156
development_repeated_nested_cv,primary_instrument1_full,primary,1,2,3,development_combined,CG-FPLS-code,ok,ok,True,3,165,validate:011,validate,11,195.10000610351562,189.85485251880132,-5.245153584714302,156
development_repeated_nested_cv,primary_instrument1_full,primary,1,2,3,development_combined,CG-FPLS-code,ok,ok,True,3,171,validate:017,validate,17,194.6999969482422,197.86670532700788,3.1667083787656907,156
development_repeated_nested_cv,primary_instrument1_full,primary,1,2,3,development_combined,CG-FPLS-code,ok,ok,True,3,173,validate:019,validate,19,191.8000030517578,198.07190905403885,6.2719060022810424,156
development_repeated_nested_cv,primary_instrument1_full,primary,1,2,3,development_combined,CG-FPLS-code,ok,ok,True,3,178,validate:024,validate,24,193.60000610351562,202.35170805990984,8.751701956394214,156
development_repeated_nested_cv,primary_instrument1_full,primary,1,2,3,development_combined,CG-FPLS-code,ok,ok,True,3,185,validate:031,validate,31,194.10000610351562,195.32186017940816,1.2218540758925371,156
development_repeated_nested_cv,primary_instrument1_full,primary,1,2,3,development_combined,CG-FPLS-code,ok,ok,True,3,193,validate:039,validate,39,196.60000610351562,196.2941431414754,-0.3058629620402371,156
development_repeated_nested_cv,primary_instrument1_full,primary,1,2,3,development_combined,CG-FPLS-code,ok,ok,True,3,194,validate:040,validate,40,197.5,192.1131594122685,-5.386840587731513,156
development_repeated_nested_cv,primary_instrument1_full,primary,1,2,3,development_combined,Raw FPLS,ok,ok,True,16,4,calibrate:005,calibrate,5,199.3000030517578,192.8713145163953,-6.428688535362511,156
development_repeated_nested_cv,primary_instrument1_full,primary,1,2,3,development_combined,Raw FPLS,ok,ok,True,16,10,calibrate:011,calibrate,11,221.8000030517578,217.05706282575022,-4.74294022600759,156
development_repeated_nested_cv,primary_instrument1_full,primary,1,2,3,development_combined,Raw FPLS,ok,ok,True,16,20,calibrate:021,calibrate,21,183.1999969482422,184.97016854032623,1.77017159208404,156
development_repeated_nested_cv,primary_instrument1_full,primary,1,2,3,development_combined,Raw FPLS,ok,ok,True,16,27,calibrate:028,calibrate,28,175.8000030517578,176.54435958193653,0.7443565301787203,156
development_repeated_nested_cv,primary_instrument1_full,primary,1,2,3,development_combined,Raw FPLS,ok,ok,True,16,37,calibrate:038,calibrate,38,208.8000030517578,205.0546931255272,-3.745309926230618,156
development_repeated_nested_cv,primary_instrument1_full,primary,1,2,3,development_combined,Raw FPLS,ok,ok,True,16,39,calibrate:040,calibrate,40,174.10000610351562,177.78413205088583,3.6841259473702053,156
development_repeated_nested_cv,primary_instrument1_full,primary,1,2,3,development_combined,Raw FPLS,ok,ok,True,16,46,calibrate:047,calibrate,47,158.0,158.23718680479675,0.23718680479674958,156
development_repeated_nested_cv,primary_instrument1_full,primary,1,2,3,development_combined,Raw FPLS,ok,ok,True,16,50,calibrate:051,calibrate,51,188.3000030517578,184.11101450285477,-4.1889885489030405,156
development_repeated_nested_cv,primary_instrument1_full,primary,1,2,3,development_combined,Raw FPLS,ok,ok,True,16,56,calibrate:057,calibrate,57,222.3000030517578,217.80136903155577,-4.498634020202047,156
development_repeated_nested_cv,primary_instrument1_full,primary,1,2,3,development_combined,Raw FPLS,ok,ok,True,16,57,calibrate:058,calibrate,58,157.60000610351562,163.5592165192907,5.959210415775061,156
development_repeated_nested_cv,primary_instrument1_full,primary,1,2,3,development_combined,Raw FPLS,ok,ok,True,16,65,calibrate:066,calibrate,66,160.39999389648438,157.94879346569317,-2.4512004307912036,156
development_repeated_nested_cv,primary_instrument1_full,primary,1,2,3,development_combined,Raw FPLS,ok,ok,True,16,77,calibrate:078,calibrate,78,201.6999969482422,206.27786191954516,4.577864971302972,156
development_repeated_nested_cv,primary_instrument1_full,primary,1,2,3,development_combined,Raw FPLS,ok,ok,True,16,81,calibrate:082,calibrate,82,216.39999389648438,216.71259640224653,0.31260250576215753,156
development_repeated_nested_cv,primary_instrument1_full,primary,1,2,3,development_combined,Raw FPLS,ok,ok,True,16,83,calibrate:084,calibrate,84,205.39999389648438,203.84442923024181,-1.5555646662425602,156
development_repeated_nested_cv,primary_instrument1_full,primary,1,2,3,development_combined,Raw FPLS,ok,ok,True,16,84,calibrate:085,calibrate,85,177.1999969482422,177.09185329085162,-0.10814365739057052,156
development_repeated_nested_cv,primary_instrument1_full,primary,1,2,3,development_combined,Raw FPLS,ok,ok,True,16,86,calibrate:087,calibrate,87,205.5,203.1707847612812,-2.3292152387188025,156
development_repeated_nested_cv,primary_instrument1_full,primary,1,2,3,development_combined,Raw FPLS,ok,ok,True,16,93,calibrate:094,calibrate,94,172.39999389648438,175.5592068519902,3.1592129555058364,156
development_repeated_nested_cv,primary_instrument1_full,primary,1,2,3,development_combined,Raw FPLS,ok,ok,True,16,95,calibrate:096,calibrate,96,171.60000610351562,170.5660379683435,-1.033968135172131,156
development_repeated_nested_cv,primary_instrument1_full,primary,1,2,3,development_combined,Raw FPLS,ok,ok,True,16,99,calibrate:100,calibrate,100,219.3000030517578,217.35030478464805,-1.949698267109767,156
development_repeated_nested_cv,primary_instrument1_full,primary,1,2,3,development_combined,Raw FPLS,ok,ok,True,16,110,calibrate:111,calibrate,111,217.0,217.48805301667622,0.4880530166762185,156
development_repeated_nested_cv,primary_instrument1_full,primary,1,2,3,development_combined,Raw FPLS,ok,ok,True,16,114,calibrate:115,calibrate,115,180.5,176.75079527489964,-3.7492047251003555,156
development_repeated_nested_cv,primary_instrument1_full,primary,1,2,3,development_combined,Raw FPLS,ok,ok,True,16,116,calibrate:117,calibrate,117,224.3000030517578,215.96082804965505,-8.339175002102763,156
development_repeated_nested_cv,primary_instrument1_full,primary,1,2,3,development_combined,Raw FPLS,ok,ok,True,16,122,calibrate:123,calibrate,123,188.0,188.3321534736877,0.332153473687697,156
development_repeated_nested_cv,primary_instrument1_full,primary,1,2,3,development_combined,Raw FPLS,ok,ok,True,16,124,calibrate:125,calibrate,125,154.8000030517578,158.03935855953247,3.239355507774661,156
development_repeated_nested_cv,primary_instrument1_full,primary,1,2,3,development_combined,Raw FPLS,ok,ok,True,16,127,calibrate:128,calibrate,128,239.10000610351562,238.9417566492246,-0.158249454291024,156
development_repeated_nested_cv,primary_instrument1_full,primary,1,2,3,development_combined,Raw FPLS,ok,ok,True,16,130,calibrate:131,calibrate,131,184.5,187.25303983789598,2.753039837895983,156
development_repeated_nested_cv,primary_instrument1_full,primary,1,2,3,development_combined,Raw FPLS,ok,ok,True,16,135,calibrate:136,calibrate,136,193.10000610351562,193.16413195611895,0.06412585260332548,156
development_repeated_nested_cv,primary_instrument1_full,primary,1,2,3,development_combined,Raw FPLS,ok,ok,True,16,142,calibrate:143,calibrate,143,196.60000610351562,192.12471788227091,-4.4752882212447105,156
development_repeated_nested_cv,primary_instrument1_full,primary,1,2,3,development_combined,Raw FPLS,ok,ok,True,16,148,calibrate:149,calibrate,149,194.10000610351562,188.2870202819966,-5.812985821519021,156
development_repeated_nested_cv,primary_instrument1_full,primary,1,2,3,development_combined,Raw FPLS,ok,ok,True,16,149,calibrate:150,calibrate,150,181.3000030517578,191.36239840259512,10.062395350837306,156
development_repeated_nested_cv,primary_instrument1_full,primary,1,2,3,development_combined,Raw FPLS,ok,ok,True,16,151,calibrate:152,calibrate,152,201.39999389648438,192.67403493489863,-8.725958961585746,156
development_repeated_nested_cv,primary_instrument1_full,primary,1,2,3,development_combined,Raw FPLS,ok,ok,True,16,163,validate:009,validate,9,195.8000030517578,194.20217310418715,-1.5978299475706592,156
development_repeated_nested_cv,primary_instrument1_full,primary,1,2,3,development_combined,Raw FPLS,ok,ok,True,16,165,validate:011,validate,11,195.10000610351562,196.22826610991035,1.1282600063947257,156
development_repeated_nested_cv,primary_instrument1_full,primary,1,2,3,development_combined,Raw FPLS,ok,ok,True,16,171,validate:017,validate,17,194.6999969482422,193.4661817579601,-1.2338151902820869,156
development_repeated_nested_cv,primary_instrument1_full,primary,1,2,3,development_combined,Raw FPLS,ok,ok,True,16,173,validate:019,validate,19,191.8000030517578,192.1443961800944,0.3443931283365771,156
development_repeated_nested_cv,primary_instrument1_full,primary,1,2,3,development_combined,Raw FPLS,ok,ok,True,16,178,validate:024,validate,24,193.60000610351562,196.80604213417575,3.2060360306601297,156
development_repeated_nested_cv,primary_instrument1_full,primary,1,2,3,development_combined,Raw FPLS,ok,ok,True,16,185,validate:031,validate,31,194.10000610351562,195.07496888696076,0.974962783445136,156
development_repeated_nested_cv,primary_instrument1_full,primary,1,2,3,development_combined,Raw FPLS,ok,ok,True,16,193,validate:039,validate,39,196.60000610351562,199.17858953756235,2.5785834340467204,156
development_repeated_nested_cv,primary_instrument1_full,primary,1,2,3,development_combined,Raw FPLS,ok,ok,True,16,194,validate:040,validate,40,197.5,194.33323306151462,-3.166766938485381,156
development_repeated_nested_cv,primary_instrument1_full,primary,1,2,3,development_combined,Arnoldi FPLS,ok,ok,True,4,4,calibrate:005,calibrate,5,199.3000030517578,195.048392163355,-4.2516108884028085,156
development_repeated_nested_cv,primary_instrument1_full,primary,1,2,3,development_combined,Arnoldi FPLS,ok,ok,True,4,10,calibrate:011,calibrate,11,221.8000030517578,219.14702891534077,-2.6529741364170434,156
development_repeated_nested_cv,primary_instrument1_full,primary,1,2,3,development_combined,Arnoldi FPLS,ok,ok,True,4,20,calibrate:021,calibrate,21,183.1999969482422,183.0036314204216,-0.19636552782057493,156
development_repeated_nested_cv,primary_instrument1_full,primary,1,2,3,development_combined,Arnoldi FPLS,ok,ok,True,4,27,calibrate:028,calibrate,28,175.8000030517578,175.7244485857035,-0.07555446605431371,156
development_repeated_nested_cv,primary_instrument1_full,primary,1,2,3,development_combined,Arnoldi FPLS,ok,ok,True,4,37,calibrate:038,calibrate,38,208.8000030517578,202.8486993604895,-5.951303691268322,156
development_repeated_nested_cv,primary_instrument1_full,primary,1,2,3,development_combined,Arnoldi FPLS,ok,ok,True,4,39,calibrate:040,calibrate,40,174.10000610351562,175.99179896709185,1.891792863576228,156
development_repeated_nested_cv,primary_instrument1_full,primary,1,2,3,development_combined,Arnoldi FPLS,ok,ok,True,4,46,calibrate:047,calibrate,47,158.0,160.93136230341713,2.9313623034171314,156
development_repeated_nested_cv,primary_instrument1_full,primary,1,2,3,development_combined,Arnoldi FPLS,ok,ok,True,4,50,calibrate:051,calibrate,51,188.3000030517578,188.40163205791302,0.10162900615520698,156
development_repeated_nested_cv,primary_instrument1_full,primary,1,2,3,development_combined,Arnoldi FPLS,ok,ok,True,4,56,calibrate:057,calibrate,57,222.3000030517578,220.1607249487779,-2.1392781029799153,156
development_repeated_nested_cv,primary_instrument1_full,primary,1,2,3,development_combined,Arnoldi FPLS,ok,ok,True,4,57,calibrate:058,calibrate,58,157.60000610351562,162.80170060725703,5.2016945037414075,156
development_repeated_nested_cv,primary_instrument1_full,primary,1,2,3,development_combined,Arnoldi FPLS,ok,ok,True,4,65,calibrate:066,calibrate,66,160.39999389648438,160.50302178096854,0.10302788448416322,156
development_repeated_nested_cv,primary_instrument1_full,primary,1,2,3,development_combined,Arnoldi FPLS,ok,ok,True,4,77,calibrate:078,calibrate,78,201.6999969482422,203.30189334524286,1.6018963970006723,156
development_repeated_nested_cv,primary_instrument1_full,primary,1,2,3,development_combined,Arnoldi FPLS,ok,ok,True,4,81,calibrate:082,calibrate,82,216.39999389648438,215.29618259073249,-1.10381130575189,156
development_repeated_nested_cv,primary_instrument1_full,primary,1,2,3,development_combined,Arnoldi FPLS,ok,ok,True,4,83,calibrate:084,calibrate,84,205.39999389648438,201.4343135134626,-3.965680383021777,156
development_repeated_nested_cv,primary_instrument1_full,primary,1,2,3,development_combined,Arnoldi FPLS,ok,ok,True,4,84,calibrate:085,calibrate,85,177.1999969482422,175.49434300143508,-1.7056539468071037,156
development_repeated_nested_cv,primary_instrument1_full,primary,1,2,3,development_combined,Arnoldi FPLS,ok,ok,True,4,86,calibrate:087,calibrate,87,205.5,205.69018717014217,0.1901871701421669,156
development_repeated_nested_cv,primary_instrument1_full,primary,1,2,3,development_combined,Arnoldi FPLS,ok,ok,True,4,93,calibrate:094,calibrate,94,172.39999389648438,178.40916360471795,6.009169708233571,156
development_repeated_nested_cv,primary_instrument1_full,primary,1,2,3,development_combined,Arnoldi FPLS,ok,ok,True,4,95,calibrate:096,calibrate,96,171.60000610351562,172.80523237342896,1.2052262699133394,156
development_repeated_nested_cv,primary_instrument1_full,primary,1,2,3,development_combined,Arnoldi FPLS,ok,ok,True,4,99,calibrate:100,calibrate,100,219.3000030517578,214.2491161429341,-5.050886908823713,156
development_repeated_nested_cv,primary_instrument1_full,primary,1,2,3,development_combined,Arnoldi FPLS,ok,ok,True,4,110,calibrate:111,calibrate,111,217.0,218.1956339725406,1.1956339725406053,156
development_repeated_nested_cv,primary_instrument1_full,primary,1,2,3,development_combined,Arnoldi FPLS,ok,ok,True,4,114,calibrate:115,calibrate,115,180.5,175.63724297417983,-4.862757025820173,156
development_repeated_nested_cv,primary_instrument1_full,primary,1,2,3,development_combined,Arnoldi FPLS,ok,ok,True,4,116,calibrate:117,calibrate,117,224.3000030517578,215.09901632999623,-9.20098672176158,156
development_repeated_nested_cv,primary_instrument1_full,primary,1,2,3,development_combined,Arnoldi FPLS,ok,ok,True,4,122,calibrate:123,calibrate,123,188.0,186.9546929102655,-1.0453070897345071,156
development_repeated_nested_cv,primary_instrument1_full,primary,1,2,3,development_combined,Arnoldi FPLS,ok,ok,True,4,124,calibrate:125,calibrate,125,154.8000030517578,163.8381740749707,9.038171023212897,156
development_repeated_nested_cv,primary_instrument1_full,primary,1,2,3,development_combined,Arnoldi FPLS,ok,ok,True,4,127,calibrate:128,calibrate,128,239.10000610351562,239.95335420772042,0.8533481042047981,156
development_repeated_nested_cv,primary_instrument1_full,primary,1,2,3,development_combined,Arnoldi FPLS,ok,ok,True,4,130,calibrate:131,calibrate,131,184.5,184.28324266717055,-0.2167573328294452,156
development_repeated_nested_cv,primary_instrument1_full,primary,1,2,3,development_combined,Arnoldi FPLS,ok,ok,True,4,135,calibrate:136,calibrate,136,193.10000610351562,196.3084775162105,3.208471412694877,156
development_repeated_nested_cv,primary_instrument1_full,primary,1,2,3,development_combined,Arnoldi FPLS,ok,ok,True,4,142,calibrate:143,calibrate,143,196.60000610351562,189.3715801571203,-7.228425946395333,156
development_repeated_nested_cv,primary_instrument1_full,primary,1,2,3,development_combined,Arnoldi FPLS,ok,ok,True,4,148,calibrate:149,calibrate,149,194.10000610351562,191.6187225890606,-2.481283514455015,156
development_repeated_nested_cv,primary_instrument1_full,primary,1,2,3,development_combined,Arnoldi FPLS,ok,ok,True,4,149,calibrate:150,calibrate,150,181.3000030517578,192.5554029013586,11.255399849600792,156
development_repeated_nested_cv,primary_instrument1_full,primary,1,2,3,development_combined,Arnoldi FPLS,ok,ok,True,4,151,calibrate:152,calibrate,152,201.39999389648438,194.56722314913983,-6.83277074734454,156
development_repeated_nested_cv,primary_instrument1_full,primary,1,2,3,development_combined,Arnoldi FPLS,ok,ok,True,4,163,validate:009,validate,9,195.8000030517578,195.63309548144602,-0.1669075703117926,156
development_repeated_nested_cv,primary_instrument1_full,primary,1,2,3,development_combined,Arnoldi FPLS,ok,ok,True,4,165,validate:011,validate,11,195.10000610351562,191.7509000000047,-3.349106103510934,156
development_repeated_nested_cv,primary_instrument1_full,primary,1,2,3,development_combined,Arnoldi FPLS,ok,ok,True,4,171,validate:017,validate,17,194.6999969482422,194.02856652832685,-0.6714304199153389,156
development_repeated_nested_cv,primary_instrument1_full,primary,1,2,3,development_combined,Arnoldi FPLS,ok,ok,True,4,173,validate:019,validate,19,191.8000030517578,191.70692624699467,-0.09307680476314317,156
development_repeated_nested_cv,primary_instrument1_full,primary,1,2,3,development_combined,Arnoldi FPLS,ok,ok,True,4,178,validate:024,validate,24,193.60000610351562,199.95536427083286,6.355358167317235,156
development_repeated_nested_cv,primary_instrument1_full,primary,1,2,3,development_combined,Arnoldi FPLS,ok,ok,True,4,185,validate:031,validate,31,194.10000610351562,199.07932440622614,4.97931830271051,156
development_repeated_nested_cv,primary_instrument1_full,primary,1,2,3,development_combined,Arnoldi FPLS,ok,ok,True,4,193,validate:039,validate,39,196.60000610351562,197.1282155593817,0.5282094558660617,156
development_repeated_nested_cv,primary_instrument1_full,primary,1,2,3,development_combined,Arnoldi FPLS,ok,ok,True,4,194,validate:040,validate,40,197.5,198.69161006706898,1.1916100670689787,156
development_repeated_nested_cv,primary_instrument1_full,primary,1,2,3,development_combined,FPCR,ok,ok,True,11,4,calibrate:005,calibrate,5,199.3000030517578,193.55129541886137,-5.748707632896441,156
development_repeated_nested_cv,primary_instrument1_full,primary,1,2,3,development_combined,FPCR,ok,ok,True,11,10,calibrate:011,calibrate,11,221.8000030517578,218.0315396475159,-3.7684634042419134,156
development_repeated_nested_cv,primary_instrument1_full,primary,1,2,3,development_combined,FPCR,ok,ok,True,11,20,calibrate:021,calibrate,21,183.1999969482422,183.8226096400767,0.6226126918345187,156
development_repeated_nested_cv,primary_instrument1_full,primary,1,2,3,development_combined,FPCR,ok,ok,True,11,27,calibrate:028,calibrate,28,175.8000030517578,176.33511257300984,0.5351095212520249,156
development_repeated_nested_cv,primary_instrument1_full,primary,1,2,3,development_combined,FPCR,ok,ok,True,11,37,calibrate:038,calibrate,38,208.8000030517578,203.04119084590826,-5.7588122058495514,156
development_repeated_nested_cv,primary_instrument1_full,primary,1,2,3,development_combined,FPCR,ok,ok,True,11,39,calibrate:040,calibrate,40,174.10000610351562,176.10098533327402,2.0009792297584,156
development_repeated_nested_cv,primary_instrument1_full,primary,1,2,3,development_combined,FPCR,ok,ok,True,11,46,calibrate:047,calibrate,47,158.0,160.61780980623593,2.6178098062359254,156
development_repeated_nested_cv,primary_instrument1_full,primary,1,2,3,development_combined,FPCR,ok,ok,True,11,50,calibrate:051,calibrate,51,188.3000030517578,186.58198639057017,-1.7180166611876473,156
development_repeated_nested_cv,primary_instrument1_full,primary,1,2,3,development_combined,FPCR,ok,ok,True,11,56,calibrate:057,calibrate,57,222.3000030517578,218.44402588620125,-3.855977165556567,156
development_repeated_nested_cv,primary_instrument1_full,primary,1,2,3,development_combined,FPCR,ok,ok,True,11,57,calibrate:058,calibrate,58,157.60000610351562,163.35459140450615,5.754585300990527,156
development_repeated_nested_cv,primary_instrument1_full,primary,1,2,3,development_combined,FPCR,ok,ok,True,11,65,calibrate:066,calibrate,66,160.39999389648438,160.1016769858285,-0.2983169106558705,156
development_repeated_nested_cv,primary_instrument1_full,primary,1,2,3,development_combined,FPCR,ok,ok,True,11,77,calibrate:078,calibrate,78,201.6999969482422,203.9562541566174,2.2562572083752173,156
development_repeated_nested_cv,primary_instrument1_full,primary,1,2,3,development_combined,FPCR,ok,ok,True,11,81,calibrate:082,calibrate,82,216.39999389648438,216.07657431220534,-0.32341958427903705,156
development_repeated_nested_cv,primary_instrument1_full,primary,1,2,3,development_combined,FPCR,ok,ok,True,11,83,calibrate:084,calibrate,84,205.39999389648438,202.79993254725287,-2.6000613492315097,156
development_repeated_nested_cv,primary_instrument1_full,primary,1,2,3,development_combined,FPCR,ok,ok,True,11,84,calibrate:085,calibrate,85,177.1999969482422,176.3008911085303,-0.8991058397118934,156
development_repeated_nested_cv,primary_instrument1_full,primary,1,2,3,development_combined,FPCR,ok,ok,True,11,86,calibrate:087,calibrate,87,205.5,204.8755903460983,-0.6244096539016937,156
development_repeated_nested_cv,primary_instrument1_full,primary,1,2,3,development_combined,FPCR,ok,ok,True,11,93,calibrate:094,calibrate,94,172.39999389648438,177.4898676613822,5.089873764897817,156
development_repeated_nested_cv,primary_instrument1_full,primary,1,2,3,development_combined,FPCR,ok,ok,True,11,95,calibrate:096,calibrate,96,171.60000610351562,172.15436273974623,0.554356636230608,156
development_repeated_nested_cv,primary_instrument1_full,primary,1,2,3,development_combined,FPCR,ok,ok,True,11,99,calibrate:100,calibrate,100,219.3000030517578,215.22165556200846,-4.078347489749348,156
development_repeated_nested_cv,primary_instrument1_full,primary,1,2,3,development_combined,FPCR,ok,ok,True,11,110,calibrate:111,calibrate,111,217.0,219.26064790361875,2.2606479036187466,156
development_repeated_nested_cv,primary_instrument1_full,primary,1,2,3,development_combined,FPCR,ok,ok,True,11,114,calibrate:115,calibrate,115,180.5,175.54203476553064,-4.957965234469356,156
development_repeated_nested_cv,primary_instrument1_full,primary,1,2,3,development_combined,FPCR,ok,ok,True,11,116,calibrate:117,calibrate,117,224.3000030517578,215.9690481589823,-8.330954892775509,156
development_repeated_nested_cv,primary_instrument1_full,primary,1,2,3,development_combined,FPCR,ok,ok,True,11,122,calibrate:123,calibrate,123,188.0,187.97854269463627,-0.021457305363725254,156
development_repeated_nested_cv,primary_instrument1_full,primary,1,2,3,development_combined,FPCR,ok,ok,True,11,124,calibrate:125,calibrate,125,154.8000030517578,159.30201452141458,4.502011469656765,156
development_repeated_nested_cv,primary_instrument1_full,primary,1,2,3,development_combined,FPCR,ok,ok,True,11,127,calibrate:128,calibrate,128,239.10000610351562,238.64611969564191,-0.4538864078737106,156
development_repeated_nested_cv,primary_instrument1_full,primary,1,2,3,development_combined,FPCR,ok,ok,True,11,130,calibrate:131,calibrate,131,184.5,183.68977239378663,-0.810227606213374,156
development_repeated_nested_cv,primary_instrument1_full,primary,1,2,3,development_combined,FPCR,ok,ok,True,11,135,calibrate:136,calibrate,136,193.10000610351562,193.95052762549986,0.8505215219842341,156
development_repeated_nested_cv,primary_instrument1_full,primary,1,2,3,development_combined,FPCR,ok,ok,True,11,142,calibrate:143,calibrate,143,196.60000610351562,190.25823731062167,-6.341768792893959,156
development_repeated_nested_cv,primary_instrument1_full,primary,1,2,3,development_combined,FPCR,ok,ok,True,11,148,calibrate:149,calibrate,149,194.10000610351562,190.62059574760931,-3.4794103559063103,156
development_repeated_nested_cv,primary_instrument1_full,primary,1,2,3,development_combined,FPCR,ok,ok,True,11,149,calibrate:150,calibrate,150,181.3000030517578,191.39081404609152,10.090810994333708,156
development_repeated_nested_cv,primary_instrument1_full,primary,1,2,3,development_combined,FPCR,ok,ok,True,11,151,calibrate:152,calibrate,152,201.39999389648438,194.66317666990804,-6.736817226576335,156
development_repeated_nested_cv,primary_instrument1_full,primary,1,2,3,development_combined,FPCR,ok,ok,True,11,163,validate:009,validate,9,195.8000030517578,192.71556678108396,-3.084436270673848,156
development_repeated_nested_cv,primary_instrument1_full,primary,1,2,3,development_combined,FPCR,ok,ok,True,11,165,validate:011,validate,11,195.10000610351562,192.13593655651042,-2.9640695470052094,156
development_repeated_nested_cv,primary_instrument1_full,primary,1,2,3,development_combined,FPCR,ok,ok,True,11,171,validate:017,validate,17,194.6999969482422,193.53063284899534,-1.1693640992468488,156
development_repeated_nested_cv,primary_instrument1_full,primary,1,2,3,development_combined,FPCR,ok,ok,True,11,173,validate:019,validate,19,191.8000030517578,192.72669778467497,0.9266947329171558,156
development_repeated_nested_cv,primary_instrument1_full,primary,1,2,3,development_combined,FPCR,ok,ok,True,11,178,validate:024,validate,24,193.60000610351562,198.0897865115128,4.489780407997188,156
development_repeated_nested_cv,primary_instrument1_full,primary,1,2,3,development_combined,FPCR,ok,ok,True,11,185,validate:031,validate,31,194.10000610351562,197.20166401665946,3.101657913143839,156
development_repeated_nested_cv,primary_instrument1_full,primary,1,2,3,development_combined,FPCR,ok,ok,True,11,193,validate:039,validate,39,196.60000610351562,198.0234825028023,1.4234763992866704,156
development_repeated_nested_cv,primary_instrument1_full,primary,1,2,3,development_combined,FPCR,ok,ok,True,11,194,validate:040,validate,40,197.5,196.0109730389552,-1.4890269610448001,156
development_repeated_nested_cv,primary_instrument1_full,primary,1,2,4,development_combined,CG-FPLS-code,ok,ok,True,3,0,calibrate:001,calibrate,1,200.10000610351562,189.25722479891812,-10.842781304597509,156
development_repeated_nested_cv,primary_instrument1_full,primary,1,2,4,development_combined,CG-FPLS-code,ok,ok,True,3,1,calibrate:002,calibrate,2,198.6999969482422,190.72960110540524,-7.97039584283695,156
development_repeated_nested_cv,primary_instrument1_full,primary,1,2,4,development_combined,CG-FPLS-code,ok,ok,True,3,5,calibrate:006,calibrate,6,198.3000030517578,194.87665309773774,-3.4233499540200683,156
development_repeated_nested_cv,primary_instrument1_full,primary,1,2,4,development_combined,CG-FPLS-code,ok,ok,True,3,15,calibrate:016,calibrate,16,173.8000030517578,181.04415047530733,7.244147423549521,156
development_repeated_nested_cv,primary_instrument1_full,primary,1,2,4,development_combined,CG-FPLS-code,ok,ok,True,3,16,calibrate:017,calibrate,17,222.5,215.41523721866864,-7.084762781331364,156
development_repeated_nested_cv,primary_instrument1_full,primary,1,2,4,development_combined,CG-FPLS-code,ok,ok,True,3,25,calibrate:026,calibrate,26,214.3000030517578,217.18132475682248,2.8813217050646642,156
development_repeated_nested_cv,primary_instrument1_full,primary,1,2,4,development_combined,CG-FPLS-code,ok,ok,True,3,30,calibrate:031,calibrate,31,184.1999969482422,183.78275455438836,-0.4172423938538259,156
development_repeated_nested_cv,primary_instrument1_full,primary,1,2,4,development_combined,CG-FPLS-code,ok,ok,True,3,32,calibrate:033,calibrate,33,183.0,186.44448548784194,3.444485487841945,156
development_repeated_nested_cv,primary_instrument1_full,primary,1,2,4,development_combined,CG-FPLS-code,ok,ok,True,3,33,calibrate:034,calibrate,34,231.89999389648438,234.92740948730548,3.027415590821107,156
development_repeated_nested_cv,primary_instrument1_full,primary,1,2,4,development_combined,CG-FPLS-code,ok,ok,True,3,34,calibrate:035,calibrate,35,218.0,214.95216083183684,-3.047839168163165,156
development_repeated_nested_cv,primary_instrument1_full,primary,1,2,4,development_combined,CG-FPLS-code,ok,ok,True,3,36,calibrate:037,calibrate,37,177.5,175.51963083507582,-1.9803691649241841,156
development_repeated_nested_cv,primary_instrument1_full,primary,1,2,4,development_combined,CG-FPLS-code,ok,ok,True,3,38,calibrate:039,calibrate,39,214.10000610351562,223.5509560626166,9.450949959100967,156
development_repeated_nested_cv,primary_instrument1_full,primary,1,2,4,development_combined,CG-FPLS-code,ok,ok,True,3,40,calibrate:041,calibrate,41,206.60000610351562,204.07567983933237,-2.5243262641832587,156
development_repeated_nested_cv,primary_instrument1_full,primary,1,2,4,development_combined,CG-FPLS-code,ok,ok,True,3,41,calibrate:042,calibrate,42,187.5,185.72979939833047,-1.7702006016695293,156
development_repeated_nested_cv,primary_instrument1_full,primary,1,2,4,development_combined,CG-FPLS-code,ok,ok,True,3,48,calibrate:049,calibrate,49,186.3000030517578,191.2071400365491,4.907136984791293,156
development_repeated_nested_cv,primary_instrument1_full,primary,1,2,4,development_combined,CG-FPLS-code,ok,ok,True,3,51,calibrate:052,calibrate,52,231.89999389648438,226.1517489153439,-5.748244981140488,156
development_repeated_nested_cv,primary_instrument1_full,primary,1,2,4,development_combined,CG-FPLS-code,ok,ok,True,3,53,calibrate:054,calibrate,54,221.5,214.2518340011024,-7.248165998897605,156
development_repeated_nested_cv,primary_instrument1_full,primary,1,2,4,development_combined,CG-FPLS-code,ok,ok,True,3,59,calibrate:060,calibrate,60,172.3000030517578,178.51069525850372,6.210692206745904,156
development_repeated_nested_cv,primary_instrument1_full,primary,1,2,4,development_combined,CG-FPLS-code,ok,ok,True,3,62,calibrate:063,calibrate,63,176.5,173.13669099870427,-3.3633090012957325,156
development_repeated_nested_cv,primary_instrument1_full,primary,1,2,4,development_combined,CG-FPLS-code,ok,ok,True,3,63,calibrate:064,calibrate,64,156.1999969482422,160.78669211613982,4.586695167897631,156
development_repeated_nested_cv,primary_instrument1_full,primary,1,2,4,development_combined,CG-FPLS-code,ok,ok,True,3,64,calibrate:065,calibrate,65,158.1999969482422,162.3877174725983,4.187720524356109,156
development_repeated_nested_cv,primary_instrument1_full,primary,1,2,4,development_combined,CG-FPLS-code,ok,ok,True,3,69,calibrate:070,calibrate,70,159.3000030517578,163.36971385575984,4.069710804002028,156
development_repeated_nested_cv,primary_instrument1_full,primary,1,2,4,development_combined,CG-FPLS-code,ok,ok,True,3,71,calibrate:072,calibrate,72,201.8000030517578,207.2034071567778,5.403404105020002,156
development_repeated_nested_cv,primary_instrument1_full,primary,1,2,4,development_combined,CG-FPLS-code,ok,ok,True,3,89,calibrate:090,calibrate,90,173.39999389648438,178.73154477919786,5.331550882713486,156
development_repeated_nested_cv,primary_instrument1_full,primary,1,2,4,development_combined,CG-FPLS-code,ok,ok,True,3,92,calibrate:093,calibrate,93,203.89999389648438,208.11590648001146,4.215912583527086,156
development_repeated_nested_cv,primary_instrument1_full,primary,1,2,4,development_combined,CG-FPLS-code,ok,ok,True,3,102,calibrate:103,calibrate,103,151.60000610351562,160.98779173063278,9.387785627117154,156
development_repeated_nested_cv,primary_instrument1_full,primary,1,2,4,development_combined,CG-FPLS-code,ok,ok,True,3,111,calibrate:112,calibrate,112,220.0,218.95562358512655,-1.0443764148734545,156
development_repeated_nested_cv,primary_instrument1_full,primary,1,2,4,development_combined,CG-FPLS-code,ok,ok,True,3,121,calibrate:122,calibrate,122,176.89999389648438,158.2055553251399,-18.694438571344477,156
development_repeated_nested_cv,primary_instrument1_full,primary,1,2,4,development_combined,CG-FPLS-code,ok,ok,True,3,136,calibrate:137,calibrate,137,192.60000610351562,188.66618833363748,-3.9338177698781465,156
development_repeated_nested_cv,primary_instrument1_full,primary,1,2,4,development_combined,CG-FPLS-code,ok,ok,True,3,138,calibrate:139,calibrate,139,191.1999969482422,199.80122719093433,8.60123024269214,156
development_repeated_nested_cv,primary_instrument1_full,primary,1,2,4,development_combined,CG-FPLS-code,ok,ok,True,3,141,calibrate:142,calibrate,142,196.3000030517578,186.46844211060488,-9.83156094115293,156
development_repeated_nested_cv,primary_instrument1_full,primary,1,2,4,development_combined,CG-FPLS-code,ok,ok,True,3,157,validate:003,validate,3,191.89999389648438,192.58677175568576,0.6867778592013849,156
development_repeated_nested_cv,primary_instrument1_full,primary,1,2,4,development_combined,CG-FPLS-code,ok,ok,True,3,161,validate:007,validate,7,195.89999389648438,196.37238268984555,0.47238879336117634,156
development_repeated_nested_cv,primary_instrument1_full,primary,1,2,4,development_combined,CG-FPLS-code,ok,ok,True,3,162,validate:008,validate,8,194.89999389648438,194.90305855749506,0.003064661010682812,156
development_repeated_nested_cv,primary_instrument1_full,primary,1,2,4,development_combined,CG-FPLS-code,ok,ok,True,3,168,validate:014,validate,14,197.5,196.5935122507366,-0.9064877492633912,156
development_repeated_nested_cv,primary_instrument1_full,primary,1,2,4,development_combined,CG-FPLS-code,ok,ok,True,3,175,validate:021,validate,21,195.10000610351562,196.58169123025291,1.4816851267372897,156
development_repeated_nested_cv,primary_instrument1_full,primary,1,2,4,development_combined,CG-FPLS-code,ok,ok,True,3,187,validate:033,validate,33,194.1999969482422,198.34932947043177,4.149332522189582,156
development_repeated_nested_cv,primary_instrument1_full,primary,1,2,4,development_combined,CG-FPLS-code,ok,ok,True,3,188,validate:034,validate,34,193.39999389648438,198.88006938356165,5.480075487077272,156
development_repeated_nested_cv,primary_instrument1_full,primary,1,2,4,development_combined,CG-FPLS-code,ok,ok,True,3,191,validate:037,validate,37,197.0,197.7094265910672,0.7094265910671993,156
development_repeated_nested_cv,primary_instrument1_full,primary,1,2,4,development_combined,Raw FPLS,ok,ok,True,52,0,calibrate:001,calibrate,1,200.10000610351562,195.2862687395085,-4.813737364007125,156
development_repeated_nested_cv,primary_instrument1_full,primary,1,2,4,development_combined,Raw FPLS,ok,ok,True,52,1,calibrate:002,calibrate,2,198.6999969482422,194.52231746789877,-4.177679480343414,156
development_repeated_nested_cv,primary_instrument1_full,primary,1,2,4,development_combined,Raw FPLS,ok,ok,True,52,5,calibrate:006,calibrate,6,198.3000030517578,193.5233360660633,-4.776666985694504,156
development_repeated_nested_cv,primary_instrument1_full,primary,1,2,4,development_combined,Raw FPLS,ok,ok,True,52,15,calibrate:016,calibrate,16,173.8000030517578,176.788545064902,2.9885420131441833,156
development_repeated_nested_cv,primary_instrument1_full,primary,1,2,4,development_combined,Raw FPLS,ok,ok,True,52,16,calibrate:017,calibrate,17,222.5,218.6906580590878,-3.8093419409121907,156
development_repeated_nested_cv,primary_instrument1_full,primary,1,2,4,development_combined,Raw FPLS,ok,ok,True,52,25,calibrate:026,calibrate,26,214.3000030517578,216.08107405539744,1.7810710036396245,156
development_repeated_nested_cv,primary_instrument1_full,primary,1,2,4,development_combined,Raw FPLS,ok,ok,True,52,30,calibrate:031,calibrate,31,184.1999969482422,187.71916480871687,3.519167860474681,156
development_repeated_nested_cv,primary_instrument1_full,primary,1,2,4,development_combined,Raw FPLS,ok,ok,True,52,32,calibrate:033,calibrate,33,183.0,187.63666780316927,4.636667803169274,156
development_repeated_nested_cv,primary_instrument1_full,primary,1,2,4,development_combined,Raw FPLS,ok,ok,True,52,33,calibrate:034,calibrate,34,231.89999389648438,236.02975565348046,4.129761756996089,156
development_repeated_nested_cv,primary_instrument1_full,primary,1,2,4,development_combined,Raw FPLS,ok,ok,True,52,34,calibrate:035,calibrate,35,218.0,218.3639435637397,0.3639435637396957,156
development_repeated_nested_cv,primary_instrument1_full,primary,1,2,4,development_combined,Raw FPLS,ok,ok,True,52,36,calibrate:037,calibrate,37,177.5,177.56595028355514,0.06595028355513932,156
development_repeated_nested_cv,primary_instrument1_full,primary,1,2,4,development_combined,Raw FPLS,ok,ok,True,52,38,calibrate:039,calibrate,39,214.10000610351562,222.78444925148432,8.684443147968693,156
development_repeated_nested_cv,primary_instrument1_full,primary,1,2,4,development_combined,Raw FPLS,ok,ok,True,52,40,calibrate:041,calibrate,41,206.60000610351562,206.55738912269007,-0.04261698082555654,156
development_repeated_nested_cv,primary_instrument1_full,primary,1,2,4,development_combined,Raw FPLS,ok,ok,True,52,41,calibrate:042,calibrate,42,187.5,187.5263629342792,0.026362934279205774,156
development_repeated_nested_cv,primary_instrument1_full,primary,1,2,4,development_combined,Raw FPLS,ok,ok,True,52,48,calibrate:049,calibrate,49,186.3000030517578,186.58372464829083,0.2837215965330131,156
development_repeated_nested_cv,primary_instrument1_full,primary,1,2,4,development_combined,Raw FPLS,ok,ok,True,52,51,calibrate:052,calibrate,52,231.89999389648438,231.40182255347455,-0.49817134300982957,156
development_repeated_nested_cv,primary_instrument1_full,primary,1,2,4,development_combined,Raw FPLS,ok,ok,True,52,53,calibrate:054,calibrate,54,221.5,217.58334100176262,-3.9166589982373807,156
development_repeated_nested_cv,primary_instrument1_full,primary,1,2,4,development_combined,Raw FPLS,ok,ok,True,52,59,calibrate:060,calibrate,60,172.3000030517578,174.2636526158372,1.9636495640793896,156
development_repeated_nested_cv,primary_instrument1_full,primary,1,2,4,development_combined,Raw FPLS,ok,ok,True,52,62,calibrate:063,calibrate,63,176.5,177.19444823387155,0.6944482338715545,156
development_repeated_nested_cv,primary_instrument1_full,primary,1,2,4,development_combined,Raw FPLS,ok,ok,True,52,63,calibrate:064,calibrate,64,156.1999969482422,161.38646585995593,5.186468911713746,156
development_repeated_nested_cv,primary_instrument1_full,primary,1,2,4,development_combined,Raw FPLS,ok,ok,True,52,64,calibrate:065,calibrate,65,158.1999969482422,160.89525531728924,2.6952583690470533,156
development_repeated_nested_cv,primary_instrument1_full,primary,1,2,4,development_combined,Raw FPLS,ok,ok,True,52,69,calibrate:070,calibrate,70,159.3000030517578,161.5058876973498,2.2058846455919934,156
development_repeated_nested_cv,primary_instrument1_full,primary,1,2,4,development_combined,Raw FPLS,ok,ok,True,52,71,calibrate:072,calibrate,72,201.8000030517578,204.6638511487503,2.863848096992484,156
development_repeated_nested_cv,primary_instrument1_full,primary,1,2,4,development_combined,Raw FPLS,ok,ok,True,52,89,calibrate:090,calibrate,90,173.39999389648438,179.37357274737545,5.973578850891073,156
development_repeated_nested_cv,primary_instrument1_full,primary,1,2,4,development_combined,Raw FPLS,ok,ok,True,52,92,calibrate:093,calibrate,93,203.89999389648438,205.8834967869241,1.9835028904397234,156
development_repeated_nested_cv,primary_instrument1_full,primary,1,2,4,development_combined,Raw FPLS,ok,ok,True,52,102,calibrate:103,calibrate,103,151.60000610351562,162.385532267714,10.785526164198387,156
development_repeated_nested_cv,primary_instrument1_full,primary,1,2,4,development_combined,Raw FPLS,ok,ok,True,52,111,calibrate:112,calibrate,112,220.0,218.38740861111847,-1.6125913888815262,156
development_repeated_nested_cv,primary_instrument1_full,primary,1,2,4,development_combined,Raw FPLS,ok,ok,True,52,121,calibrate:122,calibrate,122,176.89999389648438,156.50358249745065,-20.396411399033724,156
development_repeated_nested_cv,primary_instrument1_full,primary,1,2,4,development_combined,Raw FPLS,ok,ok,True,52,136,calibrate:137,calibrate,137,192.60000610351562,186.4825239340625,-6.117482169453126,156
development_repeated_nested_cv,primary_instrument1_full,primary,1,2,4,development_combined,Raw FPLS,ok,ok,True,52,138,calibrate:139,calibrate,139,191.1999969482422,196.96524261738884,5.765245669146651,156
development_repeated_nested_cv,primary_instrument1_full,primary,1,2,4,development_combined,Raw FPLS,ok,ok,True,52,141,calibrate:142,calibrate,142,196.3000030517578,191.798494726243,-4.501508325514806,156
development_repeated_nested_cv,primary_instrument1_full,primary,1,2,4,development_combined,Raw FPLS,ok,ok,True,52,157,validate:003,validate,3,191.89999389648438,198.76263166027118,6.8626377637868075,156
development_repeated_nested_cv,primary_instrument1_full,primary,1,2,4,development_combined,Raw FPLS,ok,ok,True,52,161,validate:007,validate,7,195.89999389648438,193.81606196050018,-2.0839319359841966,156
development_repeated_nested_cv,primary_instrument1_full,primary,1,2,4,development_combined,Raw FPLS,ok,ok,True,52,162,validate:008,validate,8,194.89999389648438,192.76235583958982,-2.137638056894559,156
development_repeated_nested_cv,primary_instrument1_full,primary,1,2,4,development_combined,Raw FPLS,ok,ok,True,52,168,validate:014,validate,14,197.5,192.83300087416526,-4.666999125834735,156
development_repeated_nested_cv,primary_instrument1_full,primary,1,2,4,development_combined,Raw FPLS,ok,ok,True,52,175,validate:021,validate,21,195.10000610351562,200.11104805414226,5.011041950626634,156
development_repeated_nested_cv,primary_instrument1_full,primary,1,2,4,development_combined,Raw FPLS,ok,ok,True,52,187,validate:033,validate,33,194.1999969482422,201.103514168827,6.903517220584803,156
development_repeated_nested_cv,primary_instrument1_full,primary,1,2,4,development_combined,Raw FPLS,ok,ok,True,52,188,validate:034,validate,34,193.39999389648438,198.3401707836758,4.940176887191427,156
development_repeated_nested_cv,primary_instrument1_full,primary,1,2,4,development_combined,Raw FPLS,ok,ok,True,52,191,validate:037,validate,37,197.0,197.36746103783955,0.3674610378395471,156
development_repeated_nested_cv,primary_instrument1_full,primary,1,2,4,development_combined,Arnoldi FPLS,ok,ok,True,6,0,calibrate:001,calibrate,1,200.10000610351562,197.371695272332,-2.72831083118362,156
development_repeated_nested_cv,primary_instrument1_full,primary,1,2,4,development_combined,Arnoldi FPLS,ok,ok,True,6,1,calibrate:002,calibrate,2,198.6999969482422,195.1500133287456,-3.549983619496601,156
development_repeated_nested_cv,primary_instrument1_full,primary,1,2,4,development_combined,Arnoldi FPLS,ok,ok,True,6,5,calibrate:006,calibrate,6,198.3000030517578,194.30983291580256,-3.9901701359552533,156
development_repeated_nested_cv,primary_instrument1_full,primary,1,2,4,development_combined,Arnoldi FPLS,ok,ok,True,6,15,calibrate:016,calibrate,16,173.8000030517578,175.9111027270883,2.111099675330479,156
development_repeated_nested_cv,primary_instrument1_full,primary,1,2,4,development_combined,Arnoldi FPLS,ok,ok,True,6,16,calibrate:017,calibrate,17,222.5,217.85381152771745,-4.646188472282546,156
development_repeated_nested_cv,primary_instrument1_full,primary,1,2,4,development_combined,Arnoldi FPLS,ok,ok,True,6,25,calibrate:026,calibrate,26,214.3000030517578,214.97621546527952,0.6762124135217107,156
development_repeated_nested_cv,primary_instrument1_full,primary,1,2,4,development_combined,Arnoldi FPLS,ok,ok,True,6,30,calibrate:031,calibrate,31,184.1999969482422,186.14611993498158,1.9461229867393968,156
development_repeated_nested_cv,primary_instrument1_full,primary,1,2,4,development_combined,Arnoldi FPLS,ok,ok,True,6,32,calibrate:033,calibrate,33,183.0,186.57291872913447,3.5729187291344715,156
development_repeated_nested_cv,primary_instrument1_full,primary,1,2,4,development_combined,Arnoldi FPLS,ok,ok,True,6,33,calibrate:034,calibrate,34,231.89999389648438,237.07124521715627,5.1712513206718995,156
development_repeated_nested_cv,primary_instrument1_full,primary,1,2,4,development_combined,Arnoldi FPLS,ok,ok,True,6,34,calibrate:035,calibrate,35,218.0,218.47320309747695,0.4732030974769543,156
development_repeated_nested_cv,primary_instrument1_full,primary,1,2,4,development_combined,Arnoldi FPLS,ok,ok,True,6,36,calibrate:037,calibrate,37,177.5,177.39693442023224,-0.10306557976775821,156
development_repeated_nested_cv,primary_instrument1_full,primary,1,2,4,development_combined,Arnoldi FPLS,ok,ok,True,6,38,calibrate:039,calibrate,39,214.10000610351562,213.43789744743742,-0.6621086560782032,156
development_repeated_nested_cv,primary_instrument1_full,primary,1,2,4,development_combined,Arnoldi FPLS,ok,ok,True,6,40,calibrate:041,calibrate,41,206.60000610351562,205.9166398231965,-0.6833662803191203,156
development_repeated_nested_cv,primary_instrument1_full,primary,1,2,4,development_combined,Arnoldi FPLS,ok,ok,True,6,41,calibrate:042,calibrate,42,187.5,187.41197015571717,-0.08802984428282912,156
development_repeated_nested_cv,primary_instrument1_full,primary,1,2,4,development_combined,Arnoldi FPLS,ok,ok,True,6,48,calibrate:049,calibrate,49,186.3000030517578,187.4914091634925,1.1914061117346932,156
development_repeated_nested_cv,primary_instrument1_full,primary,1,2,4,development_combined,Arnoldi FPLS,ok,ok,True,6,51,calibrate:052,calibrate,52,231.89999389648438,234.58926035627562,2.6892664597912415,156
development_repeated_nested_cv,primary_instrument1_full,primary,1,2,4,development_combined,Arnoldi FPLS,ok,ok,True,6,53,calibrate:054,calibrate,54,221.5,216.597404952802,-4.902595047197991,156
development_repeated_nested_cv,primary_instrument1_full,primary,1,2,4,development_combined,Arnoldi FPLS,ok,ok,True,6,59,calibrate:060,calibrate,60,172.3000030517578,175.74522528759434,3.4452222358365248,156
development_repeated_nested_cv,primary_instrument1_full,primary,1,2,4,development_combined,Arnoldi FPLS,ok,ok,True,6,62,calibrate:063,calibrate,63,176.5,177.80944339675045,1.3094433967504528,156
development_repeated_nested_cv,primary_instrument1_full,primary,1,2,4,development_combined,Arnoldi FPLS,ok,ok,True,6,63,calibrate:064,calibrate,64,156.1999969482422,158.8173238409527,2.6173268927105084,156
development_repeated_nested_cv,primary_instrument1_full,primary,1,2,4,development_combined,Arnoldi FPLS,ok,ok,True,6,64,calibrate:065,calibrate,65,158.1999969482422,163.30273224793035,5.102735299688163,156
development_repeated_nested_cv,primary_instrument1_full,primary,1,2,4,development_combined,Arnoldi FPLS,ok,ok,True,6,69,calibrate:070,calibrate,70,159.3000030517578,163.67537721362487,4.375374161867057,156
development_repeated_nested_cv,primary_instrument1_full,primary,1,2,4,development_combined,Arnoldi FPLS,ok,ok,True,6,71,calibrate:072,calibrate,72,201.8000030517578,204.78210563894172,2.9821025871839026,156
development_repeated_nested_cv,primary_instrument1_full,primary,1,2,4,development_combined,Arnoldi FPLS,ok,ok,True,6,89,calibrate:090,calibrate,90,173.39999389648438,178.31184487250258,4.911850976018201,156
development_repeated_nested_cv,primary_instrument1_full,primary,1,2,4,development_combined,Arnoldi FPLS,ok,ok,True,6,92,calibrate:093,calibrate,93,203.89999389648438,205.95914767987693,2.05915378339256,156
development_repeated_nested_cv,primary_instrument1_full,primary,1,2,4,development_combined,Arnoldi FPLS,ok,ok,True,6,102,calibrate:103,calibrate,103,151.60000610351562,160.78123157698008,9.181225473464451,156
development_repeated_nested_cv,primary_instrument1_full,primary,1,2,4,development_combined,Arnoldi FPLS,ok,ok,True,6,111,calibrate:112,calibrate,112,220.0,217.8224080676341,-2.177591932365914,156
development_repeated_nested_cv,primary_instrument1_full,primary,1,2,4,development_combined,Arnoldi FPLS,ok,ok,True,6,121,calibrate:122,calibrate,122,176.89999389648438,155.99738471884916,-20.902609177635213,156
development_repeated_nested_cv,primary_instrument1_full,primary,1,2,4,development_combined,Arnoldi FPLS,ok,ok,True,6,136,calibrate:137,calibrate,137,192.60000610351562,178.84300230356368,-13.757003799951946,156
development_repeated_nested_cv,primary_instrument1_full,primary,1,2,4,development_combined,Arnoldi FPLS,ok,ok,True,6,138,calibrate:139,calibrate,139,191.1999969482422,198.01569285862843,6.815695910386239,156
development_repeated_nested_cv,primary_instrument1_full,primary,1,2,4,development_combined,Arnoldi FPLS,ok,ok,True,6,141,calibrate:142,calibrate,142,196.3000030517578,192.5340973915084,-3.765905660249416,156
development_repeated_nested_cv,primary_instrument1_full,primary,1,2,4,development_combined,Arnoldi FPLS,ok,ok,True,6,157,validate:003,validate,3,191.89999389648438,200.70537095902728,8.805377062542902,156
development_repeated_nested_cv,primary_instrument1_full,primary,1,2,4,development_combined,Arnoldi FPLS,ok,ok,True,6,161,validate:007,validate,7,195.89999389648438,191.7434271093723,-4.1565667871120695,156
development_repeated_nested_cv,primary_instrument1_full,primary,1,2,4,development_combined,Arnoldi FPLS,ok,ok,True,6,162,validate:008,validate,8,194.89999389648438,194.28255045156783,-0.617443444916546,156
development_repeated_nested_cv,primary_instrument1_full,primary,1,2,4,development_combined,Arnoldi FPLS,ok,ok,True,6,168,validate:014,validate,14,197.5,192.3274127240287,-5.172587275971296,156
development_repeated_nested_cv,primary_instrument1_full,primary,1,2,4,development_combined,Arnoldi FPLS,ok,ok,True,6,175,validate:021,validate,21,195.10000610351562,196.29776894663408,1.1977628431184542,156
development_repeated_nested_cv,primary_instrument1_full,primary,1,2,4,development_combined,Arnoldi FPLS,ok,ok,True,6,187,validate:033,validate,33,194.1999969482422,198.71864355488094,4.518646606638754,156
development_repeated_nested_cv,primary_instrument1_full,primary,1,2,4,development_combined,Arnoldi FPLS,ok,ok,True,6,188,validate:034,validate,34,193.39999389648438,199.1443867326047,5.744392836120312,156
development_repeated_nested_cv,primary_instrument1_full,primary,1,2,4,development_combined,Arnoldi FPLS,ok,ok,True,6,191,validate:037,validate,37,197.0,196.59794990763538,-0.4020500923646182,156
development_repeated_nested_cv,primary_instrument1_full,primary,1,2,4,development_combined,FPCR,ok,ok,True,21,0,calibrate:001,calibrate,1,200.10000610351562,197.18752817704458,-2.912477926471041,156
development_repeated_nested_cv,primary_instrument1_full,primary,1,2,4,development_combined,FPCR,ok,ok,True,21,1,calibrate:002,calibrate,2,198.6999969482422,194.6506519696308,-4.049344978611401,156
development_repeated_nested_cv,primary_instrument1_full,primary,1,2,4,development_combined,FPCR,ok,ok,True,21,5,calibrate:006,calibrate,6,198.3000030517578,190.19869335857638,-8.101309693181435,156
development_repeated_nested_cv,primary_instrument1_full,primary,1,2,4,development_combined,FPCR,ok,ok,True,21,15,calibrate:016,calibrate,16,173.8000030517578,176.58446163803526,2.7844585862774522,156
development_repeated_nested_cv,primary_instrument1_full,primary,1,2,4,development_combined,FPCR,ok,ok,True,21,16,calibrate:017,calibrate,17,222.5,217.13216879257496,-5.367831207425041,156
development_repeated_nested_cv,primary_instrument1_full,primary,1,2,4,development_combined,FPCR,ok,ok,True,21,25,calibrate:026,calibrate,26,214.3000030517578,216.0155414869725,1.7155384352146825,156
development_repeated_nested_cv,primary_instrument1_full,primary,1,2,4,development_combined,FPCR,ok,ok,True,21,30,calibrate:031,calibrate,31,184.1999969482422,186.0471473550463,1.8471504068041043,156
development_repeated_nested_cv,primary_instrument1_full,primary,1,2,4,development_combined,FPCR,ok,ok,True,21,32,calibrate:033,calibrate,33,183.0,186.46553506209935,3.465535062099349,156
development_repeated_nested_cv,primary_instrument1_full,primary,1,2,4,development_combined,FPCR,ok,ok,True,21,33,calibrate:034,calibrate,34,231.89999389648438,235.02987230447073,3.1298784079863537,156
development_repeated_nested_cv,primary_instrument1_full,primary,1,2,4,development_combined,FPCR,ok,ok,True,21,34,calibrate:035,calibrate,35,218.0,219.15094112021302,1.1509411202130195,156
development_repeated_nested_cv,primary_instrument1_full,primary,1,2,4,development_combined,FPCR,ok,ok,True,21,36,calibrate:037,calibrate,37,177.5,178.62873088298835,1.12873088298835,156
development_repeated_nested_cv,primary_instrument1_full,primary,1,2,4,development_combined,FPCR,ok,ok,True,21,38,calibrate:039,calibrate,39,214.10000610351562,219.32771831007793,5.227712206562302,156
development_repeated_nested_cv,primary_instrument1_full,primary,1,2,4,development_combined,FPCR,ok,ok,True,21,40,calibrate:041,calibrate,41,206.60000610351562,205.47807888978036,-1.1219272137352618,156
development_repeated_nested_cv,primary_instrument1_full,primary,1,2,4,development_combined,FPCR,ok,ok,True,21,41,calibrate:042,calibrate,42,187.5,186.85177664613664,-0.6482233538633579,156
development_repeated_nested_cv,primary_instrument1_full,primary,1,2,4,development_combined,FPCR,ok,ok,True,21,48,calibrate:049,calibrate,49,186.3000030517578,187.75291644176394,1.452913390006131,156
development_repeated_nested_cv,primary_instrument1_full,primary,1,2,4,development_combined,FPCR,ok,ok,True,21,51,calibrate:052,calibrate,52,231.89999389648438,232.58581655596612,0.6858226594817438,156
development_repeated_nested_cv,primary_instrument1_full,primary,1,2,4,development_combined,FPCR,ok,ok,True,21,53,calibrate:054,calibrate,54,221.5,215.20545347020862,-6.294546529791376,156
development_repeated_nested_cv,primary_instrument1_full,primary,1,2,4,development_combined,FPCR,ok,ok,True,21,59,calibrate:060,calibrate,60,172.3000030517578,175.0294226303037,2.729419578545901,156
development_repeated_nested_cv,primary_instrument1_full,primary,1,2,4,development_combined,FPCR,ok,ok,True,21,62,calibrate:063,calibrate,63,176.5,175.30426608302832,-1.195733916971676,156
development_repeated_nested_cv,primary_instrument1_full,primary,1,2,4,development_combined,FPCR,ok,ok,True,21,63,calibrate:064,calibrate,64,156.1999969482422,158.5846137374121,2.384616789169911,156
development_repeated_nested_cv,primary_instrument1_full,primary,1,2,4,development_combined,FPCR,ok,ok,True,21,64,calibrate:065,calibrate,65,158.1999969482422,163.55733384073002,5.357336892487837,156
development_repeated_nested_cv,primary_instrument1_full,primary,1,2,4,development_combined,FPCR,ok,ok,True,21,69,calibrate:070,calibrate,70,159.3000030517578,163.7391811769673,4.43917812520948,156
development_repeated_nested_cv,primary_instrument1_full,primary,1,2,4,development_combined,FPCR,ok,ok,True,21,71,calibrate:072,calibrate,72,201.8000030517578,204.14781369021097,2.3478106384531543,156
development_repeated_nested_cv,primary_instrument1_full,primary,1,2,4,development_combined,FPCR,ok,ok,True,21,89,calibrate:090,calibrate,90,173.39999389648438,179.66109158796633,6.26109769148195,156
development_repeated_nested_cv,primary_instrument1_full,primary,1,2,4,development_combined,FPCR,ok,ok,True,21,92,calibrate:093,calibrate,93,203.89999389648438,205.6166433688028,1.7166494723184371,156
development_repeated_nested_cv,primary_instrument1_full,primary,1,2,4,development_combined,FPCR,ok,ok,True,21,102,calibrate:103,calibrate,103,151.60000610351562,161.87147783070424,10.271471727188612,156
development_repeated_nested_cv,primary_instrument1_full,primary,1,2,4,development_combined,FPCR,ok,ok,True,21,111,calibrate:112,calibrate,112,220.0,219.78398536312497,-0.21601463687503042,156
development_repeated_nested_cv,primary_instrument1_full,primary,1,2,4,development_combined,FPCR,ok,ok,True,21,121,calibrate:122,calibrate,122,176.89999389648438,156.2734311202061,-20.626562776278263,156
development_repeated_nested_cv,primary_instrument1_full,primary,1,2,4,development_combined,FPCR,ok,ok,True,21,136,calibrate:137,calibrate,137,192.60000610351562,178.68591973245435,-13.914086371061273,156
development_repeated_nested_cv,primary_instrument1_full,primary,1,2,4,development_combined,FPCR,ok,ok,True,21,138,calibrate:139,calibrate,139,191.1999969482422,197.24545074519727,6.045453796955087,156
development_repeated_nested_cv,primary_instrument1_full,primary,1,2,4,development_combined,FPCR,ok,ok,True,21,141,calibrate:142,calibrate,142,196.3000030517578,191.56592103995686,-4.73408201180095,156
development_repeated_nested_cv,primary_instrument1_full,primary,1,2,4,development_combined,FPCR,ok,ok,True,21,157,validate:003,validate,3,191.89999389648438,201.06193466383434,9.16194076734996,156
development_repeated_nested_cv,primary_instrument1_full,primary,1,2,4,development_combined,FPCR,ok,ok,True,21,161,validate:007,validate,7,195.89999389648438,191.9552745797717,-3.9447193167126784,156
development_repeated_nested_cv,primary_instrument1_full,primary,1,2,4,development_combined,FPCR,ok,ok,True,21,162,validate:008,validate,8,194.89999389648438,193.24849711753066,-1.6514967789537138,156
development_repeated_nested_cv,primary_instrument1_full,primary,1,2,4,development_combined,FPCR,ok,ok,True,21,168,validate:014,validate,14,197.5,193.42348481686486,-4.076515183135143,156
development_repeated_nested_cv,primary_instrument1_full,primary,1,2,4,development_combined,FPCR,ok,ok,True,21,175,validate:021,validate,21,195.10000610351562,196.71123105996384,1.6112249564482113,156
development_repeated_nested_cv,primary_instrument1_full,primary,1,2,4,development_combined,FPCR,ok,ok,True,21,187,validate:033,validate,33,194.1999969482422,198.58699220147182,4.386995253229628,156
development_repeated_nested_cv,primary_instrument1_full,primary,1,2,4,development_combined,FPCR,ok,ok,True,21,188,validate:034,validate,34,193.39999389648438,201.1252647287644,7.725270832280017,156
development_repeated_nested_cv,primary_instrument1_full,primary,1,2,4,development_combined,FPCR,ok,ok,True,21,191,validate:037,validate,37,197.0,195.18811232519045,-1.8118876748095545,156
development_repeated_nested_cv,primary_instrument1_full,primary,1,2,5,development_combined,CG-FPLS-code,ok,ok,True,3,3,calibrate:004,calibrate,4,199.89999389648438,195.88179230246152,-4.018201594022855,156
development_repeated_nested_cv,primary_instrument1_full,primary,1,2,5,development_combined,CG-FPLS-code,ok,ok,True,3,6,calibrate:007,calibrate,7,200.10000610351562,193.81465601116204,-6.285350092353582,156
development_repeated_nested_cv,primary_instrument1_full,primary,1,2,5,development_combined,CG-FPLS-code,ok,ok,True,3,9,calibrate:010,calibrate,10,181.10000610351562,179.4108180749037,-1.6891880286119374,156
development_repeated_nested_cv,primary_instrument1_full,primary,1,2,5,development_combined,CG-FPLS-code,ok,ok,True,3,13,calibrate:014,calibrate,14,221.3000030517578,217.13053847132642,-4.169464580431395,156
development_repeated_nested_cv,primary_instrument1_full,primary,1,2,5,development_combined,CG-FPLS-code,ok,ok,True,3,17,calibrate:018,calibrate,18,221.89999389648438,218.90233261202363,-2.9976612844607473,156
development_repeated_nested_cv,primary_instrument1_full,primary,1,2,5,development_combined,CG-FPLS-code,ok,ok,True,3,18,calibrate:019,calibrate,19,159.5,177.7467396030568,18.246739603056795,156
development_repeated_nested_cv,primary_instrument1_full,primary,1,2,5,development_combined,CG-FPLS-code,ok,ok,True,3,24,calibrate:025,calibrate,25,177.1999969482422,176.36329788141762,-0.8366990668245649,156
development_repeated_nested_cv,primary_instrument1_full,primary,1,2,5,development_combined,CG-FPLS-code,ok,ok,True,3,43,calibrate:044,calibrate,44,186.89999389648438,186.48474804755375,-0.4152458489306241,156
development_repeated_nested_cv,primary_instrument1_full,primary,1,2,5,development_combined,CG-FPLS-code,ok,ok,True,3,52,calibrate:053,calibrate,53,171.39999389648438,176.80043104396424,5.400437147479863,156
development_repeated_nested_cv,primary_instrument1_full,primary,1,2,5,development_combined,CG-FPLS-code,ok,ok,True,3,61,calibrate:062,calibrate,62,176.6999969482422,178.6640391835832,1.9640422353410258,156
development_repeated_nested_cv,primary_instrument1_full,primary,1,2,5,development_combined,CG-FPLS-code,ok,ok,True,3,66,calibrate:067,calibrate,67,215.60000610351562,218.22505323709123,2.625047133575606,156
development_repeated_nested_cv,primary_instrument1_full,primary,1,2,5,development_combined,CG-FPLS-code,ok,ok,True,3,68,calibrate:069,calibrate,69,233.1999969482422,230.1050453018739,-3.094951646368287,156
development_repeated_nested_cv,primary_instrument1_full,primary,1,2,5,development_combined,CG-FPLS-code,ok,ok,True,3,70,calibrate:071,calibrate,71,218.8000030517578,221.44434938454134,2.6443463327835275,156
development_repeated_nested_cv,primary_instrument1_full,primary,1,2,5,development_combined,CG-FPLS-code,ok,ok,True,3,73,calibrate:074,calibrate,74,213.8000030517578,215.59063165187843,1.7906286001206126,156
development_repeated_nested_cv,primary_instrument1_full,primary,1,2,5,development_combined,CG-FPLS-code,ok,ok,True,3,75,calibrate:076,calibrate,76,178.10000610351562,178.6990780027659,0.5990718992502764,156
development_repeated_nested_cv,primary_instrument1_full,primary,1,2,5,development_combined,CG-FPLS-code,ok,ok,True,3,76,calibrate:077,calibrate,77,158.10000610351562,158.44582690830308,0.3458208047874507,156
development_repeated_nested_cv,primary_instrument1_full,primary,1,2,5,development_combined,CG-FPLS-code,ok,ok,True,3,79,calibrate:080,calibrate,80,208.39999389648438,205.47769020789374,-2.922303688590631,156
development_repeated_nested_cv,primary_instrument1_full,primary,1,2,5,development_combined,CG-FPLS-code,ok,ok,True,3,80,calibrate:081,calibrate,81,172.3000030517578,177.4953507580247,5.195347706266887,156
development_repeated_nested_cv,primary_instrument1_full,primary,1,2,5,development_combined,CG-FPLS-code,ok,ok,True,3,97,calibrate:098,calibrate,98,183.8000030517578,184.59286219412203,0.7928591423642217,156
development_repeated_nested_cv,primary_instrument1_full,primary,1,2,5,development_combined,CG-FPLS-code,ok,ok,True,3,100,calibrate:101,calibrate,101,216.5,217.48316826418096,0.9831682641809607,156
development_repeated_nested_cv,primary_instrument1_full,primary,1,2,5,development_combined,CG-FPLS-code,ok,ok,True,3,101,calibrate:102,calibrate,102,203.6999969482422,206.19385922985208,2.4938622816098928,156
development_repeated_nested_cv,primary_instrument1_full,primary,1,2,5,development_combined,CG-FPLS-code,ok,ok,True,3,104,calibrate:105,calibrate,105,157.0,162.06277032153653,5.062770321536533,156
development_repeated_nested_cv,primary_instrument1_full,primary,1,2,5,development_combined,CG-FPLS-code,ok,ok,True,3,109,calibrate:110,calibrate,110,231.10000610351562,229.69976264221987,-1.4002434612957586,156
development_repeated_nested_cv,primary_instrument1_full,primary,1,2,5,development_combined,CG-FPLS-code,ok,ok,True,3,119,calibrate:120,calibrate,120,204.60000610351562,205.25168182861196,0.6516757250963394,156
development_repeated_nested_cv,primary_instrument1_full,primary,1,2,5,development_combined,CG-FPLS-code,ok,ok,True,3,123,calibrate:124,calibrate,124,175.5,179.22317724257258,3.723177242572575,156
development_repeated_nested_cv,primary_instrument1_full,primary,1,2,5,development_combined,CG-FPLS-code,ok,ok,True,3,129,calibrate:130,calibrate,130,154.60000610351562,166.3276521801264,11.727646076610768,156
development_repeated_nested_cv,primary_instrument1_full,primary,1,2,5,development_combined,CG-FPLS-code,ok,ok,True,3,132,calibrate:133,calibrate,133,186.6999969482422,194.6837836342208,7.9837866859786,156
development_repeated_nested_cv,primary_instrument1_full,primary,1,2,5,development_combined,CG-FPLS-code,ok,ok,True,3,133,calibrate:134,calibrate,134,192.8000030517578,190.61714964094108,-2.1828534108167332,156
development_repeated_nested_cv,primary_instrument1_full,primary,1,2,5,development_combined,CG-FPLS-code,ok,ok,True,3,134,calibrate:135,calibrate,135,188.6999969482422,189.1885195302469,0.48852258200471965,156
development_repeated_nested_cv,primary_instrument1_full,primary,1,2,5,development_combined,CG-FPLS-code,ok,ok,True,3,143,calibrate:144,calibrate,144,194.60000610351562,189.67893602573227,-4.921070077783355,156
development_repeated_nested_cv,primary_instrument1_full,primary,1,2,5,development_combined,CG-FPLS-code,ok,ok,True,3,147,calibrate:148,calibrate,148,197.8000030517578,189.93829027523822,-7.861712776519596,156
development_repeated_nested_cv,primary_instrument1_full,primary,1,2,5,development_combined,CG-FPLS-code,ok,ok,True,3,158,validate:004,validate,4,189.39999389648438,196.1667998830151,6.766805986530727,156
development_repeated_nested_cv,primary_instrument1_full,primary,1,2,5,development_combined,CG-FPLS-code,ok,ok,True,3,160,validate:006,validate,6,194.5,194.61893203086183,0.1189320308618278,156
development_repeated_nested_cv,primary_instrument1_full,primary,1,2,5,development_combined,CG-FPLS-code,ok,ok,True,3,170,validate:016,validate,16,193.60000610351562,196.64545048364818,3.045444380132551,156
development_repeated_nested_cv,primary_instrument1_full,primary,1,2,5,development_combined,CG-FPLS-code,ok,ok,True,3,179,validate:025,validate,25,195.5,195.48326157477234,-0.01673842522765767,156
development_repeated_nested_cv,primary_instrument1_full,primary,1,2,5,development_combined,CG-FPLS-code,ok,ok,True,3,182,validate:028,validate,28,195.0,198.47419619497452,3.4741961949745246,156
development_repeated_nested_cv,primary_instrument1_full,primary,1,2,5,development_combined,CG-FPLS-code,ok,ok,True,3,186,validate:032,validate,32,197.5,193.1872812957283,-4.312718704271703,156
development_repeated_nested_cv,primary_instrument1_full,primary,1,2,5,development_combined,CG-FPLS-code,ok,ok,True,3,190,validate:036,validate,36,194.6999969482422,199.73706524657362,5.037068298331434,156
development_repeated_nested_cv,primary_instrument1_full,primary,1,2,5,development_combined,CG-FPLS-code,ok,ok,True,3,192,validate:038,validate,38,197.39999389648438,196.24604501340053,-1.1539488830838422,156
development_repeated_nested_cv,primary_instrument1_full,primary,1,2,5,development_combined,Raw FPLS,ok,ok,True,44,3,calibrate:004,calibrate,4,199.89999389648438,190.98825374608583,-8.911740150398543,156
development_repeated_nested_cv,primary_instrument1_full,primary,1,2,5,development_combined,Raw FPLS,ok,ok,True,44,6,calibrate:007,calibrate,7,200.10000610351562,199.49996069209197,-0.6000454114236504,156
development_repeated_nested_cv,primary_instrument1_full,primary,1,2,5,development_combined,Raw FPLS,ok,ok,True,44,9,calibrate:010,calibrate,10,181.10000610351562,178.9539530693722,-2.1460530341434207,156
development_repeated_nested_cv,primary_instrument1_full,primary,1,2,5,development_combined,Raw FPLS,ok,ok,True,44,13,calibrate:014,calibrate,14,221.3000030517578,218.54104582057553,-2.758957231182279,156
development_repeated_nested_cv,primary_instrument1_full,primary,1,2,5,development_combined,Raw FPLS,ok,ok,True,44,17,calibrate:018,calibrate,18,221.89999389648438,220.22540556508721,-1.6745883313971603,156
development_repeated_nested_cv,primary_instrument1_full,primary,1,2,5,development_combined,Raw FPLS,ok,ok,True,44,18,calibrate:019,calibrate,19,159.5,178.48610335409148,18.986103354091483,156
development_repeated_nested_cv,primary_instrument1_full,primary,1,2,5,development_combined,Raw FPLS,ok,ok,True,44,24,calibrate:025,calibrate,25,177.1999969482422,176.41212159315427,-0.7878753550879196,156
development_repeated_nested_cv,primary_instrument1_full,primary,1,2,5,development_combined,Raw FPLS,ok,ok,True,44,43,calibrate:044,calibrate,44,186.89999389648438,190.02250007585786,3.122506179373488,156
development_repeated_nested_cv,primary_instrument1_full,primary,1,2,5,development_combined,Raw FPLS,ok,ok,True,44,52,calibrate:053,calibrate,53,171.39999389648438,178.0434527149612,6.64345881847683,156
development_repeated_nested_cv,primary_instrument1_full,primary,1,2,5,development_combined,Raw FPLS,ok,ok,True,44,61,calibrate:062,calibrate,62,176.6999969482422,177.27715406773376,0.5771571194915737,156
development_repeated_nested_cv,primary_instrument1_full,primary,1,2,5,development_combined,Raw FPLS,ok,ok,True,44,66,calibrate:067,calibrate,67,215.60000610351562,217.01119653233062,1.4111904288149901,156
development_repeated_nested_cv,primary_instrument1_full,primary,1,2,5,development_combined,Raw FPLS,ok,ok,True,44,68,calibrate:069,calibrate,69,233.1999969482422,235.16234210418352,1.9623451559413354,156
development_repeated_nested_cv,primary_instrument1_full,primary,1,2,5,development_combined,Raw FPLS,ok,ok,True,44,70,calibrate:071,calibrate,71,218.8000030517578,217.92403653220788,-0.8759665195499338,156
development_repeated_nested_cv,primary_instrument1_full,primary,1,2,5,development_combined,Raw FPLS,ok,ok,True,44,73,calibrate:074,calibrate,74,213.8000030517578,213.54621700786572,-0.2537860438920916,156
development_repeated_nested_cv,primary_instrument1_full,primary,1,2,5,development_combined,Raw FPLS,ok,ok,True,44,75,calibrate:076,calibrate,76,178.10000610351562,174.7929507577026,-3.307055345813012,156
development_repeated_nested_cv,primary_instrument1_full,primary,1,2,5,development_combined,Raw FPLS,ok,ok,True,44,76,calibrate:077,calibrate,77,158.10000610351562,158.2251113086387,0.1251052051230772,156
development_repeated_nested_cv,primary_instrument1_full,primary,1,2,5,development_combined,Raw FPLS,ok,ok,True,44,79,calibrate:080,calibrate,80,208.39999389648438,202.40167153572608,-5.998322360758294,156
development_repeated_nested_cv,primary_instrument1_full,primary,1,2,5,development_combined,Raw FPLS,ok,ok,True,44,80,calibrate:081,calibrate,81,172.3000030517578,175.65186808396547,3.3518650322076553,156
development_repeated_nested_cv,primary_instrument1_full,primary,1,2,5,development_combined,Raw FPLS,ok,ok,True,44,97,calibrate:098,calibrate,98,183.8000030517578,187.4123216846027,3.6123186328448753,156
development_repeated_nested_cv,primary_instrument1_full,primary,1,2,5,development_combined,Raw FPLS,ok,ok,True,44,100,calibrate:101,calibrate,101,216.5,217.3143248116973,0.8143248116973041,156
development_repeated_nested_cv,primary_instrument1_full,primary,1,2,5,development_combined,Raw FPLS,ok,ok,True,44,101,calibrate:102,calibrate,102,203.6999969482422,208.2321426121565,4.532145663914321,156
development_repeated_nested_cv,primary_instrument1_full,primary,1,2,5,development_combined,Raw FPLS,ok,ok,True,44,104,calibrate:105,calibrate,105,157.0,159.12264013201076,2.1226401320107584,156
development_repeated_nested_cv,primary_instrument1_full,primary,1,2,5,development_combined,Raw FPLS,ok,ok,True,44,109,calibrate:110,calibrate,110,231.10000610351562,235.21924667563457,4.11924057211894,156
development_repeated_nested_cv,primary_instrument1_full,primary,1,2,5,development_combined,Raw FPLS,ok,ok,True,44,119,calibrate:120,calibrate,120,204.60000610351562,206.65801695638834,2.0580108528727123,156
development_repeated_nested_cv,primary_instrument1_full,primary,1,2,5,development_combined,Raw FPLS,ok,ok,True,44,123,calibrate:124,calibrate,124,175.5,177.89011187023212,2.3901118702321185,156
development_repeated_nested_cv,primary_instrument1_full,primary,1,2,5,development_combined,Raw FPLS,ok,ok,True,44,129,calibrate:130,calibrate,130,154.60000610351562,162.0340781564031,7.434072052887473,156
development_repeated_nested_cv,primary_instrument1_full,primary,1,2,5,development_combined,Raw FPLS,ok,ok,True,44,132,calibrate:133,calibrate,133,186.6999969482422,190.17322430728302,3.473227359040834,156
development_repeated_nested_cv,primary_instrument1_full,primary,1,2,5,development_combined,Raw FPLS,ok,ok,True,44,133,calibrate:134,calibrate,134,192.8000030517578,194.61078625767857,1.8107832059207567,156
development_repeated_nested_cv,primary_instrument1_full,primary,1,2,5,development_combined,Raw FPLS,ok,ok,True,44,134,calibrate:135,calibrate,135,188.6999969482422,191.09764720320388,2.3976502549616896,156
development_repeated_nested_cv,primary_instrument1_full,primary,1,2,5,development_combined,Raw FPLS,ok,ok,True,44,143,calibrate:144,calibrate,144,194.60000610351562,190.18950097147038,-4.410505132045245,156
development_repeated_nested_cv,primary_instrument1_full,primary,1,2,5,development_combined,Raw FPLS,ok,ok,True,44,147,calibrate:148,calibrate,148,197.8000030517578,190.39959237358312,-7.400410678174694,156
development_repeated_nested_cv,primary_instrument1_full,primary,1,2,5,development_combined,Raw FPLS,ok,ok,True,44,158,validate:004,validate,4,189.39999389648438,193.17733383162042,3.777339935136041,156
development_repeated_nested_cv,primary_instrument1_full,primary,1,2,5,development_combined,Raw FPLS,ok,ok,True,44,160,validate:006,validate,6,194.5,190.86312053894716,-3.6368794610528425,156
development_repeated_nested_cv,primary_instrument1_full,primary,1,2,5,development_combined,Raw FPLS,ok,ok,True,44,170,validate:016,validate,16,193.60000610351562,191.7500648842321,-1.8499412192835223,156
development_repeated_nested_cv,primary_instrument1_full,primary,1,2,5,development_combined,Raw FPLS,ok,ok,True,44,179,validate:025,validate,25,195.5,199.9873804364919,4.48738043649189,156
development_repeated_nested_cv,primary_instrument1_full,primary,1,2,5,development_combined,Raw FPLS,ok,ok,True,44,182,validate:028,validate,28,195.0,199.38190621192658,4.381906211926577,156
development_repeated_nested_cv,primary_instrument1_full,primary,1,2,5,development_combined,Raw FPLS,ok,ok,True,44,186,validate:032,validate,32,197.5,196.16624583622823,-1.333754163771772,156
development_repeated_nested_cv,primary_instrument1_full,primary,1,2,5,development_combined,Raw FPLS,ok,ok,True,44,190,validate:036,validate,36,194.6999969482422,200.37440091315878,5.674403964916593,156
development_repeated_nested_cv,primary_instrument1_full,primary,1,2,5,development_combined,Raw FPLS,ok,ok,True,44,192,validate:038,validate,38,197.39999389648438,197.1521939637874,-0.24779993269697798,156
development_repeated_nested_cv,primary_instrument1_full,primary,1,2,5,development_combined,Arnoldi FPLS,ok,ok,True,5,3,calibrate:004,calibrate,4,199.89999389648438,190.99336686896822,-8.906627027516151,156
development_repeated_nested_cv,primary_instrument1_full,primary,1,2,5,development_combined,Arnoldi FPLS,ok,ok,True,5,6,calibrate:007,calibrate,7,200.10000610351562,199.51653477255834,-0.5834713309572805,156
development_repeated_nested_cv,primary_instrument1_full,primary,1,2,5,development_combined,Arnoldi FPLS,ok,ok,True,5,9,calibrate:010,calibrate,10,181.10000610351562,178.96330575994793,-2.1367003435676963,156
development_repeated_nested_cv,primary_instrument1_full,primary,1,2,5,development_combined,Arnoldi FPLS,ok,ok,True,5,13,calibrate:014,calibrate,14,221.3000030517578,218.55642596150636,-2.743577090251449,156
development_repeated_nested_cv,primary_instrument1_full,primary,1,2,5,development_combined,Arnoldi FPLS,ok,ok,True,5,17,calibrate:018,calibrate,18,221.89999389648438,220.2276006423221,-1.672393254162273,156
development_repeated_nested_cv,primary_instrument1_full,primary,1,2,5,development_combined,Arnoldi FPLS,ok,ok,True,5,18,calibrate:019,calibrate,19,159.5,178.4838528935857,18.98385289358569,156
development_repeated_nested_cv,primary_instrument1_full,primary,1,2,5,development_combined,Arnoldi FPLS,ok,ok,True,5,24,calibrate:025,calibrate,25,177.1999969482422,176.4164627077347,-0.7835342405074925,156
development_repeated_nested_cv,primary_instrument1_full,primary,1,2,5,development_combined,Arnoldi FPLS,ok,ok,True,5,43,calibrate:044,calibrate,44,186.89999389648438,190.03479345880655,3.134799562322172,156
development_repeated_nested_cv,primary_instrument1_full,primary,1,2,5,development_combined,Arnoldi FPLS,ok,ok,True,5,52,calibrate:053,calibrate,53,171.39999389648438,178.03423198545772,6.634238088973348,156
development_repeated_nested_cv,primary_instrument1_full,primary,1,2,5,development_combined,Arnoldi FPLS,ok,ok,True,5,61,calibrate:062,calibrate,62,176.6999969482422,177.2485231745415,0.548526226299316,156
development_repeated_nested_cv,primary_instrument1_full,primary,1,2,5,development_combined,Arnoldi FPLS,ok,ok,True,5,66,calibrate:067,calibrate,67,215.60000610351562,217.01731917066957,1.4173130671539411,156
development_repeated_nested_cv,primary_instrument1_full,primary,1,2,5,development_combined,Arnoldi FPLS,ok,ok,True,5,68,calibrate:069,calibrate,69,233.1999969482422,235.18128649034657,1.9812895421043777,156
development_repeated_nested_cv,primary_instrument1_full,primary,1,2,5,development_combined,Arnoldi FPLS,ok,ok,True,5,70,calibrate:071,calibrate,71,218.8000030517578,217.91638946096825,-0.8836135907895653,156
development_repeated_nested_cv,primary_instrument1_full,primary,1,2,5,development_combined,Arnoldi FPLS,ok,ok,True,5,73,calibrate:074,calibrate,74,213.8000030517578,213.56908748452298,-0.2309155672348311,156
development_repeated_nested_cv,primary_instrument1_full,primary,1,2,5,development_combined,Arnoldi FPLS,ok,ok,True,5,75,calibrate:076,calibrate,76,178.10000610351562,174.78790556587504,-3.312100537640589,156
development_repeated_nested_cv,primary_instrument1_full,primary,1,2,5,development_combined,Arnoldi FPLS,ok,ok,True,5,76,calibrate:077,calibrate,77,158.10000610351562,158.22728618230283,0.1272800787872086,156
development_repeated_nested_cv,primary_instrument1_full,primary,1,2,5,development_combined,Arnoldi FPLS,ok,ok,True,5,79,calibrate:080,calibrate,80,208.39999389648438,202.38818713096376,-6.0118067655206175,156
development_repeated_nested_cv,primary_instrument1_full,primary,1,2,5,development_combined,Arnoldi FPLS,ok,ok,True,5,80,calibrate:081,calibrate,81,172.3000030517578,175.64367949270357,3.3436764409457567,156
development_repeated_nested_cv,primary_instrument1_full,primary,1,2,5,development_combined,Arnoldi FPLS,ok,ok,True,5,97,calibrate:098,calibrate,98,183.8000030517578,187.40257741659283,3.6025743648350215,156
development_repeated_nested_cv,primary_instrument1_full,primary,1,2,5,development_combined,Arnoldi FPLS,ok,ok,True,5,100,calibrate:101,calibrate,101,216.5,217.31852361482945,0.818523614829445,156
development_repeated_nested_cv,primary_instrument1_full,primary,1,2,5,development_combined,Arnoldi FPLS,ok,ok,True,5,101,calibrate:102,calibrate,102,203.6999969482422,208.23972891956853,4.539731971326347,156
development_repeated_nested_cv,primary_instrument1_full,primary,1,2,5,development_combined,Arnoldi FPLS,ok,ok,True,5,104,calibrate:105,calibrate,105,157.0,159.12180808665303,2.121808086653033,156
development_repeated_nested_cv,primary_instrument1_full,primary,1,2,5,development_combined,Arnoldi FPLS,ok,ok,True,5,109,calibrate:110,calibrate,110,231.10000610351562,235.19410491548814,4.094098811972515,156
development_repeated_nested_cv,primary_instrument1_full,primary,1,2,5,development_combined,Arnoldi FPLS,ok,ok,True,5,119,calibrate:120,calibrate,120,204.60000610351562,206.66167223802378,2.061666134508158,156
development_repeated_nested_cv,primary_instrument1_full,primary,1,2,5,development_combined,Arnoldi FPLS,ok,ok,True,5,123,calibrate:124,calibrate,124,175.5,177.87705035009859,2.3770503500985853,156
development_repeated_nested_cv,primary_instrument1_full,primary,1,2,5,development_combined,Arnoldi FPLS,ok,ok,True,5,129,calibrate:130,calibrate,130,154.60000610351562,162.03640444529617,7.436398341780546,156
development_repeated_nested_cv,primary_instrument1_full,primary,1,2,5,development_combined,Arnoldi FPLS,ok,ok,True,5,132,calibrate:133,calibrate,133,186.6999969482422,190.1680740899828,3.468077141740622,156
development_repeated_nested_cv,primary_instrument1_full,primary,1,2,5,development_combined,Arnoldi FPLS,ok,ok,True,5,133,calibrate:134,calibrate,134,192.8000030517578,194.64494853217374,1.8449454804159302,156
development_repeated_nested_cv,primary_instrument1_full,primary,1,2,5,development_combined,Arnoldi FPLS,ok,ok,True,5,134,calibrate:135,calibrate,135,188.6999969482422,191.11655759174886,2.4165606435066707,156
development_repeated_nested_cv,primary_instrument1_full,primary,1,2,5,development_combined,Arnoldi FPLS,ok,ok,True,5,143,calibrate:144,calibrate,144,194.60000610351562,190.19596873767406,-4.40403736584156,156
development_repeated_nested_cv,primary_instrument1_full,primary,1,2,5,development_combined,Arnoldi FPLS,ok,ok,True,5,147,calibrate:148,calibrate,148,197.8000030517578,190.41141653693143,-7.388586514826386,156
development_repeated_nested_cv,primary_instrument1_full,primary,1,2,5,development_combined,Arnoldi FPLS,ok,ok,True,5,158,validate:004,validate,4,189.39999389648438,193.19188094221255,3.791887045728174,156
development_repeated_nested_cv,primary_instrument1_full,primary,1,2,5,development_combined,Arnoldi FPLS,ok,ok,True,5,160,validate:006,validate,6,194.5,190.87357685078825,-3.626423149211746,156
development_repeated_nested_cv,primary_instrument1_full,primary,1,2,5,development_combined,Arnoldi FPLS,ok,ok,True,5,170,validate:016,validate,16,193.60000610351562,191.7382952629444,-1.8617108405712202,156
development_repeated_nested_cv,primary_instrument1_full,primary,1,2,5,development_combined,Arnoldi FPLS,ok,ok,True,5,179,validate:025,validate,25,195.5,199.97745678747518,4.477456787475177,156
development_repeated_nested_cv,primary_instrument1_full,primary,1,2,5,development_combined,Arnoldi FPLS,ok,ok,True,5,182,validate:028,validate,28,195.0,199.37930576241178,4.379305762411775,156
development_repeated_nested_cv,primary_instrument1_full,primary,1,2,5,development_combined,Arnoldi FPLS,ok,ok,True,5,186,validate:032,validate,32,197.5,196.14361837341056,-1.3563816265894388,156
development_repeated_nested_cv,primary_instrument1_full,primary,1,2,5,development_combined,Arnoldi FPLS,ok,ok,True,5,190,validate:036,validate,36,194.6999969482422,200.37241117752336,5.6724142292811734,156
development_repeated_nested_cv,primary_instrument1_full,primary,1,2,5,development_combined,Arnoldi FPLS,ok,ok,True,5,192,validate:038,validate,38,197.39999389648438,197.15791296510724,-0.2420809313771315,156
development_repeated_nested_cv,primary_instrument1_full,primary,1,2,5,development_combined,FPCR,ok,ok,True,52,3,calibrate:004,calibrate,4,199.89999389648438,194.88460639089948,-5.015387505584897,156
development_repeated_nested_cv,primary_instrument1_full,primary,1,2,5,development_combined,FPCR,ok,ok,True,52,6,calibrate:007,calibrate,7,200.10000610351562,202.30504857603648,2.2050424725208586,156
development_repeated_nested_cv,primary_instrument1_full,primary,1,2,5,development_combined,FPCR,ok,ok,True,52,9,calibrate:010,calibrate,10,181.10000610351562,172.9675492994441,-8.132456804071523,156
development_repeated_nested_cv,primary_instrument1_full,primary,1,2,5,development_combined,FPCR,ok,ok,True,52,13,calibrate:014,calibrate,14,221.3000030517578,219.25768283988174,-2.042320211876074,156
development_repeated_nested_cv,primary_instrument1_full,primary,1,2,5,development_combined,FPCR,ok,ok,True,52,17,calibrate:018,calibrate,18,221.89999389648438,223.29495546172274,1.3949615652383613,156
development_repeated_nested_cv,primary_instrument1_full,primary,1,2,5,development_combined,FPCR,ok,ok,True,52,18,calibrate:019,calibrate,19,159.5,173.10592420240957,13.605924202409568,156
development_repeated_nested_cv,primary_instrument1_full,primary,1,2,5,development_combined,FPCR,ok,ok,True,52,24,calibrate:025,calibrate,25,177.1999969482422,174.08652906500905,-3.1134678832331417,156
development_repeated_nested_cv,primary_instrument1_full,primary,1,2,5,development_combined,FPCR,ok,ok,True,52,43,calibrate:044,calibrate,44,186.89999389648438,189.10046503629314,2.2004711398087693,156
development_repeated_nested_cv,primary_instrument1_full,primary,1,2,5,development_combined,FPCR,ok,ok,True,52,52,calibrate:053,calibrate,53,171.39999389648438,180.620898464334,9.22090456784963,156
development_repeated_nested_cv,primary_instrument1_full,primary,1,2,5,development_combined,FPCR,ok,ok,True,52,61,calibrate:062,calibrate,62,176.6999969482422,182.37391386851044,5.673916920268255,156
development_repeated_nested_cv,primary_instrument1_full,primary,1,2,5,development_combined,FPCR,ok,ok,True,52,66,calibrate:067,calibrate,67,215.60000610351562,220.01764177228233,4.417635668766707,156
development_repeated_nested_cv,primary_instrument1_full,primary,1,2,5,development_combined,FPCR,ok,ok,True,52,68,calibrate:069,calibrate,69,233.1999969482422,232.89320703741453,-0.3067899108276606,156
development_repeated_nested_cv,primary_instrument1_full,primary,1,2,5,development_combined,FPCR,ok,ok,True,52,70,calibrate:071,calibrate,71,218.8000030517578,217.03218658063253,-1.7678164711252862,156
development_repeated_nested_cv,primary_instrument1_full,primary,1,2,5,development_combined,FPCR,ok,ok,True,52,73,calibrate:074,calibrate,74,213.8000030517578,215.05187824281353,1.251875191055717,156
development_repeated_nested_cv,primary_instrument1_full,primary,1,2,5,development_combined,FPCR,ok,ok,True,52,75,calibrate:076,calibrate,76,178.10000610351562,171.8247887460992,-6.275217357416437,156
development_repeated_nested_cv,primary_instrument1_full,primary,1,2,5,development_combined,FPCR,ok,ok,True,52,76,calibrate:077,calibrate,77,158.10000610351562,158.57916270248901,0.4791565989733897,156
development_repeated_nested_cv,primary_instrument1_full,primary,1,2,5,development_combined,FPCR,ok,ok,True,52,79,calibrate:080,calibrate,80,208.39999389648438,202.8256888257881,-5.574305070696283,156
development_repeated_nested_cv,primary_instrument1_full,primary,1,2,5,development_combined,FPCR,ok,ok,True,52,80,calibrate:081,calibrate,81,172.3000030517578,169.44842790510558,-2.8515751466522374,156
development_repeated_nested_cv,primary_instrument1_full,primary,1,2,5,development_combined,FPCR,ok,ok,True,52,97,calibrate:098,calibrate,98,183.8000030517578,179.50061194073785,-4.299391111019958,156
development_repeated_nested_cv,primary_instrument1_full,primary,1,2,5,development_combined,FPCR,ok,ok,True,52,100,calibrate:101,calibrate,101,216.5,215.6265576631375,-0.873442336862496,156
development_repeated_nested_cv,primary_instrument1_full,primary,1,2,5,development_combined,FPCR,ok,ok,True,52,101,calibrate:102,calibrate,102,203.6999969482422,206.0022860011368,2.302289052894622,156
development_repeated_nested_cv,primary_instrument1_full,primary,1,2,5,development_combined,FPCR,ok,ok,True,52,104,calibrate:105,calibrate,105,157.0,159.47064311340728,2.4706431134072773,156
development_repeated_nested_cv,primary_instrument1_full,primary,1,2,5,development_combined,FPCR,ok,ok,True,52,109,calibrate:110,calibrate,110,231.10000610351562,223.96703963596178,-7.1329664675538424,156
development_repeated_nested_cv,primary_instrument1_full,primary,1,2,5,development_combined,FPCR,ok,ok,True,52,119,calibrate:120,calibrate,120,204.60000610351562,206.88654039330473,2.2865342897891026,156
development_repeated_nested_cv,primary_instrument1_full,primary,1,2,5,development_combined,FPCR,ok,ok,True,52,123,calibrate:124,calibrate,124,175.5,174.36913368618167,-1.1308663138183306,156
development_repeated_nested_cv,primary_instrument1_full,primary,1,2,5,development_combined,FPCR,ok,ok,True,52,129,calibrate:130,calibrate,130,154.60000610351562,159.77248738790314,5.172481284387516,156
development_repeated_nested_cv,primary_instrument1_full,primary,1,2,5,development_combined,FPCR,ok,ok,True,52,132,calibrate:133,calibrate,133,186.6999969482422,192.6888303285781,5.988833380335905,156
development_repeated_nested_cv,primary_instrument1_full,primary,1,2,5,development_combined,FPCR,ok,ok,True,52,133,calibrate:134,calibrate,134,192.8000030517578,201.63955874477264,8.83955569301483,156
development_repeated_nested_cv,primary_instrument1_full,primary,1,2,5,development_combined,FPCR,ok,ok,True,52,134,calibrate:135,calibrate,135,188.6999969482422,198.19686986729468,9.496872919052493,156
development_repeated_nested_cv,primary_instrument1_full,primary,1,2,5,development_combined,FPCR,ok,ok,True,52,143,calibrate:144,calibrate,144,194.60000610351562,187.84993944113722,-6.750066662378401,156
development_repeated_nested_cv,primary_instrument1_full,primary,1,2,5,development_combined,FPCR,ok,ok,True,52,147,calibrate:148,calibrate,148,197.8000030517578,197.79390881630817,-0.006094235449637608,156
development_repeated_nested_cv,primary_instrument1_full,primary,1,2,5,development_combined,FPCR,ok,ok,True,52,158,validate:004,validate,4,189.39999389648438,197.53692248572347,8.13692858923909,156
development_repeated_nested_cv,primary_instrument1_full,primary,1,2,5,development_combined,FPCR,ok,ok,True,52,160,validate:006,validate,6,194.5,190.84174466834963,-3.6582553316503663,156
development_repeated_nested_cv,primary_instrument1_full,primary,1,2,5,development_combined,FPCR,ok,ok,True,52,170,validate:016,validate,16,193.60000610351562,189.77563672944456,-3.8243693740710683,156
development_repeated_nested_cv,primary_instrument1_full,primary,1,2,5,development_combined,FPCR,ok,ok,True,52,179,validate:025,validate,25,195.5,194.17694484838523,-1.323055151614767,156
development_repeated_nested_cv,primary_instrument1_full,primary,1,2,5,development_combined,FPCR,ok,ok,True,52,182,validate:028,validate,28,195.0,198.36670681388762,3.3667068138876175,156
development_repeated_nested_cv,primary_instrument1_full,primary,1,2,5,development_combined,FPCR,ok,ok,True,52,186,validate:032,validate,32,197.5,182.3265652148936,-15.173434785106394,156
development_repeated_nested_cv,primary_instrument1_full,primary,1,2,5,development_combined,FPCR,ok,ok,True,52,190,validate:036,validate,36,194.6999969482422,196.2322060690007,1.5322091207585231,156
development_repeated_nested_cv,primary_instrument1_full,primary,1,2,5,development_combined,FPCR,ok,ok,True,52,192,validate:038,validate,38,197.39999389648438,196.88194959674595,-0.5180442997384205,156
development_repeated_nested_cv,primary_instrument1_full,primary,1,3,1,development_combined,CG-FPLS-code,ok,ok,True,3,4,calibrate:005,calibrate,5,199.3000030517578,190.2797551366997,-9.020247915058121,156
development_repeated_nested_cv,primary_instrument1_full,primary,1,3,1,development_combined,CG-FPLS-code,ok,ok,True,3,6,calibrate:007,calibrate,7,200.10000610351562,191.07789680547515,-9.022109298040476,156
development_repeated_nested_cv,primary_instrument1_full,primary,1,3,1,development_combined,CG-FPLS-code,ok,ok,True,3,13,calibrate:014,calibrate,14,221.3000030517578,215.78017491517735,-5.519828136580458,156
development_repeated_nested_cv,primary_instrument1_full,primary,1,3,1,development_combined,CG-FPLS-code,ok,ok,True,3,19,calibrate:020,calibrate,20,159.3000030517578,161.3482669215893,2.0482638698314872,156
development_repeated_nested_cv,primary_instrument1_full,primary,1,3,1,development_combined,CG-FPLS-code,ok,ok,True,3,21,calibrate:022,calibrate,22,185.89999389648438,188.01345431774067,2.113460421256292,156
development_repeated_nested_cv,primary_instrument1_full,primary,1,3,1,development_combined,CG-FPLS-code,ok,ok,True,3,40,calibrate:041,calibrate,41,206.60000610351562,202.6914191645366,-3.9085869389790275,156
development_repeated_nested_cv,primary_instrument1_full,primary,1,3,1,development_combined,CG-FPLS-code,ok,ok,True,3,41,calibrate:042,calibrate,42,187.5,185.4025233854176,-2.097476614582405,156
development_repeated_nested_cv,primary_instrument1_full,primary,1,3,1,development_combined,CG-FPLS-code,ok,ok,True,3,42,calibrate:043,calibrate,43,159.60000610351562,164.33383827477542,4.733832171259792,156
development_repeated_nested_cv,primary_instrument1_full,primary,1,3,1,development_combined,CG-FPLS-code,ok,ok,True,3,72,calibrate:073,calibrate,73,202.6999969482422,198.85172810768404,-3.8482688405581484,156
development_repeated_nested_cv,primary_instrument1_full,primary,1,3,1,development_combined,CG-FPLS-code,ok,ok,True,3,75,calibrate:076,calibrate,76,178.10000610351562,180.41855581941746,2.3185497159018382,156
development_repeated_nested_cv,primary_instrument1_full,primary,1,3,1,development_combined,CG-FPLS-code,ok,ok,True,3,84,calibrate:085,calibrate,85,177.1999969482422,176.23615685018888,-0.9638400980533106,156
development_repeated_nested_cv,primary_instrument1_full,primary,1,3,1,development_combined,CG-FPLS-code,ok,ok,True,3,89,calibrate:090,calibrate,90,173.39999389648438,180.6805808359856,7.280586939501234,156
development_repeated_nested_cv,primary_instrument1_full,primary,1,3,1,development_combined,CG-FPLS-code,ok,ok,True,3,90,calibrate:091,calibrate,91,216.5,213.69566418746444,-2.8043358125355553,156
development_repeated_nested_cv,primary_instrument1_full,primary,1,3,1,development_combined,CG-FPLS-code,ok,ok,True,3,94,calibrate:095,calibrate,95,172.0,174.8513192356202,2.8513192356201955,156
development_repeated_nested_cv,primary_instrument1_full,primary,1,3,1,development_combined,CG-FPLS-code,ok,ok,True,3,97,calibrate:098,calibrate,98,183.8000030517578,184.1254347620321,0.3254317102743016,156
development_repeated_nested_cv,primary_instrument1_full,primary,1,3,1,development_combined,CG-FPLS-code,ok,ok,True,3,98,calibrate:099,calibrate,99,176.39999389648438,177.32080671294239,0.9208128164580103,156
development_repeated_nested_cv,primary_instrument1_full,primary,1,3,1,development_combined,CG-FPLS-code,ok,ok,True,3,104,calibrate:105,calibrate,105,157.0,163.90172960259218,6.901729602592184,156
development_repeated_nested_cv,primary_instrument1_full,primary,1,3,1,development_combined,CG-FPLS-code,ok,ok,True,3,106,calibrate:107,calibrate,107,216.89999389648438,220.66592639747893,3.765932500994552,156
development_repeated_nested_cv,primary_instrument1_full,primary,1,3,1,development_combined,CG-FPLS-code,ok,ok,True,3,107,calibrate:108,calibrate,108,231.10000610351562,228.8196687787807,-2.2803373247349157,156
development_repeated_nested_cv,primary_instrument1_full,primary,1,3,1,development_combined,CG-FPLS-code,ok,ok,True,3,108,calibrate:109,calibrate,109,222.60000610351562,212.59144128944058,-10.008564814075044,156
development_repeated_nested_cv,primary_instrument1_full,primary,1,3,1,development_combined,CG-FPLS-code,ok,ok,True,3,112,calibrate:113,calibrate,113,219.39999389648438,214.22600919258502,-5.17398470389935,156
development_repeated_nested_cv,primary_instrument1_full,primary,1,3,1,development_combined,CG-FPLS-code,ok,ok,True,3,115,calibrate:116,calibrate,116,209.5,195.8086413143759,-13.691358685624095,156
development_repeated_nested_cv,primary_instrument1_full,primary,1,3,1,development_combined,CG-FPLS-code,ok,ok,True,3,118,calibrate:119,calibrate,119,232.89999389648438,231.73944794806062,-1.16054594842376,156
development_repeated_nested_cv,primary_instrument1_full,primary,1,3,1,development_combined,CG-FPLS-code,ok,ok,True,3,119,calibrate:120,calibrate,120,204.60000610351562,203.15404554637934,-1.4459605571362886,156
development_repeated_nested_cv,primary_instrument1_full,primary,1,3,1,development_combined,CG-FPLS-code,ok,ok,True,3,123,calibrate:124,calibrate,124,175.5,178.37240871861633,2.8724087186163274,156
development_repeated_nested_cv,primary_instrument1_full,primary,1,3,1,development_combined,CG-FPLS-code,ok,ok,True,3,124,calibrate:125,calibrate,125,154.8000030517578,166.19629472261377,11.396291670855959,156
development_repeated_nested_cv,primary_instrument1_full,primary,1,3,1,development_combined,CG-FPLS-code,ok,ok,True,3,135,calibrate:136,calibrate,136,193.10000610351562,198.43337911520499,5.3333730116893605,156
development_repeated_nested_cv,primary_instrument1_full,primary,1,3,1,development_combined,CG-FPLS-code,ok,ok,True,3,138,calibrate:139,calibrate,139,191.1999969482422,201.10432086823187,9.904323919989679,156
development_repeated_nested_cv,primary_instrument1_full,primary,1,3,1,development_combined,CG-FPLS-code,ok,ok,True,3,147,calibrate:148,calibrate,148,197.8000030517578,189.56696770797814,-8.233035343779676,156
development_repeated_nested_cv,primary_instrument1_full,primary,1,3,1,development_combined,CG-FPLS-code,ok,ok,True,3,148,calibrate:149,calibrate,149,194.10000610351562,199.20180982089266,5.101803717377038,156
development_repeated_nested_cv,primary_instrument1_full,primary,1,3,1,development_combined,CG-FPLS-code,ok,ok,True,3,149,calibrate:150,calibrate,150,181.3000030517578,198.5182978806036,17.218294828845785,156
development_repeated_nested_cv,primary_instrument1_full,primary,1,3,1,development_combined,CG-FPLS-code,ok,ok,True,3,158,validate:004,validate,4,189.39999389648438,197.81657890824363,8.416585011759253,156
development_repeated_nested_cv,primary_instrument1_full,primary,1,3,1,development_combined,CG-FPLS-code,ok,ok,True,3,164,validate:010,validate,10,193.8000030517578,198.60490105572973,4.804898003971914,156
development_repeated_nested_cv,primary_instrument1_full,primary,1,3,1,development_combined,CG-FPLS-code,ok,ok,True,3,169,validate:015,validate,15,195.10000610351562,199.0869237036542,3.9869176001385824,156
development_repeated_nested_cv,primary_instrument1_full,primary,1,3,1,development_combined,CG-FPLS-code,ok,ok,True,3,179,validate:025,validate,25,195.5,194.30422292710628,-1.1957770728937192,156
development_repeated_nested_cv,primary_instrument1_full,primary,1,3,1,development_combined,CG-FPLS-code,ok,ok,True,3,181,validate:027,validate,27,198.89999389648438,200.26647825585104,1.366484359366666,156
development_repeated_nested_cv,primary_instrument1_full,primary,1,3,1,development_combined,CG-FPLS-code,ok,ok,True,3,184,validate:030,validate,30,196.8000030517578,195.34065888640407,-1.4593441653537411,156
development_repeated_nested_cv,primary_instrument1_full,primary,1,3,1,development_combined,CG-FPLS-code,ok,ok,True,3,185,validate:031,validate,31,194.10000610351562,196.1995135869945,2.099507483478874,156
development_repeated_nested_cv,primary_instrument1_full,primary,1,3,1,development_combined,CG-FPLS-code,ok,ok,True,3,190,validate:036,validate,36,194.6999969482422,198.1614655965692,3.4614686483270134,156
development_repeated_nested_cv,primary_instrument1_full,primary,1,3,1,development_combined,Raw FPLS,ok,ok,True,62,4,calibrate:005,calibrate,5,199.3000030517578,197.6697807304886,-1.6302223212692013,156
development_repeated_nested_cv,primary_instrument1_full,primary,1,3,1,development_combined,Raw FPLS,ok,ok,True,62,6,calibrate:007,calibrate,7,200.10000610351562,194.22771553538868,-5.872290568126942,156
development_repeated_nested_cv,primary_instrument1_full,primary,1,3,1,development_combined,Raw FPLS,ok,ok,True,62,13,calibrate:014,calibrate,14,221.3000030517578,213.00579762057149,-8.294205431186327,156
development_repeated_nested_cv,primary_instrument1_full,primary,1,3,1,development_combined,Raw FPLS,ok,ok,True,62,19,calibrate:020,calibrate,20,159.3000030517578,158.81373821431018,-0.48626483744763505,156
development_repeated_nested_cv,primary_instrument1_full,primary,1,3,1,development_combined,Raw FPLS,ok,ok,True,62,21,calibrate:022,calibrate,22,185.89999389648438,183.44237303184505,-2.457620864639324,156
development_repeated_nested_cv,primary_instrument1_full,primary,1,3,1,development_combined,Raw FPLS,ok,ok,True,62,40,calibrate:041,calibrate,41,206.60000610351562,202.17976775259342,-4.4202383509222045,156
development_repeated_nested_cv,primary_instrument1_full,primary,1,3,1,development_combined,Raw FPLS,ok,ok,True,62,41,calibrate:042,calibrate,42,187.5,184.2165323317713,-3.2834676682286954,156
development_repeated_nested_cv,primary_instrument1_full,primary,1,3,1,development_combined,Raw FPLS,ok,ok,True,62,42,calibrate:043,calibrate,43,159.60000610351562,161.24941183751093,1.6494057339953088,156
development_repeated_nested_cv,primary_instrument1_full,primary,1,3,1,development_combined,Raw FPLS,ok,ok,True,62,72,calibrate:073,calibrate,73,202.6999969482422,199.92660088956782,-2.773396058674365,156
development_repeated_nested_cv,primary_instrument1_full,primary,1,3,1,development_combined,Raw FPLS,ok,ok,True,62,75,calibrate:076,calibrate,76,178.10000610351562,178.17633782098784,0.07633171747221468,156
development_repeated_nested_cv,primary_instrument1_full,primary,1,3,1,development_combined,Raw FPLS,ok,ok,True,62,84,calibrate:085,calibrate,85,177.1999969482422,174.31226839911687,-2.8877285491253133,156
development_repeated_nested_cv,primary_instrument1_full,primary,1,3,1,development_combined,Raw FPLS,ok,ok,True,62,89,calibrate:090,calibrate,90,173.39999389648438,176.66053508070536,3.2605411842209833,156
development_repeated_nested_cv,primary_instrument1_full,primary,1,3,1,development_combined,Raw FPLS,ok,ok,True,62,90,calibrate:091,calibrate,91,216.5,213.0673135669593,-3.4326864330406863,156
development_repeated_nested_cv,primary_instrument1_full,primary,1,3,1,development_combined,Raw FPLS,ok,ok,True,62,94,calibrate:095,calibrate,95,172.0,171.06931162355176,-0.930688376448245,156
development_repeated_nested_cv,primary_instrument1_full,primary,1,3,1,development_combined,Raw FPLS,ok,ok,True,62,97,calibrate:098,calibrate,98,183.8000030517578,185.27588021276514,1.4758771610073325,156
development_repeated_nested_cv,primary_instrument1_full,primary,1,3,1,development_combined,Raw FPLS,ok,ok,True,62,98,calibrate:099,calibrate,99,176.39999389648438,174.43356493598884,-1.9664289604955343,156
development_repeated_nested_cv,primary_instrument1_full,primary,1,3,1,development_combined,Raw FPLS,ok,ok,True,62,104,calibrate:105,calibrate,105,157.0,163.08210975220936,6.082109752209362,156
development_repeated_nested_cv,primary_instrument1_full,primary,1,3,1,development_combined,Raw FPLS,ok,ok,True,62,106,calibrate:107,calibrate,107,216.89999389648438,219.31293947197142,2.4129455754870435,156
development_repeated_nested_cv,primary_instrument1_full,primary,1,3,1,development_combined,Raw FPLS,ok,ok,True,62,107,calibrate:108,calibrate,108,231.10000610351562,236.1240126614352,5.024006557919563,156
development_repeated_nested_cv,primary_instrument1_full,primary,1,3,1,development_combined,Raw FPLS,ok,ok,True,62,108,calibrate:109,calibrate,109,222.60000610351562,216.4985517974786,-6.101454306037027,156
development_repeated_nested_cv,primary_instrument1_full,primary,1,3,1,development_combined,Raw FPLS,ok,ok,True,62,112,calibrate:113,calibrate,113,219.39999389648438,223.52101951895781,4.121025622473439,156
development_repeated_nested_cv,primary_instrument1_full,primary,1,3,1,development_combined,Raw FPLS,ok,ok,True,62,115,calibrate:116,calibrate,116,209.5,200.13488893686693,-9.365111063133071,156
development_repeated_nested_cv,primary_instrument1_full,primary,1,3,1,development_combined,Raw FPLS,ok,ok,True,62,118,calibrate:119,calibrate,119,232.89999389648438,237.3310643641805,4.431070467696117,156
development_repeated_nested_cv,primary_instrument1_full,primary,1,3,1,development_combined,Raw FPLS,ok,ok,True,62,119,calibrate:120,calibrate,120,204.60000610351562,202.08605438677105,-2.5139517167445717,156
development_repeated_nested_cv,primary_instrument1_full,primary,1,3,1,development_combined,Raw FPLS,ok,ok,True,62,123,calibrate:124,calibrate,124,175.5,175.47505728855123,-0.024942711448773025,156
development_repeated_nested_cv,primary_instrument1_full,primary,1,3,1,development_combined,Raw FPLS,ok,ok,True,62,124,calibrate:125,calibrate,125,154.8000030517578,168.25440866369655,13.45440561193874,156
development_repeated_nested_cv,primary_instrument1_full,primary,1,3,1,development_combined,Raw FPLS,ok,ok,True,62,135,calibrate:136,calibrate,136,193.10000610351562,197.35653108544125,4.256524981925622,156
development_repeated_nested_cv,primary_instrument1_full,primary,1,3,1,development_combined,Raw FPLS,ok,ok,True,62,138,calibrate:139,calibrate,139,191.1999969482422,196.83532130260704,5.635324354364855,156
development_repeated_nested_cv,primary_instrument1_full,primary,1,3,1,development_combined,Raw FPLS,ok,ok,True,62,147,calibrate:148,calibrate,148,197.8000030517578,186.2739481648455,-11.526054886912306,156
development_repeated_nested_cv,primary_instrument1_full,primary,1,3,1,development_combined,Raw FPLS,ok,ok,True,62,148,calibrate:149,calibrate,149,194.10000610351562,191.33574993477302,-2.7642561687426053,156
development_repeated_nested_cv,primary_instrument1_full,primary,1,3,1,development_combined,Raw FPLS,ok,ok,True,62,149,calibrate:150,calibrate,150,181.3000030517578,192.80254180742233,11.502538755664517,156
development_repeated_nested_cv,primary_instrument1_full,primary,1,3,1,development_combined,Raw FPLS,ok,ok,True,62,158,validate:004,validate,4,189.39999389648438,192.9343874159575,3.5343935194731273,156
development_repeated_nested_cv,primary_instrument1_full,primary,1,3,1,development_combined,Raw FPLS,ok,ok,True,62,164,validate:010,validate,10,193.8000030517578,189.02705201665316,-4.772951035104654,156
development_repeated_nested_cv,primary_instrument1_full,primary,1,3,1,development_combined,Raw FPLS,ok,ok,True,62,169,validate:015,validate,15,195.10000610351562,191.8299242539695,-3.2700818495461306,156
development_repeated_nested_cv,primary_instrument1_full,primary,1,3,1,development_combined,Raw FPLS,ok,ok,True,62,179,validate:025,validate,25,195.5,204.0733234830518,8.573323483051809,156
development_repeated_nested_cv,primary_instrument1_full,primary,1,3,1,development_combined,Raw FPLS,ok,ok,True,62,181,validate:027,validate,27,198.89999389648438,199.77486945833908,0.8748755618547079,156
development_repeated_nested_cv,primary_instrument1_full,primary,1,3,1,development_combined,Raw FPLS,ok,ok,True,62,184,validate:030,validate,30,196.8000030517578,195.9911965289834,-0.8088065227744039,156
development_repeated_nested_cv,primary_instrument1_full,primary,1,3,1,development_combined,Raw FPLS,ok,ok,True,62,185,validate:031,validate,31,194.10000610351562,201.98699220674163,7.886986103226008,156
development_repeated_nested_cv,primary_instrument1_full,primary,1,3,1,development_combined,Raw FPLS,ok,ok,True,62,190,validate:036,validate,36,194.6999969482422,196.92308093776995,2.2230839895277654,156
development_repeated_nested_cv,primary_instrument1_full,primary,1,3,1,development_combined,Arnoldi FPLS,ok,ok,True,5,4,calibrate:005,calibrate,5,199.3000030517578,194.88403942698832,-4.415963624769489,156
development_repeated_nested_cv,primary_instrument1_full,primary,1,3,1,development_combined,Arnoldi FPLS,ok,ok,True,5,6,calibrate:007,calibrate,7,200.10000610351562,198.78866052684407,-1.311345576671556,156
development_repeated_nested_cv,primary_instrument1_full,primary,1,3,1,development_combined,Arnoldi FPLS,ok,ok,True,5,13,calibrate:014,calibrate,14,221.3000030517578,217.53493125755983,-3.765071794197979,156
development_repeated_nested_cv,primary_instrument1_full,primary,1,3,1,development_combined,Arnoldi FPLS,ok,ok,True,5,19,calibrate:020,calibrate,20,159.3000030517578,160.07857234436923,0.7785692926114223,156
development_repeated_nested_cv,primary_instrument1_full,primary,1,3,1,development_combined,Arnoldi FPLS,ok,ok,True,5,21,calibrate:022,calibrate,22,185.89999389648438,185.07398722435516,-0.8260066721292105,156
development_repeated_nested_cv,primary_instrument1_full,primary,1,3,1,development_combined,Arnoldi FPLS,ok,ok,True,5,40,calibrate:041,calibrate,41,206.60000610351562,205.93090615698227,-0.6690999465333505,156
development_repeated_nested_cv,primary_instrument1_full,primary,1,3,1,development_combined,Arnoldi FPLS,ok,ok,True,5,41,calibrate:042,calibrate,42,187.5,187.66190917585806,0.16190917585805664,156
development_repeated_nested_cv,primary_instrument1_full,primary,1,3,1,development_combined,Arnoldi FPLS,ok,ok,True,5,42,calibrate:043,calibrate,43,159.60000610351562,162.98727994502883,3.387273841513206,156
development_repeated_nested_cv,primary_instrument1_full,primary,1,3,1,development_combined,Arnoldi FPLS,ok,ok,True,5,72,calibrate:073,calibrate,73,202.6999969482422,202.83430783155183,0.13431088330963803,156
development_repeated_nested_cv,primary_instrument1_full,primary,1,3,1,development_combined,Arnoldi FPLS,ok,ok,True,5,75,calibrate:076,calibrate,76,178.10000610351562,176.10101941541524,-1.9989866881003877,156
development_repeated_nested_cv,primary_instrument1_full,primary,1,3,1,development_combined,Arnoldi FPLS,ok,ok,True,5,84,calibrate:085,calibrate,85,177.1999969482422,176.69852051479774,-0.5014764334444521,156
development_repeated_nested_cv,primary_instrument1_full,primary,1,3,1,development_combined,Arnoldi FPLS,ok,ok,True,5,89,calibrate:090,calibrate,90,173.39999389648438,178.30384933510493,4.903855438620553,156
development_repeated_nested_cv,primary_instrument1_full,primary,1,3,1,development_combined,Arnoldi FPLS,ok,ok,True,5,90,calibrate:091,calibrate,91,216.5,217.79929256164172,1.299292561641721,156
development_repeated_nested_cv,primary_instrument1_full,primary,1,3,1,development_combined,Arnoldi FPLS,ok,ok,True,5,94,calibrate:095,calibrate,95,172.0,173.32960192035478,1.3296019203547758,156
development_repeated_nested_cv,primary_instrument1_full,primary,1,3,1,development_combined,Arnoldi FPLS,ok,ok,True,5,97,calibrate:098,calibrate,98,183.8000030517578,188.68966473655945,4.889661684801638,156
development_repeated_nested_cv,primary_instrument1_full,primary,1,3,1,development_combined,Arnoldi FPLS,ok,ok,True,5,98,calibrate:099,calibrate,99,176.39999389648438,177.2769365156831,0.8769426191987293,156
development_repeated_nested_cv,primary_instrument1_full,primary,1,3,1,development_combined,Arnoldi FPLS,ok,ok,True,5,104,calibrate:105,calibrate,105,157.0,158.1352891220242,1.1352891220242043,156
development_repeated_nested_cv,primary_instrument1_full,primary,1,3,1,development_combined,Arnoldi FPLS,ok,ok,True,5,106,calibrate:107,calibrate,107,216.89999389648438,219.52528398108802,2.625290084603648,156
development_repeated_nested_cv,primary_instrument1_full,primary,1,3,1,development_combined,Arnoldi FPLS,ok,ok,True,5,107,calibrate:108,calibrate,108,231.10000610351562,236.69373675469456,5.59373065117893,156
development_repeated_nested_cv,primary_instrument1_full,primary,1,3,1,development_combined,Arnoldi FPLS,ok,ok,True,5,108,calibrate:109,calibrate,109,222.60000610351562,221.22508974885776,-1.37491635465787,156
development_repeated_nested_cv,primary_instrument1_full,primary,1,3,1,development_combined,Arnoldi FPLS,ok,ok,True,5,112,calibrate:113,calibrate,113,219.39999389648438,218.73484124788692,-0.6651526485974557,156
development_repeated_nested_cv,primary_instrument1_full,primary,1,3,1,development_combined,Arnoldi FPLS,ok,ok,True,5,115,calibrate:116,calibrate,116,209.5,201.619060218983,-7.880939781016991,156
development_repeated_nested_cv,primary_instrument1_full,primary,1,3,1,development_combined,Arnoldi FPLS,ok,ok,True,5,118,calibrate:119,calibrate,119,232.89999389648438,236.3825851556859,3.482591259201513,156
development_repeated_nested_cv,primary_instrument1_full,primary,1,3,1,development_combined,Arnoldi FPLS,ok,ok,True,5,119,calibrate:120,calibrate,120,204.60000610351562,205.79544606225235,1.1954399587367277,156
development_repeated_nested_cv,primary_instrument1_full,primary,1,3,1,development_combined,Arnoldi FPLS,ok,ok,True,5,123,calibrate:124,calibrate,124,175.5,177.0521190363625,1.5521190363625124,156
development_repeated_nested_cv,primary_instrument1_full,primary,1,3,1,development_combined,Arnoldi FPLS,ok,ok,True,5,124,calibrate:125,calibrate,125,154.8000030517578,162.05004570476058,7.250042653002765,156
development_repeated_nested_cv,primary_instrument1_full,primary,1,3,1,development_combined,Arnoldi FPLS,ok,ok,True,5,135,calibrate:136,calibrate,136,193.10000610351562,193.64498364017723,0.5449775366616052,156
development_repeated_nested_cv,primary_instrument1_full,primary,1,3,1,development_combined,Arnoldi FPLS,ok,ok,True,5,138,calibrate:139,calibrate,139,191.1999969482422,197.28315332809007,6.083156379847878,156
development_repeated_nested_cv,primary_instrument1_full,primary,1,3,1,development_combined,Arnoldi FPLS,ok,ok,True,5,147,calibrate:148,calibrate,148,197.8000030517578,189.49268151760776,-8.307321534150049,156
development_repeated_nested_cv,primary_instrument1_full,primary,1,3,1,development_combined,Arnoldi FPLS,ok,ok,True,5,148,calibrate:149,calibrate,149,194.10000610351562,189.13744703702406,-4.962559066491565,156
development_repeated_nested_cv,primary_instrument1_full,primary,1,3,1,development_combined,Arnoldi FPLS,ok,ok,True,5,149,calibrate:150,calibrate,150,181.3000030517578,192.10513981720393,10.805136765446122,156
development_repeated_nested_cv,primary_instrument1_full,primary,1,3,1,development_combined,Arnoldi FPLS,ok,ok,True,5,158,validate:004,validate,4,189.39999389648438,193.9069626488634,4.506968752379038,156
development_repeated_nested_cv,primary_instrument1_full,primary,1,3,1,development_combined,Arnoldi FPLS,ok,ok,True,5,164,validate:010,validate,10,193.8000030517578,190.72090161923353,-3.0791014325242827,156
development_repeated_nested_cv,primary_instrument1_full,primary,1,3,1,development_combined,Arnoldi FPLS,ok,ok,True,5,169,validate:015,validate,15,195.10000610351562,190.6628173532475,-4.43718875026812,156
development_repeated_nested_cv,primary_instrument1_full,primary,1,3,1,development_combined,Arnoldi FPLS,ok,ok,True,5,179,validate:025,validate,25,195.5,200.5248363018576,5.02483630185759,156
development_repeated_nested_cv,primary_instrument1_full,primary,1,3,1,development_combined,Arnoldi FPLS,ok,ok,True,5,181,validate:027,validate,27,198.89999389648438,197.8422463086708,-1.0577475878135658,156
development_repeated_nested_cv,primary_instrument1_full,primary,1,3,1,development_combined,Arnoldi FPLS,ok,ok,True,5,184,validate:030,validate,30,196.8000030517578,200.00810898311562,3.2081059313578066,156
development_repeated_nested_cv,primary_instrument1_full,primary,1,3,1,development_combined,Arnoldi FPLS,ok,ok,True,5,185,validate:031,validate,31,194.10000610351562,197.8239387903122,3.723932686796587,156
development_repeated_nested_cv,primary_instrument1_full,primary,1,3,1,development_combined,Arnoldi FPLS,ok,ok,True,5,190,validate:036,validate,36,194.6999969482422,199.7718899103266,5.071892962084405,156
development_repeated_nested_cv,primary_instrument1_full,primary,1,3,1,development_combined,FPCR,ok,ok,True,10,4,calibrate:005,calibrate,5,199.3000030517578,195.7177525533117,-3.5822504984461148,156
development_repeated_nested_cv,primary_instrument1_full,primary,1,3,1,development_combined,FPCR,ok,ok,True,10,6,calibrate:007,calibrate,7,200.10000610351562,197.47413421552227,-2.6258718879933554,156
development_repeated_nested_cv,primary_instrument1_full,primary,1,3,1,development_combined,FPCR,ok,ok,True,10,13,calibrate:014,calibrate,14,221.3000030517578,217.64921033288556,-3.6507927188722533,156
development_repeated_nested_cv,primary_instrument1_full,primary,1,3,1,development_combined,FPCR,ok,ok,True,10,19,calibrate:020,calibrate,20,159.3000030517578,161.03897013769958,1.7389670859417663,156
development_repeated_nested_cv,primary_instrument1_full,primary,1,3,1,development_combined,FPCR,ok,ok,True,10,21,calibrate:022,calibrate,22,185.89999389648438,184.8524757930861,-1.0475181033982608,156
development_repeated_nested_cv,primary_instrument1_full,primary,1,3,1,development_combined,FPCR,ok,ok,True,10,40,calibrate:041,calibrate,41,206.60000610351562,205.43685303203412,-1.1631530714815028,156
development_repeated_nested_cv,primary_instrument1_full,primary,1,3,1,development_combined,FPCR,ok,ok,True,10,41,calibrate:042,calibrate,42,187.5,187.1584206441597,-0.3415793558403095,156
development_repeated_nested_cv,primary_instrument1_full,primary,1,3,1,development_combined,FPCR,ok,ok,True,10,42,calibrate:043,calibrate,43,159.60000610351562,163.86547762170915,4.265471518193522,156
development_repeated_nested_cv,primary_instrument1_full,primary,1,3,1,development_combined,FPCR,ok,ok,True,10,72,calibrate:073,calibrate,73,202.6999969482422,202.3917165205445,-0.3082804276976958,156
development_repeated_nested_cv,primary_instrument1_full,primary,1,3,1,development_combined,FPCR,ok,ok,True,10,75,calibrate:076,calibrate,76,178.10000610351562,176.10668329443416,-1.9933228090814623,156
development_repeated_nested_cv,primary_instrument1_full,primary,1,3,1,development_combined,FPCR,ok,ok,True,10,84,calibrate:085,calibrate,85,177.1999969482422,176.49029128853365,-0.7097056597085327,156
development_repeated_nested_cv,primary_instrument1_full,primary,1,3,1,development_combined,FPCR,ok,ok,True,10,89,calibrate:090,calibrate,90,173.39999389648438,177.16045844669011,3.7604645502057394,156
development_repeated_nested_cv,primary_instrument1_full,primary,1,3,1,development_combined,FPCR,ok,ok,True,10,90,calibrate:091,calibrate,91,216.5,217.8045682029308,1.3045682029307955,156
development_repeated_nested_cv,primary_instrument1_full,primary,1,3,1,development_combined,FPCR,ok,ok,True,10,94,calibrate:095,calibrate,95,172.0,173.6436101247406,1.6436101247406043,156
development_repeated_nested_cv,primary_instrument1_full,primary,1,3,1,development_combined,FPCR,ok,ok,True,10,97,calibrate:098,calibrate,98,183.8000030517578,188.30191192125878,4.501908869500966,156
development_repeated_nested_cv,primary_instrument1_full,primary,1,3,1,development_combined,FPCR,ok,ok,True,10,98,calibrate:099,calibrate,99,176.39999389648438,176.3696441673777,-0.030349729106688983,156
development_repeated_nested_cv,primary_instrument1_full,primary,1,3,1,development_combined,FPCR,ok,ok,True,10,104,calibrate:105,calibrate,105,157.0,159.6849096852647,2.6849096852646994,156
development_repeated_nested_cv,primary_instrument1_full,primary,1,3,1,development_combined,FPCR,ok,ok,True,10,106,calibrate:107,calibrate,107,216.89999389648438,219.45610967326343,2.556115776779052,156
development_repeated_nested_cv,primary_instrument1_full,primary,1,3,1,development_combined,FPCR,ok,ok,True,10,107,calibrate:108,calibrate,108,231.10000610351562,237.52670212314072,6.426696019625098,156
development_repeated_nested_cv,primary_instrument1_full,primary,1,3,1,development_combined,FPCR,ok,ok,True,10,108,calibrate:109,calibrate,109,222.60000610351562,219.87231140614705,-2.7276946973685767,156
development_repeated_nested_cv,primary_instrument1_full,primary,1,3,1,development_combined,FPCR,ok,ok,True,10,112,calibrate:113,calibrate,113,219.39999389648438,219.3537275964749,-0.046266300009477845,156
development_repeated_nested_cv,primary_instrument1_full,primary,1,3,1,development_combined,FPCR,ok,ok,True,10,115,calibrate:116,calibrate,116,209.5,198.3872274426704,-11.112772557329606,156
development_repeated_nested_cv,primary_instrument1_full,primary,1,3,1,development_combined,FPCR,ok,ok,True,10,118,calibrate:119,calibrate,119,232.89999389648438,237.81008073711922,4.910086840634847,156
development_repeated_nested_cv,primary_instrument1_full,primary,1,3,1,development_combined,FPCR,ok,ok,True,10,119,calibrate:120,calibrate,120,204.60000610351562,205.55155089303457,0.9515447895189482,156
development_repeated_nested_cv,primary_instrument1_full,primary,1,3,1,development_combined,FPCR,ok,ok,True,10,123,calibrate:124,calibrate,124,175.5,177.45194782270585,1.951947822705847,156
development_repeated_nested_cv,primary_instrument1_full,primary,1,3,1,development_combined,FPCR,ok,ok,True,10,124,calibrate:125,calibrate,125,154.8000030517578,160.18831164430873,5.3883085925509135,156
development_repeated_nested_cv,primary_instrument1_full,primary,1,3,1,development_combined,FPCR,ok,ok,True,10,135,calibrate:136,calibrate,136,193.10000610351562,192.8795407059699,-0.22046539754572336,156
development_repeated_nested_cv,primary_instrument1_full,primary,1,3,1,development_combined,FPCR,ok,ok,True,10,138,calibrate:139,calibrate,139,191.1999969482422,197.3704411374548,6.170444189212617,156
development_repeated_nested_cv,primary_instrument1_full,primary,1,3,1,development_combined,FPCR,ok,ok,True,10,147,calibrate:148,calibrate,148,197.8000030517578,188.4373718557721,-9.3626311959857,156
development_repeated_nested_cv,primary_instrument1_full,primary,1,3,1,development_combined,FPCR,ok,ok,True,10,148,calibrate:149,calibrate,149,194.10000610351562,189.91194930936126,-4.188056794154363,156
development_repeated_nested_cv,primary_instrument1_full,primary,1,3,1,development_combined,FPCR,ok,ok,True,10,149,calibrate:150,calibrate,150,181.3000030517578,192.00388762064435,10.703884568886536,156
development_repeated_nested_cv,primary_instrument1_full,primary,1,3,1,development_combined,FPCR,ok,ok,True,10,158,validate:004,validate,4,189.39999389648438,192.60623769451877,3.206243798034393,156
development_repeated_nested_cv,primary_instrument1_full,primary,1,3,1,development_combined,FPCR,ok,ok,True,10,164,validate:010,validate,10,193.8000030517578,191.32227858108854,-2.4777244706692727,156
development_repeated_nested_cv,primary_instrument1_full,primary,1,3,1,development_combined,FPCR,ok,ok,True,10,169,validate:015,validate,15,195.10000610351562,191.1360899525459,-3.9639161509697374,156
development_repeated_nested_cv,primary_instrument1_full,primary,1,3,1,development_combined,FPCR,ok,ok,True,10,179,validate:025,validate,25,195.5,200.30331334273131,4.803313342731315,156
development_repeated_nested_cv,primary_instrument1_full,primary,1,3,1,development_combined,FPCR,ok,ok,True,10,181,validate:027,validate,27,198.89999389648438,196.684016347867,-2.2159775486173885,156
development_repeated_nested_cv,primary_instrument1_full,primary,1,3,1,development_combined,FPCR,ok,ok,True,10,184,validate:030,validate,30,196.8000030517578,199.9951889477251,3.1951858959672848,156
development_repeated_nested_cv,primary_instrument1_full,primary,1,3,1,development_combined,FPCR,ok,ok,True,10,185,validate:031,validate,31,194.10000610351562,198.3290838029941,4.2290776994784665,156
development_repeated_nested_cv,primary_instrument1_full,primary,1,3,1,development_combined,FPCR,ok,ok,True,10,190,validate:036,validate,36,194.6999969482422,198.9939083389848,4.293911390742608,156
development_repeated_nested_cv,primary_instrument1_full,primary,1,3,2,development_combined,CG-FPLS-code,ok,ok,True,3,1,calibrate:002,calibrate,2,198.6999969482422,192.25700079599713,-6.442996152245058,156
development_repeated_nested_cv,primary_instrument1_full,primary,1,3,2,development_combined,CG-FPLS-code,ok,ok,True,3,2,calibrate:003,calibrate,3,201.39999389648438,191.83263302153546,-9.567360874948918,156
development_repeated_nested_cv,primary_instrument1_full,primary,1,3,2,development_combined,CG-FPLS-code,ok,ok,True,3,7,calibrate:008,calibrate,8,207.6999969482422,201.58235334895636,-6.117643599285827,156
development_repeated_nested_cv,primary_instrument1_full,primary,1,3,2,development_combined,CG-FPLS-code,ok,ok,True,3,9,calibrate:010,calibrate,10,181.10000610351562,180.96134404117768,-0.13866206233794287,156
development_repeated_nested_cv,primary_instrument1_full,primary,1,3,2,development_combined,CG-FPLS-code,ok,ok,True,3,15,calibrate:016,calibrate,16,173.8000030517578,180.33032039990462,6.530317348146809,156
development_repeated_nested_cv,primary_instrument1_full,primary,1,3,2,development_combined,CG-FPLS-code,ok,ok,True,3,17,calibrate:018,calibrate,18,221.89999389648438,218.78908099052143,-3.110912905962948,156
development_repeated_nested_cv,primary_instrument1_full,primary,1,3,2,development_combined,CG-FPLS-code,ok,ok,True,3,18,calibrate:019,calibrate,19,159.5,178.04140852747508,18.541408527475085,156
development_repeated_nested_cv,primary_instrument1_full,primary,1,3,2,development_combined,CG-FPLS-code,ok,ok,True,3,22,calibrate:023,calibrate,23,220.6999969482422,217.6410082656954,-3.058988682546783,156
development_repeated_nested_cv,primary_instrument1_full,primary,1,3,2,development_combined,CG-FPLS-code,ok,ok,True,3,23,calibrate:024,calibrate,24,190.1999969482422,185.15316370098265,-5.046833247259542,156
development_repeated_nested_cv,primary_instrument1_full,primary,1,3,2,development_combined,CG-FPLS-code,ok,ok,True,3,27,calibrate:028,calibrate,28,175.8000030517578,177.52176340259746,1.721760350839645,156
development_repeated_nested_cv,primary_instrument1_full,primary,1,3,2,development_combined,CG-FPLS-code,ok,ok,True,3,37,calibrate:038,calibrate,38,208.8000030517578,201.46519827418567,-7.334804777572145,156
development_repeated_nested_cv,primary_instrument1_full,primary,1,3,2,development_combined,CG-FPLS-code,ok,ok,True,3,48,calibrate:049,calibrate,49,186.3000030517578,189.4884515420877,3.1884484903298755,156
development_repeated_nested_cv,primary_instrument1_full,primary,1,3,2,development_combined,CG-FPLS-code,ok,ok,True,3,52,calibrate:053,calibrate,53,171.39999389648438,177.88985572598796,6.489861829503582,156
development_repeated_nested_cv,primary_instrument1_full,primary,1,3,2,development_combined,CG-FPLS-code,ok,ok,True,3,55,calibrate:056,calibrate,56,157.5,165.2724926082983,7.7724926082983075,156
development_repeated_nested_cv,primary_instrument1_full,primary,1,3,2,development_combined,CG-FPLS-code,ok,ok,True,3,58,calibrate:059,calibrate,59,155.1999969482422,160.77958356498746,5.579586616745274,156
development_repeated_nested_cv,primary_instrument1_full,primary,1,3,2,development_combined,CG-FPLS-code,ok,ok,True,3,64,calibrate:065,calibrate,65,158.1999969482422,159.3162734798174,1.1162765315752097,156
development_repeated_nested_cv,primary_instrument1_full,primary,1,3,2,development_combined,CG-FPLS-code,ok,ok,True,3,67,calibrate:068,calibrate,68,179.89999389648438,187.08729315225173,7.187299255767357,156
development_repeated_nested_cv,primary_instrument1_full,primary,1,3,2,development_combined,CG-FPLS-code,ok,ok,True,3,81,calibrate:082,calibrate,82,216.39999389648438,215.22070798964845,-1.1792859068359292,156
development_repeated_nested_cv,primary_instrument1_full,primary,1,3,2,development_combined,CG-FPLS-code,ok,ok,True,3,82,calibrate:083,calibrate,83,172.39999389648438,177.15877935961888,4.758785463134501,156
development_repeated_nested_cv,primary_instrument1_full,primary,1,3,2,development_combined,CG-FPLS-code,ok,ok,True,3,88,calibrate:089,calibrate,89,203.60000610351562,202.5949491775594,-1.005056925956211,156
development_repeated_nested_cv,primary_instrument1_full,primary,1,3,2,development_combined,CG-FPLS-code,ok,ok,True,3,96,calibrate:097,calibrate,97,204.0,205.28923679083334,1.2892367908333426,156
development_repeated_nested_cv,primary_instrument1_full,primary,1,3,2,development_combined,CG-FPLS-code,ok,ok,True,3,103,calibrate:104,calibrate,104,184.5,181.92418844518764,-2.5758115548123612,156
development_repeated_nested_cv,primary_instrument1_full,primary,1,3,2,development_combined,CG-FPLS-code,ok,ok,True,3,109,calibrate:110,calibrate,110,231.10000610351562,229.61913059584597,-1.4808755076696514,156
development_repeated_nested_cv,primary_instrument1_full,primary,1,3,2,development_combined,CG-FPLS-code,ok,ok,True,3,111,calibrate:112,calibrate,112,220.0,215.98154648401763,-4.018453515982372,156
development_repeated_nested_cv,primary_instrument1_full,primary,1,3,2,development_combined,CG-FPLS-code,ok,ok,True,3,117,calibrate:118,calibrate,118,217.1999969482422,219.33815910725338,2.1381621590111877,156
development_repeated_nested_cv,primary_instrument1_full,primary,1,3,2,development_combined,CG-FPLS-code,ok,ok,True,3,121,calibrate:122,calibrate,122,176.89999389648438,157.26816209812344,-19.631831798360935,156
development_repeated_nested_cv,primary_instrument1_full,primary,1,3,2,development_combined,CG-FPLS-code,ok,ok,True,3,122,calibrate:123,calibrate,123,188.0,187.30347980708004,-0.6965201929199623,156
development_repeated_nested_cv,primary_instrument1_full,primary,1,3,2,development_combined,CG-FPLS-code,ok,ok,True,3,127,calibrate:128,calibrate,128,239.10000610351562,234.36155485124655,-4.738451252269073,156
development_repeated_nested_cv,primary_instrument1_full,primary,1,3,2,development_combined,CG-FPLS-code,ok,ok,True,3,136,calibrate:137,calibrate,137,192.60000610351562,192.72957362560376,0.12956752208813782,156
development_repeated_nested_cv,primary_instrument1_full,primary,1,3,2,development_combined,CG-FPLS-code,ok,ok,True,3,137,calibrate:138,calibrate,138,195.89999389648438,192.95441547620993,-2.945578420274444,156
development_repeated_nested_cv,primary_instrument1_full,primary,1,3,2,development_combined,CG-FPLS-code,ok,ok,True,3,142,calibrate:143,calibrate,143,196.60000610351562,192.3721749138729,-4.227831189642728,156
development_repeated_nested_cv,primary_instrument1_full,primary,1,3,2,development_combined,CG-FPLS-code,ok,ok,True,3,156,validate:002,validate,2,188.1999969482422,197.10474856229217,8.904751614049985,156
development_repeated_nested_cv,primary_instrument1_full,primary,1,3,2,development_combined,CG-FPLS-code,ok,ok,True,3,161,validate:007,validate,7,195.89999389648438,195.46259247350298,-0.43740142298139517,156
development_repeated_nested_cv,primary_instrument1_full,primary,1,3,2,development_combined,CG-FPLS-code,ok,ok,True,3,166,validate:012,validate,12,193.8000030517578,188.57443905665627,-5.225563995101538,156
development_repeated_nested_cv,primary_instrument1_full,primary,1,3,2,development_combined,CG-FPLS-code,ok,ok,True,3,167,validate:013,validate,13,194.5,200.64653508439332,6.146535084393321,156
development_repeated_nested_cv,primary_instrument1_full,primary,1,3,2,development_combined,CG-FPLS-code,ok,ok,True,3,170,validate:016,validate,16,193.60000610351562,197.7363143677907,4.136308264275073,156
development_repeated_nested_cv,primary_instrument1_full,primary,1,3,2,development_combined,CG-FPLS-code,ok,ok,True,3,182,validate:028,validate,28,195.0,197.2707681782869,2.270768178286886,156
development_repeated_nested_cv,primary_instrument1_full,primary,1,3,2,development_combined,CG-FPLS-code,ok,ok,True,3,183,validate:029,validate,29,199.5,195.7817331303089,-3.7182668696910923,156
development_repeated_nested_cv,primary_instrument1_full,primary,1,3,2,development_combined,CG-FPLS-code,ok,ok,True,3,192,validate:038,validate,38,197.39999389648438,195.6653005454169,-1.7346933510674774,156
development_repeated_nested_cv,primary_instrument1_full,primary,1,3,2,development_combined,Raw FPLS,ok,ok,True,52,1,calibrate:002,calibrate,2,198.6999969482422,202.11099500720488,3.41099805896269,156
development_repeated_nested_cv,primary_instrument1_full,primary,1,3,2,development_combined,Raw FPLS,ok,ok,True,52,2,calibrate:003,calibrate,3,201.39999389648438,201.22965392235773,-0.17033997412664803,156
development_repeated_nested_cv,primary_instrument1_full,primary,1,3,2,development_combined,Raw FPLS,ok,ok,True,52,7,calibrate:008,calibrate,8,207.6999969482422,198.21208318656014,-9.487913761682051,156
development_repeated_nested_cv,primary_instrument1_full,primary,1,3,2,development_combined,Raw FPLS,ok,ok,True,52,9,calibrate:010,calibrate,10,181.10000610351562,178.30763314324741,-2.79237296026821,156
development_repeated_nested_cv,primary_instrument1_full,primary,1,3,2,development_combined,Raw FPLS,ok,ok,True,52,15,calibrate:016,calibrate,16,173.8000030517578,170.92482747179403,-2.8751755799637806,156
development_repeated_nested_cv,primary_instrument1_full,primary,1,3,2,development_combined,Raw FPLS,ok,ok,True,52,17,calibrate:018,calibrate,18,221.89999389648438,212.90201295989277,-8.997980936591603,156
development_repeated_nested_cv,primary_instrument1_full,primary,1,3,2,development_combined,Raw FPLS,ok,ok,True,52,18,calibrate:019,calibrate,19,159.5,181.70154745285456,22.201547452854555,156
development_repeated_nested_cv,primary_instrument1_full,primary,1,3,2,development_combined,Raw FPLS,ok,ok,True,52,22,calibrate:023,calibrate,23,220.6999969482422,211.27265494230662,-9.427342005935571,156
development_repeated_nested_cv,primary_instrument1_full,primary,1,3,2,development_combined,Raw FPLS,ok,ok,True,52,23,calibrate:024,calibrate,24,190.1999969482422,194.14137610124868,3.941379153006494,156
development_repeated_nested_cv,primary_instrument1_full,primary,1,3,2,development_combined,Raw FPLS,ok,ok,True,52,27,calibrate:028,calibrate,28,175.8000030517578,177.77590921045393,1.9759061586961195,156
development_repeated_nested_cv,primary_instrument1_full,primary,1,3,2,development_combined,Raw FPLS,ok,ok,True,52,37,calibrate:038,calibrate,38,208.8000030517578,210.6607531333648,1.8607500816069944,156
development_repeated_nested_cv,primary_instrument1_full,primary,1,3,2,development_combined,Raw FPLS,ok,ok,True,52,48,calibrate:049,calibrate,49,186.3000030517578,181.69697667053885,-4.603026381218967,156
development_repeated_nested_cv,primary_instrument1_full,primary,1,3,2,development_combined,Raw FPLS,ok,ok,True,52,52,calibrate:053,calibrate,53,171.39999389648438,177.7001342996384,6.300140403154018,156
development_repeated_nested_cv,primary_instrument1_full,primary,1,3,2,development_combined,Raw FPLS,ok,ok,True,52,55,calibrate:056,calibrate,56,157.5,158.61853649096003,1.1185364909600253,156
development_repeated_nested_cv,primary_instrument1_full,primary,1,3,2,development_combined,Raw FPLS,ok,ok,True,52,58,calibrate:059,calibrate,59,155.1999969482422,163.16210686339267,7.962109915150478,156
development_repeated_nested_cv,primary_instrument1_full,primary,1,3,2,development_combined,Raw FPLS,ok,ok,True,52,64,calibrate:065,calibrate,65,158.1999969482422,159.66569060329803,1.4656936550558441,156
development_repeated_nested_cv,primary_instrument1_full,primary,1,3,2,development_combined,Raw FPLS,ok,ok,True,52,67,calibrate:068,calibrate,68,179.89999389648438,188.81118918986175,8.911195293377375,156
development_repeated_nested_cv,primary_instrument1_full,primary,1,3,2,development_combined,Raw FPLS,ok,ok,True,52,81,calibrate:082,calibrate,82,216.39999389648438,220.16453946763107,3.764545571146698,156
development_repeated_nested_cv,primary_instrument1_full,primary,1,3,2,development_combined,Raw FPLS,ok,ok,True,52,82,calibrate:083,calibrate,83,172.39999389648438,168.53490801382873,-3.8650858826556487,156
development_repeated_nested_cv,primary_instrument1_full,primary,1,3,2,development_combined,Raw FPLS,ok,ok,True,52,88,calibrate:089,calibrate,89,203.60000610351562,205.279815616971,1.6798095134553819,156
development_repeated_nested_cv,primary_instrument1_full,primary,1,3,2,development_combined,Raw FPLS,ok,ok,True,52,96,calibrate:097,calibrate,97,204.0,199.02248960979435,-4.9775103902056514,156
development_repeated_nested_cv,primary_instrument1_full,primary,1,3,2,development_combined,Raw FPLS,ok,ok,True,52,103,calibrate:104,calibrate,104,184.5,178.6801292030555,-5.819870796944514,156
development_repeated_nested_cv,primary_instrument1_full,primary,1,3,2,development_combined,Raw FPLS,ok,ok,True,52,109,calibrate:110,calibrate,110,231.10000610351562,233.85955936841117,2.759553264895544,156
development_repeated_nested_cv,primary_instrument1_full,primary,1,3,2,development_combined,Raw FPLS,ok,ok,True,52,111,calibrate:112,calibrate,112,220.0,218.0848516929666,-1.9151483070334052,156
development_repeated_nested_cv,primary_instrument1_full,primary,1,3,2,development_combined,Raw FPLS,ok,ok,True,52,117,calibrate:118,calibrate,118,217.1999969482422,212.6700034740581,-4.529993474184096,156
development_repeated_nested_cv,primary_instrument1_full,primary,1,3,2,development_combined,Raw FPLS,ok,ok,True,52,121,calibrate:122,calibrate,122,176.89999389648438,150.01643578771888,-26.8835581087655,156
development_repeated_nested_cv,primary_instrument1_full,primary,1,3,2,development_combined,Raw FPLS,ok,ok,True,52,122,calibrate:123,calibrate,123,188.0,193.33535212656525,5.335352126565255,156
development_repeated_nested_cv,primary_instrument1_full,primary,1,3,2,development_combined,Raw FPLS,ok,ok,True,52,127,calibrate:128,calibrate,128,239.10000610351562,236.53058735702956,-2.5694187464860647,156
development_repeated_nested_cv,primary_instrument1_full,primary,1,3,2,development_combined,Raw FPLS,ok,ok,True,52,136,calibrate:137,calibrate,137,192.60000610351562,174.41382191050468,-18.186184193010945,156
development_repeated_nested_cv,primary_instrument1_full,primary,1,3,2,development_combined,Raw FPLS,ok,ok,True,52,137,calibrate:138,calibrate,138,195.89999389648438,211.26211426959398,15.362120373109605,156
development_repeated_nested_cv,primary_instrument1_full,primary,1,3,2,development_combined,Raw FPLS,ok,ok,True,52,142,calibrate:143,calibrate,143,196.60000610351562,198.38045094804923,1.780444844533605,156
development_repeated_nested_cv,primary_instrument1_full,primary,1,3,2,development_combined,Raw FPLS,ok,ok,True,52,156,validate:002,validate,2,188.1999969482422,186.80361163152648,-1.3963853167157083,156
development_repeated_nested_cv,primary_instrument1_full,primary,1,3,2,development_combined,Raw FPLS,ok,ok,True,52,161,validate:007,validate,7,195.89999389648438,187.5229647518352,-8.377029144649185,156
development_repeated_nested_cv,primary_instrument1_full,primary,1,3,2,development_combined,Raw FPLS,ok,ok,True,52,166,validate:012,validate,12,193.8000030517578,184.23183440465297,-9.56816864710484,156
development_repeated_nested_cv,primary_instrument1_full,primary,1,3,2,development_combined,Raw FPLS,ok,ok,True,52,167,validate:013,validate,13,194.5,190.25943060922987,-4.240569390770133,156
development_repeated_nested_cv,primary_instrument1_full,primary,1,3,2,development_combined,Raw FPLS,ok,ok,True,52,170,validate:016,validate,16,193.60000610351562,187.79337549747305,-5.8066306060425745,156
development_repeated_nested_cv,primary_instrument1_full,primary,1,3,2,development_combined,Raw FPLS,ok,ok,True,52,182,validate:028,validate,28,195.0,191.54982091945743,-3.4501790805425685,156
development_repeated_nested_cv,primary_instrument1_full,primary,1,3,2,development_combined,Raw FPLS,ok,ok,True,52,183,validate:029,validate,29,199.5,185.48245754444812,-14.017542455551876,156
development_repeated_nested_cv,primary_instrument1_full,primary,1,3,2,development_combined,Raw FPLS,ok,ok,True,52,192,validate:038,validate,38,197.39999389648438,192.7893751084631,-4.61061878802127,156
development_repeated_nested_cv,primary_instrument1_full,primary,1,3,2,development_combined,Arnoldi FPLS,ok,ok,True,6,1,calibrate:002,calibrate,2,198.6999969482422,195.17232935712963,-3.527667591112561,156
development_repeated_nested_cv,primary_instrument1_full,primary,1,3,2,development_combined,Arnoldi FPLS,ok,ok,True,6,2,calibrate:003,calibrate,3,201.39999389648438,194.50780445279133,-6.8921894436930415,156
development_repeated_nested_cv,primary_instrument1_full,primary,1,3,2,development_combined,Arnoldi FPLS,ok,ok,True,6,7,calibrate:008,calibrate,8,207.6999969482422,204.04461070631882,-3.6553862419233667,156
development_repeated_nested_cv,primary_instrument1_full,primary,1,3,2,development_combined,Arnoldi FPLS,ok,ok,True,6,9,calibrate:010,calibrate,10,181.10000610351562,176.97417991731092,-4.125826186204705,156
development_repeated_nested_cv,primary_instrument1_full,primary,1,3,2,development_combined,Arnoldi FPLS,ok,ok,True,6,15,calibrate:016,calibrate,16,173.8000030517578,175.7503805267867,1.950377475028887,156
development_repeated_nested_cv,primary_instrument1_full,primary,1,3,2,development_combined,Arnoldi FPLS,ok,ok,True,6,17,calibrate:018,calibrate,18,221.89999389648438,220.10911681884872,-1.7908770776356562,156
development_repeated_nested_cv,primary_instrument1_full,primary,1,3,2,development_combined,Arnoldi FPLS,ok,ok,True,6,18,calibrate:019,calibrate,19,159.5,177.1878371259116,17.687837125911614,156
development_repeated_nested_cv,primary_instrument1_full,primary,1,3,2,development_combined,Arnoldi FPLS,ok,ok,True,6,22,calibrate:023,calibrate,23,220.6999969482422,217.43793543178612,-3.262061516456072,156
development_repeated_nested_cv,primary_instrument1_full,primary,1,3,2,development_combined,Arnoldi FPLS,ok,ok,True,6,23,calibrate:024,calibrate,24,190.1999969482422,188.7790860718029,-1.4209108764392795,156
development_repeated_nested_cv,primary_instrument1_full,primary,1,3,2,development_combined,Arnoldi FPLS,ok,ok,True,6,27,calibrate:028,calibrate,28,175.8000030517578,175.11512696272013,-0.6848760890376866,156
development_repeated_nested_cv,primary_instrument1_full,primary,1,3,2,development_combined,Arnoldi FPLS,ok,ok,True,6,37,calibrate:038,calibrate,38,208.8000030517578,205.24412453558878,-3.555878516169031,156
development_repeated_nested_cv,primary_instrument1_full,primary,1,3,2,development_combined,Arnoldi FPLS,ok,ok,True,6,48,calibrate:049,calibrate,49,186.3000030517578,187.39860151108564,1.0985984593278317,156
development_repeated_nested_cv,primary_instrument1_full,primary,1,3,2,development_combined,Arnoldi FPLS,ok,ok,True,6,52,calibrate:053,calibrate,53,171.39999389648438,174.89148601934502,3.491492122860649,156
development_repeated_nested_cv,primary_instrument1_full,primary,1,3,2,development_combined,Arnoldi FPLS,ok,ok,True,6,55,calibrate:056,calibrate,56,157.5,159.188112555497,1.688112555497014,156
development_repeated_nested_cv,primary_instrument1_full,primary,1,3,2,development_combined,Arnoldi FPLS,ok,ok,True,6,58,calibrate:059,calibrate,59,155.1999969482422,158.35098603905354,3.1509890908113505,156
development_repeated_nested_cv,primary_instrument1_full,primary,1,3,2,development_combined,Arnoldi FPLS,ok,ok,True,6,64,calibrate:065,calibrate,65,158.1999969482422,163.8782479291715,5.678250980929306,156
development_repeated_nested_cv,primary_instrument1_full,primary,1,3,2,development_combined,Arnoldi FPLS,ok,ok,True,6,67,calibrate:068,calibrate,68,179.89999389648438,185.4541773261788,5.554183429694433,156
development_repeated_nested_cv,primary_instrument1_full,primary,1,3,2,development_combined,Arnoldi FPLS,ok,ok,True,6,81,calibrate:082,calibrate,82,216.39999389648438,218.24321828504353,1.8432243885591504,156
development_repeated_nested_cv,primary_instrument1_full,primary,1,3,2,development_combined,Arnoldi FPLS,ok,ok,True,6,82,calibrate:083,calibrate,83,172.39999389648438,176.23248789798035,3.8324940014959736,156
development_repeated_nested_cv,primary_instrument1_full,primary,1,3,2,development_combined,Arnoldi FPLS,ok,ok,True,6,88,calibrate:089,calibrate,89,203.60000610351562,205.1053050660452,1.5052989625295652,156
development_repeated_nested_cv,primary_instrument1_full,primary,1,3,2,development_combined,Arnoldi FPLS,ok,ok,True,6,96,calibrate:097,calibrate,97,204.0,203.61705212051564,-0.3829478794843624,156
development_repeated_nested_cv,primary_instrument1_full,primary,1,3,2,development_combined,Arnoldi FPLS,ok,ok,True,6,103,calibrate:104,calibrate,104,184.5,184.65106336890094,0.1510633689009353,156
development_repeated_nested_cv,primary_instrument1_full,primary,1,3,2,development_combined,Arnoldi FPLS,ok,ok,True,6,109,calibrate:110,calibrate,110,231.10000610351562,231.3885010431248,0.2884949396091656,156
development_repeated_nested_cv,primary_instrument1_full,primary,1,3,2,development_combined,Arnoldi FPLS,ok,ok,True,6,111,calibrate:112,calibrate,112,220.0,218.71338374816148,-1.2866162518385238,156
development_repeated_nested_cv,primary_instrument1_full,primary,1,3,2,development_combined,Arnoldi FPLS,ok,ok,True,6,117,calibrate:118,calibrate,118,217.1999969482422,216.78146819664676,-0.41852875159543146,156
development_repeated_nested_cv,primary_instrument1_full,primary,1,3,2,development_combined,Arnoldi FPLS,ok,ok,True,6,121,calibrate:122,calibrate,122,176.89999389648438,156.62279356226045,-20.27720033422392,156
development_repeated_nested_cv,primary_instrument1_full,primary,1,3,2,development_combined,Arnoldi FPLS,ok,ok,True,6,122,calibrate:123,calibrate,123,188.0,188.74016484920776,0.7401648492077584,156
development_repeated_nested_cv,primary_instrument1_full,primary,1,3,2,development_combined,Arnoldi FPLS,ok,ok,True,6,127,calibrate:128,calibrate,128,239.10000610351562,238.74456994684067,-0.3554361566749549,156
development_repeated_nested_cv,primary_instrument1_full,primary,1,3,2,development_combined,Arnoldi FPLS,ok,ok,True,6,136,calibrate:137,calibrate,137,192.60000610351562,179.72424428120706,-12.875761822308561,156
development_repeated_nested_cv,primary_instrument1_full,primary,1,3,2,development_combined,Arnoldi FPLS,ok,ok,True,6,137,calibrate:138,calibrate,138,195.89999389648438,201.9510940256498,6.051100129165434,156
development_repeated_nested_cv,primary_instrument1_full,primary,1,3,2,development_combined,Arnoldi FPLS,ok,ok,True,6,142,calibrate:143,calibrate,143,196.60000610351562,192.41417928776974,-4.185826815745884,156
development_repeated_nested_cv,primary_instrument1_full,primary,1,3,2,development_combined,Arnoldi FPLS,ok,ok,True,6,156,validate:002,validate,2,188.1999969482422,191.0211117962856,2.8211148480434076,156
development_repeated_nested_cv,primary_instrument1_full,primary,1,3,2,development_combined,Arnoldi FPLS,ok,ok,True,6,161,validate:007,validate,7,195.89999389648438,192.6566632282437,-3.2433306682406737,156
development_repeated_nested_cv,primary_instrument1_full,primary,1,3,2,development_combined,Arnoldi FPLS,ok,ok,True,6,166,validate:012,validate,12,193.8000030517578,187.75256217289842,-6.0474408788593905,156
development_repeated_nested_cv,primary_instrument1_full,primary,1,3,2,development_combined,Arnoldi FPLS,ok,ok,True,6,167,validate:013,validate,13,194.5,193.7152257971582,-0.7847742028417883,156
development_repeated_nested_cv,primary_instrument1_full,primary,1,3,2,development_combined,Arnoldi FPLS,ok,ok,True,6,170,validate:016,validate,16,193.60000610351562,191.01232799093123,-2.587678112584399,156
development_repeated_nested_cv,primary_instrument1_full,primary,1,3,2,development_combined,Arnoldi FPLS,ok,ok,True,6,182,validate:028,validate,28,195.0,198.5500956435532,3.550095643553192,156
development_repeated_nested_cv,primary_instrument1_full,primary,1,3,2,development_combined,Arnoldi FPLS,ok,ok,True,6,183,validate:029,validate,29,199.5,195.96181683368212,-3.5381831663178787,156
development_repeated_nested_cv,primary_instrument1_full,primary,1,3,2,development_combined,Arnoldi FPLS,ok,ok,True,6,192,validate:038,validate,38,197.39999389648438,198.4843385686583,1.084344672173927,156
development_repeated_nested_cv,primary_instrument1_full,primary,1,3,2,development_combined,FPCR,ok,ok,True,55,1,calibrate:002,calibrate,2,198.6999969482422,193.53123262877793,-5.168764319464259,156
development_repeated_nested_cv,primary_instrument1_full,primary,1,3,2,development_combined,FPCR,ok,ok,True,55,2,calibrate:003,calibrate,3,201.39999389648438,191.7776790517199,-9.622314844764475,156
development_repeated_nested_cv,primary_instrument1_full,primary,1,3,2,development_combined,FPCR,ok,ok,True,55,7,calibrate:008,calibrate,8,207.6999969482422,204.25030934771024,-3.449687600531945,156
development_repeated_nested_cv,primary_instrument1_full,primary,1,3,2,development_combined,FPCR,ok,ok,True,55,9,calibrate:010,calibrate,10,181.10000610351562,174.36314112524502,-6.736864978270603,156
development_repeated_nested_cv,primary_instrument1_full,primary,1,3,2,development_combined,FPCR,ok,ok,True,55,15,calibrate:016,calibrate,16,173.8000030517578,171.4327565288675,-2.3672465228903263,156
development_repeated_nested_cv,primary_instrument1_full,primary,1,3,2,development_combined,FPCR,ok,ok,True,55,17,calibrate:018,calibrate,18,221.89999389648438,222.82346586061504,0.9234719641306697,156
development_repeated_nested_cv,primary_instrument1_full,primary,1,3,2,development_combined,FPCR,ok,ok,True,55,18,calibrate:019,calibrate,19,159.5,176.64023486306178,17.140234863061778,156
development_repeated_nested_cv,primary_instrument1_full,primary,1,3,2,development_combined,FPCR,ok,ok,True,55,22,calibrate:023,calibrate,23,220.6999969482422,217.76226730007525,-2.937729648166936,156
development_repeated_nested_cv,primary_instrument1_full,primary,1,3,2,development_combined,FPCR,ok,ok,True,55,23,calibrate:024,calibrate,24,190.1999969482422,192.3883496468949,2.1883526986527215,156
development_repeated_nested_cv,primary_instrument1_full,primary,1,3,2,development_combined,FPCR,ok,ok,True,55,27,calibrate:028,calibrate,28,175.8000030517578,173.87111649310455,-1.9288865586532609,156
development_repeated_nested_cv,primary_instrument1_full,primary,1,3,2,development_combined,FPCR,ok,ok,True,55,37,calibrate:038,calibrate,38,208.8000030517578,205.65945700491952,-3.1405460468382955,156
development_repeated_nested_cv,primary_instrument1_full,primary,1,3,2,development_combined,FPCR,ok,ok,True,55,48,calibrate:049,calibrate,49,186.3000030517578,188.04948019805198,1.7494771462941685,156
development_repeated_nested_cv,primary_instrument1_full,primary,1,3,2,development_combined,FPCR,ok,ok,True,55,52,calibrate:053,calibrate,53,171.39999389648438,173.9469793343593,2.5469854378749233,156
development_repeated_nested_cv,primary_instrument1_full,primary,1,3,2,development_combined,FPCR,ok,ok,True,55,55,calibrate:056,calibrate,56,157.5,157.4979634682571,-0.0020365317429025254,156
development_repeated_nested_cv,primary_instrument1_full,primary,1,3,2,development_combined,FPCR,ok,ok,True,55,58,calibrate:059,calibrate,59,155.1999969482422,155.70697410992616,0.5069771616839773,156
development_repeated_nested_cv,primary_instrument1_full,primary,1,3,2,development_combined,FPCR,ok,ok,True,55,64,calibrate:065,calibrate,65,158.1999969482422,160.56314483608196,2.363147887839773,156
development_repeated_nested_cv,primary_instrument1_full,primary,1,3,2,development_combined,FPCR,ok,ok,True,55,67,calibrate:068,calibrate,68,179.89999389648438,184.30583729929867,4.405843402814298,156
development_repeated_nested_cv,primary_instrument1_full,primary,1,3,2,development_combined,FPCR,ok,ok,True,55,81,calibrate:082,calibrate,82,216.39999389648438,217.17575383373722,0.7757599372528432,156
development_repeated_nested_cv,primary_instrument1_full,primary,1,3,2,development_combined,FPCR,ok,ok,True,55,82,calibrate:083,calibrate,83,172.39999389648438,172.77825324655487,0.3782593500704934,156
development_repeated_nested_cv,primary_instrument1_full,primary,1,3,2,development_combined,FPCR,ok,ok,True,55,88,calibrate:089,calibrate,89,203.60000610351562,205.13199597881342,1.5319898752977963,156
development_repeated_nested_cv,primary_instrument1_full,primary,1,3,2,development_combined,FPCR,ok,ok,True,55,96,calibrate:097,calibrate,97,204.0,202.64382251807268,-1.3561774819273182,156
development_repeated_nested_cv,primary_instrument1_full,primary,1,3,2,development_combined,FPCR,ok,ok,True,55,103,calibrate:104,calibrate,104,184.5,183.52305581732966,-0.9769441826703371,156
development_repeated_nested_cv,primary_instrument1_full,primary,1,3,2,development_combined,FPCR,ok,ok,True,55,109,calibrate:110,calibrate,110,231.10000610351562,224.63896712751907,-6.4610389759965585,156
development_repeated_nested_cv,primary_instrument1_full,primary,1,3,2,development_combined,FPCR,ok,ok,True,55,111,calibrate:112,calibrate,112,220.0,218.21927117817185,-1.7807288218281485,156
development_repeated_nested_cv,primary_instrument1_full,primary,1,3,2,development_combined,FPCR,ok,ok,True,55,117,calibrate:118,calibrate,118,217.1999969482422,214.51029528589922,-2.6897016623429693,156
development_repeated_nested_cv,primary_instrument1_full,primary,1,3,2,development_combined,FPCR,ok,ok,True,55,121,calibrate:122,calibrate,122,176.89999389648438,154.83586895339965,-22.06412494308472,156
development_repeated_nested_cv,primary_instrument1_full,primary,1,3,2,development_combined,FPCR,ok,ok,True,55,122,calibrate:123,calibrate,123,188.0,195.39454182276992,7.3945418227699236,156
development_repeated_nested_cv,primary_instrument1_full,primary,1,3,2,development_combined,FPCR,ok,ok,True,55,127,calibrate:128,calibrate,128,239.10000610351562,237.05728701255765,-2.0427190909579735,156
development_repeated_nested_cv,primary_instrument1_full,primary,1,3,2,development_combined,FPCR,ok,ok,True,55,136,calibrate:137,calibrate,137,192.60000610351562,180.2946486569707,-12.305357446544917,156
development_repeated_nested_cv,primary_instrument1_full,primary,1,3,2,development_combined,FPCR,ok,ok,True,55,137,calibrate:138,calibrate,138,195.89999389648438,197.51041050207832,1.6104166055939402,156
development_repeated_nested_cv,primary_instrument1_full,primary,1,3,2,development_combined,FPCR,ok,ok,True,55,142,calibrate:143,calibrate,143,196.60000610351562,195.1035632615761,-1.496442841939512,156
development_repeated_nested_cv,primary_instrument1_full,primary,1,3,2,development_combined,FPCR,ok,ok,True,55,156,validate:002,validate,2,188.1999969482422,190.85872415286153,2.658727204619339,156
development_repeated_nested_cv,primary_instrument1_full,primary,1,3,2,development_combined,FPCR,ok,ok,True,55,161,validate:007,validate,7,195.89999389648438,193.4601376958199,-2.4398562006644795,156
development_repeated_nested_cv,primary_instrument1_full,primary,1,3,2,development_combined,FPCR,ok,ok,True,55,166,validate:012,validate,12,193.8000030517578,195.6841343696884,1.8841313179305814,156
development_repeated_nested_cv,primary_instrument1_full,primary,1,3,2,development_combined,FPCR,ok,ok,True,55,167,validate:013,validate,13,194.5,194.9363316014115,0.43633160141149574,156
development_repeated_nested_cv,primary_instrument1_full,primary,1,3,2,development_combined,FPCR,ok,ok,True,55,170,validate:016,validate,16,193.60000610351562,188.8451603416029,-4.754845761912719,156
development_repeated_nested_cv,primary_instrument1_full,primary,1,3,2,development_combined,FPCR,ok,ok,True,55,182,validate:028,validate,28,195.0,195.4315302951753,0.4315302951752926,156
development_repeated_nested_cv,primary_instrument1_full,primary,1,3,2,development_combined,FPCR,ok,ok,True,55,183,validate:029,validate,29,199.5,194.5270052202411,-4.972994779758892,156
development_repeated_nested_cv,primary_instrument1_full,primary,1,3,2,development_combined,FPCR,ok,ok,True,55,192,validate:038,validate,38,197.39999389648438,197.5726270035175,0.1726331070331355,156
development_repeated_nested_cv,primary_instrument1_full,primary,1,3,3,development_combined,CG-FPLS-code,ok,ok,True,3,3,calibrate:004,calibrate,4,199.89999389648438,196.4792183329286,-3.4207755635557646,156
development_repeated_nested_cv,primary_instrument1_full,primary,1,3,3,development_combined,CG-FPLS-code,ok,ok,True,3,10,calibrate:011,calibrate,11,221.8000030517578,220.49469291341677,-1.3053101383410421,156
development_repeated_nested_cv,primary_instrument1_full,primary,1,3,3,development_combined,CG-FPLS-code,ok,ok,True,3,14,calibrate:015,calibrate,15,220.10000610351562,220.25949195405283,0.15948585053720876,156
development_repeated_nested_cv,primary_instrument1_full,primary,1,3,3,development_combined,CG-FPLS-code,ok,ok,True,3,20,calibrate:021,calibrate,21,183.1999969482422,181.18974532175912,-2.0102516264830683,156
development_repeated_nested_cv,primary_instrument1_full,primary,1,3,3,development_combined,CG-FPLS-code,ok,ok,True,3,24,calibrate:025,calibrate,25,177.1999969482422,176.21668510340274,-0.9833118448394487,156
development_repeated_nested_cv,primary_instrument1_full,primary,1,3,3,development_combined,CG-FPLS-code,ok,ok,True,3,28,calibrate:029,calibrate,29,222.5,215.15720095651537,-7.342799043484632,156
development_repeated_nested_cv,primary_instrument1_full,primary,1,3,3,development_combined,CG-FPLS-code,ok,ok,True,3,29,calibrate:030,calibrate,30,236.39999389648438,236.22870998731423,-0.17128390917014258,156
development_repeated_nested_cv,primary_instrument1_full,primary,1,3,3,development_combined,CG-FPLS-code,ok,ok,True,3,32,calibrate:033,calibrate,33,183.0,187.5597975634522,4.559797563452207,156
development_repeated_nested_cv,primary_instrument1_full,primary,1,3,3,development_combined,CG-FPLS-code,ok,ok,True,3,34,calibrate:035,calibrate,35,218.0,213.9946618992283,-4.005338100771695,156
development_repeated_nested_cv,primary_instrument1_full,primary,1,3,3,development_combined,CG-FPLS-code,ok,ok,True,3,46,calibrate:047,calibrate,47,158.0,166.60004403277927,8.600044032779266,156
development_repeated_nested_cv,primary_instrument1_full,primary,1,3,3,development_combined,CG-FPLS-code,ok,ok,True,3,47,calibrate:048,calibrate,48,156.8000030517578,162.76254551484206,5.962542463084247,156
development_repeated_nested_cv,primary_instrument1_full,primary,1,3,3,development_combined,CG-FPLS-code,ok,ok,True,3,50,calibrate:051,calibrate,51,188.3000030517578,187.65027309120902,-0.6497299605487967,156
development_repeated_nested_cv,primary_instrument1_full,primary,1,3,3,development_combined,CG-FPLS-code,ok,ok,True,3,54,calibrate:055,calibrate,55,188.10000610351562,184.416130576934,-3.6838755265816303,156
development_repeated_nested_cv,primary_instrument1_full,primary,1,3,3,development_combined,CG-FPLS-code,ok,ok,True,3,59,calibrate:060,calibrate,60,172.3000030517578,181.05169234240208,8.751689290644265,156
development_repeated_nested_cv,primary_instrument1_full,primary,1,3,3,development_combined,CG-FPLS-code,ok,ok,True,3,61,calibrate:062,calibrate,62,176.6999969482422,179.09764429599832,2.397647347756134,156
development_repeated_nested_cv,primary_instrument1_full,primary,1,3,3,development_combined,CG-FPLS-code,ok,ok,True,3,65,calibrate:066,calibrate,66,160.39999389648438,160.84514791003176,0.4451540135473806,156
development_repeated_nested_cv,primary_instrument1_full,primary,1,3,3,development_combined,CG-FPLS-code,ok,ok,True,3,73,calibrate:074,calibrate,74,213.8000030517578,215.77028975460433,1.970286702846522,156
development_repeated_nested_cv,primary_instrument1_full,primary,1,3,3,development_combined,CG-FPLS-code,ok,ok,True,3,78,calibrate:079,calibrate,79,215.1999969482422,220.65386806085567,5.453871112613484,156
development_repeated_nested_cv,primary_instrument1_full,primary,1,3,3,development_combined,CG-FPLS-code,ok,ok,True,3,87,calibrate:088,calibrate,88,173.60000610351562,182.47444913594646,8.874443032430833,156
development_repeated_nested_cv,primary_instrument1_full,primary,1,3,3,development_combined,CG-FPLS-code,ok,ok,True,3,92,calibrate:093,calibrate,93,203.89999389648438,209.4109575140603,5.510963617575925,156
development_repeated_nested_cv,primary_instrument1_full,primary,1,3,3,development_combined,CG-FPLS-code,ok,ok,True,3,93,calibrate:094,calibrate,94,172.39999389648438,182.07089472076706,9.670900824282683,156
development_repeated_nested_cv,primary_instrument1_full,primary,1,3,3,development_combined,CG-FPLS-code,ok,ok,True,3,101,calibrate:102,calibrate,102,203.6999969482422,204.75487462098766,1.0548776727454765,156
development_repeated_nested_cv,primary_instrument1_full,primary,1,3,3,development_combined,CG-FPLS-code,ok,ok,True,3,125,calibrate:126,calibrate,126,181.0,164.59477068958648,-16.405229310413517,156
development_repeated_nested_cv,primary_instrument1_full,primary,1,3,3,development_combined,CG-FPLS-code,ok,ok,True,3,128,calibrate:129,calibrate,129,231.10000610351562,222.12514935662543,-8.974856746890197,156
development_repeated_nested_cv,primary_instrument1_full,primary,1,3,3,development_combined,CG-FPLS-code,ok,ok,True,3,129,calibrate:130,calibrate,130,154.60000610351562,166.71241629775642,12.112410194240795,156
development_repeated_nested_cv,primary_instrument1_full,primary,1,3,3,development_combined,CG-FPLS-code,ok,ok,True,3,131,calibrate:132,calibrate,132,206.3000030517578,203.14769495303636,-3.1523080987214485,156
development_repeated_nested_cv,primary_instrument1_full,primary,1,3,3,development_combined,CG-FPLS-code,ok,ok,True,3,132,calibrate:133,calibrate,133,186.6999969482422,194.9475326329869,8.247535684744719,156
development_repeated_nested_cv,primary_instrument1_full,primary,1,3,3,development_combined,CG-FPLS-code,ok,ok,True,3,133,calibrate:134,calibrate,134,192.8000030517578,189.0187183296474,-3.7812847221103993,156
development_repeated_nested_cv,primary_instrument1_full,primary,1,3,3,development_combined,CG-FPLS-code,ok,ok,True,3,140,calibrate:141,calibrate,141,197.1999969482422,189.29360084628587,-7.906396101956318,156
development_repeated_nested_cv,primary_instrument1_full,primary,1,3,3,development_combined,CG-FPLS-code,ok,ok,True,3,143,calibrate:144,calibrate,144,194.60000610351562,188.2314439908357,-6.368562112679939,156
development_repeated_nested_cv,primary_instrument1_full,primary,1,3,3,development_combined,CG-FPLS-code,ok,ok,True,3,151,calibrate:152,calibrate,152,201.39999389648438,190.54604576943294,-10.853948127051439,156
development_repeated_nested_cv,primary_instrument1_full,primary,1,3,3,development_combined,CG-FPLS-code,ok,ok,True,3,168,validate:014,validate,14,197.5,198.57022390274605,1.0702239027460507,156
development_repeated_nested_cv,primary_instrument1_full,primary,1,3,3,development_combined,CG-FPLS-code,ok,ok,True,3,171,validate:017,validate,17,194.6999969482422,197.8533621801819,3.1533652319397163,156
development_repeated_nested_cv,primary_instrument1_full,primary,1,3,3,development_combined,CG-FPLS-code,ok,ok,True,3,173,validate:019,validate,19,191.8000030517578,197.5862686756966,5.786265623938789,156
development_repeated_nested_cv,primary_instrument1_full,primary,1,3,3,development_combined,CG-FPLS-code,ok,ok,True,3,174,validate:020,validate,20,196.3000030517578,194.69483460455146,-1.6051684472063528,156
development_repeated_nested_cv,primary_instrument1_full,primary,1,3,3,development_combined,CG-FPLS-code,ok,ok,True,3,175,validate:021,validate,21,195.10000610351562,195.2380609279386,0.1380548244229658,156
development_repeated_nested_cv,primary_instrument1_full,primary,1,3,3,development_combined,CG-FPLS-code,ok,ok,True,3,176,validate:022,validate,22,194.0,196.38613777521473,2.386137775214735,156
development_repeated_nested_cv,primary_instrument1_full,primary,1,3,3,development_combined,CG-FPLS-code,ok,ok,True,3,178,validate:024,validate,24,193.60000610351562,202.20222544207152,8.602219338555898,156
development_repeated_nested_cv,primary_instrument1_full,primary,1,3,3,development_combined,CG-FPLS-code,ok,ok,True,3,189,validate:035,validate,35,196.6999969482422,196.46576109926508,-0.23423584897710725,156
development_repeated_nested_cv,primary_instrument1_full,primary,1,3,3,development_combined,Raw FPLS,ok,ok,True,64,3,calibrate:004,calibrate,4,199.89999389648438,191.0058435070833,-8.894150389401062,156
development_repeated_nested_cv,primary_instrument1_full,primary,1,3,3,development_combined,Raw FPLS,ok,ok,True,64,10,calibrate:011,calibrate,11,221.8000030517578,217.28507116565294,-4.5149318861048755,156
development_repeated_nested_cv,primary_instrument1_full,primary,1,3,3,development_combined,Raw FPLS,ok,ok,True,64,14,calibrate:015,calibrate,15,220.10000610351562,217.31237028664592,-2.7876358168697095,156
development_repeated_nested_cv,primary_instrument1_full,primary,1,3,3,development_combined,Raw FPLS,ok,ok,True,64,20,calibrate:021,calibrate,21,183.1999969482422,185.98753342718993,2.787536478947743,156
development_repeated_nested_cv,primary_instrument1_full,primary,1,3,3,development_combined,Raw FPLS,ok,ok,True,64,24,calibrate:025,calibrate,25,177.1999969482422,177.3319258403986,0.13192889215642367,156
development_repeated_nested_cv,primary_instrument1_full,primary,1,3,3,development_combined,Raw FPLS,ok,ok,True,64,28,calibrate:029,calibrate,29,222.5,220.78631812961223,-1.7136818703877736,156
development_repeated_nested_cv,primary_instrument1_full,primary,1,3,3,development_combined,Raw FPLS,ok,ok,True,64,29,calibrate:030,calibrate,30,236.39999389648438,238.1001426712227,1.7001487747383237,156
development_repeated_nested_cv,primary_instrument1_full,primary,1,3,3,development_combined,Raw FPLS,ok,ok,True,64,32,calibrate:033,calibrate,33,183.0,188.28724583145956,5.287245831459558,156
development_repeated_nested_cv,primary_instrument1_full,primary,1,3,3,development_combined,Raw FPLS,ok,ok,True,64,34,calibrate:035,calibrate,35,218.0,219.42251421547118,1.4225142154711818,156
development_repeated_nested_cv,primary_instrument1_full,primary,1,3,3,development_combined,Raw FPLS,ok,ok,True,64,46,calibrate:047,calibrate,47,158.0,157.75601177903093,-0.24398822096907224,156
development_repeated_nested_cv,primary_instrument1_full,primary,1,3,3,development_combined,Raw FPLS,ok,ok,True,64,47,calibrate:048,calibrate,48,156.8000030517578,155.6639072589683,-1.1360957927895186,156
development_repeated_nested_cv,primary_instrument1_full,primary,1,3,3,development_combined,Raw FPLS,ok,ok,True,64,50,calibrate:051,calibrate,51,188.3000030517578,184.3005350255673,-3.999468026190499,156
development_repeated_nested_cv,primary_instrument1_full,primary,1,3,3,development_combined,Raw FPLS,ok,ok,True,64,54,calibrate:055,calibrate,55,188.10000610351562,182.39858414870056,-5.701421954815061,156
development_repeated_nested_cv,primary_instrument1_full,primary,1,3,3,development_combined,Raw FPLS,ok,ok,True,64,59,calibrate:060,calibrate,60,172.3000030517578,173.2155829325249,0.9155798807670976,156
development_repeated_nested_cv,primary_instrument1_full,primary,1,3,3,development_combined,Raw FPLS,ok,ok,True,64,61,calibrate:062,calibrate,62,176.6999969482422,174.92763681866745,-1.7723601295747358,156
development_repeated_nested_cv,primary_instrument1_full,primary,1,3,3,development_combined,Raw FPLS,ok,ok,True,64,65,calibrate:066,calibrate,66,160.39999389648438,157.59535185422382,-2.8046420422605536,156
development_repeated_nested_cv,primary_instrument1_full,primary,1,3,3,development_combined,Raw FPLS,ok,ok,True,64,73,calibrate:074,calibrate,74,213.8000030517578,213.53508100715328,-0.26492204460453195,156
development_repeated_nested_cv,primary_instrument1_full,primary,1,3,3,development_combined,Raw FPLS,ok,ok,True,64,78,calibrate:079,calibrate,79,215.1999969482422,219.0354122491471,3.835415300904913,156
development_repeated_nested_cv,primary_instrument1_full,primary,1,3,3,development_combined,Raw FPLS,ok,ok,True,64,87,calibrate:088,calibrate,88,173.60000610351562,173.02036813684276,-0.5796379666728626,156
development_repeated_nested_cv,primary_instrument1_full,primary,1,3,3,development_combined,Raw FPLS,ok,ok,True,64,92,calibrate:093,calibrate,93,203.89999389648438,205.86843659651083,1.9684427000264577,156
development_repeated_nested_cv,primary_instrument1_full,primary,1,3,3,development_combined,Raw FPLS,ok,ok,True,64,93,calibrate:094,calibrate,94,172.39999389648438,174.0356614210901,1.6356675246057364,156
development_repeated_nested_cv,primary_instrument1_full,primary,1,3,3,development_combined,Raw FPLS,ok,ok,True,64,101,calibrate:102,calibrate,102,203.6999969482422,208.858775859484,5.158778911241825,156
development_repeated_nested_cv,primary_instrument1_full,primary,1,3,3,development_combined,Raw FPLS,ok,ok,True,64,125,calibrate:126,calibrate,126,181.0,159.89189893359327,-21.108101066406732,156
development_repeated_nested_cv,primary_instrument1_full,primary,1,3,3,development_combined,Raw FPLS,ok,ok,True,64,128,calibrate:129,calibrate,129,231.10000610351562,227.8360072992902,-3.263998804225423,156
development_repeated_nested_cv,primary_instrument1_full,primary,1,3,3,development_combined,Raw FPLS,ok,ok,True,64,129,calibrate:130,calibrate,130,154.60000610351562,161.02656295610328,6.426556852587652,156
development_repeated_nested_cv,primary_instrument1_full,primary,1,3,3,development_combined,Raw FPLS,ok,ok,True,64,131,calibrate:132,calibrate,132,206.3000030517578,206.02799595767678,-0.2720070940810331,156
development_repeated_nested_cv,primary_instrument1_full,primary,1,3,3,development_combined,Raw FPLS,ok,ok,True,64,132,calibrate:133,calibrate,133,186.6999969482422,190.08518493973446,3.3851879914922733,156
development_repeated_nested_cv,primary_instrument1_full,primary,1,3,3,development_combined,Raw FPLS,ok,ok,True,64,133,calibrate:134,calibrate,134,192.8000030517578,195.63190210996854,2.8318990582107233,156
development_repeated_nested_cv,primary_instrument1_full,primary,1,3,3,development_combined,Raw FPLS,ok,ok,True,64,140,calibrate:141,calibrate,141,197.1999969482422,193.03070933842957,-4.1692876098126135,156
development_repeated_nested_cv,primary_instrument1_full,primary,1,3,3,development_combined,Raw FPLS,ok,ok,True,64,143,calibrate:144,calibrate,144,194.60000610351562,191.22951368398662,-3.3704924195290005,156
development_repeated_nested_cv,primary_instrument1_full,primary,1,3,3,development_combined,Raw FPLS,ok,ok,True,64,151,calibrate:152,calibrate,152,201.39999389648438,192.91942163571738,-8.48057226076699,156
development_repeated_nested_cv,primary_instrument1_full,primary,1,3,3,development_combined,Raw FPLS,ok,ok,True,64,168,validate:014,validate,14,197.5,192.4394341310006,-5.06056586899939,156
development_repeated_nested_cv,primary_instrument1_full,primary,1,3,3,development_combined,Raw FPLS,ok,ok,True,64,171,validate:017,validate,17,194.6999969482422,192.95525920196943,-1.7447377462727616,156
development_repeated_nested_cv,primary_instrument1_full,primary,1,3,3,development_combined,Raw FPLS,ok,ok,True,64,173,validate:019,validate,19,191.8000030517578,190.92870958415804,-0.8712934675997701,156
development_repeated_nested_cv,primary_instrument1_full,primary,1,3,3,development_combined,Raw FPLS,ok,ok,True,64,174,validate:020,validate,20,196.3000030517578,190.65521435319351,-5.644788698564298,156
development_repeated_nested_cv,primary_instrument1_full,primary,1,3,3,development_combined,Raw FPLS,ok,ok,True,64,175,validate:021,validate,21,195.10000610351562,201.7841725099209,6.684166406405268,156
development_repeated_nested_cv,primary_instrument1_full,primary,1,3,3,development_combined,Raw FPLS,ok,ok,True,64,176,validate:022,validate,22,194.0,196.24368418331576,2.2436841833157644,156
development_repeated_nested_cv,primary_instrument1_full,primary,1,3,3,development_combined,Raw FPLS,ok,ok,True,64,178,validate:024,validate,24,193.60000610351562,196.56524568598488,2.965239582469252,156
development_repeated_nested_cv,primary_instrument1_full,primary,1,3,3,development_combined,Raw FPLS,ok,ok,True,64,189,validate:035,validate,35,196.6999969482422,200.8329444963479,4.1329475481057045,156
development_repeated_nested_cv,primary_instrument1_full,primary,1,3,3,development_combined,Arnoldi FPLS,ok,ok,True,5,3,calibrate:004,calibrate,4,199.89999389648438,190.97490347345598,-8.925090423028394,156
development_repeated_nested_cv,primary_instrument1_full,primary,1,3,3,development_combined,Arnoldi FPLS,ok,ok,True,5,10,calibrate:011,calibrate,11,221.8000030517578,218.23162322953158,-3.568379822226234,156
development_repeated_nested_cv,primary_instrument1_full,primary,1,3,3,development_combined,Arnoldi FPLS,ok,ok,True,5,14,calibrate:015,calibrate,15,220.10000610351562,217.9449351640823,-2.1550709394333296,156
development_repeated_nested_cv,primary_instrument1_full,primary,1,3,3,development_combined,Arnoldi FPLS,ok,ok,True,5,20,calibrate:021,calibrate,21,183.1999969482422,184.83299564761518,1.6329986993729904,156
development_repeated_nested_cv,primary_instrument1_full,primary,1,3,3,development_combined,Arnoldi FPLS,ok,ok,True,5,24,calibrate:025,calibrate,25,177.1999969482422,176.2449032013469,-0.9550937468953009,156
development_repeated_nested_cv,primary_instrument1_full,primary,1,3,3,development_combined,Arnoldi FPLS,ok,ok,True,5,28,calibrate:029,calibrate,29,222.5,219.24999514646805,-3.250004853531948,156
development_repeated_nested_cv,primary_instrument1_full,primary,1,3,3,development_combined,Arnoldi FPLS,ok,ok,True,5,29,calibrate:030,calibrate,30,236.39999389648438,238.87553365204175,2.475539755557378,156
development_repeated_nested_cv,primary_instrument1_full,primary,1,3,3,development_combined,Arnoldi FPLS,ok,ok,True,5,32,calibrate:033,calibrate,33,183.0,187.11490042346708,4.114900423467077,156
development_repeated_nested_cv,primary_instrument1_full,primary,1,3,3,development_combined,Arnoldi FPLS,ok,ok,True,5,34,calibrate:035,calibrate,35,218.0,217.90671423265275,-0.09328576734725402,156
development_repeated_nested_cv,primary_instrument1_full,primary,1,3,3,development_combined,Arnoldi FPLS,ok,ok,True,5,46,calibrate:047,calibrate,47,158.0,159.11695798151538,1.1169579815153838,156
development_repeated_nested_cv,primary_instrument1_full,primary,1,3,3,development_combined,Arnoldi FPLS,ok,ok,True,5,47,calibrate:048,calibrate,48,156.8000030517578,158.03536372774695,1.235360675989142,156
development_repeated_nested_cv,primary_instrument1_full,primary,1,3,3,development_combined,Arnoldi FPLS,ok,ok,True,5,50,calibrate:051,calibrate,51,188.3000030517578,186.37997285604422,-1.9200301957135935,156
development_repeated_nested_cv,primary_instrument1_full,primary,1,3,3,development_combined,Arnoldi FPLS,ok,ok,True,5,54,calibrate:055,calibrate,55,188.10000610351562,184.6234687529725,-3.4765373505431114,156
development_repeated_nested_cv,primary_instrument1_full,primary,1,3,3,development_combined,Arnoldi FPLS,ok,ok,True,5,59,calibrate:060,calibrate,60,172.3000030517578,174.4374875686271,2.1374845168692787,156
development_repeated_nested_cv,primary_instrument1_full,primary,1,3,3,development_combined,Arnoldi FPLS,ok,ok,True,5,61,calibrate:062,calibrate,62,176.6999969482422,177.48565981713935,0.7856628688971625,156
development_repeated_nested_cv,primary_instrument1_full,primary,1,3,3,development_combined,Arnoldi FPLS,ok,ok,True,5,65,calibrate:066,calibrate,66,160.39999389648438,159.2993357895812,-1.1006581069031824,156
development_repeated_nested_cv,primary_instrument1_full,primary,1,3,3,development_combined,Arnoldi FPLS,ok,ok,True,5,73,calibrate:074,calibrate,74,213.8000030517578,213.15608838383233,-0.6439146679254861,156
development_repeated_nested_cv,primary_instrument1_full,primary,1,3,3,development_combined,Arnoldi FPLS,ok,ok,True,5,78,calibrate:079,calibrate,79,215.1999969482422,219.20862293981318,4.0086259915709945,156
development_repeated_nested_cv,primary_instrument1_full,primary,1,3,3,development_combined,Arnoldi FPLS,ok,ok,True,5,87,calibrate:088,calibrate,88,173.60000610351562,174.2489823677893,0.6489762642736707,156
development_repeated_nested_cv,primary_instrument1_full,primary,1,3,3,development_combined,Arnoldi FPLS,ok,ok,True,5,92,calibrate:093,calibrate,93,203.89999389648438,206.3073553092889,2.4073614128045335,156
development_repeated_nested_cv,primary_instrument1_full,primary,1,3,3,development_combined,Arnoldi FPLS,ok,ok,True,5,93,calibrate:094,calibrate,94,172.39999389648438,175.39773776394182,2.9977438674574444,156
development_repeated_nested_cv,primary_instrument1_full,primary,1,3,3,development_combined,Arnoldi FPLS,ok,ok,True,5,101,calibrate:102,calibrate,102,203.6999969482422,207.29987577384406,3.599878825601877,156
development_repeated_nested_cv,primary_instrument1_full,primary,1,3,3,development_combined,Arnoldi FPLS,ok,ok,True,5,125,calibrate:126,calibrate,126,181.0,159.55704509603635,-21.442954903963653,156
development_repeated_nested_cv,primary_instrument1_full,primary,1,3,3,development_combined,Arnoldi FPLS,ok,ok,True,5,128,calibrate:129,calibrate,129,231.10000610351562,227.23820105139427,-3.8618050521213547,156
development_repeated_nested_cv,primary_instrument1_full,primary,1,3,3,development_combined,Arnoldi FPLS,ok,ok,True,5,129,calibrate:130,calibrate,130,154.60000610351562,160.75420106190856,6.154194958392935,156
development_repeated_nested_cv,primary_instrument1_full,primary,1,3,3,development_combined,Arnoldi FPLS,ok,ok,True,5,131,calibrate:132,calibrate,132,206.3000030517578,205.09323723582304,-1.206765815934773,156
development_repeated_nested_cv,primary_instrument1_full,primary,1,3,3,development_combined,Arnoldi FPLS,ok,ok,True,5,132,calibrate:133,calibrate,133,186.6999969482422,190.11485987557347,3.414862927331285,156
development_repeated_nested_cv,primary_instrument1_full,primary,1,3,3,development_combined,Arnoldi FPLS,ok,ok,True,5,133,calibrate:134,calibrate,134,192.8000030517578,193.49513427848913,0.6951312267313199,156
development_repeated_nested_cv,primary_instrument1_full,primary,1,3,3,development_combined,Arnoldi FPLS,ok,ok,True,5,140,calibrate:141,calibrate,141,197.1999969482422,191.41603118804022,-5.783965760201966,156
development_repeated_nested_cv,primary_instrument1_full,primary,1,3,3,development_combined,Arnoldi FPLS,ok,ok,True,5,143,calibrate:144,calibrate,144,194.60000610351562,189.1831057707415,-5.416900332774134,156
development_repeated_nested_cv,primary_instrument1_full,primary,1,3,3,development_combined,Arnoldi FPLS,ok,ok,True,5,151,calibrate:152,calibrate,152,201.39999389648438,194.29923268166587,-7.100761214818505,156
development_repeated_nested_cv,primary_instrument1_full,primary,1,3,3,development_combined,Arnoldi FPLS,ok,ok,True,5,168,validate:014,validate,14,197.5,193.0095493414812,-4.490450658518796,156
development_repeated_nested_cv,primary_instrument1_full,primary,1,3,3,development_combined,Arnoldi FPLS,ok,ok,True,5,171,validate:017,validate,17,194.6999969482422,193.18216634141754,-1.5178306068246457,156
development_repeated_nested_cv,primary_instrument1_full,primary,1,3,3,development_combined,Arnoldi FPLS,ok,ok,True,5,173,validate:019,validate,19,191.8000030517578,190.7909859371083,-1.0090171146495095,156
development_repeated_nested_cv,primary_instrument1_full,primary,1,3,3,development_combined,Arnoldi FPLS,ok,ok,True,5,174,validate:020,validate,20,196.3000030517578,190.57879617896432,-5.721206872793488,156
development_repeated_nested_cv,primary_instrument1_full,primary,1,3,3,development_combined,Arnoldi FPLS,ok,ok,True,5,175,validate:021,validate,21,195.10000610351562,200.26368146630043,5.163675362784801,156
development_repeated_nested_cv,primary_instrument1_full,primary,1,3,3,development_combined,Arnoldi FPLS,ok,ok,True,5,176,validate:022,validate,22,194.0,198.26118356330616,4.261183563306162,156
development_repeated_nested_cv,primary_instrument1_full,primary,1,3,3,development_combined,Arnoldi FPLS,ok,ok,True,5,178,validate:024,validate,24,193.60000610351562,197.6769431875855,4.076937084069868,156
development_repeated_nested_cv,primary_instrument1_full,primary,1,3,3,development_combined,Arnoldi FPLS,ok,ok,True,5,189,validate:035,validate,35,196.6999969482422,199.78625588332227,3.0862589350800818,156
development_repeated_nested_cv,primary_instrument1_full,primary,1,3,3,development_combined,FPCR,ok,ok,True,35,3,calibrate:004,calibrate,4,199.89999389648438,192.51889026057702,-7.381103635907351,156
development_repeated_nested_cv,primary_instrument1_full,primary,1,3,3,development_combined,FPCR,ok,ok,True,35,10,calibrate:011,calibrate,11,221.8000030517578,216.84096551597096,-4.959037535786848,156
development_repeated_nested_cv,primary_instrument1_full,primary,1,3,3,development_combined,FPCR,ok,ok,True,35,14,calibrate:015,calibrate,15,220.10000610351562,215.69520025023394,-4.404805853281687,156
development_repeated_nested_cv,primary_instrument1_full,primary,1,3,3,development_combined,FPCR,ok,ok,True,35,20,calibrate:021,calibrate,21,183.1999969482422,182.93529576742608,-0.26470118081610394,156
development_repeated_nested_cv,primary_instrument1_full,primary,1,3,3,development_combined,FPCR,ok,ok,True,35,24,calibrate:025,calibrate,25,177.1999969482422,178.24966454502197,1.0496675967797842,156
development_repeated_nested_cv,primary_instrument1_full,primary,1,3,3,development_combined,FPCR,ok,ok,True,35,28,calibrate:029,calibrate,29,222.5,220.49429755005028,-2.005702449949723,156
development_repeated_nested_cv,primary_instrument1_full,primary,1,3,3,development_combined,FPCR,ok,ok,True,35,29,calibrate:030,calibrate,30,236.39999389648438,235.34372082138896,-1.0562730750954188,156
development_repeated_nested_cv,primary_instrument1_full,primary,1,3,3,development_combined,FPCR,ok,ok,True,35,32,calibrate:033,calibrate,33,183.0,188.82767746033406,5.827677460334058,156
development_repeated_nested_cv,primary_instrument1_full,primary,1,3,3,development_combined,FPCR,ok,ok,True,35,34,calibrate:035,calibrate,35,218.0,217.37425519920575,-0.6257448007942514,156
development_repeated_nested_cv,primary_instrument1_full,primary,1,3,3,development_combined,FPCR,ok,ok,True,35,46,calibrate:047,calibrate,47,158.0,161.74925122842345,3.7492512284234465,156
development_repeated_nested_cv,primary_instrument1_full,primary,1,3,3,development_combined,FPCR,ok,ok,True,35,47,calibrate:048,calibrate,48,156.8000030517578,161.05173826032322,4.251735208565407,156
development_repeated_nested_cv,primary_instrument1_full,primary,1,3,3,development_combined,FPCR,ok,ok,True,35,50,calibrate:051,calibrate,51,188.3000030517578,185.97433644104376,-2.325666610714052,156
development_repeated_nested_cv,primary_instrument1_full,primary,1,3,3,development_combined,FPCR,ok,ok,True,35,54,calibrate:055,calibrate,55,188.10000610351562,183.1017342472595,-4.998271856256139,156
development_repeated_nested_cv,primary_instrument1_full,primary,1,3,3,development_combined,FPCR,ok,ok,True,35,59,calibrate:060,calibrate,60,172.3000030517578,180.2546556425618,7.954652590803988,156
development_repeated_nested_cv,primary_instrument1_full,primary,1,3,3,development_combined,FPCR,ok,ok,True,35,61,calibrate:062,calibrate,62,176.6999969482422,178.07976033837488,1.3797633901326947,156
development_repeated_nested_cv,primary_instrument1_full,primary,1,3,3,development_combined,FPCR,ok,ok,True,35,65,calibrate:066,calibrate,66,160.39999389648438,161.20500707224627,0.8050131757618999,156
development_repeated_nested_cv,primary_instrument1_full,primary,1,3,3,development_combined,FPCR,ok,ok,True,35,73,calibrate:074,calibrate,74,213.8000030517578,216.3902192735083,2.590216221750495,156
development_repeated_nested_cv,primary_instrument1_full,primary,1,3,3,development_combined,FPCR,ok,ok,True,35,78,calibrate:079,calibrate,79,215.1999969482422,217.9709454828564,2.770948534614206,156
development_repeated_nested_cv,primary_instrument1_full,primary,1,3,3,development_combined,FPCR,ok,ok,True,35,87,calibrate:088,calibrate,88,173.60000610351562,172.0221749154366,-1.577831188079017,156
development_repeated_nested_cv,primary_instrument1_full,primary,1,3,3,development_combined,FPCR,ok,ok,True,35,92,calibrate:093,calibrate,93,203.89999389648438,209.16078591296832,5.260792016483947,156
development_repeated_nested_cv,primary_instrument1_full,primary,1,3,3,development_combined,FPCR,ok,ok,True,35,93,calibrate:094,calibrate,94,172.39999389648438,173.66982153332754,1.2698276368431607,156
development_repeated_nested_cv,primary_instrument1_full,primary,1,3,3,development_combined,FPCR,ok,ok,True,35,101,calibrate:102,calibrate,102,203.6999969482422,204.8304265840282,1.1304296357860153,156
development_repeated_nested_cv,primary_instrument1_full,primary,1,3,3,development_combined,FPCR,ok,ok,True,35,125,calibrate:126,calibrate,126,181.0,155.7803446883765,-25.219655311623512,156
development_repeated_nested_cv,primary_instrument1_full,primary,1,3,3,development_combined,FPCR,ok,ok,True,35,128,calibrate:129,calibrate,129,231.10000610351562,232.92978202646503,1.829775922949409,156
development_repeated_nested_cv,primary_instrument1_full,primary,1,3,3,development_combined,FPCR,ok,ok,True,35,129,calibrate:130,calibrate,130,154.60000610351562,156.81081496485817,2.2108088613425423,156
development_repeated_nested_cv,primary_instrument1_full,primary,1,3,3,development_combined,FPCR,ok,ok,True,35,131,calibrate:132,calibrate,132,206.3000030517578,199.5319962416053,-6.768006810152514,156
development_repeated_nested_cv,primary_instrument1_full,primary,1,3,3,development_combined,FPCR,ok,ok,True,35,132,calibrate:133,calibrate,133,186.6999969482422,191.79195677897818,5.091959830735988,156
development_repeated_nested_cv,primary_instrument1_full,primary,1,3,3,development_combined,FPCR,ok,ok,True,35,133,calibrate:134,calibrate,134,192.8000030517578,198.30205738698967,5.502054335231861,156
development_repeated_nested_cv,primary_instrument1_full,primary,1,3,3,development_combined,FPCR,ok,ok,True,35,140,calibrate:141,calibrate,141,197.1999969482422,190.60325569737137,-6.596741250870821,156
development_repeated_nested_cv,primary_instrument1_full,primary,1,3,3,development_combined,FPCR,ok,ok,True,35,143,calibrate:144,calibrate,144,194.60000610351562,189.41355911944493,-5.186446984070699,156
development_repeated_nested_cv,primary_instrument1_full,primary,1,3,3,development_combined,FPCR,ok,ok,True,35,151,calibrate:152,calibrate,152,201.39999389648438,193.7108520870508,-7.689141809433579,156
development_repeated_nested_cv,primary_instrument1_full,primary,1,3,3,development_combined,FPCR,ok,ok,True,35,168,validate:014,validate,14,197.5,192.54762556883117,-4.952374431168835,156
development_repeated_nested_cv,primary_instrument1_full,primary,1,3,3,development_combined,FPCR,ok,ok,True,35,171,validate:017,validate,17,194.6999969482422,192.1086531898305,-2.591343758411682,156
development_repeated_nested_cv,primary_instrument1_full,primary,1,3,3,development_combined,FPCR,ok,ok,True,35,173,validate:019,validate,19,191.8000030517578,192.48998339127814,0.6899803395203321,156
development_repeated_nested_cv,primary_instrument1_full,primary,1,3,3,development_combined,FPCR,ok,ok,True,35,174,validate:020,validate,20,196.3000030517578,193.32736105830605,-2.9726419934517594,156
development_repeated_nested_cv,primary_instrument1_full,primary,1,3,3,development_combined,FPCR,ok,ok,True,35,175,validate:021,validate,21,195.10000610351562,196.8273388190402,1.7273327155245681,156
development_repeated_nested_cv,primary_instrument1_full,primary,1,3,3,development_combined,FPCR,ok,ok,True,35,176,validate:022,validate,22,194.0,196.4404404150728,2.4404404150728,156
development_repeated_nested_cv,primary_instrument1_full,primary,1,3,3,development_combined,FPCR,ok,ok,True,35,178,validate:024,validate,24,193.60000610351562,192.47495013916966,-1.125055964345961,156
development_repeated_nested_cv,primary_instrument1_full,primary,1,3,3,development_combined,FPCR,ok,ok,True,35,189,validate:035,validate,35,196.6999969482422,197.55635943476068,0.856362486518492,156
development_repeated_nested_cv,primary_instrument1_full,primary,1,3,4,development_combined,CG-FPLS-code,ok,ok,True,3,8,calibrate:009,calibrate,9,184.89999389648438,188.1200670701295,3.220073173645119,156
development_repeated_nested_cv,primary_instrument1_full,primary,1,3,4,development_combined,CG-FPLS-code,ok,ok,True,3,12,calibrate:013,calibrate,13,176.3000030517578,180.58567650390344,4.28567345214563,156
development_repeated_nested_cv,primary_instrument1_full,primary,1,3,4,development_combined,CG-FPLS-code,ok,ok,True,3,25,calibrate:026,calibrate,26,214.3000030517578,216.7353358980227,2.4353328462648847,156
development_repeated_nested_cv,primary_instrument1_full,primary,1,3,4,development_combined,CG-FPLS-code,ok,ok,True,3,30,calibrate:031,calibrate,31,184.1999969482422,184.8212049099813,0.6212079617391169,156
development_repeated_nested_cv,primary_instrument1_full,primary,1,3,4,development_combined,CG-FPLS-code,ok,ok,True,3,31,calibrate:032,calibrate,32,158.8000030517578,160.57405358176396,1.77405053000615,156
development_repeated_nested_cv,primary_instrument1_full,primary,1,3,4,development_combined,CG-FPLS-code,ok,ok,True,3,38,calibrate:039,calibrate,39,214.10000610351562,224.1983750538269,10.098368950311283,156
development_repeated_nested_cv,primary_instrument1_full,primary,1,3,4,development_combined,CG-FPLS-code,ok,ok,True,3,39,calibrate:040,calibrate,40,174.10000610351562,176.89580489759058,2.7957987940749547,156
development_repeated_nested_cv,primary_instrument1_full,primary,1,3,4,development_combined,CG-FPLS-code,ok,ok,True,3,43,calibrate:044,calibrate,44,186.89999389648438,186.13123945226226,-0.768754444222111,156
development_repeated_nested_cv,primary_instrument1_full,primary,1,3,4,development_combined,CG-FPLS-code,ok,ok,True,3,44,calibrate:045,calibrate,45,181.10000610351562,186.38380489659778,5.2837987930821555,156
development_repeated_nested_cv,primary_instrument1_full,primary,1,3,4,development_combined,CG-FPLS-code,ok,ok,True,3,49,calibrate:050,calibrate,50,220.5,220.75309970827044,0.25309970827044026,156
development_repeated_nested_cv,primary_instrument1_full,primary,1,3,4,development_combined,CG-FPLS-code,ok,ok,True,3,51,calibrate:052,calibrate,52,231.89999389648438,226.89107952935757,-5.008914367126806,156
development_repeated_nested_cv,primary_instrument1_full,primary,1,3,4,development_combined,CG-FPLS-code,ok,ok,True,3,56,calibrate:057,calibrate,57,222.3000030517578,221.2017933898776,-1.0982096618802188,156
development_repeated_nested_cv,primary_instrument1_full,primary,1,3,4,development_combined,CG-FPLS-code,ok,ok,True,3,60,calibrate:061,calibrate,61,176.89999389648438,175.73440847190705,-1.1655854245773298,156
development_repeated_nested_cv,primary_instrument1_full,primary,1,3,4,development_combined,CG-FPLS-code,ok,ok,True,3,63,calibrate:064,calibrate,64,156.1999969482422,161.14936007464,4.949363126397799,156
development_repeated_nested_cv,primary_instrument1_full,primary,1,3,4,development_combined,CG-FPLS-code,ok,ok,True,3,70,calibrate:071,calibrate,71,218.8000030517578,221.17190759949304,2.3719045477352267,156
development_repeated_nested_cv,primary_instrument1_full,primary,1,3,4,development_combined,CG-FPLS-code,ok,ok,True,3,71,calibrate:072,calibrate,72,201.8000030517578,206.89079873399348,5.090795682235665,156
development_repeated_nested_cv,primary_instrument1_full,primary,1,3,4,development_combined,CG-FPLS-code,ok,ok,True,3,79,calibrate:080,calibrate,80,208.39999389648438,204.54497572309484,-3.8550181733895386,156
development_repeated_nested_cv,primary_instrument1_full,primary,1,3,4,development_combined,CG-FPLS-code,ok,ok,True,3,83,calibrate:084,calibrate,84,205.39999389648438,201.05060843164802,-4.3493854648363595,156
development_repeated_nested_cv,primary_instrument1_full,primary,1,3,4,development_combined,CG-FPLS-code,ok,ok,True,3,95,calibrate:096,calibrate,96,171.60000610351562,174.7106907762418,3.1106846727261654,156
development_repeated_nested_cv,primary_instrument1_full,primary,1,3,4,development_combined,CG-FPLS-code,ok,ok,True,3,105,calibrate:106,calibrate,106,160.39999389648438,157.67832944342507,-2.7216644530593044,156
development_repeated_nested_cv,primary_instrument1_full,primary,1,3,4,development_combined,CG-FPLS-code,ok,ok,True,3,110,calibrate:111,calibrate,111,217.0,220.01272424197765,3.0127242419776508,156
development_repeated_nested_cv,primary_instrument1_full,primary,1,3,4,development_combined,CG-FPLS-code,ok,ok,True,3,113,calibrate:114,calibrate,114,172.89999389648438,175.38243927073518,2.4824453742508013,156
development_repeated_nested_cv,primary_instrument1_full,primary,1,3,4,development_combined,CG-FPLS-code,ok,ok,True,3,114,calibrate:115,calibrate,115,180.5,176.43985321707746,-4.060146782922544,156
development_repeated_nested_cv,primary_instrument1_full,primary,1,3,4,development_combined,CG-FPLS-code,ok,ok,True,3,116,calibrate:117,calibrate,117,224.3000030517578,217.46357780782355,-6.836425243934258,156
development_repeated_nested_cv,primary_instrument1_full,primary,1,3,4,development_combined,CG-FPLS-code,ok,ok,True,3,120,calibrate:121,calibrate,121,155.10000610351562,161.34466114065242,6.244655037136795,156
development_repeated_nested_cv,primary_instrument1_full,primary,1,3,4,development_combined,CG-FPLS-code,ok,ok,True,3,139,calibrate:140,calibrate,140,193.3000030517578,198.2478921682698,4.947889116511988,156
development_repeated_nested_cv,primary_instrument1_full,primary,1,3,4,development_combined,CG-FPLS-code,ok,ok,True,3,145,calibrate:146,calibrate,146,191.0,193.83550903949163,2.835509039491626,156
development_repeated_nested_cv,primary_instrument1_full,primary,1,3,4,development_combined,CG-FPLS-code,ok,ok,True,3,146,calibrate:147,calibrate,147,198.60000610351562,188.28725151115492,-10.312754592360704,156
development_repeated_nested_cv,primary_instrument1_full,primary,1,3,4,development_combined,CG-FPLS-code,ok,ok,True,3,150,calibrate:151,calibrate,151,200.0,193.54752843580957,-6.452471564190432,156
development_repeated_nested_cv,primary_instrument1_full,primary,1,3,4,development_combined,CG-FPLS-code,ok,ok,True,3,153,calibrate:154,calibrate,154,201.5,188.99261252929924,-12.507387470700763,156
development_repeated_nested_cv,primary_instrument1_full,primary,1,3,4,development_combined,CG-FPLS-code,ok,ok,True,3,154,calibrate:155,calibrate,155,195.3000030517578,188.95302772539645,-6.34697532636136,156
development_repeated_nested_cv,primary_instrument1_full,primary,1,3,4,development_combined,CG-FPLS-code,ok,ok,True,3,155,validate:001,validate,1,189.0,192.9423021518428,3.942302151842796,156
development_repeated_nested_cv,primary_instrument1_full,primary,1,3,4,development_combined,CG-FPLS-code,ok,ok,True,3,159,validate:005,validate,5,195.1999969482422,197.56540503054683,2.36540808230464,156
development_repeated_nested_cv,primary_instrument1_full,primary,1,3,4,development_combined,CG-FPLS-code,ok,ok,True,3,163,validate:009,validate,9,195.8000030517578,192.9569216408278,-2.8430814109300115,156
development_repeated_nested_cv,primary_instrument1_full,primary,1,3,4,development_combined,CG-FPLS-code,ok,ok,True,3,177,validate:023,validate,23,194.5,200.38181773435363,5.881817734353632,156
development_repeated_nested_cv,primary_instrument1_full,primary,1,3,4,development_combined,CG-FPLS-code,ok,ok,True,3,180,validate:026,validate,26,193.39999389648438,200.71033910240675,7.310345205922374,156
development_repeated_nested_cv,primary_instrument1_full,primary,1,3,4,development_combined,CG-FPLS-code,ok,ok,True,3,187,validate:033,validate,33,194.1999969482422,198.6071083225943,4.407111374352127,156
development_repeated_nested_cv,primary_instrument1_full,primary,1,3,4,development_combined,CG-FPLS-code,ok,ok,True,3,191,validate:037,validate,37,197.0,197.2650321288323,0.26503212883230276,156
development_repeated_nested_cv,primary_instrument1_full,primary,1,3,4,development_combined,CG-FPLS-code,ok,ok,True,3,194,validate:040,validate,40,197.5,196.62094008975257,-0.8790599102474346,156
development_repeated_nested_cv,primary_instrument1_full,primary,1,3,4,development_combined,Raw FPLS,ok,ok,True,41,8,calibrate:009,calibrate,9,184.89999389648438,182.92443253879006,-1.9755613576943176,156
development_repeated_nested_cv,primary_instrument1_full,primary,1,3,4,development_combined,Raw FPLS,ok,ok,True,41,12,calibrate:013,calibrate,13,176.3000030517578,179.41278890691734,3.1127858551595295,156
development_repeated_nested_cv,primary_instrument1_full,primary,1,3,4,development_combined,Raw FPLS,ok,ok,True,41,25,calibrate:026,calibrate,26,214.3000030517578,213.22955312070786,-1.07044993104995,156
development_repeated_nested_cv,primary_instrument1_full,primary,1,3,4,development_combined,Raw FPLS,ok,ok,True,41,30,calibrate:031,calibrate,31,184.1999969482422,189.72915300583054,5.529156057588352,156
development_repeated_nested_cv,primary_instrument1_full,primary,1,3,4,development_combined,Raw FPLS,ok,ok,True,41,31,calibrate:032,calibrate,32,158.8000030517578,162.92545082290667,4.125447771148856,156
development_repeated_nested_cv,primary_instrument1_full,primary,1,3,4,development_combined,Raw FPLS,ok,ok,True,41,38,calibrate:039,calibrate,39,214.10000610351562,215.95636601809528,1.8563599145796559,156
development_repeated_nested_cv,primary_instrument1_full,primary,1,3,4,development_combined,Raw FPLS,ok,ok,True,41,39,calibrate:040,calibrate,40,174.10000610351562,179.3314772009189,5.231471097403272,156
development_repeated_nested_cv,primary_instrument1_full,primary,1,3,4,development_combined,Raw FPLS,ok,ok,True,41,43,calibrate:044,calibrate,44,186.89999389648438,189.86300850571212,2.9630146092277414,156
development_repeated_nested_cv,primary_instrument1_full,primary,1,3,4,development_combined,Raw FPLS,ok,ok,True,41,44,calibrate:045,calibrate,45,181.10000610351562,183.73998488882913,2.6399787853135024,156
development_repeated_nested_cv,primary_instrument1_full,primary,1,3,4,development_combined,Raw FPLS,ok,ok,True,41,49,calibrate:050,calibrate,50,220.5,216.36175891206065,-4.138241087939349,156
development_repeated_nested_cv,primary_instrument1_full,primary,1,3,4,development_combined,Raw FPLS,ok,ok,True,41,51,calibrate:052,calibrate,52,231.89999389648438,235.27421952801873,3.374225631534358,156
development_repeated_nested_cv,primary_instrument1_full,primary,1,3,4,development_combined,Raw FPLS,ok,ok,True,41,56,calibrate:057,calibrate,57,222.3000030517578,217.34541138508501,-4.954591666672798,156
development_repeated_nested_cv,primary_instrument1_full,primary,1,3,4,development_combined,Raw FPLS,ok,ok,True,41,60,calibrate:061,calibrate,61,176.89999389648438,179.0298347770263,2.129840880541934,156
development_repeated_nested_cv,primary_instrument1_full,primary,1,3,4,development_combined,Raw FPLS,ok,ok,True,41,63,calibrate:064,calibrate,64,156.1999969482422,162.83069833040764,6.630701382165455,156
development_repeated_nested_cv,primary_instrument1_full,primary,1,3,4,development_combined,Raw FPLS,ok,ok,True,41,70,calibrate:071,calibrate,71,218.8000030517578,216.38208981199054,-2.417913239767273,156
development_repeated_nested_cv,primary_instrument1_full,primary,1,3,4,development_combined,Raw FPLS,ok,ok,True,41,71,calibrate:072,calibrate,72,201.8000030517578,204.85742305504618,3.057420003288371,156
development_repeated_nested_cv,primary_instrument1_full,primary,1,3,4,development_combined,Raw FPLS,ok,ok,True,41,79,calibrate:080,calibrate,80,208.39999389648438,201.67549941006354,-6.724494486420838,156
development_repeated_nested_cv,primary_instrument1_full,primary,1,3,4,development_combined,Raw FPLS,ok,ok,True,41,83,calibrate:084,calibrate,84,205.39999389648438,204.72161924014958,-0.6783746563347961,156
development_repeated_nested_cv,primary_instrument1_full,primary,1,3,4,development_combined,Raw FPLS,ok,ok,True,41,95,calibrate:096,calibrate,96,171.60000610351562,169.99153876572797,-1.6084673377876584,156
development_repeated_nested_cv,primary_instrument1_full,primary,1,3,4,development_combined,Raw FPLS,ok,ok,True,41,105,calibrate:106,calibrate,106,160.39999389648438,154.35168129276954,-6.048312603714834,156
development_repeated_nested_cv,primary_instrument1_full,primary,1,3,4,development_combined,Raw FPLS,ok,ok,True,41,110,calibrate:111,calibrate,111,217.0,217.66909351078337,0.6690935107833695,156
development_repeated_nested_cv,primary_instrument1_full,primary,1,3,4,development_combined,Raw FPLS,ok,ok,True,41,113,calibrate:114,calibrate,114,172.89999389648438,179.35911063203426,6.459116735549884,156
development_repeated_nested_cv,primary_instrument1_full,primary,1,3,4,development_combined,Raw FPLS,ok,ok,True,41,114,calibrate:115,calibrate,115,180.5,177.45084859303932,-3.049151406960675,156
development_repeated_nested_cv,primary_instrument1_full,primary,1,3,4,development_combined,Raw FPLS,ok,ok,True,41,116,calibrate:117,calibrate,117,224.3000030517578,216.1911922370424,-8.108810814715412,156
development_repeated_nested_cv,primary_instrument1_full,primary,1,3,4,development_combined,Raw FPLS,ok,ok,True,41,120,calibrate:121,calibrate,121,155.10000610351562,158.74159017740376,3.64158407388814,156
development_repeated_nested_cv,primary_instrument1_full,primary,1,3,4,development_combined,Raw FPLS,ok,ok,True,41,139,calibrate:140,calibrate,140,193.3000030517578,196.40053943653663,3.1005363847788203,156
development_repeated_nested_cv,primary_instrument1_full,primary,1,3,4,development_combined,Raw FPLS,ok,ok,True,41,145,calibrate:146,calibrate,146,191.0,190.6995806799264,-0.30041932007358696,156
development_repeated_nested_cv,primary_instrument1_full,primary,1,3,4,development_combined,Raw FPLS,ok,ok,True,41,146,calibrate:147,calibrate,147,198.60000610351562,183.73594272585493,-14.864063377660699,156
development_repeated_nested_cv,primary_instrument1_full,primary,1,3,4,development_combined,Raw FPLS,ok,ok,True,41,150,calibrate:151,calibrate,151,200.0,192.44563200805433,-7.554367991945668,156
development_repeated_nested_cv,primary_instrument1_full,primary,1,3,4,development_combined,Raw FPLS,ok,ok,True,41,153,calibrate:154,calibrate,154,201.5,187.5303076005021,-13.969692399497887,156
development_repeated_nested_cv,primary_instrument1_full,primary,1,3,4,development_combined,Raw FPLS,ok,ok,True,41,154,calibrate:155,calibrate,155,195.3000030517578,187.93662976129127,-7.363373290466541,156
development_repeated_nested_cv,primary_instrument1_full,primary,1,3,4,development_combined,Raw FPLS,ok,ok,True,41,155,validate:001,validate,1,189.0,191.0137077558877,2.013707755887708,156
development_repeated_nested_cv,primary_instrument1_full,primary,1,3,4,development_combined,Raw FPLS,ok,ok,True,41,159,validate:005,validate,5,195.1999969482422,195.16568150914372,-0.034315439098463685,156
development_repeated_nested_cv,primary_instrument1_full,primary,1,3,4,development_combined,Raw FPLS,ok,ok,True,41,163,validate:009,validate,9,195.8000030517578,193.3348574061693,-2.465145645588507,156
development_repeated_nested_cv,primary_instrument1_full,primary,1,3,4,development_combined,Raw FPLS,ok,ok,True,41,177,validate:023,validate,23,194.5,200.50005007377715,6.000050073777146,156
development_repeated_nested_cv,primary_instrument1_full,primary,1,3,4,development_combined,Raw FPLS,ok,ok,True,41,180,validate:026,validate,26,193.39999389648438,199.7550647752728,6.355070878788439,156
development_repeated_nested_cv,primary_instrument1_full,primary,1,3,4,development_combined,Raw FPLS,ok,ok,True,41,187,validate:033,validate,33,194.1999969482422,201.2689923695135,7.068995421271325,156
development_repeated_nested_cv,primary_instrument1_full,primary,1,3,4,development_combined,Raw FPLS,ok,ok,True,41,191,validate:037,validate,37,197.0,196.1279418825387,-0.8720581174613073,156
development_repeated_nested_cv,primary_instrument1_full,primary,1,3,4,development_combined,Raw FPLS,ok,ok,True,41,194,validate:040,validate,40,197.5,193.87578334274917,-3.6242166572508268,156
development_repeated_nested_cv,primary_instrument1_full,primary,1,3,4,development_combined,Arnoldi FPLS,ok,ok,True,4,8,calibrate:009,calibrate,9,184.89999389648438,187.79904027341183,2.8990463769274584,156
development_repeated_nested_cv,primary_instrument1_full,primary,1,3,4,development_combined,Arnoldi FPLS,ok,ok,True,4,12,calibrate:013,calibrate,13,176.3000030517578,178.7012764534666,2.401273401708778,156
development_repeated_nested_cv,primary_instrument1_full,primary,1,3,4,development_combined,Arnoldi FPLS,ok,ok,True,4,25,calibrate:026,calibrate,26,214.3000030517578,217.2208466667013,2.920843614943493,156
development_repeated_nested_cv,primary_instrument1_full,primary,1,3,4,development_combined,Arnoldi FPLS,ok,ok,True,4,30,calibrate:031,calibrate,31,184.1999969482422,187.0437685140737,2.843771565831503,156
development_repeated_nested_cv,primary_instrument1_full,primary,1,3,4,development_combined,Arnoldi FPLS,ok,ok,True,4,31,calibrate:032,calibrate,32,158.8000030517578,160.0763242867489,1.2763212349910873,156
development_repeated_nested_cv,primary_instrument1_full,primary,1,3,4,development_combined,Arnoldi FPLS,ok,ok,True,4,38,calibrate:039,calibrate,39,214.10000610351562,224.6352573808216,10.535251277305974,156
development_repeated_nested_cv,primary_instrument1_full,primary,1,3,4,development_combined,Arnoldi FPLS,ok,ok,True,4,39,calibrate:040,calibrate,40,174.10000610351562,176.76085336144024,2.6608472579246154,156
development_repeated_nested_cv,primary_instrument1_full,primary,1,3,4,development_combined,Arnoldi FPLS,ok,ok,True,4,43,calibrate:044,calibrate,44,186.89999389648438,187.23367409580558,0.33368019932120774,156
development_repeated_nested_cv,primary_instrument1_full,primary,1,3,4,development_combined,Arnoldi FPLS,ok,ok,True,4,44,calibrate:045,calibrate,45,181.10000610351562,188.36292073238533,7.262914628869709,156
development_repeated_nested_cv,primary_instrument1_full,primary,1,3,4,development_combined,Arnoldi FPLS,ok,ok,True,4,49,calibrate:050,calibrate,50,220.5,218.271123371111,-2.2288766288889974,156
development_repeated_nested_cv,primary_instrument1_full,primary,1,3,4,development_combined,Arnoldi FPLS,ok,ok,True,4,51,calibrate:052,calibrate,52,231.89999389648438,231.01447736948512,-0.885516526999254,156
development_repeated_nested_cv,primary_instrument1_full,primary,1,3,4,development_combined,Arnoldi FPLS,ok,ok,True,4,56,calibrate:057,calibrate,57,222.3000030517578,220.1701282360984,-2.129874815659406,156
development_repeated_nested_cv,primary_instrument1_full,primary,1,3,4,development_combined,Arnoldi FPLS,ok,ok,True,4,60,calibrate:061,calibrate,61,176.89999389648438,176.5814241592036,-0.3185697372807681,156
development_repeated_nested_cv,primary_instrument1_full,primary,1,3,4,development_combined,Arnoldi FPLS,ok,ok,True,4,63,calibrate:064,calibrate,64,156.1999969482422,161.18657856648593,4.986581618243747,156
development_repeated_nested_cv,primary_instrument1_full,primary,1,3,4,development_combined,Arnoldi FPLS,ok,ok,True,4,70,calibrate:071,calibrate,71,218.8000030517578,218.7609347441043,-0.03906830765350833,156
development_repeated_nested_cv,primary_instrument1_full,primary,1,3,4,development_combined,Arnoldi FPLS,ok,ok,True,4,71,calibrate:072,calibrate,72,201.8000030517578,205.08294398449905,3.2829409327412407,156
development_repeated_nested_cv,primary_instrument1_full,primary,1,3,4,development_combined,Arnoldi FPLS,ok,ok,True,4,79,calibrate:080,calibrate,80,208.39999389648438,203.10692836221455,-5.293065534269829,156
development_repeated_nested_cv,primary_instrument1_full,primary,1,3,4,development_combined,Arnoldi FPLS,ok,ok,True,4,83,calibrate:084,calibrate,84,205.39999389648438,201.8848012803965,-3.5151926160878872,156
development_repeated_nested_cv,primary_instrument1_full,primary,1,3,4,development_combined,Arnoldi FPLS,ok,ok,True,4,95,calibrate:096,calibrate,96,171.60000610351562,171.53510502127563,-0.06490108223999869,156
development_repeated_nested_cv,primary_instrument1_full,primary,1,3,4,development_combined,Arnoldi FPLS,ok,ok,True,4,105,calibrate:106,calibrate,106,160.39999389648438,159.6460688872826,-0.7539250092017653,156
development_repeated_nested_cv,primary_instrument1_full,primary,1,3,4,development_combined,Arnoldi FPLS,ok,ok,True,4,110,calibrate:111,calibrate,111,217.0,218.49941412742436,1.4994141274243589,156
development_repeated_nested_cv,primary_instrument1_full,primary,1,3,4,development_combined,Arnoldi FPLS,ok,ok,True,4,113,calibrate:114,calibrate,114,172.89999389648438,176.22759523522126,3.3276013387368835,156
development_repeated_nested_cv,primary_instrument1_full,primary,1,3,4,development_combined,Arnoldi FPLS,ok,ok,True,4,114,calibrate:115,calibrate,115,180.5,175.8630530050179,-4.636946994982111,156
development_repeated_nested_cv,primary_instrument1_full,primary,1,3,4,development_combined,Arnoldi FPLS,ok,ok,True,4,116,calibrate:117,calibrate,117,224.3000030517578,215.58202850661542,-8.717974545142397,156
development_repeated_nested_cv,primary_instrument1_full,primary,1,3,4,development_combined,Arnoldi FPLS,ok,ok,True,4,120,calibrate:121,calibrate,121,155.10000610351562,162.61192567726124,7.511919573745615,156
development_repeated_nested_cv,primary_instrument1_full,primary,1,3,4,development_combined,Arnoldi FPLS,ok,ok,True,4,139,calibrate:140,calibrate,140,193.3000030517578,196.53229065076437,3.232287599006554,156
development_repeated_nested_cv,primary_instrument1_full,primary,1,3,4,development_combined,Arnoldi FPLS,ok,ok,True,4,145,calibrate:146,calibrate,146,191.0,190.9947216788092,-0.005278321190786528,156
development_repeated_nested_cv,primary_instrument1_full,primary,1,3,4,development_combined,Arnoldi FPLS,ok,ok,True,4,146,calibrate:147,calibrate,147,198.60000610351562,188.1968055996084,-10.403200503907215,156
development_repeated_nested_cv,primary_instrument1_full,primary,1,3,4,development_combined,Arnoldi FPLS,ok,ok,True,4,150,calibrate:151,calibrate,151,200.0,196.00247586614668,-3.997524133853318,156
development_repeated_nested_cv,primary_instrument1_full,primary,1,3,4,development_combined,Arnoldi FPLS,ok,ok,True,4,153,calibrate:154,calibrate,154,201.5,191.29627582975277,-10.203724170247227,156
development_repeated_nested_cv,primary_instrument1_full,primary,1,3,4,development_combined,Arnoldi FPLS,ok,ok,True,4,154,calibrate:155,calibrate,155,195.3000030517578,191.32827982194812,-3.9717232298096974,156
development_repeated_nested_cv,primary_instrument1_full,primary,1,3,4,development_combined,Arnoldi FPLS,ok,ok,True,4,155,validate:001,validate,1,189.0,191.22064053434926,2.2206405343492577,156
development_repeated_nested_cv,primary_instrument1_full,primary,1,3,4,development_combined,Arnoldi FPLS,ok,ok,True,4,159,validate:005,validate,5,195.1999969482422,195.33693890229458,0.1369419540523893,156
development_repeated_nested_cv,primary_instrument1_full,primary,1,3,4,development_combined,Arnoldi FPLS,ok,ok,True,4,163,validate:009,validate,9,195.8000030517578,194.579121377877,-1.2208816738808252,156
development_repeated_nested_cv,primary_instrument1_full,primary,1,3,4,development_combined,Arnoldi FPLS,ok,ok,True,4,177,validate:023,validate,23,194.5,200.0593069290857,5.559306929085693,156
development_repeated_nested_cv,primary_instrument1_full,primary,1,3,4,development_combined,Arnoldi FPLS,ok,ok,True,4,180,validate:026,validate,26,193.39999389648438,199.0450502776432,5.645056381158838,156
development_repeated_nested_cv,primary_instrument1_full,primary,1,3,4,development_combined,Arnoldi FPLS,ok,ok,True,4,187,validate:033,validate,33,194.1999969482422,199.60661850012235,5.406621551880164,156
development_repeated_nested_cv,primary_instrument1_full,primary,1,3,4,development_combined,Arnoldi FPLS,ok,ok,True,4,191,validate:037,validate,37,197.0,200.28460086767785,3.2846008676778524,156
development_repeated_nested_cv,primary_instrument1_full,primary,1,3,4,development_combined,Arnoldi FPLS,ok,ok,True,4,194,validate:040,validate,40,197.5,200.52373262013145,3.0237326201314545,156
development_repeated_nested_cv,primary_instrument1_full,primary,1,3,4,development_combined,FPCR,ok,ok,True,19,8,calibrate:009,calibrate,9,184.89999389648438,186.23468514037629,1.3346912438919105,156
development_repeated_nested_cv,primary_instrument1_full,primary,1,3,4,development_combined,FPCR,ok,ok,True,19,12,calibrate:013,calibrate,13,176.3000030517578,178.8396067721658,2.539603720407996,156
development_repeated_nested_cv,primary_instrument1_full,primary,1,3,4,development_combined,FPCR,ok,ok,True,19,25,calibrate:026,calibrate,26,214.3000030517578,215.46809011314542,1.1680870613876095,156
development_repeated_nested_cv,primary_instrument1_full,primary,1,3,4,development_combined,FPCR,ok,ok,True,19,30,calibrate:031,calibrate,31,184.1999969482422,188.37950435412398,4.179507405881793,156
development_repeated_nested_cv,primary_instrument1_full,primary,1,3,4,development_combined,FPCR,ok,ok,True,19,31,calibrate:032,calibrate,32,158.8000030517578,161.6220532102315,2.8220501584737008,156
development_repeated_nested_cv,primary_instrument1_full,primary,1,3,4,development_combined,FPCR,ok,ok,True,19,38,calibrate:039,calibrate,39,214.10000610351562,216.6756285189731,2.575622415457474,156
development_repeated_nested_cv,primary_instrument1_full,primary,1,3,4,development_combined,FPCR,ok,ok,True,19,39,calibrate:040,calibrate,40,174.10000610351562,175.9128796383079,1.8128735347922884,156
development_repeated_nested_cv,primary_instrument1_full,primary,1,3,4,development_combined,FPCR,ok,ok,True,19,43,calibrate:044,calibrate,44,186.89999389648438,188.03279547765118,1.1328015811668024,156
development_repeated_nested_cv,primary_instrument1_full,primary,1,3,4,development_combined,FPCR,ok,ok,True,19,44,calibrate:045,calibrate,45,181.10000610351562,186.92486128794204,5.824855184426411,156
development_repeated_nested_cv,primary_instrument1_full,primary,1,3,4,development_combined,FPCR,ok,ok,True,19,49,calibrate:050,calibrate,50,220.5,217.75756092245686,-2.742439077543139,156
development_repeated_nested_cv,primary_instrument1_full,primary,1,3,4,development_combined,FPCR,ok,ok,True,19,51,calibrate:052,calibrate,52,231.89999389648438,232.28282823595669,0.3828343394723106,156
development_repeated_nested_cv,primary_instrument1_full,primary,1,3,4,development_combined,FPCR,ok,ok,True,19,56,calibrate:057,calibrate,57,222.3000030517578,219.87857288144903,-2.4214301703087813,156
development_repeated_nested_cv,primary_instrument1_full,primary,1,3,4,development_combined,FPCR,ok,ok,True,19,60,calibrate:061,calibrate,61,176.89999389648438,176.1023902784819,-0.7976036180024835,156
development_repeated_nested_cv,primary_instrument1_full,primary,1,3,4,development_combined,FPCR,ok,ok,True,19,63,calibrate:064,calibrate,64,156.1999969482422,160.2553894384786,4.0553924902364145,156
development_repeated_nested_cv,primary_instrument1_full,primary,1,3,4,development_combined,FPCR,ok,ok,True,19,70,calibrate:071,calibrate,71,218.8000030517578,219.64465145574067,0.844648403982859,156
development_repeated_nested_cv,primary_instrument1_full,primary,1,3,4,development_combined,FPCR,ok,ok,True,19,71,calibrate:072,calibrate,72,201.8000030517578,204.23857067357042,2.4385676218126093,156
development_repeated_nested_cv,primary_instrument1_full,primary,1,3,4,development_combined,FPCR,ok,ok,True,19,79,calibrate:080,calibrate,80,208.39999389648438,202.5441544532577,-5.855839443226671,156
development_repeated_nested_cv,primary_instrument1_full,primary,1,3,4,development_combined,FPCR,ok,ok,True,19,83,calibrate:084,calibrate,84,205.39999389648438,202.00421809140417,-3.3957758050802056,156
development_repeated_nested_cv,primary_instrument1_full,primary,1,3,4,development_combined,FPCR,ok,ok,True,19,95,calibrate:096,calibrate,96,171.60000610351562,171.53427624517215,-0.06572985834347378,156
development_repeated_nested_cv,primary_instrument1_full,primary,1,3,4,development_combined,FPCR,ok,ok,True,19,105,calibrate:106,calibrate,106,160.39999389648438,157.87337114412298,-2.5266227523613907,156
development_repeated_nested_cv,primary_instrument1_full,primary,1,3,4,development_combined,FPCR,ok,ok,True,19,110,calibrate:111,calibrate,111,217.0,219.27762353238126,2.2776235323812557,156
development_repeated_nested_cv,primary_instrument1_full,primary,1,3,4,development_combined,FPCR,ok,ok,True,19,113,calibrate:114,calibrate,114,172.89999389648438,176.978433852112,4.07843995562763,156
development_repeated_nested_cv,primary_instrument1_full,primary,1,3,4,development_combined,FPCR,ok,ok,True,19,114,calibrate:115,calibrate,115,180.5,175.66660438550576,-4.833395614494236,156
development_repeated_nested_cv,primary_instrument1_full,primary,1,3,4,development_combined,FPCR,ok,ok,True,19,116,calibrate:117,calibrate,117,224.3000030517578,217.81918220411055,-6.480820847647266,156
development_repeated_nested_cv,primary_instrument1_full,primary,1,3,4,development_combined,FPCR,ok,ok,True,19,120,calibrate:121,calibrate,121,155.10000610351562,159.9162387057955,4.816232602279882,156
development_repeated_nested_cv,primary_instrument1_full,primary,1,3,4,development_combined,FPCR,ok,ok,True,19,139,calibrate:140,calibrate,140,193.3000030517578,196.33281784062132,3.0328147888635044,156
development_repeated_nested_cv,primary_instrument1_full,primary,1,3,4,development_combined,FPCR,ok,ok,True,19,145,calibrate:146,calibrate,146,191.0,190.35577567009497,-0.644224329905029,156
development_repeated_nested_cv,primary_instrument1_full,primary,1,3,4,development_combined,FPCR,ok,ok,True,19,146,calibrate:147,calibrate,147,198.60000610351562,184.7586932739629,-13.84131282955272,156
development_repeated_nested_cv,primary_instrument1_full,primary,1,3,4,development_combined,FPCR,ok,ok,True,19,150,calibrate:151,calibrate,151,200.0,195.7663892470351,-4.233610752964893,156
development_repeated_nested_cv,primary_instrument1_full,primary,1,3,4,development_combined,FPCR,ok,ok,True,19,153,calibrate:154,calibrate,154,201.5,191.7648895743323,-9.735110425667699,156
development_repeated_nested_cv,primary_instrument1_full,primary,1,3,4,development_combined,FPCR,ok,ok,True,19,154,calibrate:155,calibrate,155,195.3000030517578,191.64104683320218,-3.6589562185556304,156
development_repeated_nested_cv,primary_instrument1_full,primary,1,3,4,development_combined,FPCR,ok,ok,True,19,155,validate:001,validate,1,189.0,191.7592653199853,2.759265319985303,156
development_repeated_nested_cv,primary_instrument1_full,primary,1,3,4,development_combined,FPCR,ok,ok,True,19,159,validate:005,validate,5,195.1999969482422,193.64938740073492,-1.550609547507264,156
development_repeated_nested_cv,primary_instrument1_full,primary,1,3,4,development_combined,FPCR,ok,ok,True,19,163,validate:009,validate,9,195.8000030517578,193.08630610437638,-2.713696947381436,156
development_repeated_nested_cv,primary_instrument1_full,primary,1,3,4,development_combined,FPCR,ok,ok,True,19,177,validate:023,validate,23,194.5,198.9771156625479,4.477115662547902,156
development_repeated_nested_cv,primary_instrument1_full,primary,1,3,4,development_combined,FPCR,ok,ok,True,19,180,validate:026,validate,26,193.39999389648438,199.91057734374243,6.510583447258057,156
development_repeated_nested_cv,primary_instrument1_full,primary,1,3,4,development_combined,FPCR,ok,ok,True,19,187,validate:033,validate,33,194.1999969482422,198.70456344400165,4.504566495759462,156
development_repeated_nested_cv,primary_instrument1_full,primary,1,3,4,development_combined,FPCR,ok,ok,True,19,191,validate:037,validate,37,197.0,200.5132704156466,3.5132704156465877,156
development_repeated_nested_cv,primary_instrument1_full,primary,1,3,4,development_combined,FPCR,ok,ok,True,19,194,validate:040,validate,40,197.5,195.0315515725776,-2.468448427422402,156
development_repeated_nested_cv,primary_instrument1_full,primary,1,3,5,development_combined,CG-FPLS-code,ok,ok,True,3,0,calibrate:001,calibrate,1,200.10000610351562,188.16022784230964,-11.939778261205987,156
development_repeated_nested_cv,primary_instrument1_full,primary,1,3,5,development_combined,CG-FPLS-code,ok,ok,True,3,5,calibrate:006,calibrate,6,198.3000030517578,193.1931157592718,-5.106887292486022,156
development_repeated_nested_cv,primary_instrument1_full,primary,1,3,5,development_combined,CG-FPLS-code,ok,ok,True,3,11,calibrate:012,calibrate,12,162.0,161.9002239727031,-0.0997760272969117,156
development_repeated_nested_cv,primary_instrument1_full,primary,1,3,5,development_combined,CG-FPLS-code,ok,ok,True,3,16,calibrate:017,calibrate,17,222.5,214.5894040901462,-7.910595909853811,156
development_repeated_nested_cv,primary_instrument1_full,primary,1,3,5,development_combined,CG-FPLS-code,ok,ok,True,3,26,calibrate:027,calibrate,27,209.1999969482422,201.64638533660923,-7.5536116116329595,156
development_repeated_nested_cv,primary_instrument1_full,primary,1,3,5,development_combined,CG-FPLS-code,ok,ok,True,3,33,calibrate:034,calibrate,34,231.89999389648438,233.29588124096654,1.395887344482162,156
development_repeated_nested_cv,primary_instrument1_full,primary,1,3,5,development_combined,CG-FPLS-code,ok,ok,True,3,35,calibrate:036,calibrate,36,177.0,171.83886428325954,-5.161135716740461,156
development_repeated_nested_cv,primary_instrument1_full,primary,1,3,5,development_combined,CG-FPLS-code,ok,ok,True,3,36,calibrate:037,calibrate,37,177.5,175.60635550814112,-1.893644491858879,156
development_repeated_nested_cv,primary_instrument1_full,primary,1,3,5,development_combined,CG-FPLS-code,ok,ok,True,3,45,calibrate:046,calibrate,46,186.8000030517578,182.19192454260758,-4.608078509150232,156
development_repeated_nested_cv,primary_instrument1_full,primary,1,3,5,development_combined,CG-FPLS-code,ok,ok,True,3,53,calibrate:054,calibrate,54,221.5,213.24927581161197,-8.250724188388034,156
development_repeated_nested_cv,primary_instrument1_full,primary,1,3,5,development_combined,CG-FPLS-code,ok,ok,True,3,57,calibrate:058,calibrate,58,157.60000610351562,163.76467887767336,6.1646727741577365,156
development_repeated_nested_cv,primary_instrument1_full,primary,1,3,5,development_combined,CG-FPLS-code,ok,ok,True,3,62,calibrate:063,calibrate,63,176.5,173.45997594101604,-3.0400240589839598,156
development_repeated_nested_cv,primary_instrument1_full,primary,1,3,5,development_combined,CG-FPLS-code,ok,ok,True,3,66,calibrate:067,calibrate,67,215.60000610351562,218.1263890682633,2.5263829647476825,156
development_repeated_nested_cv,primary_instrument1_full,primary,1,3,5,development_combined,CG-FPLS-code,ok,ok,True,3,68,calibrate:069,calibrate,69,233.1999969482422,230.4531409193114,-2.746856028930779,156
development_repeated_nested_cv,primary_instrument1_full,primary,1,3,5,development_combined,CG-FPLS-code,ok,ok,True,3,69,calibrate:070,calibrate,70,159.3000030517578,162.65491971124948,3.354916659491664,156
development_repeated_nested_cv,primary_instrument1_full,primary,1,3,5,development_combined,CG-FPLS-code,ok,ok,True,3,74,calibrate:075,calibrate,75,181.3000030517578,190.3959262068656,9.095923155107783,156
development_repeated_nested_cv,primary_instrument1_full,primary,1,3,5,development_combined,CG-FPLS-code,ok,ok,True,3,76,calibrate:077,calibrate,77,158.10000610351562,158.0750528004747,-0.024953303040916808,156
development_repeated_nested_cv,primary_instrument1_full,primary,1,3,5,development_combined,CG-FPLS-code,ok,ok,True,3,77,calibrate:078,calibrate,78,201.6999969482422,201.00083958640136,-0.6991573618408324,156
development_repeated_nested_cv,primary_instrument1_full,primary,1,3,5,development_combined,CG-FPLS-code,ok,ok,True,3,80,calibrate:081,calibrate,81,172.3000030517578,176.51591739778488,4.215914346027063,156
development_repeated_nested_cv,primary_instrument1_full,primary,1,3,5,development_combined,CG-FPLS-code,ok,ok,True,3,85,calibrate:086,calibrate,86,184.1999969482422,183.99830111653523,-0.2016958317069566,156
development_repeated_nested_cv,primary_instrument1_full,primary,1,3,5,development_combined,CG-FPLS-code,ok,ok,True,3,86,calibrate:087,calibrate,87,205.5,207.7033261060489,2.2033261060489053,156
development_repeated_nested_cv,primary_instrument1_full,primary,1,3,5,development_combined,CG-FPLS-code,ok,ok,True,3,91,calibrate:092,calibrate,92,175.5,181.087633082073,5.587633082073012,156
development_repeated_nested_cv,primary_instrument1_full,primary,1,3,5,development_combined,CG-FPLS-code,ok,ok,True,3,99,calibrate:100,calibrate,100,219.3000030517578,213.80166681789353,-5.498336233864279,156
development_repeated_nested_cv,primary_instrument1_full,primary,1,3,5,development_combined,CG-FPLS-code,ok,ok,True,3,100,calibrate:101,calibrate,101,216.5,217.23871727783308,0.7387172778330751,156
development_repeated_nested_cv,primary_instrument1_full,primary,1,3,5,development_combined,CG-FPLS-code,ok,ok,True,3,102,calibrate:103,calibrate,103,151.60000610351562,161.76257784032373,10.162571736808104,156
development_repeated_nested_cv,primary_instrument1_full,primary,1,3,5,development_combined,CG-FPLS-code,ok,ok,True,3,126,calibrate:127,calibrate,127,204.5,182.8813879012507,-21.61861209874931,156
development_repeated_nested_cv,primary_instrument1_full,primary,1,3,5,development_combined,CG-FPLS-code,ok,ok,True,3,130,calibrate:131,calibrate,131,184.5,183.27415072928423,-1.22584927071577,156
development_repeated_nested_cv,primary_instrument1_full,primary,1,3,5,development_combined,CG-FPLS-code,ok,ok,True,3,134,calibrate:135,calibrate,135,188.6999969482422,188.23165755889391,-0.468339389348273,156
development_repeated_nested_cv,primary_instrument1_full,primary,1,3,5,development_combined,CG-FPLS-code,ok,ok,True,3,141,calibrate:142,calibrate,142,196.3000030517578,186.88273785955676,-9.417265192201057,156
development_repeated_nested_cv,primary_instrument1_full,primary,1,3,5,development_combined,CG-FPLS-code,ok,ok,True,3,144,calibrate:145,calibrate,145,191.1999969482422,194.60828913597854,3.4082921877363503,156
development_repeated_nested_cv,primary_instrument1_full,primary,1,3,5,development_combined,CG-FPLS-code,ok,ok,True,3,152,calibrate:153,calibrate,153,199.6999969482422,189.36686024040554,-10.333136707836644,156
development_repeated_nested_cv,primary_instrument1_full,primary,1,3,5,development_combined,CG-FPLS-code,ok,ok,True,3,157,validate:003,validate,3,191.89999389648438,192.09834021914537,0.1983463226609956,156
development_repeated_nested_cv,primary_instrument1_full,primary,1,3,5,development_combined,CG-FPLS-code,ok,ok,True,3,160,validate:006,validate,6,194.5,194.85403382863058,0.35403382863057686,156
development_repeated_nested_cv,primary_instrument1_full,primary,1,3,5,development_combined,CG-FPLS-code,ok,ok,True,3,162,validate:008,validate,8,194.89999389648438,195.73571629541556,0.8357223989311819,156
development_repeated_nested_cv,primary_instrument1_full,primary,1,3,5,development_combined,CG-FPLS-code,ok,ok,True,3,165,validate:011,validate,11,195.10000610351562,188.63991663270292,-6.460089470812704,156
development_repeated_nested_cv,primary_instrument1_full,primary,1,3,5,development_combined,CG-FPLS-code,ok,ok,True,3,172,validate:018,validate,18,195.39999389648438,195.47267744851294,0.07268355202856469,156
development_repeated_nested_cv,primary_instrument1_full,primary,1,3,5,development_combined,CG-FPLS-code,ok,ok,True,3,186,validate:032,validate,32,197.5,192.79049078044483,-4.709509219555173,156
development_repeated_nested_cv,primary_instrument1_full,primary,1,3,5,development_combined,CG-FPLS-code,ok,ok,True,3,188,validate:034,validate,34,193.39999389648438,197.37201656941335,3.972022672928972,156
development_repeated_nested_cv,primary_instrument1_full,primary,1,3,5,development_combined,CG-FPLS-code,ok,ok,True,3,193,validate:039,validate,39,196.60000610351562,195.58907396084956,-1.0109321426660642,156
development_repeated_nested_cv,primary_instrument1_full,primary,1,3,5,development_combined,Raw FPLS,ok,ok,True,42,0,calibrate:001,calibrate,1,200.10000610351562,194.08191460622677,-6.01809149728885,156
development_repeated_nested_cv,primary_instrument1_full,primary,1,3,5,development_combined,Raw FPLS,ok,ok,True,42,5,calibrate:006,calibrate,6,198.3000030517578,193.31688378730647,-4.9831192644513465,156
development_repeated_nested_cv,primary_instrument1_full,primary,1,3,5,development_combined,Raw FPLS,ok,ok,True,42,11,calibrate:012,calibrate,12,162.0,162.1059047611277,0.10590476112770375,156
development_repeated_nested_cv,primary_instrument1_full,primary,1,3,5,development_combined,Raw FPLS,ok,ok,True,42,16,calibrate:017,calibrate,17,222.5,218.5606826727831,-3.939317327216912,156
development_repeated_nested_cv,primary_instrument1_full,primary,1,3,5,development_combined,Raw FPLS,ok,ok,True,42,26,calibrate:027,calibrate,27,209.1999969482422,204.47653454489608,-4.723462403346105,156
development_repeated_nested_cv,primary_instrument1_full,primary,1,3,5,development_combined,Raw FPLS,ok,ok,True,42,33,calibrate:034,calibrate,34,231.89999389648438,237.4048924455493,5.504898549064933,156
development_repeated_nested_cv,primary_instrument1_full,primary,1,3,5,development_combined,Raw FPLS,ok,ok,True,42,35,calibrate:036,calibrate,36,177.0,176.4425290892903,-0.5574709107096965,156
development_repeated_nested_cv,primary_instrument1_full,primary,1,3,5,development_combined,Raw FPLS,ok,ok,True,42,36,calibrate:037,calibrate,37,177.5,177.2475943613794,-0.25240563862058707,156
development_repeated_nested_cv,primary_instrument1_full,primary,1,3,5,development_combined,Raw FPLS,ok,ok,True,42,45,calibrate:046,calibrate,46,186.8000030517578,182.653154785255,-4.146848266502815,156
development_repeated_nested_cv,primary_instrument1_full,primary,1,3,5,development_combined,Raw FPLS,ok,ok,True,42,53,calibrate:054,calibrate,54,221.5,217.5331393800462,-3.966860619953792,156
development_repeated_nested_cv,primary_instrument1_full,primary,1,3,5,development_combined,Raw FPLS,ok,ok,True,42,57,calibrate:058,calibrate,58,157.60000610351562,163.36395077713544,5.763944673619818,156
development_repeated_nested_cv,primary_instrument1_full,primary,1,3,5,development_combined,Raw FPLS,ok,ok,True,42,62,calibrate:063,calibrate,63,176.5,177.3930955636905,0.8930955636905082,156
development_repeated_nested_cv,primary_instrument1_full,primary,1,3,5,development_combined,Raw FPLS,ok,ok,True,42,66,calibrate:067,calibrate,67,215.60000610351562,217.03224442418684,1.4322383206712175,156
development_repeated_nested_cv,primary_instrument1_full,primary,1,3,5,development_combined,Raw FPLS,ok,ok,True,42,68,calibrate:069,calibrate,69,233.1999969482422,235.45391007876464,2.2539131305224487,156
development_repeated_nested_cv,primary_instrument1_full,primary,1,3,5,development_combined,Raw FPLS,ok,ok,True,42,69,calibrate:070,calibrate,70,159.3000030517578,161.79822373230985,2.4982206805520377,156
development_repeated_nested_cv,primary_instrument1_full,primary,1,3,5,development_combined,Raw FPLS,ok,ok,True,42,74,calibrate:075,calibrate,75,181.3000030517578,184.8126789312218,3.512675879463984,156
development_repeated_nested_cv,primary_instrument1_full,primary,1,3,5,development_combined,Raw FPLS,ok,ok,True,42,76,calibrate:077,calibrate,77,158.10000610351562,157.85106892154056,-0.24893718197506587,156
development_repeated_nested_cv,primary_instrument1_full,primary,1,3,5,development_combined,Raw FPLS,ok,ok,True,42,77,calibrate:078,calibrate,78,201.6999969482422,204.57256245132615,2.872565503083962,156
development_repeated_nested_cv,primary_instrument1_full,primary,1,3,5,development_combined,Raw FPLS,ok,ok,True,42,80,calibrate:081,calibrate,81,172.3000030517578,175.31002041086415,3.0100173591063424,156
development_repeated_nested_cv,primary_instrument1_full,primary,1,3,5,development_combined,Raw FPLS,ok,ok,True,42,85,calibrate:086,calibrate,86,184.1999969482422,184.85538644929943,0.6553895010572433,156
development_repeated_nested_cv,primary_instrument1_full,primary,1,3,5,development_combined,Raw FPLS,ok,ok,True,42,86,calibrate:087,calibrate,87,205.5,204.0142381900245,-1.485761809975486,156
development_repeated_nested_cv,primary_instrument1_full,primary,1,3,5,development_combined,Raw FPLS,ok,ok,True,42,91,calibrate:092,calibrate,92,175.5,176.01950206808033,0.5195020680803282,156
development_repeated_nested_cv,primary_instrument1_full,primary,1,3,5,development_combined,Raw FPLS,ok,ok,True,42,99,calibrate:100,calibrate,100,219.3000030517578,217.48639436269804,-1.8136086890597767,156
development_repeated_nested_cv,primary_instrument1_full,primary,1,3,5,development_combined,Raw FPLS,ok,ok,True,42,100,calibrate:101,calibrate,101,216.5,217.1224828452565,0.6224828452565134,156
development_repeated_nested_cv,primary_instrument1_full,primary,1,3,5,development_combined,Raw FPLS,ok,ok,True,42,102,calibrate:103,calibrate,103,151.60000610351562,161.90717642977313,10.307170326257506,156
development_repeated_nested_cv,primary_instrument1_full,primary,1,3,5,development_combined,Raw FPLS,ok,ok,True,42,126,calibrate:127,calibrate,127,204.5,186.2493971084193,-18.250602891580712,156
development_repeated_nested_cv,primary_instrument1_full,primary,1,3,5,development_combined,Raw FPLS,ok,ok,True,42,130,calibrate:131,calibrate,131,184.5,186.36420742528747,1.864207425287475,156
development_repeated_nested_cv,primary_instrument1_full,primary,1,3,5,development_combined,Raw FPLS,ok,ok,True,42,134,calibrate:135,calibrate,135,188.6999969482422,190.59120852427506,1.8912115760328732,156
development_repeated_nested_cv,primary_instrument1_full,primary,1,3,5,development_combined,Raw FPLS,ok,ok,True,42,141,calibrate:142,calibrate,142,196.3000030517578,191.49064066238785,-4.809362389369966,156
development_repeated_nested_cv,primary_instrument1_full,primary,1,3,5,development_combined,Raw FPLS,ok,ok,True,42,144,calibrate:145,calibrate,145,191.1999969482422,190.416557320116,-0.7834396281261888,156
development_repeated_nested_cv,primary_instrument1_full,primary,1,3,5,development_combined,Raw FPLS,ok,ok,True,42,152,calibrate:153,calibrate,153,199.6999969482422,193.42680875416943,-6.273188194072759,156
development_repeated_nested_cv,primary_instrument1_full,primary,1,3,5,development_combined,Raw FPLS,ok,ok,True,42,157,validate:003,validate,3,191.89999389648438,198.25145303603864,6.351459139554265,156
development_repeated_nested_cv,primary_instrument1_full,primary,1,3,5,development_combined,Raw FPLS,ok,ok,True,42,160,validate:006,validate,6,194.5,191.2400048399998,-3.2599951600001873,156
development_repeated_nested_cv,primary_instrument1_full,primary,1,3,5,development_combined,Raw FPLS,ok,ok,True,42,162,validate:008,validate,8,194.89999389648438,193.23144204803583,-1.6685518484485442,156
development_repeated_nested_cv,primary_instrument1_full,primary,1,3,5,development_combined,Raw FPLS,ok,ok,True,42,165,validate:011,validate,11,195.10000610351562,192.94380215918954,-2.15620394432608,156
development_repeated_nested_cv,primary_instrument1_full,primary,1,3,5,development_combined,Raw FPLS,ok,ok,True,42,172,validate:018,validate,18,195.39999389648438,192.77231682677453,-2.627677069709847,156
development_repeated_nested_cv,primary_instrument1_full,primary,1,3,5,development_combined,Raw FPLS,ok,ok,True,42,186,validate:032,validate,32,197.5,195.86992280523438,-1.6300771947656187,156
development_repeated_nested_cv,primary_instrument1_full,primary,1,3,5,development_combined,Raw FPLS,ok,ok,True,42,188,validate:034,validate,34,193.39999389648438,197.75994857371657,4.359954677232196,156
development_repeated_nested_cv,primary_instrument1_full,primary,1,3,5,development_combined,Raw FPLS,ok,ok,True,42,193,validate:039,validate,39,196.60000610351562,198.40884540876206,1.8088393052464369,156
development_repeated_nested_cv,primary_instrument1_full,primary,1,3,5,development_combined,Arnoldi FPLS,ok,ok,True,5,0,calibrate:001,calibrate,1,200.10000610351562,194.11926965727685,-5.9807364462387795,156
development_repeated_nested_cv,primary_instrument1_full,primary,1,3,5,development_combined,Arnoldi FPLS,ok,ok,True,5,5,calibrate:006,calibrate,6,198.3000030517578,193.33302259293652,-4.966980458821297,156
development_repeated_nested_cv,primary_instrument1_full,primary,1,3,5,development_combined,Arnoldi FPLS,ok,ok,True,5,11,calibrate:012,calibrate,12,162.0,162.12852098293365,0.12852098293365088,156
development_repeated_nested_cv,primary_instrument1_full,primary,1,3,5,development_combined,Arnoldi FPLS,ok,ok,True,5,16,calibrate:017,calibrate,17,222.5,218.59376480387147,-3.9062351961285344,156
development_repeated_nested_cv,primary_instrument1_full,primary,1,3,5,development_combined,Arnoldi FPLS,ok,ok,True,5,26,calibrate:027,calibrate,27,209.1999969482422,204.5027031525451,-4.697293795697078,156
development_repeated_nested_cv,primary_instrument1_full,primary,1,3,5,development_combined,Arnoldi FPLS,ok,ok,True,5,33,calibrate:034,calibrate,34,231.89999389648438,237.41196939154332,5.511975495058948,156
development_repeated_nested_cv,primary_instrument1_full,primary,1,3,5,development_combined,Arnoldi FPLS,ok,ok,True,5,35,calibrate:036,calibrate,36,177.0,176.4839240006057,-0.5160759993943032,156
development_repeated_nested_cv,primary_instrument1_full,primary,1,3,5,development_combined,Arnoldi FPLS,ok,ok,True,5,36,calibrate:037,calibrate,37,177.5,177.27094749511272,-0.22905250488727802,156
development_repeated_nested_cv,primary_instrument1_full,primary,1,3,5,development_combined,Arnoldi FPLS,ok,ok,True,5,45,calibrate:046,calibrate,46,186.8000030517578,182.63184788128714,-4.168155170470669,156
development_repeated_nested_cv,primary_instrument1_full,primary,1,3,5,development_combined,Arnoldi FPLS,ok,ok,True,5,53,calibrate:054,calibrate,54,221.5,217.56806732611642,-3.93193267388358,156
development_repeated_nested_cv,primary_instrument1_full,primary,1,3,5,development_combined,Arnoldi FPLS,ok,ok,True,5,57,calibrate:058,calibrate,58,157.60000610351562,163.38330506396542,5.783298960449798,156
development_repeated_nested_cv,primary_instrument1_full,primary,1,3,5,development_combined,Arnoldi FPLS,ok,ok,True,5,62,calibrate:063,calibrate,63,176.5,177.42216764072236,0.922167640722364,156
development_repeated_nested_cv,primary_instrument1_full,primary,1,3,5,development_combined,Arnoldi FPLS,ok,ok,True,5,66,calibrate:067,calibrate,67,215.60000610351562,217.0254090329523,1.4254029294366717,156
development_repeated_nested_cv,primary_instrument1_full,primary,1,3,5,development_combined,Arnoldi FPLS,ok,ok,True,5,68,calibrate:069,calibrate,69,233.1999969482422,235.4739938316141,2.2739968833719217,156
development_repeated_nested_cv,primary_instrument1_full,primary,1,3,5,development_combined,Arnoldi FPLS,ok,ok,True,5,69,calibrate:070,calibrate,70,159.3000030517578,161.7658406364888,2.4658375847309912,156
development_repeated_nested_cv,primary_instrument1_full,primary,1,3,5,development_combined,Arnoldi FPLS,ok,ok,True,5,74,calibrate:075,calibrate,75,181.3000030517578,184.78920206652296,3.4891990147651484,156
development_repeated_nested_cv,primary_instrument1_full,primary,1,3,5,development_combined,Arnoldi FPLS,ok,ok,True,5,76,calibrate:077,calibrate,77,158.10000610351562,157.81910203591974,-0.28090406759588404,156
development_repeated_nested_cv,primary_instrument1_full,primary,1,3,5,development_combined,Arnoldi FPLS,ok,ok,True,5,77,calibrate:078,calibrate,78,201.6999969482422,204.59818916908762,2.8981922208454307,156
development_repeated_nested_cv,primary_instrument1_full,primary,1,3,5,development_combined,Arnoldi FPLS,ok,ok,True,5,80,calibrate:081,calibrate,81,172.3000030517578,175.32295438141242,3.022951329654603,156
development_repeated_nested_cv,primary_instrument1_full,primary,1,3,5,development_combined,Arnoldi FPLS,ok,ok,True,5,85,calibrate:086,calibrate,86,184.1999969482422,184.88186700621668,0.6818700579744927,156
development_repeated_nested_cv,primary_instrument1_full,primary,1,3,5,development_combined,Arnoldi FPLS,ok,ok,True,5,86,calibrate:087,calibrate,87,205.5,203.9941987606292,-1.5058012393708111,156
development_repeated_nested_cv,primary_instrument1_full,primary,1,3,5,development_combined,Arnoldi FPLS,ok,ok,True,5,91,calibrate:092,calibrate,92,175.5,175.99333363555203,0.4933336355520339,156
development_repeated_nested_cv,primary_instrument1_full,primary,1,3,5,development_combined,Arnoldi FPLS,ok,ok,True,5,99,calibrate:100,calibrate,100,219.3000030517578,217.5218013275196,-1.7782017242382153,156
development_repeated_nested_cv,primary_instrument1_full,primary,1,3,5,development_combined,Arnoldi FPLS,ok,ok,True,5,100,calibrate:101,calibrate,101,216.5,217.11072387769244,0.6107238776924362,156
development_repeated_nested_cv,primary_instrument1_full,primary,1,3,5,development_combined,Arnoldi FPLS,ok,ok,True,5,102,calibrate:103,calibrate,103,151.60000610351562,161.92217567436865,10.32216957085302,156
development_repeated_nested_cv,primary_instrument1_full,primary,1,3,5,development_combined,Arnoldi FPLS,ok,ok,True,5,126,calibrate:127,calibrate,127,204.5,186.2789532548549,-18.221046745145088,156
development_repeated_nested_cv,primary_instrument1_full,primary,1,3,5,development_combined,Arnoldi FPLS,ok,ok,True,5,130,calibrate:131,calibrate,131,184.5,186.40045190602524,1.9004519060252392,156
development_repeated_nested_cv,primary_instrument1_full,primary,1,3,5,development_combined,Arnoldi FPLS,ok,ok,True,5,134,calibrate:135,calibrate,135,188.6999969482422,190.6283416447574,1.928344696515211,156
development_repeated_nested_cv,primary_instrument1_full,primary,1,3,5,development_combined,Arnoldi FPLS,ok,ok,True,5,141,calibrate:142,calibrate,142,196.3000030517578,191.53330695352932,-4.766696098228493,156
development_repeated_nested_cv,primary_instrument1_full,primary,1,3,5,development_combined,Arnoldi FPLS,ok,ok,True,5,144,calibrate:145,calibrate,145,191.1999969482422,190.41416542386517,-0.7858315243770164,156
development_repeated_nested_cv,primary_instrument1_full,primary,1,3,5,development_combined,Arnoldi FPLS,ok,ok,True,5,152,calibrate:153,calibrate,153,199.6999969482422,193.41414509550705,-6.285851852735135,156
development_repeated_nested_cv,primary_instrument1_full,primary,1,3,5,development_combined,Arnoldi FPLS,ok,ok,True,5,157,validate:003,validate,3,191.89999389648438,198.29555276230099,6.395558865816611,156
development_repeated_nested_cv,primary_instrument1_full,primary,1,3,5,development_combined,Arnoldi FPLS,ok,ok,True,5,160,validate:006,validate,6,194.5,191.2413029428604,-3.2586970571396137,156
development_repeated_nested_cv,primary_instrument1_full,primary,1,3,5,development_combined,Arnoldi FPLS,ok,ok,True,5,162,validate:008,validate,8,194.89999389648438,193.2323074111977,-1.66768648528668,156
development_repeated_nested_cv,primary_instrument1_full,primary,1,3,5,development_combined,Arnoldi FPLS,ok,ok,True,5,165,validate:011,validate,11,195.10000610351562,192.9796719129691,-2.120334190546515,156
development_repeated_nested_cv,primary_instrument1_full,primary,1,3,5,development_combined,Arnoldi FPLS,ok,ok,True,5,172,validate:018,validate,18,195.39999389648438,192.74191230384403,-2.658081592640343,156
development_repeated_nested_cv,primary_instrument1_full,primary,1,3,5,development_combined,Arnoldi FPLS,ok,ok,True,5,186,validate:032,validate,32,197.5,195.83802119338682,-1.6619788066131775,156
development_repeated_nested_cv,primary_instrument1_full,primary,1,3,5,development_combined,Arnoldi FPLS,ok,ok,True,5,188,validate:034,validate,34,193.39999389648438,197.7280514902144,4.328057593730023,156
development_repeated_nested_cv,primary_instrument1_full,primary,1,3,5,development_combined,Arnoldi FPLS,ok,ok,True,5,193,validate:039,validate,39,196.60000610351562,198.43806144690214,1.8380553433865146,156
development_repeated_nested_cv,primary_instrument1_full,primary,1,3,5,development_combined,FPCR,ok,ok,True,14,0,calibrate:001,calibrate,1,200.10000610351562,191.64849638365948,-8.451509719856148,156
development_repeated_nested_cv,primary_instrument1_full,primary,1,3,5,development_combined,FPCR,ok,ok,True,14,5,calibrate:006,calibrate,6,198.3000030517578,195.51119174974409,-2.788811302013727,156
development_repeated_nested_cv,primary_instrument1_full,primary,1,3,5,development_combined,FPCR,ok,ok,True,14,11,calibrate:012,calibrate,12,162.0,161.73456167904828,-0.2654383209517164,156
development_repeated_nested_cv,primary_instrument1_full,primary,1,3,5,development_combined,FPCR,ok,ok,True,14,16,calibrate:017,calibrate,17,222.5,218.58362796961856,-3.9163720303814387,156
development_repeated_nested_cv,primary_instrument1_full,primary,1,3,5,development_combined,FPCR,ok,ok,True,14,26,calibrate:027,calibrate,27,209.1999969482422,202.68052403212857,-6.519472916113614,156
development_repeated_nested_cv,primary_instrument1_full,primary,1,3,5,development_combined,FPCR,ok,ok,True,14,33,calibrate:034,calibrate,34,231.89999389648438,239.72903715963292,7.829043263148549,156
development_repeated_nested_cv,primary_instrument1_full,primary,1,3,5,development_combined,FPCR,ok,ok,True,14,35,calibrate:036,calibrate,36,177.0,176.8040336572755,-0.1959663427244891,156
development_repeated_nested_cv,primary_instrument1_full,primary,1,3,5,development_combined,FPCR,ok,ok,True,14,36,calibrate:037,calibrate,37,177.5,176.30438994025948,-1.1956100597405168,156
development_repeated_nested_cv,primary_instrument1_full,primary,1,3,5,development_combined,FPCR,ok,ok,True,14,45,calibrate:046,calibrate,46,186.8000030517578,184.0763092496456,-2.723693802112223,156
development_repeated_nested_cv,primary_instrument1_full,primary,1,3,5,development_combined,FPCR,ok,ok,True,14,53,calibrate:054,calibrate,54,221.5,216.4174973863838,-5.082502613616214,156
development_repeated_nested_cv,primary_instrument1_full,primary,1,3,5,development_combined,FPCR,ok,ok,True,14,57,calibrate:058,calibrate,58,157.60000610351562,164.23908097795086,6.639074874435238,156
development_repeated_nested_cv,primary_instrument1_full,primary,1,3,5,development_combined,FPCR,ok,ok,True,14,62,calibrate:063,calibrate,63,176.5,175.4963526242621,-1.0036473757378985,156
development_repeated_nested_cv,primary_instrument1_full,primary,1,3,5,development_combined,FPCR,ok,ok,True,14,66,calibrate:067,calibrate,67,215.60000610351562,217.28322912697607,1.6832230234604424,156
development_repeated_nested_cv,primary_instrument1_full,primary,1,3,5,development_combined,FPCR,ok,ok,True,14,68,calibrate:069,calibrate,69,233.1999969482422,238.4363006855349,5.236303737292701,156
development_repeated_nested_cv,primary_instrument1_full,primary,1,3,5,development_combined,FPCR,ok,ok,True,14,69,calibrate:070,calibrate,70,159.3000030517578,162.97888947013294,3.6788864183751286,156
development_repeated_nested_cv,primary_instrument1_full,primary,1,3,5,development_combined,FPCR,ok,ok,True,14,74,calibrate:075,calibrate,75,181.3000030517578,184.13532928601452,2.835326234256712,156
development_repeated_nested_cv,primary_instrument1_full,primary,1,3,5,development_combined,FPCR,ok,ok,True,14,76,calibrate:077,calibrate,77,158.10000610351562,160.31901317943235,2.2190070759167213,156
development_repeated_nested_cv,primary_instrument1_full,primary,1,3,5,development_combined,FPCR,ok,ok,True,14,77,calibrate:078,calibrate,78,201.6999969482422,202.65426973662443,0.9542727883822408,156
development_repeated_nested_cv,primary_instrument1_full,primary,1,3,5,development_combined,FPCR,ok,ok,True,14,80,calibrate:081,calibrate,81,172.3000030517578,175.13057286670613,2.830569814948319,156
development_repeated_nested_cv,primary_instrument1_full,primary,1,3,5,development_combined,FPCR,ok,ok,True,14,85,calibrate:086,calibrate,86,184.1999969482422,184.61915310887744,0.4191561606352536,156
development_repeated_nested_cv,primary_instrument1_full,primary,1,3,5,development_combined,FPCR,ok,ok,True,14,86,calibrate:087,calibrate,87,205.5,205.17672818443052,-0.32327181556948403,156
development_repeated_nested_cv,primary_instrument1_full,primary,1,3,5,development_combined,FPCR,ok,ok,True,14,91,calibrate:092,calibrate,92,175.5,176.21639080773897,0.7163908077389749,156
development_repeated_nested_cv,primary_instrument1_full,primary,1,3,5,development_combined,FPCR,ok,ok,True,14,99,calibrate:100,calibrate,100,219.3000030517578,216.43070256729192,-2.869300484465896,156
development_repeated_nested_cv,primary_instrument1_full,primary,1,3,5,development_combined,FPCR,ok,ok,True,14,100,calibrate:101,calibrate,101,216.5,217.75538864608131,1.2553886460813146,156
development_repeated_nested_cv,primary_instrument1_full,primary,1,3,5,development_combined,FPCR,ok,ok,True,14,102,calibrate:103,calibrate,103,151.60000610351562,161.26560245314872,9.665596349633091,156
development_repeated_nested_cv,primary_instrument1_full,primary,1,3,5,development_combined,FPCR,ok,ok,True,14,126,calibrate:127,calibrate,127,204.5,185.1157666465444,-19.384233353455613,156
development_repeated_nested_cv,primary_instrument1_full,primary,1,3,5,development_combined,FPCR,ok,ok,True,14,130,calibrate:131,calibrate,131,184.5,185.96747887348496,1.4674788734849642,156
development_repeated_nested_cv,primary_instrument1_full,primary,1,3,5,development_combined,FPCR,ok,ok,True,14,134,calibrate:135,calibrate,135,188.6999969482422,189.85557400444233,1.1555770562001442,156
development_repeated_nested_cv,primary_instrument1_full,primary,1,3,5,development_combined,FPCR,ok,ok,True,14,141,calibrate:142,calibrate,142,196.3000030517578,189.10581729693854,-7.194185754819273,156
development_repeated_nested_cv,primary_instrument1_full,primary,1,3,5,development_combined,FPCR,ok,ok,True,14,144,calibrate:145,calibrate,145,191.1999969482422,190.7224578178891,-0.4775391303530796,156
development_repeated_nested_cv,primary_instrument1_full,primary,1,3,5,development_combined,FPCR,ok,ok,True,14,152,calibrate:153,calibrate,153,199.6999969482422,195.4608538299126,-4.239143118329594,156
development_repeated_nested_cv,primary_instrument1_full,primary,1,3,5,development_combined,FPCR,ok,ok,True,14,157,validate:003,validate,3,191.89999389648438,196.8528844233906,4.952890526906231,156
development_repeated_nested_cv,primary_instrument1_full,primary,1,3,5,development_combined,FPCR,ok,ok,True,14,160,validate:006,validate,6,194.5,191.94416405654232,-2.55583594345768,156
development_repeated_nested_cv,primary_instrument1_full,primary,1,3,5,development_combined,FPCR,ok,ok,True,14,162,validate:008,validate,8,194.89999389648438,193.64865498267423,-1.2513389138101445,156
development_repeated_nested_cv,primary_instrument1_full,primary,1,3,5,development_combined,FPCR,ok,ok,True,14,165,validate:011,validate,11,195.10000610351562,190.53487974335474,-4.565126360160889,156
development_repeated_nested_cv,primary_instrument1_full,primary,1,3,5,development_combined,FPCR,ok,ok,True,14,172,validate:018,validate,18,195.39999389648438,192.9117257930634,-2.488268103420978,156
development_repeated_nested_cv,primary_instrument1_full,primary,1,3,5,development_combined,FPCR,ok,ok,True,14,186,validate:032,validate,32,197.5,197.3853734704405,-0.11462652955950148,156
development_repeated_nested_cv,primary_instrument1_full,primary,1,3,5,development_combined,FPCR,ok,ok,True,14,188,validate:034,validate,34,193.39999389648438,198.2432811766303,4.8432872801459155,156
development_repeated_nested_cv,primary_instrument1_full,primary,1,3,5,development_combined,FPCR,ok,ok,True,14,193,validate:039,validate,39,196.60000610351562,197.4752966028812,0.8752904993655761,156
development_repeated_nested_cv,primary_instrument1_full,primary,1,4,1,development_combined,CG-FPLS-code,ok,ok,True,3,11,calibrate:012,calibrate,12,162.0,162.38573339095512,0.3857333909551244,156
development_repeated_nested_cv,primary_instrument1_full,primary,1,4,1,development_combined,CG-FPLS-code,ok,ok,True,3,12,calibrate:013,calibrate,13,176.3000030517578,181.17312446209257,4.873121410334761,156
development_repeated_nested_cv,primary_instrument1_full,primary,1,4,1,development_combined,CG-FPLS-code,ok,ok,True,3,13,calibrate:014,calibrate,14,221.3000030517578,217.13967041313245,-4.160332638625363,156
development_repeated_nested_cv,primary_instrument1_full,primary,1,4,1,development_combined,CG-FPLS-code,ok,ok,True,3,14,calibrate:015,calibrate,15,220.10000610351562,219.4919304985213,-0.6080756049943261,156
development_repeated_nested_cv,primary_instrument1_full,primary,1,4,1,development_combined,CG-FPLS-code,ok,ok,True,3,20,calibrate:021,calibrate,21,183.1999969482422,182.85404082770708,-0.3459561205351065,156
development_repeated_nested_cv,primary_instrument1_full,primary,1,4,1,development_combined,CG-FPLS-code,ok,ok,True,3,21,calibrate:022,calibrate,22,185.89999389648438,188.49087951266114,2.590885616176763,156
development_repeated_nested_cv,primary_instrument1_full,primary,1,4,1,development_combined,CG-FPLS-code,ok,ok,True,3,24,calibrate:025,calibrate,25,177.1999969482422,176.32248621384895,-0.8775107343932405,156
development_repeated_nested_cv,primary_instrument1_full,primary,1,4,1,development_combined,CG-FPLS-code,ok,ok,True,3,26,calibrate:027,calibrate,27,209.1999969482422,202.48311055622904,-6.716886392013151,156
development_repeated_nested_cv,primary_instrument1_full,primary,1,4,1,development_combined,CG-FPLS-code,ok,ok,True,3,31,calibrate:032,calibrate,32,158.8000030517578,161.84857994504193,3.048576893284121,156
development_repeated_nested_cv,primary_instrument1_full,primary,1,4,1,development_combined,CG-FPLS-code,ok,ok,True,3,39,calibrate:040,calibrate,40,174.10000610351562,177.0418378053199,2.9418317018042615,156
development_repeated_nested_cv,primary_instrument1_full,primary,1,4,1,development_combined,CG-FPLS-code,ok,ok,True,3,43,calibrate:044,calibrate,44,186.89999389648438,185.2585916089322,-1.6414022875521823,156
development_repeated_nested_cv,primary_instrument1_full,primary,1,4,1,development_combined,CG-FPLS-code,ok,ok,True,3,47,calibrate:048,calibrate,48,156.8000030517578,161.29917193293022,4.499168881172409,156
development_repeated_nested_cv,primary_instrument1_full,primary,1,4,1,development_combined,CG-FPLS-code,ok,ok,True,3,50,calibrate:051,calibrate,51,188.3000030517578,187.16251406011074,-1.137488991647075,156
development_repeated_nested_cv,primary_instrument1_full,primary,1,4,1,development_combined,CG-FPLS-code,ok,ok,True,3,56,calibrate:057,calibrate,57,222.3000030517578,220.60596770372766,-1.6940353480301553,156
development_repeated_nested_cv,primary_instrument1_full,primary,1,4,1,development_combined,CG-FPLS-code,ok,ok,True,3,66,calibrate:067,calibrate,67,215.60000610351562,218.45555028642355,2.85554418290792,156
development_repeated_nested_cv,primary_instrument1_full,primary,1,4,1,development_combined,CG-FPLS-code,ok,ok,True,3,69,calibrate:070,calibrate,70,159.3000030517578,162.20226960216274,2.9022665504049314,156
development_repeated_nested_cv,primary_instrument1_full,primary,1,4,1,development_combined,CG-FPLS-code,ok,ok,True,3,71,calibrate:072,calibrate,72,201.8000030517578,206.7951715623622,4.995168510604401,156
development_repeated_nested_cv,primary_instrument1_full,primary,1,4,1,development_combined,CG-FPLS-code,ok,ok,True,3,75,calibrate:076,calibrate,76,178.10000610351562,178.85925925573946,0.7592531522238346,156
development_repeated_nested_cv,primary_instrument1_full,primary,1,4,1,development_combined,CG-FPLS-code,ok,ok,True,3,83,calibrate:084,calibrate,84,205.39999389648438,199.70978175036714,-5.690212146117233,156
development_repeated_nested_cv,primary_instrument1_full,primary,1,4,1,development_combined,CG-FPLS-code,ok,ok,True,3,102,calibrate:103,calibrate,103,151.60000610351562,162.61800590209154,11.017999798575914,156
development_repeated_nested_cv,primary_instrument1_full,primary,1,4,1,development_combined,CG-FPLS-code,ok,ok,True,3,106,calibrate:107,calibrate,107,216.89999389648438,221.21365982390924,4.313665927424864,156
development_repeated_nested_cv,primary_instrument1_full,primary,1,4,1,development_combined,CG-FPLS-code,ok,ok,True,3,113,calibrate:114,calibrate,114,172.89999389648438,175.0925570629778,2.1925631664934144,156
development_repeated_nested_cv,primary_instrument1_full,primary,1,4,1,development_combined,CG-FPLS-code,ok,ok,True,3,127,calibrate:128,calibrate,128,239.10000610351562,235.39094687396582,-3.7090592295498084,156
development_repeated_nested_cv,primary_instrument1_full,primary,1,4,1,development_combined,CG-FPLS-code,ok,ok,True,3,128,calibrate:129,calibrate,129,231.10000610351562,223.0818693900329,-8.018136713482733,156
development_repeated_nested_cv,primary_instrument1_full,primary,1,4,1,development_combined,CG-FPLS-code,ok,ok,True,3,131,calibrate:132,calibrate,132,206.3000030517578,204.12845058933317,-2.1715524624246427,156
development_repeated_nested_cv,primary_instrument1_full,primary,1,4,1,development_combined,CG-FPLS-code,ok,ok,True,3,139,calibrate:140,calibrate,140,193.3000030517578,199.54336241879028,6.243359367032468,156
development_repeated_nested_cv,primary_instrument1_full,primary,1,4,1,development_combined,CG-FPLS-code,ok,ok,True,3,141,calibrate:142,calibrate,142,196.3000030517578,187.89601812375724,-8.403984928000568,156
development_repeated_nested_cv,primary_instrument1_full,primary,1,4,1,development_combined,CG-FPLS-code,ok,ok,True,3,147,calibrate:148,calibrate,148,197.8000030517578,190.07414454175077,-7.725858510007043,156
development_repeated_nested_cv,primary_instrument1_full,primary,1,4,1,development_combined,CG-FPLS-code,ok,ok,True,3,149,calibrate:150,calibrate,150,181.3000030517578,196.58272713903187,15.282724087274062,156
development_repeated_nested_cv,primary_instrument1_full,primary,1,4,1,development_combined,CG-FPLS-code,ok,ok,True,3,151,calibrate:152,calibrate,152,201.39999389648438,189.76116729342996,-11.638826603054412,156
development_repeated_nested_cv,primary_instrument1_full,primary,1,4,1,development_combined,CG-FPLS-code,ok,ok,True,3,152,calibrate:153,calibrate,153,199.6999969482422,189.28538375986724,-10.414613188374943,156
development_repeated_nested_cv,primary_instrument1_full,primary,1,4,1,development_combined,CG-FPLS-code,ok,ok,True,3,161,validate:007,validate,7,195.89999389648438,196.04393015141792,0.1439362549335499,156
development_repeated_nested_cv,primary_instrument1_full,primary,1,4,1,development_combined,CG-FPLS-code,ok,ok,True,3,173,validate:019,validate,19,191.8000030517578,196.88655938567288,5.08655633391507,156
development_repeated_nested_cv,primary_instrument1_full,primary,1,4,1,development_combined,CG-FPLS-code,ok,ok,True,3,180,validate:026,validate,26,193.39999389648438,200.72862828883495,7.32863439235058,156
development_repeated_nested_cv,primary_instrument1_full,primary,1,4,1,development_combined,CG-FPLS-code,ok,ok,True,3,182,validate:028,validate,28,195.0,198.33434810945326,3.334348109453259,156
development_repeated_nested_cv,primary_instrument1_full,primary,1,4,1,development_combined,CG-FPLS-code,ok,ok,True,3,186,validate:032,validate,32,197.5,193.57619045375117,-3.923809546248833,156
development_repeated_nested_cv,primary_instrument1_full,primary,1,4,1,development_combined,CG-FPLS-code,ok,ok,True,3,187,validate:033,validate,33,194.1999969482422,197.14282076699823,2.9428238187560396,156
development_repeated_nested_cv,primary_instrument1_full,primary,1,4,1,development_combined,CG-FPLS-code,ok,ok,True,3,189,validate:035,validate,35,196.6999969482422,196.9032461957061,0.20324924746390138,156
development_repeated_nested_cv,primary_instrument1_full,primary,1,4,1,development_combined,CG-FPLS-code,ok,ok,True,3,190,validate:036,validate,36,194.6999969482422,199.57960560410436,4.879608655862171,156
development_repeated_nested_cv,primary_instrument1_full,primary,1,4,1,development_combined,Raw FPLS,ok,ok,True,69,11,calibrate:012,calibrate,12,162.0,161.97875147407737,-0.021248525922629824,156
development_repeated_nested_cv,primary_instrument1_full,primary,1,4,1,development_combined,Raw FPLS,ok,ok,True,69,12,calibrate:013,calibrate,13,176.3000030517578,179.374224840548,3.0742217887901973,156
development_repeated_nested_cv,primary_instrument1_full,primary,1,4,1,development_combined,Raw FPLS,ok,ok,True,69,13,calibrate:014,calibrate,14,221.3000030517578,218.65658931689399,-2.6434137348638274,156
development_repeated_nested_cv,primary_instrument1_full,primary,1,4,1,development_combined,Raw FPLS,ok,ok,True,69,14,calibrate:015,calibrate,15,220.10000610351562,217.40182651472477,-2.6981795887908504,156
development_repeated_nested_cv,primary_instrument1_full,primary,1,4,1,development_combined,Raw FPLS,ok,ok,True,69,20,calibrate:021,calibrate,21,183.1999969482422,184.87241809944945,1.67242115120726,156
development_repeated_nested_cv,primary_instrument1_full,primary,1,4,1,development_combined,Raw FPLS,ok,ok,True,69,21,calibrate:022,calibrate,22,185.89999389648438,186.54883361196167,0.648839715477294,156
development_repeated_nested_cv,primary_instrument1_full,primary,1,4,1,development_combined,Raw FPLS,ok,ok,True,69,24,calibrate:025,calibrate,25,177.1999969482422,176.90734818256203,-0.2926487656801555,156
development_repeated_nested_cv,primary_instrument1_full,primary,1,4,1,development_combined,Raw FPLS,ok,ok,True,69,26,calibrate:027,calibrate,27,209.1999969482422,205.29448455928866,-3.9055123889535253,156
development_repeated_nested_cv,primary_instrument1_full,primary,1,4,1,development_combined,Raw FPLS,ok,ok,True,69,31,calibrate:032,calibrate,32,158.8000030517578,161.08741631540954,2.287413263651729,156
development_repeated_nested_cv,primary_instrument1_full,primary,1,4,1,development_combined,Raw FPLS,ok,ok,True,69,39,calibrate:040,calibrate,40,174.10000610351562,177.69287651561956,3.5928704121039345,156
development_repeated_nested_cv,primary_instrument1_full,primary,1,4,1,development_combined,Raw FPLS,ok,ok,True,69,43,calibrate:044,calibrate,44,186.89999389648438,188.36385827626765,1.4638643797832742,156
development_repeated_nested_cv,primary_instrument1_full,primary,1,4,1,development_combined,Raw FPLS,ok,ok,True,69,47,calibrate:048,calibrate,48,156.8000030517578,157.83184637631877,1.0318433245609526,156
development_repeated_nested_cv,primary_instrument1_full,primary,1,4,1,development_combined,Raw FPLS,ok,ok,True,69,50,calibrate:051,calibrate,51,188.3000030517578,185.69036807330525,-2.6096349784525614,156
development_repeated_nested_cv,primary_instrument1_full,primary,1,4,1,development_combined,Raw FPLS,ok,ok,True,69,56,calibrate:057,calibrate,57,222.3000030517578,219.7519060779873,-2.5480969737705266,156
development_repeated_nested_cv,primary_instrument1_full,primary,1,4,1,development_combined,Raw FPLS,ok,ok,True,69,66,calibrate:067,calibrate,67,215.60000610351562,217.5307602429682,1.9307541394525742,156
development_repeated_nested_cv,primary_instrument1_full,primary,1,4,1,development_combined,Raw FPLS,ok,ok,True,69,69,calibrate:070,calibrate,70,159.3000030517578,160.93653894638243,1.6365358946246147,156
development_repeated_nested_cv,primary_instrument1_full,primary,1,4,1,development_combined,Raw FPLS,ok,ok,True,69,71,calibrate:072,calibrate,72,201.8000030517578,204.35813693174333,2.558133879985519,156
development_repeated_nested_cv,primary_instrument1_full,primary,1,4,1,development_combined,Raw FPLS,ok,ok,True,69,75,calibrate:076,calibrate,76,178.10000610351562,176.3460929804002,-1.7539131231154386,156
development_repeated_nested_cv,primary_instrument1_full,primary,1,4,1,development_combined,Raw FPLS,ok,ok,True,69,83,calibrate:084,calibrate,84,205.39999389648438,203.0205599193031,-2.3794339771812645,156
development_repeated_nested_cv,primary_instrument1_full,primary,1,4,1,development_combined,Raw FPLS,ok,ok,True,69,102,calibrate:103,calibrate,103,151.60000610351562,162.420649922866,10.82064381935038,156
development_repeated_nested_cv,primary_instrument1_full,primary,1,4,1,development_combined,Raw FPLS,ok,ok,True,69,106,calibrate:107,calibrate,107,216.89999389648438,219.50170323709895,2.601709340614576,156
development_repeated_nested_cv,primary_instrument1_full,primary,1,4,1,development_combined,Raw FPLS,ok,ok,True,69,113,calibrate:114,calibrate,114,172.89999389648438,177.71542673658342,4.815432840099049,156
development_repeated_nested_cv,primary_instrument1_full,primary,1,4,1,development_combined,Raw FPLS,ok,ok,True,69,127,calibrate:128,calibrate,128,239.10000610351562,239.80091843860743,0.7009123350918003,156
development_repeated_nested_cv,primary_instrument1_full,primary,1,4,1,development_combined,Raw FPLS,ok,ok,True,69,128,calibrate:129,calibrate,129,231.10000610351562,228.04963873595844,-3.050367367557186,156
development_repeated_nested_cv,primary_instrument1_full,primary,1,4,1,development_combined,Raw FPLS,ok,ok,True,69,131,calibrate:132,calibrate,132,206.3000030517578,205.7553754254355,-0.544627626322324,156
development_repeated_nested_cv,primary_instrument1_full,primary,1,4,1,development_combined,Raw FPLS,ok,ok,True,69,139,calibrate:140,calibrate,140,193.3000030517578,197.65182606169628,4.351823009938471,156
development_repeated_nested_cv,primary_instrument1_full,primary,1,4,1,development_combined,Raw FPLS,ok,ok,True,69,141,calibrate:142,calibrate,142,196.3000030517578,191.71512549456307,-4.584877557194744,156
development_repeated_nested_cv,primary_instrument1_full,primary,1,4,1,development_combined,Raw FPLS,ok,ok,True,69,147,calibrate:148,calibrate,148,197.8000030517578,190.72833980521406,-7.07166324654375,156
development_repeated_nested_cv,primary_instrument1_full,primary,1,4,1,development_combined,Raw FPLS,ok,ok,True,69,149,calibrate:150,calibrate,150,181.3000030517578,192.51114178527484,11.211138733517032,156
development_repeated_nested_cv,primary_instrument1_full,primary,1,4,1,development_combined,Raw FPLS,ok,ok,True,69,151,calibrate:152,calibrate,152,201.39999389648438,192.8385147731462,-8.561479123338188,156
development_repeated_nested_cv,primary_instrument1_full,primary,1,4,1,development_combined,Raw FPLS,ok,ok,True,69,152,calibrate:153,calibrate,153,199.6999969482422,193.18548453280857,-6.5145124154336145,156
development_repeated_nested_cv,primary_instrument1_full,primary,1,4,1,development_combined,Raw FPLS,ok,ok,True,69,161,validate:007,validate,7,195.89999389648438,193.44822703822808,-2.451766858256292,156
development_repeated_nested_cv,primary_instrument1_full,primary,1,4,1,development_combined,Raw FPLS,ok,ok,True,69,173,validate:019,validate,19,191.8000030517578,192.07392705672936,0.2739240049715477,156
development_repeated_nested_cv,primary_instrument1_full,primary,1,4,1,development_combined,Raw FPLS,ok,ok,True,69,180,validate:026,validate,26,193.39999389648438,199.71467792147746,6.314684024993085,156
development_repeated_nested_cv,primary_instrument1_full,primary,1,4,1,development_combined,Raw FPLS,ok,ok,True,69,182,validate:028,validate,28,195.0,198.58625500115525,3.5862550011552514,156
development_repeated_nested_cv,primary_instrument1_full,primary,1,4,1,development_combined,Raw FPLS,ok,ok,True,69,186,validate:032,validate,32,197.5,196.43593111189784,-1.064068888102156,156
development_repeated_nested_cv,primary_instrument1_full,primary,1,4,1,development_combined,Raw FPLS,ok,ok,True,69,187,validate:033,validate,33,194.1999969482422,200.76695082692754,6.566953878685354,156
development_repeated_nested_cv,primary_instrument1_full,primary,1,4,1,development_combined,Raw FPLS,ok,ok,True,69,189,validate:035,validate,35,196.6999969482422,200.3448202058414,3.6448232575991995,156
development_repeated_nested_cv,primary_instrument1_full,primary,1,4,1,development_combined,Raw FPLS,ok,ok,True,69,190,validate:036,validate,36,194.6999969482422,200.49719170729088,5.797194759048693,156
development_repeated_nested_cv,primary_instrument1_full,primary,1,4,1,development_combined,Arnoldi FPLS,ok,ok,True,5,11,calibrate:012,calibrate,12,162.0,161.9293332009168,-0.07066679908319884,156
development_repeated_nested_cv,primary_instrument1_full,primary,1,4,1,development_combined,Arnoldi FPLS,ok,ok,True,5,12,calibrate:013,calibrate,13,176.3000030517578,179.33323426299341,3.033231211235602,156
development_repeated_nested_cv,primary_instrument1_full,primary,1,4,1,development_combined,Arnoldi FPLS,ok,ok,True,5,13,calibrate:014,calibrate,14,221.3000030517578,218.54216116318057,-2.7578418885772464,156
development_repeated_nested_cv,primary_instrument1_full,primary,1,4,1,development_combined,Arnoldi FPLS,ok,ok,True,5,14,calibrate:015,calibrate,15,220.10000610351562,217.4556195493576,-2.644386554158018,156
development_repeated_nested_cv,primary_instrument1_full,primary,1,4,1,development_combined,Arnoldi FPLS,ok,ok,True,5,20,calibrate:021,calibrate,21,183.1999969482422,184.843497483489,1.643500535246801,156
development_repeated_nested_cv,primary_instrument1_full,primary,1,4,1,development_combined,Arnoldi FPLS,ok,ok,True,5,21,calibrate:022,calibrate,22,185.89999389648438,186.51923718386564,0.6192432873812663,156
development_repeated_nested_cv,primary_instrument1_full,primary,1,4,1,development_combined,Arnoldi FPLS,ok,ok,True,5,24,calibrate:025,calibrate,25,177.1999969482422,176.82240420456665,-0.3775927436755353,156
development_repeated_nested_cv,primary_instrument1_full,primary,1,4,1,development_combined,Arnoldi FPLS,ok,ok,True,5,26,calibrate:027,calibrate,27,209.1999969482422,205.20393294396598,-3.9960640042762066,156
development_repeated_nested_cv,primary_instrument1_full,primary,1,4,1,development_combined,Arnoldi FPLS,ok,ok,True,5,31,calibrate:032,calibrate,32,158.8000030517578,161.0440227149778,2.2440196632200013,156
development_repeated_nested_cv,primary_instrument1_full,primary,1,4,1,development_combined,Arnoldi FPLS,ok,ok,True,5,39,calibrate:040,calibrate,40,174.10000610351562,177.61479576074197,3.514789657226345,156
development_repeated_nested_cv,primary_instrument1_full,primary,1,4,1,development_combined,Arnoldi FPLS,ok,ok,True,5,43,calibrate:044,calibrate,44,186.89999389648438,188.26902438689103,1.369030490406658,156
development_repeated_nested_cv,primary_instrument1_full,primary,1,4,1,development_combined,Arnoldi FPLS,ok,ok,True,5,47,calibrate:048,calibrate,48,156.8000030517578,157.9848578968379,1.184854845080082,156
development_repeated_nested_cv,primary_instrument1_full,primary,1,4,1,development_combined,Arnoldi FPLS,ok,ok,True,5,50,calibrate:051,calibrate,51,188.3000030517578,185.84479883920784,-2.4552042125499725,156
development_repeated_nested_cv,primary_instrument1_full,primary,1,4,1,development_combined,Arnoldi FPLS,ok,ok,True,5,56,calibrate:057,calibrate,57,222.3000030517578,219.79368969387676,-2.506313357881055,156
development_repeated_nested_cv,primary_instrument1_full,primary,1,4,1,development_combined,Arnoldi FPLS,ok,ok,True,5,66,calibrate:067,calibrate,67,215.60000610351562,217.5462422202177,1.9462361167020674,156
development_repeated_nested_cv,primary_instrument1_full,primary,1,4,1,development_combined,Arnoldi FPLS,ok,ok,True,5,69,calibrate:070,calibrate,70,159.3000030517578,161.06025964828905,1.7602565965312351,156
development_repeated_nested_cv,primary_instrument1_full,primary,1,4,1,development_combined,Arnoldi FPLS,ok,ok,True,5,71,calibrate:072,calibrate,72,201.8000030517578,204.3851811146766,2.5851780629188,156
development_repeated_nested_cv,primary_instrument1_full,primary,1,4,1,development_combined,Arnoldi FPLS,ok,ok,True,5,75,calibrate:076,calibrate,76,178.10000610351562,176.36434719464222,-1.735658908873404,156
development_repeated_nested_cv,primary_instrument1_full,primary,1,4,1,development_combined,Arnoldi FPLS,ok,ok,True,5,83,calibrate:084,calibrate,84,205.39999389648438,202.92429778330188,-2.4756961131824937,156
development_repeated_nested_cv,primary_instrument1_full,primary,1,4,1,development_combined,Arnoldi FPLS,ok,ok,True,5,102,calibrate:103,calibrate,103,151.60000610351562,162.3866436624482,10.786637558932568,156
development_repeated_nested_cv,primary_instrument1_full,primary,1,4,1,development_combined,Arnoldi FPLS,ok,ok,True,5,106,calibrate:107,calibrate,107,216.89999389648438,219.52082636879402,2.620832472309644,156
development_repeated_nested_cv,primary_instrument1_full,primary,1,4,1,development_combined,Arnoldi FPLS,ok,ok,True,5,113,calibrate:114,calibrate,114,172.89999389648438,177.61205004104988,4.7120561445655085,156
development_repeated_nested_cv,primary_instrument1_full,primary,1,4,1,development_combined,Arnoldi FPLS,ok,ok,True,5,127,calibrate:128,calibrate,128,239.10000610351562,239.78931295683861,0.6893068533229894,156
development_repeated_nested_cv,primary_instrument1_full,primary,1,4,1,development_combined,Arnoldi FPLS,ok,ok,True,5,128,calibrate:129,calibrate,129,231.10000610351562,227.99151508621827,-3.1084910172973537,156
development_repeated_nested_cv,primary_instrument1_full,primary,1,4,1,development_combined,Arnoldi FPLS,ok,ok,True,5,131,calibrate:132,calibrate,132,206.3000030517578,205.69740771486423,-0.6025953368935859,156
development_repeated_nested_cv,primary_instrument1_full,primary,1,4,1,development_combined,Arnoldi FPLS,ok,ok,True,5,139,calibrate:140,calibrate,140,193.3000030517578,197.64912032813493,4.349117276377115,156
development_repeated_nested_cv,primary_instrument1_full,primary,1,4,1,development_combined,Arnoldi FPLS,ok,ok,True,5,141,calibrate:142,calibrate,142,196.3000030517578,191.5960308494184,-4.703972202339401,156
development_repeated_nested_cv,primary_instrument1_full,primary,1,4,1,development_combined,Arnoldi FPLS,ok,ok,True,5,147,calibrate:148,calibrate,148,197.8000030517578,190.63956806655864,-7.160434985199174,156
development_repeated_nested_cv,primary_instrument1_full,primary,1,4,1,development_combined,Arnoldi FPLS,ok,ok,True,5,149,calibrate:150,calibrate,150,181.3000030517578,192.52403719619514,11.224034144437326,156
development_repeated_nested_cv,primary_instrument1_full,primary,1,4,1,development_combined,Arnoldi FPLS,ok,ok,True,5,151,calibrate:152,calibrate,152,201.39999389648438,192.91944298788346,-8.480550908600918,156
development_repeated_nested_cv,primary_instrument1_full,primary,1,4,1,development_combined,Arnoldi FPLS,ok,ok,True,5,152,calibrate:153,calibrate,153,199.6999969482422,193.22449561325993,-6.475501334982255,156
development_repeated_nested_cv,primary_instrument1_full,primary,1,4,1,development_combined,Arnoldi FPLS,ok,ok,True,5,161,validate:007,validate,7,195.89999389648438,193.5395280598045,-2.3604658366798787,156
development_repeated_nested_cv,primary_instrument1_full,primary,1,4,1,development_combined,Arnoldi FPLS,ok,ok,True,5,173,validate:019,validate,19,191.8000030517578,192.05160483077063,0.251601779012816,156
development_repeated_nested_cv,primary_instrument1_full,primary,1,4,1,development_combined,Arnoldi FPLS,ok,ok,True,5,180,validate:026,validate,26,193.39999389648438,199.65936047910816,6.259366582623784,156
development_repeated_nested_cv,primary_instrument1_full,primary,1,4,1,development_combined,Arnoldi FPLS,ok,ok,True,5,182,validate:028,validate,28,195.0,198.70236057804064,3.70236057804064,156
development_repeated_nested_cv,primary_instrument1_full,primary,1,4,1,development_combined,Arnoldi FPLS,ok,ok,True,5,186,validate:032,validate,32,197.5,196.5503997911684,-0.9496002088316118,156
development_repeated_nested_cv,primary_instrument1_full,primary,1,4,1,development_combined,Arnoldi FPLS,ok,ok,True,5,187,validate:033,validate,33,194.1999969482422,200.67334674554166,6.473349797299477,156
development_repeated_nested_cv,primary_instrument1_full,primary,1,4,1,development_combined,Arnoldi FPLS,ok,ok,True,5,189,validate:035,validate,35,196.6999969482422,200.24493924207144,3.5449422938292514,156
development_repeated_nested_cv,primary_instrument1_full,primary,1,4,1,development_combined,Arnoldi FPLS,ok,ok,True,5,190,validate:036,validate,36,194.6999969482422,200.43003338459224,5.730036436350048,156
development_repeated_nested_cv,primary_instrument1_full,primary,1,4,1,development_combined,FPCR,ok,ok,True,7,11,calibrate:012,calibrate,12,162.0,161.42369295600207,-0.5763070439979288,156
development_repeated_nested_cv,primary_instrument1_full,primary,1,4,1,development_combined,FPCR,ok,ok,True,7,12,calibrate:013,calibrate,13,176.3000030517578,179.08673200855904,2.786728956801227,156
development_repeated_nested_cv,primary_instrument1_full,primary,1,4,1,development_combined,FPCR,ok,ok,True,7,13,calibrate:014,calibrate,14,221.3000030517578,218.0744892768399,-3.225513774917914,156
development_repeated_nested_cv,primary_instrument1_full,primary,1,4,1,development_combined,FPCR,ok,ok,True,7,14,calibrate:015,calibrate,15,220.10000610351562,218.49497476992883,-1.605031333586794,156
development_repeated_nested_cv,primary_instrument1_full,primary,1,4,1,development_combined,FPCR,ok,ok,True,7,20,calibrate:021,calibrate,21,183.1999969482422,183.20610787443326,0.006110926191070121,156
development_repeated_nested_cv,primary_instrument1_full,primary,1,4,1,development_combined,FPCR,ok,ok,True,7,21,calibrate:022,calibrate,22,185.89999389648438,186.91748966363372,1.0174957671493416,156
development_repeated_nested_cv,primary_instrument1_full,primary,1,4,1,development_combined,FPCR,ok,ok,True,7,24,calibrate:025,calibrate,25,177.1999969482422,176.412474722738,-0.7875222255041763,156
development_repeated_nested_cv,primary_instrument1_full,primary,1,4,1,development_combined,FPCR,ok,ok,True,7,26,calibrate:027,calibrate,27,209.1999969482422,205.09450816156536,-4.10548878667683,156
development_repeated_nested_cv,primary_instrument1_full,primary,1,4,1,development_combined,FPCR,ok,ok,True,7,31,calibrate:032,calibrate,32,158.8000030517578,161.21025055262282,2.4102475008650117,156
development_repeated_nested_cv,primary_instrument1_full,primary,1,4,1,development_combined,FPCR,ok,ok,True,7,39,calibrate:040,calibrate,40,174.10000610351562,177.02877024672168,2.9287641432060525,156
development_repeated_nested_cv,primary_instrument1_full,primary,1,4,1,development_combined,FPCR,ok,ok,True,7,43,calibrate:044,calibrate,44,186.89999389648438,187.0998611589152,0.1998672624308142,156
development_repeated_nested_cv,primary_instrument1_full,primary,1,4,1,development_combined,FPCR,ok,ok,True,7,47,calibrate:048,calibrate,48,156.8000030517578,159.1052572233069,2.3052541715490804,156
development_repeated_nested_cv,primary_instrument1_full,primary,1,4,1,development_combined,FPCR,ok,ok,True,7,50,calibrate:051,calibrate,51,188.3000030517578,187.02738657354448,-1.2726164782133367,156
development_repeated_nested_cv,primary_instrument1_full,primary,1,4,1,development_combined,FPCR,ok,ok,True,7,56,calibrate:057,calibrate,57,222.3000030517578,219.73732047991396,-2.562682571843851,156
development_repeated_nested_cv,primary_instrument1_full,primary,1,4,1,development_combined,FPCR,ok,ok,True,7,66,calibrate:067,calibrate,67,215.60000610351562,218.2938786589141,2.6938725553984852,156
development_repeated_nested_cv,primary_instrument1_full,primary,1,4,1,development_combined,FPCR,ok,ok,True,7,69,calibrate:070,calibrate,70,159.3000030517578,162.07471345274675,2.774710400988937,156
development_repeated_nested_cv,primary_instrument1_full,primary,1,4,1,development_combined,FPCR,ok,ok,True,7,71,calibrate:072,calibrate,72,201.8000030517578,205.03778560934785,3.2377825575900374,156
development_repeated_nested_cv,primary_instrument1_full,primary,1,4,1,development_combined,FPCR,ok,ok,True,7,75,calibrate:076,calibrate,76,178.10000610351562,177.01216540149355,-1.0878407020220777,156
development_repeated_nested_cv,primary_instrument1_full,primary,1,4,1,development_combined,FPCR,ok,ok,True,7,83,calibrate:084,calibrate,84,205.39999389648438,202.05904968749806,-3.340944208986315,156
development_repeated_nested_cv,primary_instrument1_full,primary,1,4,1,development_combined,FPCR,ok,ok,True,7,102,calibrate:103,calibrate,103,151.60000610351562,162.59362636143942,10.993620257923794,156
development_repeated_nested_cv,primary_instrument1_full,primary,1,4,1,development_combined,FPCR,ok,ok,True,7,106,calibrate:107,calibrate,107,216.89999389648438,219.86319771793487,2.9632038214504917,156
development_repeated_nested_cv,primary_instrument1_full,primary,1,4,1,development_combined,FPCR,ok,ok,True,7,113,calibrate:114,calibrate,114,172.89999389648438,176.74097162972862,3.8409777332442445,156
development_repeated_nested_cv,primary_instrument1_full,primary,1,4,1,development_combined,FPCR,ok,ok,True,7,127,calibrate:128,calibrate,128,239.10000610351562,238.50826805655979,-0.5917380469558395,156
development_repeated_nested_cv,primary_instrument1_full,primary,1,4,1,development_combined,FPCR,ok,ok,True,7,128,calibrate:129,calibrate,129,231.10000610351562,226.61165510876225,-4.488350994753375,156
development_repeated_nested_cv,primary_instrument1_full,primary,1,4,1,development_combined,FPCR,ok,ok,True,7,131,calibrate:132,calibrate,132,206.3000030517578,206.66010336691943,0.3601003151616169,156
development_repeated_nested_cv,primary_instrument1_full,primary,1,4,1,development_combined,FPCR,ok,ok,True,7,139,calibrate:140,calibrate,140,193.3000030517578,197.15387456523004,3.853871513472228,156
development_repeated_nested_cv,primary_instrument1_full,primary,1,4,1,development_combined,FPCR,ok,ok,True,7,141,calibrate:142,calibrate,142,196.3000030517578,189.1661675048502,-7.133835546907619,156
development_repeated_nested_cv,primary_instrument1_full,primary,1,4,1,development_combined,FPCR,ok,ok,True,7,147,calibrate:148,calibrate,148,197.8000030517578,190.11480786941956,-7.685195182338248,156
development_repeated_nested_cv,primary_instrument1_full,primary,1,4,1,development_combined,FPCR,ok,ok,True,7,149,calibrate:150,calibrate,150,181.3000030517578,193.40065921408345,12.100656162325635,156
development_repeated_nested_cv,primary_instrument1_full,primary,1,4,1,development_combined,FPCR,ok,ok,True,7,151,calibrate:152,calibrate,152,201.39999389648438,193.590512240165,-7.809481656319377,156
development_repeated_nested_cv,primary_instrument1_full,primary,1,4,1,development_combined,FPCR,ok,ok,True,7,152,calibrate:153,calibrate,153,199.6999969482422,192.1343146430632,-7.565682305178996,156
development_repeated_nested_cv,primary_instrument1_full,primary,1,4,1,development_combined,FPCR,ok,ok,True,7,161,validate:007,validate,7,195.89999389648438,195.0542796937844,-0.8457142026999804,156
development_repeated_nested_cv,primary_instrument1_full,primary,1,4,1,development_combined,FPCR,ok,ok,True,7,173,validate:019,validate,19,191.8000030517578,192.49035594103643,0.6903528892786142,156
development_repeated_nested_cv,primary_instrument1_full,primary,1,4,1,development_combined,FPCR,ok,ok,True,7,180,validate:026,validate,26,193.39999389648438,199.84106742828718,6.4410735318028,156
development_repeated_nested_cv,primary_instrument1_full,primary,1,4,1,development_combined,FPCR,ok,ok,True,7,182,validate:028,validate,28,195.0,199.47005476022588,4.470054760225878,156
development_repeated_nested_cv,primary_instrument1_full,primary,1,4,1,development_combined,FPCR,ok,ok,True,7,186,validate:032,validate,32,197.5,198.31473814578123,0.8147381457812344,156
development_repeated_nested_cv,primary_instrument1_full,primary,1,4,1,development_combined,FPCR,ok,ok,True,7,187,validate:033,validate,33,194.1999969482422,199.8451300268291,5.645133078586923,156
development_repeated_nested_cv,primary_instrument1_full,primary,1,4,1,development_combined,FPCR,ok,ok,True,7,189,validate:035,validate,35,196.6999969482422,199.71610518153636,3.016108233294176,156
development_repeated_nested_cv,primary_instrument1_full,primary,1,4,1,development_combined,FPCR,ok,ok,True,7,190,validate:036,validate,36,194.6999969482422,199.77508878316976,5.075091834927576,156
development_repeated_nested_cv,primary_instrument1_full,primary,1,4,2,development_combined,CG-FPLS-code,ok,ok,True,3,3,calibrate:004,calibrate,4,199.89999389648438,196.72784256390798,-3.172151332576391,156
development_repeated_nested_cv,primary_instrument1_full,primary,1,4,2,development_combined,CG-FPLS-code,ok,ok,True,3,6,calibrate:007,calibrate,7,200.10000610351562,191.7764830665307,-8.323523036984938,156
development_repeated_nested_cv,primary_instrument1_full,primary,1,4,2,development_combined,CG-FPLS-code,ok,ok,True,3,9,calibrate:010,calibrate,10,181.10000610351562,179.91983494958032,-1.180171153935305,156
development_repeated_nested_cv,primary_instrument1_full,primary,1,4,2,development_combined,CG-FPLS-code,ok,ok,True,3,18,calibrate:019,calibrate,19,159.5,177.46121716107967,17.961217161079674,156
development_repeated_nested_cv,primary_instrument1_full,primary,1,4,2,development_combined,CG-FPLS-code,ok,ok,True,3,22,calibrate:023,calibrate,23,220.6999969482422,218.10614236028894,-2.5938545879532455,156
development_repeated_nested_cv,primary_instrument1_full,primary,1,4,2,development_combined,CG-FPLS-code,ok,ok,True,3,25,calibrate:026,calibrate,26,214.3000030517578,214.96671301897925,0.6667099672214363,156
development_repeated_nested_cv,primary_instrument1_full,primary,1,4,2,development_combined,CG-FPLS-code,ok,ok,True,3,28,calibrate:029,calibrate,29,222.5,214.93717612554636,-7.562823874453642,156
development_repeated_nested_cv,primary_instrument1_full,primary,1,4,2,development_combined,CG-FPLS-code,ok,ok,True,3,30,calibrate:031,calibrate,31,184.1999969482422,182.5068779539254,-1.6931189943167908,156
development_repeated_nested_cv,primary_instrument1_full,primary,1,4,2,development_combined,CG-FPLS-code,ok,ok,True,3,33,calibrate:034,calibrate,34,231.89999389648438,231.64672178137403,-0.25327211511034875,156
development_repeated_nested_cv,primary_instrument1_full,primary,1,4,2,development_combined,CG-FPLS-code,ok,ok,True,3,34,calibrate:035,calibrate,35,218.0,214.61990409699885,-3.3800959030011484,156
development_repeated_nested_cv,primary_instrument1_full,primary,1,4,2,development_combined,CG-FPLS-code,ok,ok,True,3,35,calibrate:036,calibrate,36,177.0,172.34952056681314,-4.6504794331868595,156
development_repeated_nested_cv,primary_instrument1_full,primary,1,4,2,development_combined,CG-FPLS-code,ok,ok,True,3,41,calibrate:042,calibrate,42,187.5,186.09111052531196,-1.4088894746880385,156
development_repeated_nested_cv,primary_instrument1_full,primary,1,4,2,development_combined,CG-FPLS-code,ok,ok,True,3,55,calibrate:056,calibrate,56,157.5,166.31751184850398,8.817511848503983,156
development_repeated_nested_cv,primary_instrument1_full,primary,1,4,2,development_combined,CG-FPLS-code,ok,ok,True,3,58,calibrate:059,calibrate,59,155.1999969482422,159.69194505069805,4.491948102455865,156
development_repeated_nested_cv,primary_instrument1_full,primary,1,4,2,development_combined,CG-FPLS-code,ok,ok,True,3,59,calibrate:060,calibrate,60,172.3000030517578,179.45110592175317,7.151102869995356,156
development_repeated_nested_cv,primary_instrument1_full,primary,1,4,2,development_combined,CG-FPLS-code,ok,ok,True,3,61,calibrate:062,calibrate,62,176.6999969482422,177.21778116639217,0.5177842181499841,156
development_repeated_nested_cv,primary_instrument1_full,primary,1,4,2,development_combined,CG-FPLS-code,ok,ok,True,3,64,calibrate:065,calibrate,65,158.1999969482422,160.29057022307265,2.0905732748304615,156
development_repeated_nested_cv,primary_instrument1_full,primary,1,4,2,development_combined,CG-FPLS-code,ok,ok,True,3,68,calibrate:069,calibrate,69,233.1999969482422,228.33055663936634,-4.869440308875852,156
development_repeated_nested_cv,primary_instrument1_full,primary,1,4,2,development_combined,CG-FPLS-code,ok,ok,True,3,77,calibrate:078,calibrate,78,201.6999969482422,200.518808522277,-1.181188425965189,156
development_repeated_nested_cv,primary_instrument1_full,primary,1,4,2,development_combined,CG-FPLS-code,ok,ok,True,3,79,calibrate:080,calibrate,80,208.39999389648438,204.38880528092298,-4.0111886155613945,156
development_repeated_nested_cv,primary_instrument1_full,primary,1,4,2,development_combined,CG-FPLS-code,ok,ok,True,3,89,calibrate:090,calibrate,90,173.39999389648438,180.9027382978322,7.502744401347826,156
development_repeated_nested_cv,primary_instrument1_full,primary,1,4,2,development_combined,CG-FPLS-code,ok,ok,True,3,112,calibrate:113,calibrate,113,219.39999389648438,212.59897790342873,-6.801015993055643,156
development_repeated_nested_cv,primary_instrument1_full,primary,1,4,2,development_combined,CG-FPLS-code,ok,ok,True,3,114,calibrate:115,calibrate,115,180.5,176.84524065512804,-3.6547593448719624,156
development_repeated_nested_cv,primary_instrument1_full,primary,1,4,2,development_combined,CG-FPLS-code,ok,ok,True,3,115,calibrate:116,calibrate,116,209.5,198.32241911302003,-11.177580886979968,156
development_repeated_nested_cv,primary_instrument1_full,primary,1,4,2,development_combined,CG-FPLS-code,ok,ok,True,3,123,calibrate:124,calibrate,124,175.5,178.74496243340263,3.244962433402634,156
development_repeated_nested_cv,primary_instrument1_full,primary,1,4,2,development_combined,CG-FPLS-code,ok,ok,True,3,126,calibrate:127,calibrate,127,204.5,182.6822157390431,-21.8177842609569,156
development_repeated_nested_cv,primary_instrument1_full,primary,1,4,2,development_combined,CG-FPLS-code,ok,ok,True,3,130,calibrate:131,calibrate,131,184.5,183.6271484084391,-0.8728515915609023,156
development_repeated_nested_cv,primary_instrument1_full,primary,1,4,2,development_combined,CG-FPLS-code,ok,ok,True,3,143,calibrate:144,calibrate,144,194.60000610351562,189.80625730424674,-4.793748799268883,156
development_repeated_nested_cv,primary_instrument1_full,primary,1,4,2,development_combined,CG-FPLS-code,ok,ok,True,3,144,calibrate:145,calibrate,145,191.1999969482422,196.10023944812266,4.900242499880477,156
development_repeated_nested_cv,primary_instrument1_full,primary,1,4,2,development_combined,CG-FPLS-code,ok,ok,True,3,145,calibrate:146,calibrate,146,191.0,195.78532078956908,4.785320789569084,156
development_repeated_nested_cv,primary_instrument1_full,primary,1,4,2,development_combined,CG-FPLS-code,ok,ok,True,3,146,calibrate:147,calibrate,147,198.60000610351562,188.78377232459283,-9.816233778922793,156
development_repeated_nested_cv,primary_instrument1_full,primary,1,4,2,development_combined,CG-FPLS-code,ok,ok,True,3,156,validate:002,validate,2,188.1999969482422,197.77880040083286,9.578803452590677,156
development_repeated_nested_cv,primary_instrument1_full,primary,1,4,2,development_combined,CG-FPLS-code,ok,ok,True,3,162,validate:008,validate,8,194.89999389648438,195.72258279247333,0.8225888959889573,156
development_repeated_nested_cv,primary_instrument1_full,primary,1,4,2,development_combined,CG-FPLS-code,ok,ok,True,3,165,validate:011,validate,11,195.10000610351562,189.21628799894737,-5.88371810456826,156
development_repeated_nested_cv,primary_instrument1_full,primary,1,4,2,development_combined,CG-FPLS-code,ok,ok,True,3,168,validate:014,validate,14,197.5,198.08543069777903,0.5854306977790316,156
development_repeated_nested_cv,primary_instrument1_full,primary,1,4,2,development_combined,CG-FPLS-code,ok,ok,True,3,170,validate:016,validate,16,193.60000610351562,197.8592858115578,4.259279708042186,156
development_repeated_nested_cv,primary_instrument1_full,primary,1,4,2,development_combined,CG-FPLS-code,ok,ok,True,3,174,validate:020,validate,20,196.3000030517578,195.14501082104692,-1.1549922307108886,156
development_repeated_nested_cv,primary_instrument1_full,primary,1,4,2,development_combined,CG-FPLS-code,ok,ok,True,3,185,validate:031,validate,31,194.10000610351562,195.84724249151174,1.7472363879961108,156
development_repeated_nested_cv,primary_instrument1_full,primary,1,4,2,development_combined,CG-FPLS-code,ok,ok,True,3,193,validate:039,validate,39,196.60000610351562,196.28379072185515,-0.31621538166047003,156
development_repeated_nested_cv,primary_instrument1_full,primary,1,4,2,development_combined,Raw FPLS,ok,ok,True,34,3,calibrate:004,calibrate,4,199.89999389648438,190.2697452232262,-9.630248673258166,156
development_repeated_nested_cv,primary_instrument1_full,primary,1,4,2,development_combined,Raw FPLS,ok,ok,True,34,6,calibrate:007,calibrate,7,200.10000610351562,198.4995179716825,-1.6004881318331172,156
development_repeated_nested_cv,primary_instrument1_full,primary,1,4,2,development_combined,Raw FPLS,ok,ok,True,34,9,calibrate:010,calibrate,10,181.10000610351562,178.6052304999565,-2.494775603559134,156
development_repeated_nested_cv,primary_instrument1_full,primary,1,4,2,development_combined,Raw FPLS,ok,ok,True,34,18,calibrate:019,calibrate,19,159.5,177.6194962647023,18.119496264702292,156
development_repeated_nested_cv,primary_instrument1_full,primary,1,4,2,development_combined,Raw FPLS,ok,ok,True,34,22,calibrate:023,calibrate,23,220.6999969482422,217.82917607466467,-2.8708208735775145,156
development_repeated_nested_cv,primary_instrument1_full,primary,1,4,2,development_combined,Raw FPLS,ok,ok,True,34,25,calibrate:026,calibrate,26,214.3000030517578,215.90918533927658,1.6091822875187631,156
development_repeated_nested_cv,primary_instrument1_full,primary,1,4,2,development_combined,Raw FPLS,ok,ok,True,34,28,calibrate:029,calibrate,29,222.5,218.8940694948389,-3.6059305051610977,156
development_repeated_nested_cv,primary_instrument1_full,primary,1,4,2,development_combined,Raw FPLS,ok,ok,True,34,30,calibrate:031,calibrate,31,184.1999969482422,187.89663303347174,3.6966360852295566,156
development_repeated_nested_cv,primary_instrument1_full,primary,1,4,2,development_combined,Raw FPLS,ok,ok,True,34,33,calibrate:034,calibrate,34,231.89999389648438,237.01001836217984,5.11002446569546,156
development_repeated_nested_cv,primary_instrument1_full,primary,1,4,2,development_combined,Raw FPLS,ok,ok,True,34,34,calibrate:035,calibrate,35,218.0,218.45372136291866,0.4537213629186567,156
development_repeated_nested_cv,primary_instrument1_full,primary,1,4,2,development_combined,Raw FPLS,ok,ok,True,34,35,calibrate:036,calibrate,36,177.0,176.82059844254132,-0.17940155745867514,156
development_repeated_nested_cv,primary_instrument1_full,primary,1,4,2,development_combined,Raw FPLS,ok,ok,True,34,41,calibrate:042,calibrate,42,187.5,187.85785570436565,0.3578557043656474,156
development_repeated_nested_cv,primary_instrument1_full,primary,1,4,2,development_combined,Raw FPLS,ok,ok,True,34,55,calibrate:056,calibrate,56,157.5,161.55455485996038,4.054554859960376,156
development_repeated_nested_cv,primary_instrument1_full,primary,1,4,2,development_combined,Raw FPLS,ok,ok,True,34,58,calibrate:059,calibrate,59,155.1999969482422,160.6992214218811,5.499224473638918,156
development_repeated_nested_cv,primary_instrument1_full,primary,1,4,2,development_combined,Raw FPLS,ok,ok,True,34,59,calibrate:060,calibrate,60,172.3000030517578,174.00280921478696,1.7028061630291518,156
development_repeated_nested_cv,primary_instrument1_full,primary,1,4,2,development_combined,Raw FPLS,ok,ok,True,34,61,calibrate:062,calibrate,62,176.6999969482422,176.04680488528584,-0.6531920629563501,156
development_repeated_nested_cv,primary_instrument1_full,primary,1,4,2,development_combined,Raw FPLS,ok,ok,True,34,64,calibrate:065,calibrate,65,158.1999969482422,161.12040599911774,2.9204090508755485,156
development_repeated_nested_cv,primary_instrument1_full,primary,1,4,2,development_combined,Raw FPLS,ok,ok,True,34,68,calibrate:069,calibrate,69,233.1999969482422,233.99040354656637,0.7904065983241821,156
development_repeated_nested_cv,primary_instrument1_full,primary,1,4,2,development_combined,Raw FPLS,ok,ok,True,34,77,calibrate:078,calibrate,78,201.6999969482422,204.35831332088551,2.658316372643327,156
development_repeated_nested_cv,primary_instrument1_full,primary,1,4,2,development_combined,Raw FPLS,ok,ok,True,34,79,calibrate:080,calibrate,80,208.39999389648438,201.60682798916176,-6.793165907322617,156
development_repeated_nested_cv,primary_instrument1_full,primary,1,4,2,development_combined,Raw FPLS,ok,ok,True,34,89,calibrate:090,calibrate,90,173.39999389648438,178.636075474378,5.2360815778936285,156
development_repeated_nested_cv,primary_instrument1_full,primary,1,4,2,development_combined,Raw FPLS,ok,ok,True,34,112,calibrate:113,calibrate,113,219.39999389648438,217.6424009108798,-1.7575929856045889,156
development_repeated_nested_cv,primary_instrument1_full,primary,1,4,2,development_combined,Raw FPLS,ok,ok,True,34,114,calibrate:115,calibrate,115,180.5,176.13045596245004,-4.369544037549957,156
development_repeated_nested_cv,primary_instrument1_full,primary,1,4,2,development_combined,Raw FPLS,ok,ok,True,34,115,calibrate:116,calibrate,116,209.5,201.38061752882453,-8.11938247117547,156
development_repeated_nested_cv,primary_instrument1_full,primary,1,4,2,development_combined,Raw FPLS,ok,ok,True,34,123,calibrate:124,calibrate,124,175.5,177.37071740270562,1.8707174027056226,156
development_repeated_nested_cv,primary_instrument1_full,primary,1,4,2,development_combined,Raw FPLS,ok,ok,True,34,126,calibrate:127,calibrate,127,204.5,186.3024472234031,-18.197552776596893,156
development_repeated_nested_cv,primary_instrument1_full,primary,1,4,2,development_combined,Raw FPLS,ok,ok,True,34,130,calibrate:131,calibrate,131,184.5,186.2115279460006,1.7115279460005866,156
development_repeated_nested_cv,primary_instrument1_full,primary,1,4,2,development_combined,Raw FPLS,ok,ok,True,34,143,calibrate:144,calibrate,144,194.60000610351562,189.42464899026862,-5.175357113247003,156
development_repeated_nested_cv,primary_instrument1_full,primary,1,4,2,development_combined,Raw FPLS,ok,ok,True,34,144,calibrate:145,calibrate,145,191.1999969482422,190.40257355250304,-0.7974233957391448,156
development_repeated_nested_cv,primary_instrument1_full,primary,1,4,2,development_combined,Raw FPLS,ok,ok,True,34,145,calibrate:146,calibrate,146,191.0,190.59365037003028,-0.4063496299697249,156
development_repeated_nested_cv,primary_instrument1_full,primary,1,4,2,development_combined,Raw FPLS,ok,ok,True,34,146,calibrate:147,calibrate,147,198.60000610351562,185.54771028482995,-13.052295818685678,156
development_repeated_nested_cv,primary_instrument1_full,primary,1,4,2,development_combined,Raw FPLS,ok,ok,True,34,156,validate:002,validate,2,188.1999969482422,191.42955061094256,3.2295536627003685,156
development_repeated_nested_cv,primary_instrument1_full,primary,1,4,2,development_combined,Raw FPLS,ok,ok,True,34,162,validate:008,validate,8,194.89999389648438,191.79075315595458,-3.109240740529799,156
development_repeated_nested_cv,primary_instrument1_full,primary,1,4,2,development_combined,Raw FPLS,ok,ok,True,34,165,validate:011,validate,11,195.10000610351562,193.668681135011,-1.4313249685046117,156
development_repeated_nested_cv,primary_instrument1_full,primary,1,4,2,development_combined,Raw FPLS,ok,ok,True,34,168,validate:014,validate,14,197.5,192.56247969378407,-4.93752030621593,156
development_repeated_nested_cv,primary_instrument1_full,primary,1,4,2,development_combined,Raw FPLS,ok,ok,True,34,170,validate:016,validate,16,193.60000610351562,191.7638055955003,-1.836200508015338,156
development_repeated_nested_cv,primary_instrument1_full,primary,1,4,2,development_combined,Raw FPLS,ok,ok,True,34,174,validate:020,validate,20,196.3000030517578,191.50497424779107,-4.795028803966744,156
development_repeated_nested_cv,primary_instrument1_full,primary,1,4,2,development_combined,Raw FPLS,ok,ok,True,34,185,validate:031,validate,31,194.10000610351562,197.59901997257637,3.4990138690607466,156
development_repeated_nested_cv,primary_instrument1_full,primary,1,4,2,development_combined,Raw FPLS,ok,ok,True,34,193,validate:039,validate,39,196.60000610351562,199.22535782750543,2.6253517239898088,156
development_repeated_nested_cv,primary_instrument1_full,primary,1,4,2,development_combined,Arnoldi FPLS,ok,ok,True,6,3,calibrate:004,calibrate,4,199.89999389648438,191.43465330283126,-8.46534059365311,156
development_repeated_nested_cv,primary_instrument1_full,primary,1,4,2,development_combined,Arnoldi FPLS,ok,ok,True,6,6,calibrate:007,calibrate,7,200.10000610351562,198.92908294798335,-1.1709231555322788,156
development_repeated_nested_cv,primary_instrument1_full,primary,1,4,2,development_combined,Arnoldi FPLS,ok,ok,True,6,9,calibrate:010,calibrate,10,181.10000610351562,178.2092817027519,-2.8907244007637303,156
development_repeated_nested_cv,primary_instrument1_full,primary,1,4,2,development_combined,Arnoldi FPLS,ok,ok,True,6,18,calibrate:019,calibrate,19,159.5,176.11799101056206,16.617991010562065,156
development_repeated_nested_cv,primary_instrument1_full,primary,1,4,2,development_combined,Arnoldi FPLS,ok,ok,True,6,22,calibrate:023,calibrate,23,220.6999969482422,218.7352043132334,-1.9647926350087914,156
development_repeated_nested_cv,primary_instrument1_full,primary,1,4,2,development_combined,Arnoldi FPLS,ok,ok,True,6,25,calibrate:026,calibrate,26,214.3000030517578,216.17022516449592,1.8702221127381051,156
development_repeated_nested_cv,primary_instrument1_full,primary,1,4,2,development_combined,Arnoldi FPLS,ok,ok,True,6,28,calibrate:029,calibrate,29,222.5,218.7582665583444,-3.7417334416556116,156
development_repeated_nested_cv,primary_instrument1_full,primary,1,4,2,development_combined,Arnoldi FPLS,ok,ok,True,6,30,calibrate:031,calibrate,31,184.1999969482422,187.04552699187735,2.845530043635165,156
development_repeated_nested_cv,primary_instrument1_full,primary,1,4,2,development_combined,Arnoldi FPLS,ok,ok,True,6,33,calibrate:034,calibrate,34,231.89999389648438,239.59107745038386,7.691083553899489,156
development_repeated_nested_cv,primary_instrument1_full,primary,1,4,2,development_combined,Arnoldi FPLS,ok,ok,True,6,34,calibrate:035,calibrate,35,218.0,218.66866124441063,0.6686612444106288,156
development_repeated_nested_cv,primary_instrument1_full,primary,1,4,2,development_combined,Arnoldi FPLS,ok,ok,True,6,35,calibrate:036,calibrate,36,177.0,177.88496347370128,0.8849634737012764,156
development_repeated_nested_cv,primary_instrument1_full,primary,1,4,2,development_combined,Arnoldi FPLS,ok,ok,True,6,41,calibrate:042,calibrate,42,187.5,188.30550320363733,0.8055032036373291,156
development_repeated_nested_cv,primary_instrument1_full,primary,1,4,2,development_combined,Arnoldi FPLS,ok,ok,True,6,55,calibrate:056,calibrate,56,157.5,161.2159278208185,3.715927820818507,156
development_repeated_nested_cv,primary_instrument1_full,primary,1,4,2,development_combined,Arnoldi FPLS,ok,ok,True,6,58,calibrate:059,calibrate,59,155.1999969482422,160.88992739299067,5.689930444748484,156
development_repeated_nested_cv,primary_instrument1_full,primary,1,4,2,development_combined,Arnoldi FPLS,ok,ok,True,6,59,calibrate:060,calibrate,60,172.3000030517578,175.84382475721463,3.5438217054568213,156
development_repeated_nested_cv,primary_instrument1_full,primary,1,4,2,development_combined,Arnoldi FPLS,ok,ok,True,6,61,calibrate:062,calibrate,62,176.6999969482422,174.22043273784703,-2.4795642103951536,156
development_repeated_nested_cv,primary_instrument1_full,primary,1,4,2,development_combined,Arnoldi FPLS,ok,ok,True,6,64,calibrate:065,calibrate,65,158.1999969482422,163.28463450532055,5.084637557078366,156
development_repeated_nested_cv,primary_instrument1_full,primary,1,4,2,development_combined,Arnoldi FPLS,ok,ok,True,6,68,calibrate:069,calibrate,69,233.1999969482422,236.27096109755573,3.0709641493135393,156
development_repeated_nested_cv,primary_instrument1_full,primary,1,4,2,development_combined,Arnoldi FPLS,ok,ok,True,6,77,calibrate:078,calibrate,78,201.6999969482422,202.06270450033145,0.36270755208926175,156
development_repeated_nested_cv,primary_instrument1_full,primary,1,4,2,development_combined,Arnoldi FPLS,ok,ok,True,6,79,calibrate:080,calibrate,80,208.39999389648438,200.97036352378066,-7.429630372703713,156
development_repeated_nested_cv,primary_instrument1_full,primary,1,4,2,development_combined,Arnoldi FPLS,ok,ok,True,6,89,calibrate:090,calibrate,90,173.39999389648438,177.22810885047988,3.8281149539955095,156
development_repeated_nested_cv,primary_instrument1_full,primary,1,4,2,development_combined,Arnoldi FPLS,ok,ok,True,6,112,calibrate:113,calibrate,113,219.39999389648438,216.87819062361808,-2.5218032728662934,156
development_repeated_nested_cv,primary_instrument1_full,primary,1,4,2,development_combined,Arnoldi FPLS,ok,ok,True,6,114,calibrate:115,calibrate,115,180.5,175.45633983172738,-5.043660168272623,156
development_repeated_nested_cv,primary_instrument1_full,primary,1,4,2,development_combined,Arnoldi FPLS,ok,ok,True,6,115,calibrate:116,calibrate,116,209.5,193.95481321894974,-15.545186781050262,156
development_repeated_nested_cv,primary_instrument1_full,primary,1,4,2,development_combined,Arnoldi FPLS,ok,ok,True,6,123,calibrate:124,calibrate,124,175.5,175.91422674524776,0.4142267452477597,156
development_repeated_nested_cv,primary_instrument1_full,primary,1,4,2,development_combined,Arnoldi FPLS,ok,ok,True,6,126,calibrate:127,calibrate,127,204.5,185.10176349352605,-19.39823650647395,156
development_repeated_nested_cv,primary_instrument1_full,primary,1,4,2,development_combined,Arnoldi FPLS,ok,ok,True,6,130,calibrate:131,calibrate,131,184.5,187.12070407407907,2.6207040740790717,156
development_repeated_nested_cv,primary_instrument1_full,primary,1,4,2,development_combined,Arnoldi FPLS,ok,ok,True,6,143,calibrate:144,calibrate,144,194.60000610351562,189.12096221103104,-5.479043892484583,156
development_repeated_nested_cv,primary_instrument1_full,primary,1,4,2,development_combined,Arnoldi FPLS,ok,ok,True,6,144,calibrate:145,calibrate,145,191.1999969482422,190.99196120062498,-0.20803574761720256,156
development_repeated_nested_cv,primary_instrument1_full,primary,1,4,2,development_combined,Arnoldi FPLS,ok,ok,True,6,145,calibrate:146,calibrate,146,191.0,192.0708903409603,1.0708903409602897,156
development_repeated_nested_cv,primary_instrument1_full,primary,1,4,2,development_combined,Arnoldi FPLS,ok,ok,True,6,146,calibrate:147,calibrate,147,198.60000610351562,183.91057850269078,-14.689427600824843,156
development_repeated_nested_cv,primary_instrument1_full,primary,1,4,2,development_combined,Arnoldi FPLS,ok,ok,True,6,156,validate:002,validate,2,188.1999969482422,189.74745231322143,1.5474553649792426,156
development_repeated_nested_cv,primary_instrument1_full,primary,1,4,2,development_combined,Arnoldi FPLS,ok,ok,True,6,162,validate:008,validate,8,194.89999389648438,193.25878358018304,-1.6412103163013398,156
development_repeated_nested_cv,primary_instrument1_full,primary,1,4,2,development_combined,Arnoldi FPLS,ok,ok,True,6,165,validate:011,validate,11,195.10000610351562,193.95242303086977,-1.1475830726458582,156
development_repeated_nested_cv,primary_instrument1_full,primary,1,4,2,development_combined,Arnoldi FPLS,ok,ok,True,6,168,validate:014,validate,14,197.5,193.18260523101569,-4.317394768984315,156
development_repeated_nested_cv,primary_instrument1_full,primary,1,4,2,development_combined,Arnoldi FPLS,ok,ok,True,6,170,validate:016,validate,16,193.60000610351562,190.98626538885676,-2.61374071465886,156
development_repeated_nested_cv,primary_instrument1_full,primary,1,4,2,development_combined,Arnoldi FPLS,ok,ok,True,6,174,validate:020,validate,20,196.3000030517578,194.81660813628832,-1.4833949154694892,156
development_repeated_nested_cv,primary_instrument1_full,primary,1,4,2,development_combined,Arnoldi FPLS,ok,ok,True,6,185,validate:031,validate,31,194.10000610351562,197.87957773073973,3.779571627224101,156
development_repeated_nested_cv,primary_instrument1_full,primary,1,4,2,development_combined,Arnoldi FPLS,ok,ok,True,6,193,validate:039,validate,39,196.60000610351562,199.23664699025463,2.636640886739002,156
development_repeated_nested_cv,primary_instrument1_full,primary,1,4,2,development_combined,FPCR,ok,ok,True,57,3,calibrate:004,calibrate,4,199.89999389648438,192.37574496699892,-7.524248929485452,156
development_repeated_nested_cv,primary_instrument1_full,primary,1,4,2,development_combined,FPCR,ok,ok,True,57,6,calibrate:007,calibrate,7,200.10000610351562,199.83811846133747,-0.2618876421781522,156
development_repeated_nested_cv,primary_instrument1_full,primary,1,4,2,development_combined,FPCR,ok,ok,True,57,9,calibrate:010,calibrate,10,181.10000610351562,172.3280393926638,-8.771966710851814,156
development_repeated_nested_cv,primary_instrument1_full,primary,1,4,2,development_combined,FPCR,ok,ok,True,57,18,calibrate:019,calibrate,19,159.5,172.66146239618945,13.16146239618945,156
development_repeated_nested_cv,primary_instrument1_full,primary,1,4,2,development_combined,FPCR,ok,ok,True,57,22,calibrate:023,calibrate,23,220.6999969482422,218.22743497922235,-2.4725619690198357,156
development_repeated_nested_cv,primary_instrument1_full,primary,1,4,2,development_combined,FPCR,ok,ok,True,57,25,calibrate:026,calibrate,26,214.3000030517578,216.09550020082355,1.7954971490657385,156
development_repeated_nested_cv,primary_instrument1_full,primary,1,4,2,development_combined,FPCR,ok,ok,True,57,28,calibrate:029,calibrate,29,222.5,218.19207055208815,-4.307929447911846,156
development_repeated_nested_cv,primary_instrument1_full,primary,1,4,2,development_combined,FPCR,ok,ok,True,57,30,calibrate:031,calibrate,31,184.1999969482422,184.35573871429494,0.15574176605275625,156
development_repeated_nested_cv,primary_instrument1_full,primary,1,4,2,development_combined,FPCR,ok,ok,True,57,33,calibrate:034,calibrate,34,231.89999389648438,243.40069612961685,11.500702233132472,156
development_repeated_nested_cv,primary_instrument1_full,primary,1,4,2,development_combined,FPCR,ok,ok,True,57,34,calibrate:035,calibrate,35,218.0,219.19890252451242,1.1989025245124196,156
development_repeated_nested_cv,primary_instrument1_full,primary,1,4,2,development_combined,FPCR,ok,ok,True,57,35,calibrate:036,calibrate,36,177.0,174.85534945045634,-2.1446505495436554,156
development_repeated_nested_cv,primary_instrument1_full,primary,1,4,2,development_combined,FPCR,ok,ok,True,57,41,calibrate:042,calibrate,42,187.5,190.96919199776607,3.4691919977660746,156
development_repeated_nested_cv,primary_instrument1_full,primary,1,4,2,development_combined,FPCR,ok,ok,True,57,55,calibrate:056,calibrate,56,157.5,159.56027477407366,2.0602747740736618,156
development_repeated_nested_cv,primary_instrument1_full,primary,1,4,2,development_combined,FPCR,ok,ok,True,57,58,calibrate:059,calibrate,59,155.1999969482422,159.76880267060622,4.568805722364033,156
development_repeated_nested_cv,primary_instrument1_full,primary,1,4,2,development_combined,FPCR,ok,ok,True,57,59,calibrate:060,calibrate,60,172.3000030517578,173.66123967505928,1.3612366233014654,156
development_repeated_nested_cv,primary_instrument1_full,primary,1,4,2,development_combined,FPCR,ok,ok,True,57,61,calibrate:062,calibrate,62,176.6999969482422,177.87240613461069,1.1724091863684976,156
development_repeated_nested_cv,primary_instrument1_full,primary,1,4,2,development_combined,FPCR,ok,ok,True,57,64,calibrate:065,calibrate,65,158.1999969482422,162.02905957364302,3.8290626254008373,156
development_repeated_nested_cv,primary_instrument1_full,primary,1,4,2,development_combined,FPCR,ok,ok,True,57,68,calibrate:069,calibrate,69,233.1999969482422,232.21668974193824,-0.9833072063039481,156
development_repeated_nested_cv,primary_instrument1_full,primary,1,4,2,development_combined,FPCR,ok,ok,True,57,77,calibrate:078,calibrate,78,201.6999969482422,201.29117756734786,-0.4088193808943288,156
development_repeated_nested_cv,primary_instrument1_full,primary,1,4,2,development_combined,FPCR,ok,ok,True,57,79,calibrate:080,calibrate,80,208.39999389648438,203.8236184083121,-4.576375488172289,156
development_repeated_nested_cv,primary_instrument1_full,primary,1,4,2,development_combined,FPCR,ok,ok,True,57,89,calibrate:090,calibrate,90,173.39999389648438,178.23939382750348,4.839399931019102,156
development_repeated_nested_cv,primary_instrument1_full,primary,1,4,2,development_combined,FPCR,ok,ok,True,57,112,calibrate:113,calibrate,113,219.39999389648438,230.69539346644575,11.295399569961376,156
development_repeated_nested_cv,primary_instrument1_full,primary,1,4,2,development_combined,FPCR,ok,ok,True,57,114,calibrate:115,calibrate,115,180.5,176.1668210171812,-4.333178982818794,156
development_repeated_nested_cv,primary_instrument1_full,primary,1,4,2,development_combined,FPCR,ok,ok,True,57,115,calibrate:116,calibrate,116,209.5,195.44662741669663,-14.053372583303371,156
development_repeated_nested_cv,primary_instrument1_full,primary,1,4,2,development_combined,FPCR,ok,ok,True,57,123,calibrate:124,calibrate,124,175.5,170.95247116972138,-4.5475288302786225,156
development_repeated_nested_cv,primary_instrument1_full,primary,1,4,2,development_combined,FPCR,ok,ok,True,57,126,calibrate:127,calibrate,127,204.5,187.7552745236184,-16.744725476381603,156
development_repeated_nested_cv,primary_instrument1_full,primary,1,4,2,development_combined,FPCR,ok,ok,True,57,130,calibrate:131,calibrate,131,184.5,189.35876857518235,4.858768575182353,156
development_repeated_nested_cv,primary_instrument1_full,primary,1,4,2,development_combined,FPCR,ok,ok,True,57,143,calibrate:144,calibrate,144,194.60000610351562,192.11646049285577,-2.48354561065986,156
development_repeated_nested_cv,primary_instrument1_full,primary,1,4,2,development_combined,FPCR,ok,ok,True,57,144,calibrate:145,calibrate,145,191.1999969482422,192.26825169635137,1.068254748109183,156
development_repeated_nested_cv,primary_instrument1_full,primary,1,4,2,development_combined,FPCR,ok,ok,True,57,145,calibrate:146,calibrate,146,191.0,201.56104214797972,10.56104214797972,156
development_repeated_nested_cv,primary_instrument1_full,primary,1,4,2,development_combined,FPCR,ok,ok,True,57,146,calibrate:147,calibrate,147,198.60000610351562,185.53553665793848,-13.064469445577146,156
development_repeated_nested_cv,primary_instrument1_full,primary,1,4,2,development_combined,FPCR,ok,ok,True,57,156,validate:002,validate,2,188.1999969482422,188.3715929144186,0.17159596617642592,156
development_repeated_nested_cv,primary_instrument1_full,primary,1,4,2,development_combined,FPCR,ok,ok,True,57,162,validate:008,validate,8,194.89999389648438,197.3600523242481,2.4600584277637267,156
development_repeated_nested_cv,primary_instrument1_full,primary,1,4,2,development_combined,FPCR,ok,ok,True,57,165,validate:011,validate,11,195.10000610351562,191.16421807051915,-3.93578803299647,156
development_repeated_nested_cv,primary_instrument1_full,primary,1,4,2,development_combined,FPCR,ok,ok,True,57,168,validate:014,validate,14,197.5,193.45946404548457,-4.040535954515434,156
development_repeated_nested_cv,primary_instrument1_full,primary,1,4,2,development_combined,FPCR,ok,ok,True,57,170,validate:016,validate,16,193.60000610351562,188.87994864646555,-4.720057457050075,156
development_repeated_nested_cv,primary_instrument1_full,primary,1,4,2,development_combined,FPCR,ok,ok,True,57,174,validate:020,validate,20,196.3000030517578,199.32423976105952,3.0242367093017037,156
development_repeated_nested_cv,primary_instrument1_full,primary,1,4,2,development_combined,FPCR,ok,ok,True,57,185,validate:031,validate,31,194.10000610351562,195.2994316113602,1.1994255078445804,156
development_repeated_nested_cv,primary_instrument1_full,primary,1,4,2,development_combined,FPCR,ok,ok,True,57,193,validate:039,validate,39,196.60000610351562,196.96615004069776,0.36614393718213023,156
development_repeated_nested_cv,primary_instrument1_full,primary,1,4,3,development_combined,CG-FPLS-code,ok,ok,True,3,0,calibrate:001,calibrate,1,200.10000610351562,186.8258479143983,-13.274158189117315,156
development_repeated_nested_cv,primary_instrument1_full,primary,1,4,3,development_combined,CG-FPLS-code,ok,ok,True,3,4,calibrate:005,calibrate,5,199.3000030517578,192.77765072449924,-6.522352327258574,156
development_repeated_nested_cv,primary_instrument1_full,primary,1,4,3,development_combined,CG-FPLS-code,ok,ok,True,3,15,calibrate:016,calibrate,16,173.8000030517578,182.23722801217315,8.437224960415335,156
development_repeated_nested_cv,primary_instrument1_full,primary,1,4,3,development_combined,CG-FPLS-code,ok,ok,True,3,27,calibrate:028,calibrate,28,175.8000030517578,177.63499109893803,1.834988047180218,156
development_repeated_nested_cv,primary_instrument1_full,primary,1,4,3,development_combined,CG-FPLS-code,ok,ok,True,3,36,calibrate:037,calibrate,37,177.5,175.68838027622988,-1.8116197237701215,156
development_repeated_nested_cv,primary_instrument1_full,primary,1,4,3,development_combined,CG-FPLS-code,ok,ok,True,3,40,calibrate:041,calibrate,41,206.60000610351562,203.80191517158903,-2.7980909319265947,156
development_repeated_nested_cv,primary_instrument1_full,primary,1,4,3,development_combined,CG-FPLS-code,ok,ok,True,3,46,calibrate:047,calibrate,47,158.0,166.24053631994428,8.240536319944283,156
development_repeated_nested_cv,primary_instrument1_full,primary,1,4,3,development_combined,CG-FPLS-code,ok,ok,True,3,48,calibrate:049,calibrate,49,186.3000030517578,192.4912131557477,6.191210103989874,156
development_repeated_nested_cv,primary_instrument1_full,primary,1,4,3,development_combined,CG-FPLS-code,ok,ok,True,3,53,calibrate:054,calibrate,54,221.5,213.57741058060626,-7.922589419393745,156
development_repeated_nested_cv,primary_instrument1_full,primary,1,4,3,development_combined,CG-FPLS-code,ok,ok,True,3,60,calibrate:061,calibrate,61,176.89999389648438,175.44475436936193,-1.455239527122444,156
development_repeated_nested_cv,primary_instrument1_full,primary,1,4,3,development_combined,CG-FPLS-code,ok,ok,True,3,63,calibrate:064,calibrate,64,156.1999969482422,162.18749589027266,5.98749894203047,156
development_repeated_nested_cv,primary_instrument1_full,primary,1,4,3,development_combined,CG-FPLS-code,ok,ok,True,3,73,calibrate:074,calibrate,74,213.8000030517578,213.86557922672395,0.06557617496613943,156
development_repeated_nested_cv,primary_instrument1_full,primary,1,4,3,development_combined,CG-FPLS-code,ok,ok,True,3,74,calibrate:075,calibrate,75,181.3000030517578,191.2624946280829,9.962491576325078,156
development_repeated_nested_cv,primary_instrument1_full,primary,1,4,3,development_combined,CG-FPLS-code,ok,ok,True,3,81,calibrate:082,calibrate,82,216.39999389648438,215.1697023169512,-1.2302915795331728,156
development_repeated_nested_cv,primary_instrument1_full,primary,1,4,3,development_combined,CG-FPLS-code,ok,ok,True,3,82,calibrate:083,calibrate,83,172.39999389648438,177.78584829647687,5.385854399992496,156
development_repeated_nested_cv,primary_instrument1_full,primary,1,4,3,development_combined,CG-FPLS-code,ok,ok,True,3,95,calibrate:096,calibrate,96,171.60000610351562,178.36189182901202,6.761885725496398,156
development_repeated_nested_cv,primary_instrument1_full,primary,1,4,3,development_combined,CG-FPLS-code,ok,ok,True,3,97,calibrate:098,calibrate,98,183.8000030517578,183.1814832312552,-0.6185198205025983,156
development_repeated_nested_cv,primary_instrument1_full,primary,1,4,3,development_combined,CG-FPLS-code,ok,ok,True,3,101,calibrate:102,calibrate,102,203.6999969482422,204.63090297057892,0.9309060223367283,156
development_repeated_nested_cv,primary_instrument1_full,primary,1,4,3,development_combined,CG-FPLS-code,ok,ok,True,3,105,calibrate:106,calibrate,106,160.39999389648438,159.52285691882466,-0.8771369776597169,156
development_repeated_nested_cv,primary_instrument1_full,primary,1,4,3,development_combined,CG-FPLS-code,ok,ok,True,3,108,calibrate:109,calibrate,109,222.60000610351562,213.80333909564374,-8.79666700787189,156
development_repeated_nested_cv,primary_instrument1_full,primary,1,4,3,development_combined,CG-FPLS-code,ok,ok,True,3,110,calibrate:111,calibrate,111,217.0,219.32698285408566,2.3269828540856565,156
development_repeated_nested_cv,primary_instrument1_full,primary,1,4,3,development_combined,CG-FPLS-code,ok,ok,True,3,111,calibrate:112,calibrate,112,220.0,216.89408783299297,-3.105912167007034,156
development_repeated_nested_cv,primary_instrument1_full,primary,1,4,3,development_combined,CG-FPLS-code,ok,ok,True,3,116,calibrate:117,calibrate,117,224.3000030517578,218.227519044619,-6.072484007138826,156
development_repeated_nested_cv,primary_instrument1_full,primary,1,4,3,development_combined,CG-FPLS-code,ok,ok,True,3,118,calibrate:119,calibrate,119,232.89999389648438,232.77813723236125,-0.12185666412312912,156
development_repeated_nested_cv,primary_instrument1_full,primary,1,4,3,development_combined,CG-FPLS-code,ok,ok,True,3,119,calibrate:120,calibrate,120,204.60000610351562,204.55169645010173,-0.04830965341389515,156
development_repeated_nested_cv,primary_instrument1_full,primary,1,4,3,development_combined,CG-FPLS-code,ok,ok,True,3,122,calibrate:123,calibrate,123,188.0,187.20705296987643,-0.792947030123571,156
development_repeated_nested_cv,primary_instrument1_full,primary,1,4,3,development_combined,CG-FPLS-code,ok,ok,True,3,129,calibrate:130,calibrate,130,154.60000610351562,167.1397088019956,12.53970269847997,156
development_repeated_nested_cv,primary_instrument1_full,primary,1,4,3,development_combined,CG-FPLS-code,ok,ok,True,3,134,calibrate:135,calibrate,135,188.6999969482422,186.83069160500733,-1.8693053432348563,156
development_repeated_nested_cv,primary_instrument1_full,primary,1,4,3,development_combined,CG-FPLS-code,ok,ok,True,3,136,calibrate:137,calibrate,137,192.60000610351562,191.41483698055697,-1.185169122958655,156
development_repeated_nested_cv,primary_instrument1_full,primary,1,4,3,development_combined,CG-FPLS-code,ok,ok,True,3,137,calibrate:138,calibrate,138,195.89999389648438,191.58767243743875,-4.31232145904562,156
development_repeated_nested_cv,primary_instrument1_full,primary,1,4,3,development_combined,CG-FPLS-code,ok,ok,True,3,140,calibrate:141,calibrate,141,197.1999969482422,190.06986573526152,-7.130131212980672,156
development_repeated_nested_cv,primary_instrument1_full,primary,1,4,3,development_combined,CG-FPLS-code,ok,ok,True,3,158,validate:004,validate,4,189.39999389648438,196.51532936691643,7.115335470432058,156
development_repeated_nested_cv,primary_instrument1_full,primary,1,4,3,development_combined,CG-FPLS-code,ok,ok,True,3,159,validate:005,validate,5,195.1999969482422,197.7043703238251,2.504373375582901,156
development_repeated_nested_cv,primary_instrument1_full,primary,1,4,3,development_combined,CG-FPLS-code,ok,ok,True,3,163,validate:009,validate,9,195.8000030517578,192.78534010811214,-3.014662943645675,156
development_repeated_nested_cv,primary_instrument1_full,primary,1,4,3,development_combined,CG-FPLS-code,ok,ok,True,3,166,validate:012,validate,12,193.8000030517578,189.98501903737716,-3.8149840143806557,156
development_repeated_nested_cv,primary_instrument1_full,primary,1,4,3,development_combined,CG-FPLS-code,ok,ok,True,3,167,validate:013,validate,13,194.5,201.34295980467525,6.842959804675246,156
development_repeated_nested_cv,primary_instrument1_full,primary,1,4,3,development_combined,CG-FPLS-code,ok,ok,True,3,178,validate:024,validate,24,193.60000610351562,202.42549084581822,8.825484742302592,156
development_repeated_nested_cv,primary_instrument1_full,primary,1,4,3,development_combined,CG-FPLS-code,ok,ok,True,3,183,validate:029,validate,29,199.5,196.86611111881354,-2.633888881186465,156
development_repeated_nested_cv,primary_instrument1_full,primary,1,4,3,development_combined,CG-FPLS-code,ok,ok,True,3,184,validate:030,validate,30,196.8000030517578,195.49081310216476,-1.3091899495930477,156
development_repeated_nested_cv,primary_instrument1_full,primary,1,4,3,development_combined,Raw FPLS,ok,ok,True,44,0,calibrate:001,calibrate,1,200.10000610351562,193.9580892329408,-6.141916870574818,156
development_repeated_nested_cv,primary_instrument1_full,primary,1,4,3,development_combined,Raw FPLS,ok,ok,True,44,4,calibrate:005,calibrate,5,199.3000030517578,194.98823889425307,-4.31176415750474,156
development_repeated_nested_cv,primary_instrument1_full,primary,1,4,3,development_combined,Raw FPLS,ok,ok,True,44,15,calibrate:016,calibrate,16,173.8000030517578,175.29901850985505,1.499015458097233,156
development_repeated_nested_cv,primary_instrument1_full,primary,1,4,3,development_combined,Raw FPLS,ok,ok,True,44,27,calibrate:028,calibrate,28,175.8000030517578,177.19030627048141,1.3903032187236022,156
development_repeated_nested_cv,primary_instrument1_full,primary,1,4,3,development_combined,Raw FPLS,ok,ok,True,44,36,calibrate:037,calibrate,37,177.5,177.4381987269316,-0.06180127306839722,156
development_repeated_nested_cv,primary_instrument1_full,primary,1,4,3,development_combined,Raw FPLS,ok,ok,True,44,40,calibrate:041,calibrate,41,206.60000610351562,206.8634680449142,0.2634619413985888,156
development_repeated_nested_cv,primary_instrument1_full,primary,1,4,3,development_combined,Raw FPLS,ok,ok,True,44,46,calibrate:047,calibrate,47,158.0,159.21055335117904,1.210553351179044,156
development_repeated_nested_cv,primary_instrument1_full,primary,1,4,3,development_combined,Raw FPLS,ok,ok,True,44,48,calibrate:049,calibrate,49,186.3000030517578,186.28439587490476,-0.015607176853052351,156
development_repeated_nested_cv,primary_instrument1_full,primary,1,4,3,development_combined,Raw FPLS,ok,ok,True,44,53,calibrate:054,calibrate,54,221.5,218.45531534382897,-3.044684656171029,156
development_repeated_nested_cv,primary_instrument1_full,primary,1,4,3,development_combined,Raw FPLS,ok,ok,True,44,60,calibrate:061,calibrate,61,176.89999389648438,177.38096842554398,0.48097452905960836,156
development_repeated_nested_cv,primary_instrument1_full,primary,1,4,3,development_combined,Raw FPLS,ok,ok,True,44,63,calibrate:064,calibrate,64,156.1999969482422,161.36289570566126,5.162898757419072,156
development_repeated_nested_cv,primary_instrument1_full,primary,1,4,3,development_combined,Raw FPLS,ok,ok,True,44,73,calibrate:074,calibrate,74,213.8000030517578,213.82350215613684,0.023499104379027358,156
development_repeated_nested_cv,primary_instrument1_full,primary,1,4,3,development_combined,Raw FPLS,ok,ok,True,44,74,calibrate:075,calibrate,75,181.3000030517578,184.0916893603268,2.791686308568984,156
development_repeated_nested_cv,primary_instrument1_full,primary,1,4,3,development_combined,Raw FPLS,ok,ok,True,44,81,calibrate:082,calibrate,82,216.39999389648438,215.4171684694196,-0.9828254270647676,156
development_repeated_nested_cv,primary_instrument1_full,primary,1,4,3,development_combined,Raw FPLS,ok,ok,True,44,82,calibrate:083,calibrate,83,172.39999389648438,174.19170081036702,1.7917069138826491,156
development_repeated_nested_cv,primary_instrument1_full,primary,1,4,3,development_combined,Raw FPLS,ok,ok,True,44,95,calibrate:096,calibrate,96,171.60000610351562,171.50496106763825,-0.09504503587737645,156
development_repeated_nested_cv,primary_instrument1_full,primary,1,4,3,development_combined,Raw FPLS,ok,ok,True,44,97,calibrate:098,calibrate,98,183.8000030517578,187.45199181564126,3.651988763883452,156
development_repeated_nested_cv,primary_instrument1_full,primary,1,4,3,development_combined,Raw FPLS,ok,ok,True,44,101,calibrate:102,calibrate,102,203.6999969482422,208.06747598795076,4.36747903970857,156
development_repeated_nested_cv,primary_instrument1_full,primary,1,4,3,development_combined,Raw FPLS,ok,ok,True,44,105,calibrate:106,calibrate,106,160.39999389648438,157.70792348638136,-2.692070410103014,156
development_repeated_nested_cv,primary_instrument1_full,primary,1,4,3,development_combined,Raw FPLS,ok,ok,True,44,108,calibrate:109,calibrate,109,222.60000610351562,222.30498589638123,-0.29502020713439947,156
development_repeated_nested_cv,primary_instrument1_full,primary,1,4,3,development_combined,Raw FPLS,ok,ok,True,44,110,calibrate:111,calibrate,111,217.0,217.60733057489492,0.6073305748949167,156
development_repeated_nested_cv,primary_instrument1_full,primary,1,4,3,development_combined,Raw FPLS,ok,ok,True,44,111,calibrate:112,calibrate,112,220.0,217.74585674582215,-2.2541432541778477,156
development_repeated_nested_cv,primary_instrument1_full,primary,1,4,3,development_combined,Raw FPLS,ok,ok,True,44,116,calibrate:117,calibrate,117,224.3000030517578,216.9605478683505,-7.339455183407324,156
development_repeated_nested_cv,primary_instrument1_full,primary,1,4,3,development_combined,Raw FPLS,ok,ok,True,44,118,calibrate:119,calibrate,119,232.89999389648438,235.65402845254036,2.7540345560559842,156
development_repeated_nested_cv,primary_instrument1_full,primary,1,4,3,development_combined,Raw FPLS,ok,ok,True,44,119,calibrate:120,calibrate,120,204.60000610351562,206.6580321987599,2.058026095244287,156
development_repeated_nested_cv,primary_instrument1_full,primary,1,4,3,development_combined,Raw FPLS,ok,ok,True,44,122,calibrate:123,calibrate,123,188.0,188.40568285510182,0.4056828551018157,156
development_repeated_nested_cv,primary_instrument1_full,primary,1,4,3,development_combined,Raw FPLS,ok,ok,True,44,129,calibrate:130,calibrate,130,154.60000610351562,162.4461013399092,7.84609523639358,156
development_repeated_nested_cv,primary_instrument1_full,primary,1,4,3,development_combined,Raw FPLS,ok,ok,True,44,134,calibrate:135,calibrate,135,188.6999969482422,191.02070501079422,2.320708062552029,156
development_repeated_nested_cv,primary_instrument1_full,primary,1,4,3,development_combined,Raw FPLS,ok,ok,True,44,136,calibrate:137,calibrate,137,192.60000610351562,185.58082097382047,-7.01918512969516,156
development_repeated_nested_cv,primary_instrument1_full,primary,1,4,3,development_combined,Raw FPLS,ok,ok,True,44,137,calibrate:138,calibrate,138,195.89999389648438,201.45355659230464,5.553562695820261,156
development_repeated_nested_cv,primary_instrument1_full,primary,1,4,3,development_combined,Raw FPLS,ok,ok,True,44,140,calibrate:141,calibrate,141,197.1999969482422,193.13838269203933,-4.0616142562028585,156
development_repeated_nested_cv,primary_instrument1_full,primary,1,4,3,development_combined,Raw FPLS,ok,ok,True,44,158,validate:004,validate,4,189.39999389648438,193.18470739979736,3.784713503312986,156
development_repeated_nested_cv,primary_instrument1_full,primary,1,4,3,development_combined,Raw FPLS,ok,ok,True,44,159,validate:005,validate,5,195.1999969482422,194.70367874819777,-0.4963182000444135,156
development_repeated_nested_cv,primary_instrument1_full,primary,1,4,3,development_combined,Raw FPLS,ok,ok,True,44,163,validate:009,validate,9,195.8000030517578,193.6309344558739,-2.169068595883914,156
development_repeated_nested_cv,primary_instrument1_full,primary,1,4,3,development_combined,Raw FPLS,ok,ok,True,44,166,validate:012,validate,12,193.8000030517578,190.49273631960938,-3.3072667321484346,156
development_repeated_nested_cv,primary_instrument1_full,primary,1,4,3,development_combined,Raw FPLS,ok,ok,True,44,167,validate:013,validate,13,194.5,195.41944407111862,0.9194440711186189,156
development_repeated_nested_cv,primary_instrument1_full,primary,1,4,3,development_combined,Raw FPLS,ok,ok,True,44,178,validate:024,validate,24,193.60000610351562,197.3755826969937,3.775576593478064,156
development_repeated_nested_cv,primary_instrument1_full,primary,1,4,3,development_combined,Raw FPLS,ok,ok,True,44,183,validate:029,validate,29,199.5,197.45297060908916,-2.0470293909108364,156
development_repeated_nested_cv,primary_instrument1_full,primary,1,4,3,development_combined,Raw FPLS,ok,ok,True,44,184,validate:030,validate,30,196.8000030517578,200.81529169660215,4.015288644844333,156
development_repeated_nested_cv,primary_instrument1_full,primary,1,4,3,development_combined,Arnoldi FPLS,ok,ok,True,5,0,calibrate:001,calibrate,1,200.10000610351562,193.3955873643768,-6.704418739138816,156
development_repeated_nested_cv,primary_instrument1_full,primary,1,4,3,development_combined,Arnoldi FPLS,ok,ok,True,5,4,calibrate:005,calibrate,5,199.3000030517578,195.42954974771567,-3.870453304042144,156
development_repeated_nested_cv,primary_instrument1_full,primary,1,4,3,development_combined,Arnoldi FPLS,ok,ok,True,5,15,calibrate:016,calibrate,16,173.8000030517578,175.77922519087147,1.9792221391136593,156
development_repeated_nested_cv,primary_instrument1_full,primary,1,4,3,development_combined,Arnoldi FPLS,ok,ok,True,5,27,calibrate:028,calibrate,28,175.8000030517578,176.94768402868226,1.1476809769244483,156
development_repeated_nested_cv,primary_instrument1_full,primary,1,4,3,development_combined,Arnoldi FPLS,ok,ok,True,5,36,calibrate:037,calibrate,37,177.5,177.1525200119417,-0.3474799880582964,156
development_repeated_nested_cv,primary_instrument1_full,primary,1,4,3,development_combined,Arnoldi FPLS,ok,ok,True,5,40,calibrate:041,calibrate,41,206.60000610351562,206.45917011328694,-0.14083599022868043,156
development_repeated_nested_cv,primary_instrument1_full,primary,1,4,3,development_combined,Arnoldi FPLS,ok,ok,True,5,46,calibrate:047,calibrate,47,158.0,159.5640524574701,1.5640524574700976,156
development_repeated_nested_cv,primary_instrument1_full,primary,1,4,3,development_combined,Arnoldi FPLS,ok,ok,True,5,48,calibrate:049,calibrate,49,186.3000030517578,186.6312469537961,0.33124390203829535,156
development_repeated_nested_cv,primary_instrument1_full,primary,1,4,3,development_combined,Arnoldi FPLS,ok,ok,True,5,53,calibrate:054,calibrate,54,221.5,217.99145562035866,-3.508544379641336,156
development_repeated_nested_cv,primary_instrument1_full,primary,1,4,3,development_combined,Arnoldi FPLS,ok,ok,True,5,60,calibrate:061,calibrate,61,176.89999389648438,177.1523814648445,0.25238756836012044,156
development_repeated_nested_cv,primary_instrument1_full,primary,1,4,3,development_combined,Arnoldi FPLS,ok,ok,True,5,63,calibrate:064,calibrate,64,156.1999969482422,161.3389191480614,5.138922199819206,156
development_repeated_nested_cv,primary_instrument1_full,primary,1,4,3,development_combined,Arnoldi FPLS,ok,ok,True,5,73,calibrate:074,calibrate,74,213.8000030517578,213.31834071601008,-0.4816623357477283,156
development_repeated_nested_cv,primary_instrument1_full,primary,1,4,3,development_combined,Arnoldi FPLS,ok,ok,True,5,74,calibrate:075,calibrate,75,181.3000030517578,184.4661969232391,3.1661938714812834,156
development_repeated_nested_cv,primary_instrument1_full,primary,1,4,3,development_combined,Arnoldi FPLS,ok,ok,True,5,81,calibrate:082,calibrate,82,216.39999389648438,215.09362791618526,-1.3063659802991197,156
development_repeated_nested_cv,primary_instrument1_full,primary,1,4,3,development_combined,Arnoldi FPLS,ok,ok,True,5,82,calibrate:083,calibrate,83,172.39999389648438,174.93131254794423,2.5313186514598556,156
development_repeated_nested_cv,primary_instrument1_full,primary,1,4,3,development_combined,Arnoldi FPLS,ok,ok,True,5,95,calibrate:096,calibrate,96,171.60000610351562,171.75325950943835,0.15325340592272596,156
development_repeated_nested_cv,primary_instrument1_full,primary,1,4,3,development_combined,Arnoldi FPLS,ok,ok,True,5,97,calibrate:098,calibrate,98,183.8000030517578,186.9899123345135,3.1899092827556785,156
development_repeated_nested_cv,primary_instrument1_full,primary,1,4,3,development_combined,Arnoldi FPLS,ok,ok,True,5,101,calibrate:102,calibrate,102,203.6999969482422,207.54454026514483,3.8445433169026444,156
development_repeated_nested_cv,primary_instrument1_full,primary,1,4,3,development_combined,Arnoldi FPLS,ok,ok,True,5,105,calibrate:106,calibrate,106,160.39999389648438,158.3546006196577,-2.0453932768266725,156
development_repeated_nested_cv,primary_instrument1_full,primary,1,4,3,development_combined,Arnoldi FPLS,ok,ok,True,5,108,calibrate:109,calibrate,109,222.60000610351562,221.62772004368338,-0.9722860598322427,156
development_repeated_nested_cv,primary_instrument1_full,primary,1,4,3,development_combined,Arnoldi FPLS,ok,ok,True,5,110,calibrate:111,calibrate,111,217.0,217.59626553527312,0.596265535273119,156
development_repeated_nested_cv,primary_instrument1_full,primary,1,4,3,development_combined,Arnoldi FPLS,ok,ok,True,5,111,calibrate:112,calibrate,112,220.0,217.7887273640001,-2.2112726359999044,156
development_repeated_nested_cv,primary_instrument1_full,primary,1,4,3,development_combined,Arnoldi FPLS,ok,ok,True,5,116,calibrate:117,calibrate,117,224.3000030517578,216.7757083872486,-7.524294664509199,156
development_repeated_nested_cv,primary_instrument1_full,primary,1,4,3,development_combined,Arnoldi FPLS,ok,ok,True,5,118,calibrate:119,calibrate,119,232.89999389648438,235.80285917625952,2.902865279775142,156
development_repeated_nested_cv,primary_instrument1_full,primary,1,4,3,development_combined,Arnoldi FPLS,ok,ok,True,5,119,calibrate:120,calibrate,120,204.60000610351562,206.28930058738874,1.6892944838731125,156
development_repeated_nested_cv,primary_instrument1_full,primary,1,4,3,development_combined,Arnoldi FPLS,ok,ok,True,5,122,calibrate:123,calibrate,123,188.0,188.13043508243484,0.13043508243484325,156
development_repeated_nested_cv,primary_instrument1_full,primary,1,4,3,development_combined,Arnoldi FPLS,ok,ok,True,5,129,calibrate:130,calibrate,130,154.60000610351562,162.3515782075318,7.751572104016162,156
development_repeated_nested_cv,primary_instrument1_full,primary,1,4,3,development_combined,Arnoldi FPLS,ok,ok,True,5,134,calibrate:135,calibrate,135,188.6999969482422,190.30543020404247,1.6054332558002784,156
development_repeated_nested_cv,primary_instrument1_full,primary,1,4,3,development_combined,Arnoldi FPLS,ok,ok,True,5,136,calibrate:137,calibrate,137,192.60000610351562,186.23893324889428,-6.361072854621341,156
development_repeated_nested_cv,primary_instrument1_full,primary,1,4,3,development_combined,Arnoldi FPLS,ok,ok,True,5,137,calibrate:138,calibrate,138,195.89999389648438,200.94396554461338,5.043971648129002,156
development_repeated_nested_cv,primary_instrument1_full,primary,1,4,3,development_combined,Arnoldi FPLS,ok,ok,True,5,140,calibrate:141,calibrate,141,197.1999969482422,192.60937307247076,-4.590623875771428,156
development_repeated_nested_cv,primary_instrument1_full,primary,1,4,3,development_combined,Arnoldi FPLS,ok,ok,True,5,158,validate:004,validate,4,189.39999389648438,193.0723834499187,3.6723895534343285,156
development_repeated_nested_cv,primary_instrument1_full,primary,1,4,3,development_combined,Arnoldi FPLS,ok,ok,True,5,159,validate:005,validate,5,195.1999969482422,194.58455604066245,-0.6154409075797389,156
development_repeated_nested_cv,primary_instrument1_full,primary,1,4,3,development_combined,Arnoldi FPLS,ok,ok,True,5,163,validate:009,validate,9,195.8000030517578,193.83938227366534,-1.9606207780924763,156
development_repeated_nested_cv,primary_instrument1_full,primary,1,4,3,development_combined,Arnoldi FPLS,ok,ok,True,5,166,validate:012,validate,12,193.8000030517578,190.7161590000644,-3.0838440516934043,156
development_repeated_nested_cv,primary_instrument1_full,primary,1,4,3,development_combined,Arnoldi FPLS,ok,ok,True,5,167,validate:013,validate,13,194.5,195.4737501932898,0.9737501932897885,156
development_repeated_nested_cv,primary_instrument1_full,primary,1,4,3,development_combined,Arnoldi FPLS,ok,ok,True,5,178,validate:024,validate,24,193.60000610351562,197.80599027169455,4.205984168178929,156
development_repeated_nested_cv,primary_instrument1_full,primary,1,4,3,development_combined,Arnoldi FPLS,ok,ok,True,5,183,validate:029,validate,29,199.5,198.14255367466743,-1.3574463253325746,156
development_repeated_nested_cv,primary_instrument1_full,primary,1,4,3,development_combined,Arnoldi FPLS,ok,ok,True,5,184,validate:030,validate,30,196.8000030517578,200.2572834660933,3.457280414335486,156
development_repeated_nested_cv,primary_instrument1_full,primary,1,4,3,development_combined,FPCR,ok,ok,True,12,0,calibrate:001,calibrate,1,200.10000610351562,190.84653443634622,-9.253471667169407,156
development_repeated_nested_cv,primary_instrument1_full,primary,1,4,3,development_combined,FPCR,ok,ok,True,12,4,calibrate:005,calibrate,5,199.3000030517578,194.11969334188078,-5.1803097098770365,156
development_repeated_nested_cv,primary_instrument1_full,primary,1,4,3,development_combined,FPCR,ok,ok,True,12,15,calibrate:016,calibrate,16,173.8000030517578,176.09389546156342,2.2938924098056077,156
development_repeated_nested_cv,primary_instrument1_full,primary,1,4,3,development_combined,FPCR,ok,ok,True,12,27,calibrate:028,calibrate,28,175.8000030517578,177.08920841153872,1.2892053597809081,156
development_repeated_nested_cv,primary_instrument1_full,primary,1,4,3,development_combined,FPCR,ok,ok,True,12,36,calibrate:037,calibrate,37,177.5,176.48304556072154,-1.0169544392784644,156
development_repeated_nested_cv,primary_instrument1_full,primary,1,4,3,development_combined,FPCR,ok,ok,True,12,40,calibrate:041,calibrate,41,206.60000610351562,205.5544931953896,-1.0455129081260282,156
development_repeated_nested_cv,primary_instrument1_full,primary,1,4,3,development_combined,FPCR,ok,ok,True,12,46,calibrate:047,calibrate,47,158.0,161.08050535106938,3.0805053510693767,156
development_repeated_nested_cv,primary_instrument1_full,primary,1,4,3,development_combined,FPCR,ok,ok,True,12,48,calibrate:049,calibrate,49,186.3000030517578,187.94208599687678,1.6420829451189718,156
development_repeated_nested_cv,primary_instrument1_full,primary,1,4,3,development_combined,FPCR,ok,ok,True,12,53,calibrate:054,calibrate,54,221.5,217.31054899016732,-4.1894510098326805,156
development_repeated_nested_cv,primary_instrument1_full,primary,1,4,3,development_combined,FPCR,ok,ok,True,12,60,calibrate:061,calibrate,61,176.89999389648438,176.65124952524482,-0.24874437123955317,156
development_repeated_nested_cv,primary_instrument1_full,primary,1,4,3,development_combined,FPCR,ok,ok,True,12,63,calibrate:064,calibrate,64,156.1999969482422,160.64487186728786,4.444874919045674,156
development_repeated_nested_cv,primary_instrument1_full,primary,1,4,3,development_combined,FPCR,ok,ok,True,12,73,calibrate:074,calibrate,74,213.8000030517578,214.791704883633,0.99170183187519,156
development_repeated_nested_cv,primary_instrument1_full,primary,1,4,3,development_combined,FPCR,ok,ok,True,12,74,calibrate:075,calibrate,75,181.3000030517578,184.26686265435362,2.966859602595804,156
development_repeated_nested_cv,primary_instrument1_full,primary,1,4,3,development_combined,FPCR,ok,ok,True,12,81,calibrate:082,calibrate,82,216.39999389648438,216.28175276465623,-0.11824113182814244,156
development_repeated_nested_cv,primary_instrument1_full,primary,1,4,3,development_combined,FPCR,ok,ok,True,12,82,calibrate:083,calibrate,83,172.39999389648438,174.3516211800199,1.9516272835355153,156
development_repeated_nested_cv,primary_instrument1_full,primary,1,4,3,development_combined,FPCR,ok,ok,True,12,95,calibrate:096,calibrate,96,171.60000610351562,172.4852172223785,0.885211118862884,156
development_repeated_nested_cv,primary_instrument1_full,primary,1,4,3,development_combined,FPCR,ok,ok,True,12,97,calibrate:098,calibrate,98,183.8000030517578,186.4264766857014,2.62647363394359,156
development_repeated_nested_cv,primary_instrument1_full,primary,1,4,3,development_combined,FPCR,ok,ok,True,12,101,calibrate:102,calibrate,102,203.6999969482422,207.15254109180884,3.452544143566655,156
development_repeated_nested_cv,primary_instrument1_full,primary,1,4,3,development_combined,FPCR,ok,ok,True,12,105,calibrate:106,calibrate,106,160.39999389648438,158.05028168446105,-2.34971221202332,156
development_repeated_nested_cv,primary_instrument1_full,primary,1,4,3,development_combined,FPCR,ok,ok,True,12,108,calibrate:109,calibrate,109,222.60000610351562,219.90203505719228,-2.697971046323346,156
development_repeated_nested_cv,primary_instrument1_full,primary,1,4,3,development_combined,FPCR,ok,ok,True,12,110,calibrate:111,calibrate,111,217.0,219.4013841477589,2.401384147758904,156
development_repeated_nested_cv,primary_instrument1_full,primary,1,4,3,development_combined,FPCR,ok,ok,True,12,111,calibrate:112,calibrate,112,220.0,219.54872110800284,-0.45127889199716265,156
development_repeated_nested_cv,primary_instrument1_full,primary,1,4,3,development_combined,FPCR,ok,ok,True,12,116,calibrate:117,calibrate,117,224.3000030517578,217.75129467297128,-6.548708378786529,156
development_repeated_nested_cv,primary_instrument1_full,primary,1,4,3,development_combined,FPCR,ok,ok,True,12,118,calibrate:119,calibrate,119,232.89999389648438,238.40574646121766,5.505752564733285,156
development_repeated_nested_cv,primary_instrument1_full,primary,1,4,3,development_combined,FPCR,ok,ok,True,12,119,calibrate:120,calibrate,120,204.60000610351562,205.928452116026,1.3284460125103692,156
development_repeated_nested_cv,primary_instrument1_full,primary,1,4,3,development_combined,FPCR,ok,ok,True,12,122,calibrate:123,calibrate,123,188.0,187.93605569336916,-0.0639443066308445,156
development_repeated_nested_cv,primary_instrument1_full,primary,1,4,3,development_combined,FPCR,ok,ok,True,12,129,calibrate:130,calibrate,130,154.60000610351562,163.47987853448998,8.879872430974359,156
development_repeated_nested_cv,primary_instrument1_full,primary,1,4,3,development_combined,FPCR,ok,ok,True,12,134,calibrate:135,calibrate,135,188.6999969482422,188.60617574788952,-0.09382120035266439,156
development_repeated_nested_cv,primary_instrument1_full,primary,1,4,3,development_combined,FPCR,ok,ok,True,12,136,calibrate:137,calibrate,137,192.60000610351562,188.2000496057039,-4.399956497811729,156
development_repeated_nested_cv,primary_instrument1_full,primary,1,4,3,development_combined,FPCR,ok,ok,True,12,137,calibrate:138,calibrate,138,195.89999389648438,199.71267961181695,3.8126857153325773,156
development_repeated_nested_cv,primary_instrument1_full,primary,1,4,3,development_combined,FPCR,ok,ok,True,12,140,calibrate:141,calibrate,141,197.1999969482422,190.95594145472018,-6.244055493522012,156
development_repeated_nested_cv,primary_instrument1_full,primary,1,4,3,development_combined,FPCR,ok,ok,True,12,158,validate:004,validate,4,189.39999389648438,193.0902321498292,3.6902382533448304,156
development_repeated_nested_cv,primary_instrument1_full,primary,1,4,3,development_combined,FPCR,ok,ok,True,12,159,validate:005,validate,5,195.1999969482422,194.8249198251658,-0.3750771230763803,156
development_repeated_nested_cv,primary_instrument1_full,primary,1,4,3,development_combined,FPCR,ok,ok,True,12,163,validate:009,validate,9,195.8000030517578,191.96163446928105,-3.838368582476761,156
development_repeated_nested_cv,primary_instrument1_full,primary,1,4,3,development_combined,FPCR,ok,ok,True,12,166,validate:012,validate,12,193.8000030517578,190.65760097543352,-3.142402076324288,156
development_repeated_nested_cv,primary_instrument1_full,primary,1,4,3,development_combined,FPCR,ok,ok,True,12,167,validate:013,validate,13,194.5,195.47895309080948,0.9789530908094832,156
development_repeated_nested_cv,primary_instrument1_full,primary,1,4,3,development_combined,FPCR,ok,ok,True,12,178,validate:024,validate,24,193.60000610351562,197.82515134359352,4.225145240077893,156
development_repeated_nested_cv,primary_instrument1_full,primary,1,4,3,development_combined,FPCR,ok,ok,True,12,183,validate:029,validate,29,199.5,199.65601655055298,0.1560165505529767,156
development_repeated_nested_cv,primary_instrument1_full,primary,1,4,3,development_combined,FPCR,ok,ok,True,12,184,validate:030,validate,30,196.8000030517578,200.65791858704847,3.8579155352906582,156
development_repeated_nested_cv,primary_instrument1_full,primary,1,4,4,development_combined,CG-FPLS-code,ok,ok,True,3,2,calibrate:003,calibrate,3,201.39999389648438,191.03862088176152,-10.361373014722858,156
development_repeated_nested_cv,primary_instrument1_full,primary,1,4,4,development_combined,CG-FPLS-code,ok,ok,True,3,5,calibrate:006,calibrate,6,198.3000030517578,195.2348298050952,-3.0651732466626243,156
development_repeated_nested_cv,primary_instrument1_full,primary,1,4,4,development_combined,CG-FPLS-code,ok,ok,True,3,17,calibrate:018,calibrate,18,221.89999389648438,218.97192297733426,-2.928070919150116,156
development_repeated_nested_cv,primary_instrument1_full,primary,1,4,4,development_combined,CG-FPLS-code,ok,ok,True,3,29,calibrate:030,calibrate,30,236.39999389648438,236.78243904033647,0.38244514385209527,156
development_repeated_nested_cv,primary_instrument1_full,primary,1,4,4,development_combined,CG-FPLS-code,ok,ok,True,3,37,calibrate:038,calibrate,38,208.8000030517578,201.4857747175366,-7.314228334221212,156
development_repeated_nested_cv,primary_instrument1_full,primary,1,4,4,development_combined,CG-FPLS-code,ok,ok,True,3,42,calibrate:043,calibrate,43,159.60000610351562,163.99150372789325,4.391497624377621,156
development_repeated_nested_cv,primary_instrument1_full,primary,1,4,4,development_combined,CG-FPLS-code,ok,ok,True,3,44,calibrate:045,calibrate,45,181.10000610351562,184.65890635004448,3.55890024652885,156
development_repeated_nested_cv,primary_instrument1_full,primary,1,4,4,development_combined,CG-FPLS-code,ok,ok,True,3,49,calibrate:050,calibrate,50,220.5,220.97962983650302,0.4796298365030225,156
development_repeated_nested_cv,primary_instrument1_full,primary,1,4,4,development_combined,CG-FPLS-code,ok,ok,True,3,54,calibrate:055,calibrate,55,188.10000610351562,182.77359949987152,-5.326406603644102,156
development_repeated_nested_cv,primary_instrument1_full,primary,1,4,4,development_combined,CG-FPLS-code,ok,ok,True,3,57,calibrate:058,calibrate,58,157.60000610351562,164.50375595364432,6.9037498501286905,156
development_repeated_nested_cv,primary_instrument1_full,primary,1,4,4,development_combined,CG-FPLS-code,ok,ok,True,3,76,calibrate:077,calibrate,77,158.10000610351562,157.63539851001713,-0.4646075934984992,156
development_repeated_nested_cv,primary_instrument1_full,primary,1,4,4,development_combined,CG-FPLS-code,ok,ok,True,3,78,calibrate:079,calibrate,79,215.1999969482422,220.44847377122022,5.248476822978034,156
development_repeated_nested_cv,primary_instrument1_full,primary,1,4,4,development_combined,CG-FPLS-code,ok,ok,True,3,80,calibrate:081,calibrate,81,172.3000030517578,177.7015945799837,5.401591528225879,156
development_repeated_nested_cv,primary_instrument1_full,primary,1,4,4,development_combined,CG-FPLS-code,ok,ok,True,3,84,calibrate:085,calibrate,85,177.1999969482422,176.58420247506865,-0.615794473173537,156
development_repeated_nested_cv,primary_instrument1_full,primary,1,4,4,development_combined,CG-FPLS-code,ok,ok,True,3,86,calibrate:087,calibrate,87,205.5,208.15220026084737,2.6522002608473656,156
development_repeated_nested_cv,primary_instrument1_full,primary,1,4,4,development_combined,CG-FPLS-code,ok,ok,True,3,87,calibrate:088,calibrate,88,173.60000610351562,181.99508299199886,8.395076888483231,156
development_repeated_nested_cv,primary_instrument1_full,primary,1,4,4,development_combined,CG-FPLS-code,ok,ok,True,3,88,calibrate:089,calibrate,89,203.60000610351562,204.6545965254317,1.0545904219160889,156
development_repeated_nested_cv,primary_instrument1_full,primary,1,4,4,development_combined,CG-FPLS-code,ok,ok,True,3,92,calibrate:093,calibrate,93,203.89999389648438,208.54693458794847,4.646940691464096,156
development_repeated_nested_cv,primary_instrument1_full,primary,1,4,4,development_combined,CG-FPLS-code,ok,ok,True,3,94,calibrate:095,calibrate,95,172.0,174.68203348578646,2.6820334857864623,156
development_repeated_nested_cv,primary_instrument1_full,primary,1,4,4,development_combined,CG-FPLS-code,ok,ok,True,3,98,calibrate:099,calibrate,99,176.39999389648438,177.46888815319429,1.0688942567099105,156
development_repeated_nested_cv,primary_instrument1_full,primary,1,4,4,development_combined,CG-FPLS-code,ok,ok,True,3,99,calibrate:100,calibrate,100,219.3000030517578,214.34097368946829,-4.959029362289527,156
development_repeated_nested_cv,primary_instrument1_full,primary,1,4,4,development_combined,CG-FPLS-code,ok,ok,True,3,103,calibrate:104,calibrate,104,184.5,181.61233590509363,-2.88766409490637,156
development_repeated_nested_cv,primary_instrument1_full,primary,1,4,4,development_combined,CG-FPLS-code,ok,ok,True,3,109,calibrate:110,calibrate,110,231.10000610351562,229.295854133413,-1.8041519701026232,156
development_repeated_nested_cv,primary_instrument1_full,primary,1,4,4,development_combined,CG-FPLS-code,ok,ok,True,3,117,calibrate:118,calibrate,118,217.1999969482422,220.33322394979473,3.133227001552541,156
development_repeated_nested_cv,primary_instrument1_full,primary,1,4,4,development_combined,CG-FPLS-code,ok,ok,True,3,124,calibrate:125,calibrate,125,154.8000030517578,162.31394075754102,7.513937705783206,156
development_repeated_nested_cv,primary_instrument1_full,primary,1,4,4,development_combined,CG-FPLS-code,ok,ok,True,3,125,calibrate:126,calibrate,126,181.0,165.54942154697903,-15.450578453020967,156
development_repeated_nested_cv,primary_instrument1_full,primary,1,4,4,development_combined,CG-FPLS-code,ok,ok,True,3,132,calibrate:133,calibrate,133,186.6999969482422,194.7706725361585,8.070675587916298,156
development_repeated_nested_cv,primary_instrument1_full,primary,1,4,4,development_combined,CG-FPLS-code,ok,ok,True,3,133,calibrate:134,calibrate,134,192.8000030517578,189.9221473312487,-2.8778557205091033,156
development_repeated_nested_cv,primary_instrument1_full,primary,1,4,4,development_combined,CG-FPLS-code,ok,ok,True,3,138,calibrate:139,calibrate,139,191.1999969482422,200.47014870676784,9.270151758525657,156
development_repeated_nested_cv,primary_instrument1_full,primary,1,4,4,development_combined,CG-FPLS-code,ok,ok,True,3,148,calibrate:149,calibrate,149,194.10000610351562,197.3722445702571,3.27223846674147,156
development_repeated_nested_cv,primary_instrument1_full,primary,1,4,4,development_combined,CG-FPLS-code,ok,ok,True,3,150,calibrate:151,calibrate,151,200.0,191.1262217660868,-8.873778233913214,156
development_repeated_nested_cv,primary_instrument1_full,primary,1,4,4,development_combined,CG-FPLS-code,ok,ok,True,3,157,validate:003,validate,3,191.89999389648438,192.42001122808207,0.5200173315976997,156
development_repeated_nested_cv,primary_instrument1_full,primary,1,4,4,development_combined,CG-FPLS-code,ok,ok,True,3,160,validate:006,validate,6,194.5,195.27127480430502,0.7712748043050226,156
development_repeated_nested_cv,primary_instrument1_full,primary,1,4,4,development_combined,CG-FPLS-code,ok,ok,True,3,171,validate:017,validate,17,194.6999969482422,197.93224721708435,3.232250268842165,156
development_repeated_nested_cv,primary_instrument1_full,primary,1,4,4,development_combined,CG-FPLS-code,ok,ok,True,3,175,validate:021,validate,21,195.10000610351562,196.5568897870029,1.4568836834872627,156
development_repeated_nested_cv,primary_instrument1_full,primary,1,4,4,development_combined,CG-FPLS-code,ok,ok,True,3,179,validate:025,validate,25,195.5,193.82656851491248,-1.6734314850875194,156
development_repeated_nested_cv,primary_instrument1_full,primary,1,4,4,development_combined,CG-FPLS-code,ok,ok,True,3,188,validate:034,validate,34,193.39999389648438,195.88307242141795,2.4830785249335747,156
development_repeated_nested_cv,primary_instrument1_full,primary,1,4,4,development_combined,CG-FPLS-code,ok,ok,True,3,191,validate:037,validate,37,197.0,195.02839274993832,-1.9716072500616804,156
development_repeated_nested_cv,primary_instrument1_full,primary,1,4,4,development_combined,CG-FPLS-code,ok,ok,True,3,194,validate:040,validate,40,197.5,192.28094756956807,-5.21905243043193,156
development_repeated_nested_cv,primary_instrument1_full,primary,1,4,4,development_combined,Raw FPLS,ok,ok,True,45,2,calibrate:003,calibrate,3,201.39999389648438,196.37317687915655,-5.026817017327829,156
development_repeated_nested_cv,primary_instrument1_full,primary,1,4,4,development_combined,Raw FPLS,ok,ok,True,45,5,calibrate:006,calibrate,6,198.3000030517578,195.68540022661568,-2.6146028251421285,156
development_repeated_nested_cv,primary_instrument1_full,primary,1,4,4,development_combined,Raw FPLS,ok,ok,True,45,17,calibrate:018,calibrate,18,221.89999389648438,219.46397957309122,-2.4360143233931524,156
development_repeated_nested_cv,primary_instrument1_full,primary,1,4,4,development_combined,Raw FPLS,ok,ok,True,45,29,calibrate:030,calibrate,30,236.39999389648438,239.53868475663347,3.1386908601490973,156
development_repeated_nested_cv,primary_instrument1_full,primary,1,4,4,development_combined,Raw FPLS,ok,ok,True,45,37,calibrate:038,calibrate,38,208.8000030517578,205.41375864058568,-3.386244411172129,156
development_repeated_nested_cv,primary_instrument1_full,primary,1,4,4,development_combined,Raw FPLS,ok,ok,True,45,42,calibrate:043,calibrate,43,159.60000610351562,162.3721895933848,2.772183489869178,156
development_repeated_nested_cv,primary_instrument1_full,primary,1,4,4,development_combined,Raw FPLS,ok,ok,True,45,44,calibrate:045,calibrate,45,181.10000610351562,185.71358678317551,4.61358067965989,156
development_repeated_nested_cv,primary_instrument1_full,primary,1,4,4,development_combined,Raw FPLS,ok,ok,True,45,49,calibrate:050,calibrate,50,220.5,216.7920164424711,-3.7079835575289053,156
development_repeated_nested_cv,primary_instrument1_full,primary,1,4,4,development_combined,Raw FPLS,ok,ok,True,45,54,calibrate:055,calibrate,55,188.10000610351562,184.10089580888908,-3.999110294626547,156
development_repeated_nested_cv,primary_instrument1_full,primary,1,4,4,development_combined,Raw FPLS,ok,ok,True,45,57,calibrate:058,calibrate,58,157.60000610351562,162.07739622530687,4.477390121791245,156
development_repeated_nested_cv,primary_instrument1_full,primary,1,4,4,development_combined,Raw FPLS,ok,ok,True,45,76,calibrate:077,calibrate,77,158.10000610351562,157.08083151861752,-1.01917458489811,156
development_repeated_nested_cv,primary_instrument1_full,primary,1,4,4,development_combined,Raw FPLS,ok,ok,True,45,78,calibrate:079,calibrate,79,215.1999969482422,219.07773943227008,3.877742484027891,156
development_repeated_nested_cv,primary_instrument1_full,primary,1,4,4,development_combined,Raw FPLS,ok,ok,True,45,80,calibrate:081,calibrate,81,172.3000030517578,175.07406994861108,2.7740668968532702,156
development_repeated_nested_cv,primary_instrument1_full,primary,1,4,4,development_combined,Raw FPLS,ok,ok,True,45,84,calibrate:085,calibrate,85,177.1999969482422,176.83185834451606,-0.3681386037261234,156
development_repeated_nested_cv,primary_instrument1_full,primary,1,4,4,development_combined,Raw FPLS,ok,ok,True,45,86,calibrate:087,calibrate,87,205.5,203.41721382156354,-2.0827861784364643,156
development_repeated_nested_cv,primary_instrument1_full,primary,1,4,4,development_combined,Raw FPLS,ok,ok,True,45,87,calibrate:088,calibrate,88,173.60000610351562,173.5035929661157,-0.09641313739993507,156
development_repeated_nested_cv,primary_instrument1_full,primary,1,4,4,development_combined,Raw FPLS,ok,ok,True,45,88,calibrate:089,calibrate,89,203.60000610351562,202.87585838760387,-0.7241477159117551,156
development_repeated_nested_cv,primary_instrument1_full,primary,1,4,4,development_combined,Raw FPLS,ok,ok,True,45,92,calibrate:093,calibrate,93,203.89999389648438,205.15082644197366,1.2508325454892883,156
development_repeated_nested_cv,primary_instrument1_full,primary,1,4,4,development_combined,Raw FPLS,ok,ok,True,45,94,calibrate:095,calibrate,95,172.0,173.55744159359432,1.5574415935943193,156
development_repeated_nested_cv,primary_instrument1_full,primary,1,4,4,development_combined,Raw FPLS,ok,ok,True,45,98,calibrate:099,calibrate,99,176.39999389648438,177.79547206826618,1.3954781717818037,156
development_repeated_nested_cv,primary_instrument1_full,primary,1,4,4,development_combined,Raw FPLS,ok,ok,True,45,99,calibrate:100,calibrate,100,219.3000030517578,218.31235194704306,-0.9876511047147574,156
development_repeated_nested_cv,primary_instrument1_full,primary,1,4,4,development_combined,Raw FPLS,ok,ok,True,45,103,calibrate:104,calibrate,104,184.5,185.36115040933475,0.8611504093347548,156
development_repeated_nested_cv,primary_instrument1_full,primary,1,4,4,development_combined,Raw FPLS,ok,ok,True,45,109,calibrate:110,calibrate,110,231.10000610351562,236.1473612602885,5.0473551567728805,156
development_repeated_nested_cv,primary_instrument1_full,primary,1,4,4,development_combined,Raw FPLS,ok,ok,True,45,117,calibrate:118,calibrate,118,217.1999969482422,218.31441840084855,1.114421452606365,156
development_repeated_nested_cv,primary_instrument1_full,primary,1,4,4,development_combined,Raw FPLS,ok,ok,True,45,124,calibrate:125,calibrate,125,154.8000030517578,157.17841133720682,2.3784082854490123,156
development_repeated_nested_cv,primary_instrument1_full,primary,1,4,4,development_combined,Raw FPLS,ok,ok,True,45,125,calibrate:126,calibrate,126,181.0,160.02708360487816,-20.972916395121842,156
development_repeated_nested_cv,primary_instrument1_full,primary,1,4,4,development_combined,Raw FPLS,ok,ok,True,45,132,calibrate:133,calibrate,133,186.6999969482422,189.76545082723288,3.065453878990695,156
development_repeated_nested_cv,primary_instrument1_full,primary,1,4,4,development_combined,Raw FPLS,ok,ok,True,45,133,calibrate:134,calibrate,134,192.8000030517578,195.2055339011736,2.4055308494157828,156
development_repeated_nested_cv,primary_instrument1_full,primary,1,4,4,development_combined,Raw FPLS,ok,ok,True,45,138,calibrate:139,calibrate,139,191.1999969482422,197.98299162290417,6.782994674661978,156
development_repeated_nested_cv,primary_instrument1_full,primary,1,4,4,development_combined,Raw FPLS,ok,ok,True,45,148,calibrate:149,calibrate,149,194.10000610351562,187.801138873319,-6.298867230196635,156
development_repeated_nested_cv,primary_instrument1_full,primary,1,4,4,development_combined,Raw FPLS,ok,ok,True,45,150,calibrate:151,calibrate,151,200.0,194.54551274427928,-5.454487255720721,156
development_repeated_nested_cv,primary_instrument1_full,primary,1,4,4,development_combined,Raw FPLS,ok,ok,True,45,157,validate:003,validate,3,191.89999389648438,199.70873870235275,7.808744805868372,156
development_repeated_nested_cv,primary_instrument1_full,primary,1,4,4,development_combined,Raw FPLS,ok,ok,True,45,160,validate:006,validate,6,194.5,191.82887960816427,-2.6711203918357285,156
development_repeated_nested_cv,primary_instrument1_full,primary,1,4,4,development_combined,Raw FPLS,ok,ok,True,45,171,validate:017,validate,17,194.6999969482422,193.09173201518567,-1.6082649330565175,156
development_repeated_nested_cv,primary_instrument1_full,primary,1,4,4,development_combined,Raw FPLS,ok,ok,True,45,175,validate:021,validate,21,195.10000610351562,201.2459050262731,6.145898922757482,156
development_repeated_nested_cv,primary_instrument1_full,primary,1,4,4,development_combined,Raw FPLS,ok,ok,True,45,179,validate:025,validate,25,195.5,200.3705024736587,4.870502473658689,156
development_repeated_nested_cv,primary_instrument1_full,primary,1,4,4,development_combined,Raw FPLS,ok,ok,True,45,188,validate:034,validate,34,193.39999389648438,196.68982744330134,3.289833546816965,156
development_repeated_nested_cv,primary_instrument1_full,primary,1,4,4,development_combined,Raw FPLS,ok,ok,True,45,191,validate:037,validate,37,197.0,198.90877124973946,1.908771249739459,156
development_repeated_nested_cv,primary_instrument1_full,primary,1,4,4,development_combined,Raw FPLS,ok,ok,True,45,194,validate:040,validate,40,197.5,197.5401669700798,0.040166970079809516,156
development_repeated_nested_cv,primary_instrument1_full,primary,1,4,4,development_combined,Arnoldi FPLS,ok,ok,True,5,2,calibrate:003,calibrate,3,201.39999389648438,195.6233046344717,-5.776689262012667,156
development_repeated_nested_cv,primary_instrument1_full,primary,1,4,4,development_combined,Arnoldi FPLS,ok,ok,True,5,5,calibrate:006,calibrate,6,198.3000030517578,195.34067041262503,-2.959332639132782,156
development_repeated_nested_cv,primary_instrument1_full,primary,1,4,4,development_combined,Arnoldi FPLS,ok,ok,True,5,17,calibrate:018,calibrate,18,221.89999389648438,220.2228698559827,-1.677124040501667,156
development_repeated_nested_cv,primary_instrument1_full,primary,1,4,4,development_combined,Arnoldi FPLS,ok,ok,True,5,29,calibrate:030,calibrate,30,236.39999389648438,240.04931041624405,3.6493165197596795,156
development_repeated_nested_cv,primary_instrument1_full,primary,1,4,4,development_combined,Arnoldi FPLS,ok,ok,True,5,37,calibrate:038,calibrate,38,208.8000030517578,205.04921786156567,-3.750785190192147,156
development_repeated_nested_cv,primary_instrument1_full,primary,1,4,4,development_combined,Arnoldi FPLS,ok,ok,True,5,42,calibrate:043,calibrate,43,159.60000610351562,162.17628444897042,2.5762783454547957,156
development_repeated_nested_cv,primary_instrument1_full,primary,1,4,4,development_combined,Arnoldi FPLS,ok,ok,True,5,44,calibrate:045,calibrate,45,181.10000610351562,186.385722749496,5.285716645980386,156
development_repeated_nested_cv,primary_instrument1_full,primary,1,4,4,development_combined,Arnoldi FPLS,ok,ok,True,5,49,calibrate:050,calibrate,50,220.5,217.21227037842152,-3.287729621578478,156
development_repeated_nested_cv,primary_instrument1_full,primary,1,4,4,development_combined,Arnoldi FPLS,ok,ok,True,5,54,calibrate:055,calibrate,55,188.10000610351562,184.91987158279093,-3.1801345207246925,156
development_repeated_nested_cv,primary_instrument1_full,primary,1,4,4,development_combined,Arnoldi FPLS,ok,ok,True,5,57,calibrate:058,calibrate,58,157.60000610351562,161.93564047096305,4.335634367447426,156
development_repeated_nested_cv,primary_instrument1_full,primary,1,4,4,development_combined,Arnoldi FPLS,ok,ok,True,5,76,calibrate:077,calibrate,77,158.10000610351562,157.79574289117562,-0.304263212340004,156
development_repeated_nested_cv,primary_instrument1_full,primary,1,4,4,development_combined,Arnoldi FPLS,ok,ok,True,5,78,calibrate:079,calibrate,79,215.1999969482422,219.20900794145953,4.009010993217345,156
development_repeated_nested_cv,primary_instrument1_full,primary,1,4,4,development_combined,Arnoldi FPLS,ok,ok,True,5,80,calibrate:081,calibrate,81,172.3000030517578,174.9282205972575,2.6282175454996946,156
development_repeated_nested_cv,primary_instrument1_full,primary,1,4,4,development_combined,Arnoldi FPLS,ok,ok,True,5,84,calibrate:085,calibrate,85,177.1999969482422,176.50356166740175,-0.6964352808404328,156
development_repeated_nested_cv,primary_instrument1_full,primary,1,4,4,development_combined,Arnoldi FPLS,ok,ok,True,5,86,calibrate:087,calibrate,87,205.5,203.92858830664872,-1.5714116933512798,156
development_repeated_nested_cv,primary_instrument1_full,primary,1,4,4,development_combined,Arnoldi FPLS,ok,ok,True,5,87,calibrate:088,calibrate,88,173.60000610351562,174.0663046158601,0.46629851234447983,156
development_repeated_nested_cv,primary_instrument1_full,primary,1,4,4,development_combined,Arnoldi FPLS,ok,ok,True,5,88,calibrate:089,calibrate,89,203.60000610351562,202.62514226866472,-0.9748638348509076,156
development_repeated_nested_cv,primary_instrument1_full,primary,1,4,4,development_combined,Arnoldi FPLS,ok,ok,True,5,92,calibrate:093,calibrate,93,203.89999389648438,205.49219435467373,1.5922004581893532,156
development_repeated_nested_cv,primary_instrument1_full,primary,1,4,4,development_combined,Arnoldi FPLS,ok,ok,True,5,94,calibrate:095,calibrate,95,172.0,173.201607919812,1.2016079198120053,156
development_repeated_nested_cv,primary_instrument1_full,primary,1,4,4,development_combined,Arnoldi FPLS,ok,ok,True,5,98,calibrate:099,calibrate,99,176.39999389648438,177.31256667398273,0.9125727774983545,156
development_repeated_nested_cv,primary_instrument1_full,primary,1,4,4,development_combined,Arnoldi FPLS,ok,ok,True,5,99,calibrate:100,calibrate,100,219.3000030517578,217.7285479524565,-1.5714550993013177,156
development_repeated_nested_cv,primary_instrument1_full,primary,1,4,4,development_combined,Arnoldi FPLS,ok,ok,True,5,103,calibrate:104,calibrate,104,184.5,185.9223052693194,1.422305269319395,156
development_repeated_nested_cv,primary_instrument1_full,primary,1,4,4,development_combined,Arnoldi FPLS,ok,ok,True,5,109,calibrate:110,calibrate,110,231.10000610351562,235.96910657155496,4.869100468039335,156
development_repeated_nested_cv,primary_instrument1_full,primary,1,4,4,development_combined,Arnoldi FPLS,ok,ok,True,5,117,calibrate:118,calibrate,118,217.1999969482422,218.81041272944813,1.610415781205944,156
development_repeated_nested_cv,primary_instrument1_full,primary,1,4,4,development_combined,Arnoldi FPLS,ok,ok,True,5,124,calibrate:125,calibrate,125,154.8000030517578,158.25487343755293,3.454870385795118,156
development_repeated_nested_cv,primary_instrument1_full,primary,1,4,4,development_combined,Arnoldi FPLS,ok,ok,True,5,125,calibrate:126,calibrate,126,181.0,159.9680358093008,-21.0319641906992,156
development_repeated_nested_cv,primary_instrument1_full,primary,1,4,4,development_combined,Arnoldi FPLS,ok,ok,True,5,132,calibrate:133,calibrate,133,186.6999969482422,189.77739305401798,3.07739610577579,156
development_repeated_nested_cv,primary_instrument1_full,primary,1,4,4,development_combined,Arnoldi FPLS,ok,ok,True,5,133,calibrate:134,calibrate,134,192.8000030517578,194.20357590167217,1.4035728499143545,156
development_repeated_nested_cv,primary_instrument1_full,primary,1,4,4,development_combined,Arnoldi FPLS,ok,ok,True,5,138,calibrate:139,calibrate,139,191.1999969482422,197.60989476342095,6.409897815178766,156
development_repeated_nested_cv,primary_instrument1_full,primary,1,4,4,development_combined,Arnoldi FPLS,ok,ok,True,5,148,calibrate:149,calibrate,149,194.10000610351562,188.61105440123353,-5.488951702282094,156
development_repeated_nested_cv,primary_instrument1_full,primary,1,4,4,development_combined,Arnoldi FPLS,ok,ok,True,5,150,calibrate:151,calibrate,151,200.0,194.9882696678353,-5.011730332164689,156
development_repeated_nested_cv,primary_instrument1_full,primary,1,4,4,development_combined,Arnoldi FPLS,ok,ok,True,5,157,validate:003,validate,3,191.89999389648438,198.85320889521495,6.953214998730573,156
development_repeated_nested_cv,primary_instrument1_full,primary,1,4,4,development_combined,Arnoldi FPLS,ok,ok,True,5,160,validate:006,validate,6,194.5,191.49923440757993,-3.0007655924200662,156
development_repeated_nested_cv,primary_instrument1_full,primary,1,4,4,development_combined,Arnoldi FPLS,ok,ok,True,5,171,validate:017,validate,17,194.6999969482422,193.21885014202468,-1.4811468062175095,156
development_repeated_nested_cv,primary_instrument1_full,primary,1,4,4,development_combined,Arnoldi FPLS,ok,ok,True,5,175,validate:021,validate,21,195.10000610351562,200.720676638008,5.620670534492376,156
development_repeated_nested_cv,primary_instrument1_full,primary,1,4,4,development_combined,Arnoldi FPLS,ok,ok,True,5,179,validate:025,validate,25,195.5,200.81189356423795,5.311893564237948,156
development_repeated_nested_cv,primary_instrument1_full,primary,1,4,4,development_combined,Arnoldi FPLS,ok,ok,True,5,188,validate:034,validate,34,193.39999389648438,197.3689618460661,3.9689679495817245,156
development_repeated_nested_cv,primary_instrument1_full,primary,1,4,4,development_combined,Arnoldi FPLS,ok,ok,True,5,191,validate:037,validate,37,197.0,199.4139898796626,2.4139898796626085,156
development_repeated_nested_cv,primary_instrument1_full,primary,1,4,4,development_combined,Arnoldi FPLS,ok,ok,True,5,194,validate:040,validate,40,197.5,198.2566828311925,0.7566828311925065,156
development_repeated_nested_cv,primary_instrument1_full,primary,1,4,4,development_combined,FPCR,ok,ok,True,44,2,calibrate:003,calibrate,3,201.39999389648438,194.3555036144912,-7.044490281993177,156
development_repeated_nested_cv,primary_instrument1_full,primary,1,4,4,development_combined,FPCR,ok,ok,True,44,5,calibrate:006,calibrate,6,198.3000030517578,205.6280089611103,7.328005909352498,156
development_repeated_nested_cv,primary_instrument1_full,primary,1,4,4,development_combined,FPCR,ok,ok,True,44,17,calibrate:018,calibrate,18,221.89999389648438,226.10005674135715,4.200062844872775,156
development_repeated_nested_cv,primary_instrument1_full,primary,1,4,4,development_combined,FPCR,ok,ok,True,44,29,calibrate:030,calibrate,30,236.39999389648438,236.83343602896792,0.4334421324835489,156
development_repeated_nested_cv,primary_instrument1_full,primary,1,4,4,development_combined,FPCR,ok,ok,True,44,37,calibrate:038,calibrate,38,208.8000030517578,203.5123537270628,-5.287649324695025,156
development_repeated_nested_cv,primary_instrument1_full,primary,1,4,4,development_combined,FPCR,ok,ok,True,44,42,calibrate:043,calibrate,43,159.60000610351562,160.0916747253965,0.49166862188087634,156
development_repeated_nested_cv,primary_instrument1_full,primary,1,4,4,development_combined,FPCR,ok,ok,True,44,44,calibrate:045,calibrate,45,181.10000610351562,186.49842227287914,5.398416169363514,156
development_repeated_nested_cv,primary_instrument1_full,primary,1,4,4,development_combined,FPCR,ok,ok,True,44,49,calibrate:050,calibrate,50,220.5,220.16187154476543,-0.3381284552345676,156
development_repeated_nested_cv,primary_instrument1_full,primary,1,4,4,development_combined,FPCR,ok,ok,True,44,54,calibrate:055,calibrate,55,188.10000610351562,183.124971056994,-4.9750350465216115,156
development_repeated_nested_cv,primary_instrument1_full,primary,1,4,4,development_combined,FPCR,ok,ok,True,44,57,calibrate:058,calibrate,58,157.60000610351562,158.2932556105028,0.693249506987172,156
development_repeated_nested_cv,primary_instrument1_full,primary,1,4,4,development_combined,FPCR,ok,ok,True,44,76,calibrate:077,calibrate,77,158.10000610351562,158.88040911176435,0.7804030082487259,156
development_repeated_nested_cv,primary_instrument1_full,primary,1,4,4,development_combined,FPCR,ok,ok,True,44,78,calibrate:079,calibrate,79,215.1999969482422,217.1662659315526,1.9662689833104139,156
development_repeated_nested_cv,primary_instrument1_full,primary,1,4,4,development_combined,FPCR,ok,ok,True,44,80,calibrate:081,calibrate,81,172.3000030517578,173.93476423874705,1.6347611869892376,156
development_repeated_nested_cv,primary_instrument1_full,primary,1,4,4,development_combined,FPCR,ok,ok,True,44,84,calibrate:085,calibrate,85,177.1999969482422,173.05038623824078,-4.1496107100014115,156
development_repeated_nested_cv,primary_instrument1_full,primary,1,4,4,development_combined,FPCR,ok,ok,True,44,86,calibrate:087,calibrate,87,205.5,205.44834535803724,-0.05165464196275593,156
development_repeated_nested_cv,primary_instrument1_full,primary,1,4,4,development_combined,FPCR,ok,ok,True,44,87,calibrate:088,calibrate,88,173.60000610351562,172.83159626635594,-0.7684098371596804,156
development_repeated_nested_cv,primary_instrument1_full,primary,1,4,4,development_combined,FPCR,ok,ok,True,44,88,calibrate:089,calibrate,89,203.60000610351562,208.7705873481595,5.17058124464387,156
development_repeated_nested_cv,primary_instrument1_full,primary,1,4,4,development_combined,FPCR,ok,ok,True,44,92,calibrate:093,calibrate,93,203.89999389648438,208.06767947716799,4.16768558068361,156
development_repeated_nested_cv,primary_instrument1_full,primary,1,4,4,development_combined,FPCR,ok,ok,True,44,94,calibrate:095,calibrate,95,172.0,173.20558050973204,1.2055805097320444,156
development_repeated_nested_cv,primary_instrument1_full,primary,1,4,4,development_combined,FPCR,ok,ok,True,44,98,calibrate:099,calibrate,99,176.39999389648438,176.39350735397025,-0.006486542514124949,156
development_repeated_nested_cv,primary_instrument1_full,primary,1,4,4,development_combined,FPCR,ok,ok,True,44,99,calibrate:100,calibrate,100,219.3000030517578,219.57492913234702,0.27492608058921064,156
development_repeated_nested_cv,primary_instrument1_full,primary,1,4,4,development_combined,FPCR,ok,ok,True,44,103,calibrate:104,calibrate,104,184.5,180.75405954460956,-3.745940455390439,156
development_repeated_nested_cv,primary_instrument1_full,primary,1,4,4,development_combined,FPCR,ok,ok,True,44,109,calibrate:110,calibrate,110,231.10000610351562,218.5355727039096,-12.564433399606031,156
development_repeated_nested_cv,primary_instrument1_full,primary,1,4,4,development_combined,FPCR,ok,ok,True,44,117,calibrate:118,calibrate,118,217.1999969482422,214.15294158329291,-3.047055364949273,156
development_repeated_nested_cv,primary_instrument1_full,primary,1,4,4,development_combined,FPCR,ok,ok,True,44,124,calibrate:125,calibrate,125,154.8000030517578,162.04323833874724,7.243235286989432,156
development_repeated_nested_cv,primary_instrument1_full,primary,1,4,4,development_combined,FPCR,ok,ok,True,44,125,calibrate:126,calibrate,126,181.0,155.97741955237908,-25.022580447620925,156
development_repeated_nested_cv,primary_instrument1_full,primary,1,4,4,development_combined,FPCR,ok,ok,True,44,132,calibrate:133,calibrate,133,186.6999969482422,191.04614989525686,4.346152947014673,156
development_repeated_nested_cv,primary_instrument1_full,primary,1,4,4,development_combined,FPCR,ok,ok,True,44,133,calibrate:134,calibrate,134,192.8000030517578,198.7189536934556,5.918950641697791,156
development_repeated_nested_cv,primary_instrument1_full,primary,1,4,4,development_combined,FPCR,ok,ok,True,44,138,calibrate:139,calibrate,139,191.1999969482422,198.6320487645362,7.432051816294006,156
development_repeated_nested_cv,primary_instrument1_full,primary,1,4,4,development_combined,FPCR,ok,ok,True,44,148,calibrate:149,calibrate,149,194.10000610351562,183.99553962989899,-10.10446647361664,156
development_repeated_nested_cv,primary_instrument1_full,primary,1,4,4,development_combined,FPCR,ok,ok,True,44,150,calibrate:151,calibrate,151,200.0,192.36160003566866,-7.638399964331342,156
development_repeated_nested_cv,primary_instrument1_full,primary,1,4,4,development_combined,FPCR,ok,ok,True,44,157,validate:003,validate,3,191.89999389648438,194.10189723370274,2.2019033372183685,156
development_repeated_nested_cv,primary_instrument1_full,primary,1,4,4,development_combined,FPCR,ok,ok,True,44,160,validate:006,validate,6,194.5,190.9780579450543,-3.521942054945697,156
development_repeated_nested_cv,primary_instrument1_full,primary,1,4,4,development_combined,FPCR,ok,ok,True,44,171,validate:017,validate,17,194.6999969482422,190.60103703168716,-4.098959916555032,156
development_repeated_nested_cv,primary_instrument1_full,primary,1,4,4,development_combined,FPCR,ok,ok,True,44,175,validate:021,validate,21,195.10000610351562,196.46611821009435,1.3661121065787256,156
development_repeated_nested_cv,primary_instrument1_full,primary,1,4,4,development_combined,FPCR,ok,ok,True,44,179,validate:025,validate,25,195.5,199.4775576214435,3.977557621443509,156
development_repeated_nested_cv,primary_instrument1_full,primary,1,4,4,development_combined,FPCR,ok,ok,True,44,188,validate:034,validate,34,193.39999389648438,198.3275004037399,4.927506507255515,156
development_repeated_nested_cv,primary_instrument1_full,primary,1,4,4,development_combined,FPCR,ok,ok,True,44,191,validate:037,validate,37,197.0,201.8642617910674,4.864261791067406,156
development_repeated_nested_cv,primary_instrument1_full,primary,1,4,4,development_combined,FPCR,ok,ok,True,44,194,validate:040,validate,40,197.5,196.3763818473169,-1.1236181526830933,156
development_repeated_nested_cv,primary_instrument1_full,primary,1,4,5,development_combined,CG-FPLS-code,ok,ok,True,3,1,calibrate:002,calibrate,2,198.6999969482422,190.85823790862526,-7.841759039616932,156
development_repeated_nested_cv,primary_instrument1_full,primary,1,4,5,development_combined,CG-FPLS-code,ok,ok,True,3,7,calibrate:008,calibrate,8,207.6999969482422,204.598566958459,-3.1014299897831847,156
development_repeated_nested_cv,primary_instrument1_full,primary,1,4,5,development_combined,CG-FPLS-code,ok,ok,True,3,8,calibrate:009,calibrate,9,184.89999389648438,188.692261696102,3.7922677996176333,156
development_repeated_nested_cv,primary_instrument1_full,primary,1,4,5,development_combined,CG-FPLS-code,ok,ok,True,3,10,calibrate:011,calibrate,11,221.8000030517578,220.5958894487181,-1.2041136030397013,156
development_repeated_nested_cv,primary_instrument1_full,primary,1,4,5,development_combined,CG-FPLS-code,ok,ok,True,3,16,calibrate:017,calibrate,17,222.5,215.03950074646443,-7.460499253535573,156
development_repeated_nested_cv,primary_instrument1_full,primary,1,4,5,development_combined,CG-FPLS-code,ok,ok,True,3,19,calibrate:020,calibrate,20,159.3000030517578,159.63106186622443,0.33105881446661556,156
development_repeated_nested_cv,primary_instrument1_full,primary,1,4,5,development_combined,CG-FPLS-code,ok,ok,True,3,23,calibrate:024,calibrate,24,190.1999969482422,184.6556307041029,-5.544366244139297,156
development_repeated_nested_cv,primary_instrument1_full,primary,1,4,5,development_combined,CG-FPLS-code,ok,ok,True,3,32,calibrate:033,calibrate,33,183.0,187.41876025869635,4.418760258696352,156
development_repeated_nested_cv,primary_instrument1_full,primary,1,4,5,development_combined,CG-FPLS-code,ok,ok,True,3,38,calibrate:039,calibrate,39,214.10000610351562,223.6870875718097,9.587081468294087,156
development_repeated_nested_cv,primary_instrument1_full,primary,1,4,5,development_combined,CG-FPLS-code,ok,ok,True,3,45,calibrate:046,calibrate,46,186.8000030517578,182.11084415328585,-4.689158898471959,156
development_repeated_nested_cv,primary_instrument1_full,primary,1,4,5,development_combined,CG-FPLS-code,ok,ok,True,3,51,calibrate:052,calibrate,52,231.89999389648438,228.0823205958271,-3.817673300657276,156
development_repeated_nested_cv,primary_instrument1_full,primary,1,4,5,development_combined,CG-FPLS-code,ok,ok,True,3,52,calibrate:053,calibrate,53,171.39999389648438,176.3055000881709,4.905506191686527,156
development_repeated_nested_cv,primary_instrument1_full,primary,1,4,5,development_combined,CG-FPLS-code,ok,ok,True,3,62,calibrate:063,calibrate,63,176.5,174.88925762928076,-1.6107423707192368,156
development_repeated_nested_cv,primary_instrument1_full,primary,1,4,5,development_combined,CG-FPLS-code,ok,ok,True,3,65,calibrate:066,calibrate,66,160.39999389648438,159.0303286514132,-1.369665245071161,156
development_repeated_nested_cv,primary_instrument1_full,primary,1,4,5,development_combined,CG-FPLS-code,ok,ok,True,3,67,calibrate:068,calibrate,68,179.89999389648438,185.97890303218009,6.07890913569571,156
development_repeated_nested_cv,primary_instrument1_full,primary,1,4,5,development_combined,CG-FPLS-code,ok,ok,True,3,70,calibrate:071,calibrate,71,218.8000030517578,221.01829365795206,2.2182906061942447,156
development_repeated_nested_cv,primary_instrument1_full,primary,1,4,5,development_combined,CG-FPLS-code,ok,ok,True,3,72,calibrate:073,calibrate,73,202.6999969482422,201.18600804673667,-1.5139889015055132,156
development_repeated_nested_cv,primary_instrument1_full,primary,1,4,5,development_combined,CG-FPLS-code,ok,ok,True,3,85,calibrate:086,calibrate,86,184.1999969482422,183.50899469829955,-0.6910022499426418,156
development_repeated_nested_cv,primary_instrument1_full,primary,1,4,5,development_combined,CG-FPLS-code,ok,ok,True,3,90,calibrate:091,calibrate,91,216.5,215.0452667255516,-1.4547332744483867,156
development_repeated_nested_cv,primary_instrument1_full,primary,1,4,5,development_combined,CG-FPLS-code,ok,ok,True,3,91,calibrate:092,calibrate,92,175.5,180.47793224950178,4.977932249501777,156
development_repeated_nested_cv,primary_instrument1_full,primary,1,4,5,development_combined,CG-FPLS-code,ok,ok,True,3,93,calibrate:094,calibrate,94,172.39999389648438,180.711951280048,8.311957383563623,156
development_repeated_nested_cv,primary_instrument1_full,primary,1,4,5,development_combined,CG-FPLS-code,ok,ok,True,3,96,calibrate:097,calibrate,97,204.0,205.58713750577266,1.5871375057726596,156
development_repeated_nested_cv,primary_instrument1_full,primary,1,4,5,development_combined,CG-FPLS-code,ok,ok,True,3,100,calibrate:101,calibrate,101,216.5,218.01610959595945,1.516109595959449,156
development_repeated_nested_cv,primary_instrument1_full,primary,1,4,5,development_combined,CG-FPLS-code,ok,ok,True,3,104,calibrate:105,calibrate,105,157.0,161.35448641704124,4.354486417041244,156
development_repeated_nested_cv,primary_instrument1_full,primary,1,4,5,development_combined,CG-FPLS-code,ok,ok,True,3,107,calibrate:108,calibrate,108,231.10000610351562,232.76869392851103,1.668687824995402,156
development_repeated_nested_cv,primary_instrument1_full,primary,1,4,5,development_combined,CG-FPLS-code,ok,ok,True,3,120,calibrate:121,calibrate,121,155.10000610351562,162.6393775779832,7.539371474467572,156
development_repeated_nested_cv,primary_instrument1_full,primary,1,4,5,development_combined,CG-FPLS-code,ok,ok,True,3,121,calibrate:122,calibrate,122,176.89999389648438,159.39228583968188,-17.5077080568025,156
development_repeated_nested_cv,primary_instrument1_full,primary,1,4,5,development_combined,CG-FPLS-code,ok,ok,True,3,135,calibrate:136,calibrate,136,193.10000610351562,195.40725282156987,2.3072467180542446,156
development_repeated_nested_cv,primary_instrument1_full,primary,1,4,5,development_combined,CG-FPLS-code,ok,ok,True,3,142,calibrate:143,calibrate,143,196.60000610351562,190.18166149270272,-6.418344610812909,156
development_repeated_nested_cv,primary_instrument1_full,primary,1,4,5,development_combined,CG-FPLS-code,ok,ok,True,3,153,calibrate:154,calibrate,154,201.5,188.45361787117918,-13.046382128820824,156
development_repeated_nested_cv,primary_instrument1_full,primary,1,4,5,development_combined,CG-FPLS-code,ok,ok,True,3,154,calibrate:155,calibrate,155,195.3000030517578,189.4451573785951,-5.854845673162714,156
development_repeated_nested_cv,primary_instrument1_full,primary,1,4,5,development_combined,CG-FPLS-code,ok,ok,True,3,155,validate:001,validate,1,189.0,193.54964972755388,4.549649727553884,156
development_repeated_nested_cv,primary_instrument1_full,primary,1,4,5,development_combined,CG-FPLS-code,ok,ok,True,3,164,validate:010,validate,10,193.8000030517578,195.86123229427187,2.0612292425140595,156
development_repeated_nested_cv,primary_instrument1_full,primary,1,4,5,development_combined,CG-FPLS-code,ok,ok,True,3,169,validate:015,validate,15,195.10000610351562,195.48449723974477,0.3844911362291441,156
development_repeated_nested_cv,primary_instrument1_full,primary,1,4,5,development_combined,CG-FPLS-code,ok,ok,True,3,172,validate:018,validate,18,195.39999389648438,195.41641816980555,0.016424273321177907,156
development_repeated_nested_cv,primary_instrument1_full,primary,1,4,5,development_combined,CG-FPLS-code,ok,ok,True,3,176,validate:022,validate,22,194.0,197.43165299945284,3.4316529994528366,156
development_repeated_nested_cv,primary_instrument1_full,primary,1,4,5,development_combined,CG-FPLS-code,ok,ok,True,3,177,validate:023,validate,23,194.5,198.88590657617976,4.385906576179764,156
development_repeated_nested_cv,primary_instrument1_full,primary,1,4,5,development_combined,CG-FPLS-code,ok,ok,True,3,181,validate:027,validate,27,198.89999389648438,200.59515451831925,1.695160621834873,156
development_repeated_nested_cv,primary_instrument1_full,primary,1,4,5,development_combined,CG-FPLS-code,ok,ok,True,3,192,validate:038,validate,38,197.39999389648438,196.55793052814934,-0.8420633683350331,156
development_repeated_nested_cv,primary_instrument1_full,primary,1,4,5,development_combined,Raw FPLS,ok,ok,True,37,1,calibrate:002,calibrate,2,198.6999969482422,193.9060860323057,-4.793910915936493,156
development_repeated_nested_cv,primary_instrument1_full,primary,1,4,5,development_combined,Raw FPLS,ok,ok,True,37,7,calibrate:008,calibrate,8,207.6999969482422,203.37587230718077,-4.324124641061417,156
development_repeated_nested_cv,primary_instrument1_full,primary,1,4,5,development_combined,Raw FPLS,ok,ok,True,37,8,calibrate:009,calibrate,9,184.89999389648438,186.00189341201687,1.1018995155324944,156
development_repeated_nested_cv,primary_instrument1_full,primary,1,4,5,development_combined,Raw FPLS,ok,ok,True,37,10,calibrate:011,calibrate,11,221.8000030517578,218.30279454677057,-3.497208504987242,156
development_repeated_nested_cv,primary_instrument1_full,primary,1,4,5,development_combined,Raw FPLS,ok,ok,True,37,16,calibrate:017,calibrate,17,222.5,217.91516244075672,-4.584837559243283,156
development_repeated_nested_cv,primary_instrument1_full,primary,1,4,5,development_combined,Raw FPLS,ok,ok,True,37,19,calibrate:020,calibrate,20,159.3000030517578,159.8461958291859,0.5461927774280753,156
development_repeated_nested_cv,primary_instrument1_full,primary,1,4,5,development_combined,Raw FPLS,ok,ok,True,37,23,calibrate:024,calibrate,24,190.1999969482422,187.09407982561675,-3.105917122625442,156
development_repeated_nested_cv,primary_instrument1_full,primary,1,4,5,development_combined,Raw FPLS,ok,ok,True,37,32,calibrate:033,calibrate,33,183.0,188.15778246356027,5.157782463560267,156
development_repeated_nested_cv,primary_instrument1_full,primary,1,4,5,development_combined,Raw FPLS,ok,ok,True,37,38,calibrate:039,calibrate,39,214.10000610351562,224.56276395668453,10.46275785316891,156
development_repeated_nested_cv,primary_instrument1_full,primary,1,4,5,development_combined,Raw FPLS,ok,ok,True,37,45,calibrate:046,calibrate,46,186.8000030517578,180.47762926527486,-6.322373786482956,156
development_repeated_nested_cv,primary_instrument1_full,primary,1,4,5,development_combined,Raw FPLS,ok,ok,True,37,51,calibrate:052,calibrate,52,231.89999389648438,233.39253385835468,1.4925399618703068,156
development_repeated_nested_cv,primary_instrument1_full,primary,1,4,5,development_combined,Raw FPLS,ok,ok,True,37,52,calibrate:053,calibrate,53,171.39999389648438,178.48893160416188,7.088937707677502,156
development_repeated_nested_cv,primary_instrument1_full,primary,1,4,5,development_combined,Raw FPLS,ok,ok,True,37,62,calibrate:063,calibrate,63,176.5,178.5345391280684,2.0345391280683884,156
development_repeated_nested_cv,primary_instrument1_full,primary,1,4,5,development_combined,Raw FPLS,ok,ok,True,37,65,calibrate:066,calibrate,66,160.39999389648438,157.12343522639378,-3.276558670090594,156
development_repeated_nested_cv,primary_instrument1_full,primary,1,4,5,development_combined,Raw FPLS,ok,ok,True,37,67,calibrate:068,calibrate,68,179.89999389648438,187.23248625519759,7.3324923587132105,156
development_repeated_nested_cv,primary_instrument1_full,primary,1,4,5,development_combined,Raw FPLS,ok,ok,True,37,70,calibrate:071,calibrate,71,218.8000030517578,218.2410834579302,-0.5589195938276248,156
development_repeated_nested_cv,primary_instrument1_full,primary,1,4,5,development_combined,Raw FPLS,ok,ok,True,37,72,calibrate:073,calibrate,73,202.6999969482422,204.5510049207889,1.8510079725467108,156
development_repeated_nested_cv,primary_instrument1_full,primary,1,4,5,development_combined,Raw FPLS,ok,ok,True,37,85,calibrate:086,calibrate,86,184.1999969482422,184.23190961889344,0.03191267065125203,156
development_repeated_nested_cv,primary_instrument1_full,primary,1,4,5,development_combined,Raw FPLS,ok,ok,True,37,90,calibrate:091,calibrate,91,216.5,218.07422831828194,1.5742283182819392,156
development_repeated_nested_cv,primary_instrument1_full,primary,1,4,5,development_combined,Raw FPLS,ok,ok,True,37,91,calibrate:092,calibrate,92,175.5,175.99955492635448,0.4995549263544774,156
development_repeated_nested_cv,primary_instrument1_full,primary,1,4,5,development_combined,Raw FPLS,ok,ok,True,37,93,calibrate:094,calibrate,94,172.39999389648438,176.4201933732029,4.020199476718517,156
development_repeated_nested_cv,primary_instrument1_full,primary,1,4,5,development_combined,Raw FPLS,ok,ok,True,37,96,calibrate:097,calibrate,97,204.0,203.13666255177236,-0.8633374482276395,156
development_repeated_nested_cv,primary_instrument1_full,primary,1,4,5,development_combined,Raw FPLS,ok,ok,True,37,100,calibrate:101,calibrate,101,216.5,217.13340217580054,0.6334021758005406,156
development_repeated_nested_cv,primary_instrument1_full,primary,1,4,5,development_combined,Raw FPLS,ok,ok,True,37,104,calibrate:105,calibrate,105,157.0,157.7698234341081,0.7698234341081047,156
development_repeated_nested_cv,primary_instrument1_full,primary,1,4,5,development_combined,Raw FPLS,ok,ok,True,37,107,calibrate:108,calibrate,108,231.10000610351562,237.05719364931977,5.957187545804146,156
development_repeated_nested_cv,primary_instrument1_full,primary,1,4,5,development_combined,Raw FPLS,ok,ok,True,37,120,calibrate:121,calibrate,121,155.10000610351562,160.06032064764474,4.960314544129119,156
development_repeated_nested_cv,primary_instrument1_full,primary,1,4,5,development_combined,Raw FPLS,ok,ok,True,37,121,calibrate:122,calibrate,122,176.89999389648438,157.48475688478916,-19.41523701169521,156
development_repeated_nested_cv,primary_instrument1_full,primary,1,4,5,development_combined,Raw FPLS,ok,ok,True,37,135,calibrate:136,calibrate,136,193.10000610351562,193.75317997611097,0.653173872595346,156
development_repeated_nested_cv,primary_instrument1_full,primary,1,4,5,development_combined,Raw FPLS,ok,ok,True,37,142,calibrate:143,calibrate,143,196.60000610351562,191.60905549461884,-4.990950608896782,156
development_repeated_nested_cv,primary_instrument1_full,primary,1,4,5,development_combined,Raw FPLS,ok,ok,True,37,153,calibrate:154,calibrate,154,201.5,190.1057387191084,-11.394261280891612,156
development_repeated_nested_cv,primary_instrument1_full,primary,1,4,5,development_combined,Raw FPLS,ok,ok,True,37,154,calibrate:155,calibrate,155,195.3000030517578,189.76985100961122,-5.530152042146597,156
development_repeated_nested_cv,primary_instrument1_full,primary,1,4,5,development_combined,Raw FPLS,ok,ok,True,37,155,validate:001,validate,1,189.0,191.67739149335748,2.677391493357476,156
development_repeated_nested_cv,primary_instrument1_full,primary,1,4,5,development_combined,Raw FPLS,ok,ok,True,37,164,validate:010,validate,10,193.8000030517578,190.83985857934783,-2.9601444724099792,156
development_repeated_nested_cv,primary_instrument1_full,primary,1,4,5,development_combined,Raw FPLS,ok,ok,True,37,169,validate:015,validate,15,195.10000610351562,190.88601977720774,-4.213986326307889,156
development_repeated_nested_cv,primary_instrument1_full,primary,1,4,5,development_combined,Raw FPLS,ok,ok,True,37,172,validate:018,validate,18,195.39999389648438,193.24121817325414,-2.158775723230235,156
development_repeated_nested_cv,primary_instrument1_full,primary,1,4,5,development_combined,Raw FPLS,ok,ok,True,37,176,validate:022,validate,22,194.0,197.41740182630332,3.417401826303319,156
development_repeated_nested_cv,primary_instrument1_full,primary,1,4,5,development_combined,Raw FPLS,ok,ok,True,37,177,validate:023,validate,23,194.5,200.06891037372426,5.568910373724265,156
development_repeated_nested_cv,primary_instrument1_full,primary,1,4,5,development_combined,Raw FPLS,ok,ok,True,37,181,validate:027,validate,27,198.89999389648438,198.7441207761291,-0.1558731203552668,156
development_repeated_nested_cv,primary_instrument1_full,primary,1,4,5,development_combined,Raw FPLS,ok,ok,True,37,192,validate:038,validate,38,197.39999389648438,195.46900728486023,-1.9309866116241494,156
development_repeated_nested_cv,primary_instrument1_full,primary,1,4,5,development_combined,Arnoldi FPLS,ok,ok,True,5,1,calibrate:002,calibrate,2,198.6999969482422,193.97861271583704,-4.721384232405143,156
development_repeated_nested_cv,primary_instrument1_full,primary,1,4,5,development_combined,Arnoldi FPLS,ok,ok,True,5,7,calibrate:008,calibrate,8,207.6999969482422,203.2265854777809,-4.473411470461286,156
development_repeated_nested_cv,primary_instrument1_full,primary,1,4,5,development_combined,Arnoldi FPLS,ok,ok,True,5,8,calibrate:009,calibrate,9,184.89999389648438,185.8840240967372,0.9840302002528176,156
development_repeated_nested_cv,primary_instrument1_full,primary,1,4,5,development_combined,Arnoldi FPLS,ok,ok,True,5,10,calibrate:011,calibrate,11,221.8000030517578,218.26211399614039,-3.537889055617427,156
development_repeated_nested_cv,primary_instrument1_full,primary,1,4,5,development_combined,Arnoldi FPLS,ok,ok,True,5,16,calibrate:017,calibrate,17,222.5,218.00810279357992,-4.491897206420077,156
development_repeated_nested_cv,primary_instrument1_full,primary,1,4,5,development_combined,Arnoldi FPLS,ok,ok,True,5,19,calibrate:020,calibrate,20,159.3000030517578,159.8895130186499,0.5895099668920807,156
development_repeated_nested_cv,primary_instrument1_full,primary,1,4,5,development_combined,Arnoldi FPLS,ok,ok,True,5,23,calibrate:024,calibrate,24,190.1999969482422,187.2107901048621,-2.9892068433800887,156
development_repeated_nested_cv,primary_instrument1_full,primary,1,4,5,development_combined,Arnoldi FPLS,ok,ok,True,5,32,calibrate:033,calibrate,33,183.0,188.24461238289413,5.2446123828941325,156
development_repeated_nested_cv,primary_instrument1_full,primary,1,4,5,development_combined,Arnoldi FPLS,ok,ok,True,5,38,calibrate:039,calibrate,39,214.10000610351562,224.47265371603208,10.37264761251646,156
development_repeated_nested_cv,primary_instrument1_full,primary,1,4,5,development_combined,Arnoldi FPLS,ok,ok,True,5,45,calibrate:046,calibrate,46,186.8000030517578,180.3327487985341,-6.4672542532237,156
development_repeated_nested_cv,primary_instrument1_full,primary,1,4,5,development_combined,Arnoldi FPLS,ok,ok,True,5,51,calibrate:052,calibrate,52,231.89999389648438,233.42061392250034,1.520620026015962,156
development_repeated_nested_cv,primary_instrument1_full,primary,1,4,5,development_combined,Arnoldi FPLS,ok,ok,True,5,52,calibrate:053,calibrate,53,171.39999389648438,178.54147967346913,7.1414857769847515,156
development_repeated_nested_cv,primary_instrument1_full,primary,1,4,5,development_combined,Arnoldi FPLS,ok,ok,True,5,62,calibrate:063,calibrate,63,176.5,178.601894126799,2.10189412679901,156
development_repeated_nested_cv,primary_instrument1_full,primary,1,4,5,development_combined,Arnoldi FPLS,ok,ok,True,5,65,calibrate:066,calibrate,66,160.39999389648438,156.98466367625068,-3.415330220233699,156
development_repeated_nested_cv,primary_instrument1_full,primary,1,4,5,development_combined,Arnoldi FPLS,ok,ok,True,5,67,calibrate:068,calibrate,68,179.89999389648438,187.27974029032399,7.379746393839611,156
development_repeated_nested_cv,primary_instrument1_full,primary,1,4,5,development_combined,Arnoldi FPLS,ok,ok,True,5,70,calibrate:071,calibrate,71,218.8000030517578,218.23154991386318,-0.568453137894636,156
development_repeated_nested_cv,primary_instrument1_full,primary,1,4,5,development_combined,Arnoldi FPLS,ok,ok,True,5,72,calibrate:073,calibrate,73,202.6999969482422,204.6451411756951,1.9451442274529143,156
development_repeated_nested_cv,primary_instrument1_full,primary,1,4,5,development_combined,Arnoldi FPLS,ok,ok,True,5,85,calibrate:086,calibrate,86,184.1999969482422,184.32270094014507,0.12270399190288117,156
development_repeated_nested_cv,primary_instrument1_full,primary,1,4,5,development_combined,Arnoldi FPLS,ok,ok,True,5,90,calibrate:091,calibrate,91,216.5,218.19637691351227,1.6963769135122675,156
development_repeated_nested_cv,primary_instrument1_full,primary,1,4,5,development_combined,Arnoldi FPLS,ok,ok,True,5,91,calibrate:092,calibrate,92,175.5,175.93373558519392,0.4337355851939151,156
development_repeated_nested_cv,primary_instrument1_full,primary,1,4,5,development_combined,Arnoldi FPLS,ok,ok,True,5,93,calibrate:094,calibrate,94,172.39999389648438,176.35185171175087,3.951857815266493,156
development_repeated_nested_cv,primary_instrument1_full,primary,1,4,5,development_combined,Arnoldi FPLS,ok,ok,True,5,96,calibrate:097,calibrate,97,204.0,203.1096764021517,-0.890323597848294,156
development_repeated_nested_cv,primary_instrument1_full,primary,1,4,5,development_combined,Arnoldi FPLS,ok,ok,True,5,100,calibrate:101,calibrate,101,216.5,217.10743570794702,0.607435707947019,156
development_repeated_nested_cv,primary_instrument1_full,primary,1,4,5,development_combined,Arnoldi FPLS,ok,ok,True,5,104,calibrate:105,calibrate,105,157.0,157.59728044731685,0.597280447316848,156
development_repeated_nested_cv,primary_instrument1_full,primary,1,4,5,development_combined,Arnoldi FPLS,ok,ok,True,5,107,calibrate:108,calibrate,108,231.10000610351562,237.0527281501489,5.9527220466332835,156
development_repeated_nested_cv,primary_instrument1_full,primary,1,4,5,development_combined,Arnoldi FPLS,ok,ok,True,5,120,calibrate:121,calibrate,121,155.10000610351562,159.86896161006842,4.7689555065528,156
development_repeated_nested_cv,primary_instrument1_full,primary,1,4,5,development_combined,Arnoldi FPLS,ok,ok,True,5,121,calibrate:122,calibrate,122,176.89999389648438,157.27971401680736,-19.620279879677014,156
development_repeated_nested_cv,primary_instrument1_full,primary,1,4,5,development_combined,Arnoldi FPLS,ok,ok,True,5,135,calibrate:136,calibrate,136,193.10000610351562,193.63335222290414,0.5333461193885114,156
development_repeated_nested_cv,primary_instrument1_full,primary,1,4,5,development_combined,Arnoldi FPLS,ok,ok,True,5,142,calibrate:143,calibrate,143,196.60000610351562,191.75052303790477,-4.849483065610855,156
development_repeated_nested_cv,primary_instrument1_full,primary,1,4,5,development_combined,Arnoldi FPLS,ok,ok,True,5,153,calibrate:154,calibrate,154,201.5,190.06327851226737,-11.436721487732626,156
development_repeated_nested_cv,primary_instrument1_full,primary,1,4,5,development_combined,Arnoldi FPLS,ok,ok,True,5,154,calibrate:155,calibrate,155,195.3000030517578,189.67413248948887,-5.625870562268943,156
development_repeated_nested_cv,primary_instrument1_full,primary,1,4,5,development_combined,Arnoldi FPLS,ok,ok,True,5,155,validate:001,validate,1,189.0,191.68928320308143,2.6892832030814304,156
development_repeated_nested_cv,primary_instrument1_full,primary,1,4,5,development_combined,Arnoldi FPLS,ok,ok,True,5,164,validate:010,validate,10,193.8000030517578,190.88438089688657,-2.9156221548712438,156
development_repeated_nested_cv,primary_instrument1_full,primary,1,4,5,development_combined,Arnoldi FPLS,ok,ok,True,5,169,validate:015,validate,15,195.10000610351562,190.87747485557492,-4.222531247940708,156
development_repeated_nested_cv,primary_instrument1_full,primary,1,4,5,development_combined,Arnoldi FPLS,ok,ok,True,5,172,validate:018,validate,18,195.39999389648438,193.15786696840811,-2.24212692807626,156
development_repeated_nested_cv,primary_instrument1_full,primary,1,4,5,development_combined,Arnoldi FPLS,ok,ok,True,5,176,validate:022,validate,22,194.0,197.25171266878704,3.251712668787036,156
development_repeated_nested_cv,primary_instrument1_full,primary,1,4,5,development_combined,Arnoldi FPLS,ok,ok,True,5,177,validate:023,validate,23,194.5,200.1199705700626,5.6199705700626055,156
development_repeated_nested_cv,primary_instrument1_full,primary,1,4,5,development_combined,Arnoldi FPLS,ok,ok,True,5,181,validate:027,validate,27,198.89999389648438,198.73240926059205,-0.1675846358923252,156
development_repeated_nested_cv,primary_instrument1_full,primary,1,4,5,development_combined,Arnoldi FPLS,ok,ok,True,5,192,validate:038,validate,38,197.39999389648438,195.34242822841557,-2.057565668068804,156
development_repeated_nested_cv,primary_instrument1_full,primary,1,4,5,development_combined,FPCR,ok,ok,True,30,1,calibrate:002,calibrate,2,198.6999969482422,195.27931529382786,-3.4206816544143237,156
development_repeated_nested_cv,primary_instrument1_full,primary,1,4,5,development_combined,FPCR,ok,ok,True,30,7,calibrate:008,calibrate,8,207.6999969482422,203.25467432302094,-4.445322625221252,156
development_repeated_nested_cv,primary_instrument1_full,primary,1,4,5,development_combined,FPCR,ok,ok,True,30,8,calibrate:009,calibrate,9,184.89999389648438,186.73939484786186,1.8394009513774847,156
development_repeated_nested_cv,primary_instrument1_full,primary,1,4,5,development_combined,FPCR,ok,ok,True,30,10,calibrate:011,calibrate,11,221.8000030517578,219.23576946013367,-2.564233591624145,156
development_repeated_nested_cv,primary_instrument1_full,primary,1,4,5,development_combined,FPCR,ok,ok,True,30,16,calibrate:017,calibrate,17,222.5,215.50862187380434,-6.991378126195656,156
development_repeated_nested_cv,primary_instrument1_full,primary,1,4,5,development_combined,FPCR,ok,ok,True,30,19,calibrate:020,calibrate,20,159.3000030517578,159.22682836053343,-0.0731746912243807,156
development_repeated_nested_cv,primary_instrument1_full,primary,1,4,5,development_combined,FPCR,ok,ok,True,30,23,calibrate:024,calibrate,24,190.1999969482422,190.01911523153177,-0.18088171671041664,156
development_repeated_nested_cv,primary_instrument1_full,primary,1,4,5,development_combined,FPCR,ok,ok,True,30,32,calibrate:033,calibrate,33,183.0,189.24274177687778,6.242741776877779,156
development_repeated_nested_cv,primary_instrument1_full,primary,1,4,5,development_combined,FPCR,ok,ok,True,30,38,calibrate:039,calibrate,39,214.10000610351562,219.34185074685814,5.241844643342517,156
development_repeated_nested_cv,primary_instrument1_full,primary,1,4,5,development_combined,FPCR,ok,ok,True,30,45,calibrate:046,calibrate,46,186.8000030517578,178.15118933868868,-8.648813713069131,156
development_repeated_nested_cv,primary_instrument1_full,primary,1,4,5,development_combined,FPCR,ok,ok,True,30,51,calibrate:052,calibrate,52,231.89999389648438,239.99930468223548,8.0993107857511,156
development_repeated_nested_cv,primary_instrument1_full,primary,1,4,5,development_combined,FPCR,ok,ok,True,30,52,calibrate:053,calibrate,53,171.39999389648438,178.96934839038954,7.569354493905166,156
development_repeated_nested_cv,primary_instrument1_full,primary,1,4,5,development_combined,FPCR,ok,ok,True,30,62,calibrate:063,calibrate,63,176.5,185.38844988916028,8.888449889160285,156
development_repeated_nested_cv,primary_instrument1_full,primary,1,4,5,development_combined,FPCR,ok,ok,True,30,65,calibrate:066,calibrate,66,160.39999389648438,158.67776596681261,-1.7222279296717602,156
development_repeated_nested_cv,primary_instrument1_full,primary,1,4,5,development_combined,FPCR,ok,ok,True,30,67,calibrate:068,calibrate,68,179.89999389648438,185.5740839578387,5.67409006135432,156
development_repeated_nested_cv,primary_instrument1_full,primary,1,4,5,development_combined,FPCR,ok,ok,True,30,70,calibrate:071,calibrate,71,218.8000030517578,217.20500530069404,-1.5949977510637723,156
development_repeated_nested_cv,primary_instrument1_full,primary,1,4,5,development_combined,FPCR,ok,ok,True,30,72,calibrate:073,calibrate,73,202.6999969482422,206.20876722706598,3.508770278823789,156
development_repeated_nested_cv,primary_instrument1_full,primary,1,4,5,development_combined,FPCR,ok,ok,True,30,85,calibrate:086,calibrate,86,184.1999969482422,188.1236737181552,3.9236767699130155,156
development_repeated_nested_cv,primary_instrument1_full,primary,1,4,5,development_combined,FPCR,ok,ok,True,30,90,calibrate:091,calibrate,91,216.5,216.86610097674406,0.3661009767440646,156
development_repeated_nested_cv,primary_instrument1_full,primary,1,4,5,development_combined,FPCR,ok,ok,True,30,91,calibrate:092,calibrate,92,175.5,176.97522773936367,1.4752277393636746,156
development_repeated_nested_cv,primary_instrument1_full,primary,1,4,5,development_combined,FPCR,ok,ok,True,30,93,calibrate:094,calibrate,94,172.39999389648438,178.01323928092978,5.613245384445406,156
development_repeated_nested_cv,primary_instrument1_full,primary,1,4,5,development_combined,FPCR,ok,ok,True,30,96,calibrate:097,calibrate,97,204.0,203.29973403689087,-0.7002659631091319,156
development_repeated_nested_cv,primary_instrument1_full,primary,1,4,5,development_combined,FPCR,ok,ok,True,30,100,calibrate:101,calibrate,101,216.5,219.54368985226668,3.043689852266681,156
development_repeated_nested_cv,primary_instrument1_full,primary,1,4,5,development_combined,FPCR,ok,ok,True,30,104,calibrate:105,calibrate,105,157.0,158.22603084117338,1.2260308411733831,156
development_repeated_nested_cv,primary_instrument1_full,primary,1,4,5,development_combined,FPCR,ok,ok,True,30,107,calibrate:108,calibrate,108,231.10000610351562,241.13634645633795,10.036340352822322,156
development_repeated_nested_cv,primary_instrument1_full,primary,1,4,5,development_combined,FPCR,ok,ok,True,30,120,calibrate:121,calibrate,121,155.10000610351562,160.64132238616142,5.541316282645795,156
development_repeated_nested_cv,primary_instrument1_full,primary,1,4,5,development_combined,FPCR,ok,ok,True,30,121,calibrate:122,calibrate,122,176.89999389648438,156.6627091212602,-20.23728477522417,156
development_repeated_nested_cv,primary_instrument1_full,primary,1,4,5,development_combined,FPCR,ok,ok,True,30,135,calibrate:136,calibrate,136,193.10000610351562,192.74361673504964,-0.3563893684659831,156
development_repeated_nested_cv,primary_instrument1_full,primary,1,4,5,development_combined,FPCR,ok,ok,True,30,142,calibrate:143,calibrate,143,196.60000610351562,192.09055631940933,-4.509449784106295,156
development_repeated_nested_cv,primary_instrument1_full,primary,1,4,5,development_combined,FPCR,ok,ok,True,30,153,calibrate:154,calibrate,154,201.5,192.29860611042298,-9.20139388957702,156
development_repeated_nested_cv,primary_instrument1_full,primary,1,4,5,development_combined,FPCR,ok,ok,True,30,154,calibrate:155,calibrate,155,195.3000030517578,194.2660806522709,-1.0339223994869258,156
development_repeated_nested_cv,primary_instrument1_full,primary,1,4,5,development_combined,FPCR,ok,ok,True,30,155,validate:001,validate,1,189.0,191.36947571064255,2.369475710642547,156
development_repeated_nested_cv,primary_instrument1_full,primary,1,4,5,development_combined,FPCR,ok,ok,True,30,164,validate:010,validate,10,193.8000030517578,190.66247790462296,-3.137525147134852,156
development_repeated_nested_cv,primary_instrument1_full,primary,1,4,5,development_combined,FPCR,ok,ok,True,30,169,validate:015,validate,15,195.10000610351562,191.1363562338571,-3.963649869658525,156
development_repeated_nested_cv,primary_instrument1_full,primary,1,4,5,development_combined,FPCR,ok,ok,True,30,172,validate:018,validate,18,195.39999389648438,191.7194932158386,-3.680500680645764,156
development_repeated_nested_cv,primary_instrument1_full,primary,1,4,5,development_combined,FPCR,ok,ok,True,30,176,validate:022,validate,22,194.0,197.40237974782838,3.402379747828377,156
development_repeated_nested_cv,primary_instrument1_full,primary,1,4,5,development_combined,FPCR,ok,ok,True,30,177,validate:023,validate,23,194.5,197.41082394057597,2.910823940575966,156
development_repeated_nested_cv,primary_instrument1_full,primary,1,4,5,development_combined,FPCR,ok,ok,True,30,181,validate:027,validate,27,198.89999389648438,199.54210688434202,0.6421129878576437,156
development_repeated_nested_cv,primary_instrument1_full,primary,1,4,5,development_combined,FPCR,ok,ok,True,30,192,validate:038,validate,38,197.39999389648438,195.91638946785972,-1.483604428624659,156
development_repeated_nested_cv,primary_instrument1_full,primary,1,5,1,development_combined,CG-FPLS-code,ok,ok,True,3,4,calibrate:005,calibrate,5,199.3000030517578,192.02741131007306,-7.272591741684749,156
development_repeated_nested_cv,primary_instrument1_full,primary,1,5,1,development_combined,CG-FPLS-code,ok,ok,True,3,6,calibrate:007,calibrate,7,200.10000610351562,193.77011851873473,-6.3298875847808915,156
development_repeated_nested_cv,primary_instrument1_full,primary,1,5,1,development_combined,CG-FPLS-code,ok,ok,True,3,17,calibrate:018,calibrate,18,221.89999389648438,219.67901776253916,-2.2209761339452143,156
development_repeated_nested_cv,primary_instrument1_full,primary,1,5,1,development_combined,CG-FPLS-code,ok,ok,True,3,19,calibrate:020,calibrate,20,159.3000030517578,159.0257166303312,-0.2742864214266092,156
development_repeated_nested_cv,primary_instrument1_full,primary,1,5,1,development_combined,CG-FPLS-code,ok,ok,True,3,23,calibrate:024,calibrate,24,190.1999969482422,185.48713758491635,-4.712859363325833,156
development_repeated_nested_cv,primary_instrument1_full,primary,1,5,1,development_combined,CG-FPLS-code,ok,ok,True,3,30,calibrate:031,calibrate,31,184.1999969482422,184.17697853434575,-0.02301841389643755,156
development_repeated_nested_cv,primary_instrument1_full,primary,1,5,1,development_combined,CG-FPLS-code,ok,ok,True,3,42,calibrate:043,calibrate,43,159.60000610351562,162.61969769324114,3.019691589725511,156
development_repeated_nested_cv,primary_instrument1_full,primary,1,5,1,development_combined,CG-FPLS-code,ok,ok,True,3,44,calibrate:045,calibrate,45,181.10000610351562,186.231244114111,5.131238010595382,156
development_repeated_nested_cv,primary_instrument1_full,primary,1,5,1,development_combined,CG-FPLS-code,ok,ok,True,3,45,calibrate:046,calibrate,46,186.8000030517578,182.70627953367136,-4.093723518086449,156
development_repeated_nested_cv,primary_instrument1_full,primary,1,5,1,development_combined,CG-FPLS-code,ok,ok,True,3,48,calibrate:049,calibrate,49,186.3000030517578,188.9173851829837,2.617382131225895,156
development_repeated_nested_cv,primary_instrument1_full,primary,1,5,1,development_combined,CG-FPLS-code,ok,ok,True,3,49,calibrate:050,calibrate,50,220.5,220.40244781068236,-0.0975521893176392,156
development_repeated_nested_cv,primary_instrument1_full,primary,1,5,1,development_combined,CG-FPLS-code,ok,ok,True,3,51,calibrate:052,calibrate,52,231.89999389648438,227.3457464259396,-4.554247470544766,156
development_repeated_nested_cv,primary_instrument1_full,primary,1,5,1,development_combined,CG-FPLS-code,ok,ok,True,3,52,calibrate:053,calibrate,53,171.39999389648438,175.5034323240449,4.103438427560519,156
development_repeated_nested_cv,primary_instrument1_full,primary,1,5,1,development_combined,CG-FPLS-code,ok,ok,True,3,58,calibrate:059,calibrate,59,155.1999969482422,158.63906209944713,3.439065151204943,156
development_repeated_nested_cv,primary_instrument1_full,primary,1,5,1,development_combined,CG-FPLS-code,ok,ok,True,3,78,calibrate:079,calibrate,79,215.1999969482422,220.12936065477305,4.929363706530864,156
development_repeated_nested_cv,primary_instrument1_full,primary,1,5,1,development_combined,CG-FPLS-code,ok,ok,True,3,80,calibrate:081,calibrate,81,172.3000030517578,175.94140289864248,3.641399846884667,156
development_repeated_nested_cv,primary_instrument1_full,primary,1,5,1,development_combined,CG-FPLS-code,ok,ok,True,3,83,calibrate:084,calibrate,84,205.39999389648438,200.55011563350791,-4.8498782629764605,156
development_repeated_nested_cv,primary_instrument1_full,primary,1,5,1,development_combined,CG-FPLS-code,ok,ok,True,3,88,calibrate:089,calibrate,89,203.60000610351562,202.48647791384332,-1.1135281896723086,156
development_repeated_nested_cv,primary_instrument1_full,primary,1,5,1,development_combined,CG-FPLS-code,ok,ok,True,3,98,calibrate:099,calibrate,99,176.39999389648438,176.58105376121085,0.18105986472647828,156
development_repeated_nested_cv,primary_instrument1_full,primary,1,5,1,development_combined,CG-FPLS-code,ok,ok,True,3,104,calibrate:105,calibrate,105,157.0,161.05069848450418,4.050698484504181,156
development_repeated_nested_cv,primary_instrument1_full,primary,1,5,1,development_combined,CG-FPLS-code,ok,ok,True,3,106,calibrate:107,calibrate,107,216.89999389648438,220.8556186536753,3.955624757190918,156
development_repeated_nested_cv,primary_instrument1_full,primary,1,5,1,development_combined,CG-FPLS-code,ok,ok,True,3,111,calibrate:112,calibrate,112,220.0,217.25052868077904,-2.7494713192209588,156
development_repeated_nested_cv,primary_instrument1_full,primary,1,5,1,development_combined,CG-FPLS-code,ok,ok,True,3,115,calibrate:116,calibrate,116,209.5,200.06140550361727,-9.438594496382734,156
development_repeated_nested_cv,primary_instrument1_full,primary,1,5,1,development_combined,CG-FPLS-code,ok,ok,True,3,116,calibrate:117,calibrate,117,224.3000030517578,216.45691339566758,-7.843089656090228,156
development_repeated_nested_cv,primary_instrument1_full,primary,1,5,1,development_combined,CG-FPLS-code,ok,ok,True,3,121,calibrate:122,calibrate,122,176.89999389648438,159.4669000176145,-17.43309387886987,156
development_repeated_nested_cv,primary_instrument1_full,primary,1,5,1,development_combined,CG-FPLS-code,ok,ok,True,3,123,calibrate:124,calibrate,124,175.5,177.8766014880462,2.376601488046191,156
development_repeated_nested_cv,primary_instrument1_full,primary,1,5,1,development_combined,CG-FPLS-code,ok,ok,True,3,125,calibrate:126,calibrate,126,181.0,162.21554224666679,-18.784457753333214,156
development_repeated_nested_cv,primary_instrument1_full,primary,1,5,1,development_combined,CG-FPLS-code,ok,ok,True,3,131,calibrate:132,calibrate,132,206.3000030517578,204.17865895833143,-2.121344093426387,156
development_repeated_nested_cv,primary_instrument1_full,primary,1,5,1,development_combined,CG-FPLS-code,ok,ok,True,3,135,calibrate:136,calibrate,136,193.10000610351562,194.88602755894556,1.7860214554299318,156
development_repeated_nested_cv,primary_instrument1_full,primary,1,5,1,development_combined,CG-FPLS-code,ok,ok,True,3,140,calibrate:141,calibrate,141,197.1999969482422,190.05911082352634,-7.140886124715848,156
development_repeated_nested_cv,primary_instrument1_full,primary,1,5,1,development_combined,CG-FPLS-code,ok,ok,True,3,143,calibrate:144,calibrate,144,194.60000610351562,189.17839089488106,-5.421615208634563,156
development_repeated_nested_cv,primary_instrument1_full,primary,1,5,1,development_combined,CG-FPLS-code,ok,ok,True,3,166,validate:012,validate,12,193.8000030517578,189.36951379658234,-4.430489255175473,156
development_repeated_nested_cv,primary_instrument1_full,primary,1,5,1,development_combined,CG-FPLS-code,ok,ok,True,3,168,validate:014,validate,14,197.5,196.22874182631912,-1.2712581736808772,156
development_repeated_nested_cv,primary_instrument1_full,primary,1,5,1,development_combined,CG-FPLS-code,ok,ok,True,3,169,validate:015,validate,15,195.10000610351562,195.19741046847753,0.09740436496190341,156
development_repeated_nested_cv,primary_instrument1_full,primary,1,5,1,development_combined,CG-FPLS-code,ok,ok,True,3,170,validate:016,validate,16,193.60000610351562,195.22369776509473,1.6236916615791017,156
development_repeated_nested_cv,primary_instrument1_full,primary,1,5,1,development_combined,CG-FPLS-code,ok,ok,True,3,173,validate:019,validate,19,191.8000030517578,195.92738478870083,4.127381736943022,156
development_repeated_nested_cv,primary_instrument1_full,primary,1,5,1,development_combined,CG-FPLS-code,ok,ok,True,3,177,validate:023,validate,23,194.5,199.51949675588202,5.019496755882017,156
development_repeated_nested_cv,primary_instrument1_full,primary,1,5,1,development_combined,CG-FPLS-code,ok,ok,True,3,179,validate:025,validate,25,195.5,196.3088901871099,0.8088901871099097,156
development_repeated_nested_cv,primary_instrument1_full,primary,1,5,1,development_combined,CG-FPLS-code,ok,ok,True,3,189,validate:035,validate,35,196.6999969482422,196.69434089122356,-0.00565605701862637,156
development_repeated_nested_cv,primary_instrument1_full,primary,1,5,1,development_combined,Raw FPLS,ok,ok,True,65,4,calibrate:005,calibrate,5,199.3000030517578,195.91770359023772,-3.382299461520091,156
development_repeated_nested_cv,primary_instrument1_full,primary,1,5,1,development_combined,Raw FPLS,ok,ok,True,65,6,calibrate:007,calibrate,7,200.10000610351562,198.28142019856023,-1.8185859049553983,156
development_repeated_nested_cv,primary_instrument1_full,primary,1,5,1,development_combined,Raw FPLS,ok,ok,True,65,17,calibrate:018,calibrate,18,221.89999389648438,220.10818690428925,-1.79180699219512,156
development_repeated_nested_cv,primary_instrument1_full,primary,1,5,1,development_combined,Raw FPLS,ok,ok,True,65,19,calibrate:020,calibrate,20,159.3000030517578,159.36509500500006,0.06509195324224493,156
development_repeated_nested_cv,primary_instrument1_full,primary,1,5,1,development_combined,Raw FPLS,ok,ok,True,65,23,calibrate:024,calibrate,24,190.1999969482422,186.88377948773334,-3.3162174605088524,156
development_repeated_nested_cv,primary_instrument1_full,primary,1,5,1,development_combined,Raw FPLS,ok,ok,True,65,30,calibrate:031,calibrate,31,184.1999969482422,187.9105072060653,3.7105102578231026,156
development_repeated_nested_cv,primary_instrument1_full,primary,1,5,1,development_combined,Raw FPLS,ok,ok,True,65,42,calibrate:043,calibrate,43,159.60000610351562,162.16754158929507,2.5675354857794446,156
development_repeated_nested_cv,primary_instrument1_full,primary,1,5,1,development_combined,Raw FPLS,ok,ok,True,65,44,calibrate:045,calibrate,45,181.10000610351562,186.1983159009476,5.098309797431966,156
development_repeated_nested_cv,primary_instrument1_full,primary,1,5,1,development_combined,Raw FPLS,ok,ok,True,65,45,calibrate:046,calibrate,46,186.8000030517578,182.56338123802408,-4.236621813733734,156
development_repeated_nested_cv,primary_instrument1_full,primary,1,5,1,development_combined,Raw FPLS,ok,ok,True,65,48,calibrate:049,calibrate,49,186.3000030517578,185.22731743172358,-1.0726856200342354,156
development_repeated_nested_cv,primary_instrument1_full,primary,1,5,1,development_combined,Raw FPLS,ok,ok,True,65,49,calibrate:050,calibrate,50,220.5,217.0896615961766,-3.4103384038234026,156
development_repeated_nested_cv,primary_instrument1_full,primary,1,5,1,development_combined,Raw FPLS,ok,ok,True,65,51,calibrate:052,calibrate,52,231.89999389648438,233.24216094059256,1.34216704410818,156
development_repeated_nested_cv,primary_instrument1_full,primary,1,5,1,development_combined,Raw FPLS,ok,ok,True,65,52,calibrate:053,calibrate,53,171.39999389648438,176.68166963837328,5.281675741888904,156
development_repeated_nested_cv,primary_instrument1_full,primary,1,5,1,development_combined,Raw FPLS,ok,ok,True,65,58,calibrate:059,calibrate,59,155.1999969482422,159.9362302772146,4.736233328972418,156
development_repeated_nested_cv,primary_instrument1_full,primary,1,5,1,development_combined,Raw FPLS,ok,ok,True,65,78,calibrate:079,calibrate,79,215.1999969482422,219.3494348832279,4.149437934985713,156
development_repeated_nested_cv,primary_instrument1_full,primary,1,5,1,development_combined,Raw FPLS,ok,ok,True,65,80,calibrate:081,calibrate,81,172.3000030517578,174.45812723593968,2.1581241841818724,156
development_repeated_nested_cv,primary_instrument1_full,primary,1,5,1,development_combined,Raw FPLS,ok,ok,True,65,83,calibrate:084,calibrate,84,205.39999389648438,202.7698813041663,-2.630112592318085,156
development_repeated_nested_cv,primary_instrument1_full,primary,1,5,1,development_combined,Raw FPLS,ok,ok,True,65,88,calibrate:089,calibrate,89,203.60000610351562,201.46109794839634,-2.1389081551192817,156
development_repeated_nested_cv,primary_instrument1_full,primary,1,5,1,development_combined,Raw FPLS,ok,ok,True,65,98,calibrate:099,calibrate,99,176.39999389648438,176.5136764592432,0.11368256275881095,156
development_repeated_nested_cv,primary_instrument1_full,primary,1,5,1,development_combined,Raw FPLS,ok,ok,True,65,104,calibrate:105,calibrate,105,157.0,158.96440024166742,1.9644002416674198,156
development_repeated_nested_cv,primary_instrument1_full,primary,1,5,1,development_combined,Raw FPLS,ok,ok,True,65,106,calibrate:107,calibrate,107,216.89999389648438,219.1515133846247,2.2515194881403318,156
development_repeated_nested_cv,primary_instrument1_full,primary,1,5,1,development_combined,Raw FPLS,ok,ok,True,65,111,calibrate:112,calibrate,112,220.0,218.54511626498817,-1.4548837350118333,156
development_repeated_nested_cv,primary_instrument1_full,primary,1,5,1,development_combined,Raw FPLS,ok,ok,True,65,115,calibrate:116,calibrate,116,209.5,202.75607557474206,-6.743924425257944,156
development_repeated_nested_cv,primary_instrument1_full,primary,1,5,1,development_combined,Raw FPLS,ok,ok,True,65,116,calibrate:117,calibrate,117,224.3000030517578,216.17811910851776,-8.12188394324005,156
development_repeated_nested_cv,primary_instrument1_full,primary,1,5,1,development_combined,Raw FPLS,ok,ok,True,65,121,calibrate:122,calibrate,122,176.89999389648438,159.15730690385402,-17.742686992630354,156
development_repeated_nested_cv,primary_instrument1_full,primary,1,5,1,development_combined,Raw FPLS,ok,ok,True,65,123,calibrate:124,calibrate,124,175.5,176.93496301946237,1.4349630194623728,156
development_repeated_nested_cv,primary_instrument1_full,primary,1,5,1,development_combined,Raw FPLS,ok,ok,True,65,125,calibrate:126,calibrate,126,181.0,159.3639446793888,-21.636055320611206,156
development_repeated_nested_cv,primary_instrument1_full,primary,1,5,1,development_combined,Raw FPLS,ok,ok,True,65,131,calibrate:132,calibrate,132,206.3000030517578,204.8867416862493,-1.4132613655085038,156
development_repeated_nested_cv,primary_instrument1_full,primary,1,5,1,development_combined,Raw FPLS,ok,ok,True,65,135,calibrate:136,calibrate,136,193.10000610351562,192.36840653611546,-0.731599567400167,156
development_repeated_nested_cv,primary_instrument1_full,primary,1,5,1,development_combined,Raw FPLS,ok,ok,True,65,140,calibrate:141,calibrate,141,197.1999969482422,191.12708759686225,-6.072909351379934,156
development_repeated_nested_cv,primary_instrument1_full,primary,1,5,1,development_combined,Raw FPLS,ok,ok,True,65,143,calibrate:144,calibrate,144,194.60000610351562,189.2881271753342,-5.3118789281814145,156
development_repeated_nested_cv,primary_instrument1_full,primary,1,5,1,development_combined,Raw FPLS,ok,ok,True,65,166,validate:012,validate,12,193.8000030517578,190.05001422755447,-3.749988824203342,156
development_repeated_nested_cv,primary_instrument1_full,primary,1,5,1,development_combined,Raw FPLS,ok,ok,True,65,168,validate:014,validate,14,197.5,192.36311074497078,-5.136889255029217,156
development_repeated_nested_cv,primary_instrument1_full,primary,1,5,1,development_combined,Raw FPLS,ok,ok,True,65,169,validate:015,validate,15,195.10000610351562,190.20496164906294,-4.895044454452687,156
development_repeated_nested_cv,primary_instrument1_full,primary,1,5,1,development_combined,Raw FPLS,ok,ok,True,65,170,validate:016,validate,16,193.60000610351562,191.5446468005844,-2.0553593029312367,156
development_repeated_nested_cv,primary_instrument1_full,primary,1,5,1,development_combined,Raw FPLS,ok,ok,True,65,173,validate:019,validate,19,191.8000030517578,191.38541813366976,-0.4145849180880532,156
development_repeated_nested_cv,primary_instrument1_full,primary,1,5,1,development_combined,Raw FPLS,ok,ok,True,65,177,validate:023,validate,23,194.5,199.232812614244,4.732812614244011,156
development_repeated_nested_cv,primary_instrument1_full,primary,1,5,1,development_combined,Raw FPLS,ok,ok,True,65,179,validate:025,validate,25,195.5,200.77879434281581,5.278794342815814,156
development_repeated_nested_cv,primary_instrument1_full,primary,1,5,1,development_combined,Raw FPLS,ok,ok,True,65,189,validate:035,validate,35,196.6999969482422,199.19186255073788,2.491865602495693,156
development_repeated_nested_cv,primary_instrument1_full,primary,1,5,1,development_combined,Arnoldi FPLS,ok,ok,True,6,4,calibrate:005,calibrate,5,199.3000030517578,199.90833759665406,0.6083345448962518,156
development_repeated_nested_cv,primary_instrument1_full,primary,1,5,1,development_combined,Arnoldi FPLS,ok,ok,True,6,6,calibrate:007,calibrate,7,200.10000610351562,198.5638037715352,-1.5362023319804337,156
development_repeated_nested_cv,primary_instrument1_full,primary,1,5,1,development_combined,Arnoldi FPLS,ok,ok,True,6,17,calibrate:018,calibrate,18,221.89999389648438,221.5132595438252,-0.38673435265917533,156
development_repeated_nested_cv,primary_instrument1_full,primary,1,5,1,development_combined,Arnoldi FPLS,ok,ok,True,6,19,calibrate:020,calibrate,20,159.3000030517578,158.85391478395826,-0.4460882677995528,156
development_repeated_nested_cv,primary_instrument1_full,primary,1,5,1,development_combined,Arnoldi FPLS,ok,ok,True,6,23,calibrate:024,calibrate,24,190.1999969482422,187.81991882850798,-2.3800781197342076,156
development_repeated_nested_cv,primary_instrument1_full,primary,1,5,1,development_combined,Arnoldi FPLS,ok,ok,True,6,30,calibrate:031,calibrate,31,184.1999969482422,186.49070499093898,2.2907080426967923,156
development_repeated_nested_cv,primary_instrument1_full,primary,1,5,1,development_combined,Arnoldi FPLS,ok,ok,True,6,42,calibrate:043,calibrate,43,159.60000610351562,161.70035569363992,2.1003495901242957,156
development_repeated_nested_cv,primary_instrument1_full,primary,1,5,1,development_combined,Arnoldi FPLS,ok,ok,True,6,44,calibrate:045,calibrate,45,181.10000610351562,185.7438825105811,4.643876407065477,156
development_repeated_nested_cv,primary_instrument1_full,primary,1,5,1,development_combined,Arnoldi FPLS,ok,ok,True,6,45,calibrate:046,calibrate,46,186.8000030517578,182.90889023215405,-3.8911128196037623,156
development_repeated_nested_cv,primary_instrument1_full,primary,1,5,1,development_combined,Arnoldi FPLS,ok,ok,True,6,48,calibrate:049,calibrate,49,186.3000030517578,186.74089036079616,0.44088730903834517,156
development_repeated_nested_cv,primary_instrument1_full,primary,1,5,1,development_combined,Arnoldi FPLS,ok,ok,True,6,49,calibrate:050,calibrate,50,220.5,218.15707949556776,-2.342920504432243,156
development_repeated_nested_cv,primary_instrument1_full,primary,1,5,1,development_combined,Arnoldi FPLS,ok,ok,True,6,51,calibrate:052,calibrate,52,231.89999389648438,235.9057403442979,4.005746447813522,156
development_repeated_nested_cv,primary_instrument1_full,primary,1,5,1,development_combined,Arnoldi FPLS,ok,ok,True,6,52,calibrate:053,calibrate,53,171.39999389648438,175.0734647488544,3.6734708523700306,156
development_repeated_nested_cv,primary_instrument1_full,primary,1,5,1,development_combined,Arnoldi FPLS,ok,ok,True,6,58,calibrate:059,calibrate,59,155.1999969482422,158.4565592449849,3.2565622967427146,156
development_repeated_nested_cv,primary_instrument1_full,primary,1,5,1,development_combined,Arnoldi FPLS,ok,ok,True,6,78,calibrate:079,calibrate,79,215.1999969482422,220.17792802229198,4.977931074049792,156
development_repeated_nested_cv,primary_instrument1_full,primary,1,5,1,development_combined,Arnoldi FPLS,ok,ok,True,6,80,calibrate:081,calibrate,81,172.3000030517578,173.34304876549442,1.0430457137366034,156
development_repeated_nested_cv,primary_instrument1_full,primary,1,5,1,development_combined,Arnoldi FPLS,ok,ok,True,6,83,calibrate:084,calibrate,84,205.39999389648438,202.38240123177602,-3.01759266470836,156
development_repeated_nested_cv,primary_instrument1_full,primary,1,5,1,development_combined,Arnoldi FPLS,ok,ok,True,6,88,calibrate:089,calibrate,89,203.60000610351562,205.0423270191584,1.4423209156427674,156
development_repeated_nested_cv,primary_instrument1_full,primary,1,5,1,development_combined,Arnoldi FPLS,ok,ok,True,6,98,calibrate:099,calibrate,99,176.39999389648438,175.71491064127957,-0.6850832552048018,156
development_repeated_nested_cv,primary_instrument1_full,primary,1,5,1,development_combined,Arnoldi FPLS,ok,ok,True,6,104,calibrate:105,calibrate,105,157.0,159.7440485522303,2.7440485522303106,156
development_repeated_nested_cv,primary_instrument1_full,primary,1,5,1,development_combined,Arnoldi FPLS,ok,ok,True,6,106,calibrate:107,calibrate,107,216.89999389648438,219.34005688731213,2.440062990827755,156
development_repeated_nested_cv,primary_instrument1_full,primary,1,5,1,development_combined,Arnoldi FPLS,ok,ok,True,6,111,calibrate:112,calibrate,112,220.0,219.6245239102038,-0.3754760897961944,156
development_repeated_nested_cv,primary_instrument1_full,primary,1,5,1,development_combined,Arnoldi FPLS,ok,ok,True,6,115,calibrate:116,calibrate,116,209.5,199.08164568872402,-10.418354311275976,156
development_repeated_nested_cv,primary_instrument1_full,primary,1,5,1,development_combined,Arnoldi FPLS,ok,ok,True,6,116,calibrate:117,calibrate,117,224.3000030517578,220.23782075714627,-4.062182294611546,156
development_repeated_nested_cv,primary_instrument1_full,primary,1,5,1,development_combined,Arnoldi FPLS,ok,ok,True,6,121,calibrate:122,calibrate,122,176.89999389648438,157.44393989169663,-19.456054004787745,156
development_repeated_nested_cv,primary_instrument1_full,primary,1,5,1,development_combined,Arnoldi FPLS,ok,ok,True,6,123,calibrate:124,calibrate,124,175.5,175.12789522275307,-0.3721047772469319,156
development_repeated_nested_cv,primary_instrument1_full,primary,1,5,1,development_combined,Arnoldi FPLS,ok,ok,True,6,125,calibrate:126,calibrate,126,181.0,158.32990968704362,-22.670090312956376,156
development_repeated_nested_cv,primary_instrument1_full,primary,1,5,1,development_combined,Arnoldi FPLS,ok,ok,True,6,131,calibrate:132,calibrate,132,206.3000030517578,203.43489765187815,-2.865105399879667,156
development_repeated_nested_cv,primary_instrument1_full,primary,1,5,1,development_combined,Arnoldi FPLS,ok,ok,True,6,135,calibrate:136,calibrate,136,193.10000610351562,189.48332378931374,-3.6166823142018814,156
development_repeated_nested_cv,primary_instrument1_full,primary,1,5,1,development_combined,Arnoldi FPLS,ok,ok,True,6,140,calibrate:141,calibrate,141,197.1999969482422,190.49933688837245,-6.700660059869733,156
development_repeated_nested_cv,primary_instrument1_full,primary,1,5,1,development_combined,Arnoldi FPLS,ok,ok,True,6,143,calibrate:144,calibrate,144,194.60000610351562,188.46027843798703,-6.139727665528596,156
development_repeated_nested_cv,primary_instrument1_full,primary,1,5,1,development_combined,Arnoldi FPLS,ok,ok,True,6,166,validate:012,validate,12,193.8000030517578,189.24360581941667,-4.556397232341141,156
development_repeated_nested_cv,primary_instrument1_full,primary,1,5,1,development_combined,Arnoldi FPLS,ok,ok,True,6,168,validate:014,validate,14,197.5,192.80113513469416,-4.698864865305836,156
development_repeated_nested_cv,primary_instrument1_full,primary,1,5,1,development_combined,Arnoldi FPLS,ok,ok,True,6,169,validate:015,validate,15,195.10000610351562,190.74760256406643,-4.352403539449199,156
development_repeated_nested_cv,primary_instrument1_full,primary,1,5,1,development_combined,Arnoldi FPLS,ok,ok,True,6,170,validate:016,validate,16,193.60000610351562,191.33023655488688,-2.2697695486287444,156
development_repeated_nested_cv,primary_instrument1_full,primary,1,5,1,development_combined,Arnoldi FPLS,ok,ok,True,6,173,validate:019,validate,19,191.8000030517578,192.11768572540132,0.3176826736435032,156
development_repeated_nested_cv,primary_instrument1_full,primary,1,5,1,development_combined,Arnoldi FPLS,ok,ok,True,6,177,validate:023,validate,23,194.5,197.17221138144296,2.6722113814429633,156
development_repeated_nested_cv,primary_instrument1_full,primary,1,5,1,development_combined,Arnoldi FPLS,ok,ok,True,6,179,validate:025,validate,25,195.5,201.1435994293948,5.643599429394811,156
development_repeated_nested_cv,primary_instrument1_full,primary,1,5,1,development_combined,Arnoldi FPLS,ok,ok,True,6,189,validate:035,validate,35,196.6999969482422,199.33203027799573,2.63203332975354,156
development_repeated_nested_cv,primary_instrument1_full,primary,1,5,1,development_combined,FPCR,ok,ok,True,39,4,calibrate:005,calibrate,5,199.3000030517578,201.95110839501618,2.651105343258365,156
development_repeated_nested_cv,primary_instrument1_full,primary,1,5,1,development_combined,FPCR,ok,ok,True,39,6,calibrate:007,calibrate,7,200.10000610351562,202.0268291116601,1.9268230081444813,156
development_repeated_nested_cv,primary_instrument1_full,primary,1,5,1,development_combined,FPCR,ok,ok,True,39,17,calibrate:018,calibrate,18,221.89999389648438,225.91023265913617,4.010238762651795,156
development_repeated_nested_cv,primary_instrument1_full,primary,1,5,1,development_combined,FPCR,ok,ok,True,39,19,calibrate:020,calibrate,20,159.3000030517578,158.8114047981744,-0.4885982535834046,156
development_repeated_nested_cv,primary_instrument1_full,primary,1,5,1,development_combined,FPCR,ok,ok,True,39,23,calibrate:024,calibrate,24,190.1999969482422,191.46255738971922,1.262560441477035,156
development_repeated_nested_cv,primary_instrument1_full,primary,1,5,1,development_combined,FPCR,ok,ok,True,39,30,calibrate:031,calibrate,31,184.1999969482422,183.76735566494852,-0.4326412832936626,156
development_repeated_nested_cv,primary_instrument1_full,primary,1,5,1,development_combined,FPCR,ok,ok,True,39,42,calibrate:043,calibrate,43,159.60000610351562,160.92977805532308,1.3297719518074587,156
development_repeated_nested_cv,primary_instrument1_full,primary,1,5,1,development_combined,FPCR,ok,ok,True,39,44,calibrate:045,calibrate,45,181.10000610351562,186.50372814002552,5.40372203650989,156
development_repeated_nested_cv,primary_instrument1_full,primary,1,5,1,development_combined,FPCR,ok,ok,True,39,45,calibrate:046,calibrate,46,186.8000030517578,180.6634641660442,-6.136538885713605,156
development_repeated_nested_cv,primary_instrument1_full,primary,1,5,1,development_combined,FPCR,ok,ok,True,39,48,calibrate:049,calibrate,49,186.3000030517578,189.2806282382438,2.9806251864859803,156
development_repeated_nested_cv,primary_instrument1_full,primary,1,5,1,development_combined,FPCR,ok,ok,True,39,49,calibrate:050,calibrate,50,220.5,220.47171680633423,-0.028283193665771478,156
development_repeated_nested_cv,primary_instrument1_full,primary,1,5,1,development_combined,FPCR,ok,ok,True,39,51,calibrate:052,calibrate,52,231.89999389648438,239.46356773548771,7.56357383900334,156
development_repeated_nested_cv,primary_instrument1_full,primary,1,5,1,development_combined,FPCR,ok,ok,True,39,52,calibrate:053,calibrate,53,171.39999389648438,175.15344331034132,3.7534494138569414,156
development_repeated_nested_cv,primary_instrument1_full,primary,1,5,1,development_combined,FPCR,ok,ok,True,39,58,calibrate:059,calibrate,59,155.1999969482422,155.53912371110027,0.3391267628580863,156
development_repeated_nested_cv,primary_instrument1_full,primary,1,5,1,development_combined,FPCR,ok,ok,True,39,78,calibrate:079,calibrate,79,215.1999969482422,219.04579486910362,3.845797920861429,156
development_repeated_nested_cv,primary_instrument1_full,primary,1,5,1,development_combined,FPCR,ok,ok,True,39,80,calibrate:081,calibrate,81,172.3000030517578,172.2860783431714,-0.01392470858641559,156
development_repeated_nested_cv,primary_instrument1_full,primary,1,5,1,development_combined,FPCR,ok,ok,True,39,83,calibrate:084,calibrate,84,205.39999389648438,201.49179227980332,-3.9082016166810547,156
development_repeated_nested_cv,primary_instrument1_full,primary,1,5,1,development_combined,FPCR,ok,ok,True,39,88,calibrate:089,calibrate,89,203.60000610351562,203.69147183926466,0.09146573574903982,156
development_repeated_nested_cv,primary_instrument1_full,primary,1,5,1,development_combined,FPCR,ok,ok,True,39,98,calibrate:099,calibrate,99,176.39999389648438,176.93380898859436,0.5338150921099896,156
development_repeated_nested_cv,primary_instrument1_full,primary,1,5,1,development_combined,FPCR,ok,ok,True,39,104,calibrate:105,calibrate,105,157.0,159.17484671507995,2.1748467150799513,156
development_repeated_nested_cv,primary_instrument1_full,primary,1,5,1,development_combined,FPCR,ok,ok,True,39,106,calibrate:107,calibrate,107,216.89999389648438,218.38553052770555,1.48553663122118,156
development_repeated_nested_cv,primary_instrument1_full,primary,1,5,1,development_combined,FPCR,ok,ok,True,39,111,calibrate:112,calibrate,112,220.0,215.4455868924746,-4.5544131075253915,156
development_repeated_nested_cv,primary_instrument1_full,primary,1,5,1,development_combined,FPCR,ok,ok,True,39,115,calibrate:116,calibrate,116,209.5,205.52078937087705,-3.979210629122946,156
development_repeated_nested_cv,primary_instrument1_full,primary,1,5,1,development_combined,FPCR,ok,ok,True,39,116,calibrate:117,calibrate,117,224.3000030517578,219.35650249194757,-4.943500559810246,156
development_repeated_nested_cv,primary_instrument1_full,primary,1,5,1,development_combined,FPCR,ok,ok,True,39,121,calibrate:122,calibrate,122,176.89999389648438,157.3339498298306,-19.566044066653774,156
development_repeated_nested_cv,primary_instrument1_full,primary,1,5,1,development_combined,FPCR,ok,ok,True,39,123,calibrate:124,calibrate,124,175.5,173.90981077912983,-1.5901892208701724,156
development_repeated_nested_cv,primary_instrument1_full,primary,1,5,1,development_combined,FPCR,ok,ok,True,39,125,calibrate:126,calibrate,126,181.0,156.84156271777096,-24.158437282229045,156
development_repeated_nested_cv,primary_instrument1_full,primary,1,5,1,development_combined,FPCR,ok,ok,True,39,131,calibrate:132,calibrate,132,206.3000030517578,201.04597907291213,-5.25402397884568,156
development_repeated_nested_cv,primary_instrument1_full,primary,1,5,1,development_combined,FPCR,ok,ok,True,39,135,calibrate:136,calibrate,136,193.10000610351562,190.06770587602284,-3.032300227492783,156
development_repeated_nested_cv,primary_instrument1_full,primary,1,5,1,development_combined,FPCR,ok,ok,True,39,140,calibrate:141,calibrate,141,197.1999969482422,190.88735552888454,-6.3126414193576466,156
development_repeated_nested_cv,primary_instrument1_full,primary,1,5,1,development_combined,FPCR,ok,ok,True,39,143,calibrate:144,calibrate,144,194.60000610351562,190.49144127421764,-4.10856482929799,156
development_repeated_nested_cv,primary_instrument1_full,primary,1,5,1,development_combined,FPCR,ok,ok,True,39,166,validate:012,validate,12,193.8000030517578,191.82930115880532,-1.9707018929524907,156
development_repeated_nested_cv,primary_instrument1_full,primary,1,5,1,development_combined,FPCR,ok,ok,True,39,168,validate:014,validate,14,197.5,192.3869694829852,-5.113030517014806,156
development_repeated_nested_cv,primary_instrument1_full,primary,1,5,1,development_combined,FPCR,ok,ok,True,39,169,validate:015,validate,15,195.10000610351562,191.35160992392431,-3.7483961795913103,156
development_repeated_nested_cv,primary_instrument1_full,primary,1,5,1,development_combined,FPCR,ok,ok,True,39,170,validate:016,validate,16,193.60000610351562,191.4600277591625,-2.139978344353125,156
development_repeated_nested_cv,primary_instrument1_full,primary,1,5,1,development_combined,FPCR,ok,ok,True,39,173,validate:019,validate,19,191.8000030517578,189.9287446039368,-1.8712584478210204,156
development_repeated_nested_cv,primary_instrument1_full,primary,1,5,1,development_combined,FPCR,ok,ok,True,39,177,validate:023,validate,23,194.5,196.22700908290383,1.7270090829038338,156
development_repeated_nested_cv,primary_instrument1_full,primary,1,5,1,development_combined,FPCR,ok,ok,True,39,179,validate:025,validate,25,195.5,200.08227790934683,4.582277909346828,156
development_repeated_nested_cv,primary_instrument1_full,primary,1,5,1,development_combined,FPCR,ok,ok,True,39,189,validate:035,validate,35,196.6999969482422,194.86333571773886,-1.8366612305033243,156
development_repeated_nested_cv,primary_instrument1_full,primary,1,5,2,development_combined,CG-FPLS-code,ok,ok,True,3,10,calibrate:011,calibrate,11,221.8000030517578,218.83293080987542,-2.9670722418823914,156
development_repeated_nested_cv,primary_instrument1_full,primary,1,5,2,development_combined,CG-FPLS-code,ok,ok,True,3,16,calibrate:017,calibrate,17,222.5,214.68302901527085,-7.816970984729153,156
development_repeated_nested_cv,primary_instrument1_full,primary,1,5,2,development_combined,CG-FPLS-code,ok,ok,True,3,18,calibrate:019,calibrate,19,159.5,178.35673568852297,18.856735688522974,156
development_repeated_nested_cv,primary_instrument1_full,primary,1,5,2,development_combined,CG-FPLS-code,ok,ok,True,3,21,calibrate:022,calibrate,22,185.89999389648438,189.49749309685046,3.5974992003660873,156
development_repeated_nested_cv,primary_instrument1_full,primary,1,5,2,development_combined,CG-FPLS-code,ok,ok,True,3,25,calibrate:026,calibrate,26,214.3000030517578,213.8602570121172,-0.43974603964062453,156
development_repeated_nested_cv,primary_instrument1_full,primary,1,5,2,development_combined,CG-FPLS-code,ok,ok,True,3,26,calibrate:027,calibrate,27,209.1999969482422,202.35506354527897,-6.844933402963221,156
development_repeated_nested_cv,primary_instrument1_full,primary,1,5,2,development_combined,CG-FPLS-code,ok,ok,True,3,29,calibrate:030,calibrate,30,236.39999389648438,233.8256273389713,-2.5743665575130876,156
development_repeated_nested_cv,primary_instrument1_full,primary,1,5,2,development_combined,CG-FPLS-code,ok,ok,True,3,40,calibrate:041,calibrate,41,206.60000610351562,203.8032832704373,-2.79672283307832,156
development_repeated_nested_cv,primary_instrument1_full,primary,1,5,2,development_combined,CG-FPLS-code,ok,ok,True,3,43,calibrate:044,calibrate,44,186.89999389648438,186.0373101916112,-0.8626837048731772,156
development_repeated_nested_cv,primary_instrument1_full,primary,1,5,2,development_combined,CG-FPLS-code,ok,ok,True,3,46,calibrate:047,calibrate,47,158.0,166.1838899667322,8.18388996673221,156
development_repeated_nested_cv,primary_instrument1_full,primary,1,5,2,development_combined,CG-FPLS-code,ok,ok,True,3,47,calibrate:048,calibrate,48,156.8000030517578,163.01727695364494,6.2172739018871255,156
development_repeated_nested_cv,primary_instrument1_full,primary,1,5,2,development_combined,CG-FPLS-code,ok,ok,True,3,50,calibrate:051,calibrate,51,188.3000030517578,186.72890854718628,-1.5710945045715334,156
development_repeated_nested_cv,primary_instrument1_full,primary,1,5,2,development_combined,CG-FPLS-code,ok,ok,True,3,60,calibrate:061,calibrate,61,176.89999389648438,176.39249887759146,-0.5074950188929108,156
development_repeated_nested_cv,primary_instrument1_full,primary,1,5,2,development_combined,CG-FPLS-code,ok,ok,True,3,61,calibrate:062,calibrate,62,176.6999969482422,177.70680597648416,1.0068090282419746,156
development_repeated_nested_cv,primary_instrument1_full,primary,1,5,2,development_combined,CG-FPLS-code,ok,ok,True,3,67,calibrate:068,calibrate,68,179.89999389648438,187.39618458754504,7.4961906910606615,156
development_repeated_nested_cv,primary_instrument1_full,primary,1,5,2,development_combined,CG-FPLS-code,ok,ok,True,3,72,calibrate:073,calibrate,73,202.6999969482422,200.39712312569333,-2.302873822548861,156
development_repeated_nested_cv,primary_instrument1_full,primary,1,5,2,development_combined,CG-FPLS-code,ok,ok,True,3,74,calibrate:075,calibrate,75,181.3000030517578,191.82362206996004,10.523619018202226,156
development_repeated_nested_cv,primary_instrument1_full,primary,1,5,2,development_combined,CG-FPLS-code,ok,ok,True,3,87,calibrate:088,calibrate,88,173.60000610351562,183.10978688745044,9.509780783934815,156
development_repeated_nested_cv,primary_instrument1_full,primary,1,5,2,development_combined,CG-FPLS-code,ok,ok,True,3,92,calibrate:093,calibrate,93,203.89999389648438,208.69396206075137,4.793968164267,156
development_repeated_nested_cv,primary_instrument1_full,primary,1,5,2,development_combined,CG-FPLS-code,ok,ok,True,3,94,calibrate:095,calibrate,95,172.0,175.6813616378367,3.6813616378366874,156
development_repeated_nested_cv,primary_instrument1_full,primary,1,5,2,development_combined,CG-FPLS-code,ok,ok,True,3,100,calibrate:101,calibrate,101,216.5,216.012080523596,-0.48791947640398803,156
development_repeated_nested_cv,primary_instrument1_full,primary,1,5,2,development_combined,CG-FPLS-code,ok,ok,True,3,103,calibrate:104,calibrate,104,184.5,181.77804655220945,-2.721953447790554,156
development_repeated_nested_cv,primary_instrument1_full,primary,1,5,2,development_combined,CG-FPLS-code,ok,ok,True,3,112,calibrate:113,calibrate,113,219.39999389648438,212.27035053507046,-7.129643361413912,156
development_repeated_nested_cv,primary_instrument1_full,primary,1,5,2,development_combined,CG-FPLS-code,ok,ok,True,3,113,calibrate:114,calibrate,114,172.89999389648438,176.26525584921254,3.3652619527281615,156
development_repeated_nested_cv,primary_instrument1_full,primary,1,5,2,development_combined,CG-FPLS-code,ok,ok,True,3,128,calibrate:129,calibrate,129,231.10000610351562,220.61253635015382,-10.487469753361808,156
development_repeated_nested_cv,primary_instrument1_full,primary,1,5,2,development_combined,CG-FPLS-code,ok,ok,True,3,129,calibrate:130,calibrate,130,154.60000610351562,168.70068462896108,14.10067852544546,156
development_repeated_nested_cv,primary_instrument1_full,primary,1,5,2,development_combined,CG-FPLS-code,ok,ok,True,3,133,calibrate:134,calibrate,134,192.8000030517578,189.71058210477258,-3.0894209469852285,156
development_repeated_nested_cv,primary_instrument1_full,primary,1,5,2,development_combined,CG-FPLS-code,ok,ok,True,3,146,calibrate:147,calibrate,147,198.60000610351562,189.42298130506478,-9.177024798450844,156
development_repeated_nested_cv,primary_instrument1_full,primary,1,5,2,development_combined,CG-FPLS-code,ok,ok,True,3,148,calibrate:149,calibrate,149,194.10000610351562,198.55049875508328,4.450492651567657,156
development_repeated_nested_cv,primary_instrument1_full,primary,1,5,2,development_combined,CG-FPLS-code,ok,ok,True,3,152,calibrate:153,calibrate,153,199.6999969482422,188.09270243787898,-11.607294510363204,156
development_repeated_nested_cv,primary_instrument1_full,primary,1,5,2,development_combined,CG-FPLS-code,ok,ok,True,3,153,calibrate:154,calibrate,154,201.5,187.24478730546988,-14.255212694530115,156
development_repeated_nested_cv,primary_instrument1_full,primary,1,5,2,development_combined,CG-FPLS-code,ok,ok,True,3,158,validate:004,validate,4,189.39999389648438,197.24336185466825,7.843367958183876,156
development_repeated_nested_cv,primary_instrument1_full,primary,1,5,2,development_combined,CG-FPLS-code,ok,ok,True,3,174,validate:020,validate,20,196.3000030517578,195.32740828455607,-0.9725947672017412,156
development_repeated_nested_cv,primary_instrument1_full,primary,1,5,2,development_combined,CG-FPLS-code,ok,ok,True,3,181,validate:027,validate,27,198.89999389648438,200.7636078527817,1.8636139562973142,156
development_repeated_nested_cv,primary_instrument1_full,primary,1,5,2,development_combined,CG-FPLS-code,ok,ok,True,3,182,validate:028,validate,28,195.0,197.11842724411008,2.11842724411008,156
development_repeated_nested_cv,primary_instrument1_full,primary,1,5,2,development_combined,CG-FPLS-code,ok,ok,True,3,185,validate:031,validate,31,194.10000610351562,194.5521539816449,0.45214787812926716,156
development_repeated_nested_cv,primary_instrument1_full,primary,1,5,2,development_combined,CG-FPLS-code,ok,ok,True,3,188,validate:034,validate,34,193.39999389648438,196.3572794365265,2.957285540042136,156
development_repeated_nested_cv,primary_instrument1_full,primary,1,5,2,development_combined,CG-FPLS-code,ok,ok,True,3,190,validate:036,validate,36,194.6999969482422,199.95150856068676,5.251511612444574,156
development_repeated_nested_cv,primary_instrument1_full,primary,1,5,2,development_combined,CG-FPLS-code,ok,ok,True,3,192,validate:038,validate,38,197.39999389648438,195.1837320430422,-2.2162618534421767,156
development_repeated_nested_cv,primary_instrument1_full,primary,1,5,2,development_combined,Raw FPLS,ok,ok,True,14,10,calibrate:011,calibrate,11,221.8000030517578,217.95055549852688,-3.849447553230931,156
development_repeated_nested_cv,primary_instrument1_full,primary,1,5,2,development_combined,Raw FPLS,ok,ok,True,14,16,calibrate:017,calibrate,17,222.5,218.65658689137413,-3.8434131086258674,156
development_repeated_nested_cv,primary_instrument1_full,primary,1,5,2,development_combined,Raw FPLS,ok,ok,True,14,18,calibrate:019,calibrate,19,159.5,178.52301735739232,19.02301735739232,156
development_repeated_nested_cv,primary_instrument1_full,primary,1,5,2,development_combined,Raw FPLS,ok,ok,True,14,21,calibrate:022,calibrate,22,185.89999389648438,186.68190918424287,0.7819152877584941,156
development_repeated_nested_cv,primary_instrument1_full,primary,1,5,2,development_combined,Raw FPLS,ok,ok,True,14,25,calibrate:026,calibrate,26,214.3000030517578,214.87262643335612,0.5726233815983051,156
development_repeated_nested_cv,primary_instrument1_full,primary,1,5,2,development_combined,Raw FPLS,ok,ok,True,14,26,calibrate:027,calibrate,27,209.1999969482422,205.7493326834413,-3.450664264800878,156
development_repeated_nested_cv,primary_instrument1_full,primary,1,5,2,development_combined,Raw FPLS,ok,ok,True,14,29,calibrate:030,calibrate,30,236.39999389648438,238.19589526921476,1.795901372730384,156
development_repeated_nested_cv,primary_instrument1_full,primary,1,5,2,development_combined,Raw FPLS,ok,ok,True,14,40,calibrate:041,calibrate,41,206.60000610351562,206.20614966675313,-0.3938564367624906,156
development_repeated_nested_cv,primary_instrument1_full,primary,1,5,2,development_combined,Raw FPLS,ok,ok,True,14,43,calibrate:044,calibrate,44,186.89999389648438,189.64529312575698,2.7452992292726037,156
development_repeated_nested_cv,primary_instrument1_full,primary,1,5,2,development_combined,Raw FPLS,ok,ok,True,14,46,calibrate:047,calibrate,47,158.0,159.59556264020722,1.5955626402072198,156
development_repeated_nested_cv,primary_instrument1_full,primary,1,5,2,development_combined,Raw FPLS,ok,ok,True,14,47,calibrate:048,calibrate,48,156.8000030517578,159.2347464432188,2.4347433914609837,156
development_repeated_nested_cv,primary_instrument1_full,primary,1,5,2,development_combined,Raw FPLS,ok,ok,True,14,50,calibrate:051,calibrate,51,188.3000030517578,186.76159225599045,-1.538410795767362,156
development_repeated_nested_cv,primary_instrument1_full,primary,1,5,2,development_combined,Raw FPLS,ok,ok,True,14,60,calibrate:061,calibrate,61,176.89999389648438,177.09129961116284,0.1913057146784638,156
development_repeated_nested_cv,primary_instrument1_full,primary,1,5,2,development_combined,Raw FPLS,ok,ok,True,14,61,calibrate:062,calibrate,62,176.6999969482422,177.11748409630616,0.41748714806396947,156
development_repeated_nested_cv,primary_instrument1_full,primary,1,5,2,development_combined,Raw FPLS,ok,ok,True,14,67,calibrate:068,calibrate,68,179.89999389648438,186.8189615483988,6.918967651914414,156
development_repeated_nested_cv,primary_instrument1_full,primary,1,5,2,development_combined,Raw FPLS,ok,ok,True,14,72,calibrate:073,calibrate,73,202.6999969482422,203.7472762188552,1.0472792706130178,156
development_repeated_nested_cv,primary_instrument1_full,primary,1,5,2,development_combined,Raw FPLS,ok,ok,True,14,74,calibrate:075,calibrate,75,181.3000030517578,184.8107051568202,3.5107021050623928,156
development_repeated_nested_cv,primary_instrument1_full,primary,1,5,2,development_combined,Raw FPLS,ok,ok,True,14,87,calibrate:088,calibrate,88,173.60000610351562,175.31233156165422,1.7123254581385936,156
development_repeated_nested_cv,primary_instrument1_full,primary,1,5,2,development_combined,Raw FPLS,ok,ok,True,14,92,calibrate:093,calibrate,93,203.89999389648438,206.2559015282834,2.3559076317990275,156
development_repeated_nested_cv,primary_instrument1_full,primary,1,5,2,development_combined,Raw FPLS,ok,ok,True,14,94,calibrate:095,calibrate,95,172.0,174.1957440542476,2.195744054247598,156
development_repeated_nested_cv,primary_instrument1_full,primary,1,5,2,development_combined,Raw FPLS,ok,ok,True,14,100,calibrate:101,calibrate,101,216.5,216.48509003248452,-0.014909967515478684,156
development_repeated_nested_cv,primary_instrument1_full,primary,1,5,2,development_combined,Raw FPLS,ok,ok,True,14,103,calibrate:104,calibrate,104,184.5,186.18001384081214,1.680013840812137,156
development_repeated_nested_cv,primary_instrument1_full,primary,1,5,2,development_combined,Raw FPLS,ok,ok,True,14,112,calibrate:113,calibrate,113,219.39999389648438,216.97996890894,-2.420024987544366,156
development_repeated_nested_cv,primary_instrument1_full,primary,1,5,2,development_combined,Raw FPLS,ok,ok,True,14,113,calibrate:114,calibrate,114,172.89999389648438,178.32335985051384,5.423365954029464,156
development_repeated_nested_cv,primary_instrument1_full,primary,1,5,2,development_combined,Raw FPLS,ok,ok,True,14,128,calibrate:129,calibrate,129,231.10000610351562,226.80263468442587,-4.297371419089757,156
development_repeated_nested_cv,primary_instrument1_full,primary,1,5,2,development_combined,Raw FPLS,ok,ok,True,14,129,calibrate:130,calibrate,130,154.60000610351562,162.63216869924727,8.032162595731648,156
development_repeated_nested_cv,primary_instrument1_full,primary,1,5,2,development_combined,Raw FPLS,ok,ok,True,14,133,calibrate:134,calibrate,134,192.8000030517578,193.21029185560838,0.41028880385056254,156
development_repeated_nested_cv,primary_instrument1_full,primary,1,5,2,development_combined,Raw FPLS,ok,ok,True,14,146,calibrate:147,calibrate,147,198.60000610351562,185.8263526213727,-12.773653482142919,156
development_repeated_nested_cv,primary_instrument1_full,primary,1,5,2,development_combined,Raw FPLS,ok,ok,True,14,148,calibrate:149,calibrate,149,194.10000610351562,190.14720533866293,-3.9528007648526966,156
development_repeated_nested_cv,primary_instrument1_full,primary,1,5,2,development_combined,Raw FPLS,ok,ok,True,14,152,calibrate:153,calibrate,153,199.6999969482422,193.98960733059417,-5.710389617648019,156
development_repeated_nested_cv,primary_instrument1_full,primary,1,5,2,development_combined,Raw FPLS,ok,ok,True,14,153,calibrate:154,calibrate,154,201.5,191.74310339021304,-9.756896609786963,156
development_repeated_nested_cv,primary_instrument1_full,primary,1,5,2,development_combined,Raw FPLS,ok,ok,True,14,158,validate:004,validate,4,189.39999389648438,193.07654942873702,3.6765555322526495,156
development_repeated_nested_cv,primary_instrument1_full,primary,1,5,2,development_combined,Raw FPLS,ok,ok,True,14,174,validate:020,validate,20,196.3000030517578,191.83456008114058,-4.465442970617232,156
development_repeated_nested_cv,primary_instrument1_full,primary,1,5,2,development_combined,Raw FPLS,ok,ok,True,14,181,validate:027,validate,27,198.89999389648438,197.3525264753251,-1.5474674211592685,156
development_repeated_nested_cv,primary_instrument1_full,primary,1,5,2,development_combined,Raw FPLS,ok,ok,True,14,182,validate:028,validate,28,195.0,198.7997673022779,3.7997673022778997,156
development_repeated_nested_cv,primary_instrument1_full,primary,1,5,2,development_combined,Raw FPLS,ok,ok,True,14,185,validate:031,validate,31,194.10000610351562,196.6812071177275,2.581201014211871,156
development_repeated_nested_cv,primary_instrument1_full,primary,1,5,2,development_combined,Raw FPLS,ok,ok,True,14,188,validate:034,validate,34,193.39999389648438,197.36009726827962,3.960103371795242,156
development_repeated_nested_cv,primary_instrument1_full,primary,1,5,2,development_combined,Raw FPLS,ok,ok,True,14,190,validate:036,validate,36,194.6999969482422,200.97001646452657,6.270019516284378,156
development_repeated_nested_cv,primary_instrument1_full,primary,1,5,2,development_combined,Raw FPLS,ok,ok,True,14,192,validate:038,validate,38,197.39999389648438,196.72757443743438,-0.6724194590499906,156
development_repeated_nested_cv,primary_instrument1_full,primary,1,5,2,development_combined,Arnoldi FPLS,ok,ok,True,5,10,calibrate:011,calibrate,11,221.8000030517578,217.82677477537607,-3.9732282763817466,156
development_repeated_nested_cv,primary_instrument1_full,primary,1,5,2,development_combined,Arnoldi FPLS,ok,ok,True,5,16,calibrate:017,calibrate,17,222.5,218.7460737922177,-3.753926207782314,156
development_repeated_nested_cv,primary_instrument1_full,primary,1,5,2,development_combined,Arnoldi FPLS,ok,ok,True,5,18,calibrate:019,calibrate,19,159.5,178.61246801232437,19.11246801232437,156
development_repeated_nested_cv,primary_instrument1_full,primary,1,5,2,development_combined,Arnoldi FPLS,ok,ok,True,5,21,calibrate:022,calibrate,22,185.89999389648438,186.6994656619022,0.7994717654178203,156
development_repeated_nested_cv,primary_instrument1_full,primary,1,5,2,development_combined,Arnoldi FPLS,ok,ok,True,5,25,calibrate:026,calibrate,26,214.3000030517578,214.7768752565547,0.47687220479687653,156
development_repeated_nested_cv,primary_instrument1_full,primary,1,5,2,development_combined,Arnoldi FPLS,ok,ok,True,5,26,calibrate:027,calibrate,27,209.1999969482422,205.8918889622599,-3.308107985982275,156
development_repeated_nested_cv,primary_instrument1_full,primary,1,5,2,development_combined,Arnoldi FPLS,ok,ok,True,5,29,calibrate:030,calibrate,30,236.39999389648438,238.11070281243846,1.7107089159540863,156
development_repeated_nested_cv,primary_instrument1_full,primary,1,5,2,development_combined,Arnoldi FPLS,ok,ok,True,5,40,calibrate:041,calibrate,41,206.60000610351562,206.33120671520567,-0.268799388309958,156
development_repeated_nested_cv,primary_instrument1_full,primary,1,5,2,development_combined,Arnoldi FPLS,ok,ok,True,5,43,calibrate:044,calibrate,44,186.89999389648438,189.8176709035989,2.91767700711452,156
development_repeated_nested_cv,primary_instrument1_full,primary,1,5,2,development_combined,Arnoldi FPLS,ok,ok,True,5,46,calibrate:047,calibrate,47,158.0,159.51183952636026,1.5118395263602622,156
development_repeated_nested_cv,primary_instrument1_full,primary,1,5,2,development_combined,Arnoldi FPLS,ok,ok,True,5,47,calibrate:048,calibrate,48,156.8000030517578,158.98849190439591,2.188488852638102,156
development_repeated_nested_cv,primary_instrument1_full,primary,1,5,2,development_combined,Arnoldi FPLS,ok,ok,True,5,50,calibrate:051,calibrate,51,188.3000030517578,186.52147838284904,-1.7785246689087728,156
development_repeated_nested_cv,primary_instrument1_full,primary,1,5,2,development_combined,Arnoldi FPLS,ok,ok,True,5,60,calibrate:061,calibrate,61,176.89999389648438,177.14741131136952,0.2474174148851489,156
development_repeated_nested_cv,primary_instrument1_full,primary,1,5,2,development_combined,Arnoldi FPLS,ok,ok,True,5,61,calibrate:062,calibrate,62,176.6999969482422,176.8006100993328,0.10061315109061297,156
development_repeated_nested_cv,primary_instrument1_full,primary,1,5,2,development_combined,Arnoldi FPLS,ok,ok,True,5,67,calibrate:068,calibrate,68,179.89999389648438,186.84462643061534,6.94463253413096,156
development_repeated_nested_cv,primary_instrument1_full,primary,1,5,2,development_combined,Arnoldi FPLS,ok,ok,True,5,72,calibrate:073,calibrate,73,202.6999969482422,203.84277244029684,1.1427754920546533,156
development_repeated_nested_cv,primary_instrument1_full,primary,1,5,2,development_combined,Arnoldi FPLS,ok,ok,True,5,74,calibrate:075,calibrate,75,181.3000030517578,184.63062493473427,3.330621882976459,156
development_repeated_nested_cv,primary_instrument1_full,primary,1,5,2,development_combined,Arnoldi FPLS,ok,ok,True,5,87,calibrate:088,calibrate,88,173.60000610351562,175.1592128227231,1.5592067192074808,156
development_repeated_nested_cv,primary_instrument1_full,primary,1,5,2,development_combined,Arnoldi FPLS,ok,ok,True,5,92,calibrate:093,calibrate,93,203.89999389648438,206.18579240940838,2.2857985129240035,156
development_repeated_nested_cv,primary_instrument1_full,primary,1,5,2,development_combined,Arnoldi FPLS,ok,ok,True,5,94,calibrate:095,calibrate,95,172.0,174.30440265026198,2.304402650261977,156
development_repeated_nested_cv,primary_instrument1_full,primary,1,5,2,development_combined,Arnoldi FPLS,ok,ok,True,5,100,calibrate:101,calibrate,101,216.5,216.3928065491546,-0.10719345084538645,156
development_repeated_nested_cv,primary_instrument1_full,primary,1,5,2,development_combined,Arnoldi FPLS,ok,ok,True,5,103,calibrate:104,calibrate,104,184.5,186.04229502393483,1.5422950239348268,156
development_repeated_nested_cv,primary_instrument1_full,primary,1,5,2,development_combined,Arnoldi FPLS,ok,ok,True,5,112,calibrate:113,calibrate,113,219.39999389648438,216.76896267368218,-2.631031222802193,156
development_repeated_nested_cv,primary_instrument1_full,primary,1,5,2,development_combined,Arnoldi FPLS,ok,ok,True,5,113,calibrate:114,calibrate,114,172.89999389648438,178.48683446008036,5.586840563595985,156
development_repeated_nested_cv,primary_instrument1_full,primary,1,5,2,development_combined,Arnoldi FPLS,ok,ok,True,5,128,calibrate:129,calibrate,129,231.10000610351562,226.9806613085493,-4.119344794966338,156
development_repeated_nested_cv,primary_instrument1_full,primary,1,5,2,development_combined,Arnoldi FPLS,ok,ok,True,5,129,calibrate:130,calibrate,130,154.60000610351562,162.6491968203256,8.049190716809989,156
development_repeated_nested_cv,primary_instrument1_full,primary,1,5,2,development_combined,Arnoldi FPLS,ok,ok,True,5,133,calibrate:134,calibrate,134,192.8000030517578,193.5076677725314,0.7076647207735789,156
development_repeated_nested_cv,primary_instrument1_full,primary,1,5,2,development_combined,Arnoldi FPLS,ok,ok,True,5,146,calibrate:147,calibrate,147,198.60000610351562,185.61047679132147,-12.98952931219415,156
development_repeated_nested_cv,primary_instrument1_full,primary,1,5,2,development_combined,Arnoldi FPLS,ok,ok,True,5,148,calibrate:149,calibrate,149,194.10000610351562,189.90075698376887,-4.199249119746753,156
development_repeated_nested_cv,primary_instrument1_full,primary,1,5,2,development_combined,Arnoldi FPLS,ok,ok,True,5,152,calibrate:153,calibrate,153,199.6999969482422,193.9607712347569,-5.739225713485297,156
development_repeated_nested_cv,primary_instrument1_full,primary,1,5,2,development_combined,Arnoldi FPLS,ok,ok,True,5,153,calibrate:154,calibrate,154,201.5,191.71993571559034,-9.780064284409661,156
development_repeated_nested_cv,primary_instrument1_full,primary,1,5,2,development_combined,Arnoldi FPLS,ok,ok,True,5,158,validate:004,validate,4,189.39999389648438,193.11169205947422,3.7116981629898476,156
development_repeated_nested_cv,primary_instrument1_full,primary,1,5,2,development_combined,Arnoldi FPLS,ok,ok,True,5,174,validate:020,validate,20,196.3000030517578,191.9596964748358,-4.340306576922018,156
development_repeated_nested_cv,primary_instrument1_full,primary,1,5,2,development_combined,Arnoldi FPLS,ok,ok,True,5,181,validate:027,validate,27,198.89999389648438,197.14945706695906,-1.7505368295253163,156
development_repeated_nested_cv,primary_instrument1_full,primary,1,5,2,development_combined,Arnoldi FPLS,ok,ok,True,5,182,validate:028,validate,28,195.0,198.58916208596509,3.5891620859650857,156
development_repeated_nested_cv,primary_instrument1_full,primary,1,5,2,development_combined,Arnoldi FPLS,ok,ok,True,5,185,validate:031,validate,31,194.10000610351562,196.44862474338814,2.3486186398725124,156
development_repeated_nested_cv,primary_instrument1_full,primary,1,5,2,development_combined,Arnoldi FPLS,ok,ok,True,5,188,validate:034,validate,34,193.39999389648438,197.12494541177486,3.724951515290485,156
development_repeated_nested_cv,primary_instrument1_full,primary,1,5,2,development_combined,Arnoldi FPLS,ok,ok,True,5,190,validate:036,validate,36,194.6999969482422,201.040506069487,6.340509121244821,156
development_repeated_nested_cv,primary_instrument1_full,primary,1,5,2,development_combined,Arnoldi FPLS,ok,ok,True,5,192,validate:038,validate,38,197.39999389648438,196.57470868076055,-0.8252852157238237,156
development_repeated_nested_cv,primary_instrument1_full,primary,1,5,2,development_combined,FPCR,ok,ok,True,18,10,calibrate:011,calibrate,11,221.8000030517578,218.41824537274593,-3.3817576790118835,156
development_repeated_nested_cv,primary_instrument1_full,primary,1,5,2,development_combined,FPCR,ok,ok,True,18,16,calibrate:017,calibrate,17,222.5,217.1061005061772,-5.393899493822801,156
development_repeated_nested_cv,primary_instrument1_full,primary,1,5,2,development_combined,FPCR,ok,ok,True,18,18,calibrate:019,calibrate,19,159.5,177.39636733620867,17.89636733620867,156
development_repeated_nested_cv,primary_instrument1_full,primary,1,5,2,development_combined,FPCR,ok,ok,True,18,21,calibrate:022,calibrate,22,185.89999389648438,185.8498276341424,-0.05016626234197474,156
development_repeated_nested_cv,primary_instrument1_full,primary,1,5,2,development_combined,FPCR,ok,ok,True,18,25,calibrate:026,calibrate,26,214.3000030517578,213.54510928256232,-0.7548937691954904,156
development_repeated_nested_cv,primary_instrument1_full,primary,1,5,2,development_combined,FPCR,ok,ok,True,18,26,calibrate:027,calibrate,27,209.1999969482422,205.56683157961834,-3.6331653686238496,156
development_repeated_nested_cv,primary_instrument1_full,primary,1,5,2,development_combined,FPCR,ok,ok,True,18,29,calibrate:030,calibrate,30,236.39999389648438,239.68403156806983,3.284037671585452,156
development_repeated_nested_cv,primary_instrument1_full,primary,1,5,2,development_combined,FPCR,ok,ok,True,18,40,calibrate:041,calibrate,41,206.60000610351562,206.4374256051231,-0.16258049839251498,156
development_repeated_nested_cv,primary_instrument1_full,primary,1,5,2,development_combined,FPCR,ok,ok,True,18,43,calibrate:044,calibrate,44,186.89999389648438,189.79334106419662,2.8933471677122498,156
development_repeated_nested_cv,primary_instrument1_full,primary,1,5,2,development_combined,FPCR,ok,ok,True,18,46,calibrate:047,calibrate,47,158.0,160.58051582388853,2.5805158238885326,156
development_repeated_nested_cv,primary_instrument1_full,primary,1,5,2,development_combined,FPCR,ok,ok,True,18,47,calibrate:048,calibrate,48,156.8000030517578,159.8650831955945,3.0650801438366955,156
development_repeated_nested_cv,primary_instrument1_full,primary,1,5,2,development_combined,FPCR,ok,ok,True,18,50,calibrate:051,calibrate,51,188.3000030517578,187.26424137623178,-1.0357616755260324,156
development_repeated_nested_cv,primary_instrument1_full,primary,1,5,2,development_combined,FPCR,ok,ok,True,18,60,calibrate:061,calibrate,61,176.89999389648438,174.63005655781058,-2.269937338673799,156
development_repeated_nested_cv,primary_instrument1_full,primary,1,5,2,development_combined,FPCR,ok,ok,True,18,61,calibrate:062,calibrate,62,176.6999969482422,178.02110264511623,1.3211056968740422,156
development_repeated_nested_cv,primary_instrument1_full,primary,1,5,2,development_combined,FPCR,ok,ok,True,18,67,calibrate:068,calibrate,68,179.89999389648438,186.23537719393056,6.335383297446185,156
development_repeated_nested_cv,primary_instrument1_full,primary,1,5,2,development_combined,FPCR,ok,ok,True,18,72,calibrate:073,calibrate,73,202.6999969482422,202.21380182053784,-0.4861951277043488,156
development_repeated_nested_cv,primary_instrument1_full,primary,1,5,2,development_combined,FPCR,ok,ok,True,18,74,calibrate:075,calibrate,75,181.3000030517578,184.36245750873113,3.062454456973313,156
development_repeated_nested_cv,primary_instrument1_full,primary,1,5,2,development_combined,FPCR,ok,ok,True,18,87,calibrate:088,calibrate,88,173.60000610351562,175.34522266488713,1.7452165613715067,156
development_repeated_nested_cv,primary_instrument1_full,primary,1,5,2,development_combined,FPCR,ok,ok,True,18,92,calibrate:093,calibrate,93,203.89999389648438,206.7257796013046,2.8257857048202197,156
development_repeated_nested_cv,primary_instrument1_full,primary,1,5,2,development_combined,FPCR,ok,ok,True,18,94,calibrate:095,calibrate,95,172.0,174.23282356696186,2.232823566961855,156
development_repeated_nested_cv,primary_instrument1_full,primary,1,5,2,development_combined,FPCR,ok,ok,True,18,100,calibrate:101,calibrate,101,216.5,216.51512735059438,0.015127350594383415,156
development_repeated_nested_cv,primary_instrument1_full,primary,1,5,2,development_combined,FPCR,ok,ok,True,18,103,calibrate:104,calibrate,104,184.5,186.3238831957299,1.8238831957299055,156
development_repeated_nested_cv,primary_instrument1_full,primary,1,5,2,development_combined,FPCR,ok,ok,True,18,112,calibrate:113,calibrate,113,219.39999389648438,216.43584566697814,-2.964148229506236,156
development_repeated_nested_cv,primary_instrument1_full,primary,1,5,2,development_combined,FPCR,ok,ok,True,18,113,calibrate:114,calibrate,114,172.89999389648438,178.10044369592617,5.200449799441799,156
development_repeated_nested_cv,primary_instrument1_full,primary,1,5,2,development_combined,FPCR,ok,ok,True,18,128,calibrate:129,calibrate,129,231.10000610351562,227.86400277546548,-3.2360033280501455,156
development_repeated_nested_cv,primary_instrument1_full,primary,1,5,2,development_combined,FPCR,ok,ok,True,18,129,calibrate:130,calibrate,130,154.60000610351562,162.1043604428691,7.504354339353483,156
development_repeated_nested_cv,primary_instrument1_full,primary,1,5,2,development_combined,FPCR,ok,ok,True,18,133,calibrate:134,calibrate,134,192.8000030517578,195.81539054818296,3.0153874964251486,156
development_repeated_nested_cv,primary_instrument1_full,primary,1,5,2,development_combined,FPCR,ok,ok,True,18,146,calibrate:147,calibrate,147,198.60000610351562,184.1071102197901,-14.492895883725538,156
development_repeated_nested_cv,primary_instrument1_full,primary,1,5,2,development_combined,FPCR,ok,ok,True,18,148,calibrate:149,calibrate,149,194.10000610351562,190.4715855468673,-3.6284205566483365,156
development_repeated_nested_cv,primary_instrument1_full,primary,1,5,2,development_combined,FPCR,ok,ok,True,18,152,calibrate:153,calibrate,153,199.6999969482422,195.24397835214805,-4.45601859609414,156
development_repeated_nested_cv,primary_instrument1_full,primary,1,5,2,development_combined,FPCR,ok,ok,True,18,153,calibrate:154,calibrate,154,201.5,193.37089503472907,-8.129104965270926,156
development_repeated_nested_cv,primary_instrument1_full,primary,1,5,2,development_combined,FPCR,ok,ok,True,18,158,validate:004,validate,4,189.39999389648438,194.38318248756485,4.983188591080477,156
development_repeated_nested_cv,primary_instrument1_full,primary,1,5,2,development_combined,FPCR,ok,ok,True,18,174,validate:020,validate,20,196.3000030517578,194.53708146353097,-1.7629215882268454,156
development_repeated_nested_cv,primary_instrument1_full,primary,1,5,2,development_combined,FPCR,ok,ok,True,18,181,validate:027,validate,27,198.89999389648438,198.19444631116033,-0.7055475853240409,156
development_repeated_nested_cv,primary_instrument1_full,primary,1,5,2,development_combined,FPCR,ok,ok,True,18,182,validate:028,validate,28,195.0,198.71309953507534,3.7130995350753437,156
development_repeated_nested_cv,primary_instrument1_full,primary,1,5,2,development_combined,FPCR,ok,ok,True,18,185,validate:031,validate,31,194.10000610351562,197.21439369067002,3.114387587154397,156
development_repeated_nested_cv,primary_instrument1_full,primary,1,5,2,development_combined,FPCR,ok,ok,True,18,188,validate:034,validate,34,193.39999389648438,198.77104631181902,5.3710524153346455,156
development_repeated_nested_cv,primary_instrument1_full,primary,1,5,2,development_combined,FPCR,ok,ok,True,18,190,validate:036,validate,36,194.6999969482422,199.80954691227288,5.109549964030691,156
development_repeated_nested_cv,primary_instrument1_full,primary,1,5,2,development_combined,FPCR,ok,ok,True,18,192,validate:038,validate,38,197.39999389648438,197.52484594326754,0.12485204678316109,156
development_repeated_nested_cv,primary_instrument1_full,primary,1,5,3,development_combined,CG-FPLS-code,ok,ok,True,3,13,calibrate:014,calibrate,14,221.3000030517578,215.92947938627566,-5.370523665482153,156
development_repeated_nested_cv,primary_instrument1_full,primary,1,5,3,development_combined,CG-FPLS-code,ok,ok,True,3,14,calibrate:015,calibrate,15,220.10000610351562,220.0475050666119,-0.05250103690372043,156
development_repeated_nested_cv,primary_instrument1_full,primary,1,5,3,development_combined,CG-FPLS-code,ok,ok,True,3,24,calibrate:025,calibrate,25,177.1999969482422,176.35421523165928,-0.8457817165829056,156
development_repeated_nested_cv,primary_instrument1_full,primary,1,5,3,development_combined,CG-FPLS-code,ok,ok,True,3,38,calibrate:039,calibrate,39,214.10000610351562,222.095395235009,7.9953891314933685,156
development_repeated_nested_cv,primary_instrument1_full,primary,1,5,3,development_combined,CG-FPLS-code,ok,ok,True,3,54,calibrate:055,calibrate,55,188.10000610351562,183.48364675377204,-4.61635934974359,156
development_repeated_nested_cv,primary_instrument1_full,primary,1,5,3,development_combined,CG-FPLS-code,ok,ok,True,3,57,calibrate:058,calibrate,58,157.60000610351562,165.10488513346212,7.504879029946494,156
development_repeated_nested_cv,primary_instrument1_full,primary,1,5,3,development_combined,CG-FPLS-code,ok,ok,True,3,62,calibrate:063,calibrate,63,176.5,174.48424230988596,-2.015757690114043,156
development_repeated_nested_cv,primary_instrument1_full,primary,1,5,3,development_combined,CG-FPLS-code,ok,ok,True,3,66,calibrate:067,calibrate,67,215.60000610351562,218.89670681796153,3.2967007144459046,156
development_repeated_nested_cv,primary_instrument1_full,primary,1,5,3,development_combined,CG-FPLS-code,ok,ok,True,3,71,calibrate:072,calibrate,72,201.8000030517578,207.56456905848566,5.764566006727847,156
development_repeated_nested_cv,primary_instrument1_full,primary,1,5,3,development_combined,CG-FPLS-code,ok,ok,True,3,75,calibrate:076,calibrate,76,178.10000610351562,180.68728304085892,2.5872769373432902,156
development_repeated_nested_cv,primary_instrument1_full,primary,1,5,3,development_combined,CG-FPLS-code,ok,ok,True,3,76,calibrate:077,calibrate,77,158.10000610351562,158.3919910034511,0.2919848999354713,156
development_repeated_nested_cv,primary_instrument1_full,primary,1,5,3,development_combined,CG-FPLS-code,ok,ok,True,3,79,calibrate:080,calibrate,80,208.39999389648438,206.57057161627677,-1.8294222802076092,156
development_repeated_nested_cv,primary_instrument1_full,primary,1,5,3,development_combined,CG-FPLS-code,ok,ok,True,3,85,calibrate:086,calibrate,86,184.1999969482422,185.29403332783582,1.094036379593632,156
development_repeated_nested_cv,primary_instrument1_full,primary,1,5,3,development_combined,CG-FPLS-code,ok,ok,True,3,91,calibrate:092,calibrate,92,175.5,183.01179238479995,7.511792384799946,156
development_repeated_nested_cv,primary_instrument1_full,primary,1,5,3,development_combined,CG-FPLS-code,ok,ok,True,3,93,calibrate:094,calibrate,94,172.39999389648438,182.9329278712388,10.532933974754428,156
development_repeated_nested_cv,primary_instrument1_full,primary,1,5,3,development_combined,CG-FPLS-code,ok,ok,True,3,95,calibrate:096,calibrate,96,171.60000610351562,179.31624441352312,7.716238310007498,156
development_repeated_nested_cv,primary_instrument1_full,primary,1,5,3,development_combined,CG-FPLS-code,ok,ok,True,3,102,calibrate:103,calibrate,103,151.60000610351562,163.0001006955357,11.400094592020082,156
development_repeated_nested_cv,primary_instrument1_full,primary,1,5,3,development_combined,CG-FPLS-code,ok,ok,True,3,105,calibrate:106,calibrate,106,160.39999389648438,159.72642697407284,-0.6735669224115384,156
development_repeated_nested_cv,primary_instrument1_full,primary,1,5,3,development_combined,CG-FPLS-code,ok,ok,True,3,107,calibrate:108,calibrate,108,231.10000610351562,230.6544912373278,-0.4455148661878354,156
development_repeated_nested_cv,primary_instrument1_full,primary,1,5,3,development_combined,CG-FPLS-code,ok,ok,True,3,108,calibrate:109,calibrate,109,222.60000610351562,213.45790836552433,-9.142097737991293,156
development_repeated_nested_cv,primary_instrument1_full,primary,1,5,3,development_combined,CG-FPLS-code,ok,ok,True,3,110,calibrate:111,calibrate,111,217.0,219.61002838130096,2.610028381300964,156
development_repeated_nested_cv,primary_instrument1_full,primary,1,5,3,development_combined,CG-FPLS-code,ok,ok,True,3,119,calibrate:120,calibrate,120,204.60000610351562,204.10359209926114,-0.4964140042544898,156
development_repeated_nested_cv,primary_instrument1_full,primary,1,5,3,development_combined,CG-FPLS-code,ok,ok,True,3,127,calibrate:128,calibrate,128,239.10000610351562,234.65056635596966,-4.449439747545966,156
development_repeated_nested_cv,primary_instrument1_full,primary,1,5,3,development_combined,CG-FPLS-code,ok,ok,True,3,130,calibrate:131,calibrate,131,184.5,184.99129124519501,0.4912912451950149,156
development_repeated_nested_cv,primary_instrument1_full,primary,1,5,3,development_combined,CG-FPLS-code,ok,ok,True,3,137,calibrate:138,calibrate,138,195.89999389648438,192.11284118062233,-3.7871527158620495,156
development_repeated_nested_cv,primary_instrument1_full,primary,1,5,3,development_combined,CG-FPLS-code,ok,ok,True,3,139,calibrate:140,calibrate,140,193.3000030517578,200.66367404178766,7.363670990029846,156
development_repeated_nested_cv,primary_instrument1_full,primary,1,5,3,development_combined,CG-FPLS-code,ok,ok,True,3,145,calibrate:146,calibrate,146,191.0,196.7086456167659,5.708645616765892,156
development_repeated_nested_cv,primary_instrument1_full,primary,1,5,3,development_combined,CG-FPLS-code,ok,ok,True,3,147,calibrate:148,calibrate,148,197.8000030517578,189.48458809543,-8.3154149563278,156
development_repeated_nested_cv,primary_instrument1_full,primary,1,5,3,development_combined,CG-FPLS-code,ok,ok,True,3,149,calibrate:150,calibrate,150,181.3000030517578,197.89999072830787,16.599987676550057,156
development_repeated_nested_cv,primary_instrument1_full,primary,1,5,3,development_combined,CG-FPLS-code,ok,ok,True,3,150,calibrate:151,calibrate,151,200.0,191.04114749592387,-8.958852504076134,156
development_repeated_nested_cv,primary_instrument1_full,primary,1,5,3,development_combined,CG-FPLS-code,ok,ok,True,3,151,calibrate:152,calibrate,152,201.39999389648438,188.82503539878957,-12.574958497694809,156
development_repeated_nested_cv,primary_instrument1_full,primary,1,5,3,development_combined,CG-FPLS-code,ok,ok,True,3,157,validate:003,validate,3,191.89999389648438,191.62961654127463,-0.27037735520974593,156
development_repeated_nested_cv,primary_instrument1_full,primary,1,5,3,development_combined,CG-FPLS-code,ok,ok,True,3,161,validate:007,validate,7,195.89999389648438,196.77630571606926,0.8763118195848847,156
development_repeated_nested_cv,primary_instrument1_full,primary,1,5,3,development_combined,CG-FPLS-code,ok,ok,True,3,164,validate:010,validate,10,193.8000030517578,198.42705067240874,4.627047620650927,156
development_repeated_nested_cv,primary_instrument1_full,primary,1,5,3,development_combined,CG-FPLS-code,ok,ok,True,3,171,validate:017,validate,17,194.6999969482422,198.2941785276662,3.594181579424003,156
development_repeated_nested_cv,primary_instrument1_full,primary,1,5,3,development_combined,CG-FPLS-code,ok,ok,True,3,175,validate:021,validate,21,195.10000610351562,195.00194216721405,-0.09806393630157118,156
development_repeated_nested_cv,primary_instrument1_full,primary,1,5,3,development_combined,CG-FPLS-code,ok,ok,True,3,186,validate:032,validate,32,197.5,191.90925198059026,-5.5907480194097445,156
development_repeated_nested_cv,primary_instrument1_full,primary,1,5,3,development_combined,CG-FPLS-code,ok,ok,True,3,187,validate:033,validate,33,194.1999969482422,196.1848325350388,1.9848355867966063,156
development_repeated_nested_cv,primary_instrument1_full,primary,1,5,3,development_combined,CG-FPLS-code,ok,ok,True,3,193,validate:039,validate,39,196.60000610351562,195.93041712043163,-0.6695889830839974,156
development_repeated_nested_cv,primary_instrument1_full,primary,1,5,3,development_combined,Raw FPLS,ok,ok,True,70,13,calibrate:014,calibrate,14,221.3000030517578,217.6610084950154,-3.6389945567424036,156
development_repeated_nested_cv,primary_instrument1_full,primary,1,5,3,development_combined,Raw FPLS,ok,ok,True,70,14,calibrate:015,calibrate,15,220.10000610351562,217.69859080963244,-2.40141529388319,156
development_repeated_nested_cv,primary_instrument1_full,primary,1,5,3,development_combined,Raw FPLS,ok,ok,True,70,24,calibrate:025,calibrate,25,177.1999969482422,176.3386077475733,-0.8613892006688957,156
development_repeated_nested_cv,primary_instrument1_full,primary,1,5,3,development_combined,Raw FPLS,ok,ok,True,70,38,calibrate:039,calibrate,39,214.10000610351562,223.36370274117448,9.263696637658853,156
development_repeated_nested_cv,primary_instrument1_full,primary,1,5,3,development_combined,Raw FPLS,ok,ok,True,70,54,calibrate:055,calibrate,55,188.10000610351562,184.33793187971332,-3.7620742238023013,156
development_repeated_nested_cv,primary_instrument1_full,primary,1,5,3,development_combined,Raw FPLS,ok,ok,True,70,57,calibrate:058,calibrate,58,157.60000610351562,163.28587572381124,5.68586962029562,156
development_repeated_nested_cv,primary_instrument1_full,primary,1,5,3,development_combined,Raw FPLS,ok,ok,True,70,62,calibrate:063,calibrate,63,176.5,179.66999499505093,3.169994995050928,156
development_repeated_nested_cv,primary_instrument1_full,primary,1,5,3,development_combined,Raw FPLS,ok,ok,True,70,66,calibrate:067,calibrate,67,215.60000610351562,217.1567009586664,1.5566948551507664,156
development_repeated_nested_cv,primary_instrument1_full,primary,1,5,3,development_combined,Raw FPLS,ok,ok,True,70,71,calibrate:072,calibrate,72,201.8000030517578,204.0625082575345,2.2625052057766766,156
development_repeated_nested_cv,primary_instrument1_full,primary,1,5,3,development_combined,Raw FPLS,ok,ok,True,70,75,calibrate:076,calibrate,76,178.10000610351562,175.68550942177455,-2.4144966817410705,156
development_repeated_nested_cv,primary_instrument1_full,primary,1,5,3,development_combined,Raw FPLS,ok,ok,True,70,76,calibrate:077,calibrate,77,158.10000610351562,157.37878539656805,-0.7212207069475767,156
development_repeated_nested_cv,primary_instrument1_full,primary,1,5,3,development_combined,Raw FPLS,ok,ok,True,70,79,calibrate:080,calibrate,80,208.39999389648438,203.75923238881475,-4.640761507669623,156
development_repeated_nested_cv,primary_instrument1_full,primary,1,5,3,development_combined,Raw FPLS,ok,ok,True,70,85,calibrate:086,calibrate,86,184.1999969482422,185.21098389074808,1.0109869425058946,156
development_repeated_nested_cv,primary_instrument1_full,primary,1,5,3,development_combined,Raw FPLS,ok,ok,True,70,91,calibrate:092,calibrate,92,175.5,176.28132835096295,0.7813283509629514,156
development_repeated_nested_cv,primary_instrument1_full,primary,1,5,3,development_combined,Raw FPLS,ok,ok,True,70,93,calibrate:094,calibrate,94,172.39999389648438,176.60231268295504,4.20231878647067,156
development_repeated_nested_cv,primary_instrument1_full,primary,1,5,3,development_combined,Raw FPLS,ok,ok,True,70,95,calibrate:096,calibrate,96,171.60000610351562,171.55404926154156,-0.04595684197406058,156
development_repeated_nested_cv,primary_instrument1_full,primary,1,5,3,development_combined,Raw FPLS,ok,ok,True,70,102,calibrate:103,calibrate,103,151.60000610351562,162.73239185127102,11.132385747755393,156
development_repeated_nested_cv,primary_instrument1_full,primary,1,5,3,development_combined,Raw FPLS,ok,ok,True,70,105,calibrate:106,calibrate,106,160.39999389648438,159.0889820577433,-1.3110118387410807,156
development_repeated_nested_cv,primary_instrument1_full,primary,1,5,3,development_combined,Raw FPLS,ok,ok,True,70,107,calibrate:108,calibrate,108,231.10000610351562,237.60522923592947,6.505223132413846,156
development_repeated_nested_cv,primary_instrument1_full,primary,1,5,3,development_combined,Raw FPLS,ok,ok,True,70,108,calibrate:109,calibrate,109,222.60000610351562,221.37050493152122,-1.2295011719944,156
development_repeated_nested_cv,primary_instrument1_full,primary,1,5,3,development_combined,Raw FPLS,ok,ok,True,70,110,calibrate:111,calibrate,111,217.0,217.4519495433565,0.4519495433565055,156
development_repeated_nested_cv,primary_instrument1_full,primary,1,5,3,development_combined,Raw FPLS,ok,ok,True,70,119,calibrate:120,calibrate,120,204.60000610351562,206.09706549261102,1.4970593890953978,156
development_repeated_nested_cv,primary_instrument1_full,primary,1,5,3,development_combined,Raw FPLS,ok,ok,True,70,127,calibrate:128,calibrate,128,239.10000610351562,239.58921266003642,0.4892065565207986,156
development_repeated_nested_cv,primary_instrument1_full,primary,1,5,3,development_combined,Raw FPLS,ok,ok,True,70,130,calibrate:131,calibrate,131,184.5,187.54598144116338,3.045981441163377,156
development_repeated_nested_cv,primary_instrument1_full,primary,1,5,3,development_combined,Raw FPLS,ok,ok,True,70,137,calibrate:138,calibrate,138,195.89999389648438,202.37513411397137,6.475140217486995,156
development_repeated_nested_cv,primary_instrument1_full,primary,1,5,3,development_combined,Raw FPLS,ok,ok,True,70,139,calibrate:140,calibrate,140,193.3000030517578,197.28741856374808,3.987415511990264,156
development_repeated_nested_cv,primary_instrument1_full,primary,1,5,3,development_combined,Raw FPLS,ok,ok,True,70,145,calibrate:146,calibrate,146,191.0,191.24120090134133,0.24120090134132965,156
development_repeated_nested_cv,primary_instrument1_full,primary,1,5,3,development_combined,Raw FPLS,ok,ok,True,70,147,calibrate:148,calibrate,148,197.8000030517578,190.09050848746406,-7.709494564293749,156
development_repeated_nested_cv,primary_instrument1_full,primary,1,5,3,development_combined,Raw FPLS,ok,ok,True,70,149,calibrate:150,calibrate,150,181.3000030517578,192.26864177609173,10.968638724333914,156
development_repeated_nested_cv,primary_instrument1_full,primary,1,5,3,development_combined,Raw FPLS,ok,ok,True,70,150,calibrate:151,calibrate,151,200.0,194.30539215012482,-5.694607849875183,156
development_repeated_nested_cv,primary_instrument1_full,primary,1,5,3,development_combined,Raw FPLS,ok,ok,True,70,151,calibrate:152,calibrate,152,201.39999389648438,193.30724433873343,-8.092749557750949,156
development_repeated_nested_cv,primary_instrument1_full,primary,1,5,3,development_combined,Raw FPLS,ok,ok,True,70,157,validate:003,validate,3,191.89999389648438,198.5572714868551,6.657277590370711,156
development_repeated_nested_cv,primary_instrument1_full,primary,1,5,3,development_combined,Raw FPLS,ok,ok,True,70,161,validate:007,validate,7,195.89999389648438,193.43302757161646,-2.4669663248679115,156
development_repeated_nested_cv,primary_instrument1_full,primary,1,5,3,development_combined,Raw FPLS,ok,ok,True,70,164,validate:010,validate,10,193.8000030517578,190.84321194354365,-2.956791108214162,156
development_repeated_nested_cv,primary_instrument1_full,primary,1,5,3,development_combined,Raw FPLS,ok,ok,True,70,171,validate:017,validate,17,194.6999969482422,193.56348314338493,-1.136513804857259,156
development_repeated_nested_cv,primary_instrument1_full,primary,1,5,3,development_combined,Raw FPLS,ok,ok,True,70,175,validate:021,validate,21,195.10000610351562,200.08713877706904,4.987132673553418,156
development_repeated_nested_cv,primary_instrument1_full,primary,1,5,3,development_combined,Raw FPLS,ok,ok,True,70,186,validate:032,validate,32,197.5,195.60828763677455,-1.8917123632254516,156
development_repeated_nested_cv,primary_instrument1_full,primary,1,5,3,development_combined,Raw FPLS,ok,ok,True,70,187,validate:033,validate,33,194.1999969482422,200.34708124148037,6.14708429323818,156
development_repeated_nested_cv,primary_instrument1_full,primary,1,5,3,development_combined,Raw FPLS,ok,ok,True,70,193,validate:039,validate,39,196.60000610351562,198.85357235529378,2.253566251778153,156
development_repeated_nested_cv,primary_instrument1_full,primary,1,5,3,development_combined,Arnoldi FPLS,ok,ok,True,5,13,calibrate:014,calibrate,14,221.3000030517578,217.56636334892184,-3.7336397028359727,156
development_repeated_nested_cv,primary_instrument1_full,primary,1,5,3,development_combined,Arnoldi FPLS,ok,ok,True,5,14,calibrate:015,calibrate,15,220.10000610351562,217.74890286396672,-2.3511032395489053,156
development_repeated_nested_cv,primary_instrument1_full,primary,1,5,3,development_combined,Arnoldi FPLS,ok,ok,True,5,24,calibrate:025,calibrate,25,177.1999969482422,176.27734769550514,-0.9226492527370453,156
development_repeated_nested_cv,primary_instrument1_full,primary,1,5,3,development_combined,Arnoldi FPLS,ok,ok,True,5,38,calibrate:039,calibrate,39,214.10000610351562,223.40099386843414,9.300987764918517,156
development_repeated_nested_cv,primary_instrument1_full,primary,1,5,3,development_combined,Arnoldi FPLS,ok,ok,True,5,54,calibrate:055,calibrate,55,188.10000610351562,184.46156285954592,-3.6384432439697036,156
development_repeated_nested_cv,primary_instrument1_full,primary,1,5,3,development_combined,Arnoldi FPLS,ok,ok,True,5,57,calibrate:058,calibrate,58,157.60000610351562,163.2538272381807,5.6538211346650655,156
development_repeated_nested_cv,primary_instrument1_full,primary,1,5,3,development_combined,Arnoldi FPLS,ok,ok,True,5,62,calibrate:063,calibrate,63,176.5,179.57774847914533,3.0777484791453276,156
development_repeated_nested_cv,primary_instrument1_full,primary,1,5,3,development_combined,Arnoldi FPLS,ok,ok,True,5,66,calibrate:067,calibrate,67,215.60000610351562,217.19595391327655,1.5959478097609292,156
development_repeated_nested_cv,primary_instrument1_full,primary,1,5,3,development_combined,Arnoldi FPLS,ok,ok,True,5,71,calibrate:072,calibrate,72,201.8000030517578,204.10481694779193,2.304813896034119,156
development_repeated_nested_cv,primary_instrument1_full,primary,1,5,3,development_combined,Arnoldi FPLS,ok,ok,True,5,75,calibrate:076,calibrate,76,178.10000610351562,175.74982422926607,-2.3501818742495573,156
development_repeated_nested_cv,primary_instrument1_full,primary,1,5,3,development_combined,Arnoldi FPLS,ok,ok,True,5,76,calibrate:077,calibrate,77,158.10000610351562,157.49541974228242,-0.6045863612332028,156
development_repeated_nested_cv,primary_instrument1_full,primary,1,5,3,development_combined,Arnoldi FPLS,ok,ok,True,5,79,calibrate:080,calibrate,80,208.39999389648438,203.81930948666005,-4.580684409824329,156
development_repeated_nested_cv,primary_instrument1_full,primary,1,5,3,development_combined,Arnoldi FPLS,ok,ok,True,5,85,calibrate:086,calibrate,86,184.1999969482422,185.16062167418673,0.9606247259445411,156
development_repeated_nested_cv,primary_instrument1_full,primary,1,5,3,development_combined,Arnoldi FPLS,ok,ok,True,5,91,calibrate:092,calibrate,92,175.5,176.3683145953555,0.868314595355514,156
development_repeated_nested_cv,primary_instrument1_full,primary,1,5,3,development_combined,Arnoldi FPLS,ok,ok,True,5,93,calibrate:094,calibrate,94,172.39999389648438,176.68464646223094,4.284652565746569,156
development_repeated_nested_cv,primary_instrument1_full,primary,1,5,3,development_combined,Arnoldi FPLS,ok,ok,True,5,95,calibrate:096,calibrate,96,171.60000610351562,171.63369733889786,0.03369123538223562,156
development_repeated_nested_cv,primary_instrument1_full,primary,1,5,3,development_combined,Arnoldi FPLS,ok,ok,True,5,102,calibrate:103,calibrate,103,151.60000610351562,162.68787567033587,11.087869566820245,156
development_repeated_nested_cv,primary_instrument1_full,primary,1,5,3,development_combined,Arnoldi FPLS,ok,ok,True,5,105,calibrate:106,calibrate,106,160.39999389648438,159.21897232949965,-1.1810215669847253,156
development_repeated_nested_cv,primary_instrument1_full,primary,1,5,3,development_combined,Arnoldi FPLS,ok,ok,True,5,107,calibrate:108,calibrate,108,231.10000610351562,237.5781301045679,6.478124001052265,156
development_repeated_nested_cv,primary_instrument1_full,primary,1,5,3,development_combined,Arnoldi FPLS,ok,ok,True,5,108,calibrate:109,calibrate,109,222.60000610351562,221.26796728861726,-1.3320388148983682,156
development_repeated_nested_cv,primary_instrument1_full,primary,1,5,3,development_combined,Arnoldi FPLS,ok,ok,True,5,110,calibrate:111,calibrate,111,217.0,217.46645551815317,0.4664555181531682,156
development_repeated_nested_cv,primary_instrument1_full,primary,1,5,3,development_combined,Arnoldi FPLS,ok,ok,True,5,119,calibrate:120,calibrate,120,204.60000610351562,206.0185459501761,1.4185398466604795,156
development_repeated_nested_cv,primary_instrument1_full,primary,1,5,3,development_combined,Arnoldi FPLS,ok,ok,True,5,127,calibrate:128,calibrate,128,239.10000610351562,239.60647603617372,0.5064699326580921,156
development_repeated_nested_cv,primary_instrument1_full,primary,1,5,3,development_combined,Arnoldi FPLS,ok,ok,True,5,130,calibrate:131,calibrate,131,184.5,187.47411971248653,2.9741197124865266,156
development_repeated_nested_cv,primary_instrument1_full,primary,1,5,3,development_combined,Arnoldi FPLS,ok,ok,True,5,137,calibrate:138,calibrate,138,195.89999389648438,202.27957871669042,6.379584820206048,156
development_repeated_nested_cv,primary_instrument1_full,primary,1,5,3,development_combined,Arnoldi FPLS,ok,ok,True,5,139,calibrate:140,calibrate,140,193.3000030517578,197.31586525006549,4.015862198307673,156
development_repeated_nested_cv,primary_instrument1_full,primary,1,5,3,development_combined,Arnoldi FPLS,ok,ok,True,5,145,calibrate:146,calibrate,146,191.0,191.27756331594162,0.2775633159416202,156
development_repeated_nested_cv,primary_instrument1_full,primary,1,5,3,development_combined,Arnoldi FPLS,ok,ok,True,5,147,calibrate:148,calibrate,148,197.8000030517578,190.01405941805396,-7.785943633703852,156
development_repeated_nested_cv,primary_instrument1_full,primary,1,5,3,development_combined,Arnoldi FPLS,ok,ok,True,5,149,calibrate:150,calibrate,150,181.3000030517578,192.28852529591512,10.98852224415731,156
development_repeated_nested_cv,primary_instrument1_full,primary,1,5,3,development_combined,Arnoldi FPLS,ok,ok,True,5,150,calibrate:151,calibrate,151,200.0,194.36547372340695,-5.63452627659305,156
development_repeated_nested_cv,primary_instrument1_full,primary,1,5,3,development_combined,Arnoldi FPLS,ok,ok,True,5,151,calibrate:152,calibrate,152,201.39999389648438,193.3747009771069,-8.025292919377478,156
development_repeated_nested_cv,primary_instrument1_full,primary,1,5,3,development_combined,Arnoldi FPLS,ok,ok,True,5,157,validate:003,validate,3,191.89999389648438,198.44461790337218,6.544624006887801,156
development_repeated_nested_cv,primary_instrument1_full,primary,1,5,3,development_combined,Arnoldi FPLS,ok,ok,True,5,161,validate:007,validate,7,195.89999389648438,193.5039822971583,-2.396011599326073,156
development_repeated_nested_cv,primary_instrument1_full,primary,1,5,3,development_combined,Arnoldi FPLS,ok,ok,True,5,164,validate:010,validate,10,193.8000030517578,190.83553980147857,-2.9644632502792376,156
development_repeated_nested_cv,primary_instrument1_full,primary,1,5,3,development_combined,Arnoldi FPLS,ok,ok,True,5,171,validate:017,validate,17,194.6999969482422,193.5843316523481,-1.1156652958940754,156
development_repeated_nested_cv,primary_instrument1_full,primary,1,5,3,development_combined,Arnoldi FPLS,ok,ok,True,5,175,validate:021,validate,21,195.10000610351562,199.9922699767675,4.8922638732518635,156
development_repeated_nested_cv,primary_instrument1_full,primary,1,5,3,development_combined,Arnoldi FPLS,ok,ok,True,5,186,validate:032,validate,32,197.5,195.71642818533124,-1.7835718146687611,156
development_repeated_nested_cv,primary_instrument1_full,primary,1,5,3,development_combined,Arnoldi FPLS,ok,ok,True,5,187,validate:033,validate,33,194.1999969482422,200.27415363527925,6.0741566870370605,156
development_repeated_nested_cv,primary_instrument1_full,primary,1,5,3,development_combined,Arnoldi FPLS,ok,ok,True,5,193,validate:039,validate,39,196.60000610351562,198.78050977307018,2.180503669554554,156
development_repeated_nested_cv,primary_instrument1_full,primary,1,5,3,development_combined,FPCR,ok,ok,True,7,13,calibrate:014,calibrate,14,221.3000030517578,217.01047809008406,-4.289524961673749,156
development_repeated_nested_cv,primary_instrument1_full,primary,1,5,3,development_combined,FPCR,ok,ok,True,7,14,calibrate:015,calibrate,15,220.10000610351562,218.51569274015148,-1.5843133633641457,156
development_repeated_nested_cv,primary_instrument1_full,primary,1,5,3,development_combined,FPCR,ok,ok,True,7,24,calibrate:025,calibrate,25,177.1999969482422,175.98184937314468,-1.218147575097504,156
development_repeated_nested_cv,primary_instrument1_full,primary,1,5,3,development_combined,FPCR,ok,ok,True,7,38,calibrate:039,calibrate,39,214.10000610351562,224.30481728341059,10.20481117989496,156
development_repeated_nested_cv,primary_instrument1_full,primary,1,5,3,development_combined,FPCR,ok,ok,True,7,54,calibrate:055,calibrate,55,188.10000610351562,186.50122934794675,-1.5987767555688777,156
development_repeated_nested_cv,primary_instrument1_full,primary,1,5,3,development_combined,FPCR,ok,ok,True,7,57,calibrate:058,calibrate,58,157.60000610351562,163.30560781819716,5.705601714681535,156
development_repeated_nested_cv,primary_instrument1_full,primary,1,5,3,development_combined,FPCR,ok,ok,True,7,62,calibrate:063,calibrate,63,176.5,178.05021919785136,1.5502191978513622,156
development_repeated_nested_cv,primary_instrument1_full,primary,1,5,3,development_combined,FPCR,ok,ok,True,7,66,calibrate:067,calibrate,67,215.60000610351562,218.1005905572801,2.500584453764475,156
development_repeated_nested_cv,primary_instrument1_full,primary,1,5,3,development_combined,FPCR,ok,ok,True,7,71,calibrate:072,calibrate,72,201.8000030517578,204.1778435016603,2.377840449902493,156
development_repeated_nested_cv,primary_instrument1_full,primary,1,5,3,development_combined,FPCR,ok,ok,True,7,75,calibrate:076,calibrate,76,178.10000610351562,176.80817514573215,-1.2918309577834748,156
development_repeated_nested_cv,primary_instrument1_full,primary,1,5,3,development_combined,FPCR,ok,ok,True,7,76,calibrate:077,calibrate,77,158.10000610351562,158.6819882310974,0.5819821275817674,156
development_repeated_nested_cv,primary_instrument1_full,primary,1,5,3,development_combined,FPCR,ok,ok,True,7,79,calibrate:080,calibrate,80,208.39999389648438,204.44766947580754,-3.952324420676831,156
development_repeated_nested_cv,primary_instrument1_full,primary,1,5,3,development_combined,FPCR,ok,ok,True,7,85,calibrate:086,calibrate,86,184.1999969482422,184.56625672831848,0.366259780076291,156
development_repeated_nested_cv,primary_instrument1_full,primary,1,5,3,development_combined,FPCR,ok,ok,True,7,91,calibrate:092,calibrate,92,175.5,177.5302260049982,2.0302260049982124,156
development_repeated_nested_cv,primary_instrument1_full,primary,1,5,3,development_combined,FPCR,ok,ok,True,7,93,calibrate:094,calibrate,94,172.39999389648438,177.52145707086507,5.121463174380693,156
development_repeated_nested_cv,primary_instrument1_full,primary,1,5,3,development_combined,FPCR,ok,ok,True,7,95,calibrate:096,calibrate,96,171.60000610351562,172.70241518188286,1.1024090783672307,156
development_repeated_nested_cv,primary_instrument1_full,primary,1,5,3,development_combined,FPCR,ok,ok,True,7,102,calibrate:103,calibrate,103,151.60000610351562,163.00530308780475,11.405296984289123,156
development_repeated_nested_cv,primary_instrument1_full,primary,1,5,3,development_combined,FPCR,ok,ok,True,7,105,calibrate:106,calibrate,106,160.39999389648438,160.4112025540859,0.01120865760151446,156
development_repeated_nested_cv,primary_instrument1_full,primary,1,5,3,development_combined,FPCR,ok,ok,True,7,107,calibrate:108,calibrate,108,231.10000610351562,237.83799091774654,6.737984814230913,156
development_repeated_nested_cv,primary_instrument1_full,primary,1,5,3,development_combined,FPCR,ok,ok,True,7,108,calibrate:109,calibrate,109,222.60000610351562,219.34887630701968,-3.2511297964959454,156
development_repeated_nested_cv,primary_instrument1_full,primary,1,5,3,development_combined,FPCR,ok,ok,True,7,110,calibrate:111,calibrate,111,217.0,217.1799669055357,0.17996690553570716,156
development_repeated_nested_cv,primary_instrument1_full,primary,1,5,3,development_combined,FPCR,ok,ok,True,7,119,calibrate:120,calibrate,120,204.60000610351562,205.89115416217757,1.2911480586619462,156
development_repeated_nested_cv,primary_instrument1_full,primary,1,5,3,development_combined,FPCR,ok,ok,True,7,127,calibrate:128,calibrate,128,239.10000610351562,238.34240049079182,-0.7576056127238076,156
development_repeated_nested_cv,primary_instrument1_full,primary,1,5,3,development_combined,FPCR,ok,ok,True,7,130,calibrate:131,calibrate,131,184.5,186.10795820520076,1.6079582052007595,156
development_repeated_nested_cv,primary_instrument1_full,primary,1,5,3,development_combined,FPCR,ok,ok,True,7,137,calibrate:138,calibrate,138,195.89999389648438,201.01975315702177,5.119759260537393,156
development_repeated_nested_cv,primary_instrument1_full,primary,1,5,3,development_combined,FPCR,ok,ok,True,7,139,calibrate:140,calibrate,140,193.3000030517578,198.3218587943761,5.0218557426183,156
development_repeated_nested_cv,primary_instrument1_full,primary,1,5,3,development_combined,FPCR,ok,ok,True,7,145,calibrate:146,calibrate,146,191.0,190.84383762866668,-0.15616237133332334,156
development_repeated_nested_cv,primary_instrument1_full,primary,1,5,3,development_combined,FPCR,ok,ok,True,7,147,calibrate:148,calibrate,148,197.8000030517578,189.22354430697678,-8.576458744781036,156
development_repeated_nested_cv,primary_instrument1_full,primary,1,5,3,development_combined,FPCR,ok,ok,True,7,149,calibrate:150,calibrate,150,181.3000030517578,193.0242454475462,11.724242395788394,156
development_repeated_nested_cv,primary_instrument1_full,primary,1,5,3,development_combined,FPCR,ok,ok,True,7,150,calibrate:151,calibrate,151,200.0,194.60072420252337,-5.399275797476633,156
development_repeated_nested_cv,primary_instrument1_full,primary,1,5,3,development_combined,FPCR,ok,ok,True,7,151,calibrate:152,calibrate,152,201.39999389648438,193.32479015927814,-8.075203737206238,156
development_repeated_nested_cv,primary_instrument1_full,primary,1,5,3,development_combined,FPCR,ok,ok,True,7,157,validate:003,validate,3,191.89999389648438,197.82957356051145,5.929579664027074,156
development_repeated_nested_cv,primary_instrument1_full,primary,1,5,3,development_combined,FPCR,ok,ok,True,7,161,validate:007,validate,7,195.89999389648438,194.73517381093825,-1.1648200855461255,156
development_repeated_nested_cv,primary_instrument1_full,primary,1,5,3,development_combined,FPCR,ok,ok,True,7,164,validate:010,validate,10,193.8000030517578,191.28301444343853,-2.5169886083192807,156
development_repeated_nested_cv,primary_instrument1_full,primary,1,5,3,development_combined,FPCR,ok,ok,True,7,171,validate:017,validate,17,194.6999969482422,194.010314021347,-0.6896829268951876,156
development_repeated_nested_cv,primary_instrument1_full,primary,1,5,3,development_combined,FPCR,ok,ok,True,7,175,validate:021,validate,21,195.10000610351562,199.5980220970595,4.4980159935438735,156
development_repeated_nested_cv,primary_instrument1_full,primary,1,5,3,development_combined,FPCR,ok,ok,True,7,186,validate:032,validate,32,197.5,196.62931918252713,-0.8706808174728735,156
development_repeated_nested_cv,primary_instrument1_full,primary,1,5,3,development_combined,FPCR,ok,ok,True,7,187,validate:033,validate,33,194.1999969482422,200.04165875430473,5.841661806062547,156
development_repeated_nested_cv,primary_instrument1_full,primary,1,5,3,development_combined,FPCR,ok,ok,True,7,193,validate:039,validate,39,196.60000610351562,198.17952014631646,1.579514042800838,156
development_repeated_nested_cv,primary_instrument1_full,primary,1,5,4,development_combined,CG-FPLS-code,ok,ok,True,3,0,calibrate:001,calibrate,1,200.10000610351562,188.5585471114514,-11.541458992064236,156
development_repeated_nested_cv,primary_instrument1_full,primary,1,5,4,development_combined,CG-FPLS-code,ok,ok,True,3,1,calibrate:002,calibrate,2,198.6999969482422,190.46707436470786,-8.232922583534332,156
development_repeated_nested_cv,primary_instrument1_full,primary,1,5,4,development_combined,CG-FPLS-code,ok,ok,True,3,7,calibrate:008,calibrate,8,207.6999969482422,203.4540219154326,-4.245975032809582,156
development_repeated_nested_cv,primary_instrument1_full,primary,1,5,4,development_combined,CG-FPLS-code,ok,ok,True,3,9,calibrate:010,calibrate,10,181.10000610351562,178.4461933273378,-2.65381277617783,156
development_repeated_nested_cv,primary_instrument1_full,primary,1,5,4,development_combined,CG-FPLS-code,ok,ok,True,3,11,calibrate:012,calibrate,12,162.0,161.32460965931304,-0.6753903406869597,156
development_repeated_nested_cv,primary_instrument1_full,primary,1,5,4,development_combined,CG-FPLS-code,ok,ok,True,3,15,calibrate:016,calibrate,16,173.8000030517578,180.43130852652106,6.631305474763252,156
development_repeated_nested_cv,primary_instrument1_full,primary,1,5,4,development_combined,CG-FPLS-code,ok,ok,True,3,20,calibrate:021,calibrate,21,183.1999969482422,182.34538463996688,-0.854612308275307,156
development_repeated_nested_cv,primary_instrument1_full,primary,1,5,4,development_combined,CG-FPLS-code,ok,ok,True,3,22,calibrate:023,calibrate,23,220.6999969482422,219.42929849971327,-1.2706984485289183,156
development_repeated_nested_cv,primary_instrument1_full,primary,1,5,4,development_combined,CG-FPLS-code,ok,ok,True,3,27,calibrate:028,calibrate,28,175.8000030517578,176.29402456563773,0.49402151387991466,156
development_repeated_nested_cv,primary_instrument1_full,primary,1,5,4,development_combined,CG-FPLS-code,ok,ok,True,3,55,calibrate:056,calibrate,56,157.5,163.54540022141208,6.0454002214120806,156
development_repeated_nested_cv,primary_instrument1_full,primary,1,5,4,development_combined,CG-FPLS-code,ok,ok,True,3,56,calibrate:057,calibrate,57,222.3000030517578,221.54498744387186,-0.7550156078859516,156
development_repeated_nested_cv,primary_instrument1_full,primary,1,5,4,development_combined,CG-FPLS-code,ok,ok,True,3,64,calibrate:065,calibrate,65,158.1999969482422,161.90189532085037,3.701898372608184,156
development_repeated_nested_cv,primary_instrument1_full,primary,1,5,4,development_combined,CG-FPLS-code,ok,ok,True,3,69,calibrate:070,calibrate,70,159.3000030517578,163.12809510779556,3.8280920560377467,156
development_repeated_nested_cv,primary_instrument1_full,primary,1,5,4,development_combined,CG-FPLS-code,ok,ok,True,3,73,calibrate:074,calibrate,74,213.8000030517578,215.62427274236396,1.824269690606144,156
development_repeated_nested_cv,primary_instrument1_full,primary,1,5,4,development_combined,CG-FPLS-code,ok,ok,True,3,81,calibrate:082,calibrate,82,216.39999389648438,216.13547586633965,-0.2645180301447283,156
development_repeated_nested_cv,primary_instrument1_full,primary,1,5,4,development_combined,CG-FPLS-code,ok,ok,True,3,82,calibrate:083,calibrate,83,172.39999389648438,178.41225650819976,6.012262611715386,156
development_repeated_nested_cv,primary_instrument1_full,primary,1,5,4,development_combined,CG-FPLS-code,ok,ok,True,3,84,calibrate:085,calibrate,85,177.1999969482422,175.71000830961603,-1.4899886386261585,156
development_repeated_nested_cv,primary_instrument1_full,primary,1,5,4,development_combined,CG-FPLS-code,ok,ok,True,3,99,calibrate:100,calibrate,100,219.3000030517578,214.5769546312489,-4.723048420508917,156
development_repeated_nested_cv,primary_instrument1_full,primary,1,5,4,development_combined,CG-FPLS-code,ok,ok,True,3,101,calibrate:102,calibrate,102,203.6999969482422,204.73022213281246,1.03022518457027,156
development_repeated_nested_cv,primary_instrument1_full,primary,1,5,4,development_combined,CG-FPLS-code,ok,ok,True,3,109,calibrate:110,calibrate,110,231.10000610351562,228.82724352283012,-2.2727625806855087,156
development_repeated_nested_cv,primary_instrument1_full,primary,1,5,4,development_combined,CG-FPLS-code,ok,ok,True,3,114,calibrate:115,calibrate,115,180.5,176.04075250754062,-4.459247492459383,156
development_repeated_nested_cv,primary_instrument1_full,primary,1,5,4,development_combined,CG-FPLS-code,ok,ok,True,3,117,calibrate:118,calibrate,118,217.1999969482422,219.64977036238287,2.4497734141406795,156
development_repeated_nested_cv,primary_instrument1_full,primary,1,5,4,development_combined,CG-FPLS-code,ok,ok,True,3,118,calibrate:119,calibrate,119,232.89999389648438,233.7139507826906,0.8139568862062276,156
development_repeated_nested_cv,primary_instrument1_full,primary,1,5,4,development_combined,CG-FPLS-code,ok,ok,True,3,120,calibrate:121,calibrate,121,155.10000610351562,161.5241790263647,6.424172922849067,156
development_repeated_nested_cv,primary_instrument1_full,primary,1,5,4,development_combined,CG-FPLS-code,ok,ok,True,3,122,calibrate:123,calibrate,123,188.0,186.39294198810722,-1.607058011892775,156
development_repeated_nested_cv,primary_instrument1_full,primary,1,5,4,development_combined,CG-FPLS-code,ok,ok,True,3,126,calibrate:127,calibrate,127,204.5,182.9275392690392,-21.572460730960813,156
development_repeated_nested_cv,primary_instrument1_full,primary,1,5,4,development_combined,CG-FPLS-code,ok,ok,True,3,132,calibrate:133,calibrate,133,186.6999969482422,193.65853263638945,6.958535688147265,156
development_repeated_nested_cv,primary_instrument1_full,primary,1,5,4,development_combined,CG-FPLS-code,ok,ok,True,3,136,calibrate:137,calibrate,137,192.60000610351562,190.22943651144055,-2.3705695920750713,156
development_repeated_nested_cv,primary_instrument1_full,primary,1,5,4,development_combined,CG-FPLS-code,ok,ok,True,3,138,calibrate:139,calibrate,139,191.1999969482422,199.35728101325762,8.157284065015432,156
development_repeated_nested_cv,primary_instrument1_full,primary,1,5,4,development_combined,CG-FPLS-code,ok,ok,True,3,141,calibrate:142,calibrate,142,196.3000030517578,186.39054887718245,-9.909454174575359,156
development_repeated_nested_cv,primary_instrument1_full,primary,1,5,4,development_combined,CG-FPLS-code,ok,ok,True,3,142,calibrate:143,calibrate,143,196.60000610351562,190.64223262307345,-5.957773480442171,156
development_repeated_nested_cv,primary_instrument1_full,primary,1,5,4,development_combined,CG-FPLS-code,ok,ok,True,3,156,validate:002,validate,2,188.1999969482422,196.6854311692292,8.485434220987003,156
development_repeated_nested_cv,primary_instrument1_full,primary,1,5,4,development_combined,CG-FPLS-code,ok,ok,True,3,160,validate:006,validate,6,194.5,194.03781879784572,-0.4621812021542837,156
development_repeated_nested_cv,primary_instrument1_full,primary,1,5,4,development_combined,CG-FPLS-code,ok,ok,True,3,162,validate:008,validate,8,194.89999389648438,195.4347617758466,0.5347678793622208,156
development_repeated_nested_cv,primary_instrument1_full,primary,1,5,4,development_combined,CG-FPLS-code,ok,ok,True,3,165,validate:011,validate,11,195.10000610351562,188.0777217578942,-7.022284345621415,156
development_repeated_nested_cv,primary_instrument1_full,primary,1,5,4,development_combined,CG-FPLS-code,ok,ok,True,3,172,validate:018,validate,18,195.39999389648438,195.57093581053923,0.17094191405485049,156
development_repeated_nested_cv,primary_instrument1_full,primary,1,5,4,development_combined,CG-FPLS-code,ok,ok,True,3,180,validate:026,validate,26,193.39999389648438,199.68279961442929,6.28280571794491,156
development_repeated_nested_cv,primary_instrument1_full,primary,1,5,4,development_combined,CG-FPLS-code,ok,ok,True,3,183,validate:029,validate,29,199.5,198.00843373658788,-1.4915662634121247,156
development_repeated_nested_cv,primary_instrument1_full,primary,1,5,4,development_combined,CG-FPLS-code,ok,ok,True,3,184,validate:030,validate,30,196.8000030517578,196.5840489436949,-0.2159541080629026,156
development_repeated_nested_cv,primary_instrument1_full,primary,1,5,4,development_combined,Raw FPLS,ok,ok,True,15,0,calibrate:001,calibrate,1,200.10000610351562,194.17736792514856,-5.922638178367066,156
development_repeated_nested_cv,primary_instrument1_full,primary,1,5,4,development_combined,Raw FPLS,ok,ok,True,15,1,calibrate:002,calibrate,2,198.6999969482422,194.68967519603862,-4.010321752203566,156
development_repeated_nested_cv,primary_instrument1_full,primary,1,5,4,development_combined,Raw FPLS,ok,ok,True,15,7,calibrate:008,calibrate,8,207.6999969482422,203.40310949312877,-4.296887455113421,156
development_repeated_nested_cv,primary_instrument1_full,primary,1,5,4,development_combined,Raw FPLS,ok,ok,True,15,9,calibrate:010,calibrate,10,181.10000610351562,177.81854043618293,-3.2814656673326965,156
development_repeated_nested_cv,primary_instrument1_full,primary,1,5,4,development_combined,Raw FPLS,ok,ok,True,15,11,calibrate:012,calibrate,12,162.0,161.47717787744364,-0.522822122556363,156
development_repeated_nested_cv,primary_instrument1_full,primary,1,5,4,development_combined,Raw FPLS,ok,ok,True,15,15,calibrate:016,calibrate,16,173.8000030517578,174.5077021914766,0.707699139718784,156
development_repeated_nested_cv,primary_instrument1_full,primary,1,5,4,development_combined,Raw FPLS,ok,ok,True,15,20,calibrate:021,calibrate,21,183.1999969482422,184.5558484666208,1.3558515183786142,156
development_repeated_nested_cv,primary_instrument1_full,primary,1,5,4,development_combined,Raw FPLS,ok,ok,True,15,22,calibrate:023,calibrate,23,220.6999969482422,217.29977453214502,-3.400222416097165,156
development_repeated_nested_cv,primary_instrument1_full,primary,1,5,4,development_combined,Raw FPLS,ok,ok,True,15,27,calibrate:028,calibrate,28,175.8000030517578,176.5213312177638,0.7213281660059749,156
development_repeated_nested_cv,primary_instrument1_full,primary,1,5,4,development_combined,Raw FPLS,ok,ok,True,15,55,calibrate:056,calibrate,56,157.5,160.896544470478,3.3965444704780055,156
development_repeated_nested_cv,primary_instrument1_full,primary,1,5,4,development_combined,Raw FPLS,ok,ok,True,15,56,calibrate:057,calibrate,57,222.3000030517578,219.69968147219822,-2.6003215795595906,156
development_repeated_nested_cv,primary_instrument1_full,primary,1,5,4,development_combined,Raw FPLS,ok,ok,True,15,64,calibrate:065,calibrate,65,158.1999969482422,160.55353558516396,2.353538636921769,156
development_repeated_nested_cv,primary_instrument1_full,primary,1,5,4,development_combined,Raw FPLS,ok,ok,True,15,69,calibrate:070,calibrate,70,159.3000030517578,160.79260303166782,1.4925999799100111,156
development_repeated_nested_cv,primary_instrument1_full,primary,1,5,4,development_combined,Raw FPLS,ok,ok,True,15,73,calibrate:074,calibrate,74,213.8000030517578,214.67737352619542,0.8773704744376118,156
development_repeated_nested_cv,primary_instrument1_full,primary,1,5,4,development_combined,Raw FPLS,ok,ok,True,15,81,calibrate:082,calibrate,82,216.39999389648438,216.33386114590078,-0.06613275058359136,156
development_repeated_nested_cv,primary_instrument1_full,primary,1,5,4,development_combined,Raw FPLS,ok,ok,True,15,82,calibrate:083,calibrate,83,172.39999389648438,174.21296953972916,1.8129756432447834,156
development_repeated_nested_cv,primary_instrument1_full,primary,1,5,4,development_combined,Raw FPLS,ok,ok,True,15,84,calibrate:085,calibrate,85,177.1999969482422,177.3152410167125,0.11524406847030377,156
development_repeated_nested_cv,primary_instrument1_full,primary,1,5,4,development_combined,Raw FPLS,ok,ok,True,15,99,calibrate:100,calibrate,100,219.3000030517578,217.92885866565308,-1.3711443861047314,156
development_repeated_nested_cv,primary_instrument1_full,primary,1,5,4,development_combined,Raw FPLS,ok,ok,True,15,101,calibrate:102,calibrate,102,203.6999969482422,207.44884293115788,3.7488459829156966,156
development_repeated_nested_cv,primary_instrument1_full,primary,1,5,4,development_combined,Raw FPLS,ok,ok,True,15,109,calibrate:110,calibrate,110,231.10000610351562,233.34701003604798,2.247003932532351,156
development_repeated_nested_cv,primary_instrument1_full,primary,1,5,4,development_combined,Raw FPLS,ok,ok,True,15,114,calibrate:115,calibrate,115,180.5,176.21596001196048,-4.284039988039524,156
development_repeated_nested_cv,primary_instrument1_full,primary,1,5,4,development_combined,Raw FPLS,ok,ok,True,15,117,calibrate:118,calibrate,118,217.1999969482422,218.57514642771616,1.3751494794739756,156
development_repeated_nested_cv,primary_instrument1_full,primary,1,5,4,development_combined,Raw FPLS,ok,ok,True,15,118,calibrate:119,calibrate,119,232.89999389648438,236.32756617591005,3.427572279425675,156
development_repeated_nested_cv,primary_instrument1_full,primary,1,5,4,development_combined,Raw FPLS,ok,ok,True,15,120,calibrate:121,calibrate,121,155.10000610351562,160.02135263056343,4.9213465270478025,156
development_repeated_nested_cv,primary_instrument1_full,primary,1,5,4,development_combined,Raw FPLS,ok,ok,True,15,122,calibrate:123,calibrate,123,188.0,187.50699575391297,-0.4930042460870254,156
development_repeated_nested_cv,primary_instrument1_full,primary,1,5,4,development_combined,Raw FPLS,ok,ok,True,15,126,calibrate:127,calibrate,127,204.5,186.29581119052392,-18.20418880947608,156
development_repeated_nested_cv,primary_instrument1_full,primary,1,5,4,development_combined,Raw FPLS,ok,ok,True,15,132,calibrate:133,calibrate,133,186.6999969482422,190.12351421515717,3.4235172669149847,156
development_repeated_nested_cv,primary_instrument1_full,primary,1,5,4,development_combined,Raw FPLS,ok,ok,True,15,136,calibrate:137,calibrate,137,192.60000610351562,184.9869930860728,-7.6130130174428245,156
development_repeated_nested_cv,primary_instrument1_full,primary,1,5,4,development_combined,Raw FPLS,ok,ok,True,15,138,calibrate:139,calibrate,139,191.1999969482422,196.20456375436947,5.004566806127286,156
development_repeated_nested_cv,primary_instrument1_full,primary,1,5,4,development_combined,Raw FPLS,ok,ok,True,15,141,calibrate:142,calibrate,142,196.3000030517578,192.06602414136688,-4.233978910390931,156
development_repeated_nested_cv,primary_instrument1_full,primary,1,5,4,development_combined,Raw FPLS,ok,ok,True,15,142,calibrate:143,calibrate,143,196.60000610351562,192.3871904351541,-4.2128156683615146,156
development_repeated_nested_cv,primary_instrument1_full,primary,1,5,4,development_combined,Raw FPLS,ok,ok,True,15,156,validate:002,validate,2,188.1999969482422,191.74880523804313,3.548808289800945,156
development_repeated_nested_cv,primary_instrument1_full,primary,1,5,4,development_combined,Raw FPLS,ok,ok,True,15,160,validate:006,validate,6,194.5,191.94878940281424,-2.551210597185758,156
development_repeated_nested_cv,primary_instrument1_full,primary,1,5,4,development_combined,Raw FPLS,ok,ok,True,15,162,validate:008,validate,8,194.89999389648438,193.0734952733162,-1.8264986231681632,156
development_repeated_nested_cv,primary_instrument1_full,primary,1,5,4,development_combined,Raw FPLS,ok,ok,True,15,165,validate:011,validate,11,195.10000610351562,192.74446508471354,-2.3555410188020858,156
development_repeated_nested_cv,primary_instrument1_full,primary,1,5,4,development_combined,Raw FPLS,ok,ok,True,15,172,validate:018,validate,18,195.39999389648438,191.00053605484715,-4.399457841637229,156
development_repeated_nested_cv,primary_instrument1_full,primary,1,5,4,development_combined,Raw FPLS,ok,ok,True,15,180,validate:026,validate,26,193.39999389648438,199.32302489215402,5.923030995669649,156
development_repeated_nested_cv,primary_instrument1_full,primary,1,5,4,development_combined,Raw FPLS,ok,ok,True,15,183,validate:029,validate,29,199.5,197.58111316248682,-1.9188868375131847,156
development_repeated_nested_cv,primary_instrument1_full,primary,1,5,4,development_combined,Raw FPLS,ok,ok,True,15,184,validate:030,validate,30,196.8000030517578,200.74332293646967,3.9433198847118547,156
development_repeated_nested_cv,primary_instrument1_full,primary,1,5,4,development_combined,Arnoldi FPLS,ok,ok,True,6,0,calibrate:001,calibrate,1,200.10000610351562,192.82501625446105,-7.2749898490545775,156
development_repeated_nested_cv,primary_instrument1_full,primary,1,5,4,development_combined,Arnoldi FPLS,ok,ok,True,6,1,calibrate:002,calibrate,2,198.6999969482422,193.8875594628813,-4.812437485360874,156
development_repeated_nested_cv,primary_instrument1_full,primary,1,5,4,development_combined,Arnoldi FPLS,ok,ok,True,6,7,calibrate:008,calibrate,8,207.6999969482422,205.20288440635588,-2.4971125418863096,156
development_repeated_nested_cv,primary_instrument1_full,primary,1,5,4,development_combined,Arnoldi FPLS,ok,ok,True,6,9,calibrate:010,calibrate,10,181.10000610351562,175.92776198484722,-5.172244118668402,156
development_repeated_nested_cv,primary_instrument1_full,primary,1,5,4,development_combined,Arnoldi FPLS,ok,ok,True,6,11,calibrate:012,calibrate,12,162.0,160.4228547758575,-1.5771452241424981,156
development_repeated_nested_cv,primary_instrument1_full,primary,1,5,4,development_combined,Arnoldi FPLS,ok,ok,True,6,15,calibrate:016,calibrate,16,173.8000030517578,173.5630780988888,-0.2369249528690034,156
development_repeated_nested_cv,primary_instrument1_full,primary,1,5,4,development_combined,Arnoldi FPLS,ok,ok,True,6,20,calibrate:021,calibrate,21,183.1999969482422,180.44111360580325,-2.758883342438935,156
development_repeated_nested_cv,primary_instrument1_full,primary,1,5,4,development_combined,Arnoldi FPLS,ok,ok,True,6,22,calibrate:023,calibrate,23,220.6999969482422,218.34895664160206,-2.3510403066401295,156
development_repeated_nested_cv,primary_instrument1_full,primary,1,5,4,development_combined,Arnoldi FPLS,ok,ok,True,6,27,calibrate:028,calibrate,28,175.8000030517578,175.44445760212216,-0.35554544963565604,156
development_repeated_nested_cv,primary_instrument1_full,primary,1,5,4,development_combined,Arnoldi FPLS,ok,ok,True,6,55,calibrate:056,calibrate,56,157.5,159.90847733313956,2.408477333139558,156
development_repeated_nested_cv,primary_instrument1_full,primary,1,5,4,development_combined,Arnoldi FPLS,ok,ok,True,6,56,calibrate:057,calibrate,57,222.3000030517578,219.37864704554846,-2.9213560062093507,156
development_repeated_nested_cv,primary_instrument1_full,primary,1,5,4,development_combined,Arnoldi FPLS,ok,ok,True,6,64,calibrate:065,calibrate,65,158.1999969482422,162.8021141790354,4.602117230793226,156
development_repeated_nested_cv,primary_instrument1_full,primary,1,5,4,development_combined,Arnoldi FPLS,ok,ok,True,6,69,calibrate:070,calibrate,70,159.3000030517578,162.93837640443112,3.6383733526733124,156
development_repeated_nested_cv,primary_instrument1_full,primary,1,5,4,development_combined,Arnoldi FPLS,ok,ok,True,6,73,calibrate:074,calibrate,74,213.8000030517578,217.49456116451435,3.694558112756539,156
development_repeated_nested_cv,primary_instrument1_full,primary,1,5,4,development_combined,Arnoldi FPLS,ok,ok,True,6,81,calibrate:082,calibrate,82,216.39999389648438,219.00229284498783,2.60229894850346,156
development_repeated_nested_cv,primary_instrument1_full,primary,1,5,4,development_combined,Arnoldi FPLS,ok,ok,True,6,82,calibrate:083,calibrate,83,172.39999389648438,174.10117571937963,1.7011818228952507,156
development_repeated_nested_cv,primary_instrument1_full,primary,1,5,4,development_combined,Arnoldi FPLS,ok,ok,True,6,84,calibrate:085,calibrate,85,177.1999969482422,175.7513463039172,-1.4486506443249993,156
development_repeated_nested_cv,primary_instrument1_full,primary,1,5,4,development_combined,Arnoldi FPLS,ok,ok,True,6,99,calibrate:100,calibrate,100,219.3000030517578,216.92472814283246,-2.3752749089253484,156
development_repeated_nested_cv,primary_instrument1_full,primary,1,5,4,development_combined,Arnoldi FPLS,ok,ok,True,6,101,calibrate:102,calibrate,102,203.6999969482422,205.7903731441899,2.0903761959477265,156
development_repeated_nested_cv,primary_instrument1_full,primary,1,5,4,development_combined,Arnoldi FPLS,ok,ok,True,6,109,calibrate:110,calibrate,110,231.10000610351562,230.09900620019897,-1.0009999033166537,156
development_repeated_nested_cv,primary_instrument1_full,primary,1,5,4,development_combined,Arnoldi FPLS,ok,ok,True,6,114,calibrate:115,calibrate,115,180.5,174.42667810179643,-6.073321898203574,156
development_repeated_nested_cv,primary_instrument1_full,primary,1,5,4,development_combined,Arnoldi FPLS,ok,ok,True,6,117,calibrate:118,calibrate,118,217.1999969482422,218.06720111641283,0.8672041681706446,156
development_repeated_nested_cv,primary_instrument1_full,primary,1,5,4,development_combined,Arnoldi FPLS,ok,ok,True,6,118,calibrate:119,calibrate,119,232.89999389648438,236.87369554844466,3.9737016519602832,156
development_repeated_nested_cv,primary_instrument1_full,primary,1,5,4,development_combined,Arnoldi FPLS,ok,ok,True,6,120,calibrate:121,calibrate,121,155.10000610351562,161.94386395827044,6.843857854754816,156
development_repeated_nested_cv,primary_instrument1_full,primary,1,5,4,development_combined,Arnoldi FPLS,ok,ok,True,6,122,calibrate:123,calibrate,123,188.0,185.99309074099037,-2.006909259009632,156
development_repeated_nested_cv,primary_instrument1_full,primary,1,5,4,development_combined,Arnoldi FPLS,ok,ok,True,6,126,calibrate:127,calibrate,127,204.5,184.04145261042896,-20.458547389571038,156
development_repeated_nested_cv,primary_instrument1_full,primary,1,5,4,development_combined,Arnoldi FPLS,ok,ok,True,6,132,calibrate:133,calibrate,133,186.6999969482422,190.02598813143803,3.325991183195839,156
development_repeated_nested_cv,primary_instrument1_full,primary,1,5,4,development_combined,Arnoldi FPLS,ok,ok,True,6,136,calibrate:137,calibrate,137,192.60000610351562,179.23095782863152,-13.369048274884108,156
development_repeated_nested_cv,primary_instrument1_full,primary,1,5,4,development_combined,Arnoldi FPLS,ok,ok,True,6,138,calibrate:139,calibrate,139,191.1999969482422,196.9882401097857,5.788243161543505,156
development_repeated_nested_cv,primary_instrument1_full,primary,1,5,4,development_combined,Arnoldi FPLS,ok,ok,True,6,141,calibrate:142,calibrate,142,196.3000030517578,191.2067928747267,-5.093210177031125,156
development_repeated_nested_cv,primary_instrument1_full,primary,1,5,4,development_combined,Arnoldi FPLS,ok,ok,True,6,142,calibrate:143,calibrate,143,196.60000610351562,191.64689263035038,-4.953113473165246,156
development_repeated_nested_cv,primary_instrument1_full,primary,1,5,4,development_combined,Arnoldi FPLS,ok,ok,True,6,156,validate:002,validate,2,188.1999969482422,190.4646064306966,2.2646094824544036,156
development_repeated_nested_cv,primary_instrument1_full,primary,1,5,4,development_combined,Arnoldi FPLS,ok,ok,True,6,160,validate:006,validate,6,194.5,193.98625991717313,-0.513740082826871,156
development_repeated_nested_cv,primary_instrument1_full,primary,1,5,4,development_combined,Arnoldi FPLS,ok,ok,True,6,162,validate:008,validate,8,194.89999389648438,194.2564531474808,-0.643540749003563,156
development_repeated_nested_cv,primary_instrument1_full,primary,1,5,4,development_combined,Arnoldi FPLS,ok,ok,True,6,165,validate:011,validate,11,195.10000610351562,191.49871485708002,-3.6012912464356077,156
development_repeated_nested_cv,primary_instrument1_full,primary,1,5,4,development_combined,Arnoldi FPLS,ok,ok,True,6,172,validate:018,validate,18,195.39999389648438,190.11883117738458,-5.281162719099797,156
development_repeated_nested_cv,primary_instrument1_full,primary,1,5,4,development_combined,Arnoldi FPLS,ok,ok,True,6,180,validate:026,validate,26,193.39999389648438,197.36684292705988,3.966849030575503,156
development_repeated_nested_cv,primary_instrument1_full,primary,1,5,4,development_combined,Arnoldi FPLS,ok,ok,True,6,183,validate:029,validate,29,199.5,198.19007404390766,-1.3099259560923429,156
development_repeated_nested_cv,primary_instrument1_full,primary,1,5,4,development_combined,Arnoldi FPLS,ok,ok,True,6,184,validate:030,validate,30,196.8000030517578,199.70728697083734,2.907283919079532,156
development_repeated_nested_cv,primary_instrument1_full,primary,1,5,4,development_combined,FPCR,ok,ok,True,47,0,calibrate:001,calibrate,1,200.10000610351562,193.70588051260944,-6.394125590906185,156
development_repeated_nested_cv,primary_instrument1_full,primary,1,5,4,development_combined,FPCR,ok,ok,True,47,1,calibrate:002,calibrate,2,198.6999969482422,192.13367165665233,-6.5663252915898624,156
development_repeated_nested_cv,primary_instrument1_full,primary,1,5,4,development_combined,FPCR,ok,ok,True,47,7,calibrate:008,calibrate,8,207.6999969482422,205.56510825646032,-2.1348886917818675,156
development_repeated_nested_cv,primary_instrument1_full,primary,1,5,4,development_combined,FPCR,ok,ok,True,47,9,calibrate:010,calibrate,10,181.10000610351562,169.89419933039707,-11.205806773118553,156
development_repeated_nested_cv,primary_instrument1_full,primary,1,5,4,development_combined,FPCR,ok,ok,True,47,11,calibrate:012,calibrate,12,162.0,161.60208377866945,-0.39791622133054716,156
development_repeated_nested_cv,primary_instrument1_full,primary,1,5,4,development_combined,FPCR,ok,ok,True,47,15,calibrate:016,calibrate,16,173.8000030517578,168.40180708394442,-5.398195967813393,156
development_repeated_nested_cv,primary_instrument1_full,primary,1,5,4,development_combined,FPCR,ok,ok,True,47,20,calibrate:021,calibrate,21,183.1999969482422,182.16041490342548,-1.0395820448167115,156
development_repeated_nested_cv,primary_instrument1_full,primary,1,5,4,development_combined,FPCR,ok,ok,True,47,22,calibrate:023,calibrate,23,220.6999969482422,218.9658496257335,-1.7341473225086759,156
development_repeated_nested_cv,primary_instrument1_full,primary,1,5,4,development_combined,FPCR,ok,ok,True,47,27,calibrate:028,calibrate,28,175.8000030517578,176.36334829862452,0.5633452468667031,156
development_repeated_nested_cv,primary_instrument1_full,primary,1,5,4,development_combined,FPCR,ok,ok,True,47,55,calibrate:056,calibrate,56,157.5,158.91020011885402,1.4102001188540214,156
development_repeated_nested_cv,primary_instrument1_full,primary,1,5,4,development_combined,FPCR,ok,ok,True,47,56,calibrate:057,calibrate,57,222.3000030517578,217.3646330733034,-4.935369978454418,156
development_repeated_nested_cv,primary_instrument1_full,primary,1,5,4,development_combined,FPCR,ok,ok,True,47,64,calibrate:065,calibrate,65,158.1999969482422,160.91960442436553,2.7196074761233433,156
development_repeated_nested_cv,primary_instrument1_full,primary,1,5,4,development_combined,FPCR,ok,ok,True,47,69,calibrate:070,calibrate,70,159.3000030517578,163.6615110353397,4.361507983581873,156
development_repeated_nested_cv,primary_instrument1_full,primary,1,5,4,development_combined,FPCR,ok,ok,True,47,73,calibrate:074,calibrate,74,213.8000030517578,213.9599351214327,0.1599320696748805,156
development_repeated_nested_cv,primary_instrument1_full,primary,1,5,4,development_combined,FPCR,ok,ok,True,47,81,calibrate:082,calibrate,82,216.39999389648438,216.2835857925041,-0.11640810398026247,156
development_repeated_nested_cv,primary_instrument1_full,primary,1,5,4,development_combined,FPCR,ok,ok,True,47,82,calibrate:083,calibrate,83,172.39999389648438,172.31747664206188,-0.08251725442249835,156
development_repeated_nested_cv,primary_instrument1_full,primary,1,5,4,development_combined,FPCR,ok,ok,True,47,84,calibrate:085,calibrate,85,177.1999969482422,173.59797007815905,-3.6020268700831366,156
development_repeated_nested_cv,primary_instrument1_full,primary,1,5,4,development_combined,FPCR,ok,ok,True,47,99,calibrate:100,calibrate,100,219.3000030517578,216.2996930974277,-3.000309954330106,156
development_repeated_nested_cv,primary_instrument1_full,primary,1,5,4,development_combined,FPCR,ok,ok,True,47,101,calibrate:102,calibrate,102,203.6999969482422,203.93319964912172,0.23320270087953077,156
development_repeated_nested_cv,primary_instrument1_full,primary,1,5,4,development_combined,FPCR,ok,ok,True,47,109,calibrate:110,calibrate,110,231.10000610351562,217.51631270695117,-13.583693396564456,156
development_repeated_nested_cv,primary_instrument1_full,primary,1,5,4,development_combined,FPCR,ok,ok,True,47,114,calibrate:115,calibrate,115,180.5,175.3676451051199,-5.132354894880109,156
development_repeated_nested_cv,primary_instrument1_full,primary,1,5,4,development_combined,FPCR,ok,ok,True,47,117,calibrate:118,calibrate,118,217.1999969482422,218.23822115616971,1.0382242079275272,156
development_repeated_nested_cv,primary_instrument1_full,primary,1,5,4,development_combined,FPCR,ok,ok,True,47,118,calibrate:119,calibrate,119,232.89999389648438,235.17095778666328,2.270963890178905,156
development_repeated_nested_cv,primary_instrument1_full,primary,1,5,4,development_combined,FPCR,ok,ok,True,47,120,calibrate:121,calibrate,121,155.10000610351562,163.6354242343291,8.535418130813468,156
development_repeated_nested_cv,primary_instrument1_full,primary,1,5,4,development_combined,FPCR,ok,ok,True,47,122,calibrate:123,calibrate,123,188.0,184.45132990196737,-3.5486700980326304,156
development_repeated_nested_cv,primary_instrument1_full,primary,1,5,4,development_combined,FPCR,ok,ok,True,47,126,calibrate:127,calibrate,127,204.5,181.8389338446966,-22.661066155303388,156
development_repeated_nested_cv,primary_instrument1_full,primary,1,5,4,development_combined,FPCR,ok,ok,True,47,132,calibrate:133,calibrate,133,186.6999969482422,190.68060084314584,3.980603894903652,156
development_repeated_nested_cv,primary_instrument1_full,primary,1,5,4,development_combined,FPCR,ok,ok,True,47,136,calibrate:137,calibrate,137,192.60000610351562,175.1902690994907,-17.40973700402492,156
development_repeated_nested_cv,primary_instrument1_full,primary,1,5,4,development_combined,FPCR,ok,ok,True,47,138,calibrate:139,calibrate,139,191.1999969482422,196.87200753214478,5.6720105839025905,156
development_repeated_nested_cv,primary_instrument1_full,primary,1,5,4,development_combined,FPCR,ok,ok,True,47,141,calibrate:142,calibrate,142,196.3000030517578,200.30777401144346,4.007770959685644,156
development_repeated_nested_cv,primary_instrument1_full,primary,1,5,4,development_combined,FPCR,ok,ok,True,47,142,calibrate:143,calibrate,143,196.60000610351562,195.05299139142198,-1.5470147120936417,156
development_repeated_nested_cv,primary_instrument1_full,primary,1,5,4,development_combined,FPCR,ok,ok,True,47,156,validate:002,validate,2,188.1999969482422,189.63731585642566,1.437318908183471,156
development_repeated_nested_cv,primary_instrument1_full,primary,1,5,4,development_combined,FPCR,ok,ok,True,47,160,validate:006,validate,6,194.5,191.75623658498495,-2.743763415015053,156
development_repeated_nested_cv,primary_instrument1_full,primary,1,5,4,development_combined,FPCR,ok,ok,True,47,162,validate:008,validate,8,194.89999389648438,196.88750347389987,1.9875095774154943,156
development_repeated_nested_cv,primary_instrument1_full,primary,1,5,4,development_combined,FPCR,ok,ok,True,47,165,validate:011,validate,11,195.10000610351562,190.046818632746,-5.053187470769615,156
development_repeated_nested_cv,primary_instrument1_full,primary,1,5,4,development_combined,FPCR,ok,ok,True,47,172,validate:018,validate,18,195.39999389648438,192.1565870811453,-3.2434068153390854,156
development_repeated_nested_cv,primary_instrument1_full,primary,1,5,4,development_combined,FPCR,ok,ok,True,47,180,validate:026,validate,26,193.39999389648438,194.33127805348897,0.9312841570045975,156
development_repeated_nested_cv,primary_instrument1_full,primary,1,5,4,development_combined,FPCR,ok,ok,True,47,183,validate:029,validate,29,199.5,199.38897826389797,-0.11102173610203181,156
development_repeated_nested_cv,primary_instrument1_full,primary,1,5,4,development_combined,FPCR,ok,ok,True,47,184,validate:030,validate,30,196.8000030517578,199.43652345408302,2.6365204023252033,156
development_repeated_nested_cv,primary_instrument1_full,primary,1,5,5,development_combined,CG-FPLS-code,ok,ok,True,3,2,calibrate:003,calibrate,3,201.39999389648438,191.05983383884026,-10.340160057644113,156
development_repeated_nested_cv,primary_instrument1_full,primary,1,5,5,development_combined,CG-FPLS-code,ok,ok,True,3,3,calibrate:004,calibrate,4,199.89999389648438,195.88348583651927,-4.016508059965105,156
development_repeated_nested_cv,primary_instrument1_full,primary,1,5,5,development_combined,CG-FPLS-code,ok,ok,True,3,5,calibrate:006,calibrate,6,198.3000030517578,194.7528656179058,-3.547137433852015,156
development_repeated_nested_cv,primary_instrument1_full,primary,1,5,5,development_combined,CG-FPLS-code,ok,ok,True,3,8,calibrate:009,calibrate,9,184.89999389648438,188.20117330984627,3.3011794133618935,156
development_repeated_nested_cv,primary_instrument1_full,primary,1,5,5,development_combined,CG-FPLS-code,ok,ok,True,3,12,calibrate:013,calibrate,13,176.3000030517578,181.00039674350992,4.700393691752112,156
development_repeated_nested_cv,primary_instrument1_full,primary,1,5,5,development_combined,CG-FPLS-code,ok,ok,True,3,28,calibrate:029,calibrate,29,222.5,214.738553715022,-7.761446284978007,156
development_repeated_nested_cv,primary_instrument1_full,primary,1,5,5,development_combined,CG-FPLS-code,ok,ok,True,3,31,calibrate:032,calibrate,32,158.8000030517578,161.7026914037817,2.902688352023887,156
development_repeated_nested_cv,primary_instrument1_full,primary,1,5,5,development_combined,CG-FPLS-code,ok,ok,True,3,32,calibrate:033,calibrate,33,183.0,187.9281378830992,4.928137883099197,156
development_repeated_nested_cv,primary_instrument1_full,primary,1,5,5,development_combined,CG-FPLS-code,ok,ok,True,3,33,calibrate:034,calibrate,34,231.89999389648438,233.52891824338724,1.6289243469028634,156
development_repeated_nested_cv,primary_instrument1_full,primary,1,5,5,development_combined,CG-FPLS-code,ok,ok,True,3,34,calibrate:035,calibrate,35,218.0,214.42478713210076,-3.575212867899239,156
development_repeated_nested_cv,primary_instrument1_full,primary,1,5,5,development_combined,CG-FPLS-code,ok,ok,True,3,35,calibrate:036,calibrate,36,177.0,172.57332507582146,-4.426674924178542,156
development_repeated_nested_cv,primary_instrument1_full,primary,1,5,5,development_combined,CG-FPLS-code,ok,ok,True,3,36,calibrate:037,calibrate,37,177.5,176.39788951567908,-1.1021104843209173,156
development_repeated_nested_cv,primary_instrument1_full,primary,1,5,5,development_combined,CG-FPLS-code,ok,ok,True,3,37,calibrate:038,calibrate,38,208.8000030517578,201.52028368013052,-7.279719371627294,156
development_repeated_nested_cv,primary_instrument1_full,primary,1,5,5,development_combined,CG-FPLS-code,ok,ok,True,3,39,calibrate:040,calibrate,40,174.10000610351562,176.54748178071713,2.44747567720151,156
development_repeated_nested_cv,primary_instrument1_full,primary,1,5,5,development_combined,CG-FPLS-code,ok,ok,True,3,41,calibrate:042,calibrate,42,187.5,185.81630837643843,-1.6836916235615718,156
development_repeated_nested_cv,primary_instrument1_full,primary,1,5,5,development_combined,CG-FPLS-code,ok,ok,True,3,53,calibrate:054,calibrate,54,221.5,213.7767858206807,-7.723214179319314,156
development_repeated_nested_cv,primary_instrument1_full,primary,1,5,5,development_combined,CG-FPLS-code,ok,ok,True,3,59,calibrate:060,calibrate,60,172.3000030517578,179.24505484658638,6.945051794828572,156
development_repeated_nested_cv,primary_instrument1_full,primary,1,5,5,development_combined,CG-FPLS-code,ok,ok,True,3,63,calibrate:064,calibrate,64,156.1999969482422,161.74390196116346,5.543905012921272,156
development_repeated_nested_cv,primary_instrument1_full,primary,1,5,5,development_combined,CG-FPLS-code,ok,ok,True,3,65,calibrate:066,calibrate,66,160.39999389648438,160.30528760880117,-0.09470628768320921,156
development_repeated_nested_cv,primary_instrument1_full,primary,1,5,5,development_combined,CG-FPLS-code,ok,ok,True,3,68,calibrate:069,calibrate,69,233.1999969482422,230.09047930379984,-3.1095176444423487,156
development_repeated_nested_cv,primary_instrument1_full,primary,1,5,5,development_combined,CG-FPLS-code,ok,ok,True,3,70,calibrate:071,calibrate,71,218.8000030517578,221.3052943890785,2.505291337320699,156
development_repeated_nested_cv,primary_instrument1_full,primary,1,5,5,development_combined,CG-FPLS-code,ok,ok,True,3,77,calibrate:078,calibrate,78,201.6999969482422,201.1945511204924,-0.5054458277497815,156
development_repeated_nested_cv,primary_instrument1_full,primary,1,5,5,development_combined,CG-FPLS-code,ok,ok,True,3,86,calibrate:087,calibrate,87,205.5,208.101664487822,2.6016644878220063,156
development_repeated_nested_cv,primary_instrument1_full,primary,1,5,5,development_combined,CG-FPLS-code,ok,ok,True,3,89,calibrate:090,calibrate,90,173.39999389648438,180.41595333604826,7.015959439563886,156
development_repeated_nested_cv,primary_instrument1_full,primary,1,5,5,development_combined,CG-FPLS-code,ok,ok,True,3,90,calibrate:091,calibrate,91,216.5,213.97121850845372,-2.528781491546283,156
development_repeated_nested_cv,primary_instrument1_full,primary,1,5,5,development_combined,CG-FPLS-code,ok,ok,True,3,96,calibrate:097,calibrate,97,204.0,205.68441317500242,1.684413175002419,156
development_repeated_nested_cv,primary_instrument1_full,primary,1,5,5,development_combined,CG-FPLS-code,ok,ok,True,3,97,calibrate:098,calibrate,98,183.8000030517578,184.4815572878678,0.6815542361099745,156
development_repeated_nested_cv,primary_instrument1_full,primary,1,5,5,development_combined,CG-FPLS-code,ok,ok,True,3,124,calibrate:125,calibrate,125,154.8000030517578,164.54773690096835,9.747733849210533,156
development_repeated_nested_cv,primary_instrument1_full,primary,1,5,5,development_combined,CG-FPLS-code,ok,ok,True,3,134,calibrate:135,calibrate,135,188.6999969482422,188.14988484505406,-0.5501121031881269,156
development_repeated_nested_cv,primary_instrument1_full,primary,1,5,5,development_combined,CG-FPLS-code,ok,ok,True,3,144,calibrate:145,calibrate,145,191.1999969482422,195.17776499264585,3.9777680444036605,156
development_repeated_nested_cv,primary_instrument1_full,primary,1,5,5,development_combined,CG-FPLS-code,ok,ok,True,3,154,calibrate:155,calibrate,155,195.3000030517578,188.81578331423415,-6.484219737523659,156
development_repeated_nested_cv,primary_instrument1_full,primary,1,5,5,development_combined,CG-FPLS-code,ok,ok,True,3,155,validate:001,validate,1,189.0,194.3940239915001,5.394023991500092,156
development_repeated_nested_cv,primary_instrument1_full,primary,1,5,5,development_combined,CG-FPLS-code,ok,ok,True,3,159,validate:005,validate,5,195.1999969482422,198.49032495226933,3.2903280040271454,156
development_repeated_nested_cv,primary_instrument1_full,primary,1,5,5,development_combined,CG-FPLS-code,ok,ok,True,3,163,validate:009,validate,9,195.8000030517578,192.96023286822594,-2.8397701835318685,156
development_repeated_nested_cv,primary_instrument1_full,primary,1,5,5,development_combined,CG-FPLS-code,ok,ok,True,3,167,validate:013,validate,13,194.5,200.36596362869082,5.865963628690821,156
development_repeated_nested_cv,primary_instrument1_full,primary,1,5,5,development_combined,CG-FPLS-code,ok,ok,True,3,176,validate:022,validate,22,194.0,196.30413082250234,2.3041308225023442,156
development_repeated_nested_cv,primary_instrument1_full,primary,1,5,5,development_combined,CG-FPLS-code,ok,ok,True,3,178,validate:024,validate,24,193.60000610351562,202.52332462798353,8.923318524467902,156
development_repeated_nested_cv,primary_instrument1_full,primary,1,5,5,development_combined,CG-FPLS-code,ok,ok,True,3,191,validate:037,validate,37,197.0,195.99002385907676,-1.0099761409232428,156
development_repeated_nested_cv,primary_instrument1_full,primary,1,5,5,development_combined,CG-FPLS-code,ok,ok,True,3,194,validate:040,validate,40,197.5,194.1289867780587,-3.371013221941297,156
development_repeated_nested_cv,primary_instrument1_full,primary,1,5,5,development_combined,Raw FPLS,ok,ok,True,61,2,calibrate:003,calibrate,3,201.39999389648438,195.00288839558362,-6.39710550090075,156
development_repeated_nested_cv,primary_instrument1_full,primary,1,5,5,development_combined,Raw FPLS,ok,ok,True,61,3,calibrate:004,calibrate,4,199.89999389648438,191.25886822186985,-8.641125674614528,156
development_repeated_nested_cv,primary_instrument1_full,primary,1,5,5,development_combined,Raw FPLS,ok,ok,True,61,5,calibrate:006,calibrate,6,198.3000030517578,194.40349529853262,-3.896507753225194,156
development_repeated_nested_cv,primary_instrument1_full,primary,1,5,5,development_combined,Raw FPLS,ok,ok,True,61,8,calibrate:009,calibrate,9,184.89999389648438,186.06277551591904,1.1627816194346678,156
development_repeated_nested_cv,primary_instrument1_full,primary,1,5,5,development_combined,Raw FPLS,ok,ok,True,61,12,calibrate:013,calibrate,13,176.3000030517578,178.7121912566313,2.4121882048734733,156
development_repeated_nested_cv,primary_instrument1_full,primary,1,5,5,development_combined,Raw FPLS,ok,ok,True,61,28,calibrate:029,calibrate,29,222.5,218.0676743262786,-4.432325673721408,156
development_repeated_nested_cv,primary_instrument1_full,primary,1,5,5,development_combined,Raw FPLS,ok,ok,True,61,31,calibrate:032,calibrate,32,158.8000030517578,160.66679898697265,1.8667959352148387,156
development_repeated_nested_cv,primary_instrument1_full,primary,1,5,5,development_combined,Raw FPLS,ok,ok,True,61,32,calibrate:033,calibrate,33,183.0,187.23456033463637,4.23456033463637,156
development_repeated_nested_cv,primary_instrument1_full,primary,1,5,5,development_combined,Raw FPLS,ok,ok,True,61,33,calibrate:034,calibrate,34,231.89999389648438,237.02407633815838,5.124082441674005,156
development_repeated_nested_cv,primary_instrument1_full,primary,1,5,5,development_combined,Raw FPLS,ok,ok,True,61,34,calibrate:035,calibrate,35,218.0,217.67375975941172,-0.3262402405882767,156
development_repeated_nested_cv,primary_instrument1_full,primary,1,5,5,development_combined,Raw FPLS,ok,ok,True,61,35,calibrate:036,calibrate,36,177.0,176.50356332123016,-0.49643667876983955,156
development_repeated_nested_cv,primary_instrument1_full,primary,1,5,5,development_combined,Raw FPLS,ok,ok,True,61,36,calibrate:037,calibrate,37,177.5,177.4079119443802,-0.09208805561979716,156
development_repeated_nested_cv,primary_instrument1_full,primary,1,5,5,development_combined,Raw FPLS,ok,ok,True,61,37,calibrate:038,calibrate,38,208.8000030517578,205.0055052689855,-3.7944977827723108,156
development_repeated_nested_cv,primary_instrument1_full,primary,1,5,5,development_combined,Raw FPLS,ok,ok,True,61,39,calibrate:040,calibrate,40,174.10000610351562,176.3245823366564,2.224576233140766,156
development_repeated_nested_cv,primary_instrument1_full,primary,1,5,5,development_combined,Raw FPLS,ok,ok,True,61,41,calibrate:042,calibrate,42,187.5,187.07416683532202,-0.42583316467798227,156
development_repeated_nested_cv,primary_instrument1_full,primary,1,5,5,development_combined,Raw FPLS,ok,ok,True,61,53,calibrate:054,calibrate,54,221.5,217.55818612347068,-3.9418138765293236,156
development_repeated_nested_cv,primary_instrument1_full,primary,1,5,5,development_combined,Raw FPLS,ok,ok,True,61,59,calibrate:060,calibrate,60,172.3000030517578,174.16940895959897,1.8694059078411556,156
development_repeated_nested_cv,primary_instrument1_full,primary,1,5,5,development_combined,Raw FPLS,ok,ok,True,61,63,calibrate:064,calibrate,64,156.1999969482422,161.3953665843646,5.195369636122422,156
development_repeated_nested_cv,primary_instrument1_full,primary,1,5,5,development_combined,Raw FPLS,ok,ok,True,61,65,calibrate:066,calibrate,66,160.39999389648438,160.13283950631492,-0.26715439016945197,156
development_repeated_nested_cv,primary_instrument1_full,primary,1,5,5,development_combined,Raw FPLS,ok,ok,True,61,68,calibrate:069,calibrate,69,233.1999969482422,234.4726694857566,1.27267253751441,156
development_repeated_nested_cv,primary_instrument1_full,primary,1,5,5,development_combined,Raw FPLS,ok,ok,True,61,70,calibrate:071,calibrate,71,218.8000030517578,218.3675740796704,-0.4324289720874219,156
development_repeated_nested_cv,primary_instrument1_full,primary,1,5,5,development_combined,Raw FPLS,ok,ok,True,61,77,calibrate:078,calibrate,78,201.6999969482422,204.81518472405656,3.115187775814377,156
development_repeated_nested_cv,primary_instrument1_full,primary,1,5,5,development_combined,Raw FPLS,ok,ok,True,61,86,calibrate:087,calibrate,87,205.5,204.4241935135425,-1.075806486457509,156
development_repeated_nested_cv,primary_instrument1_full,primary,1,5,5,development_combined,Raw FPLS,ok,ok,True,61,89,calibrate:090,calibrate,90,173.39999389648438,178.8972970893226,5.497303192838217,156
development_repeated_nested_cv,primary_instrument1_full,primary,1,5,5,development_combined,Raw FPLS,ok,ok,True,61,90,calibrate:091,calibrate,91,216.5,217.0747367129443,0.5747367129442864,156
development_repeated_nested_cv,primary_instrument1_full,primary,1,5,5,development_combined,Raw FPLS,ok,ok,True,61,96,calibrate:097,calibrate,97,204.0,203.0019102198162,-0.9980897801837898,156
development_repeated_nested_cv,primary_instrument1_full,primary,1,5,5,development_combined,Raw FPLS,ok,ok,True,61,97,calibrate:098,calibrate,98,183.8000030517578,187.4372505104868,3.6372474587289787,156
development_repeated_nested_cv,primary_instrument1_full,primary,1,5,5,development_combined,Raw FPLS,ok,ok,True,61,124,calibrate:125,calibrate,125,154.8000030517578,161.66585510939618,6.865852057638364,156
development_repeated_nested_cv,primary_instrument1_full,primary,1,5,5,development_combined,Raw FPLS,ok,ok,True,61,134,calibrate:135,calibrate,135,188.6999969482422,189.92523193492312,1.2252349866809311,156
development_repeated_nested_cv,primary_instrument1_full,primary,1,5,5,development_combined,Raw FPLS,ok,ok,True,61,144,calibrate:145,calibrate,145,191.1999969482422,190.72168928238582,-0.478307665856363,156
development_repeated_nested_cv,primary_instrument1_full,primary,1,5,5,development_combined,Raw FPLS,ok,ok,True,61,154,calibrate:155,calibrate,155,195.3000030517578,191.6347918507063,-3.6652112010515054,156
development_repeated_nested_cv,primary_instrument1_full,primary,1,5,5,development_combined,Raw FPLS,ok,ok,True,61,155,validate:001,validate,1,189.0,191.7196533828541,2.7196533828540908,156
development_repeated_nested_cv,primary_instrument1_full,primary,1,5,5,development_combined,Raw FPLS,ok,ok,True,61,159,validate:005,validate,5,195.1999969482422,195.12532805142405,-0.07466889681813882,156
development_repeated_nested_cv,primary_instrument1_full,primary,1,5,5,development_combined,Raw FPLS,ok,ok,True,61,163,validate:009,validate,9,195.8000030517578,194.703480937259,-1.0965221144988107,156
development_repeated_nested_cv,primary_instrument1_full,primary,1,5,5,development_combined,Raw FPLS,ok,ok,True,61,167,validate:013,validate,13,194.5,194.62265149336778,0.12265149336778336,156
development_repeated_nested_cv,primary_instrument1_full,primary,1,5,5,development_combined,Raw FPLS,ok,ok,True,61,176,validate:022,validate,22,194.0,198.98311243514704,4.983112435147035,156
development_repeated_nested_cv,primary_instrument1_full,primary,1,5,5,development_combined,Raw FPLS,ok,ok,True,61,178,validate:024,validate,24,193.60000610351562,198.73505887321394,5.135052769698319,156
development_repeated_nested_cv,primary_instrument1_full,primary,1,5,5,development_combined,Raw FPLS,ok,ok,True,61,191,validate:037,validate,37,197.0,198.5402791862621,1.5402791862620973,156
development_repeated_nested_cv,primary_instrument1_full,primary,1,5,5,development_combined,Raw FPLS,ok,ok,True,61,194,validate:040,validate,40,197.5,197.81243250504286,0.3124325050428638,156
development_repeated_nested_cv,primary_instrument1_full,primary,1,5,5,development_combined,Arnoldi FPLS,ok,ok,True,5,2,calibrate:003,calibrate,3,201.39999389648438,195.52010552595246,-5.879888370531916,156
development_repeated_nested_cv,primary_instrument1_full,primary,1,5,5,development_combined,Arnoldi FPLS,ok,ok,True,5,3,calibrate:004,calibrate,4,199.89999389648438,191.3484798908673,-8.551514005617065,156
development_repeated_nested_cv,primary_instrument1_full,primary,1,5,5,development_combined,Arnoldi FPLS,ok,ok,True,5,5,calibrate:006,calibrate,6,198.3000030517578,194.61894117080627,-3.681061880951546,156
development_repeated_nested_cv,primary_instrument1_full,primary,1,5,5,development_combined,Arnoldi FPLS,ok,ok,True,5,8,calibrate:009,calibrate,9,184.89999389648438,185.6014933181188,0.7014994216344235,156
development_repeated_nested_cv,primary_instrument1_full,primary,1,5,5,development_combined,Arnoldi FPLS,ok,ok,True,5,12,calibrate:013,calibrate,13,176.3000030517578,178.89288871368495,2.5928856619271414,156
development_repeated_nested_cv,primary_instrument1_full,primary,1,5,5,development_combined,Arnoldi FPLS,ok,ok,True,5,28,calibrate:029,calibrate,29,222.5,218.59902861037526,-3.9009713896247433,156
development_repeated_nested_cv,primary_instrument1_full,primary,1,5,5,development_combined,Arnoldi FPLS,ok,ok,True,5,31,calibrate:032,calibrate,32,158.8000030517578,160.90536104325287,2.1053579914950546,156
development_repeated_nested_cv,primary_instrument1_full,primary,1,5,5,development_combined,Arnoldi FPLS,ok,ok,True,5,32,calibrate:033,calibrate,33,183.0,187.57683606514306,4.5768360651430555,156
development_repeated_nested_cv,primary_instrument1_full,primary,1,5,5,development_combined,Arnoldi FPLS,ok,ok,True,5,33,calibrate:034,calibrate,34,231.89999389648438,237.00869273940475,5.108698842920376,156
development_repeated_nested_cv,primary_instrument1_full,primary,1,5,5,development_combined,Arnoldi FPLS,ok,ok,True,5,34,calibrate:035,calibrate,35,218.0,218.20936389469446,0.20936389469446226,156
development_repeated_nested_cv,primary_instrument1_full,primary,1,5,5,development_combined,Arnoldi FPLS,ok,ok,True,5,35,calibrate:036,calibrate,36,177.0,177.0917814560083,0.0917814560083059,156
development_repeated_nested_cv,primary_instrument1_full,primary,1,5,5,development_combined,Arnoldi FPLS,ok,ok,True,5,36,calibrate:037,calibrate,37,177.5,177.701249155457,0.20124915545699196,156
development_repeated_nested_cv,primary_instrument1_full,primary,1,5,5,development_combined,Arnoldi FPLS,ok,ok,True,5,37,calibrate:038,calibrate,38,208.8000030517578,205.4207619038902,-3.379241147867617,156
development_repeated_nested_cv,primary_instrument1_full,primary,1,5,5,development_combined,Arnoldi FPLS,ok,ok,True,5,39,calibrate:040,calibrate,40,174.10000610351562,176.59825167250895,2.498245568993326,156
development_repeated_nested_cv,primary_instrument1_full,primary,1,5,5,development_combined,Arnoldi FPLS,ok,ok,True,5,41,calibrate:042,calibrate,42,187.5,187.48467398938726,-0.015326010612739083,156
development_repeated_nested_cv,primary_instrument1_full,primary,1,5,5,development_combined,Arnoldi FPLS,ok,ok,True,5,53,calibrate:054,calibrate,54,221.5,218.05478057747357,-3.445219422526435,156
development_repeated_nested_cv,primary_instrument1_full,primary,1,5,5,development_combined,Arnoldi FPLS,ok,ok,True,5,59,calibrate:060,calibrate,60,172.3000030517578,173.84425432535437,1.544251273596558,156
development_repeated_nested_cv,primary_instrument1_full,primary,1,5,5,development_combined,Arnoldi FPLS,ok,ok,True,5,63,calibrate:064,calibrate,64,156.1999969482422,161.53090488793998,5.330907939697795,156
development_repeated_nested_cv,primary_instrument1_full,primary,1,5,5,development_combined,Arnoldi FPLS,ok,ok,True,5,65,calibrate:066,calibrate,66,160.39999389648438,159.7182527481953,-0.6817411482890634,156
development_repeated_nested_cv,primary_instrument1_full,primary,1,5,5,development_combined,Arnoldi FPLS,ok,ok,True,5,68,calibrate:069,calibrate,69,233.1999969482422,234.7045343620202,1.5045374137780243,156
development_repeated_nested_cv,primary_instrument1_full,primary,1,5,5,development_combined,Arnoldi FPLS,ok,ok,True,5,70,calibrate:071,calibrate,71,218.8000030517578,218.17002741797185,-0.6299756337859606,156
development_repeated_nested_cv,primary_instrument1_full,primary,1,5,5,development_combined,Arnoldi FPLS,ok,ok,True,5,77,calibrate:078,calibrate,78,201.6999969482422,205.2149803813315,3.5149834330892986,156
development_repeated_nested_cv,primary_instrument1_full,primary,1,5,5,development_combined,Arnoldi FPLS,ok,ok,True,5,86,calibrate:087,calibrate,87,205.5,204.12628057048977,-1.3737194295102313,156
development_repeated_nested_cv,primary_instrument1_full,primary,1,5,5,development_combined,Arnoldi FPLS,ok,ok,True,5,89,calibrate:090,calibrate,90,173.39999389648438,179.11301697974164,5.713023083257269,156
development_repeated_nested_cv,primary_instrument1_full,primary,1,5,5,development_combined,Arnoldi FPLS,ok,ok,True,5,90,calibrate:091,calibrate,91,216.5,217.7204693472834,1.220469347283398,156
development_repeated_nested_cv,primary_instrument1_full,primary,1,5,5,development_combined,Arnoldi FPLS,ok,ok,True,5,96,calibrate:097,calibrate,97,204.0,202.68437415778712,-1.3156258422128815,156
development_repeated_nested_cv,primary_instrument1_full,primary,1,5,5,development_combined,Arnoldi FPLS,ok,ok,True,5,97,calibrate:098,calibrate,98,183.8000030517578,187.8589544462561,4.05895139449828,156
development_repeated_nested_cv,primary_instrument1_full,primary,1,5,5,development_combined,Arnoldi FPLS,ok,ok,True,5,124,calibrate:125,calibrate,125,154.8000030517578,160.91917832751992,6.119175275762103,156
development_repeated_nested_cv,primary_instrument1_full,primary,1,5,5,development_combined,Arnoldi FPLS,ok,ok,True,5,134,calibrate:135,calibrate,135,188.6999969482422,190.5486365932312,1.8486396449890208,156
development_repeated_nested_cv,primary_instrument1_full,primary,1,5,5,development_combined,Arnoldi FPLS,ok,ok,True,5,144,calibrate:145,calibrate,145,191.1999969482422,190.7595397516671,-0.4404571965750961,156
development_repeated_nested_cv,primary_instrument1_full,primary,1,5,5,development_combined,Arnoldi FPLS,ok,ok,True,5,154,calibrate:155,calibrate,155,195.3000030517578,191.2709997975299,-4.029003254227916,156
development_repeated_nested_cv,primary_instrument1_full,primary,1,5,5,development_combined,Arnoldi FPLS,ok,ok,True,5,155,validate:001,validate,1,189.0,191.776655641135,2.776655641134994,156
development_repeated_nested_cv,primary_instrument1_full,primary,1,5,5,development_combined,Arnoldi FPLS,ok,ok,True,5,159,validate:005,validate,5,195.1999969482422,195.1215728832213,-0.07842406502089716,156
development_repeated_nested_cv,primary_instrument1_full,primary,1,5,5,development_combined,Arnoldi FPLS,ok,ok,True,5,163,validate:009,validate,9,195.8000030517578,194.54666907304411,-1.2533339787136981,156
development_repeated_nested_cv,primary_instrument1_full,primary,1,5,5,development_combined,Arnoldi FPLS,ok,ok,True,5,167,validate:013,validate,13,194.5,194.5587211390444,0.05872113904439402,156
development_repeated_nested_cv,primary_instrument1_full,primary,1,5,5,development_combined,Arnoldi FPLS,ok,ok,True,5,176,validate:022,validate,22,194.0,198.47505309025425,4.475053090254249,156
development_repeated_nested_cv,primary_instrument1_full,primary,1,5,5,development_combined,Arnoldi FPLS,ok,ok,True,5,178,validate:024,validate,24,193.60000610351562,198.30574995779912,4.705743854283497,156
development_repeated_nested_cv,primary_instrument1_full,primary,1,5,5,development_combined,Arnoldi FPLS,ok,ok,True,5,191,validate:037,validate,37,197.0,197.99978862733184,0.9997886273318386,156
development_repeated_nested_cv,primary_instrument1_full,primary,1,5,5,development_combined,Arnoldi FPLS,ok,ok,True,5,194,validate:040,validate,40,197.5,197.05105616705418,-0.4489438329458153,156
development_repeated_nested_cv,primary_instrument1_full,primary,1,5,5,development_combined,FPCR,ok,ok,True,13,2,calibrate:003,calibrate,3,201.39999389648438,195.63492460097595,-5.765069295508425,156
development_repeated_nested_cv,primary_instrument1_full,primary,1,5,5,development_combined,FPCR,ok,ok,True,13,3,calibrate:004,calibrate,4,199.89999389648438,191.3321221504337,-8.567871746050685,156
development_repeated_nested_cv,primary_instrument1_full,primary,1,5,5,development_combined,FPCR,ok,ok,True,13,5,calibrate:006,calibrate,6,198.3000030517578,195.61212167170277,-2.687881380055046,156
development_repeated_nested_cv,primary_instrument1_full,primary,1,5,5,development_combined,FPCR,ok,ok,True,13,8,calibrate:009,calibrate,9,184.89999389648438,186.13730591484338,1.237312018359006,156
development_repeated_nested_cv,primary_instrument1_full,primary,1,5,5,development_combined,FPCR,ok,ok,True,13,12,calibrate:013,calibrate,13,176.3000030517578,178.0377495272452,1.7377464754873984,156
development_repeated_nested_cv,primary_instrument1_full,primary,1,5,5,development_combined,FPCR,ok,ok,True,13,28,calibrate:029,calibrate,29,222.5,217.6562325786834,-4.843767421316613,156
development_repeated_nested_cv,primary_instrument1_full,primary,1,5,5,development_combined,FPCR,ok,ok,True,13,31,calibrate:032,calibrate,32,158.8000030517578,161.16203335076204,2.362030299004232,156
development_repeated_nested_cv,primary_instrument1_full,primary,1,5,5,development_combined,FPCR,ok,ok,True,13,32,calibrate:033,calibrate,33,183.0,186.60614152055626,3.606141520556264,156
development_repeated_nested_cv,primary_instrument1_full,primary,1,5,5,development_combined,FPCR,ok,ok,True,13,33,calibrate:034,calibrate,34,231.89999389648438,238.69284694766964,6.792853051185261,156
development_repeated_nested_cv,primary_instrument1_full,primary,1,5,5,development_combined,FPCR,ok,ok,True,13,34,calibrate:035,calibrate,35,218.0,217.59834412791068,-0.4016558720893215,156
development_repeated_nested_cv,primary_instrument1_full,primary,1,5,5,development_combined,FPCR,ok,ok,True,13,35,calibrate:036,calibrate,36,177.0,177.30498600442053,0.3049860044205275,156
development_repeated_nested_cv,primary_instrument1_full,primary,1,5,5,development_combined,FPCR,ok,ok,True,13,36,calibrate:037,calibrate,37,177.5,177.4814486454332,-0.018551354566795908,156
development_repeated_nested_cv,primary_instrument1_full,primary,1,5,5,development_combined,FPCR,ok,ok,True,13,37,calibrate:038,calibrate,38,208.8000030517578,204.9922721444082,-3.8077309073496224,156
development_repeated_nested_cv,primary_instrument1_full,primary,1,5,5,development_combined,FPCR,ok,ok,True,13,39,calibrate:040,calibrate,40,174.10000610351562,176.13468201055107,2.0346759070354494,156
development_repeated_nested_cv,primary_instrument1_full,primary,1,5,5,development_combined,FPCR,ok,ok,True,13,41,calibrate:042,calibrate,42,187.5,188.10808490172357,0.6080849017235721,156
development_repeated_nested_cv,primary_instrument1_full,primary,1,5,5,development_combined,FPCR,ok,ok,True,13,53,calibrate:054,calibrate,54,221.5,216.50277577191906,-4.997224228080938,156
development_repeated_nested_cv,primary_instrument1_full,primary,1,5,5,development_combined,FPCR,ok,ok,True,13,59,calibrate:060,calibrate,60,172.3000030517578,174.33609528450137,2.036092232743556,156
development_repeated_nested_cv,primary_instrument1_full,primary,1,5,5,development_combined,FPCR,ok,ok,True,13,63,calibrate:064,calibrate,64,156.1999969482422,161.2785778534604,5.078580905218217,156
development_repeated_nested_cv,primary_instrument1_full,primary,1,5,5,development_combined,FPCR,ok,ok,True,13,65,calibrate:066,calibrate,66,160.39999389648438,161.08052094824018,0.6805270517558029,156
development_repeated_nested_cv,primary_instrument1_full,primary,1,5,5,development_combined,FPCR,ok,ok,True,13,68,calibrate:069,calibrate,69,233.1999969482422,237.3686162284451,4.168619280202904,156
development_repeated_nested_cv,primary_instrument1_full,primary,1,5,5,development_combined,FPCR,ok,ok,True,13,70,calibrate:071,calibrate,71,218.8000030517578,218.3364036603311,-0.463599391426726,156
development_repeated_nested_cv,primary_instrument1_full,primary,1,5,5,development_combined,FPCR,ok,ok,True,13,77,calibrate:078,calibrate,78,201.6999969482422,204.316534633144,2.6165376849018003,156
development_repeated_nested_cv,primary_instrument1_full,primary,1,5,5,development_combined,FPCR,ok,ok,True,13,86,calibrate:087,calibrate,87,205.5,204.57126171223246,-0.9287382877675441,156
development_repeated_nested_cv,primary_instrument1_full,primary,1,5,5,development_combined,FPCR,ok,ok,True,13,89,calibrate:090,calibrate,90,173.39999389648438,178.46966791901679,5.069674022532411,156
development_repeated_nested_cv,primary_instrument1_full,primary,1,5,5,development_combined,FPCR,ok,ok,True,13,90,calibrate:091,calibrate,91,216.5,216.73821734556552,0.23821734556551633,156
development_repeated_nested_cv,primary_instrument1_full,primary,1,5,5,development_combined,FPCR,ok,ok,True,13,96,calibrate:097,calibrate,97,204.0,203.49468376626353,-0.5053162337364654,156
development_repeated_nested_cv,primary_instrument1_full,primary,1,5,5,development_combined,FPCR,ok,ok,True,13,97,calibrate:098,calibrate,98,183.8000030517578,188.03756766444113,4.237564612683315,156
development_repeated_nested_cv,primary_instrument1_full,primary,1,5,5,development_combined,FPCR,ok,ok,True,13,124,calibrate:125,calibrate,125,154.8000030517578,157.29432242276783,2.4943193710100218,156
development_repeated_nested_cv,primary_instrument1_full,primary,1,5,5,development_combined,FPCR,ok,ok,True,13,134,calibrate:135,calibrate,135,188.6999969482422,189.026779471695,0.3267825234528061,156
development_repeated_nested_cv,primary_instrument1_full,primary,1,5,5,development_combined,FPCR,ok,ok,True,13,144,calibrate:145,calibrate,145,191.1999969482422,190.52702894597297,-0.672968002269215,156
development_repeated_nested_cv,primary_instrument1_full,primary,1,5,5,development_combined,FPCR,ok,ok,True,13,154,calibrate:155,calibrate,155,195.3000030517578,193.27779070581514,-2.022212345942677,156
development_repeated_nested_cv,primary_instrument1_full,primary,1,5,5,development_combined,FPCR,ok,ok,True,13,155,validate:001,validate,1,189.0,193.06655916505954,4.0665591650595445,156
development_repeated_nested_cv,primary_instrument1_full,primary,1,5,5,development_combined,FPCR,ok,ok,True,13,159,validate:005,validate,5,195.1999969482422,194.71494333190918,-0.4850536163330048,156
development_repeated_nested_cv,primary_instrument1_full,primary,1,5,5,development_combined,FPCR,ok,ok,True,13,163,validate:009,validate,9,195.8000030517578,193.83288782054058,-1.9671152312172353,156
development_repeated_nested_cv,primary_instrument1_full,primary,1,5,5,development_combined,FPCR,ok,ok,True,13,167,validate:013,validate,13,194.5,194.0609004165178,-0.43909958348220357,156
development_repeated_nested_cv,primary_instrument1_full,primary,1,5,5,development_combined,FPCR,ok,ok,True,13,176,validate:022,validate,22,194.0,200.09812690187837,6.0981269018783735,156
development_repeated_nested_cv,primary_instrument1_full,primary,1,5,5,development_combined,FPCR,ok,ok,True,13,178,validate:024,validate,24,193.60000610351562,198.57089082307607,4.970884719560445,156
development_repeated_nested_cv,primary_instrument1_full,primary,1,5,5,development_combined,FPCR,ok,ok,True,13,191,validate:037,validate,37,197.0,197.84069366854348,0.84069366854348,156
development_repeated_nested_cv,primary_instrument1_full,primary,1,5,5,development_combined,FPCR,ok,ok,True,13,194,validate:040,validate,40,197.5,196.61852041026808,-0.8814795897319243,156
development_source_contiguous_cv,primary_instrument1_full,primary,1,1,1,development_combined,CG-FPLS-code,ok,ok,True,3,0,calibrate:001,calibrate,1,200.10000610351562,189.34848549917191,-10.75152060434371,156
development_source_contiguous_cv,primary_instrument1_full,primary,1,1,1,development_combined,CG-FPLS-code,ok,ok,True,3,1,calibrate:002,calibrate,2,198.6999969482422,191.27470241380047,-7.4252945344417185,156
development_source_contiguous_cv,primary_instrument1_full,primary,1,1,1,development_combined,CG-FPLS-code,ok,ok,True,3,2,calibrate:003,calibrate,3,201.39999389648438,191.82127375775684,-9.578720138727533,156
development_source_contiguous_cv,primary_instrument1_full,primary,1,1,1,development_combined,CG-FPLS-code,ok,ok,True,3,3,calibrate:004,calibrate,4,199.89999389648438,197.99028622396833,-1.9097076725160491,156
development_source_contiguous_cv,primary_instrument1_full,primary,1,1,1,development_combined,CG-FPLS-code,ok,ok,True,3,4,calibrate:005,calibrate,5,199.3000030517578,189.954983231441,-9.345019820316821,156
development_source_contiguous_cv,primary_instrument1_full,primary,1,1,1,development_combined,CG-FPLS-code,ok,ok,True,3,5,calibrate:006,calibrate,6,198.3000030517578,194.01381712541644,-4.286185926341375,156
development_source_contiguous_cv,primary_instrument1_full,primary,1,1,1,development_combined,CG-FPLS-code,ok,ok,True,3,6,calibrate:007,calibrate,7,200.10000610351562,192.45101618043466,-7.648989923080961,156
development_source_contiguous_cv,primary_instrument1_full,primary,1,1,1,development_combined,CG-FPLS-code,ok,ok,True,3,7,calibrate:008,calibrate,8,207.6999969482422,201.1831917832315,-6.51680516501068,156
development_source_contiguous_cv,primary_instrument1_full,primary,1,1,1,development_combined,CG-FPLS-code,ok,ok,True,3,8,calibrate:009,calibrate,9,184.89999389648438,187.17351254725077,2.273518650766391,156
development_source_contiguous_cv,primary_instrument1_full,primary,1,1,1,development_combined,CG-FPLS-code,ok,ok,True,3,9,calibrate:010,calibrate,10,181.10000610351562,178.80082131902344,-2.2991847844921836,156
development_source_contiguous_cv,primary_instrument1_full,primary,1,1,1,development_combined,CG-FPLS-code,ok,ok,True,3,10,calibrate:011,calibrate,11,221.8000030517578,218.00625520485755,-3.79374784690026,156
development_source_contiguous_cv,primary_instrument1_full,primary,1,1,1,development_combined,CG-FPLS-code,ok,ok,True,3,11,calibrate:012,calibrate,12,162.0,162.93948407695993,0.9394840769599284,156
development_source_contiguous_cv,primary_instrument1_full,primary,1,1,1,development_combined,CG-FPLS-code,ok,ok,True,3,12,calibrate:013,calibrate,13,176.3000030517578,180.82591320573758,4.5259101539797655,156
development_source_contiguous_cv,primary_instrument1_full,primary,1,1,1,development_combined,CG-FPLS-code,ok,ok,True,3,13,calibrate:014,calibrate,14,221.3000030517578,215.82641030182344,-5.473592749934369,156
development_source_contiguous_cv,primary_instrument1_full,primary,1,1,1,development_combined,CG-FPLS-code,ok,ok,True,3,14,calibrate:015,calibrate,15,220.10000610351562,217.9687710786353,-2.1312350248803114,156
development_source_contiguous_cv,primary_instrument1_full,primary,1,1,1,development_combined,CG-FPLS-code,ok,ok,True,3,15,calibrate:016,calibrate,16,173.8000030517578,181.44229372233715,7.642290670579342,156
development_source_contiguous_cv,primary_instrument1_full,primary,1,1,1,development_combined,CG-FPLS-code,ok,ok,True,3,16,calibrate:017,calibrate,17,222.5,213.5003129618751,-8.999687038124904,156
development_source_contiguous_cv,primary_instrument1_full,primary,1,1,1,development_combined,CG-FPLS-code,ok,ok,True,3,17,calibrate:018,calibrate,18,221.89999389648438,216.4766238390854,-5.423370057398984,156
development_source_contiguous_cv,primary_instrument1_full,primary,1,1,1,development_combined,CG-FPLS-code,ok,ok,True,3,18,calibrate:019,calibrate,19,159.5,177.8036224853458,18.303622485345812,156
development_source_contiguous_cv,primary_instrument1_full,primary,1,1,1,development_combined,CG-FPLS-code,ok,ok,True,3,19,calibrate:020,calibrate,20,159.3000030517578,161.45277222356322,2.152769171805403,156
development_source_contiguous_cv,primary_instrument1_full,primary,1,1,1,development_combined,CG-FPLS-code,ok,ok,True,3,20,calibrate:021,calibrate,21,183.1999969482422,182.83397483116238,-0.36602211707980814,156
development_source_contiguous_cv,primary_instrument1_full,primary,1,1,1,development_combined,CG-FPLS-code,ok,ok,True,3,21,calibrate:022,calibrate,22,185.89999389648438,187.73252311108132,1.8325292145969456,156
development_source_contiguous_cv,primary_instrument1_full,primary,1,1,1,development_combined,CG-FPLS-code,ok,ok,True,3,22,calibrate:023,calibrate,23,220.6999969482422,216.4617158429599,-4.238281105282283,156
development_source_contiguous_cv,primary_instrument1_full,primary,1,1,1,development_combined,CG-FPLS-code,ok,ok,True,3,23,calibrate:024,calibrate,24,190.1999969482422,184.2490317578659,-5.95096519037628,156
development_source_contiguous_cv,primary_instrument1_full,primary,1,1,1,development_combined,CG-FPLS-code,ok,ok,True,3,24,calibrate:025,calibrate,25,177.1999969482422,176.85396172718887,-0.3460352210533131,156
development_source_contiguous_cv,primary_instrument1_full,primary,1,1,1,development_combined,CG-FPLS-code,ok,ok,True,3,25,calibrate:026,calibrate,26,214.3000030517578,214.5324221649045,0.23241911314667618,156
development_source_contiguous_cv,primary_instrument1_full,primary,1,1,1,development_combined,CG-FPLS-code,ok,ok,True,3,26,calibrate:027,calibrate,27,209.1999969482422,201.72463994577893,-7.475357002463255,156
development_source_contiguous_cv,primary_instrument1_full,primary,1,1,1,development_combined,CG-FPLS-code,ok,ok,True,3,27,calibrate:028,calibrate,28,175.8000030517578,178.04399378765555,2.2439907358977393,156
development_source_contiguous_cv,primary_instrument1_full,primary,1,1,1,development_combined,CG-FPLS-code,ok,ok,True,3,28,calibrate:029,calibrate,29,222.5,213.8317947539295,-8.6682052460705,156
development_source_contiguous_cv,primary_instrument1_full,primary,1,1,1,development_combined,CG-FPLS-code,ok,ok,True,3,29,calibrate:030,calibrate,30,236.39999389648438,234.71657494464662,-1.6834189518377514,156
development_source_contiguous_cv,primary_instrument1_full,primary,1,1,1,development_combined,CG-FPLS-code,ok,ok,True,3,30,calibrate:031,calibrate,31,184.1999969482422,183.444589277219,-0.7554076710231925,156
development_source_contiguous_cv,primary_instrument1_full,primary,1,1,1,development_combined,CG-FPLS-code,ok,ok,True,3,155,validate:001,validate,1,189.0,195.7691969284094,6.7691969284094,156
development_source_contiguous_cv,primary_instrument1_full,primary,1,1,1,development_combined,CG-FPLS-code,ok,ok,True,3,156,validate:002,validate,2,188.1999969482422,197.84595847083907,9.645961522596878,156
development_source_contiguous_cv,primary_instrument1_full,primary,1,1,1,development_combined,CG-FPLS-code,ok,ok,True,3,157,validate:003,validate,3,191.89999389648438,193.47604415770616,1.5760502612217806,156
development_source_contiguous_cv,primary_instrument1_full,primary,1,1,1,development_combined,CG-FPLS-code,ok,ok,True,3,158,validate:004,validate,4,189.39999389648438,197.269711270919,7.869717374434629,156
development_source_contiguous_cv,primary_instrument1_full,primary,1,1,1,development_combined,CG-FPLS-code,ok,ok,True,3,159,validate:005,validate,5,195.1999969482422,198.83952727032442,3.639530322082237,156
development_source_contiguous_cv,primary_instrument1_full,primary,1,1,1,development_combined,CG-FPLS-code,ok,ok,True,3,160,validate:006,validate,6,194.5,196.86825181083304,2.368251810833044,156
development_source_contiguous_cv,primary_instrument1_full,primary,1,1,1,development_combined,CG-FPLS-code,ok,ok,True,3,161,validate:007,validate,7,195.89999389648438,195.647664740014,-0.2523291564703811,156
development_source_contiguous_cv,primary_instrument1_full,primary,1,1,1,development_combined,CG-FPLS-code,ok,ok,True,3,162,validate:008,validate,8,194.89999389648438,196.82106696118552,1.9210730647011474,156
development_source_contiguous_cv,primary_instrument1_full,primary,1,1,1,development_combined,Raw FPLS,ok,ok,True,42,0,calibrate:001,calibrate,1,200.10000610351562,194.5898905835878,-5.510115519927837,156
development_source_contiguous_cv,primary_instrument1_full,primary,1,1,1,development_combined,Raw FPLS,ok,ok,True,42,1,calibrate:002,calibrate,2,198.6999969482422,194.25526128756042,-4.444735660681772,156
development_source_contiguous_cv,primary_instrument1_full,primary,1,1,1,development_combined,Raw FPLS,ok,ok,True,42,2,calibrate:003,calibrate,3,201.39999389648438,195.10961336083463,-6.290380535649746,156
development_source_contiguous_cv,primary_instrument1_full,primary,1,1,1,development_combined,Raw FPLS,ok,ok,True,42,3,calibrate:004,calibrate,4,199.89999389648438,191.44921277029593,-8.450781126188446,156
development_source_contiguous_cv,primary_instrument1_full,primary,1,1,1,development_combined,Raw FPLS,ok,ok,True,42,4,calibrate:005,calibrate,5,199.3000030517578,195.50033993061638,-3.7996631211414353,156
development_source_contiguous_cv,primary_instrument1_full,primary,1,1,1,development_combined,Raw FPLS,ok,ok,True,42,5,calibrate:006,calibrate,6,198.3000030517578,193.31615489111198,-4.9838481606458345,156
development_source_contiguous_cv,primary_instrument1_full,primary,1,1,1,development_combined,Raw FPLS,ok,ok,True,42,6,calibrate:007,calibrate,7,200.10000610351562,198.25943484126745,-1.8405712622481758,156
development_source_contiguous_cv,primary_instrument1_full,primary,1,1,1,development_combined,Raw FPLS,ok,ok,True,42,7,calibrate:008,calibrate,8,207.6999969482422,203.38503207800665,-4.314964870235542,156
development_source_contiguous_cv,primary_instrument1_full,primary,1,1,1,development_combined,Raw FPLS,ok,ok,True,42,8,calibrate:009,calibrate,9,184.89999389648438,186.06172365688982,1.16172976040545,156
development_source_contiguous_cv,primary_instrument1_full,primary,1,1,1,development_combined,Raw FPLS,ok,ok,True,42,9,calibrate:010,calibrate,10,181.10000610351562,177.74504069513858,-3.3549654083770406,156
development_source_contiguous_cv,primary_instrument1_full,primary,1,1,1,development_combined,Raw FPLS,ok,ok,True,42,10,calibrate:011,calibrate,11,221.8000030517578,217.05222444494495,-4.747778606812858,156
development_source_contiguous_cv,primary_instrument1_full,primary,1,1,1,development_combined,Raw FPLS,ok,ok,True,42,11,calibrate:012,calibrate,12,162.0,161.76688696746274,-0.23311303253726123,156
development_source_contiguous_cv,primary_instrument1_full,primary,1,1,1,development_combined,Raw FPLS,ok,ok,True,42,12,calibrate:013,calibrate,13,176.3000030517578,178.16581351343848,1.8658104616806668,156
development_source_contiguous_cv,primary_instrument1_full,primary,1,1,1,development_combined,Raw FPLS,ok,ok,True,42,13,calibrate:014,calibrate,14,221.3000030517578,217.0259419415814,-4.2740611101764046,156
development_source_contiguous_cv,primary_instrument1_full,primary,1,1,1,development_combined,Raw FPLS,ok,ok,True,42,14,calibrate:015,calibrate,15,220.10000610351562,216.64451796152983,-3.4554881419857963,156
development_source_contiguous_cv,primary_instrument1_full,primary,1,1,1,development_combined,Raw FPLS,ok,ok,True,42,15,calibrate:016,calibrate,16,173.8000030517578,176.00240830599944,2.2024052542416257,156
development_source_contiguous_cv,primary_instrument1_full,primary,1,1,1,development_combined,Raw FPLS,ok,ok,True,42,16,calibrate:017,calibrate,17,222.5,217.47168377120514,-5.028316228794864,156
development_source_contiguous_cv,primary_instrument1_full,primary,1,1,1,development_combined,Raw FPLS,ok,ok,True,42,17,calibrate:018,calibrate,18,221.89999389648438,219.2687186667195,-2.631275229764867,156
development_source_contiguous_cv,primary_instrument1_full,primary,1,1,1,development_combined,Raw FPLS,ok,ok,True,42,18,calibrate:019,calibrate,19,159.5,177.7859969143413,18.285996914341297,156
development_source_contiguous_cv,primary_instrument1_full,primary,1,1,1,development_combined,Raw FPLS,ok,ok,True,42,19,calibrate:020,calibrate,20,159.3000030517578,160.0071894700076,0.7071864182497904,156
development_source_contiguous_cv,primary_instrument1_full,primary,1,1,1,development_combined,Raw FPLS,ok,ok,True,42,20,calibrate:021,calibrate,21,183.1999969482422,184.54293145687532,1.3429345086331352,156
development_source_contiguous_cv,primary_instrument1_full,primary,1,1,1,development_combined,Raw FPLS,ok,ok,True,42,21,calibrate:022,calibrate,22,185.89999389648438,185.28598984042912,-0.6140040560552507,156
development_source_contiguous_cv,primary_instrument1_full,primary,1,1,1,development_combined,Raw FPLS,ok,ok,True,42,22,calibrate:023,calibrate,23,220.6999969482422,216.97865026599837,-3.7213466822438193,156
development_source_contiguous_cv,primary_instrument1_full,primary,1,1,1,development_combined,Raw FPLS,ok,ok,True,42,23,calibrate:024,calibrate,24,190.1999969482422,186.86530532480103,-3.3346916234411594,156
development_source_contiguous_cv,primary_instrument1_full,primary,1,1,1,development_combined,Raw FPLS,ok,ok,True,42,24,calibrate:025,calibrate,25,177.1999969482422,175.94460000044742,-1.2553969477947646,156
development_source_contiguous_cv,primary_instrument1_full,primary,1,1,1,development_combined,Raw FPLS,ok,ok,True,42,25,calibrate:026,calibrate,26,214.3000030517578,215.82778323802827,1.527780186270462,156
development_source_contiguous_cv,primary_instrument1_full,primary,1,1,1,development_combined,Raw FPLS,ok,ok,True,42,26,calibrate:027,calibrate,27,209.1999969482422,204.56868410699337,-4.631312841248814,156
development_source_contiguous_cv,primary_instrument1_full,primary,1,1,1,development_combined,Raw FPLS,ok,ok,True,42,27,calibrate:028,calibrate,28,175.8000030517578,176.34953595393227,0.5495329021744624,156
development_source_contiguous_cv,primary_instrument1_full,primary,1,1,1,development_combined,Raw FPLS,ok,ok,True,42,28,calibrate:029,calibrate,29,222.5,217.86189570691823,-4.638104293081767,156
development_source_contiguous_cv,primary_instrument1_full,primary,1,1,1,development_combined,Raw FPLS,ok,ok,True,42,29,calibrate:030,calibrate,30,236.39999389648438,239.23785349412427,2.8378595976398913,156
development_source_contiguous_cv,primary_instrument1_full,primary,1,1,1,development_combined,Raw FPLS,ok,ok,True,42,30,calibrate:031,calibrate,31,184.1999969482422,187.81613280290043,3.616135854658239,156
development_source_contiguous_cv,primary_instrument1_full,primary,1,1,1,development_combined,Raw FPLS,ok,ok,True,42,155,validate:001,validate,1,189.0,192.05266439047293,3.052664390472927,156
development_source_contiguous_cv,primary_instrument1_full,primary,1,1,1,development_combined,Raw FPLS,ok,ok,True,42,156,validate:002,validate,2,188.1999969482422,192.41074046985884,4.210743521616649,156
development_source_contiguous_cv,primary_instrument1_full,primary,1,1,1,development_combined,Raw FPLS,ok,ok,True,42,157,validate:003,validate,3,191.89999389648438,198.20406043026486,6.304066533780485,156
development_source_contiguous_cv,primary_instrument1_full,primary,1,1,1,development_combined,Raw FPLS,ok,ok,True,42,158,validate:004,validate,4,189.39999389648438,192.97006593751232,3.5700720410279416,156
development_source_contiguous_cv,primary_instrument1_full,primary,1,1,1,development_combined,Raw FPLS,ok,ok,True,42,159,validate:005,validate,5,195.1999969482422,195.04834281764803,-0.151654130594153,156
development_source_contiguous_cv,primary_instrument1_full,primary,1,1,1,development_combined,Raw FPLS,ok,ok,True,42,160,validate:006,validate,6,194.5,191.8217037982943,-2.678296201705706,156
development_source_contiguous_cv,primary_instrument1_full,primary,1,1,1,development_combined,Raw FPLS,ok,ok,True,42,161,validate:007,validate,7,195.89999389648438,193.43039438905095,-2.469599507433429,156
development_source_contiguous_cv,primary_instrument1_full,primary,1,1,1,development_combined,Raw FPLS,ok,ok,True,42,162,validate:008,validate,8,194.89999389648438,192.41455000751688,-2.4854438889674952,156
development_source_contiguous_cv,primary_instrument1_full,primary,1,1,1,development_combined,Arnoldi FPLS,ok,ok,True,5,0,calibrate:001,calibrate,1,200.10000610351562,194.96579269529124,-5.134213408224383,156
development_source_contiguous_cv,primary_instrument1_full,primary,1,1,1,development_combined,Arnoldi FPLS,ok,ok,True,5,1,calibrate:002,calibrate,2,198.6999969482422,194.59455501590085,-4.105441932341336,156
development_source_contiguous_cv,primary_instrument1_full,primary,1,1,1,development_combined,Arnoldi FPLS,ok,ok,True,5,2,calibrate:003,calibrate,3,201.39999389648438,195.4179185915773,-5.9820753049070845,156
development_source_contiguous_cv,primary_instrument1_full,primary,1,1,1,development_combined,Arnoldi FPLS,ok,ok,True,5,3,calibrate:004,calibrate,4,199.89999389648438,191.23126261243507,-8.6687312840493,156
development_source_contiguous_cv,primary_instrument1_full,primary,1,1,1,development_combined,Arnoldi FPLS,ok,ok,True,5,4,calibrate:005,calibrate,5,199.3000030517578,195.39406259696517,-3.905940454792642,156
development_source_contiguous_cv,primary_instrument1_full,primary,1,1,1,development_combined,Arnoldi FPLS,ok,ok,True,5,5,calibrate:006,calibrate,6,198.3000030517578,193.41251759141196,-4.887485460345857,156
development_source_contiguous_cv,primary_instrument1_full,primary,1,1,1,development_combined,Arnoldi FPLS,ok,ok,True,5,6,calibrate:007,calibrate,7,200.10000610351562,198.72752482912205,-1.3724812743935786,156
development_source_contiguous_cv,primary_instrument1_full,primary,1,1,1,development_combined,Arnoldi FPLS,ok,ok,True,5,7,calibrate:008,calibrate,8,207.6999969482422,203.16576439994842,-4.534232548293772,156
development_source_contiguous_cv,primary_instrument1_full,primary,1,1,1,development_combined,Arnoldi FPLS,ok,ok,True,5,8,calibrate:009,calibrate,9,184.89999389648438,185.89484682577063,0.9948529292862531,156
development_source_contiguous_cv,primary_instrument1_full,primary,1,1,1,development_combined,Arnoldi FPLS,ok,ok,True,5,9,calibrate:010,calibrate,10,181.10000610351562,178.03096780864496,-3.0690382948706656,156
development_source_contiguous_cv,primary_instrument1_full,primary,1,1,1,development_combined,Arnoldi FPLS,ok,ok,True,5,10,calibrate:011,calibrate,11,221.8000030517578,216.81088386893452,-4.989119182823288,156
development_source_contiguous_cv,primary_instrument1_full,primary,1,1,1,development_combined,Arnoldi FPLS,ok,ok,True,5,11,calibrate:012,calibrate,12,162.0,161.99055528837246,-0.009444711627537572,156
development_source_contiguous_cv,primary_instrument1_full,primary,1,1,1,development_combined,Arnoldi FPLS,ok,ok,True,5,12,calibrate:013,calibrate,13,176.3000030517578,178.31179793207852,2.011794880320707,156
development_source_contiguous_cv,primary_instrument1_full,primary,1,1,1,development_combined,Arnoldi FPLS,ok,ok,True,5,13,calibrate:014,calibrate,14,221.3000030517578,217.37362122200324,-3.9263818297545754,156
development_source_contiguous_cv,primary_instrument1_full,primary,1,1,1,development_combined,Arnoldi FPLS,ok,ok,True,5,14,calibrate:015,calibrate,15,220.10000610351562,216.43620616653448,-3.6637999369811496,156
development_source_contiguous_cv,primary_instrument1_full,primary,1,1,1,development_combined,Arnoldi FPLS,ok,ok,True,5,15,calibrate:016,calibrate,16,173.8000030517578,175.69284800842564,1.8928449566678296,156
development_source_contiguous_cv,primary_instrument1_full,primary,1,1,1,development_combined,Arnoldi FPLS,ok,ok,True,5,16,calibrate:017,calibrate,17,222.5,217.77483108686522,-4.72516891313478,156
development_source_contiguous_cv,primary_instrument1_full,primary,1,1,1,development_combined,Arnoldi FPLS,ok,ok,True,5,17,calibrate:018,calibrate,18,221.89999389648438,219.11820061367035,-2.7817932828140215,156
development_source_contiguous_cv,primary_instrument1_full,primary,1,1,1,development_combined,Arnoldi FPLS,ok,ok,True,5,18,calibrate:019,calibrate,19,159.5,177.99419782409328,18.494197824093277,156
development_source_contiguous_cv,primary_instrument1_full,primary,1,1,1,development_combined,Arnoldi FPLS,ok,ok,True,5,19,calibrate:020,calibrate,20,159.3000030517578,160.18577784972385,0.885774797966036,156
development_source_contiguous_cv,primary_instrument1_full,primary,1,1,1,development_combined,Arnoldi FPLS,ok,ok,True,5,20,calibrate:021,calibrate,21,183.1999969482422,184.62066811060834,1.4206711623661477,156
development_source_contiguous_cv,primary_instrument1_full,primary,1,1,1,development_combined,Arnoldi FPLS,ok,ok,True,5,21,calibrate:022,calibrate,22,185.89999389648438,185.42268287837314,-0.4773110181112372,156
development_source_contiguous_cv,primary_instrument1_full,primary,1,1,1,development_combined,Arnoldi FPLS,ok,ok,True,5,22,calibrate:023,calibrate,23,220.6999969482422,216.88366219888286,-3.816334749359328,156
development_source_contiguous_cv,primary_instrument1_full,primary,1,1,1,development_combined,Arnoldi FPLS,ok,ok,True,5,23,calibrate:024,calibrate,24,190.1999969482422,187.31735542138983,-2.8826415268523533,156
development_source_contiguous_cv,primary_instrument1_full,primary,1,1,1,development_combined,Arnoldi FPLS,ok,ok,True,5,24,calibrate:025,calibrate,25,177.1999969482422,176.16063086692745,-1.0393660813147392,156
development_source_contiguous_cv,primary_instrument1_full,primary,1,1,1,development_combined,Arnoldi FPLS,ok,ok,True,5,25,calibrate:026,calibrate,26,214.3000030517578,215.7516834501121,1.4516803983542843,156
development_source_contiguous_cv,primary_instrument1_full,primary,1,1,1,development_combined,Arnoldi FPLS,ok,ok,True,5,26,calibrate:027,calibrate,27,209.1999969482422,204.8425187099164,-4.357478238325797,156
development_source_contiguous_cv,primary_instrument1_full,primary,1,1,1,development_combined,Arnoldi FPLS,ok,ok,True,5,27,calibrate:028,calibrate,28,175.8000030517578,176.50671386271617,0.7067108109583558,156
development_source_contiguous_cv,primary_instrument1_full,primary,1,1,1,development_combined,Arnoldi FPLS,ok,ok,True,5,28,calibrate:029,calibrate,29,222.5,218.2389571204019,-4.261042879598108,156
development_source_contiguous_cv,primary_instrument1_full,primary,1,1,1,development_combined,Arnoldi FPLS,ok,ok,True,5,29,calibrate:030,calibrate,30,236.39999389648438,239.2181259151773,2.8181320186929213,156
development_source_contiguous_cv,primary_instrument1_full,primary,1,1,1,development_combined,Arnoldi FPLS,ok,ok,True,5,30,calibrate:031,calibrate,31,184.1999969482422,188.1384850828547,3.9384881346124985,156
development_source_contiguous_cv,primary_instrument1_full,primary,1,1,1,development_combined,Arnoldi FPLS,ok,ok,True,5,155,validate:001,validate,1,189.0,191.9726399300644,2.972639930064389,156
development_source_contiguous_cv,primary_instrument1_full,primary,1,1,1,development_combined,Arnoldi FPLS,ok,ok,True,5,156,validate:002,validate,2,188.1999969482422,192.2049270118667,4.004930063624499,156
development_source_contiguous_cv,primary_instrument1_full,primary,1,1,1,development_combined,Arnoldi FPLS,ok,ok,True,5,157,validate:003,validate,3,191.89999389648438,198.55050463711726,6.650510740632882,156
development_source_contiguous_cv,primary_instrument1_full,primary,1,1,1,development_combined,Arnoldi FPLS,ok,ok,True,5,158,validate:004,validate,4,189.39999389648438,192.92260814274297,3.5226142462585983,156
development_source_contiguous_cv,primary_instrument1_full,primary,1,1,1,development_combined,Arnoldi FPLS,ok,ok,True,5,159,validate:005,validate,5,195.1999969482422,195.00337376449482,-0.19662318374736287,156
development_source_contiguous_cv,primary_instrument1_full,primary,1,1,1,development_combined,Arnoldi FPLS,ok,ok,True,5,160,validate:006,validate,6,194.5,191.74762001754377,-2.752379982456233,156
development_source_contiguous_cv,primary_instrument1_full,primary,1,1,1,development_combined,Arnoldi FPLS,ok,ok,True,5,161,validate:007,validate,7,195.89999389648438,193.21487296614373,-2.685120930340645,156
development_source_contiguous_cv,primary_instrument1_full,primary,1,1,1,development_combined,Arnoldi FPLS,ok,ok,True,5,162,validate:008,validate,8,194.89999389648438,192.23011518905176,-2.6698787074326162,156
development_source_contiguous_cv,primary_instrument1_full,primary,1,1,1,development_combined,FPCR,ok,ok,True,7,0,calibrate:001,calibrate,1,200.10000610351562,193.62377829675373,-6.476227806761898,156
development_source_contiguous_cv,primary_instrument1_full,primary,1,1,1,development_combined,FPCR,ok,ok,True,7,1,calibrate:002,calibrate,2,198.6999969482422,194.04908765645774,-4.650909291784444,156
development_source_contiguous_cv,primary_instrument1_full,primary,1,1,1,development_combined,FPCR,ok,ok,True,7,2,calibrate:003,calibrate,3,201.39999389648438,194.21039525679748,-7.189598639686892,156
development_source_contiguous_cv,primary_instrument1_full,primary,1,1,1,development_combined,FPCR,ok,ok,True,7,3,calibrate:004,calibrate,4,199.89999389648438,192.14855007436492,-7.751443822119455,156
development_source_contiguous_cv,primary_instrument1_full,primary,1,1,1,development_combined,FPCR,ok,ok,True,7,4,calibrate:005,calibrate,5,199.3000030517578,195.3872270666442,-3.912775985113626,156
development_source_contiguous_cv,primary_instrument1_full,primary,1,1,1,development_combined,FPCR,ok,ok,True,7,5,calibrate:006,calibrate,6,198.3000030517578,192.30169481392008,-5.998308237837733,156
development_source_contiguous_cv,primary_instrument1_full,primary,1,1,1,development_combined,FPCR,ok,ok,True,7,6,calibrate:007,calibrate,7,200.10000610351562,196.5783440991397,-3.521662004375912,156
development_source_contiguous_cv,primary_instrument1_full,primary,1,1,1,development_combined,FPCR,ok,ok,True,7,7,calibrate:008,calibrate,8,207.6999969482422,203.77028914588072,-3.929707802361463,156
development_source_contiguous_cv,primary_instrument1_full,primary,1,1,1,development_combined,FPCR,ok,ok,True,7,8,calibrate:009,calibrate,9,184.89999389648438,186.1558487440593,1.2558548475749376,156
development_source_contiguous_cv,primary_instrument1_full,primary,1,1,1,development_combined,FPCR,ok,ok,True,7,9,calibrate:010,calibrate,10,181.10000610351562,177.27103232669577,-3.8289737768198506,156
development_source_contiguous_cv,primary_instrument1_full,primary,1,1,1,development_combined,FPCR,ok,ok,True,7,10,calibrate:011,calibrate,11,221.8000030517578,217.63465224308771,-4.165350808670098,156
development_source_contiguous_cv,primary_instrument1_full,primary,1,1,1,development_combined,FPCR,ok,ok,True,7,11,calibrate:012,calibrate,12,162.0,161.01697772175172,-0.9830222782482849,156
development_source_contiguous_cv,primary_instrument1_full,primary,1,1,1,development_combined,FPCR,ok,ok,True,7,12,calibrate:013,calibrate,13,176.3000030517578,178.4041885251003,2.1041854733424827,156
development_source_contiguous_cv,primary_instrument1_full,primary,1,1,1,development_combined,FPCR,ok,ok,True,7,13,calibrate:014,calibrate,14,221.3000030517578,216.8871109550168,-4.412892096741018,156
development_source_contiguous_cv,primary_instrument1_full,primary,1,1,1,development_combined,FPCR,ok,ok,True,7,14,calibrate:015,calibrate,15,220.10000610351562,217.5523470632939,-2.547659040221731,156
development_source_contiguous_cv,primary_instrument1_full,primary,1,1,1,development_combined,FPCR,ok,ok,True,7,15,calibrate:016,calibrate,16,173.8000030517578,177.34986569342854,3.549862641670728,156
development_source_contiguous_cv,primary_instrument1_full,primary,1,1,1,development_combined,FPCR,ok,ok,True,7,16,calibrate:017,calibrate,17,222.5,216.7774026216792,-5.722597378320813,156
development_source_contiguous_cv,primary_instrument1_full,primary,1,1,1,development_combined,FPCR,ok,ok,True,7,17,calibrate:018,calibrate,18,221.89999389648438,219.31070930150645,-2.5892845949779257,156
development_source_contiguous_cv,primary_instrument1_full,primary,1,1,1,development_combined,FPCR,ok,ok,True,7,18,calibrate:019,calibrate,19,159.5,177.8652155242525,18.365215524252505,156
development_source_contiguous_cv,primary_instrument1_full,primary,1,1,1,development_combined,FPCR,ok,ok,True,7,19,calibrate:020,calibrate,20,159.3000030517578,160.73805045494842,1.438047403190609,156
development_source_contiguous_cv,primary_instrument1_full,primary,1,1,1,development_combined,FPCR,ok,ok,True,7,20,calibrate:021,calibrate,21,183.1999969482422,183.28578305562283,0.08578610738064185,156
development_source_contiguous_cv,primary_instrument1_full,primary,1,1,1,development_combined,FPCR,ok,ok,True,7,21,calibrate:022,calibrate,22,185.89999389648438,185.41495358644897,-0.4850403100354015,156
development_source_contiguous_cv,primary_instrument1_full,primary,1,1,1,development_combined,FPCR,ok,ok,True,7,22,calibrate:023,calibrate,23,220.6999969482422,217.5838678115021,-3.116129136740085,156
development_source_contiguous_cv,primary_instrument1_full,primary,1,1,1,development_combined,FPCR,ok,ok,True,7,23,calibrate:024,calibrate,24,190.1999969482422,185.34958502257027,-4.850411925671921,156
development_source_contiguous_cv,primary_instrument1_full,primary,1,1,1,development_combined,FPCR,ok,ok,True,7,24,calibrate:025,calibrate,25,177.1999969482422,176.06595224580616,-1.1340447024360287,156
development_source_contiguous_cv,primary_instrument1_full,primary,1,1,1,development_combined,FPCR,ok,ok,True,7,25,calibrate:026,calibrate,26,214.3000030517578,216.47015405644416,2.170151004686346,156
development_source_contiguous_cv,primary_instrument1_full,primary,1,1,1,development_combined,FPCR,ok,ok,True,7,26,calibrate:027,calibrate,27,209.1999969482422,204.447000678841,-4.752996269401194,156
development_source_contiguous_cv,primary_instrument1_full,primary,1,1,1,development_combined,FPCR,ok,ok,True,7,27,calibrate:028,calibrate,28,175.8000030517578,175.8665402840226,0.06653723226477837,156
development_source_contiguous_cv,primary_instrument1_full,primary,1,1,1,development_combined,FPCR,ok,ok,True,7,28,calibrate:029,calibrate,29,222.5,216.3348109712843,-6.165189028715702,156
development_source_contiguous_cv,primary_instrument1_full,primary,1,1,1,development_combined,FPCR,ok,ok,True,7,29,calibrate:030,calibrate,30,236.39999389648438,237.41626620145922,1.0162723049748479,156
development_source_contiguous_cv,primary_instrument1_full,primary,1,1,1,development_combined,FPCR,ok,ok,True,7,30,calibrate:031,calibrate,31,184.1999969482422,187.71990073989087,3.5199037916486873,156
development_source_contiguous_cv,primary_instrument1_full,primary,1,1,1,development_combined,FPCR,ok,ok,True,7,155,validate:001,validate,1,189.0,191.84000941289227,2.8400094128922717,156
development_source_contiguous_cv,primary_instrument1_full,primary,1,1,1,development_combined,FPCR,ok,ok,True,7,156,validate:002,validate,2,188.1999969482422,192.4764430254078,4.276446077165616,156
development_source_contiguous_cv,primary_instrument1_full,primary,1,1,1,development_combined,FPCR,ok,ok,True,7,157,validate:003,validate,3,191.89999389648438,197.62315718558014,5.7231632890957655,156
development_source_contiguous_cv,primary_instrument1_full,primary,1,1,1,development_combined,FPCR,ok,ok,True,7,158,validate:004,validate,4,189.39999389648438,192.58645214903228,3.186458252547908,156
development_source_contiguous_cv,primary_instrument1_full,primary,1,1,1,development_combined,FPCR,ok,ok,True,7,159,validate:005,validate,5,195.1999969482422,194.80502925640153,-0.3949676918406624,156
development_source_contiguous_cv,primary_instrument1_full,primary,1,1,1,development_combined,FPCR,ok,ok,True,7,160,validate:006,validate,6,194.5,191.87992726709015,-2.620072732909847,156
development_source_contiguous_cv,primary_instrument1_full,primary,1,1,1,development_combined,FPCR,ok,ok,True,7,161,validate:007,validate,7,195.89999389648438,195.16267096811876,-0.7373229283656144,156
development_source_contiguous_cv,primary_instrument1_full,primary,1,1,1,development_combined,FPCR,ok,ok,True,7,162,validate:008,validate,8,194.89999389648438,192.72562467592599,-2.1743692205583898,156
development_source_contiguous_cv,primary_instrument1_full,primary,1,1,2,development_combined,CG-FPLS-code,ok,ok,True,3,31,calibrate:032,calibrate,32,158.8000030517578,162.01786912062545,3.217866068867636,156
development_source_contiguous_cv,primary_instrument1_full,primary,1,1,2,development_combined,CG-FPLS-code,ok,ok,True,3,32,calibrate:033,calibrate,33,183.0,188.27168360240356,5.271683602403556,156
development_source_contiguous_cv,primary_instrument1_full,primary,1,1,2,development_combined,CG-FPLS-code,ok,ok,True,3,33,calibrate:034,calibrate,34,231.89999389648438,232.741676839003,0.8416829425186165,156
development_source_contiguous_cv,primary_instrument1_full,primary,1,1,2,development_combined,CG-FPLS-code,ok,ok,True,3,34,calibrate:035,calibrate,35,218.0,214.58451602657775,-3.415483973422255,156
development_source_contiguous_cv,primary_instrument1_full,primary,1,1,2,development_combined,CG-FPLS-code,ok,ok,True,3,35,calibrate:036,calibrate,36,177.0,173.12579603811088,-3.8742039618891226,156
development_source_contiguous_cv,primary_instrument1_full,primary,1,1,2,development_combined,CG-FPLS-code,ok,ok,True,3,36,calibrate:037,calibrate,37,177.5,176.86912233328917,-0.6308776667108305,156
development_source_contiguous_cv,primary_instrument1_full,primary,1,1,2,development_combined,CG-FPLS-code,ok,ok,True,3,37,calibrate:038,calibrate,38,208.8000030517578,201.89973078043258,-6.900272271325235,156
development_source_contiguous_cv,primary_instrument1_full,primary,1,1,2,development_combined,CG-FPLS-code,ok,ok,True,3,38,calibrate:039,calibrate,39,214.10000610351562,222.1801317832925,8.08012567977687,156
development_source_contiguous_cv,primary_instrument1_full,primary,1,1,2,development_combined,CG-FPLS-code,ok,ok,True,3,39,calibrate:040,calibrate,40,174.10000610351562,177.42006707564363,3.3200609721280046,156
development_source_contiguous_cv,primary_instrument1_full,primary,1,1,2,development_combined,CG-FPLS-code,ok,ok,True,3,40,calibrate:041,calibrate,41,206.60000610351562,204.26833238673635,-2.331673716779278,156
development_source_contiguous_cv,primary_instrument1_full,primary,1,1,2,development_combined,CG-FPLS-code,ok,ok,True,3,41,calibrate:042,calibrate,42,187.5,186.3216447176348,-1.178355282365203,156
development_source_contiguous_cv,primary_instrument1_full,primary,1,1,2,development_combined,CG-FPLS-code,ok,ok,True,3,42,calibrate:043,calibrate,43,159.60000610351562,163.53595397881836,3.9359478753027304,156
development_source_contiguous_cv,primary_instrument1_full,primary,1,1,2,development_combined,CG-FPLS-code,ok,ok,True,3,43,calibrate:044,calibrate,44,186.89999389648438,185.92675108135268,-0.9732428151316981,156
development_source_contiguous_cv,primary_instrument1_full,primary,1,1,2,development_combined,CG-FPLS-code,ok,ok,True,3,44,calibrate:045,calibrate,45,181.10000610351562,186.09656814059727,4.996562037081645,156
development_source_contiguous_cv,primary_instrument1_full,primary,1,1,2,development_combined,CG-FPLS-code,ok,ok,True,3,45,calibrate:046,calibrate,46,186.8000030517578,182.91394176741815,-3.886061284339661,156
development_source_contiguous_cv,primary_instrument1_full,primary,1,1,2,development_combined,CG-FPLS-code,ok,ok,True,3,46,calibrate:047,calibrate,47,158.0,165.14001435223489,7.140014352234886,156
development_source_contiguous_cv,primary_instrument1_full,primary,1,1,2,development_combined,CG-FPLS-code,ok,ok,True,3,47,calibrate:048,calibrate,48,156.8000030517578,162.10066673635578,5.300663684597964,156
development_source_contiguous_cv,primary_instrument1_full,primary,1,1,2,development_combined,CG-FPLS-code,ok,ok,True,3,48,calibrate:049,calibrate,49,186.3000030517578,191.04103006704764,4.741027015289831,156
development_source_contiguous_cv,primary_instrument1_full,primary,1,1,2,development_combined,CG-FPLS-code,ok,ok,True,3,49,calibrate:050,calibrate,50,220.5,220.4930047873729,-0.006995212627089131,156
development_source_contiguous_cv,primary_instrument1_full,primary,1,1,2,development_combined,CG-FPLS-code,ok,ok,True,3,50,calibrate:051,calibrate,51,188.3000030517578,187.69345937455483,-0.6065436772029784,156
development_source_contiguous_cv,primary_instrument1_full,primary,1,1,2,development_combined,CG-FPLS-code,ok,ok,True,3,51,calibrate:052,calibrate,52,231.89999389648438,224.9675786909044,-6.932415205579986,156
development_source_contiguous_cv,primary_instrument1_full,primary,1,1,2,development_combined,CG-FPLS-code,ok,ok,True,3,52,calibrate:053,calibrate,53,171.39999389648438,176.89615098714063,5.496157090656254,156
development_source_contiguous_cv,primary_instrument1_full,primary,1,1,2,development_combined,CG-FPLS-code,ok,ok,True,3,53,calibrate:054,calibrate,54,221.5,214.55679753737115,-6.943202462628847,156
development_source_contiguous_cv,primary_instrument1_full,primary,1,1,2,development_combined,CG-FPLS-code,ok,ok,True,3,54,calibrate:055,calibrate,55,188.10000610351562,184.92428216530232,-3.1757239382133093,156
development_source_contiguous_cv,primary_instrument1_full,primary,1,1,2,development_combined,CG-FPLS-code,ok,ok,True,3,55,calibrate:056,calibrate,56,157.5,165.03231634334847,7.5323163433484694,156
development_source_contiguous_cv,primary_instrument1_full,primary,1,1,2,development_combined,CG-FPLS-code,ok,ok,True,3,56,calibrate:057,calibrate,57,222.3000030517578,220.56999584466823,-1.730007207089585,156
development_source_contiguous_cv,primary_instrument1_full,primary,1,1,2,development_combined,CG-FPLS-code,ok,ok,True,3,57,calibrate:058,calibrate,58,157.60000610351562,164.59353270603378,6.993526602518159,156
development_source_contiguous_cv,primary_instrument1_full,primary,1,1,2,development_combined,CG-FPLS-code,ok,ok,True,3,58,calibrate:059,calibrate,59,155.1999969482422,159.27332005818994,4.073323109947751,156
development_source_contiguous_cv,primary_instrument1_full,primary,1,1,2,development_combined,CG-FPLS-code,ok,ok,True,3,59,calibrate:060,calibrate,60,172.3000030517578,179.71282907413087,7.4128260223730535,156
development_source_contiguous_cv,primary_instrument1_full,primary,1,1,2,development_combined,CG-FPLS-code,ok,ok,True,3,60,calibrate:061,calibrate,61,176.89999389648438,175.87173478182032,-1.0282591146640527,156
development_source_contiguous_cv,primary_instrument1_full,primary,1,1,2,development_combined,CG-FPLS-code,ok,ok,True,3,61,calibrate:062,calibrate,62,176.6999969482422,179.04367746212884,2.343680513886653,156
development_source_contiguous_cv,primary_instrument1_full,primary,1,1,2,development_combined,CG-FPLS-code,ok,ok,True,3,163,validate:009,validate,9,195.8000030517578,192.6698305382573,-3.1301725135005256,156
development_source_contiguous_cv,primary_instrument1_full,primary,1,1,2,development_combined,CG-FPLS-code,ok,ok,True,3,164,validate:010,validate,10,193.8000030517578,196.75944873929953,2.9594456875417166,156
development_source_contiguous_cv,primary_instrument1_full,primary,1,1,2,development_combined,CG-FPLS-code,ok,ok,True,3,165,validate:011,validate,11,195.10000610351562,189.4424739569785,-5.657532146537136,156
development_source_contiguous_cv,primary_instrument1_full,primary,1,1,2,development_combined,CG-FPLS-code,ok,ok,True,3,166,validate:012,validate,12,193.8000030517578,189.5235109090418,-4.276492142716023,156
development_source_contiguous_cv,primary_instrument1_full,primary,1,1,2,development_combined,CG-FPLS-code,ok,ok,True,3,167,validate:013,validate,13,194.5,199.9990906110566,5.499090611056602,156
development_source_contiguous_cv,primary_instrument1_full,primary,1,1,2,development_combined,CG-FPLS-code,ok,ok,True,3,168,validate:014,validate,14,197.5,198.04226331957838,0.5422633195783817,156
development_source_contiguous_cv,primary_instrument1_full,primary,1,1,2,development_combined,CG-FPLS-code,ok,ok,True,3,169,validate:015,validate,15,195.10000610351562,196.75682475044104,1.6568186469254158,156
development_source_contiguous_cv,primary_instrument1_full,primary,1,1,2,development_combined,CG-FPLS-code,ok,ok,True,3,170,validate:016,validate,16,193.60000610351562,196.47199258677065,2.8719864832550286,156
development_source_contiguous_cv,primary_instrument1_full,primary,1,1,2,development_combined,Raw FPLS,ok,ok,True,25,31,calibrate:032,calibrate,32,158.8000030517578,162.04553346318906,3.245530411431247,156
development_source_contiguous_cv,primary_instrument1_full,primary,1,1,2,development_combined,Raw FPLS,ok,ok,True,25,32,calibrate:033,calibrate,33,183.0,188.30102175016387,5.301021750163869,156
development_source_contiguous_cv,primary_instrument1_full,primary,1,1,2,development_combined,Raw FPLS,ok,ok,True,25,33,calibrate:034,calibrate,34,231.89999389648438,236.2267084873525,4.326714590868136,156
development_source_contiguous_cv,primary_instrument1_full,primary,1,1,2,development_combined,Raw FPLS,ok,ok,True,25,34,calibrate:035,calibrate,35,218.0,218.5683938714589,0.568393871458909,156
development_source_contiguous_cv,primary_instrument1_full,primary,1,1,2,development_combined,Raw FPLS,ok,ok,True,25,35,calibrate:036,calibrate,36,177.0,177.90502954701665,0.9050295470166532,156
development_source_contiguous_cv,primary_instrument1_full,primary,1,1,2,development_combined,Raw FPLS,ok,ok,True,25,36,calibrate:037,calibrate,37,177.5,178.61925457142817,1.119254571428172,156
development_source_contiguous_cv,primary_instrument1_full,primary,1,1,2,development_combined,Raw FPLS,ok,ok,True,25,37,calibrate:038,calibrate,38,208.8000030517578,206.05775894895893,-2.742244102798878,156
development_source_contiguous_cv,primary_instrument1_full,primary,1,1,2,development_combined,Raw FPLS,ok,ok,True,25,38,calibrate:039,calibrate,39,214.10000610351562,221.54720533811565,7.447199234600021,156
development_source_contiguous_cv,primary_instrument1_full,primary,1,1,2,development_combined,Raw FPLS,ok,ok,True,25,39,calibrate:040,calibrate,40,174.10000610351562,177.63606420492025,3.5360581014046204,156
development_source_contiguous_cv,primary_instrument1_full,primary,1,1,2,development_combined,Raw FPLS,ok,ok,True,25,40,calibrate:041,calibrate,41,206.60000610351562,206.84489162001114,0.24488551649551482,156
development_source_contiguous_cv,primary_instrument1_full,primary,1,1,2,development_combined,Raw FPLS,ok,ok,True,25,41,calibrate:042,calibrate,42,187.5,188.5002328889075,1.0002328889075045,156
development_source_contiguous_cv,primary_instrument1_full,primary,1,1,2,development_combined,Raw FPLS,ok,ok,True,25,42,calibrate:043,calibrate,43,159.60000610351562,163.54353210402533,3.9435260005097064,156
development_source_contiguous_cv,primary_instrument1_full,primary,1,1,2,development_combined,Raw FPLS,ok,ok,True,25,43,calibrate:044,calibrate,44,186.89999389648438,189.71883037698765,2.818836480503279,156
development_source_contiguous_cv,primary_instrument1_full,primary,1,1,2,development_combined,Raw FPLS,ok,ok,True,25,44,calibrate:045,calibrate,45,181.10000610351562,185.35728950112502,4.257283397609399,156
development_source_contiguous_cv,primary_instrument1_full,primary,1,1,2,development_combined,Raw FPLS,ok,ok,True,25,45,calibrate:046,calibrate,46,186.8000030517578,181.6764376888237,-5.123565362934102,156
development_source_contiguous_cv,primary_instrument1_full,primary,1,1,2,development_combined,Raw FPLS,ok,ok,True,25,46,calibrate:047,calibrate,47,158.0,158.99137191056604,0.9913719105660448,156
development_source_contiguous_cv,primary_instrument1_full,primary,1,1,2,development_combined,Raw FPLS,ok,ok,True,25,47,calibrate:048,calibrate,48,156.8000030517578,157.44357714558788,0.6435740938300683,156
development_source_contiguous_cv,primary_instrument1_full,primary,1,1,2,development_combined,Raw FPLS,ok,ok,True,25,48,calibrate:049,calibrate,49,186.3000030517578,185.41412832876048,-0.885874722997329,156
development_source_contiguous_cv,primary_instrument1_full,primary,1,1,2,development_combined,Raw FPLS,ok,ok,True,25,49,calibrate:050,calibrate,50,220.5,217.25423106516405,-3.245768934835951,156
development_source_contiguous_cv,primary_instrument1_full,primary,1,1,2,development_combined,Raw FPLS,ok,ok,True,25,50,calibrate:051,calibrate,51,188.3000030517578,185.2424690492467,-3.057534002511119,156
development_source_contiguous_cv,primary_instrument1_full,primary,1,1,2,development_combined,Raw FPLS,ok,ok,True,25,51,calibrate:052,calibrate,52,231.89999389648438,233.95248726174833,2.052493365263956,156
development_source_contiguous_cv,primary_instrument1_full,primary,1,1,2,development_combined,Raw FPLS,ok,ok,True,25,52,calibrate:053,calibrate,53,171.39999389648438,178.90682596256002,7.506832066075646,156
development_source_contiguous_cv,primary_instrument1_full,primary,1,1,2,development_combined,Raw FPLS,ok,ok,True,25,53,calibrate:054,calibrate,54,221.5,219.15021357707087,-2.349786422929128,156
development_source_contiguous_cv,primary_instrument1_full,primary,1,1,2,development_combined,Raw FPLS,ok,ok,True,25,54,calibrate:055,calibrate,55,188.10000610351562,184.49045951831155,-3.609546585204072,156
development_source_contiguous_cv,primary_instrument1_full,primary,1,1,2,development_combined,Raw FPLS,ok,ok,True,25,55,calibrate:056,calibrate,56,157.5,161.99921923540586,4.49921923540586,156
development_source_contiguous_cv,primary_instrument1_full,primary,1,1,2,development_combined,Raw FPLS,ok,ok,True,25,56,calibrate:057,calibrate,57,222.3000030517578,219.23498384834008,-3.0650192034177337,156
development_source_contiguous_cv,primary_instrument1_full,primary,1,1,2,development_combined,Raw FPLS,ok,ok,True,25,57,calibrate:058,calibrate,58,157.60000610351562,164.13316990799993,6.533163804484303,156
development_source_contiguous_cv,primary_instrument1_full,primary,1,1,2,development_combined,Raw FPLS,ok,ok,True,25,58,calibrate:059,calibrate,59,155.1999969482422,161.35017767048885,6.15018072224666,156
development_source_contiguous_cv,primary_instrument1_full,primary,1,1,2,development_combined,Raw FPLS,ok,ok,True,25,59,calibrate:060,calibrate,60,172.3000030517578,173.79478745738245,1.4947844056246424,156
development_source_contiguous_cv,primary_instrument1_full,primary,1,1,2,development_combined,Raw FPLS,ok,ok,True,25,60,calibrate:061,calibrate,61,176.89999389648438,177.78190910554528,0.8819152090609066,156
development_source_contiguous_cv,primary_instrument1_full,primary,1,1,2,development_combined,Raw FPLS,ok,ok,True,25,61,calibrate:062,calibrate,62,176.6999969482422,177.17368231738772,0.47368536914552806,156
development_source_contiguous_cv,primary_instrument1_full,primary,1,1,2,development_combined,Raw FPLS,ok,ok,True,25,163,validate:009,validate,9,195.8000030517578,194.2576208982419,-1.5423821535159163,156
development_source_contiguous_cv,primary_instrument1_full,primary,1,1,2,development_combined,Raw FPLS,ok,ok,True,25,164,validate:010,validate,10,193.8000030517578,189.4059624776232,-4.394040574134607,156
development_source_contiguous_cv,primary_instrument1_full,primary,1,1,2,development_combined,Raw FPLS,ok,ok,True,25,165,validate:011,validate,11,195.10000610351562,194.51931328680251,-0.5806928167131105,156
development_source_contiguous_cv,primary_instrument1_full,primary,1,1,2,development_combined,Raw FPLS,ok,ok,True,25,166,validate:012,validate,12,193.8000030517578,191.58070504122358,-2.2192980105342315,156
development_source_contiguous_cv,primary_instrument1_full,primary,1,1,2,development_combined,Raw FPLS,ok,ok,True,25,167,validate:013,validate,13,194.5,194.22730736386706,-0.2726926361329447,156
development_source_contiguous_cv,primary_instrument1_full,primary,1,1,2,development_combined,Raw FPLS,ok,ok,True,25,168,validate:014,validate,14,197.5,192.9018016298294,-4.598198370170593,156
development_source_contiguous_cv,primary_instrument1_full,primary,1,1,2,development_combined,Raw FPLS,ok,ok,True,25,169,validate:015,validate,15,195.10000610351562,190.41204058679904,-4.687965516716588,156
development_source_contiguous_cv,primary_instrument1_full,primary,1,1,2,development_combined,Raw FPLS,ok,ok,True,25,170,validate:016,validate,16,193.60000610351562,192.16696366767104,-1.433042435844584,156
development_source_contiguous_cv,primary_instrument1_full,primary,1,1,2,development_combined,Arnoldi FPLS,ok,ok,True,5,31,calibrate:032,calibrate,32,158.8000030517578,161.51235461817527,2.7123515664174533,156
development_source_contiguous_cv,primary_instrument1_full,primary,1,1,2,development_combined,Arnoldi FPLS,ok,ok,True,5,32,calibrate:033,calibrate,33,183.0,187.75441475508265,4.754414755082649,156
development_source_contiguous_cv,primary_instrument1_full,primary,1,1,2,development_combined,Arnoldi FPLS,ok,ok,True,5,33,calibrate:034,calibrate,34,231.89999389648438,236.26570824083103,4.365714344346657,156
development_source_contiguous_cv,primary_instrument1_full,primary,1,1,2,development_combined,Arnoldi FPLS,ok,ok,True,5,34,calibrate:035,calibrate,35,218.0,217.73828243450762,-0.26171756549237557,156
development_source_contiguous_cv,primary_instrument1_full,primary,1,1,2,development_combined,Arnoldi FPLS,ok,ok,True,5,35,calibrate:036,calibrate,36,177.0,176.9727187172209,-0.027281282779085814,156
development_source_contiguous_cv,primary_instrument1_full,primary,1,1,2,development_combined,Arnoldi FPLS,ok,ok,True,5,36,calibrate:037,calibrate,37,177.5,178.0846840506202,0.5846840506202113,156
development_source_contiguous_cv,primary_instrument1_full,primary,1,1,2,development_combined,Arnoldi FPLS,ok,ok,True,5,37,calibrate:038,calibrate,38,208.8000030517578,205.32469905571992,-3.475303996037894,156
development_source_contiguous_cv,primary_instrument1_full,primary,1,1,2,development_combined,Arnoldi FPLS,ok,ok,True,5,38,calibrate:039,calibrate,39,214.10000610351562,222.3258944730935,8.225888369577888,156
development_source_contiguous_cv,primary_instrument1_full,primary,1,1,2,development_combined,Arnoldi FPLS,ok,ok,True,5,39,calibrate:040,calibrate,40,174.10000610351562,177.22999257727497,3.1299864737593452,156
development_source_contiguous_cv,primary_instrument1_full,primary,1,1,2,development_combined,Arnoldi FPLS,ok,ok,True,5,40,calibrate:041,calibrate,41,206.60000610351562,206.16617855583345,-0.4338275476821707,156
development_source_contiguous_cv,primary_instrument1_full,primary,1,1,2,development_combined,Arnoldi FPLS,ok,ok,True,5,41,calibrate:042,calibrate,42,187.5,187.7428524664883,0.2428524664883014,156
development_source_contiguous_cv,primary_instrument1_full,primary,1,1,2,development_combined,Arnoldi FPLS,ok,ok,True,5,42,calibrate:043,calibrate,43,159.60000610351562,163.02061196637078,3.4206058628551546,156
development_source_contiguous_cv,primary_instrument1_full,primary,1,1,2,development_combined,Arnoldi FPLS,ok,ok,True,5,43,calibrate:044,calibrate,44,186.89999389648438,188.97078809356373,2.0707941970793513,156
development_source_contiguous_cv,primary_instrument1_full,primary,1,1,2,development_combined,Arnoldi FPLS,ok,ok,True,5,44,calibrate:045,calibrate,45,181.10000610351562,186.31312768565476,5.213121582139138,156
development_source_contiguous_cv,primary_instrument1_full,primary,1,1,2,development_combined,Arnoldi FPLS,ok,ok,True,5,45,calibrate:046,calibrate,46,186.8000030517578,182.46542687717715,-4.334576174580661,156
development_source_contiguous_cv,primary_instrument1_full,primary,1,1,2,development_combined,Arnoldi FPLS,ok,ok,True,5,46,calibrate:047,calibrate,47,158.0,159.59864416789048,1.598644167890484,156
development_source_contiguous_cv,primary_instrument1_full,primary,1,1,2,development_combined,Arnoldi FPLS,ok,ok,True,5,47,calibrate:048,calibrate,48,156.8000030517578,158.62639129741186,1.8263882456540443,156
development_source_contiguous_cv,primary_instrument1_full,primary,1,1,2,development_combined,Arnoldi FPLS,ok,ok,True,5,48,calibrate:049,calibrate,49,186.3000030517578,186.05378333467573,-0.24621971708208434,156
development_source_contiguous_cv,primary_instrument1_full,primary,1,1,2,development_combined,Arnoldi FPLS,ok,ok,True,5,49,calibrate:050,calibrate,50,220.5,217.48698340158614,-3.0130165984138557,156
development_source_contiguous_cv,primary_instrument1_full,primary,1,1,2,development_combined,Arnoldi FPLS,ok,ok,True,5,50,calibrate:051,calibrate,51,188.3000030517578,186.4204684681742,-1.8795345835836201,156
development_source_contiguous_cv,primary_instrument1_full,primary,1,1,2,development_combined,Arnoldi FPLS,ok,ok,True,5,51,calibrate:052,calibrate,52,231.89999389648438,233.06040604883157,1.1604121523471917,156
development_source_contiguous_cv,primary_instrument1_full,primary,1,1,2,development_combined,Arnoldi FPLS,ok,ok,True,5,52,calibrate:053,calibrate,53,171.39999389648438,178.39802514535418,6.9980312488698075,156
development_source_contiguous_cv,primary_instrument1_full,primary,1,1,2,development_combined,Arnoldi FPLS,ok,ok,True,5,53,calibrate:054,calibrate,54,221.5,218.2897704907664,-3.2102295092336135,156
development_source_contiguous_cv,primary_instrument1_full,primary,1,1,2,development_combined,Arnoldi FPLS,ok,ok,True,5,54,calibrate:055,calibrate,55,188.10000610351562,185.5419837375562,-2.558022365959431,156
development_source_contiguous_cv,primary_instrument1_full,primary,1,1,2,development_combined,Arnoldi FPLS,ok,ok,True,5,55,calibrate:056,calibrate,56,157.5,161.67910253669967,4.1791025366996735,156
development_source_contiguous_cv,primary_instrument1_full,primary,1,1,2,development_combined,Arnoldi FPLS,ok,ok,True,5,56,calibrate:057,calibrate,57,222.3000030517578,219.56334785089632,-2.7366552008614917,156
development_source_contiguous_cv,primary_instrument1_full,primary,1,1,2,development_combined,Arnoldi FPLS,ok,ok,True,5,57,calibrate:058,calibrate,58,157.60000610351562,163.66831738209737,6.068311278581746,156
development_source_contiguous_cv,primary_instrument1_full,primary,1,1,2,development_combined,Arnoldi FPLS,ok,ok,True,5,58,calibrate:059,calibrate,59,155.1999969482422,160.5928820735347,5.3928851252925085,156
development_source_contiguous_cv,primary_instrument1_full,primary,1,1,2,development_combined,Arnoldi FPLS,ok,ok,True,5,59,calibrate:060,calibrate,60,172.3000030517578,174.40519292230266,2.105189870544848,156
development_source_contiguous_cv,primary_instrument1_full,primary,1,1,2,development_combined,Arnoldi FPLS,ok,ok,True,5,60,calibrate:061,calibrate,61,176.89999389648438,177.29430609334386,0.39431219685948804,156
development_source_contiguous_cv,primary_instrument1_full,primary,1,1,2,development_combined,Arnoldi FPLS,ok,ok,True,5,61,calibrate:062,calibrate,62,176.6999969482422,178.39075449412792,1.690757545885731,156
development_source_contiguous_cv,primary_instrument1_full,primary,1,1,2,development_combined,Arnoldi FPLS,ok,ok,True,5,163,validate:009,validate,9,195.8000030517578,194.4438820012704,-1.3561210504874168,156
development_source_contiguous_cv,primary_instrument1_full,primary,1,1,2,development_combined,Arnoldi FPLS,ok,ok,True,5,164,validate:010,validate,10,193.8000030517578,189.57083985837212,-4.229163193385688,156
development_source_contiguous_cv,primary_instrument1_full,primary,1,1,2,development_combined,Arnoldi FPLS,ok,ok,True,5,165,validate:011,validate,11,195.10000610351562,193.6308238920261,-1.4691822114895388,156
development_source_contiguous_cv,primary_instrument1_full,primary,1,1,2,development_combined,Arnoldi FPLS,ok,ok,True,5,166,validate:012,validate,12,193.8000030517578,191.63253311371588,-2.1674699380419327,156
development_source_contiguous_cv,primary_instrument1_full,primary,1,1,2,development_combined,Arnoldi FPLS,ok,ok,True,5,167,validate:013,validate,13,194.5,194.4101707917328,-0.0898292082671901,156
development_source_contiguous_cv,primary_instrument1_full,primary,1,1,2,development_combined,Arnoldi FPLS,ok,ok,True,5,168,validate:014,validate,14,197.5,193.29848223785564,-4.201517762144363,156
development_source_contiguous_cv,primary_instrument1_full,primary,1,1,2,development_combined,Arnoldi FPLS,ok,ok,True,5,169,validate:015,validate,15,195.10000610351562,190.7657597819732,-4.334246321542423,156
development_source_contiguous_cv,primary_instrument1_full,primary,1,1,2,development_combined,Arnoldi FPLS,ok,ok,True,5,170,validate:016,validate,16,193.60000610351562,192.28530068178503,-1.3147054217305936,156
development_source_contiguous_cv,primary_instrument1_full,primary,1,1,2,development_combined,FPCR,ok,ok,True,23,31,calibrate:032,calibrate,32,158.8000030517578,161.41043070992367,2.610427658165861,156
development_source_contiguous_cv,primary_instrument1_full,primary,1,1,2,development_combined,FPCR,ok,ok,True,23,32,calibrate:033,calibrate,33,183.0,185.4920374125188,2.492037412518812,156
development_source_contiguous_cv,primary_instrument1_full,primary,1,1,2,development_combined,FPCR,ok,ok,True,23,33,calibrate:034,calibrate,34,231.89999389648438,239.2476930300947,7.34769913361032,156
development_source_contiguous_cv,primary_instrument1_full,primary,1,1,2,development_combined,FPCR,ok,ok,True,23,34,calibrate:035,calibrate,35,218.0,218.53798443583236,0.5379844358323567,156
development_source_contiguous_cv,primary_instrument1_full,primary,1,1,2,development_combined,FPCR,ok,ok,True,23,35,calibrate:036,calibrate,36,177.0,177.38387254784578,0.3838725478457832,156
development_source_contiguous_cv,primary_instrument1_full,primary,1,1,2,development_combined,FPCR,ok,ok,True,23,36,calibrate:037,calibrate,37,177.5,177.91978857545536,0.41978857545535675,156
development_source_contiguous_cv,primary_instrument1_full,primary,1,1,2,development_combined,FPCR,ok,ok,True,23,37,calibrate:038,calibrate,38,208.8000030517578,207.13709677748233,-1.6629062742754854,156
development_source_contiguous_cv,primary_instrument1_full,primary,1,1,2,development_combined,FPCR,ok,ok,True,23,38,calibrate:039,calibrate,39,214.10000610351562,216.81443772059018,2.7144316170745526,156
development_source_contiguous_cv,primary_instrument1_full,primary,1,1,2,development_combined,FPCR,ok,ok,True,23,39,calibrate:040,calibrate,40,174.10000610351562,174.48261677110227,0.38261066758664697,156
development_source_contiguous_cv,primary_instrument1_full,primary,1,1,2,development_combined,FPCR,ok,ok,True,23,40,calibrate:041,calibrate,41,206.60000610351562,205.72329244957885,-0.8767136539367755,156
development_source_contiguous_cv,primary_instrument1_full,primary,1,1,2,development_combined,FPCR,ok,ok,True,23,41,calibrate:042,calibrate,42,187.5,188.9485712067509,1.4485712067508985,156
development_source_contiguous_cv,primary_instrument1_full,primary,1,1,2,development_combined,FPCR,ok,ok,True,23,42,calibrate:043,calibrate,43,159.60000610351562,164.61169665595065,5.011690552435027,156
development_source_contiguous_cv,primary_instrument1_full,primary,1,1,2,development_combined,FPCR,ok,ok,True,23,43,calibrate:044,calibrate,44,186.89999389648438,188.7932578372307,1.8932639407463228,156
development_source_contiguous_cv,primary_instrument1_full,primary,1,1,2,development_combined,FPCR,ok,ok,True,23,44,calibrate:045,calibrate,45,181.10000610351562,188.25998261196213,7.159976508446505,156
development_source_contiguous_cv,primary_instrument1_full,primary,1,1,2,development_combined,FPCR,ok,ok,True,23,45,calibrate:046,calibrate,46,186.8000030517578,182.44690290997423,-4.353100141783585,156
development_source_contiguous_cv,primary_instrument1_full,primary,1,1,2,development_combined,FPCR,ok,ok,True,23,46,calibrate:047,calibrate,47,158.0,161.0953855252077,3.095385525207689,156
development_source_contiguous_cv,primary_instrument1_full,primary,1,1,2,development_combined,FPCR,ok,ok,True,23,47,calibrate:048,calibrate,48,156.8000030517578,158.93755647748867,2.1375534257308573,156
development_source_contiguous_cv,primary_instrument1_full,primary,1,1,2,development_combined,FPCR,ok,ok,True,23,48,calibrate:049,calibrate,49,186.3000030517578,186.51978390614929,0.2197808543914732,156
development_source_contiguous_cv,primary_instrument1_full,primary,1,1,2,development_combined,FPCR,ok,ok,True,23,49,calibrate:050,calibrate,50,220.5,218.16465942528558,-2.3353405747144222,156
development_source_contiguous_cv,primary_instrument1_full,primary,1,1,2,development_combined,FPCR,ok,ok,True,23,50,calibrate:051,calibrate,51,188.3000030517578,185.52320768990336,-2.776795361854454,156
development_source_contiguous_cv,primary_instrument1_full,primary,1,1,2,development_combined,FPCR,ok,ok,True,23,51,calibrate:052,calibrate,52,231.89999389648438,239.12159510546456,7.221601208980189,156
development_source_contiguous_cv,primary_instrument1_full,primary,1,1,2,development_combined,FPCR,ok,ok,True,23,52,calibrate:053,calibrate,53,171.39999389648438,176.96627682080404,5.566282924319665,156
development_source_contiguous_cv,primary_instrument1_full,primary,1,1,2,development_combined,FPCR,ok,ok,True,23,53,calibrate:054,calibrate,54,221.5,219.52815338397534,-1.9718466160246635,156
development_source_contiguous_cv,primary_instrument1_full,primary,1,1,2,development_combined,FPCR,ok,ok,True,23,54,calibrate:055,calibrate,55,188.10000610351562,185.4570624478857,-2.642943655629921,156
development_source_contiguous_cv,primary_instrument1_full,primary,1,1,2,development_combined,FPCR,ok,ok,True,23,55,calibrate:056,calibrate,56,157.5,161.82806696957064,4.328066969570642,156
development_source_contiguous_cv,primary_instrument1_full,primary,1,1,2,development_combined,FPCR,ok,ok,True,23,56,calibrate:057,calibrate,57,222.3000030517578,220.09907543335322,-2.2009276184045916,156
development_source_contiguous_cv,primary_instrument1_full,primary,1,1,2,development_combined,FPCR,ok,ok,True,23,57,calibrate:058,calibrate,58,157.60000610351562,163.63944252165155,6.039436418135921,156
development_source_contiguous_cv,primary_instrument1_full,primary,1,1,2,development_combined,FPCR,ok,ok,True,23,58,calibrate:059,calibrate,59,155.1999969482422,161.97482098937502,6.774824041132831,156
development_source_contiguous_cv,primary_instrument1_full,primary,1,1,2,development_combined,FPCR,ok,ok,True,23,59,calibrate:060,calibrate,60,172.3000030517578,179.05937003377073,6.759366982012921,156
development_source_contiguous_cv,primary_instrument1_full,primary,1,1,2,development_combined,FPCR,ok,ok,True,23,60,calibrate:061,calibrate,61,176.89999389648438,174.29410083389791,-2.6058930625864605,156
development_source_contiguous_cv,primary_instrument1_full,primary,1,1,2,development_combined,FPCR,ok,ok,True,23,61,calibrate:062,calibrate,62,176.6999969482422,177.87738332987269,1.1773863816304981,156
development_source_contiguous_cv,primary_instrument1_full,primary,1,1,2,development_combined,FPCR,ok,ok,True,23,163,validate:009,validate,9,195.8000030517578,193.3494252620632,-2.45057778969462,156
development_source_contiguous_cv,primary_instrument1_full,primary,1,1,2,development_combined,FPCR,ok,ok,True,23,164,validate:010,validate,10,193.8000030517578,188.83857829697584,-4.961424754781973,156
development_source_contiguous_cv,primary_instrument1_full,primary,1,1,2,development_combined,FPCR,ok,ok,True,23,165,validate:011,validate,11,195.10000610351562,191.28513369753355,-3.8148724059820722,156
development_source_contiguous_cv,primary_instrument1_full,primary,1,1,2,development_combined,FPCR,ok,ok,True,23,166,validate:012,validate,12,193.8000030517578,192.85389747093635,-0.9461055808214667,156
development_source_contiguous_cv,primary_instrument1_full,primary,1,1,2,development_combined,FPCR,ok,ok,True,23,167,validate:013,validate,13,194.5,195.10371362293824,0.603713622938244,156
development_source_contiguous_cv,primary_instrument1_full,primary,1,1,2,development_combined,FPCR,ok,ok,True,23,168,validate:014,validate,14,197.5,194.30044036950187,-3.199559630498129,156
development_source_contiguous_cv,primary_instrument1_full,primary,1,1,2,development_combined,FPCR,ok,ok,True,23,169,validate:015,validate,15,195.10000610351562,189.97723599022777,-5.1227701132878565,156
development_source_contiguous_cv,primary_instrument1_full,primary,1,1,2,development_combined,FPCR,ok,ok,True,23,170,validate:016,validate,16,193.60000610351562,192.39408166732377,-1.2059244361918502,156
development_source_contiguous_cv,primary_instrument1_full,primary,1,1,3,development_combined,CG-FPLS-code,ok,ok,True,3,62,calibrate:063,calibrate,63,176.5,174.36114181641088,-2.1388581835891216,156
development_source_contiguous_cv,primary_instrument1_full,primary,1,1,3,development_combined,CG-FPLS-code,ok,ok,True,3,63,calibrate:064,calibrate,64,156.1999969482422,161.1367458886652,4.936748940423001,156
development_source_contiguous_cv,primary_instrument1_full,primary,1,1,3,development_combined,CG-FPLS-code,ok,ok,True,3,64,calibrate:065,calibrate,65,158.1999969482422,164.20570324790557,6.005706299663387,156
development_source_contiguous_cv,primary_instrument1_full,primary,1,1,3,development_combined,CG-FPLS-code,ok,ok,True,3,65,calibrate:066,calibrate,66,160.39999389648438,163.17254117005245,2.7725472735680796,156
development_source_contiguous_cv,primary_instrument1_full,primary,1,1,3,development_combined,CG-FPLS-code,ok,ok,True,3,66,calibrate:067,calibrate,67,215.60000610351562,218.3730737475765,2.7730676440608875,156
development_source_contiguous_cv,primary_instrument1_full,primary,1,1,3,development_combined,CG-FPLS-code,ok,ok,True,3,67,calibrate:068,calibrate,68,179.89999389648438,185.67208406910737,5.772090172622995,156
development_source_contiguous_cv,primary_instrument1_full,primary,1,1,3,development_combined,CG-FPLS-code,ok,ok,True,3,68,calibrate:069,calibrate,69,233.1999969482422,233.1322590749848,-0.06773787325738567,156
development_source_contiguous_cv,primary_instrument1_full,primary,1,1,3,development_combined,CG-FPLS-code,ok,ok,True,3,69,calibrate:070,calibrate,70,159.3000030517578,166.0500094144782,6.750006362720399,156
development_source_contiguous_cv,primary_instrument1_full,primary,1,1,3,development_combined,CG-FPLS-code,ok,ok,True,3,70,calibrate:071,calibrate,71,218.8000030517578,221.27862012133323,2.478617069575421,156
development_source_contiguous_cv,primary_instrument1_full,primary,1,1,3,development_combined,CG-FPLS-code,ok,ok,True,3,71,calibrate:072,calibrate,72,201.8000030517578,206.40297876596077,4.602975714202955,156
development_source_contiguous_cv,primary_instrument1_full,primary,1,1,3,development_combined,CG-FPLS-code,ok,ok,True,3,72,calibrate:073,calibrate,73,202.6999969482422,201.5558169999286,-1.1441799483135924,156
development_source_contiguous_cv,primary_instrument1_full,primary,1,1,3,development_combined,CG-FPLS-code,ok,ok,True,3,73,calibrate:074,calibrate,74,213.8000030517578,212.84189898798806,-0.9581040637697527,156
development_source_contiguous_cv,primary_instrument1_full,primary,1,1,3,development_combined,CG-FPLS-code,ok,ok,True,3,74,calibrate:075,calibrate,75,181.3000030517578,188.93169464354057,7.631691591782754,156
development_source_contiguous_cv,primary_instrument1_full,primary,1,1,3,development_combined,CG-FPLS-code,ok,ok,True,3,75,calibrate:076,calibrate,76,178.10000610351562,177.7374318719342,-0.3625742315814193,156
development_source_contiguous_cv,primary_instrument1_full,primary,1,1,3,development_combined,CG-FPLS-code,ok,ok,True,3,76,calibrate:077,calibrate,77,158.10000610351562,161.53751158758337,3.437505484067742,156
development_source_contiguous_cv,primary_instrument1_full,primary,1,1,3,development_combined,CG-FPLS-code,ok,ok,True,3,77,calibrate:078,calibrate,78,201.6999969482422,201.62180592034264,-0.07819102789954968,156
development_source_contiguous_cv,primary_instrument1_full,primary,1,1,3,development_combined,CG-FPLS-code,ok,ok,True,3,78,calibrate:079,calibrate,79,215.1999969482422,219.99839867219225,4.7984017239500645,156
development_source_contiguous_cv,primary_instrument1_full,primary,1,1,3,development_combined,CG-FPLS-code,ok,ok,True,3,79,calibrate:080,calibrate,80,208.39999389648438,204.9523119148099,-3.4476819816744637,156
development_source_contiguous_cv,primary_instrument1_full,primary,1,1,3,development_combined,CG-FPLS-code,ok,ok,True,3,80,calibrate:081,calibrate,81,172.3000030517578,176.26575300590147,3.9657499541436607,156
development_source_contiguous_cv,primary_instrument1_full,primary,1,1,3,development_combined,CG-FPLS-code,ok,ok,True,3,81,calibrate:082,calibrate,82,216.39999389648438,215.97080368661497,-0.4291902098694038,156
development_source_contiguous_cv,primary_instrument1_full,primary,1,1,3,development_combined,CG-FPLS-code,ok,ok,True,3,82,calibrate:083,calibrate,83,172.39999389648438,180.47612356827022,8.07612967178585,156
development_source_contiguous_cv,primary_instrument1_full,primary,1,1,3,development_combined,CG-FPLS-code,ok,ok,True,3,83,calibrate:084,calibrate,84,205.39999389648438,199.97663847605273,-5.423355420431648,156
development_source_contiguous_cv,primary_instrument1_full,primary,1,1,3,development_combined,CG-FPLS-code,ok,ok,True,3,84,calibrate:085,calibrate,85,177.1999969482422,175.89536493473238,-1.3046320135098028,156
development_source_contiguous_cv,primary_instrument1_full,primary,1,1,3,development_combined,CG-FPLS-code,ok,ok,True,3,85,calibrate:086,calibrate,86,184.1999969482422,184.202756496103,0.0027595478608191115,156
development_source_contiguous_cv,primary_instrument1_full,primary,1,1,3,development_combined,CG-FPLS-code,ok,ok,True,3,86,calibrate:087,calibrate,87,205.5,207.3210926223875,1.8210926223875106,156
development_source_contiguous_cv,primary_instrument1_full,primary,1,1,3,development_combined,CG-FPLS-code,ok,ok,True,3,87,calibrate:088,calibrate,88,173.60000610351562,179.3246594317339,5.724653328218267,156
development_source_contiguous_cv,primary_instrument1_full,primary,1,1,3,development_combined,CG-FPLS-code,ok,ok,True,3,88,calibrate:089,calibrate,89,203.60000610351562,201.61911256999042,-1.9808935335252045,156
development_source_contiguous_cv,primary_instrument1_full,primary,1,1,3,development_combined,CG-FPLS-code,ok,ok,True,3,89,calibrate:090,calibrate,90,173.39999389648438,179.48264285082644,6.082648954342062,156
development_source_contiguous_cv,primary_instrument1_full,primary,1,1,3,development_combined,CG-FPLS-code,ok,ok,True,3,90,calibrate:091,calibrate,91,216.5,214.651919124233,-1.8480808757670104,156
development_source_contiguous_cv,primary_instrument1_full,primary,1,1,3,development_combined,CG-FPLS-code,ok,ok,True,3,91,calibrate:092,calibrate,92,175.5,180.8450069123187,5.345006912318695,156
development_source_contiguous_cv,primary_instrument1_full,primary,1,1,3,development_combined,CG-FPLS-code,ok,ok,True,3,92,calibrate:093,calibrate,93,203.89999389648438,208.11618864367819,4.216194747193811,156
development_source_contiguous_cv,primary_instrument1_full,primary,1,1,3,development_combined,CG-FPLS-code,ok,ok,True,3,171,validate:017,validate,17,194.6999969482422,195.92803458984667,1.2280376416044874,156
development_source_contiguous_cv,primary_instrument1_full,primary,1,1,3,development_combined,CG-FPLS-code,ok,ok,True,3,172,validate:018,validate,18,195.39999389648438,196.673016825871,1.2730229293866273,156
development_source_contiguous_cv,primary_instrument1_full,primary,1,1,3,development_combined,CG-FPLS-code,ok,ok,True,3,173,validate:019,validate,19,191.8000030517578,193.97358090233297,2.173577850575157,156
development_source_contiguous_cv,primary_instrument1_full,primary,1,1,3,development_combined,CG-FPLS-code,ok,ok,True,3,174,validate:020,validate,20,196.3000030517578,192.49413770714762,-3.805865344610197,156
development_source_contiguous_cv,primary_instrument1_full,primary,1,1,3,development_combined,CG-FPLS-code,ok,ok,True,3,175,validate:021,validate,21,195.10000610351562,196.68984983059636,1.5898437270807335,156
development_source_contiguous_cv,primary_instrument1_full,primary,1,1,3,development_combined,CG-FPLS-code,ok,ok,True,3,176,validate:022,validate,22,194.0,201.31713847789007,7.317138477890069,156
development_source_contiguous_cv,primary_instrument1_full,primary,1,1,3,development_combined,CG-FPLS-code,ok,ok,True,3,177,validate:023,validate,23,194.5,199.19373872012903,4.6937387201290335,156
development_source_contiguous_cv,primary_instrument1_full,primary,1,1,3,development_combined,CG-FPLS-code,ok,ok,True,3,178,validate:024,validate,24,193.60000610351562,201.65387133681105,8.053865233295426,156
development_source_contiguous_cv,primary_instrument1_full,primary,1,1,3,development_combined,Raw FPLS,ok,ok,True,62,62,calibrate:063,calibrate,63,176.5,178.35728860723438,1.8572886072343806,156
development_source_contiguous_cv,primary_instrument1_full,primary,1,1,3,development_combined,Raw FPLS,ok,ok,True,62,63,calibrate:064,calibrate,64,156.1999969482422,161.68571837360722,5.485721425365028,156
development_source_contiguous_cv,primary_instrument1_full,primary,1,1,3,development_combined,Raw FPLS,ok,ok,True,62,64,calibrate:065,calibrate,65,158.1999969482422,162.38762705899396,4.187630110751769,156
development_source_contiguous_cv,primary_instrument1_full,primary,1,1,3,development_combined,Raw FPLS,ok,ok,True,62,65,calibrate:066,calibrate,66,160.39999389648438,160.8320576087515,0.43206371226713713,156
development_source_contiguous_cv,primary_instrument1_full,primary,1,1,3,development_combined,Raw FPLS,ok,ok,True,62,66,calibrate:067,calibrate,67,215.60000610351562,217.17678472993254,1.5767786264169104,156
development_source_contiguous_cv,primary_instrument1_full,primary,1,1,3,development_combined,Raw FPLS,ok,ok,True,62,67,calibrate:068,calibrate,68,179.89999389648438,186.73882244863026,6.838828552145884,156
development_source_contiguous_cv,primary_instrument1_full,primary,1,1,3,development_combined,Raw FPLS,ok,ok,True,62,68,calibrate:069,calibrate,69,233.1999969482422,235.51024065924585,2.3102437110036647,156
development_source_contiguous_cv,primary_instrument1_full,primary,1,1,3,development_combined,Raw FPLS,ok,ok,True,62,69,calibrate:070,calibrate,70,159.3000030517578,163.0646774538509,3.7646744020930782,156
development_source_contiguous_cv,primary_instrument1_full,primary,1,1,3,development_combined,Raw FPLS,ok,ok,True,62,70,calibrate:071,calibrate,71,218.8000030517578,218.3549416416645,-0.44506141009330236,156
development_source_contiguous_cv,primary_instrument1_full,primary,1,1,3,development_combined,Raw FPLS,ok,ok,True,62,71,calibrate:072,calibrate,72,201.8000030517578,204.29368786997014,2.49368481821233,156
development_source_contiguous_cv,primary_instrument1_full,primary,1,1,3,development_combined,Raw FPLS,ok,ok,True,62,72,calibrate:073,calibrate,73,202.6999969482422,204.24952530875672,1.549528360514529,156
development_source_contiguous_cv,primary_instrument1_full,primary,1,1,3,development_combined,Raw FPLS,ok,ok,True,62,73,calibrate:074,calibrate,74,213.8000030517578,212.87413021849915,-0.9258728332586657,156
development_source_contiguous_cv,primary_instrument1_full,primary,1,1,3,development_combined,Raw FPLS,ok,ok,True,62,74,calibrate:075,calibrate,75,181.3000030517578,184.48626378340313,3.1862607316453193,156
development_source_contiguous_cv,primary_instrument1_full,primary,1,1,3,development_combined,Raw FPLS,ok,ok,True,62,75,calibrate:076,calibrate,76,178.10000610351562,174.99122923640977,-3.1087768671058598,156
development_source_contiguous_cv,primary_instrument1_full,primary,1,1,3,development_combined,Raw FPLS,ok,ok,True,62,76,calibrate:077,calibrate,77,158.10000610351562,158.82891280293583,0.7289066994202074,156
development_source_contiguous_cv,primary_instrument1_full,primary,1,1,3,development_combined,Raw FPLS,ok,ok,True,62,77,calibrate:078,calibrate,78,201.6999969482422,205.24480384639824,3.544806898156054,156
development_source_contiguous_cv,primary_instrument1_full,primary,1,1,3,development_combined,Raw FPLS,ok,ok,True,62,78,calibrate:079,calibrate,79,215.1999969482422,219.15258347727377,3.952586529031578,156
development_source_contiguous_cv,primary_instrument1_full,primary,1,1,3,development_combined,Raw FPLS,ok,ok,True,62,79,calibrate:080,calibrate,80,208.39999389648438,202.4959763683324,-5.904017528151968,156
development_source_contiguous_cv,primary_instrument1_full,primary,1,1,3,development_combined,Raw FPLS,ok,ok,True,62,80,calibrate:081,calibrate,81,172.3000030517578,176.04641858708902,3.7464155353312094,156
development_source_contiguous_cv,primary_instrument1_full,primary,1,1,3,development_combined,Raw FPLS,ok,ok,True,62,81,calibrate:082,calibrate,82,216.39999389648438,215.638880569767,-0.7611133267173784,156
development_source_contiguous_cv,primary_instrument1_full,primary,1,1,3,development_combined,Raw FPLS,ok,ok,True,62,82,calibrate:083,calibrate,83,172.39999389648438,176.9901312955131,4.59013739902872,156
development_source_contiguous_cv,primary_instrument1_full,primary,1,1,3,development_combined,Raw FPLS,ok,ok,True,62,83,calibrate:084,calibrate,84,205.39999389648438,202.67921169024632,-2.720782206238056,156
development_source_contiguous_cv,primary_instrument1_full,primary,1,1,3,development_combined,Raw FPLS,ok,ok,True,62,84,calibrate:085,calibrate,85,177.1999969482422,177.2986131316385,0.0986161833963024,156
development_source_contiguous_cv,primary_instrument1_full,primary,1,1,3,development_combined,Raw FPLS,ok,ok,True,62,85,calibrate:086,calibrate,86,184.1999969482422,185.17070633594918,0.9707093877069894,156
development_source_contiguous_cv,primary_instrument1_full,primary,1,1,3,development_combined,Raw FPLS,ok,ok,True,62,86,calibrate:087,calibrate,87,205.5,203.99112365575286,-1.5088763442471418,156
development_source_contiguous_cv,primary_instrument1_full,primary,1,1,3,development_combined,Raw FPLS,ok,ok,True,62,87,calibrate:088,calibrate,88,173.60000610351562,174.59727438721697,0.9972682837013451,156
development_source_contiguous_cv,primary_instrument1_full,primary,1,1,3,development_combined,Raw FPLS,ok,ok,True,62,88,calibrate:089,calibrate,89,203.60000610351562,199.92448918843908,-3.6755169150765425,156
development_source_contiguous_cv,primary_instrument1_full,primary,1,1,3,development_combined,Raw FPLS,ok,ok,True,62,89,calibrate:090,calibrate,90,173.39999389648438,179.40785406295004,6.007860166465662,156
development_source_contiguous_cv,primary_instrument1_full,primary,1,1,3,development_combined,Raw FPLS,ok,ok,True,62,90,calibrate:091,calibrate,91,216.5,218.0650164977007,1.5650164977006966,156
development_source_contiguous_cv,primary_instrument1_full,primary,1,1,3,development_combined,Raw FPLS,ok,ok,True,62,91,calibrate:092,calibrate,92,175.5,176.49137945329343,0.9913794532934332,156
development_source_contiguous_cv,primary_instrument1_full,primary,1,1,3,development_combined,Raw FPLS,ok,ok,True,62,92,calibrate:093,calibrate,93,203.89999389648438,205.90746609665234,2.0074722001679675,156
development_source_contiguous_cv,primary_instrument1_full,primary,1,1,3,development_combined,Raw FPLS,ok,ok,True,62,171,validate:017,validate,17,194.6999969482422,193.71530181603796,-0.984695132204223,156
development_source_contiguous_cv,primary_instrument1_full,primary,1,1,3,development_combined,Raw FPLS,ok,ok,True,62,172,validate:018,validate,18,195.39999389648438,193.07823238010113,-2.3217615163832477,156
development_source_contiguous_cv,primary_instrument1_full,primary,1,1,3,development_combined,Raw FPLS,ok,ok,True,62,173,validate:019,validate,19,191.8000030517578,191.41553303385876,-0.3844700178990479,156
development_source_contiguous_cv,primary_instrument1_full,primary,1,1,3,development_combined,Raw FPLS,ok,ok,True,62,174,validate:020,validate,20,196.3000030517578,191.65062375880402,-4.649379292953796,156
development_source_contiguous_cv,primary_instrument1_full,primary,1,1,3,development_combined,Raw FPLS,ok,ok,True,62,175,validate:021,validate,21,195.10000610351562,200.21643020364704,5.116424100131411,156
development_source_contiguous_cv,primary_instrument1_full,primary,1,1,3,development_combined,Raw FPLS,ok,ok,True,62,176,validate:022,validate,22,194.0,200.41618105338256,6.416181053382559,156
development_source_contiguous_cv,primary_instrument1_full,primary,1,1,3,development_combined,Raw FPLS,ok,ok,True,62,177,validate:023,validate,23,194.5,200.34798731330437,5.8479873133043725,156
development_source_contiguous_cv,primary_instrument1_full,primary,1,1,3,development_combined,Raw FPLS,ok,ok,True,62,178,validate:024,validate,24,193.60000610351562,198.56884438510892,4.9688382815932925,156
development_source_contiguous_cv,primary_instrument1_full,primary,1,1,3,development_combined,Arnoldi FPLS,ok,ok,True,4,62,calibrate:063,calibrate,63,176.5,178.3189201506311,1.8189201506311008,156
development_source_contiguous_cv,primary_instrument1_full,primary,1,1,3,development_combined,Arnoldi FPLS,ok,ok,True,4,63,calibrate:064,calibrate,64,156.1999969482422,161.79820555472838,5.598208606486196,156
development_source_contiguous_cv,primary_instrument1_full,primary,1,1,3,development_combined,Arnoldi FPLS,ok,ok,True,4,64,calibrate:065,calibrate,65,158.1999969482422,163.26264967593562,5.0626527276934326,156
development_source_contiguous_cv,primary_instrument1_full,primary,1,1,3,development_combined,Arnoldi FPLS,ok,ok,True,4,65,calibrate:066,calibrate,66,160.39999389648438,161.53324791779647,1.1332540213120978,156
development_source_contiguous_cv,primary_instrument1_full,primary,1,1,3,development_combined,Arnoldi FPLS,ok,ok,True,4,66,calibrate:067,calibrate,67,215.60000610351562,216.58698180951956,0.9869757060039319,156
development_source_contiguous_cv,primary_instrument1_full,primary,1,1,3,development_combined,Arnoldi FPLS,ok,ok,True,4,67,calibrate:068,calibrate,68,179.89999389648438,186.80025726669749,6.900263370213111,156
development_source_contiguous_cv,primary_instrument1_full,primary,1,1,3,development_combined,Arnoldi FPLS,ok,ok,True,4,68,calibrate:069,calibrate,69,233.1999969482422,235.56421683159732,2.3642198833551333,156
development_source_contiguous_cv,primary_instrument1_full,primary,1,1,3,development_combined,Arnoldi FPLS,ok,ok,True,4,69,calibrate:070,calibrate,70,159.3000030517578,163.88456125335983,4.584558201602022,156
development_source_contiguous_cv,primary_instrument1_full,primary,1,1,3,development_combined,Arnoldi FPLS,ok,ok,True,4,70,calibrate:071,calibrate,71,218.8000030517578,217.90223938478934,-0.8977636669684728,156
development_source_contiguous_cv,primary_instrument1_full,primary,1,1,3,development_combined,Arnoldi FPLS,ok,ok,True,4,71,calibrate:072,calibrate,72,201.8000030517578,203.74163464623064,1.941631594472824,156
development_source_contiguous_cv,primary_instrument1_full,primary,1,1,3,development_combined,Arnoldi FPLS,ok,ok,True,4,72,calibrate:073,calibrate,73,202.6999969482422,204.08877669786028,1.3887797496180951,156
development_source_contiguous_cv,primary_instrument1_full,primary,1,1,3,development_combined,Arnoldi FPLS,ok,ok,True,4,73,calibrate:074,calibrate,74,213.8000030517578,211.60605756093312,-2.1939454908246887,156
development_source_contiguous_cv,primary_instrument1_full,primary,1,1,3,development_combined,Arnoldi FPLS,ok,ok,True,4,74,calibrate:075,calibrate,75,181.3000030517578,184.34413597220254,3.0441329204447243,156
development_source_contiguous_cv,primary_instrument1_full,primary,1,1,3,development_combined,Arnoldi FPLS,ok,ok,True,4,75,calibrate:076,calibrate,76,178.10000610351562,174.76652471466394,-3.3334813888516805,156
development_source_contiguous_cv,primary_instrument1_full,primary,1,1,3,development_combined,Arnoldi FPLS,ok,ok,True,4,76,calibrate:077,calibrate,77,158.10000610351562,159.77303573316652,1.6730296296508982,156
development_source_contiguous_cv,primary_instrument1_full,primary,1,1,3,development_combined,Arnoldi FPLS,ok,ok,True,4,77,calibrate:078,calibrate,78,201.6999969482422,205.11707606087154,3.4170791126293523,156
development_source_contiguous_cv,primary_instrument1_full,primary,1,1,3,development_combined,Arnoldi FPLS,ok,ok,True,4,78,calibrate:079,calibrate,79,215.1999969482422,218.61949063469166,3.4194936864494707,156
development_source_contiguous_cv,primary_instrument1_full,primary,1,1,3,development_combined,Arnoldi FPLS,ok,ok,True,4,79,calibrate:080,calibrate,80,208.39999389648438,202.1896133455276,-6.210380550956785,156
development_source_contiguous_cv,primary_instrument1_full,primary,1,1,3,development_combined,Arnoldi FPLS,ok,ok,True,4,80,calibrate:081,calibrate,81,172.3000030517578,175.9140704991552,3.614067447397389,156
development_source_contiguous_cv,primary_instrument1_full,primary,1,1,3,development_combined,Arnoldi FPLS,ok,ok,True,4,81,calibrate:082,calibrate,82,216.39999389648438,214.89403046308888,-1.5059634333954932,156
development_source_contiguous_cv,primary_instrument1_full,primary,1,1,3,development_combined,Arnoldi FPLS,ok,ok,True,4,82,calibrate:083,calibrate,83,172.39999389648438,177.9559617017364,5.555967805252038,156
development_source_contiguous_cv,primary_instrument1_full,primary,1,1,3,development_combined,Arnoldi FPLS,ok,ok,True,4,83,calibrate:084,calibrate,84,205.39999389648438,202.3833296885004,-3.016664207983979,156
development_source_contiguous_cv,primary_instrument1_full,primary,1,1,3,development_combined,Arnoldi FPLS,ok,ok,True,4,84,calibrate:085,calibrate,85,177.1999969482422,177.197872943778,-0.002124004464178597,156
development_source_contiguous_cv,primary_instrument1_full,primary,1,1,3,development_combined,Arnoldi FPLS,ok,ok,True,4,85,calibrate:086,calibrate,86,184.1999969482422,184.6124910026615,0.4124940544193123,156
development_source_contiguous_cv,primary_instrument1_full,primary,1,1,3,development_combined,Arnoldi FPLS,ok,ok,True,4,86,calibrate:087,calibrate,87,205.5,203.61685715061486,-1.8831428493851377,156
development_source_contiguous_cv,primary_instrument1_full,primary,1,1,3,development_combined,Arnoldi FPLS,ok,ok,True,4,87,calibrate:088,calibrate,88,173.60000610351562,174.36300241573412,0.7629963122184904,156
development_source_contiguous_cv,primary_instrument1_full,primary,1,1,3,development_combined,Arnoldi FPLS,ok,ok,True,4,88,calibrate:089,calibrate,89,203.60000610351562,198.87900347309463,-4.7210026304209975,156
development_source_contiguous_cv,primary_instrument1_full,primary,1,1,3,development_combined,Arnoldi FPLS,ok,ok,True,4,89,calibrate:090,calibrate,90,173.39999389648438,179.18923264812224,5.789238751637868,156
development_source_contiguous_cv,primary_instrument1_full,primary,1,1,3,development_combined,Arnoldi FPLS,ok,ok,True,4,90,calibrate:091,calibrate,91,216.5,217.36466113280218,0.8646611328021834,156
development_source_contiguous_cv,primary_instrument1_full,primary,1,1,3,development_combined,Arnoldi FPLS,ok,ok,True,4,91,calibrate:092,calibrate,92,175.5,176.41276579866422,0.9127657986642248,156
development_source_contiguous_cv,primary_instrument1_full,primary,1,1,3,development_combined,Arnoldi FPLS,ok,ok,True,4,92,calibrate:093,calibrate,93,203.89999389648438,205.46589518960226,1.5659012931178893,156
development_source_contiguous_cv,primary_instrument1_full,primary,1,1,3,development_combined,Arnoldi FPLS,ok,ok,True,4,171,validate:017,validate,17,194.6999969482422,193.2175710207083,-1.4824259275338818,156
development_source_contiguous_cv,primary_instrument1_full,primary,1,1,3,development_combined,Arnoldi FPLS,ok,ok,True,4,172,validate:018,validate,18,195.39999389648438,193.5701781404886,-1.8298157559957815,156
development_source_contiguous_cv,primary_instrument1_full,primary,1,1,3,development_combined,Arnoldi FPLS,ok,ok,True,4,173,validate:019,validate,19,191.8000030517578,190.4598432829523,-1.3401597688055062,156
development_source_contiguous_cv,primary_instrument1_full,primary,1,1,3,development_combined,Arnoldi FPLS,ok,ok,True,4,174,validate:020,validate,20,196.3000030517578,190.7262551739091,-5.573747877848717,156
development_source_contiguous_cv,primary_instrument1_full,primary,1,1,3,development_combined,Arnoldi FPLS,ok,ok,True,4,175,validate:021,validate,21,195.10000610351562,200.29660868997075,5.196602586455128,156
development_source_contiguous_cv,primary_instrument1_full,primary,1,1,3,development_combined,Arnoldi FPLS,ok,ok,True,4,176,validate:022,validate,22,194.0,201.3059146524577,7.3059146524576875,156
development_source_contiguous_cv,primary_instrument1_full,primary,1,1,3,development_combined,Arnoldi FPLS,ok,ok,True,4,177,validate:023,validate,23,194.5,200.16659766890487,5.6665976689048705,156
development_source_contiguous_cv,primary_instrument1_full,primary,1,1,3,development_combined,Arnoldi FPLS,ok,ok,True,4,178,validate:024,validate,24,193.60000610351562,198.67218164224096,5.0721755387253324,156
development_source_contiguous_cv,primary_instrument1_full,primary,1,1,3,development_combined,FPCR,ok,ok,True,7,62,calibrate:063,calibrate,63,176.5,178.14955778977074,1.6495577897707392,156
development_source_contiguous_cv,primary_instrument1_full,primary,1,1,3,development_combined,FPCR,ok,ok,True,7,63,calibrate:064,calibrate,64,156.1999969482422,161.36713866799406,5.167141719751868,156
development_source_contiguous_cv,primary_instrument1_full,primary,1,1,3,development_combined,FPCR,ok,ok,True,7,64,calibrate:065,calibrate,65,158.1999969482422,162.96477150923226,4.764774560990077,156
development_source_contiguous_cv,primary_instrument1_full,primary,1,1,3,development_combined,FPCR,ok,ok,True,7,65,calibrate:066,calibrate,66,160.39999389648438,161.10998491893034,0.709991022445962,156
development_source_contiguous_cv,primary_instrument1_full,primary,1,1,3,development_combined,FPCR,ok,ok,True,7,66,calibrate:067,calibrate,67,215.60000610351562,217.49727550675448,1.8972694032388517,156
development_source_contiguous_cv,primary_instrument1_full,primary,1,1,3,development_combined,FPCR,ok,ok,True,7,67,calibrate:068,calibrate,68,179.89999389648438,186.76900455031463,6.869010653830259,156
development_source_contiguous_cv,primary_instrument1_full,primary,1,1,3,development_combined,FPCR,ok,ok,True,7,68,calibrate:069,calibrate,69,233.1999969482422,235.6741608836263,2.4741639353841265,156
development_source_contiguous_cv,primary_instrument1_full,primary,1,1,3,development_combined,FPCR,ok,ok,True,7,69,calibrate:070,calibrate,70,159.3000030517578,163.22232073886653,3.922317687108716,156
development_source_contiguous_cv,primary_instrument1_full,primary,1,1,3,development_combined,FPCR,ok,ok,True,7,70,calibrate:071,calibrate,71,218.8000030517578,218.35190070572412,-0.4481023460336928,156
development_source_contiguous_cv,primary_instrument1_full,primary,1,1,3,development_combined,FPCR,ok,ok,True,7,71,calibrate:072,calibrate,72,201.8000030517578,204.60708330754454,2.8070802557867296,156
development_source_contiguous_cv,primary_instrument1_full,primary,1,1,3,development_combined,FPCR,ok,ok,True,7,72,calibrate:073,calibrate,73,202.6999969482422,203.43979839231204,0.7398014440698546,156
development_source_contiguous_cv,primary_instrument1_full,primary,1,1,3,development_combined,FPCR,ok,ok,True,7,73,calibrate:074,calibrate,74,213.8000030517578,213.474594994609,-0.32540805714882026,156
development_source_contiguous_cv,primary_instrument1_full,primary,1,1,3,development_combined,FPCR,ok,ok,True,7,74,calibrate:075,calibrate,75,181.3000030517578,184.97865231729068,3.6786492655328686,156
development_source_contiguous_cv,primary_instrument1_full,primary,1,1,3,development_combined,FPCR,ok,ok,True,7,75,calibrate:076,calibrate,76,178.10000610351562,176.37020184933664,-1.7298042541789869,156
development_source_contiguous_cv,primary_instrument1_full,primary,1,1,3,development_combined,FPCR,ok,ok,True,7,76,calibrate:077,calibrate,77,158.10000610351562,158.94854068104001,0.84853457752439,156
development_source_contiguous_cv,primary_instrument1_full,primary,1,1,3,development_combined,FPCR,ok,ok,True,7,77,calibrate:078,calibrate,78,201.6999969482422,205.16573027811955,3.4657333298773665,156
development_source_contiguous_cv,primary_instrument1_full,primary,1,1,3,development_combined,FPCR,ok,ok,True,7,78,calibrate:079,calibrate,79,215.1999969482422,220.3299139807944,5.129917032552214,156
development_source_contiguous_cv,primary_instrument1_full,primary,1,1,3,development_combined,FPCR,ok,ok,True,7,79,calibrate:080,calibrate,80,208.39999389648438,202.42331331627366,-5.9766805802107115,156
development_source_contiguous_cv,primary_instrument1_full,primary,1,1,3,development_combined,FPCR,ok,ok,True,7,80,calibrate:081,calibrate,81,172.3000030517578,175.81977979604767,3.5197767442898567,156
development_source_contiguous_cv,primary_instrument1_full,primary,1,1,3,development_combined,FPCR,ok,ok,True,7,81,calibrate:082,calibrate,82,216.39999389648438,216.06441180649685,-0.3355820899875255,156
development_source_contiguous_cv,primary_instrument1_full,primary,1,1,3,development_combined,FPCR,ok,ok,True,7,82,calibrate:083,calibrate,83,172.39999389648438,178.0579397498406,5.657945853356239,156
development_source_contiguous_cv,primary_instrument1_full,primary,1,1,3,development_combined,FPCR,ok,ok,True,7,83,calibrate:084,calibrate,84,205.39999389648438,202.18464425150967,-3.215349644974708,156
development_source_contiguous_cv,primary_instrument1_full,primary,1,1,3,development_combined,FPCR,ok,ok,True,7,84,calibrate:085,calibrate,85,177.1999969482422,177.4759724664496,0.2759755182074173,156
development_source_contiguous_cv,primary_instrument1_full,primary,1,1,3,development_combined,FPCR,ok,ok,True,7,85,calibrate:086,calibrate,86,184.1999969482422,184.666834702186,0.4668377539438211,156
development_source_contiguous_cv,primary_instrument1_full,primary,1,1,3,development_combined,FPCR,ok,ok,True,7,86,calibrate:087,calibrate,87,205.5,203.982748844608,-1.517251155391989,156
development_source_contiguous_cv,primary_instrument1_full,primary,1,1,3,development_combined,FPCR,ok,ok,True,7,87,calibrate:088,calibrate,88,173.60000610351562,175.281664066229,1.6816579627133876,156
development_source_contiguous_cv,primary_instrument1_full,primary,1,1,3,development_combined,FPCR,ok,ok,True,7,88,calibrate:089,calibrate,89,203.60000610351562,199.7712575629322,-3.828748540583433,156
development_source_contiguous_cv,primary_instrument1_full,primary,1,1,3,development_combined,FPCR,ok,ok,True,7,89,calibrate:090,calibrate,90,173.39999389648438,178.8744129300655,5.474419033581114,156
development_source_contiguous_cv,primary_instrument1_full,primary,1,1,3,development_combined,FPCR,ok,ok,True,7,90,calibrate:091,calibrate,91,216.5,216.9093807504747,0.40938075047469624,156
development_source_contiguous_cv,primary_instrument1_full,primary,1,1,3,development_combined,FPCR,ok,ok,True,7,91,calibrate:092,calibrate,92,175.5,177.1561391573207,1.6561391573206947,156
development_source_contiguous_cv,primary_instrument1_full,primary,1,1,3,development_combined,FPCR,ok,ok,True,7,92,calibrate:093,calibrate,93,203.89999389648438,205.55906812772724,1.6590742312428688,156
development_source_contiguous_cv,primary_instrument1_full,primary,1,1,3,development_combined,FPCR,ok,ok,True,7,171,validate:017,validate,17,194.6999969482422,194.74022562412372,0.040228675881536446,156
development_source_contiguous_cv,primary_instrument1_full,primary,1,1,3,development_combined,FPCR,ok,ok,True,7,172,validate:018,validate,18,195.39999389648438,193.41295759378363,-1.9870363027007443,156
development_source_contiguous_cv,primary_instrument1_full,primary,1,1,3,development_combined,FPCR,ok,ok,True,7,173,validate:019,validate,19,191.8000030517578,192.01575021203755,0.21574716027973295,156
development_source_contiguous_cv,primary_instrument1_full,primary,1,1,3,development_combined,FPCR,ok,ok,True,7,174,validate:020,validate,20,196.3000030517578,192.35680405435977,-3.943198997398042,156
development_source_contiguous_cv,primary_instrument1_full,primary,1,1,3,development_combined,FPCR,ok,ok,True,7,175,validate:021,validate,21,195.10000610351562,200.51871053295068,5.418704429435053,156
development_source_contiguous_cv,primary_instrument1_full,primary,1,1,3,development_combined,FPCR,ok,ok,True,7,176,validate:022,validate,22,194.0,201.22082969431685,7.220829694316848,156
development_source_contiguous_cv,primary_instrument1_full,primary,1,1,3,development_combined,FPCR,ok,ok,True,7,177,validate:023,validate,23,194.5,200.16862510015548,5.668625100155481,156
development_source_contiguous_cv,primary_instrument1_full,primary,1,1,3,development_combined,FPCR,ok,ok,True,7,178,validate:024,validate,24,193.60000610351562,200.67134492811218,7.071338824596552,156
development_source_contiguous_cv,primary_instrument1_full,primary,1,1,4,development_combined,CG-FPLS-code,ok,ok,True,3,93,calibrate:094,calibrate,94,172.39999389648438,181.50566224375586,9.10566834727149,156
development_source_contiguous_cv,primary_instrument1_full,primary,1,1,4,development_combined,CG-FPLS-code,ok,ok,True,3,94,calibrate:095,calibrate,95,172.0,173.68596414815926,1.6859641481592575,156
development_source_contiguous_cv,primary_instrument1_full,primary,1,1,4,development_combined,CG-FPLS-code,ok,ok,True,3,95,calibrate:096,calibrate,96,171.60000610351562,177.51744370266567,5.917437599150048,156
development_source_contiguous_cv,primary_instrument1_full,primary,1,1,4,development_combined,CG-FPLS-code,ok,ok,True,3,96,calibrate:097,calibrate,97,204.0,205.98043397770013,1.9804339777001303,156
development_source_contiguous_cv,primary_instrument1_full,primary,1,1,4,development_combined,CG-FPLS-code,ok,ok,True,3,97,calibrate:098,calibrate,98,183.8000030517578,183.85706222184194,0.05705917008413053,156
development_source_contiguous_cv,primary_instrument1_full,primary,1,1,4,development_combined,CG-FPLS-code,ok,ok,True,3,98,calibrate:099,calibrate,99,176.39999389648438,177.2192324260875,0.8192385296031262,156
development_source_contiguous_cv,primary_instrument1_full,primary,1,1,4,development_combined,CG-FPLS-code,ok,ok,True,3,99,calibrate:100,calibrate,100,219.3000030517578,214.12494082100682,-5.175062230750996,156
development_source_contiguous_cv,primary_instrument1_full,primary,1,1,4,development_combined,CG-FPLS-code,ok,ok,True,3,100,calibrate:101,calibrate,101,216.5,217.84569015678042,1.345690156780421,156
development_source_contiguous_cv,primary_instrument1_full,primary,1,1,4,development_combined,CG-FPLS-code,ok,ok,True,3,101,calibrate:102,calibrate,102,203.6999969482422,205.66842885067325,1.968431902431064,156
development_source_contiguous_cv,primary_instrument1_full,primary,1,1,4,development_combined,CG-FPLS-code,ok,ok,True,3,102,calibrate:103,calibrate,103,151.60000610351562,162.0422270781166,10.442220974600986,156
development_source_contiguous_cv,primary_instrument1_full,primary,1,1,4,development_combined,CG-FPLS-code,ok,ok,True,3,103,calibrate:104,calibrate,104,184.5,183.46173982481972,-1.0382601751802838,156
development_source_contiguous_cv,primary_instrument1_full,primary,1,1,4,development_combined,CG-FPLS-code,ok,ok,True,3,104,calibrate:105,calibrate,105,157.0,162.49111979627355,5.491119796273551,156
development_source_contiguous_cv,primary_instrument1_full,primary,1,1,4,development_combined,CG-FPLS-code,ok,ok,True,3,105,calibrate:106,calibrate,106,160.39999389648438,159.7047115752081,-0.6952823212762667,156
development_source_contiguous_cv,primary_instrument1_full,primary,1,1,4,development_combined,CG-FPLS-code,ok,ok,True,3,106,calibrate:107,calibrate,107,216.89999389648438,220.89390011028004,3.9939062137956682,156
development_source_contiguous_cv,primary_instrument1_full,primary,1,1,4,development_combined,CG-FPLS-code,ok,ok,True,3,107,calibrate:108,calibrate,108,231.10000610351562,230.42902699585647,-0.67097910765915,156
development_source_contiguous_cv,primary_instrument1_full,primary,1,1,4,development_combined,CG-FPLS-code,ok,ok,True,3,108,calibrate:109,calibrate,109,222.60000610351562,215.08763041052165,-7.51237569299397,156
development_source_contiguous_cv,primary_instrument1_full,primary,1,1,4,development_combined,CG-FPLS-code,ok,ok,True,3,109,calibrate:110,calibrate,110,231.10000610351562,230.0639248757284,-1.0360812277872355,156
development_source_contiguous_cv,primary_instrument1_full,primary,1,1,4,development_combined,CG-FPLS-code,ok,ok,True,3,110,calibrate:111,calibrate,111,217.0,219.52816749907907,2.528167499079075,156
development_source_contiguous_cv,primary_instrument1_full,primary,1,1,4,development_combined,CG-FPLS-code,ok,ok,True,3,111,calibrate:112,calibrate,112,220.0,217.93706588505336,-2.0629341149466427,156
development_source_contiguous_cv,primary_instrument1_full,primary,1,1,4,development_combined,CG-FPLS-code,ok,ok,True,3,112,calibrate:113,calibrate,113,219.39999389648438,216.26269803092444,-3.137295865559935,156
development_source_contiguous_cv,primary_instrument1_full,primary,1,1,4,development_combined,CG-FPLS-code,ok,ok,True,3,113,calibrate:114,calibrate,114,172.89999389648438,175.33350636832998,2.433512471845603,156
development_source_contiguous_cv,primary_instrument1_full,primary,1,1,4,development_combined,CG-FPLS-code,ok,ok,True,3,114,calibrate:115,calibrate,115,180.5,176.22148480848256,-4.278515191517442,156
development_source_contiguous_cv,primary_instrument1_full,primary,1,1,4,development_combined,CG-FPLS-code,ok,ok,True,3,115,calibrate:116,calibrate,116,209.5,198.64209304608377,-10.857906953916228,156
development_source_contiguous_cv,primary_instrument1_full,primary,1,1,4,development_combined,CG-FPLS-code,ok,ok,True,3,116,calibrate:117,calibrate,117,224.3000030517578,218.56698714424886,-5.733015907508957,156
development_source_contiguous_cv,primary_instrument1_full,primary,1,1,4,development_combined,CG-FPLS-code,ok,ok,True,3,117,calibrate:118,calibrate,118,217.1999969482422,220.41035268216444,3.210355733922256,156
development_source_contiguous_cv,primary_instrument1_full,primary,1,1,4,development_combined,CG-FPLS-code,ok,ok,True,3,118,calibrate:119,calibrate,119,232.89999389648438,232.9511558656541,0.05116196916972626,156
development_source_contiguous_cv,primary_instrument1_full,primary,1,1,4,development_combined,CG-FPLS-code,ok,ok,True,3,119,calibrate:120,calibrate,120,204.60000610351562,204.25978975173885,-0.3402163517767747,156
development_source_contiguous_cv,primary_instrument1_full,primary,1,1,4,development_combined,CG-FPLS-code,ok,ok,True,3,120,calibrate:121,calibrate,121,155.10000610351562,162.02119834313268,6.921192239617056,156
development_source_contiguous_cv,primary_instrument1_full,primary,1,1,4,development_combined,CG-FPLS-code,ok,ok,True,3,121,calibrate:122,calibrate,122,176.89999389648438,159.25083077889715,-17.64916311758722,156
development_source_contiguous_cv,primary_instrument1_full,primary,1,1,4,development_combined,CG-FPLS-code,ok,ok,True,3,122,calibrate:123,calibrate,123,188.0,187.06575845416066,-0.9342415458393418,156
development_source_contiguous_cv,primary_instrument1_full,primary,1,1,4,development_combined,CG-FPLS-code,ok,ok,True,3,123,calibrate:124,calibrate,124,175.5,178.70495796392612,3.2049579639261196,156
development_source_contiguous_cv,primary_instrument1_full,primary,1,1,4,development_combined,CG-FPLS-code,ok,ok,True,3,179,validate:025,validate,25,195.5,195.47182459397334,-0.02817540602666213,156
development_source_contiguous_cv,primary_instrument1_full,primary,1,1,4,development_combined,CG-FPLS-code,ok,ok,True,3,180,validate:026,validate,26,193.39999389648438,200.0303877140277,6.630393817543336,156
development_source_contiguous_cv,primary_instrument1_full,primary,1,1,4,development_combined,CG-FPLS-code,ok,ok,True,3,181,validate:027,validate,27,198.89999389648438,200.7523832581369,1.852389361652513,156
development_source_contiguous_cv,primary_instrument1_full,primary,1,1,4,development_combined,CG-FPLS-code,ok,ok,True,3,182,validate:028,validate,28,195.0,198.77887523728418,3.7788752372841827,156
development_source_contiguous_cv,primary_instrument1_full,primary,1,1,4,development_combined,CG-FPLS-code,ok,ok,True,3,183,validate:029,validate,29,199.5,197.10982618511582,-2.3901738148841787,156
development_source_contiguous_cv,primary_instrument1_full,primary,1,1,4,development_combined,CG-FPLS-code,ok,ok,True,3,184,validate:030,validate,30,196.8000030517578,196.39954188671163,-0.4004611650461811,156
development_source_contiguous_cv,primary_instrument1_full,primary,1,1,4,development_combined,CG-FPLS-code,ok,ok,True,3,185,validate:031,validate,31,194.10000610351562,197.0635621670275,2.9635560635118736,156
development_source_contiguous_cv,primary_instrument1_full,primary,1,1,4,development_combined,CG-FPLS-code,ok,ok,True,3,186,validate:032,validate,32,197.5,193.78486500617026,-3.7151349938297358,156
development_source_contiguous_cv,primary_instrument1_full,primary,1,1,4,development_combined,Raw FPLS,ok,ok,True,36,93,calibrate:094,calibrate,94,172.39999389648438,176.24589333586792,3.845899439383544,156
development_source_contiguous_cv,primary_instrument1_full,primary,1,1,4,development_combined,Raw FPLS,ok,ok,True,36,94,calibrate:095,calibrate,95,172.0,173.2770976910111,1.2770976910111074,156
development_source_contiguous_cv,primary_instrument1_full,primary,1,1,4,development_combined,Raw FPLS,ok,ok,True,36,95,calibrate:096,calibrate,96,171.60000610351562,171.3002902811362,-0.29971582237942584,156
development_source_contiguous_cv,primary_instrument1_full,primary,1,1,4,development_combined,Raw FPLS,ok,ok,True,36,96,calibrate:097,calibrate,97,204.0,202.9704881334732,-1.0295118665268035,156
development_source_contiguous_cv,primary_instrument1_full,primary,1,1,4,development_combined,Raw FPLS,ok,ok,True,36,97,calibrate:098,calibrate,98,183.8000030517578,187.66421767856949,3.8642146268116733,156
development_source_contiguous_cv,primary_instrument1_full,primary,1,1,4,development_combined,Raw FPLS,ok,ok,True,36,98,calibrate:099,calibrate,99,176.39999389648438,177.66019105081912,1.2601971543347474,156
development_source_contiguous_cv,primary_instrument1_full,primary,1,1,4,development_combined,Raw FPLS,ok,ok,True,36,99,calibrate:100,calibrate,100,219.3000030517578,217.8219329523998,-1.478070099358007,156
development_source_contiguous_cv,primary_instrument1_full,primary,1,1,4,development_combined,Raw FPLS,ok,ok,True,36,100,calibrate:101,calibrate,101,216.5,217.27274125506307,0.7727412550630675,156
development_source_contiguous_cv,primary_instrument1_full,primary,1,1,4,development_combined,Raw FPLS,ok,ok,True,36,101,calibrate:102,calibrate,102,203.6999969482422,208.19765301346766,4.4976560652254705,156
development_source_contiguous_cv,primary_instrument1_full,primary,1,1,4,development_combined,Raw FPLS,ok,ok,True,36,102,calibrate:103,calibrate,103,151.60000610351562,162.1300874826278,10.530081379112175,156
development_source_contiguous_cv,primary_instrument1_full,primary,1,1,4,development_combined,Raw FPLS,ok,ok,True,36,103,calibrate:104,calibrate,104,184.5,185.2738648938345,0.7738648938345136,156
development_source_contiguous_cv,primary_instrument1_full,primary,1,1,4,development_combined,Raw FPLS,ok,ok,True,36,104,calibrate:105,calibrate,105,157.0,158.5589608731135,1.5589608731135058,156
development_source_contiguous_cv,primary_instrument1_full,primary,1,1,4,development_combined,Raw FPLS,ok,ok,True,36,105,calibrate:106,calibrate,106,160.39999389648438,158.7227274182697,-1.6772664782146762,156
development_source_contiguous_cv,primary_instrument1_full,primary,1,1,4,development_combined,Raw FPLS,ok,ok,True,36,106,calibrate:107,calibrate,107,216.89999389648438,219.5691969921164,2.669203095632014,156
development_source_contiguous_cv,primary_instrument1_full,primary,1,1,4,development_combined,Raw FPLS,ok,ok,True,36,107,calibrate:108,calibrate,108,231.10000610351562,236.68403023808412,5.5840241345684944,156
development_source_contiguous_cv,primary_instrument1_full,primary,1,1,4,development_combined,Raw FPLS,ok,ok,True,36,108,calibrate:109,calibrate,109,222.60000610351562,222.25090037078604,-0.34910573272958345,156
development_source_contiguous_cv,primary_instrument1_full,primary,1,1,4,development_combined,Raw FPLS,ok,ok,True,36,109,calibrate:110,calibrate,110,231.10000610351562,236.19694779757575,5.096941694060121,156
development_source_contiguous_cv,primary_instrument1_full,primary,1,1,4,development_combined,Raw FPLS,ok,ok,True,36,110,calibrate:111,calibrate,111,217.0,217.77847981962478,0.7784798196247777,156
development_source_contiguous_cv,primary_instrument1_full,primary,1,1,4,development_combined,Raw FPLS,ok,ok,True,36,111,calibrate:112,calibrate,112,220.0,219.39518431224315,-0.6048156877568545,156
development_source_contiguous_cv,primary_instrument1_full,primary,1,1,4,development_combined,Raw FPLS,ok,ok,True,36,112,calibrate:113,calibrate,113,219.39999389648438,219.3579132517408,-0.04208064474357798,156
development_source_contiguous_cv,primary_instrument1_full,primary,1,1,4,development_combined,Raw FPLS,ok,ok,True,36,113,calibrate:114,calibrate,114,172.89999389648438,177.7434202224954,4.843426326011013,156
development_source_contiguous_cv,primary_instrument1_full,primary,1,1,4,development_combined,Raw FPLS,ok,ok,True,36,114,calibrate:115,calibrate,115,180.5,176.18474417329756,-4.31525582670244,156
development_source_contiguous_cv,primary_instrument1_full,primary,1,1,4,development_combined,Raw FPLS,ok,ok,True,36,115,calibrate:116,calibrate,116,209.5,202.04188306925016,-7.4581169307498385,156
development_source_contiguous_cv,primary_instrument1_full,primary,1,1,4,development_combined,Raw FPLS,ok,ok,True,36,116,calibrate:117,calibrate,117,224.3000030517578,217.0381035720613,-7.261899479696524,156
development_source_contiguous_cv,primary_instrument1_full,primary,1,1,4,development_combined,Raw FPLS,ok,ok,True,36,117,calibrate:118,calibrate,118,217.1999969482422,219.78618483721638,2.5861878889741945,156
development_source_contiguous_cv,primary_instrument1_full,primary,1,1,4,development_combined,Raw FPLS,ok,ok,True,36,118,calibrate:119,calibrate,119,232.89999389648438,236.89176353807517,3.9917696415907926,156
development_source_contiguous_cv,primary_instrument1_full,primary,1,1,4,development_combined,Raw FPLS,ok,ok,True,36,119,calibrate:120,calibrate,120,204.60000610351562,206.20641442525778,1.6064083217421512,156
development_source_contiguous_cv,primary_instrument1_full,primary,1,1,4,development_combined,Raw FPLS,ok,ok,True,36,120,calibrate:121,calibrate,121,155.10000610351562,159.51519238739155,4.415186283875926,156
development_source_contiguous_cv,primary_instrument1_full,primary,1,1,4,development_combined,Raw FPLS,ok,ok,True,36,121,calibrate:122,calibrate,122,176.89999389648438,158.3590797797131,-18.540914116771262,156
development_source_contiguous_cv,primary_instrument1_full,primary,1,1,4,development_combined,Raw FPLS,ok,ok,True,36,122,calibrate:123,calibrate,123,188.0,188.55174712403473,0.5517471240347334,156
development_source_contiguous_cv,primary_instrument1_full,primary,1,1,4,development_combined,Raw FPLS,ok,ok,True,36,123,calibrate:124,calibrate,124,175.5,177.9061688319857,2.4061688319856955,156
development_source_contiguous_cv,primary_instrument1_full,primary,1,1,4,development_combined,Raw FPLS,ok,ok,True,36,179,validate:025,validate,25,195.5,199.71713725823506,4.217137258235056,156
development_source_contiguous_cv,primary_instrument1_full,primary,1,1,4,development_combined,Raw FPLS,ok,ok,True,36,180,validate:026,validate,26,193.39999389648438,199.2342224352996,5.834228538815239,156
development_source_contiguous_cv,primary_instrument1_full,primary,1,1,4,development_combined,Raw FPLS,ok,ok,True,36,181,validate:027,validate,27,198.89999389648438,198.08960948975124,-0.8103844067331352,156
development_source_contiguous_cv,primary_instrument1_full,primary,1,1,4,development_combined,Raw FPLS,ok,ok,True,36,182,validate:028,validate,28,195.0,199.00776153956085,4.007761539560846,156
development_source_contiguous_cv,primary_instrument1_full,primary,1,1,4,development_combined,Raw FPLS,ok,ok,True,36,183,validate:029,validate,29,199.5,197.48338142301552,-2.0166185769844844,156
development_source_contiguous_cv,primary_instrument1_full,primary,1,1,4,development_combined,Raw FPLS,ok,ok,True,36,184,validate:030,validate,30,196.8000030517578,200.90062716402383,4.1006241122660185,156
development_source_contiguous_cv,primary_instrument1_full,primary,1,1,4,development_combined,Raw FPLS,ok,ok,True,36,185,validate:031,validate,31,194.10000610351562,197.2560278862379,3.156021782722263,156
development_source_contiguous_cv,primary_instrument1_full,primary,1,1,4,development_combined,Raw FPLS,ok,ok,True,36,186,validate:032,validate,32,197.5,196.5571837860588,-0.9428162139411995,156
development_source_contiguous_cv,primary_instrument1_full,primary,1,1,4,development_combined,Arnoldi FPLS,ok,ok,True,5,93,calibrate:094,calibrate,94,172.39999389648438,176.35639989182025,3.956405995335871,156
development_source_contiguous_cv,primary_instrument1_full,primary,1,1,4,development_combined,Arnoldi FPLS,ok,ok,True,5,94,calibrate:095,calibrate,95,172.0,173.20118764056113,1.2011876405611304,156
development_source_contiguous_cv,primary_instrument1_full,primary,1,1,4,development_combined,Arnoldi FPLS,ok,ok,True,5,95,calibrate:096,calibrate,96,171.60000610351562,171.38273442263807,-0.217271680877559,156
development_source_contiguous_cv,primary_instrument1_full,primary,1,1,4,development_combined,Arnoldi FPLS,ok,ok,True,5,96,calibrate:097,calibrate,97,204.0,203.07055115711972,-0.9294488428802765,156
development_source_contiguous_cv,primary_instrument1_full,primary,1,1,4,development_combined,Arnoldi FPLS,ok,ok,True,5,97,calibrate:098,calibrate,98,183.8000030517578,187.53746164779596,3.7374585960381523,156
development_source_contiguous_cv,primary_instrument1_full,primary,1,1,4,development_combined,Arnoldi FPLS,ok,ok,True,5,98,calibrate:099,calibrate,99,176.39999389648438,177.5634304697051,1.1634365732207357,156
development_source_contiguous_cv,primary_instrument1_full,primary,1,1,4,development_combined,Arnoldi FPLS,ok,ok,True,5,99,calibrate:100,calibrate,100,219.3000030517578,217.68823522334228,-1.6117678284155375,156
development_source_contiguous_cv,primary_instrument1_full,primary,1,1,4,development_combined,Arnoldi FPLS,ok,ok,True,5,100,calibrate:101,calibrate,101,216.5,217.3669929943502,0.8669929943501984,156
development_source_contiguous_cv,primary_instrument1_full,primary,1,1,4,development_combined,Arnoldi FPLS,ok,ok,True,5,101,calibrate:102,calibrate,102,203.6999969482422,208.06039375830736,4.360396810065168,156
development_source_contiguous_cv,primary_instrument1_full,primary,1,1,4,development_combined,Arnoldi FPLS,ok,ok,True,5,102,calibrate:103,calibrate,103,151.60000610351562,162.07565907480506,10.475652971289435,156
development_source_contiguous_cv,primary_instrument1_full,primary,1,1,4,development_combined,Arnoldi FPLS,ok,ok,True,5,103,calibrate:104,calibrate,104,184.5,185.47059417759422,0.9705941775942222,156
development_source_contiguous_cv,primary_instrument1_full,primary,1,1,4,development_combined,Arnoldi FPLS,ok,ok,True,5,104,calibrate:105,calibrate,105,157.0,158.77173557131727,1.7717355713172651,156
development_source_contiguous_cv,primary_instrument1_full,primary,1,1,4,development_combined,Arnoldi FPLS,ok,ok,True,5,105,calibrate:106,calibrate,106,160.39999389648438,158.9409968449154,-1.4589970515689856,156
development_source_contiguous_cv,primary_instrument1_full,primary,1,1,4,development_combined,Arnoldi FPLS,ok,ok,True,5,106,calibrate:107,calibrate,107,216.89999389648438,219.57901163753684,2.679017741052462,156
development_source_contiguous_cv,primary_instrument1_full,primary,1,1,4,development_combined,Arnoldi FPLS,ok,ok,True,5,107,calibrate:108,calibrate,108,231.10000610351562,236.70064136764708,5.600635264131455,156
development_source_contiguous_cv,primary_instrument1_full,primary,1,1,4,development_combined,Arnoldi FPLS,ok,ok,True,5,108,calibrate:109,calibrate,109,222.60000610351562,222.10266115245358,-0.4973449510620469,156
development_source_contiguous_cv,primary_instrument1_full,primary,1,1,4,development_combined,Arnoldi FPLS,ok,ok,True,5,109,calibrate:110,calibrate,110,231.10000610351562,236.21992505767258,5.119918954156958,156
development_source_contiguous_cv,primary_instrument1_full,primary,1,1,4,development_combined,Arnoldi FPLS,ok,ok,True,5,110,calibrate:111,calibrate,111,217.0,217.79652258611938,0.7965225861193801,156
development_source_contiguous_cv,primary_instrument1_full,primary,1,1,4,development_combined,Arnoldi FPLS,ok,ok,True,5,111,calibrate:112,calibrate,112,220.0,219.42381348824236,-0.5761865117576406,156
development_source_contiguous_cv,primary_instrument1_full,primary,1,1,4,development_combined,Arnoldi FPLS,ok,ok,True,5,112,calibrate:113,calibrate,113,219.39999389648438,219.5484246802525,0.14843078376813423,156
development_source_contiguous_cv,primary_instrument1_full,primary,1,1,4,development_combined,Arnoldi FPLS,ok,ok,True,5,113,calibrate:114,calibrate,114,172.89999389648438,177.64772637698977,4.747732480505391,156
development_source_contiguous_cv,primary_instrument1_full,primary,1,1,4,development_combined,Arnoldi FPLS,ok,ok,True,5,114,calibrate:115,calibrate,115,180.5,176.1135159785813,-4.38648402141871,156
development_source_contiguous_cv,primary_instrument1_full,primary,1,1,4,development_combined,Arnoldi FPLS,ok,ok,True,5,115,calibrate:116,calibrate,116,209.5,202.06813731359927,-7.431862686400734,156
development_source_contiguous_cv,primary_instrument1_full,primary,1,1,4,development_combined,Arnoldi FPLS,ok,ok,True,5,116,calibrate:117,calibrate,117,224.3000030517578,217.0360847635755,-7.26391828818231,156
development_source_contiguous_cv,primary_instrument1_full,primary,1,1,4,development_combined,Arnoldi FPLS,ok,ok,True,5,117,calibrate:118,calibrate,118,217.1999969482422,219.85895658985845,2.6589596416162635,156
development_source_contiguous_cv,primary_instrument1_full,primary,1,1,4,development_combined,Arnoldi FPLS,ok,ok,True,5,118,calibrate:119,calibrate,119,232.89999389648438,236.95196547579863,4.051971579314255,156
development_source_contiguous_cv,primary_instrument1_full,primary,1,1,4,development_combined,Arnoldi FPLS,ok,ok,True,5,119,calibrate:120,calibrate,120,204.60000610351562,206.09101677289513,1.4910106693795058,156
development_source_contiguous_cv,primary_instrument1_full,primary,1,1,4,development_combined,Arnoldi FPLS,ok,ok,True,5,120,calibrate:121,calibrate,121,155.10000610351562,159.7239875340773,4.623981430561685,156
development_source_contiguous_cv,primary_instrument1_full,primary,1,1,4,development_combined,Arnoldi FPLS,ok,ok,True,5,121,calibrate:122,calibrate,122,176.89999389648438,158.5491983785053,-18.350795517979066,156
development_source_contiguous_cv,primary_instrument1_full,primary,1,1,4,development_combined,Arnoldi FPLS,ok,ok,True,5,122,calibrate:123,calibrate,123,188.0,188.45869301887254,0.45869301887253755,156
development_source_contiguous_cv,primary_instrument1_full,primary,1,1,4,development_combined,Arnoldi FPLS,ok,ok,True,5,123,calibrate:124,calibrate,124,175.5,177.84961563704752,2.3496156370475205,156
development_source_contiguous_cv,primary_instrument1_full,primary,1,1,4,development_combined,Arnoldi FPLS,ok,ok,True,5,179,validate:025,validate,25,195.5,199.88013962136446,4.380139621364464,156
development_source_contiguous_cv,primary_instrument1_full,primary,1,1,4,development_combined,Arnoldi FPLS,ok,ok,True,5,180,validate:026,validate,26,193.39999389648438,199.14496327156047,5.744969375076096,156
development_source_contiguous_cv,primary_instrument1_full,primary,1,1,4,development_combined,Arnoldi FPLS,ok,ok,True,5,181,validate:027,validate,27,198.89999389648438,198.1711817803784,-0.7288121161059848,156
development_source_contiguous_cv,primary_instrument1_full,primary,1,1,4,development_combined,Arnoldi FPLS,ok,ok,True,5,182,validate:028,validate,28,195.0,199.18330484166117,4.183304841661169,156
development_source_contiguous_cv,primary_instrument1_full,primary,1,1,4,development_combined,Arnoldi FPLS,ok,ok,True,5,183,validate:029,validate,29,199.5,197.73613416433602,-1.763865835663978,156
development_source_contiguous_cv,primary_instrument1_full,primary,1,1,4,development_combined,Arnoldi FPLS,ok,ok,True,5,184,validate:030,validate,30,196.8000030517578,200.75690712384906,3.9569040720912483,156
development_source_contiguous_cv,primary_instrument1_full,primary,1,1,4,development_combined,Arnoldi FPLS,ok,ok,True,5,185,validate:031,validate,31,194.10000610351562,197.46615545859714,3.366149355081518,156
development_source_contiguous_cv,primary_instrument1_full,primary,1,1,4,development_combined,Arnoldi FPLS,ok,ok,True,5,186,validate:032,validate,32,197.5,196.7504128143451,-0.7495871856548888,156
development_source_contiguous_cv,primary_instrument1_full,primary,1,1,4,development_combined,FPCR,ok,ok,True,7,93,calibrate:094,calibrate,94,172.39999389648438,177.55482127490862,5.154827378424244,156
development_source_contiguous_cv,primary_instrument1_full,primary,1,1,4,development_combined,FPCR,ok,ok,True,7,94,calibrate:095,calibrate,95,172.0,173.33727176051195,1.3372717605119533,156
development_source_contiguous_cv,primary_instrument1_full,primary,1,1,4,development_combined,FPCR,ok,ok,True,7,95,calibrate:096,calibrate,96,171.60000610351562,172.1061884373573,0.5061823338416787,156
development_source_contiguous_cv,primary_instrument1_full,primary,1,1,4,development_combined,FPCR,ok,ok,True,7,96,calibrate:097,calibrate,97,204.0,204.22384893658563,0.22384893658562532,156
development_source_contiguous_cv,primary_instrument1_full,primary,1,1,4,development_combined,FPCR,ok,ok,True,7,97,calibrate:098,calibrate,98,183.8000030517578,187.50024683134217,3.700243779584355,156
development_source_contiguous_cv,primary_instrument1_full,primary,1,1,4,development_combined,FPCR,ok,ok,True,7,98,calibrate:099,calibrate,99,176.39999389648438,177.10466487412953,0.7046709776451507,156
development_source_contiguous_cv,primary_instrument1_full,primary,1,1,4,development_combined,FPCR,ok,ok,True,7,99,calibrate:100,calibrate,100,219.3000030517578,216.74175355265263,-2.5582494991051874,156
development_source_contiguous_cv,primary_instrument1_full,primary,1,1,4,development_combined,FPCR,ok,ok,True,7,100,calibrate:101,calibrate,101,216.5,217.4579903570057,0.9579903570057127,156
development_source_contiguous_cv,primary_instrument1_full,primary,1,1,4,development_combined,FPCR,ok,ok,True,7,101,calibrate:102,calibrate,102,203.6999969482422,207.48921560074209,3.7892186524998976,156
development_source_contiguous_cv,primary_instrument1_full,primary,1,1,4,development_combined,FPCR,ok,ok,True,7,102,calibrate:103,calibrate,103,151.60000610351562,161.9556658226823,10.355659719166681,156
development_source_contiguous_cv,primary_instrument1_full,primary,1,1,4,development_combined,FPCR,ok,ok,True,7,103,calibrate:104,calibrate,104,184.5,186.65241602831378,2.1524160283137803,156
development_source_contiguous_cv,primary_instrument1_full,primary,1,1,4,development_combined,FPCR,ok,ok,True,7,104,calibrate:105,calibrate,105,157.0,160.09534757077483,3.095347570774834,156
development_source_contiguous_cv,primary_instrument1_full,primary,1,1,4,development_combined,FPCR,ok,ok,True,7,105,calibrate:106,calibrate,106,160.39999389648438,160.3921394122315,-0.007854484252874272,156
development_source_contiguous_cv,primary_instrument1_full,primary,1,1,4,development_combined,FPCR,ok,ok,True,7,106,calibrate:107,calibrate,107,216.89999389648438,219.400381986291,2.50038808980662,156
development_source_contiguous_cv,primary_instrument1_full,primary,1,1,4,development_combined,FPCR,ok,ok,True,7,107,calibrate:108,calibrate,108,231.10000610351562,237.49579235415325,6.395786250637627,156
development_source_contiguous_cv,primary_instrument1_full,primary,1,1,4,development_combined,FPCR,ok,ok,True,7,108,calibrate:109,calibrate,109,222.60000610351562,220.93152258292673,-1.668483520588893,156
development_source_contiguous_cv,primary_instrument1_full,primary,1,1,4,development_combined,FPCR,ok,ok,True,7,109,calibrate:110,calibrate,110,231.10000610351562,238.29435618108738,7.194350077571755,156
development_source_contiguous_cv,primary_instrument1_full,primary,1,1,4,development_combined,FPCR,ok,ok,True,7,110,calibrate:111,calibrate,111,217.0,217.3142849058416,0.3142849058415891,156
development_source_contiguous_cv,primary_instrument1_full,primary,1,1,4,development_combined,FPCR,ok,ok,True,7,111,calibrate:112,calibrate,112,220.0,219.5591569977889,-0.4408430022110963,156
development_source_contiguous_cv,primary_instrument1_full,primary,1,1,4,development_combined,FPCR,ok,ok,True,7,112,calibrate:113,calibrate,113,219.39999389648438,220.49948131597495,1.099487419490572,156
development_source_contiguous_cv,primary_instrument1_full,primary,1,1,4,development_combined,FPCR,ok,ok,True,7,113,calibrate:114,calibrate,114,172.89999389648438,177.39387285826766,4.493878961783281,156
development_source_contiguous_cv,primary_instrument1_full,primary,1,1,4,development_combined,FPCR,ok,ok,True,7,114,calibrate:115,calibrate,115,180.5,176.1657862247614,-4.334213775238595,156
development_source_contiguous_cv,primary_instrument1_full,primary,1,1,4,development_combined,FPCR,ok,ok,True,7,115,calibrate:116,calibrate,116,209.5,198.69651264612253,-10.803487353877472,156
development_source_contiguous_cv,primary_instrument1_full,primary,1,1,4,development_combined,FPCR,ok,ok,True,7,116,calibrate:117,calibrate,117,224.3000030517578,217.41762174235998,-6.882381309397829,156
development_source_contiguous_cv,primary_instrument1_full,primary,1,1,4,development_combined,FPCR,ok,ok,True,7,117,calibrate:118,calibrate,118,217.1999969482422,220.16830004784129,2.9683030995990975,156
development_source_contiguous_cv,primary_instrument1_full,primary,1,1,4,development_combined,FPCR,ok,ok,True,7,118,calibrate:119,calibrate,119,232.89999389648438,236.96370568444374,4.063711787959363,156
development_source_contiguous_cv,primary_instrument1_full,primary,1,1,4,development_combined,FPCR,ok,ok,True,7,119,calibrate:120,calibrate,120,204.60000610351562,205.4709330306298,0.8709269271141693,156
development_source_contiguous_cv,primary_instrument1_full,primary,1,1,4,development_combined,FPCR,ok,ok,True,7,120,calibrate:121,calibrate,121,155.10000610351562,160.4095058135327,5.3094997100170644,156
development_source_contiguous_cv,primary_instrument1_full,primary,1,1,4,development_combined,FPCR,ok,ok,True,7,121,calibrate:122,calibrate,122,176.89999389648438,159.24583342674592,-17.654160469738457,156
development_source_contiguous_cv,primary_instrument1_full,primary,1,1,4,development_combined,FPCR,ok,ok,True,7,122,calibrate:123,calibrate,123,188.0,188.3348145640742,0.3348145640742075,156
development_source_contiguous_cv,primary_instrument1_full,primary,1,1,4,development_combined,FPCR,ok,ok,True,7,123,calibrate:124,calibrate,124,175.5,178.85110925158546,3.3511092515854557,156
development_source_contiguous_cv,primary_instrument1_full,primary,1,1,4,development_combined,FPCR,ok,ok,True,7,179,validate:025,validate,25,195.5,200.33034496429292,4.8303449642929195,156
development_source_contiguous_cv,primary_instrument1_full,primary,1,1,4,development_combined,FPCR,ok,ok,True,7,180,validate:026,validate,26,193.39999389648438,199.32311944604552,5.923125549561149,156
development_source_contiguous_cv,primary_instrument1_full,primary,1,1,4,development_combined,FPCR,ok,ok,True,7,181,validate:027,validate,27,198.89999389648438,197.1294520752656,-1.7705418212187851,156
development_source_contiguous_cv,primary_instrument1_full,primary,1,1,4,development_combined,FPCR,ok,ok,True,7,182,validate:028,validate,28,195.0,199.67241422896288,4.672414228962879,156
development_source_contiguous_cv,primary_instrument1_full,primary,1,1,4,development_combined,FPCR,ok,ok,True,7,183,validate:029,validate,29,199.5,197.88888957171164,-1.611110428288356,156
development_source_contiguous_cv,primary_instrument1_full,primary,1,1,4,development_combined,FPCR,ok,ok,True,7,184,validate:030,validate,30,196.8000030517578,200.2665702458543,3.466567194096484,156
development_source_contiguous_cv,primary_instrument1_full,primary,1,1,4,development_combined,FPCR,ok,ok,True,7,185,validate:031,validate,31,194.10000610351562,198.64899169162558,4.548985588109957,156
development_source_contiguous_cv,primary_instrument1_full,primary,1,1,4,development_combined,FPCR,ok,ok,True,7,186,validate:032,validate,32,197.5,197.94932951625958,0.4493295162595814,156
development_source_contiguous_cv,primary_instrument1_full,primary,1,1,5,development_combined,CG-FPLS-code,ok,ok,True,3,124,calibrate:125,calibrate,125,154.8000030517578,163.6612320725247,8.861229020766899,156
development_source_contiguous_cv,primary_instrument1_full,primary,1,1,5,development_combined,CG-FPLS-code,ok,ok,True,3,125,calibrate:126,calibrate,126,181.0,167.37814887905182,-13.621851120948179,156
development_source_contiguous_cv,primary_instrument1_full,primary,1,1,5,development_combined,CG-FPLS-code,ok,ok,True,3,126,calibrate:127,calibrate,127,204.5,181.53051535433795,-22.96948464566205,156
development_source_contiguous_cv,primary_instrument1_full,primary,1,1,5,development_combined,CG-FPLS-code,ok,ok,True,3,127,calibrate:128,calibrate,128,239.10000610351562,232.67689672083688,-6.423109382678746,156
development_source_contiguous_cv,primary_instrument1_full,primary,1,1,5,development_combined,CG-FPLS-code,ok,ok,True,3,128,calibrate:129,calibrate,129,231.10000610351562,220.98446456853384,-10.115541534981787,156
development_source_contiguous_cv,primary_instrument1_full,primary,1,1,5,development_combined,CG-FPLS-code,ok,ok,True,3,129,calibrate:130,calibrate,130,154.60000610351562,169.06423822016023,14.46423211664461,156
development_source_contiguous_cv,primary_instrument1_full,primary,1,1,5,development_combined,CG-FPLS-code,ok,ok,True,3,130,calibrate:131,calibrate,131,184.5,182.88123981992223,-1.6187601800777713,156
development_source_contiguous_cv,primary_instrument1_full,primary,1,1,5,development_combined,CG-FPLS-code,ok,ok,True,3,131,calibrate:132,calibrate,132,206.3000030517578,202.48836394383082,-3.811639107926993,156
development_source_contiguous_cv,primary_instrument1_full,primary,1,1,5,development_combined,CG-FPLS-code,ok,ok,True,3,132,calibrate:133,calibrate,133,186.6999969482422,196.63520734269034,9.935210394448148,156
development_source_contiguous_cv,primary_instrument1_full,primary,1,1,5,development_combined,CG-FPLS-code,ok,ok,True,3,133,calibrate:134,calibrate,134,192.8000030517578,189.31638856140316,-3.483614490354654,156
development_source_contiguous_cv,primary_instrument1_full,primary,1,1,5,development_combined,CG-FPLS-code,ok,ok,True,3,134,calibrate:135,calibrate,135,188.6999969482422,189.37546576698153,0.6754688187393469,156
development_source_contiguous_cv,primary_instrument1_full,primary,1,1,5,development_combined,CG-FPLS-code,ok,ok,True,3,135,calibrate:136,calibrate,136,193.10000610351562,198.8975169018385,5.797510798322861,156
development_source_contiguous_cv,primary_instrument1_full,primary,1,1,5,development_combined,CG-FPLS-code,ok,ok,True,3,136,calibrate:137,calibrate,137,192.60000610351562,195.50005172373903,2.900045620223409,156
development_source_contiguous_cv,primary_instrument1_full,primary,1,1,5,development_combined,CG-FPLS-code,ok,ok,True,3,137,calibrate:138,calibrate,138,195.89999389648438,188.22261213470796,-7.677381761776417,156
development_source_contiguous_cv,primary_instrument1_full,primary,1,1,5,development_combined,CG-FPLS-code,ok,ok,True,3,138,calibrate:139,calibrate,139,191.1999969482422,199.9851732746022,8.785176326360016,156
development_source_contiguous_cv,primary_instrument1_full,primary,1,1,5,development_combined,CG-FPLS-code,ok,ok,True,3,139,calibrate:140,calibrate,140,193.3000030517578,199.6036814657835,6.303678414025683,156
development_source_contiguous_cv,primary_instrument1_full,primary,1,1,5,development_combined,CG-FPLS-code,ok,ok,True,3,140,calibrate:141,calibrate,141,197.1999969482422,190.05713113904488,-7.142865809197303,156
development_source_contiguous_cv,primary_instrument1_full,primary,1,1,5,development_combined,CG-FPLS-code,ok,ok,True,3,141,calibrate:142,calibrate,142,196.3000030517578,186.76996344429165,-9.530039607466165,156
development_source_contiguous_cv,primary_instrument1_full,primary,1,1,5,development_combined,CG-FPLS-code,ok,ok,True,3,142,calibrate:143,calibrate,143,196.60000610351562,192.69504617524862,-3.9049599282670044,156
development_source_contiguous_cv,primary_instrument1_full,primary,1,1,5,development_combined,CG-FPLS-code,ok,ok,True,3,143,calibrate:144,calibrate,144,194.60000610351562,191.05935106013968,-3.540655043375949,156
development_source_contiguous_cv,primary_instrument1_full,primary,1,1,5,development_combined,CG-FPLS-code,ok,ok,True,3,144,calibrate:145,calibrate,145,191.1999969482422,198.2101290835103,7.0101321352681225,156
development_source_contiguous_cv,primary_instrument1_full,primary,1,1,5,development_combined,CG-FPLS-code,ok,ok,True,3,145,calibrate:146,calibrate,146,191.0,196.76344154839498,5.7634415483949795,156
development_source_contiguous_cv,primary_instrument1_full,primary,1,1,5,development_combined,CG-FPLS-code,ok,ok,True,3,146,calibrate:147,calibrate,147,198.60000610351562,192.44029786378016,-6.159708239735465,156
development_source_contiguous_cv,primary_instrument1_full,primary,1,1,5,development_combined,CG-FPLS-code,ok,ok,True,3,147,calibrate:148,calibrate,148,197.8000030517578,190.34579176138334,-7.454211290374474,156
development_source_contiguous_cv,primary_instrument1_full,primary,1,1,5,development_combined,CG-FPLS-code,ok,ok,True,3,148,calibrate:149,calibrate,149,194.10000610351562,200.6797371195382,6.579731016022578,156
development_source_contiguous_cv,primary_instrument1_full,primary,1,1,5,development_combined,CG-FPLS-code,ok,ok,True,3,149,calibrate:150,calibrate,150,181.3000030517578,199.21049724604532,17.91049419428751,156
development_source_contiguous_cv,primary_instrument1_full,primary,1,1,5,development_combined,CG-FPLS-code,ok,ok,True,3,150,calibrate:151,calibrate,151,200.0,188.4221388027776,-11.577861197222404,156
development_source_contiguous_cv,primary_instrument1_full,primary,1,1,5,development_combined,CG-FPLS-code,ok,ok,True,3,151,calibrate:152,calibrate,152,201.39999389648438,185.40227011860284,-15.997723777881532,156
development_source_contiguous_cv,primary_instrument1_full,primary,1,1,5,development_combined,CG-FPLS-code,ok,ok,True,3,152,calibrate:153,calibrate,153,199.6999969482422,185.65121345230193,-14.048783495940256,156
development_source_contiguous_cv,primary_instrument1_full,primary,1,1,5,development_combined,CG-FPLS-code,ok,ok,True,3,153,calibrate:154,calibrate,154,201.5,184.48110126153674,-17.018898738463264,156
development_source_contiguous_cv,primary_instrument1_full,primary,1,1,5,development_combined,CG-FPLS-code,ok,ok,True,3,154,calibrate:155,calibrate,155,195.3000030517578,183.55003136773124,-11.749971684026576,156
development_source_contiguous_cv,primary_instrument1_full,primary,1,1,5,development_combined,CG-FPLS-code,ok,ok,True,3,187,validate:033,validate,33,194.1999969482422,194.97759693842076,0.7775999901785724,156
development_source_contiguous_cv,primary_instrument1_full,primary,1,1,5,development_combined,CG-FPLS-code,ok,ok,True,3,188,validate:034,validate,34,193.39999389648438,193.95571802304246,0.5557241265580899,156
development_source_contiguous_cv,primary_instrument1_full,primary,1,1,5,development_combined,CG-FPLS-code,ok,ok,True,3,189,validate:035,validate,35,196.6999969482422,194.99463365011425,-1.705363298127935,156
development_source_contiguous_cv,primary_instrument1_full,primary,1,1,5,development_combined,CG-FPLS-code,ok,ok,True,3,190,validate:036,validate,36,194.6999969482422,198.8577530052297,4.157756056987523,156
development_source_contiguous_cv,primary_instrument1_full,primary,1,1,5,development_combined,CG-FPLS-code,ok,ok,True,3,191,validate:037,validate,37,197.0,192.15290825738106,-4.847091742618943,156
development_source_contiguous_cv,primary_instrument1_full,primary,1,1,5,development_combined,CG-FPLS-code,ok,ok,True,3,192,validate:038,validate,38,197.39999389648438,193.92751216304026,-3.4724817334441127,156
development_source_contiguous_cv,primary_instrument1_full,primary,1,1,5,development_combined,CG-FPLS-code,ok,ok,True,3,193,validate:039,validate,39,196.60000610351562,195.4294218620493,-1.1705842414663152,156
development_source_contiguous_cv,primary_instrument1_full,primary,1,1,5,development_combined,CG-FPLS-code,ok,ok,True,3,194,validate:040,validate,40,197.5,188.10683932888386,-9.393160671116135,156
development_source_contiguous_cv,primary_instrument1_full,primary,1,1,5,development_combined,Raw FPLS,ok,ok,True,36,124,calibrate:125,calibrate,125,154.8000030517578,158.12803945427964,3.328036402521832,156
development_source_contiguous_cv,primary_instrument1_full,primary,1,1,5,development_combined,Raw FPLS,ok,ok,True,36,125,calibrate:126,calibrate,126,181.0,159.02014249069092,-21.979857509309085,156
development_source_contiguous_cv,primary_instrument1_full,primary,1,1,5,development_combined,Raw FPLS,ok,ok,True,36,126,calibrate:127,calibrate,127,204.5,186.41406244697635,-18.085937553023655,156
development_source_contiguous_cv,primary_instrument1_full,primary,1,1,5,development_combined,Raw FPLS,ok,ok,True,36,127,calibrate:128,calibrate,128,239.10000610351562,240.47840718464846,1.3784010811328358,156
development_source_contiguous_cv,primary_instrument1_full,primary,1,1,5,development_combined,Raw FPLS,ok,ok,True,36,128,calibrate:129,calibrate,129,231.10000610351562,224.10987194364833,-6.990134159867296,156
development_source_contiguous_cv,primary_instrument1_full,primary,1,1,5,development_combined,Raw FPLS,ok,ok,True,36,129,calibrate:130,calibrate,130,154.60000610351562,159.03233292185203,4.432326818336406,156
development_source_contiguous_cv,primary_instrument1_full,primary,1,1,5,development_combined,Raw FPLS,ok,ok,True,36,130,calibrate:131,calibrate,131,184.5,185.84356392403703,1.3435639240370278,156
development_source_contiguous_cv,primary_instrument1_full,primary,1,1,5,development_combined,Raw FPLS,ok,ok,True,36,131,calibrate:132,calibrate,132,206.3000030517578,205.9679362454598,-0.3320668062980019,156
development_source_contiguous_cv,primary_instrument1_full,primary,1,1,5,development_combined,Raw FPLS,ok,ok,True,36,132,calibrate:133,calibrate,133,186.6999969482422,188.90146071553758,2.201463767295394,156
development_source_contiguous_cv,primary_instrument1_full,primary,1,1,5,development_combined,Raw FPLS,ok,ok,True,36,133,calibrate:134,calibrate,134,192.8000030517578,192.6484049131161,-0.15159813864170246,156
development_source_contiguous_cv,primary_instrument1_full,primary,1,1,5,development_combined,Raw FPLS,ok,ok,True,36,134,calibrate:135,calibrate,135,188.6999969482422,189.04940896825158,0.349412020009396,156
development_source_contiguous_cv,primary_instrument1_full,primary,1,1,5,development_combined,Raw FPLS,ok,ok,True,36,135,calibrate:136,calibrate,136,193.10000610351562,189.07478916927136,-4.02521693424427,156
development_source_contiguous_cv,primary_instrument1_full,primary,1,1,5,development_combined,Raw FPLS,ok,ok,True,36,136,calibrate:137,calibrate,137,192.60000610351562,183.71566662465392,-8.884339478861705,156
development_source_contiguous_cv,primary_instrument1_full,primary,1,1,5,development_combined,Raw FPLS,ok,ok,True,36,137,calibrate:138,calibrate,138,195.89999389648438,202.69720522416662,6.797211327682248,156
development_source_contiguous_cv,primary_instrument1_full,primary,1,1,5,development_combined,Raw FPLS,ok,ok,True,36,138,calibrate:139,calibrate,139,191.1999969482422,198.22105973002542,7.021062781783229,156
development_source_contiguous_cv,primary_instrument1_full,primary,1,1,5,development_combined,Raw FPLS,ok,ok,True,36,139,calibrate:140,calibrate,140,193.3000030517578,198.6934121948001,5.393409143042277,156
development_source_contiguous_cv,primary_instrument1_full,primary,1,1,5,development_combined,Raw FPLS,ok,ok,True,36,140,calibrate:141,calibrate,141,197.1999969482422,190.9470777065994,-6.252919241642786,156
development_source_contiguous_cv,primary_instrument1_full,primary,1,1,5,development_combined,Raw FPLS,ok,ok,True,36,141,calibrate:142,calibrate,142,196.3000030517578,191.1055898464747,-5.1944132052831264,156
development_source_contiguous_cv,primary_instrument1_full,primary,1,1,5,development_combined,Raw FPLS,ok,ok,True,36,142,calibrate:143,calibrate,143,196.60000610351562,190.62857476323808,-5.971431340277547,156
development_source_contiguous_cv,primary_instrument1_full,primary,1,1,5,development_combined,Raw FPLS,ok,ok,True,36,143,calibrate:144,calibrate,144,194.60000610351562,187.65010119481016,-6.949904908705463,156
development_source_contiguous_cv,primary_instrument1_full,primary,1,1,5,development_combined,Raw FPLS,ok,ok,True,36,144,calibrate:145,calibrate,145,191.1999969482422,188.97998836096897,-2.220008587273213,156
development_source_contiguous_cv,primary_instrument1_full,primary,1,1,5,development_combined,Raw FPLS,ok,ok,True,36,145,calibrate:146,calibrate,146,191.0,191.19497864311057,0.19497864311057356,156
development_source_contiguous_cv,primary_instrument1_full,primary,1,1,5,development_combined,Raw FPLS,ok,ok,True,36,146,calibrate:147,calibrate,147,198.60000610351562,183.53154103204145,-15.06846507147418,156
development_source_contiguous_cv,primary_instrument1_full,primary,1,1,5,development_combined,Raw FPLS,ok,ok,True,36,147,calibrate:148,calibrate,148,197.8000030517578,189.49806856675872,-8.301934484999094,156
development_source_contiguous_cv,primary_instrument1_full,primary,1,1,5,development_combined,Raw FPLS,ok,ok,True,36,148,calibrate:149,calibrate,149,194.10000610351562,188.0515791865504,-6.048426916965212,156
development_source_contiguous_cv,primary_instrument1_full,primary,1,1,5,development_combined,Raw FPLS,ok,ok,True,36,149,calibrate:150,calibrate,150,181.3000030517578,191.4543363571079,10.154333305350093,156
development_source_contiguous_cv,primary_instrument1_full,primary,1,1,5,development_combined,Raw FPLS,ok,ok,True,36,150,calibrate:151,calibrate,151,200.0,195.04572348024138,-4.954276519758622,156
development_source_contiguous_cv,primary_instrument1_full,primary,1,1,5,development_combined,Raw FPLS,ok,ok,True,36,151,calibrate:152,calibrate,152,201.39999389648438,194.7164403404201,-6.6835535560642825,156
development_source_contiguous_cv,primary_instrument1_full,primary,1,1,5,development_combined,Raw FPLS,ok,ok,True,36,152,calibrate:153,calibrate,153,199.6999969482422,196.04287131883203,-3.65712562941016,156
development_source_contiguous_cv,primary_instrument1_full,primary,1,1,5,development_combined,Raw FPLS,ok,ok,True,36,153,calibrate:154,calibrate,154,201.5,191.87129354714472,-9.628706452855283,156
development_source_contiguous_cv,primary_instrument1_full,primary,1,1,5,development_combined,Raw FPLS,ok,ok,True,36,154,calibrate:155,calibrate,155,195.3000030517578,191.82476047864301,-3.475242573114798,156
development_source_contiguous_cv,primary_instrument1_full,primary,1,1,5,development_combined,Raw FPLS,ok,ok,True,36,187,validate:033,validate,33,194.1999969482422,201.1223676291328,6.922370680890623,156
development_source_contiguous_cv,primary_instrument1_full,primary,1,1,5,development_combined,Raw FPLS,ok,ok,True,36,188,validate:034,validate,34,193.39999389648438,196.40085085129698,3.0008569548126047,156
development_source_contiguous_cv,primary_instrument1_full,primary,1,1,5,development_combined,Raw FPLS,ok,ok,True,36,189,validate:035,validate,35,196.6999969482422,200.66121819101258,3.9612212427703923,156
development_source_contiguous_cv,primary_instrument1_full,primary,1,1,5,development_combined,Raw FPLS,ok,ok,True,36,190,validate:036,validate,36,194.6999969482422,199.83126898862736,5.13127204038517,156
development_source_contiguous_cv,primary_instrument1_full,primary,1,1,5,development_combined,Raw FPLS,ok,ok,True,36,191,validate:037,validate,37,197.0,198.09202323504744,1.092023235047435,156
development_source_contiguous_cv,primary_instrument1_full,primary,1,1,5,development_combined,Raw FPLS,ok,ok,True,36,192,validate:038,validate,38,197.39999389648438,196.85203939147783,-0.547954505006544,156
development_source_contiguous_cv,primary_instrument1_full,primary,1,1,5,development_combined,Raw FPLS,ok,ok,True,36,193,validate:039,validate,39,196.60000610351562,198.71466136006893,2.1146552565533057,156
development_source_contiguous_cv,primary_instrument1_full,primary,1,1,5,development_combined,Raw FPLS,ok,ok,True,36,194,validate:040,validate,40,197.5,197.36013444692392,-0.13986555307607773,156
development_source_contiguous_cv,primary_instrument1_full,primary,1,1,5,development_combined,Arnoldi FPLS,ok,ok,True,8,124,calibrate:125,calibrate,125,154.8000030517578,156.90555455952864,2.1055515077708264,156
development_source_contiguous_cv,primary_instrument1_full,primary,1,1,5,development_combined,Arnoldi FPLS,ok,ok,True,8,125,calibrate:126,calibrate,126,181.0,155.4195322377561,-25.5804677622439,156
development_source_contiguous_cv,primary_instrument1_full,primary,1,1,5,development_combined,Arnoldi FPLS,ok,ok,True,8,126,calibrate:127,calibrate,127,204.5,185.25912292454743,-19.240877075452573,156
development_source_contiguous_cv,primary_instrument1_full,primary,1,1,5,development_combined,Arnoldi FPLS,ok,ok,True,8,127,calibrate:128,calibrate,128,239.10000610351562,244.90324827481012,5.8032421712944995,156
development_source_contiguous_cv,primary_instrument1_full,primary,1,1,5,development_combined,Arnoldi FPLS,ok,ok,True,8,128,calibrate:129,calibrate,129,231.10000610351562,227.87450896777972,-3.225497135735907,156
development_source_contiguous_cv,primary_instrument1_full,primary,1,1,5,development_combined,Arnoldi FPLS,ok,ok,True,8,129,calibrate:130,calibrate,130,154.60000610351562,156.65624527722005,2.0562391737044265,156
development_source_contiguous_cv,primary_instrument1_full,primary,1,1,5,development_combined,Arnoldi FPLS,ok,ok,True,8,130,calibrate:131,calibrate,131,184.5,190.212526024113,5.712526024113004,156
development_source_contiguous_cv,primary_instrument1_full,primary,1,1,5,development_combined,Arnoldi FPLS,ok,ok,True,8,131,calibrate:132,calibrate,132,206.3000030517578,201.81313057686708,-4.486872474890731,156
development_source_contiguous_cv,primary_instrument1_full,primary,1,1,5,development_combined,Arnoldi FPLS,ok,ok,True,8,132,calibrate:133,calibrate,133,186.6999969482422,188.40936258396604,1.7093656357238558,156
development_source_contiguous_cv,primary_instrument1_full,primary,1,1,5,development_combined,Arnoldi FPLS,ok,ok,True,8,133,calibrate:134,calibrate,134,192.8000030517578,197.01327916232643,4.213276110568614,156
development_source_contiguous_cv,primary_instrument1_full,primary,1,1,5,development_combined,Arnoldi FPLS,ok,ok,True,8,134,calibrate:135,calibrate,135,188.6999969482422,191.73291559619116,3.032918647948975,156
development_source_contiguous_cv,primary_instrument1_full,primary,1,1,5,development_combined,Arnoldi FPLS,ok,ok,True,8,135,calibrate:136,calibrate,136,193.10000610351562,180.9220226448377,-12.177983458677915,156
development_source_contiguous_cv,primary_instrument1_full,primary,1,1,5,development_combined,Arnoldi FPLS,ok,ok,True,8,136,calibrate:137,calibrate,137,192.60000610351562,177.72834695622404,-14.871659147291581,156
development_source_contiguous_cv,primary_instrument1_full,primary,1,1,5,development_combined,Arnoldi FPLS,ok,ok,True,8,137,calibrate:138,calibrate,138,195.89999389648438,202.690806025505,6.7908121290206225,156
development_source_contiguous_cv,primary_instrument1_full,primary,1,1,5,development_combined,Arnoldi FPLS,ok,ok,True,8,138,calibrate:139,calibrate,139,191.1999969482422,197.46054416060196,6.260547212359768,156
development_source_contiguous_cv,primary_instrument1_full,primary,1,1,5,development_combined,Arnoldi FPLS,ok,ok,True,8,139,calibrate:140,calibrate,140,193.3000030517578,198.26532414937827,4.9653210976204605,156
development_source_contiguous_cv,primary_instrument1_full,primary,1,1,5,development_combined,Arnoldi FPLS,ok,ok,True,8,140,calibrate:141,calibrate,141,197.1999969482422,190.39571688700232,-6.804280061239865,156
development_source_contiguous_cv,primary_instrument1_full,primary,1,1,5,development_combined,Arnoldi FPLS,ok,ok,True,8,141,calibrate:142,calibrate,142,196.3000030517578,194.36661913933477,-1.9333839124230394,156
development_source_contiguous_cv,primary_instrument1_full,primary,1,1,5,development_combined,Arnoldi FPLS,ok,ok,True,8,142,calibrate:143,calibrate,143,196.60000610351562,192.31238480695396,-4.287621296561667,156
development_source_contiguous_cv,primary_instrument1_full,primary,1,1,5,development_combined,Arnoldi FPLS,ok,ok,True,8,143,calibrate:144,calibrate,144,194.60000610351562,188.09833357904046,-6.501672524475168,156
development_source_contiguous_cv,primary_instrument1_full,primary,1,1,5,development_combined,Arnoldi FPLS,ok,ok,True,8,144,calibrate:145,calibrate,145,191.1999969482422,187.75216247378017,-3.447834474462013,156
development_source_contiguous_cv,primary_instrument1_full,primary,1,1,5,development_combined,Arnoldi FPLS,ok,ok,True,8,145,calibrate:146,calibrate,146,191.0,194.2860990999846,3.2860990999845967,156
development_source_contiguous_cv,primary_instrument1_full,primary,1,1,5,development_combined,Arnoldi FPLS,ok,ok,True,8,146,calibrate:147,calibrate,147,198.60000610351562,182.39056276868124,-16.20944333483439,156
development_source_contiguous_cv,primary_instrument1_full,primary,1,1,5,development_combined,Arnoldi FPLS,ok,ok,True,8,147,calibrate:148,calibrate,148,197.8000030517578,193.0078861429845,-4.792116908773323,156
development_source_contiguous_cv,primary_instrument1_full,primary,1,1,5,development_combined,Arnoldi FPLS,ok,ok,True,8,148,calibrate:149,calibrate,149,194.10000610351562,186.48721070191482,-7.612795401600806,156
development_source_contiguous_cv,primary_instrument1_full,primary,1,1,5,development_combined,Arnoldi FPLS,ok,ok,True,8,149,calibrate:150,calibrate,150,181.3000030517578,189.82479576686998,8.52479271511217,156
development_source_contiguous_cv,primary_instrument1_full,primary,1,1,5,development_combined,Arnoldi FPLS,ok,ok,True,8,150,calibrate:151,calibrate,151,200.0,194.600055864981,-5.3999441350190125,156
development_source_contiguous_cv,primary_instrument1_full,primary,1,1,5,development_combined,Arnoldi FPLS,ok,ok,True,8,151,calibrate:152,calibrate,152,201.39999389648438,192.8538639014058,-8.546129995078587,156
development_source_contiguous_cv,primary_instrument1_full,primary,1,1,5,development_combined,Arnoldi FPLS,ok,ok,True,8,152,calibrate:153,calibrate,153,199.6999969482422,198.63227338545474,-1.0677235627874495,156
development_source_contiguous_cv,primary_instrument1_full,primary,1,1,5,development_combined,Arnoldi FPLS,ok,ok,True,8,153,calibrate:154,calibrate,154,201.5,193.98058370241878,-7.519416297581216,156
development_source_contiguous_cv,primary_instrument1_full,primary,1,1,5,development_combined,Arnoldi FPLS,ok,ok,True,8,154,calibrate:155,calibrate,155,195.3000030517578,195.43432241800733,0.1343193662495139,156
development_source_contiguous_cv,primary_instrument1_full,primary,1,1,5,development_combined,Arnoldi FPLS,ok,ok,True,8,187,validate:033,validate,33,194.1999969482422,197.4252717946973,3.2252748464551075,156
development_source_contiguous_cv,primary_instrument1_full,primary,1,1,5,development_combined,Arnoldi FPLS,ok,ok,True,8,188,validate:034,validate,34,193.39999389648438,198.2099752285382,4.809981332053837,156
development_source_contiguous_cv,primary_instrument1_full,primary,1,1,5,development_combined,Arnoldi FPLS,ok,ok,True,8,189,validate:035,validate,35,196.6999969482422,197.0056333780537,0.30563642981149997,156
development_source_contiguous_cv,primary_instrument1_full,primary,1,1,5,development_combined,Arnoldi FPLS,ok,ok,True,8,190,validate:036,validate,36,194.6999969482422,198.4446496816463,3.7446527334041093,156
development_source_contiguous_cv,primary_instrument1_full,primary,1,1,5,development_combined,Arnoldi FPLS,ok,ok,True,8,191,validate:037,validate,37,197.0,198.2426535786391,1.242653578639107,156
development_source_contiguous_cv,primary_instrument1_full,primary,1,1,5,development_combined,Arnoldi FPLS,ok,ok,True,8,192,validate:038,validate,38,197.39999389648438,196.04406046641924,-1.3559334300651358,156
development_source_contiguous_cv,primary_instrument1_full,primary,1,1,5,development_combined,Arnoldi FPLS,ok,ok,True,8,193,validate:039,validate,39,196.60000610351562,197.83245759824,1.232451494724387,156
development_source_contiguous_cv,primary_instrument1_full,primary,1,1,5,development_combined,Arnoldi FPLS,ok,ok,True,8,194,validate:040,validate,40,197.5,197.7757680686865,0.27576806868648873,156
development_source_contiguous_cv,primary_instrument1_full,primary,1,1,5,development_combined,FPCR,ok,ok,True,46,124,calibrate:125,calibrate,125,154.8000030517578,151.65385241535887,-3.146150636398943,156
development_source_contiguous_cv,primary_instrument1_full,primary,1,1,5,development_combined,FPCR,ok,ok,True,46,125,calibrate:126,calibrate,126,181.0,152.30069523156476,-28.69930476843524,156
development_source_contiguous_cv,primary_instrument1_full,primary,1,1,5,development_combined,FPCR,ok,ok,True,46,126,calibrate:127,calibrate,127,204.5,184.52560045971106,-19.974399540288942,156
development_source_contiguous_cv,primary_instrument1_full,primary,1,1,5,development_combined,FPCR,ok,ok,True,46,127,calibrate:128,calibrate,128,239.10000610351562,246.16350505241553,7.063498948899905,156
development_source_contiguous_cv,primary_instrument1_full,primary,1,1,5,development_combined,FPCR,ok,ok,True,46,128,calibrate:129,calibrate,129,231.10000610351562,224.00438978639207,-7.095616317123557,156
development_source_contiguous_cv,primary_instrument1_full,primary,1,1,5,development_combined,FPCR,ok,ok,True,46,129,calibrate:130,calibrate,130,154.60000610351562,156.40193461655124,1.8019285130356195,156
development_source_contiguous_cv,primary_instrument1_full,primary,1,1,5,development_combined,FPCR,ok,ok,True,46,130,calibrate:131,calibrate,131,184.5,188.19031328672347,3.690313286723466,156
development_source_contiguous_cv,primary_instrument1_full,primary,1,1,5,development_combined,FPCR,ok,ok,True,46,131,calibrate:132,calibrate,132,206.3000030517578,203.01586665807116,-3.2841363936866514,156
development_source_contiguous_cv,primary_instrument1_full,primary,1,1,5,development_combined,FPCR,ok,ok,True,46,132,calibrate:133,calibrate,133,186.6999969482422,191.14060440180754,4.440607453565349,156
development_source_contiguous_cv,primary_instrument1_full,primary,1,1,5,development_combined,FPCR,ok,ok,True,46,133,calibrate:134,calibrate,134,192.8000030517578,195.90789288891662,3.107889837158808,156
development_source_contiguous_cv,primary_instrument1_full,primary,1,1,5,development_combined,FPCR,ok,ok,True,46,134,calibrate:135,calibrate,135,188.6999969482422,191.79076703753674,3.0907700892945513,156
development_source_contiguous_cv,primary_instrument1_full,primary,1,1,5,development_combined,FPCR,ok,ok,True,46,135,calibrate:136,calibrate,136,193.10000610351562,182.63433594272146,-10.465670160794161,156
development_source_contiguous_cv,primary_instrument1_full,primary,1,1,5,development_combined,FPCR,ok,ok,True,46,136,calibrate:137,calibrate,137,192.60000610351562,176.714494186848,-15.885511916667639,156
development_source_contiguous_cv,primary_instrument1_full,primary,1,1,5,development_combined,FPCR,ok,ok,True,46,137,calibrate:138,calibrate,138,195.89999389648438,203.82628413731138,7.926290240827001,156
development_source_contiguous_cv,primary_instrument1_full,primary,1,1,5,development_combined,FPCR,ok,ok,True,46,138,calibrate:139,calibrate,139,191.1999969482422,197.15225819714,5.952261248897798,156
development_source_contiguous_cv,primary_instrument1_full,primary,1,1,5,development_combined,FPCR,ok,ok,True,46,139,calibrate:140,calibrate,140,193.3000030517578,199.33235367567823,6.032350623920422,156
development_source_contiguous_cv,primary_instrument1_full,primary,1,1,5,development_combined,FPCR,ok,ok,True,46,140,calibrate:141,calibrate,141,197.1999969482422,191.22638723178494,-5.973609716457247,156
development_source_contiguous_cv,primary_instrument1_full,primary,1,1,5,development_combined,FPCR,ok,ok,True,46,141,calibrate:142,calibrate,142,196.3000030517578,198.10645479014573,1.8064517383879206,156
development_source_contiguous_cv,primary_instrument1_full,primary,1,1,5,development_combined,FPCR,ok,ok,True,46,142,calibrate:143,calibrate,143,196.60000610351562,195.57793055288235,-1.022075550633275,156
development_source_contiguous_cv,primary_instrument1_full,primary,1,1,5,development_combined,FPCR,ok,ok,True,46,143,calibrate:144,calibrate,144,194.60000610351562,190.17249861819144,-4.427507485324185,156
development_source_contiguous_cv,primary_instrument1_full,primary,1,1,5,development_combined,FPCR,ok,ok,True,46,144,calibrate:145,calibrate,145,191.1999969482422,191.68375016971018,0.4837532214679925,156
development_source_contiguous_cv,primary_instrument1_full,primary,1,1,5,development_combined,FPCR,ok,ok,True,46,145,calibrate:146,calibrate,146,191.0,199.67327201248676,8.673272012486763,156
development_source_contiguous_cv,primary_instrument1_full,primary,1,1,5,development_combined,FPCR,ok,ok,True,46,146,calibrate:147,calibrate,147,198.60000610351562,182.78600019824765,-15.814005905267976,156
development_source_contiguous_cv,primary_instrument1_full,primary,1,1,5,development_combined,FPCR,ok,ok,True,46,147,calibrate:148,calibrate,148,197.8000030517578,197.70084470088776,-0.09915835087005576,156
development_source_contiguous_cv,primary_instrument1_full,primary,1,1,5,development_combined,FPCR,ok,ok,True,46,148,calibrate:149,calibrate,149,194.10000610351562,182.79500676024264,-11.304999343272982,156
development_source_contiguous_cv,primary_instrument1_full,primary,1,1,5,development_combined,FPCR,ok,ok,True,46,149,calibrate:150,calibrate,150,181.3000030517578,189.98502823412443,8.685025182366616,156
development_source_contiguous_cv,primary_instrument1_full,primary,1,1,5,development_combined,FPCR,ok,ok,True,46,150,calibrate:151,calibrate,151,200.0,195.3036397028088,-4.696360297191205,156
development_source_contiguous_cv,primary_instrument1_full,primary,1,1,5,development_combined,FPCR,ok,ok,True,46,151,calibrate:152,calibrate,152,201.39999389648438,195.32254831790442,-6.077445578579955,156
development_source_contiguous_cv,primary_instrument1_full,primary,1,1,5,development_combined,FPCR,ok,ok,True,46,152,calibrate:153,calibrate,153,199.6999969482422,201.06340464708384,1.3634076988416552,156
development_source_contiguous_cv,primary_instrument1_full,primary,1,1,5,development_combined,FPCR,ok,ok,True,46,153,calibrate:154,calibrate,154,201.5,196.85016848158708,-4.649831518412924,156
development_source_contiguous_cv,primary_instrument1_full,primary,1,1,5,development_combined,FPCR,ok,ok,True,46,154,calibrate:155,calibrate,155,195.3000030517578,197.05488477400687,1.7548817222490527,156
development_source_contiguous_cv,primary_instrument1_full,primary,1,1,5,development_combined,FPCR,ok,ok,True,46,187,validate:033,validate,33,194.1999969482422,195.39370889175487,1.1937119435126817,156
development_source_contiguous_cv,primary_instrument1_full,primary,1,1,5,development_combined,FPCR,ok,ok,True,46,188,validate:034,validate,34,193.39999389648438,195.70701047194217,2.3070165754577943,156
development_source_contiguous_cv,primary_instrument1_full,primary,1,1,5,development_combined,FPCR,ok,ok,True,46,189,validate:035,validate,35,196.6999969482422,195.35286653149151,-1.347130416750673,156
development_source_contiguous_cv,primary_instrument1_full,primary,1,1,5,development_combined,FPCR,ok,ok,True,46,190,validate:036,validate,36,194.6999969482422,199.01094579175123,4.310948843509038,156
development_source_contiguous_cv,primary_instrument1_full,primary,1,1,5,development_combined,FPCR,ok,ok,True,46,191,validate:037,validate,37,197.0,198.93564934624237,1.9356493462423714,156
development_source_contiguous_cv,primary_instrument1_full,primary,1,1,5,development_combined,FPCR,ok,ok,True,46,192,validate:038,validate,38,197.39999389648438,196.7056928320769,-0.6943010644074832,156
development_source_contiguous_cv,primary_instrument1_full,primary,1,1,5,development_combined,FPCR,ok,ok,True,46,193,validate:039,validate,39,196.60000610351562,199.96513091750674,3.365124813991116,156
development_source_contiguous_cv,primary_instrument1_full,primary,1,1,5,development_combined,FPCR,ok,ok,True,46,194,validate:040,validate,40,197.5,200.19934499216143,2.6993449921614285,156
original_split_sensitivity,primary_instrument1_full,primary,1,1,1,validation_split_local,CG-FPLS-code,ok,ok,True,3,0,validate:001,validate,1,189.0,197.63636526853813,8.636365268538128,155
original_split_sensitivity,primary_instrument1_full,primary,1,1,1,validation_split_local,CG-FPLS-code,ok,ok,True,3,1,validate:002,validate,2,188.1999969482422,200.78315397765886,12.583157029416668,155
original_split_sensitivity,primary_instrument1_full,primary,1,1,1,validation_split_local,CG-FPLS-code,ok,ok,True,3,2,validate:003,validate,3,191.89999389648438,191.927805281277,0.02781138479261358,155
original_split_sensitivity,primary_instrument1_full,primary,1,1,1,validation_split_local,CG-FPLS-code,ok,ok,True,3,3,validate:004,validate,4,189.39999389648438,199.88221137252683,10.48221747604245,155
original_split_sensitivity,primary_instrument1_full,primary,1,1,1,validation_split_local,CG-FPLS-code,ok,ok,True,3,4,validate:005,validate,5,195.1999969482422,201.21698016407117,6.016983215828986,155
original_split_sensitivity,primary_instrument1_full,primary,1,1,1,validation_split_local,CG-FPLS-code,ok,ok,True,3,5,validate:006,validate,6,194.5,199.00579590545783,4.5057959054578305,155
original_split_sensitivity,primary_instrument1_full,primary,1,1,1,validation_split_local,CG-FPLS-code,ok,ok,True,3,6,validate:007,validate,7,195.89999389648438,197.12613239682975,1.226138500345371,155
original_split_sensitivity,primary_instrument1_full,primary,1,1,1,validation_split_local,CG-FPLS-code,ok,ok,True,3,7,validate:008,validate,8,194.89999389648438,198.5655264682208,3.665532571736435,155
original_split_sensitivity,primary_instrument1_full,primary,1,1,1,validation_split_local,CG-FPLS-code,ok,ok,True,3,8,validate:009,validate,9,195.8000030517578,191.60324223815178,-4.1967608136060335,155
original_split_sensitivity,primary_instrument1_full,primary,1,1,1,validation_split_local,CG-FPLS-code,ok,ok,True,3,9,validate:010,validate,10,193.8000030517578,202.66209900100893,8.862095949251113,155
original_split_sensitivity,primary_instrument1_full,primary,1,1,1,validation_split_local,CG-FPLS-code,ok,ok,True,3,10,validate:011,validate,11,195.10000610351562,190.14414474420389,-4.95586135931174,155
original_split_sensitivity,primary_instrument1_full,primary,1,1,1,validation_split_local,CG-FPLS-code,ok,ok,True,3,11,validate:012,validate,12,193.8000030517578,188.93276605983888,-4.867236991918929,155
original_split_sensitivity,primary_instrument1_full,primary,1,1,1,validation_split_local,CG-FPLS-code,ok,ok,True,3,12,validate:013,validate,13,194.5,205.49066418593893,10.990664185938925,155
original_split_sensitivity,primary_instrument1_full,primary,1,1,1,validation_split_local,CG-FPLS-code,ok,ok,True,3,13,validate:014,validate,14,197.5,200.38128147177108,2.881281471771075,155
original_split_sensitivity,primary_instrument1_full,primary,1,1,1,validation_split_local,CG-FPLS-code,ok,ok,True,3,14,validate:015,validate,15,195.10000610351562,201.75647828248364,6.656472178968016,155
original_split_sensitivity,primary_instrument1_full,primary,1,1,1,validation_split_local,CG-FPLS-code,ok,ok,True,3,15,validate:016,validate,16,193.60000610351562,200.96933815247593,7.3693320489603025,155
original_split_sensitivity,primary_instrument1_full,primary,1,1,1,validation_split_local,CG-FPLS-code,ok,ok,True,3,16,validate:017,validate,17,194.6999969482422,200.58433013502878,5.884333186786591,155
original_split_sensitivity,primary_instrument1_full,primary,1,1,1,validation_split_local,CG-FPLS-code,ok,ok,True,3,17,validate:018,validate,18,195.39999389648438,196.47364297402382,1.073649077539443,155
original_split_sensitivity,primary_instrument1_full,primary,1,1,1,validation_split_local,CG-FPLS-code,ok,ok,True,3,18,validate:019,validate,19,191.8000030517578,202.7229104314655,10.92290737970768,155
original_split_sensitivity,primary_instrument1_full,primary,1,1,1,validation_split_local,CG-FPLS-code,ok,ok,True,3,19,validate:020,validate,20,196.3000030517578,198.09546267307974,1.7954596213219247,155
original_split_sensitivity,primary_instrument1_full,primary,1,1,1,validation_split_local,CG-FPLS-code,ok,ok,True,3,20,validate:021,validate,21,195.10000610351562,195.76020634842112,0.6602002449054964,155
original_split_sensitivity,primary_instrument1_full,primary,1,1,1,validation_split_local,CG-FPLS-code,ok,ok,True,3,21,validate:022,validate,22,194.0,193.42204445366707,-0.5779555463329302,155
original_split_sensitivity,primary_instrument1_full,primary,1,1,1,validation_split_local,CG-FPLS-code,ok,ok,True,3,22,validate:023,validate,23,194.5,199.343175474058,4.843175474058,155
original_split_sensitivity,primary_instrument1_full,primary,1,1,1,validation_split_local,CG-FPLS-code,ok,ok,True,3,23,validate:024,validate,24,193.60000610351562,203.21368391730118,9.613677813785557,155
original_split_sensitivity,primary_instrument1_full,primary,1,1,1,validation_split_local,CG-FPLS-code,ok,ok,True,3,24,validate:025,validate,25,195.5,190.3122884867991,-5.187711513200895,155
original_split_sensitivity,primary_instrument1_full,primary,1,1,1,validation_split_local,CG-FPLS-code,ok,ok,True,3,25,validate:026,validate,26,193.39999389648438,202.79090368756553,9.390909791081157,155
original_split_sensitivity,primary_instrument1_full,primary,1,1,1,validation_split_local,CG-FPLS-code,ok,ok,True,3,26,validate:027,validate,27,198.89999389648438,200.73136313448208,1.8313692379977056,155
original_split_sensitivity,primary_instrument1_full,primary,1,1,1,validation_split_local,CG-FPLS-code,ok,ok,True,3,27,validate:028,validate,28,195.0,196.1746926173725,1.1746926173725,155
original_split_sensitivity,primary_instrument1_full,primary,1,1,1,validation_split_local,CG-FPLS-code,ok,ok,True,3,28,validate:029,validate,29,199.5,192.84513241387623,-6.654867586123771,155
original_split_sensitivity,primary_instrument1_full,primary,1,1,1,validation_split_local,CG-FPLS-code,ok,ok,True,3,29,validate:030,validate,30,196.8000030517578,196.46428598991315,-0.33571706184466166,155
original_split_sensitivity,primary_instrument1_full,primary,1,1,1,validation_split_local,CG-FPLS-code,ok,ok,True,3,30,validate:031,validate,31,194.10000610351562,193.1132436597354,-0.9867624437802363,155
original_split_sensitivity,primary_instrument1_full,primary,1,1,1,validation_split_local,CG-FPLS-code,ok,ok,True,3,31,validate:032,validate,32,197.5,188.47923512780113,-9.020764872198868,155
original_split_sensitivity,primary_instrument1_full,primary,1,1,1,validation_split_local,CG-FPLS-code,ok,ok,True,3,32,validate:033,validate,33,194.1999969482422,195.08758560788192,0.8875886596397322,155
original_split_sensitivity,primary_instrument1_full,primary,1,1,1,validation_split_local,CG-FPLS-code,ok,ok,True,3,33,validate:034,validate,34,193.39999389648438,195.30438233225385,1.9043884357694765,155
original_split_sensitivity,primary_instrument1_full,primary,1,1,1,validation_split_local,CG-FPLS-code,ok,ok,True,3,34,validate:035,validate,35,196.6999969482422,195.12653319327222,-1.5734637549699642,155
original_split_sensitivity,primary_instrument1_full,primary,1,1,1,validation_split_local,CG-FPLS-code,ok,ok,True,3,35,validate:036,validate,36,194.6999969482422,199.39382933050632,4.693832382264134,155
original_split_sensitivity,primary_instrument1_full,primary,1,1,1,validation_split_local,CG-FPLS-code,ok,ok,True,3,36,validate:037,validate,37,197.0,193.12303392523617,-3.8769660747638284,155
original_split_sensitivity,primary_instrument1_full,primary,1,1,1,validation_split_local,CG-FPLS-code,ok,ok,True,3,37,validate:038,validate,38,197.39999389648438,194.68171422443004,-2.7182796720543365,155
original_split_sensitivity,primary_instrument1_full,primary,1,1,1,validation_split_local,CG-FPLS-code,ok,ok,True,3,38,validate:039,validate,39,196.60000610351562,196.23936494301412,-0.3606411605015012,155
original_split_sensitivity,primary_instrument1_full,primary,1,1,1,validation_split_local,CG-FPLS-code,ok,ok,True,3,39,validate:040,validate,40,197.5,188.57834753283768,-8.921652467162318,155
original_split_sensitivity,primary_instrument1_full,primary,1,1,1,validation_split_local,Raw FPLS,ok,ok,True,8,0,validate:001,validate,1,189.0,191.60495916960133,2.6049591696013294,155
original_split_sensitivity,primary_instrument1_full,primary,1,1,1,validation_split_local,Raw FPLS,ok,ok,True,8,1,validate:002,validate,2,188.1999969482422,192.01545450946458,3.815457561222388,155
original_split_sensitivity,primary_instrument1_full,primary,1,1,1,validation_split_local,Raw FPLS,ok,ok,True,8,2,validate:003,validate,3,191.89999389648438,199.24087486954045,7.340880973056073,155
original_split_sensitivity,primary_instrument1_full,primary,1,1,1,validation_split_local,Raw FPLS,ok,ok,True,8,3,validate:004,validate,4,189.39999389648438,192.971971618942,3.571977722457632,155
original_split_sensitivity,primary_instrument1_full,primary,1,1,1,validation_split_local,Raw FPLS,ok,ok,True,8,4,validate:005,validate,5,195.1999969482422,195.0141454155503,-0.1858515326918848,155
original_split_sensitivity,primary_instrument1_full,primary,1,1,1,validation_split_local,Raw FPLS,ok,ok,True,8,5,validate:006,validate,6,194.5,190.87235958521597,-3.6276404147840253,155
original_split_sensitivity,primary_instrument1_full,primary,1,1,1,validation_split_local,Raw FPLS,ok,ok,True,8,6,validate:007,validate,7,195.89999389648438,193.39208360145065,-2.5079102950337244,155
original_split_sensitivity,primary_instrument1_full,primary,1,1,1,validation_split_local,Raw FPLS,ok,ok,True,8,7,validate:008,validate,8,194.89999389648438,192.396441828569,-2.503552067915365,155
original_split_sensitivity,primary_instrument1_full,primary,1,1,1,validation_split_local,Raw FPLS,ok,ok,True,8,8,validate:009,validate,9,195.8000030517578,194.00312286620985,-1.7968801855479626,155
original_split_sensitivity,primary_instrument1_full,primary,1,1,1,validation_split_local,Raw FPLS,ok,ok,True,8,9,validate:010,validate,10,193.8000030517578,189.56125251736927,-4.238750534388544,155
original_split_sensitivity,primary_instrument1_full,primary,1,1,1,validation_split_local,Raw FPLS,ok,ok,True,8,10,validate:011,validate,11,195.10000610351562,193.9855231544071,-1.1144829491085204,155
original_split_sensitivity,primary_instrument1_full,primary,1,1,1,validation_split_local,Raw FPLS,ok,ok,True,8,11,validate:012,validate,12,193.8000030517578,190.5106534971507,-3.2893495546070994,155
original_split_sensitivity,primary_instrument1_full,primary,1,1,1,validation_split_local,Raw FPLS,ok,ok,True,8,12,validate:013,validate,13,194.5,194.5218411597241,0.021841159724090176,155
original_split_sensitivity,primary_instrument1_full,primary,1,1,1,validation_split_local,Raw FPLS,ok,ok,True,8,13,validate:014,validate,14,197.5,192.42407569429787,-5.075924305702131,155
original_split_sensitivity,primary_instrument1_full,primary,1,1,1,validation_split_local,Raw FPLS,ok,ok,True,8,14,validate:015,validate,15,195.10000610351562,190.0746565115347,-5.025349591980927,155
original_split_sensitivity,primary_instrument1_full,primary,1,1,1,validation_split_local,Raw FPLS,ok,ok,True,8,15,validate:016,validate,16,193.60000610351562,192.0367274252945,-1.5632786782211383,155
original_split_sensitivity,primary_instrument1_full,primary,1,1,1,validation_split_local,Raw FPLS,ok,ok,True,8,16,validate:017,validate,17,194.6999969482422,193.08997442235398,-1.610022525888212,155
original_split_sensitivity,primary_instrument1_full,primary,1,1,1,validation_split_local,Raw FPLS,ok,ok,True,8,17,validate:018,validate,18,195.39999389648438,192.18332585711346,-3.2166680393709157,155
original_split_sensitivity,primary_instrument1_full,primary,1,1,1,validation_split_local,Raw FPLS,ok,ok,True,8,18,validate:019,validate,19,191.8000030517578,190.75037538437743,-1.0496276673803777,155
original_split_sensitivity,primary_instrument1_full,primary,1,1,1,validation_split_local,Raw FPLS,ok,ok,True,8,19,validate:020,validate,20,196.3000030517578,191.39126341020298,-4.908739641554831,155
original_split_sensitivity,primary_instrument1_full,primary,1,1,1,validation_split_local,Raw FPLS,ok,ok,True,8,20,validate:021,validate,21,195.10000610351562,201.03479310429614,5.934787000780517,155
original_split_sensitivity,primary_instrument1_full,primary,1,1,1,validation_split_local,Raw FPLS,ok,ok,True,8,21,validate:022,validate,22,194.0,200.74703003759652,6.747030037596517,155
original_split_sensitivity,primary_instrument1_full,primary,1,1,1,validation_split_local,Raw FPLS,ok,ok,True,8,22,validate:023,validate,23,194.5,200.75912893487978,6.259128934879783,155
original_split_sensitivity,primary_instrument1_full,primary,1,1,1,validation_split_local,Raw FPLS,ok,ok,True,8,23,validate:024,validate,24,193.60000610351562,198.11580268870875,4.515796585193129,155
original_split_sensitivity,primary_instrument1_full,primary,1,1,1,validation_split_local,Raw FPLS,ok,ok,True,8,24,validate:025,validate,25,195.5,201.67671682580135,6.17671682580135,155
original_split_sensitivity,primary_instrument1_full,primary,1,1,1,validation_split_local,Raw FPLS,ok,ok,True,8,25,validate:026,validate,26,193.39999389648438,199.55460462949543,6.154610733011054,155
original_split_sensitivity,primary_instrument1_full,primary,1,1,1,validation_split_local,Raw FPLS,ok,ok,True,8,26,validate:027,validate,27,198.89999389648438,198.48572944180054,-0.4142644546838312,155
original_split_sensitivity,primary_instrument1_full,primary,1,1,1,validation_split_local,Raw FPLS,ok,ok,True,8,27,validate:028,validate,28,195.0,200.70069578176142,5.700695781761425,155
original_split_sensitivity,primary_instrument1_full,primary,1,1,1,validation_split_local,Raw FPLS,ok,ok,True,8,28,validate:029,validate,29,199.5,200.00344990282466,0.5034499028246557,155
original_split_sensitivity,primary_instrument1_full,primary,1,1,1,validation_split_local,Raw FPLS,ok,ok,True,8,29,validate:030,validate,30,196.8000030517578,201.4180447798187,4.618041728060888,155
original_split_sensitivity,primary_instrument1_full,primary,1,1,1,validation_split_local,Raw FPLS,ok,ok,True,8,30,validate:031,validate,31,194.10000610351562,198.97175304476852,4.871746941252894,155
original_split_sensitivity,primary_instrument1_full,primary,1,1,1,validation_split_local,Raw FPLS,ok,ok,True,8,31,validate:032,validate,32,197.5,197.9133463811185,0.41334638111848676,155
original_split_sensitivity,primary_instrument1_full,primary,1,1,1,validation_split_local,Raw FPLS,ok,ok,True,8,32,validate:033,validate,33,194.1999969482422,200.7323670967855,6.532370148543322,155
original_split_sensitivity,primary_instrument1_full,primary,1,1,1,validation_split_local,Raw FPLS,ok,ok,True,8,33,validate:034,validate,34,193.39999389648438,199.2667131628495,5.8667192663651235,155
original_split_sensitivity,primary_instrument1_full,primary,1,1,1,validation_split_local,Raw FPLS,ok,ok,True,8,34,validate:035,validate,35,196.6999969482422,200.56127346847822,3.861276520236032,155
original_split_sensitivity,primary_instrument1_full,primary,1,1,1,validation_split_local,Raw FPLS,ok,ok,True,8,35,validate:036,validate,36,194.6999969482422,200.63934159969955,5.939344651457361,155
original_split_sensitivity,primary_instrument1_full,primary,1,1,1,validation_split_local,Raw FPLS,ok,ok,True,8,36,validate:037,validate,37,197.0,200.11301713978187,3.113017139781874,155
original_split_sensitivity,primary_instrument1_full,primary,1,1,1,validation_split_local,Raw FPLS,ok,ok,True,8,37,validate:038,validate,38,197.39999389648438,198.74718958267522,1.3471956861908438,155
original_split_sensitivity,primary_instrument1_full,primary,1,1,1,validation_split_local,Raw FPLS,ok,ok,True,8,38,validate:039,validate,39,196.60000610351562,199.29228373463093,2.692277631115303,155
original_split_sensitivity,primary_instrument1_full,primary,1,1,1,validation_split_local,Raw FPLS,ok,ok,True,8,39,validate:040,validate,40,197.5,199.42749600457407,1.927496004574067,155
original_split_sensitivity,primary_instrument1_full,primary,1,1,1,validation_split_local,Arnoldi FPLS,ok,ok,True,5,0,validate:001,validate,1,189.0,191.6107054022038,2.6107054022037914,155
original_split_sensitivity,primary_instrument1_full,primary,1,1,1,validation_split_local,Arnoldi FPLS,ok,ok,True,5,1,validate:002,validate,2,188.1999969482422,191.89456449918669,3.694567550944498,155
original_split_sensitivity,primary_instrument1_full,primary,1,1,1,validation_split_local,Arnoldi FPLS,ok,ok,True,5,2,validate:003,validate,3,191.89999389648438,199.58802615697246,7.688032260488086,155
original_split_sensitivity,primary_instrument1_full,primary,1,1,1,validation_split_local,Arnoldi FPLS,ok,ok,True,5,3,validate:004,validate,4,189.39999389648438,192.95778304153356,3.5577891450491848,155
original_split_sensitivity,primary_instrument1_full,primary,1,1,1,validation_split_local,Arnoldi FPLS,ok,ok,True,5,4,validate:005,validate,5,195.1999969482422,195.0041711811706,-0.1958257670715966,155
original_split_sensitivity,primary_instrument1_full,primary,1,1,1,validation_split_local,Arnoldi FPLS,ok,ok,True,5,5,validate:006,validate,6,194.5,190.87999039596843,-3.6200096040315657,155
original_split_sensitivity,primary_instrument1_full,primary,1,1,1,validation_split_local,Arnoldi FPLS,ok,ok,True,5,6,validate:007,validate,7,195.89999389648438,193.23257404865137,-2.6674198478330027,155
original_split_sensitivity,primary_instrument1_full,primary,1,1,1,validation_split_local,Arnoldi FPLS,ok,ok,True,5,7,validate:008,validate,8,194.89999389648438,192.33215454768438,-2.5678393487999926,155
original_split_sensitivity,primary_instrument1_full,primary,1,1,1,validation_split_local,Arnoldi FPLS,ok,ok,True,5,8,validate:009,validate,9,195.8000030517578,193.96421918778807,-1.8357838639697377,155
original_split_sensitivity,primary_instrument1_full,primary,1,1,1,validation_split_local,Arnoldi FPLS,ok,ok,True,5,9,validate:010,validate,10,193.8000030517578,189.52283691722505,-4.277166134532763,155
original_split_sensitivity,primary_instrument1_full,primary,1,1,1,validation_split_local,Arnoldi FPLS,ok,ok,True,5,10,validate:011,validate,11,195.10000610351562,194.2511378206921,-0.8488682828235312,155
original_split_sensitivity,primary_instrument1_full,primary,1,1,1,validation_split_local,Arnoldi FPLS,ok,ok,True,5,11,validate:012,validate,12,193.8000030517578,190.57737536730383,-3.2226276844539825,155
original_split_sensitivity,primary_instrument1_full,primary,1,1,1,validation_split_local,Arnoldi FPLS,ok,ok,True,5,12,validate:013,validate,13,194.5,194.45000142302447,-0.049998576975525566,155
original_split_sensitivity,primary_instrument1_full,primary,1,1,1,validation_split_local,Arnoldi FPLS,ok,ok,True,5,13,validate:014,validate,14,197.5,192.2715214654903,-5.228478534509691,155
original_split_sensitivity,primary_instrument1_full,primary,1,1,1,validation_split_local,Arnoldi FPLS,ok,ok,True,5,14,validate:015,validate,15,195.10000610351562,189.916099677518,-5.183906425997634,155
original_split_sensitivity,primary_instrument1_full,primary,1,1,1,validation_split_local,Arnoldi FPLS,ok,ok,True,5,15,validate:016,validate,16,193.60000610351562,191.95332136726293,-1.6466847362526948,155
original_split_sensitivity,primary_instrument1_full,primary,1,1,1,validation_split_local,Arnoldi FPLS,ok,ok,True,5,16,validate:017,validate,17,194.6999969482422,193.01099388887323,-1.6890030593689573,155
original_split_sensitivity,primary_instrument1_full,primary,1,1,1,validation_split_local,Arnoldi FPLS,ok,ok,True,5,17,validate:018,validate,18,195.39999389648438,191.93684414919667,-3.4631497472877015,155
original_split_sensitivity,primary_instrument1_full,primary,1,1,1,validation_split_local,Arnoldi FPLS,ok,ok,True,5,18,validate:019,validate,19,191.8000030517578,190.73531146650814,-1.064691585249676,155
original_split_sensitivity,primary_instrument1_full,primary,1,1,1,validation_split_local,Arnoldi FPLS,ok,ok,True,5,19,validate:020,validate,20,196.3000030517578,191.35152130208397,-4.948481749673846,155
original_split_sensitivity,primary_instrument1_full,primary,1,1,1,validation_split_local,Arnoldi FPLS,ok,ok,True,5,20,validate:021,validate,21,195.10000610351562,201.25788505150553,6.1578789479899,155
original_split_sensitivity,primary_instrument1_full,primary,1,1,1,validation_split_local,Arnoldi FPLS,ok,ok,True,5,21,validate:022,validate,22,194.0,200.49719745815716,6.49719745815716,155
original_split_sensitivity,primary_instrument1_full,primary,1,1,1,validation_split_local,Arnoldi FPLS,ok,ok,True,5,22,validate:023,validate,23,194.5,200.8870610238589,6.387061023858905,155
original_split_sensitivity,primary_instrument1_full,primary,1,1,1,validation_split_local,Arnoldi FPLS,ok,ok,True,5,23,validate:024,validate,24,193.60000610351562,197.92085903008862,4.3208529265729965,155
original_split_sensitivity,primary_instrument1_full,primary,1,1,1,validation_split_local,Arnoldi FPLS,ok,ok,True,5,24,validate:025,validate,25,195.5,201.4856705266801,5.98567052668011,155
original_split_sensitivity,primary_instrument1_full,primary,1,1,1,validation_split_local,Arnoldi FPLS,ok,ok,True,5,25,validate:026,validate,26,193.39999389648438,199.64431717708686,6.244323280602487,155
original_split_sensitivity,primary_instrument1_full,primary,1,1,1,validation_split_local,Arnoldi FPLS,ok,ok,True,5,26,validate:027,validate,27,198.89999389648438,198.36006386285084,-0.5399300336335386,155
original_split_sensitivity,primary_instrument1_full,primary,1,1,1,validation_split_local,Arnoldi FPLS,ok,ok,True,5,27,validate:028,validate,28,195.0,200.42461366127299,5.424613661272986,155
original_split_sensitivity,primary_instrument1_full,primary,1,1,1,validation_split_local,Arnoldi FPLS,ok,ok,True,5,28,validate:029,validate,29,199.5,199.6291748894724,0.1291748894724094,155
original_split_sensitivity,primary_instrument1_full,primary,1,1,1,validation_split_local,Arnoldi FPLS,ok,ok,True,5,29,validate:030,validate,30,196.8000030517578,201.69674865298097,4.896745601223159,155
original_split_sensitivity,primary_instrument1_full,primary,1,1,1,validation_split_local,Arnoldi FPLS,ok,ok,True,5,30,validate:031,validate,31,194.10000610351562,198.65242122155962,4.552415118043996,155
original_split_sensitivity,primary_instrument1_full,primary,1,1,1,validation_split_local,Arnoldi FPLS,ok,ok,True,5,31,validate:032,validate,32,197.5,197.63998339042763,0.13998339042763064,155
original_split_sensitivity,primary_instrument1_full,primary,1,1,1,validation_split_local,Arnoldi FPLS,ok,ok,True,5,32,validate:033,validate,33,194.1999969482422,200.92473216181187,6.724735213569687,155
original_split_sensitivity,primary_instrument1_full,primary,1,1,1,validation_split_local,Arnoldi FPLS,ok,ok,True,5,33,validate:034,validate,34,193.39999389648438,198.99273400690967,5.5927401104252965,155
original_split_sensitivity,primary_instrument1_full,primary,1,1,1,validation_split_local,Arnoldi FPLS,ok,ok,True,5,34,validate:035,validate,35,196.6999969482422,200.76213634793586,4.062139399693677,155
original_split_sensitivity,primary_instrument1_full,primary,1,1,1,validation_split_local,Arnoldi FPLS,ok,ok,True,5,35,validate:036,validate,36,194.6999969482422,200.819580780088,6.119583831845802,155
original_split_sensitivity,primary_instrument1_full,primary,1,1,1,validation_split_local,Arnoldi FPLS,ok,ok,True,5,36,validate:037,validate,37,197.0,199.87574614780283,2.875746147802829,155
original_split_sensitivity,primary_instrument1_full,primary,1,1,1,validation_split_local,Arnoldi FPLS,ok,ok,True,5,37,validate:038,validate,38,197.39999389648438,198.54195386528568,1.1419599688013022,155
original_split_sensitivity,primary_instrument1_full,primary,1,1,1,validation_split_local,Arnoldi FPLS,ok,ok,True,5,38,validate:039,validate,39,196.60000610351562,199.47541679486017,2.875410691344541,155
original_split_sensitivity,primary_instrument1_full,primary,1,1,1,validation_split_local,Arnoldi FPLS,ok,ok,True,5,39,validate:040,validate,40,197.5,199.09827046276575,1.598270462765754,155
original_split_sensitivity,primary_instrument1_full,primary,1,1,1,validation_split_local,FPCR,ok,ok,True,7,0,validate:001,validate,1,189.0,191.1489623705908,2.1489623705907945,155
original_split_sensitivity,primary_instrument1_full,primary,1,1,1,validation_split_local,FPCR,ok,ok,True,7,1,validate:002,validate,2,188.1999969482422,191.65499332795252,3.4549963797103374,155
original_split_sensitivity,primary_instrument1_full,primary,1,1,1,validation_split_local,FPCR,ok,ok,True,7,2,validate:003,validate,3,191.89999389648438,198.41192889192442,6.511934995440043,155
original_split_sensitivity,primary_instrument1_full,primary,1,1,1,validation_split_local,FPCR,ok,ok,True,7,3,validate:004,validate,4,189.39999389648438,192.88960478273893,3.489610886254553,155
original_split_sensitivity,primary_instrument1_full,primary,1,1,1,validation_split_local,FPCR,ok,ok,True,7,4,validate:005,validate,5,195.1999969482422,194.85253597738455,-0.3474609708576395,155
original_split_sensitivity,primary_instrument1_full,primary,1,1,1,validation_split_local,FPCR,ok,ok,True,7,5,validate:006,validate,6,194.5,191.38646852378005,-3.113531476219947,155
original_split_sensitivity,primary_instrument1_full,primary,1,1,1,validation_split_local,FPCR,ok,ok,True,7,6,validate:007,validate,7,195.89999389648438,193.86560251163874,-2.034391384845634,155
original_split_sensitivity,primary_instrument1_full,primary,1,1,1,validation_split_local,FPCR,ok,ok,True,7,7,validate:008,validate,8,194.89999389648438,192.74817044785846,-2.151823448625919,155
original_split_sensitivity,primary_instrument1_full,primary,1,1,1,validation_split_local,FPCR,ok,ok,True,7,8,validate:009,validate,9,195.8000030517578,194.67268797455688,-1.127315077200933,155
original_split_sensitivity,primary_instrument1_full,primary,1,1,1,validation_split_local,FPCR,ok,ok,True,7,9,validate:010,validate,10,193.8000030517578,191.16147844101525,-2.6385246107425644,155
original_split_sensitivity,primary_instrument1_full,primary,1,1,1,validation_split_local,FPCR,ok,ok,True,7,10,validate:011,validate,11,195.10000610351562,194.37092319071172,-0.7290829128039036,155
original_split_sensitivity,primary_instrument1_full,primary,1,1,1,validation_split_local,FPCR,ok,ok,True,7,11,validate:012,validate,12,193.8000030517578,188.15393802632502,-5.64606502543279,155
original_split_sensitivity,primary_instrument1_full,primary,1,1,1,validation_split_local,FPCR,ok,ok,True,7,12,validate:013,validate,13,194.5,194.6388944181775,0.13889441817750026,155
original_split_sensitivity,primary_instrument1_full,primary,1,1,1,validation_split_local,FPCR,ok,ok,True,7,13,validate:014,validate,14,197.5,192.64112841890972,-4.858871581090284,155
original_split_sensitivity,primary_instrument1_full,primary,1,1,1,validation_split_local,FPCR,ok,ok,True,7,14,validate:015,validate,15,195.10000610351562,191.47192634874494,-3.628079754770681,155
original_split_sensitivity,primary_instrument1_full,primary,1,1,1,validation_split_local,FPCR,ok,ok,True,7,15,validate:016,validate,16,193.60000610351562,191.83242231961344,-1.7675837839021824,155
original_split_sensitivity,primary_instrument1_full,primary,1,1,1,validation_split_local,FPCR,ok,ok,True,7,16,validate:017,validate,17,194.6999969482422,194.02505719763877,-0.6749397506034143,155
original_split_sensitivity,primary_instrument1_full,primary,1,1,1,validation_split_local,FPCR,ok,ok,True,7,17,validate:018,validate,18,195.39999389648438,192.2926650605297,-3.107328835954661,155
original_split_sensitivity,primary_instrument1_full,primary,1,1,1,validation_split_local,FPCR,ok,ok,True,7,18,validate:019,validate,19,191.8000030517578,191.15638746511684,-0.6436155866409763,155
original_split_sensitivity,primary_instrument1_full,primary,1,1,1,validation_split_local,FPCR,ok,ok,True,7,19,validate:020,validate,20,196.3000030517578,192.28055995022027,-4.019443101537547,155
original_split_sensitivity,primary_instrument1_full,primary,1,1,1,validation_split_local,FPCR,ok,ok,True,7,20,validate:021,validate,21,195.10000610351562,200.64497523521325,5.544969131697627,155
original_split_sensitivity,primary_instrument1_full,primary,1,1,1,validation_split_local,FPCR,ok,ok,True,7,21,validate:022,validate,22,194.0,200.78128958408345,6.781289584083453,155
original_split_sensitivity,primary_instrument1_full,primary,1,1,1,validation_split_local,FPCR,ok,ok,True,7,22,validate:023,validate,23,194.5,200.15669283687927,5.656692836879273,155
original_split_sensitivity,primary_instrument1_full,primary,1,1,1,validation_split_local,FPCR,ok,ok,True,7,23,validate:024,validate,24,193.60000610351562,199.20232913556703,5.602323032051402,155
original_split_sensitivity,primary_instrument1_full,primary,1,1,1,validation_split_local,FPCR,ok,ok,True,7,24,validate:025,validate,25,195.5,201.78661762231562,6.286617622315617,155
original_split_sensitivity,primary_instrument1_full,primary,1,1,1,validation_split_local,FPCR,ok,ok,True,7,25,validate:026,validate,26,193.39999389648438,199.9568972849312,6.556903388446813,155
original_split_sensitivity,primary_instrument1_full,primary,1,1,1,validation_split_local,FPCR,ok,ok,True,7,26,validate:027,validate,27,198.89999389648438,197.0084520564098,-1.8915418400745807,155
original_split_sensitivity,primary_instrument1_full,primary,1,1,1,validation_split_local,FPCR,ok,ok,True,7,27,validate:028,validate,28,195.0,201.08368462186564,6.083684621865643,155
original_split_sensitivity,primary_instrument1_full,primary,1,1,1,validation_split_local,FPCR,ok,ok,True,7,28,validate:029,validate,29,199.5,200.14867919980543,0.6486791998054287,155
original_split_sensitivity,primary_instrument1_full,primary,1,1,1,validation_split_local,FPCR,ok,ok,True,7,29,validate:030,validate,30,196.8000030517578,200.51718966985226,3.717186618094445,155
original_split_sensitivity,primary_instrument1_full,primary,1,1,1,validation_split_local,FPCR,ok,ok,True,7,30,validate:031,validate,31,194.10000610351562,199.54868542198548,5.448679318469857,155
original_split_sensitivity,primary_instrument1_full,primary,1,1,1,validation_split_local,FPCR,ok,ok,True,7,31,validate:032,validate,32,197.5,199.35716591323592,1.8571659132359173,155
original_split_sensitivity,primary_instrument1_full,primary,1,1,1,validation_split_local,FPCR,ok,ok,True,7,32,validate:033,validate,33,194.1999969482422,200.23633454505335,6.036337596811165,155
original_split_sensitivity,primary_instrument1_full,primary,1,1,1,validation_split_local,FPCR,ok,ok,True,7,33,validate:034,validate,34,193.39999389648438,198.77798705032302,5.377993153838645,155
original_split_sensitivity,primary_instrument1_full,primary,1,1,1,validation_split_local,FPCR,ok,ok,True,7,34,validate:035,validate,35,196.6999969482422,200.0584061236684,3.3584091754262033,155
original_split_sensitivity,primary_instrument1_full,primary,1,1,1,validation_split_local,FPCR,ok,ok,True,7,35,validate:036,validate,36,194.6999969482422,199.7640353288068,5.064038380564625,155
original_split_sensitivity,primary_instrument1_full,primary,1,1,1,validation_split_local,FPCR,ok,ok,True,7,36,validate:037,validate,37,197.0,200.2362836304309,3.236283630430904,155
original_split_sensitivity,primary_instrument1_full,primary,1,1,1,validation_split_local,FPCR,ok,ok,True,7,37,validate:038,validate,38,197.39999389648438,198.67197523787306,1.2719813413886811,155
original_split_sensitivity,primary_instrument1_full,primary,1,1,1,validation_split_local,FPCR,ok,ok,True,7,38,validate:039,validate,39,196.60000610351562,199.43709494814004,2.837088844624418,155
original_split_sensitivity,primary_instrument1_full,primary,1,1,1,validation_split_local,FPCR,ok,ok,True,7,39,validate:040,validate,40,197.5,199.2311364151031,1.7311364151030944,155
