analysis,variant,variant_role,instrument,repeat,outer_fold,evaluation_index_scope,method,fit_status,evaluation_status,evaluation_prediction_finite,selected_components,evaluation_index_zero_based,tablet_id,source_split,source_row_one_based,observed_assay,prediction,residual_prediction_minus_observation,training_observations
development_repeated_nested_cv,primary_instrument1_full,primary,1,1,1,development_combined,CG-FPLS-code,ok,ok,True,3,2,calibrate:003,calibrate,3,201.39999389648438,190.2118942353612,-11.188099661123175,156
development_repeated_nested_cv,primary_instrument1_full,primary,1,1,1,development_combined,CG-FPLS-code,ok,ok,True,3,3,calibrate:004,calibrate,4,199.89999389648438,195.59661399289524,-4.303379903589132,156
development_repeated_nested_cv,primary_instrument1_full,primary,1,1,1,development_combined,CG-FPLS-code,ok,ok,True,3,5,calibrate:006,calibrate,6,198.3000030517578,194.69730886051897,-3.6026941912388395,156
development_repeated_nested_cv,primary_instrument1_full,primary,1,1,1,development_combined,CG-FPLS-code,ok,ok,True,3,9,calibrate:010,calibrate,10,181.10000610351562,179.5709033160847,-1.5291027874309293,156
development_repeated_nested_cv,primary_instrument1_full,primary,1,1,1,development_combined,CG-FPLS-code,ok,ok,True,3,11,calibrate:012,calibrate,12,162.0,163.35171251232845,1.3517125123284472,156
development_repeated_nested_cv,primary_instrument1_full,primary,1,1,1,development_combined,CG-FPLS-code,ok,ok,True,3,15,calibrate:016,calibrate,16,173.8000030517578,182.0065269168833,8.20652386512549,156
development_repeated_nested_cv,primary_instrument1_full,primary,1,1,1,development_combined,CG-FPLS-code,ok,ok,True,3,16,calibrate:017,calibrate,17,222.5,214.7020102318438,-7.797989768156214,156
development_repeated_nested_cv,primary_instrument1_full,primary,1,1,1,development_combined,CG-FPLS-code,ok,ok,True,3,27,calibrate:028,calibrate,28,175.8000030517578,177.81406667130585,2.0140636195480397,156
development_repeated_nested_cv,primary_instrument1_full,primary,1,1,1,development_combined,CG-FPLS-code,ok,ok,True,3,35,calibrate:036,calibrate,36,177.0,172.11050614067946,-4.889493859320538,156
development_repeated_nested_cv,primary_instrument1_full,primary,1,1,1,development_combined,CG-FPLS-code,ok,ok,True,3,40,calibrate:041,calibrate,41,206.60000610351562,204.16167342314128,-2.4383326803743444,156
development_repeated_nested_cv,primary_instrument1_full,primary,1,1,1,development_combined,CG-FPLS-code,ok,ok,True,3,42,calibrate:043,calibrate,43,159.60000610351562,164.15757268856507,4.557566585049443,156
development_repeated_nested_cv,primary_instrument1_full,primary,1,1,1,development_combined,CG-FPLS-code,ok,ok,True,3,46,calibrate:047,calibrate,47,158.0,166.1582582416882,8.158258241688202,156
development_repeated_nested_cv,primary_instrument1_full,primary,1,1,1,development_combined,CG-FPLS-code,ok,ok,True,3,49,calibrate:050,calibrate,50,220.5,221.674933596862,1.1749335968619903,156
development_repeated_nested_cv,primary_instrument1_full,primary,1,1,1,development_combined,CG-FPLS-code,ok,ok,True,3,50,calibrate:051,calibrate,51,188.3000030517578,187.02109613159172,-1.2789069201660936,156
development_repeated_nested_cv,primary_instrument1_full,primary,1,1,1,development_combined,CG-FPLS-code,ok,ok,True,3,51,calibrate:052,calibrate,52,231.89999389648438,224.2207729226418,-7.679220973842575,156
development_repeated_nested_cv,primary_instrument1_full,primary,1,1,1,development_combined,CG-FPLS-code,ok,ok,True,3,54,calibrate:055,calibrate,55,188.10000610351562,183.79006406154602,-4.309942041969606,156
development_repeated_nested_cv,primary_instrument1_full,primary,1,1,1,development_combined,CG-FPLS-code,ok,ok,True,3,73,calibrate:074,calibrate,74,213.8000030517578,214.08332486794126,0.2833218161834452,156
development_repeated_nested_cv,primary_instrument1_full,primary,1,1,1,development_combined,CG-FPLS-code,ok,ok,True,3,81,calibrate:082,calibrate,82,216.39999389648438,215.67594484573706,-0.7240490507473112,156
development_repeated_nested_cv,primary_instrument1_full,primary,1,1,1,development_combined,CG-FPLS-code,ok,ok,True,3,88,calibrate:089,calibrate,89,203.60000610351562,204.02700264432062,0.4269965408049927,156
development_repeated_nested_cv,primary_instrument1_full,primary,1,1,1,development_combined,CG-FPLS-code,ok,ok,True,3,93,calibrate:094,calibrate,94,172.39999389648438,182.21788625390158,9.817892357417207,156
development_repeated_nested_cv,primary_instrument1_full,primary,1,1,1,development_combined,CG-FPLS-code,ok,ok,True,3,100,calibrate:101,calibrate,101,216.5,218.58266818382273,2.082668183822733,156
development_repeated_nested_cv,primary_instrument1_full,primary,1,1,1,development_combined,CG-FPLS-code,ok,ok,True,3,103,calibrate:104,calibrate,104,184.5,182.08491559687536,-2.415084403124638,156
development_repeated_nested_cv,primary_instrument1_full,primary,1,1,1,development_combined,CG-FPLS-code,ok,ok,True,3,104,calibrate:105,calibrate,105,157.0,162.71431340637233,5.714313406372327,156
development_repeated_nested_cv,primary_instrument1_full,primary,1,1,1,development_combined,CG-FPLS-code,ok,ok,True,3,107,calibrate:108,calibrate,108,231.10000610351562,229.48012599104325,-1.619880112472373,156
development_repeated_nested_cv,primary_instrument1_full,primary,1,1,1,development_combined,CG-FPLS-code,ok,ok,True,3,111,calibrate:112,calibrate,112,220.0,216.62681022587827,-3.3731897741217267,156
development_repeated_nested_cv,primary_instrument1_full,primary,1,1,1,development_combined,CG-FPLS-code,ok,ok,True,3,119,calibrate:120,calibrate,120,204.60000610351562,204.4950135649075,-0.10499253860811564,156
development_repeated_nested_cv,primary_instrument1_full,primary,1,1,1,development_combined,CG-FPLS-code,ok,ok,True,3,125,calibrate:126,calibrate,126,181.0,165.40765786355715,-15.592342136442852,156
development_repeated_nested_cv,primary_instrument1_full,primary,1,1,1,development_combined,CG-FPLS-code,ok,ok,True,3,129,calibrate:130,calibrate,130,154.60000610351562,167.54627107976597,12.946264976250347,156
development_repeated_nested_cv,primary_instrument1_full,primary,1,1,1,development_combined,CG-FPLS-code,ok,ok,True,3,130,calibrate:131,calibrate,131,184.5,184.26981525287573,-0.2301847471242695,156
development_repeated_nested_cv,primary_instrument1_full,primary,1,1,1,development_combined,CG-FPLS-code,ok,ok,True,3,137,calibrate:138,calibrate,138,195.89999389648438,191.29696056571476,-4.60303333076962,156
development_repeated_nested_cv,primary_instrument1_full,primary,1,1,1,development_combined,CG-FPLS-code,ok,ok,True,3,144,calibrate:145,calibrate,145,191.1999969482422,195.60730225023985,4.407305301997667,156
development_repeated_nested_cv,primary_instrument1_full,primary,1,1,1,development_combined,CG-FPLS-code,ok,ok,True,3,158,validate:004,validate,4,189.39999389648438,196.3986554957206,6.998661599236215,156
development_repeated_nested_cv,primary_instrument1_full,primary,1,1,1,development_combined,CG-FPLS-code,ok,ok,True,3,166,validate:012,validate,12,193.8000030517578,188.87747171072715,-4.922531341030663,156
development_repeated_nested_cv,primary_instrument1_full,primary,1,1,1,development_combined,CG-FPLS-code,ok,ok,True,3,168,validate:014,validate,14,197.5,198.13389642740287,0.633896427402874,156
development_repeated_nested_cv,primary_instrument1_full,primary,1,1,1,development_combined,CG-FPLS-code,ok,ok,True,3,169,validate:015,validate,15,195.10000610351562,197.58103807663835,2.4810319731227253,156
development_repeated_nested_cv,primary_instrument1_full,primary,1,1,1,development_combined,CG-FPLS-code,ok,ok,True,3,178,validate:024,validate,24,193.60000610351562,202.0603598379852,8.460353734469578,156
development_repeated_nested_cv,primary_instrument1_full,primary,1,1,1,development_combined,CG-FPLS-code,ok,ok,True,3,179,validate:025,validate,25,195.5,193.81660897339682,-1.683391026603175,156
development_repeated_nested_cv,primary_instrument1_full,primary,1,1,1,development_combined,CG-FPLS-code,ok,ok,True,3,190,validate:036,validate,36,194.6999969482422,199.36149034691206,4.661493398669876,156
development_repeated_nested_cv,primary_instrument1_full,primary,1,1,1,development_combined,CG-FPLS-code,ok,ok,True,3,191,validate:037,validate,37,197.0,195.399456386485,-1.6005436135149864,156
development_repeated_nested_cv,primary_instrument1_full,primary,1,1,1,development_combined,Raw FPLS,ok,ok,True,35,2,calibrate:003,calibrate,3,201.39999389648438,195.47339254572967,-5.926601350754709,156
development_repeated_nested_cv,primary_instrument1_full,primary,1,1,1,development_combined,Raw FPLS,ok,ok,True,35,3,calibrate:004,calibrate,4,199.89999389648438,190.6295221982954,-9.27047169818897,156
development_repeated_nested_cv,primary_instrument1_full,primary,1,1,1,development_combined,Raw FPLS,ok,ok,True,35,5,calibrate:006,calibrate,6,198.3000030517578,194.43068445567815,-3.8693185960796654,156
development_repeated_nested_cv,primary_instrument1_full,primary,1,1,1,development_combined,Raw FPLS,ok,ok,True,35,9,calibrate:010,calibrate,10,181.10000610351562,177.63968682763922,-3.460319275876401,156
development_repeated_nested_cv,primary_instrument1_full,primary,1,1,1,development_combined,Raw FPLS,ok,ok,True,35,11,calibrate:012,calibrate,12,162.0,161.98671904024673,-0.013280959753274146,156
development_repeated_nested_cv,primary_instrument1_full,primary,1,1,1,development_combined,Raw FPLS,ok,ok,True,35,15,calibrate:016,calibrate,16,173.8000030517578,175.21841124363658,1.4184081918787683,156
development_repeated_nested_cv,primary_instrument1_full,primary,1,1,1,development_combined,Raw FPLS,ok,ok,True,35,16,calibrate:017,calibrate,17,222.5,218.3526639831553,-4.14733601684469,156
development_repeated_nested_cv,primary_instrument1_full,primary,1,1,1,development_combined,Raw FPLS,ok,ok,True,35,27,calibrate:028,calibrate,28,175.8000030517578,175.98884107220488,0.188838020447065,156
development_repeated_nested_cv,primary_instrument1_full,primary,1,1,1,development_combined,Raw FPLS,ok,ok,True,35,35,calibrate:036,calibrate,36,177.0,176.61497752052594,-0.38502247947405976,156
development_repeated_nested_cv,primary_instrument1_full,primary,1,1,1,development_combined,Raw FPLS,ok,ok,True,35,40,calibrate:041,calibrate,41,206.60000610351562,206.42490294117462,-0.17510316234100287,156
development_repeated_nested_cv,primary_instrument1_full,primary,1,1,1,development_combined,Raw FPLS,ok,ok,True,35,42,calibrate:043,calibrate,43,159.60000610351562,162.69312484221012,3.0931187386945,156
development_repeated_nested_cv,primary_instrument1_full,primary,1,1,1,development_combined,Raw FPLS,ok,ok,True,35,46,calibrate:047,calibrate,47,158.0,158.47391604299128,0.4739160429912772,156
development_repeated_nested_cv,primary_instrument1_full,primary,1,1,1,development_combined,Raw FPLS,ok,ok,True,35,49,calibrate:050,calibrate,50,220.5,217.28755136769007,-3.212448632309929,156
development_repeated_nested_cv,primary_instrument1_full,primary,1,1,1,development_combined,Raw FPLS,ok,ok,True,35,50,calibrate:051,calibrate,51,188.3000030517578,185.88498655836744,-2.415016493390368,156
development_repeated_nested_cv,primary_instrument1_full,primary,1,1,1,development_combined,Raw FPLS,ok,ok,True,35,51,calibrate:052,calibrate,52,231.89999389648438,234.48216895372914,2.5821750572447684,156
development_repeated_nested_cv,primary_instrument1_full,primary,1,1,1,development_combined,Raw FPLS,ok,ok,True,35,54,calibrate:055,calibrate,55,188.10000610351562,184.91405590090505,-3.18595020261057,156
development_repeated_nested_cv,primary_instrument1_full,primary,1,1,1,development_combined,Raw FPLS,ok,ok,True,35,73,calibrate:074,calibrate,74,213.8000030517578,212.92183767302868,-0.8781653787291361,156
development_repeated_nested_cv,primary_instrument1_full,primary,1,1,1,development_combined,Raw FPLS,ok,ok,True,35,81,calibrate:082,calibrate,82,216.39999389648438,215.3499681800343,-1.0500257164500795,156
development_repeated_nested_cv,primary_instrument1_full,primary,1,1,1,development_combined,Raw FPLS,ok,ok,True,35,88,calibrate:089,calibrate,89,203.60000610351562,200.83804417257343,-2.761961930942192,156
development_repeated_nested_cv,primary_instrument1_full,primary,1,1,1,development_combined,Raw FPLS,ok,ok,True,35,93,calibrate:094,calibrate,94,172.39999389648438,175.67935826345035,3.2793643669659787,156
development_repeated_nested_cv,primary_instrument1_full,primary,1,1,1,development_combined,Raw FPLS,ok,ok,True,35,100,calibrate:101,calibrate,101,216.5,217.76735633601714,1.2673563360171443,156
development_repeated_nested_cv,primary_instrument1_full,primary,1,1,1,development_combined,Raw FPLS,ok,ok,True,35,103,calibrate:104,calibrate,104,184.5,185.17018620844246,0.670186208442459,156
development_repeated_nested_cv,primary_instrument1_full,primary,1,1,1,development_combined,Raw FPLS,ok,ok,True,35,104,calibrate:105,calibrate,105,157.0,158.10708677257918,1.10708677257918,156
development_repeated_nested_cv,primary_instrument1_full,primary,1,1,1,development_combined,Raw FPLS,ok,ok,True,35,107,calibrate:108,calibrate,108,231.10000610351562,238.16874187297037,7.068735769454747,156
development_repeated_nested_cv,primary_instrument1_full,primary,1,1,1,development_combined,Raw FPLS,ok,ok,True,35,111,calibrate:112,calibrate,112,220.0,218.3255364735726,-1.6744635264273882,156
development_repeated_nested_cv,primary_instrument1_full,primary,1,1,1,development_combined,Raw FPLS,ok,ok,True,35,119,calibrate:120,calibrate,120,204.60000610351562,205.98558891199002,1.3855828084743962,156
development_repeated_nested_cv,primary_instrument1_full,primary,1,1,1,development_combined,Raw FPLS,ok,ok,True,35,125,calibrate:126,calibrate,126,181.0,159.77455639907075,-21.225443600929253,156
development_repeated_nested_cv,primary_instrument1_full,primary,1,1,1,development_combined,Raw FPLS,ok,ok,True,35,129,calibrate:130,calibrate,130,154.60000610351562,160.27475863758102,5.674752534065391,156
development_repeated_nested_cv,primary_instrument1_full,primary,1,1,1,development_combined,Raw FPLS,ok,ok,True,35,130,calibrate:131,calibrate,131,184.5,186.59225971118607,2.092259711186074,156
development_repeated_nested_cv,primary_instrument1_full,primary,1,1,1,development_combined,Raw FPLS,ok,ok,True,35,137,calibrate:138,calibrate,138,195.89999389648438,202.70959272487445,6.8095988283900795,156
development_repeated_nested_cv,primary_instrument1_full,primary,1,1,1,development_combined,Raw FPLS,ok,ok,True,35,144,calibrate:145,calibrate,145,191.1999969482422,189.6182727181301,-1.581724230112087,156
development_repeated_nested_cv,primary_instrument1_full,primary,1,1,1,development_combined,Raw FPLS,ok,ok,True,35,158,validate:004,validate,4,189.39999389648438,192.45547588404045,3.055481987556078,156
development_repeated_nested_cv,primary_instrument1_full,primary,1,1,1,development_combined,Raw FPLS,ok,ok,True,35,166,validate:012,validate,12,193.8000030517578,190.9955970690713,-2.804405982686518,156
development_repeated_nested_cv,primary_instrument1_full,primary,1,1,1,development_combined,Raw FPLS,ok,ok,True,35,168,validate:014,validate,14,197.5,192.03569601537345,-5.464303984626554,156
development_repeated_nested_cv,primary_instrument1_full,primary,1,1,1,development_combined,Raw FPLS,ok,ok,True,35,169,validate:015,validate,15,195.10000610351562,189.7661085910742,-5.333897512441439,156
development_repeated_nested_cv,primary_instrument1_full,primary,1,1,1,development_combined,Raw FPLS,ok,ok,True,35,178,validate:024,validate,24,193.60000610351562,197.38263112671385,3.7826250231982215,156
development_repeated_nested_cv,primary_instrument1_full,primary,1,1,1,development_combined,Raw FPLS,ok,ok,True,35,179,validate:025,validate,25,195.5,199.85881738995388,4.3588173899538845,156
development_repeated_nested_cv,primary_instrument1_full,primary,1,1,1,development_combined,Raw FPLS,ok,ok,True,35,190,validate:036,validate,36,194.6999969482422,200.1355680312688,5.435571083026616,156
development_repeated_nested_cv,primary_instrument1_full,primary,1,1,1,development_combined,Raw FPLS,ok,ok,True,35,191,validate:037,validate,37,197.0,198.3854467370221,1.3854467370221073,156
development_repeated_nested_cv,primary_instrument1_full,primary,1,1,1,development_combined,Arnoldi FPLS,ok,ok,True,5,2,calibrate:003,calibrate,3,201.39999389648438,195.17828008196216,-6.221713814522218,156
development_repeated_nested_cv,primary_instrument1_full,primary,1,1,1,development_combined,Arnoldi FPLS,ok,ok,True,5,3,calibrate:004,calibrate,4,199.89999389648438,190.55596738136342,-9.344026515120959,156
development_repeated_nested_cv,primary_instrument1_full,primary,1,1,1,development_combined,Arnoldi FPLS,ok,ok,True,5,5,calibrate:006,calibrate,6,198.3000030517578,194.30384682167042,-3.9961562300873936,156
development_repeated_nested_cv,primary_instrument1_full,primary,1,1,1,development_combined,Arnoldi FPLS,ok,ok,True,5,9,calibrate:010,calibrate,10,181.10000610351562,177.53493855777282,-3.5650675457428065,156
development_repeated_nested_cv,primary_instrument1_full,primary,1,1,1,development_combined,Arnoldi FPLS,ok,ok,True,5,11,calibrate:012,calibrate,12,162.0,161.8634629975308,-0.13653700246919698,156
development_repeated_nested_cv,primary_instrument1_full,primary,1,1,1,development_combined,Arnoldi FPLS,ok,ok,True,5,15,calibrate:016,calibrate,16,173.8000030517578,175.43559960265048,1.6355965508926715,156
development_repeated_nested_cv,primary_instrument1_full,primary,1,1,1,development_combined,Arnoldi FPLS,ok,ok,True,5,16,calibrate:017,calibrate,17,222.5,218.15913337763027,-4.340866622369731,156
development_repeated_nested_cv,primary_instrument1_full,primary,1,1,1,development_combined,Arnoldi FPLS,ok,ok,True,5,27,calibrate:028,calibrate,28,175.8000030517578,175.8831595992794,0.08315654752158252,156
development_repeated_nested_cv,primary_instrument1_full,primary,1,1,1,development_combined,Arnoldi FPLS,ok,ok,True,5,35,calibrate:036,calibrate,36,177.0,176.33456083699807,-0.6654391630019347,156
development_repeated_nested_cv,primary_instrument1_full,primary,1,1,1,development_combined,Arnoldi FPLS,ok,ok,True,5,40,calibrate:041,calibrate,41,206.60000610351562,206.23315246373753,-0.3668536397780997,156
development_repeated_nested_cv,primary_instrument1_full,primary,1,1,1,development_combined,Arnoldi FPLS,ok,ok,True,5,42,calibrate:043,calibrate,43,159.60000610351562,162.5757723020756,2.975766198559967,156
development_repeated_nested_cv,primary_instrument1_full,primary,1,1,1,development_combined,Arnoldi FPLS,ok,ok,True,5,46,calibrate:047,calibrate,47,158.0,158.7015844486924,0.7015844486923868,156
development_repeated_nested_cv,primary_instrument1_full,primary,1,1,1,development_combined,Arnoldi FPLS,ok,ok,True,5,49,calibrate:050,calibrate,50,220.5,217.43250810290525,-3.0674918970947544,156
development_repeated_nested_cv,primary_instrument1_full,primary,1,1,1,development_combined,Arnoldi FPLS,ok,ok,True,5,50,calibrate:051,calibrate,51,188.3000030517578,186.23147325049823,-2.0685298012595865,156
development_repeated_nested_cv,primary_instrument1_full,primary,1,1,1,development_combined,Arnoldi FPLS,ok,ok,True,5,51,calibrate:052,calibrate,52,231.89999389648438,234.2292491249915,2.3292552285071224,156
development_repeated_nested_cv,primary_instrument1_full,primary,1,1,1,development_combined,Arnoldi FPLS,ok,ok,True,5,54,calibrate:055,calibrate,55,188.10000610351562,185.24778512686112,-2.8522209766545075,156
development_repeated_nested_cv,primary_instrument1_full,primary,1,1,1,development_combined,Arnoldi FPLS,ok,ok,True,5,73,calibrate:074,calibrate,74,213.8000030517578,212.73603919326914,-1.0639638584886768,156
development_repeated_nested_cv,primary_instrument1_full,primary,1,1,1,development_combined,Arnoldi FPLS,ok,ok,True,5,81,calibrate:082,calibrate,82,216.39999389648438,215.25544303276712,-1.1445508637172566,156
development_repeated_nested_cv,primary_instrument1_full,primary,1,1,1,development_combined,Arnoldi FPLS,ok,ok,True,5,88,calibrate:089,calibrate,89,203.60000610351562,200.80318838692156,-2.796817716594063,156
development_repeated_nested_cv,primary_instrument1_full,primary,1,1,1,development_combined,Arnoldi FPLS,ok,ok,True,5,93,calibrate:094,calibrate,94,172.39999389648438,175.8850404369567,3.485046540472325,156
development_repeated_nested_cv,primary_instrument1_full,primary,1,1,1,development_combined,Arnoldi FPLS,ok,ok,True,5,100,calibrate:101,calibrate,101,216.5,217.9344667661383,1.4344667661383141,156
development_repeated_nested_cv,primary_instrument1_full,primary,1,1,1,development_combined,Arnoldi FPLS,ok,ok,True,5,103,calibrate:104,calibrate,104,184.5,185.42963160711048,0.9296316071104798,156
development_repeated_nested_cv,primary_instrument1_full,primary,1,1,1,development_combined,Arnoldi FPLS,ok,ok,True,5,104,calibrate:105,calibrate,105,157.0,158.51077300910262,1.5107730091026212,156
development_repeated_nested_cv,primary_instrument1_full,primary,1,1,1,development_combined,Arnoldi FPLS,ok,ok,True,5,107,calibrate:108,calibrate,108,231.10000610351562,238.04183671045078,6.941830606935156,156
development_repeated_nested_cv,primary_instrument1_full,primary,1,1,1,development_combined,Arnoldi FPLS,ok,ok,True,5,111,calibrate:112,calibrate,112,220.0,218.33676132965616,-1.6632386703438442,156
development_repeated_nested_cv,primary_instrument1_full,primary,1,1,1,development_combined,Arnoldi FPLS,ok,ok,True,5,119,calibrate:120,calibrate,120,204.60000610351562,205.78678553295396,1.1867794294383316,156
development_repeated_nested_cv,primary_instrument1_full,primary,1,1,1,development_combined,Arnoldi FPLS,ok,ok,True,5,125,calibrate:126,calibrate,126,181.0,159.7373552521912,-21.262644747808793,156
development_repeated_nested_cv,primary_instrument1_full,primary,1,1,1,development_combined,Arnoldi FPLS,ok,ok,True,5,129,calibrate:130,calibrate,130,154.60000610351562,160.30626691491213,5.706260811396504,156
development_repeated_nested_cv,primary_instrument1_full,primary,1,1,1,development_combined,Arnoldi FPLS,ok,ok,True,5,130,calibrate:131,calibrate,131,184.5,186.36702707082767,1.8670270708276746,156
development_repeated_nested_cv,primary_instrument1_full,primary,1,1,1,development_combined,Arnoldi FPLS,ok,ok,True,5,137,calibrate:138,calibrate,138,195.89999389648438,202.34630472992734,6.446310833442965,156
development_repeated_nested_cv,primary_instrument1_full,primary,1,1,1,development_combined,Arnoldi FPLS,ok,ok,True,5,144,calibrate:145,calibrate,145,191.1999969482422,189.65473803855758,-1.5452589096846054,156
development_repeated_nested_cv,primary_instrument1_full,primary,1,1,1,development_combined,Arnoldi FPLS,ok,ok,True,5,158,validate:004,validate,4,189.39999389648438,192.40715038521657,3.0071564887321927,156
development_repeated_nested_cv,primary_instrument1_full,primary,1,1,1,development_combined,Arnoldi FPLS,ok,ok,True,5,166,validate:012,validate,12,193.8000030517578,191.05026310711042,-2.749739944647388,156
development_repeated_nested_cv,primary_instrument1_full,primary,1,1,1,development_combined,Arnoldi FPLS,ok,ok,True,5,168,validate:014,validate,14,197.5,192.1582772784694,-5.341722721530601,156
development_repeated_nested_cv,primary_instrument1_full,primary,1,1,1,development_combined,Arnoldi FPLS,ok,ok,True,5,169,validate:015,validate,15,195.10000610351562,189.88446442384728,-5.215541679668348,156
development_repeated_nested_cv,primary_instrument1_full,primary,1,1,1,development_combined,Arnoldi FPLS,ok,ok,True,5,178,validate:024,validate,24,193.60000610351562,197.5543222488816,3.954316145365965,156
development_repeated_nested_cv,primary_instrument1_full,primary,1,1,1,development_combined,Arnoldi FPLS,ok,ok,True,5,179,validate:025,validate,25,195.5,200.05649510161803,4.556495101618026,156
development_repeated_nested_cv,primary_instrument1_full,primary,1,1,1,development_combined,Arnoldi FPLS,ok,ok,True,5,190,validate:036,validate,36,194.6999969482422,199.9774163905447,5.2774194423025165,156
development_repeated_nested_cv,primary_instrument1_full,primary,1,1,1,development_combined,Arnoldi FPLS,ok,ok,True,5,191,validate:037,validate,37,197.0,198.65123096111398,1.6512309611139813,156
development_repeated_nested_cv,primary_instrument1_full,primary,1,1,1,development_combined,FPCR,ok,ok,True,33,2,calibrate:003,calibrate,3,201.39999389648438,195.46225710712338,-5.937736789360997,156
development_repeated_nested_cv,primary_instrument1_full,primary,1,1,1,development_combined,FPCR,ok,ok,True,33,3,calibrate:004,calibrate,4,199.89999389648438,191.36201862989972,-8.537975266584652,156
development_repeated_nested_cv,primary_instrument1_full,primary,1,1,1,development_combined,FPCR,ok,ok,True,33,5,calibrate:006,calibrate,6,198.3000030517578,201.29786177165116,2.997858719893344,156
development_repeated_nested_cv,primary_instrument1_full,primary,1,1,1,development_combined,FPCR,ok,ok,True,33,9,calibrate:010,calibrate,10,181.10000610351562,177.49783047078625,-3.60217563272937,156
development_repeated_nested_cv,primary_instrument1_full,primary,1,1,1,development_combined,FPCR,ok,ok,True,33,11,calibrate:012,calibrate,12,162.0,162.78641532357264,0.7864153235726405,156
development_repeated_nested_cv,primary_instrument1_full,primary,1,1,1,development_combined,FPCR,ok,ok,True,33,15,calibrate:016,calibrate,16,173.8000030517578,172.54453198402277,-1.2554710677350442,156
development_repeated_nested_cv,primary_instrument1_full,primary,1,1,1,development_combined,FPCR,ok,ok,True,33,16,calibrate:017,calibrate,17,222.5,216.24035042584373,-6.2596495741562705,156
development_repeated_nested_cv,primary_instrument1_full,primary,1,1,1,development_combined,FPCR,ok,ok,True,33,27,calibrate:028,calibrate,28,175.8000030517578,173.20224011088862,-2.5977629408691882,156
development_repeated_nested_cv,primary_instrument1_full,primary,1,1,1,development_combined,FPCR,ok,ok,True,33,35,calibrate:036,calibrate,36,177.0,176.48332768274392,-0.5166723172560808,156
development_repeated_nested_cv,primary_instrument1_full,primary,1,1,1,development_combined,FPCR,ok,ok,True,33,40,calibrate:041,calibrate,41,206.60000610351562,205.43550259568693,-1.164503507828698,156
development_repeated_nested_cv,primary_instrument1_full,primary,1,1,1,development_combined,FPCR,ok,ok,True,33,42,calibrate:043,calibrate,43,159.60000610351562,161.56973598514568,1.9697298816300588,156
development_repeated_nested_cv,primary_instrument1_full,primary,1,1,1,development_combined,FPCR,ok,ok,True,33,46,calibrate:047,calibrate,47,158.0,160.1519907829849,2.1519907829849103,156
development_repeated_nested_cv,primary_instrument1_full,primary,1,1,1,development_combined,FPCR,ok,ok,True,33,49,calibrate:050,calibrate,50,220.5,220.03896151118207,-0.46103848881793397,156
development_repeated_nested_cv,primary_instrument1_full,primary,1,1,1,development_combined,FPCR,ok,ok,True,33,50,calibrate:051,calibrate,51,188.3000030517578,185.53873367481035,-2.7612693769474674,156
development_repeated_nested_cv,primary_instrument1_full,primary,1,1,1,development_combined,FPCR,ok,ok,True,33,51,calibrate:052,calibrate,52,231.89999389648438,249.14657823766973,17.246584341185354,156
development_repeated_nested_cv,primary_instrument1_full,primary,1,1,1,development_combined,FPCR,ok,ok,True,33,54,calibrate:055,calibrate,55,188.10000610351562,178.90301556115907,-9.19699054235656,156
development_repeated_nested_cv,primary_instrument1_full,primary,1,1,1,development_combined,FPCR,ok,ok,True,33,73,calibrate:074,calibrate,74,213.8000030517578,213.23955626872333,-0.5604467830344788,156
development_repeated_nested_cv,primary_instrument1_full,primary,1,1,1,development_combined,FPCR,ok,ok,True,33,81,calibrate:082,calibrate,82,216.39999389648438,219.0821803724194,2.6821864759350262,156
development_repeated_nested_cv,primary_instrument1_full,primary,1,1,1,development_combined,FPCR,ok,ok,True,33,88,calibrate:089,calibrate,89,203.60000610351562,203.19606035744826,-0.40394574606736455,156
development_repeated_nested_cv,primary_instrument1_full,primary,1,1,1,development_combined,FPCR,ok,ok,True,33,93,calibrate:094,calibrate,94,172.39999389648438,176.97043704312128,4.570443146636904,156
development_repeated_nested_cv,primary_instrument1_full,primary,1,1,1,development_combined,FPCR,ok,ok,True,33,100,calibrate:101,calibrate,101,216.5,220.31726583026378,3.8172658302637785,156
development_repeated_nested_cv,primary_instrument1_full,primary,1,1,1,development_combined,FPCR,ok,ok,True,33,103,calibrate:104,calibrate,104,184.5,183.4789883214528,-1.021011678547211,156
development_repeated_nested_cv,primary_instrument1_full,primary,1,1,1,development_combined,FPCR,ok,ok,True,33,104,calibrate:105,calibrate,105,157.0,161.84293075830067,4.8429307583006675,156
development_repeated_nested_cv,primary_instrument1_full,primary,1,1,1,development_combined,FPCR,ok,ok,True,33,107,calibrate:108,calibrate,108,231.10000610351562,241.14139566408173,10.041389560566103,156
development_repeated_nested_cv,primary_instrument1_full,primary,1,1,1,development_combined,FPCR,ok,ok,True,33,111,calibrate:112,calibrate,112,220.0,217.2277488768833,-2.772251123116689,156
development_repeated_nested_cv,primary_instrument1_full,primary,1,1,1,development_combined,FPCR,ok,ok,True,33,119,calibrate:120,calibrate,120,204.60000610351562,207.30212332301616,2.7021172195005363,156
development_repeated_nested_cv,primary_instrument1_full,primary,1,1,1,development_combined,FPCR,ok,ok,True,33,125,calibrate:126,calibrate,126,181.0,154.2175573635524,-26.7824426364476,156
development_repeated_nested_cv,primary_instrument1_full,primary,1,1,1,development_combined,FPCR,ok,ok,True,33,129,calibrate:130,calibrate,130,154.60000610351562,156.37007366197085,1.7700675584552243,156
development_repeated_nested_cv,primary_instrument1_full,primary,1,1,1,development_combined,FPCR,ok,ok,True,33,130,calibrate:131,calibrate,131,184.5,190.1768412642895,5.676841264289493,156
development_repeated_nested_cv,primary_instrument1_full,primary,1,1,1,development_combined,FPCR,ok,ok,True,33,137,calibrate:138,calibrate,138,195.89999389648438,204.46219513035248,8.562201233868109,156
development_repeated_nested_cv,primary_instrument1_full,primary,1,1,1,development_combined,FPCR,ok,ok,True,33,144,calibrate:145,calibrate,145,191.1999969482422,189.93179877787475,-1.268198170367441,156
development_repeated_nested_cv,primary_instrument1_full,primary,1,1,1,development_combined,FPCR,ok,ok,True,33,158,validate:004,validate,4,189.39999389648438,191.73150614902536,2.331512252540989,156
development_repeated_nested_cv,primary_instrument1_full,primary,1,1,1,development_combined,FPCR,ok,ok,True,33,166,validate:012,validate,12,193.8000030517578,198.4736986158379,4.673695564080077,156
development_repeated_nested_cv,primary_instrument1_full,primary,1,1,1,development_combined,FPCR,ok,ok,True,33,168,validate:014,validate,14,197.5,192.9221566990525,-4.577843300947507,156
development_repeated_nested_cv,primary_instrument1_full,primary,1,1,1,development_combined,FPCR,ok,ok,True,33,169,validate:015,validate,15,195.10000610351562,190.19209373699198,-4.907912366523647,156
development_repeated_nested_cv,primary_instrument1_full,primary,1,1,1,development_combined,FPCR,ok,ok,True,33,178,validate:024,validate,24,193.60000610351562,193.06658520897955,-0.5334208945360785,156
development_repeated_nested_cv,primary_instrument1_full,primary,1,1,1,development_combined,FPCR,ok,ok,True,33,179,validate:025,validate,25,195.5,199.9411881425705,4.441188142570496,156
development_repeated_nested_cv,primary_instrument1_full,primary,1,1,1,development_combined,FPCR,ok,ok,True,33,190,validate:036,validate,36,194.6999969482422,198.30290045226576,3.6029035040235726,156
development_repeated_nested_cv,primary_instrument1_full,primary,1,1,1,development_combined,FPCR,ok,ok,True,33,191,validate:037,validate,37,197.0,198.88594061112482,1.8859406111248234,156
development_repeated_nested_cv,primary_instrument1_full,primary,1,1,2,development_combined,CG-FPLS-code,ok,ok,True,3,6,calibrate:007,calibrate,7,200.10000610351562,192.58847543604415,-7.511530667471476,156
development_repeated_nested_cv,primary_instrument1_full,primary,1,1,2,development_combined,CG-FPLS-code,ok,ok,True,3,8,calibrate:009,calibrate,9,184.89999389648438,190.0989998431749,5.199005946690534,156
development_repeated_nested_cv,primary_instrument1_full,primary,1,1,2,development_combined,CG-FPLS-code,ok,ok,True,3,13,calibrate:014,calibrate,14,221.3000030517578,215.39999702298206,-5.900006028775749,156
development_repeated_nested_cv,primary_instrument1_full,primary,1,1,2,development_combined,CG-FPLS-code,ok,ok,True,3,20,calibrate:021,calibrate,21,183.1999969482422,181.68872792297842,-1.511269025263772,156
development_repeated_nested_cv,primary_instrument1_full,primary,1,1,2,development_combined,CG-FPLS-code,ok,ok,True,3,32,calibrate:033,calibrate,33,183.0,187.59181288404764,4.591812884047641,156
development_repeated_nested_cv,primary_instrument1_full,primary,1,1,2,development_combined,CG-FPLS-code,ok,ok,True,3,33,calibrate:034,calibrate,34,231.89999389648438,234.30182916545985,2.401835268975475,156
development_repeated_nested_cv,primary_instrument1_full,primary,1,1,2,development_combined,CG-FPLS-code,ok,ok,True,3,37,calibrate:038,calibrate,38,208.8000030517578,200.64594977382814,-8.154053277929677,156
development_repeated_nested_cv,primary_instrument1_full,primary,1,1,2,development_combined,CG-FPLS-code,ok,ok,True,3,39,calibrate:040,calibrate,40,174.10000610351562,176.30958834608472,2.2095822425690983,156
development_repeated_nested_cv,primary_instrument1_full,primary,1,1,2,development_combined,CG-FPLS-code,ok,ok,True,3,43,calibrate:044,calibrate,44,186.89999389648438,184.35020216393752,-2.5497917325468507,156
development_repeated_nested_cv,primary_instrument1_full,primary,1,1,2,development_combined,CG-FPLS-code,ok,ok,True,3,47,calibrate:048,calibrate,48,156.8000030517578,163.75766147157347,6.957658419815658,156
development_repeated_nested_cv,primary_instrument1_full,primary,1,1,2,development_combined,CG-FPLS-code,ok,ok,True,3,61,calibrate:062,calibrate,62,176.6999969482422,181.05589803772358,4.355901089481392,156
development_repeated_nested_cv,primary_instrument1_full,primary,1,1,2,development_combined,CG-FPLS-code,ok,ok,True,3,67,calibrate:068,calibrate,68,179.89999389648438,186.10436249186,6.204368595375627,156
development_repeated_nested_cv,primary_instrument1_full,primary,1,1,2,development_combined,CG-FPLS-code,ok,ok,True,3,69,calibrate:070,calibrate,70,159.3000030517578,163.12756053794573,3.8275574861879136,156
development_repeated_nested_cv,primary_instrument1_full,primary,1,1,2,development_combined,CG-FPLS-code,ok,ok,True,3,71,calibrate:072,calibrate,72,201.8000030517578,206.77562052474022,4.975617472982407,156
development_repeated_nested_cv,primary_instrument1_full,primary,1,1,2,development_combined,CG-FPLS-code,ok,ok,True,3,76,calibrate:077,calibrate,77,158.10000610351562,160.352713023987,2.2527069204713825,156
development_repeated_nested_cv,primary_instrument1_full,primary,1,1,2,development_combined,CG-FPLS-code,ok,ok,True,3,79,calibrate:080,calibrate,80,208.39999389648438,205.61457667948972,-2.7854172169946594,156
development_repeated_nested_cv,primary_instrument1_full,primary,1,1,2,development_combined,CG-FPLS-code,ok,ok,True,3,89,calibrate:090,calibrate,90,173.39999389648438,179.68780402935968,6.2878101328753075,156
development_repeated_nested_cv,primary_instrument1_full,primary,1,1,2,development_combined,CG-FPLS-code,ok,ok,True,3,90,calibrate:091,calibrate,91,216.5,213.7903075744961,-2.7096924255039028,156
development_repeated_nested_cv,primary_instrument1_full,primary,1,1,2,development_combined,CG-FPLS-code,ok,ok,True,3,95,calibrate:096,calibrate,96,171.60000610351562,177.09085461931716,5.490848515801531,156
development_repeated_nested_cv,primary_instrument1_full,primary,1,1,2,development_combined,CG-FPLS-code,ok,ok,True,3,96,calibrate:097,calibrate,97,204.0,205.79385275058053,1.7938527505805268,156
development_repeated_nested_cv,primary_instrument1_full,primary,1,1,2,development_combined,CG-FPLS-code,ok,ok,True,3,99,calibrate:100,calibrate,100,219.3000030517578,213.15004283639237,-6.149960215365439,156
development_repeated_nested_cv,primary_instrument1_full,primary,1,1,2,development_combined,CG-FPLS-code,ok,ok,True,3,108,calibrate:109,calibrate,109,222.60000610351562,214.50551496315128,-8.09449114036434,156
development_repeated_nested_cv,primary_instrument1_full,primary,1,1,2,development_combined,CG-FPLS-code,ok,ok,True,3,110,calibrate:111,calibrate,111,217.0,220.4975687559118,3.4975687559118,156
development_repeated_nested_cv,primary_instrument1_full,primary,1,1,2,development_combined,CG-FPLS-code,ok,ok,True,3,120,calibrate:121,calibrate,121,155.10000610351562,164.2442969992249,9.144290895709275,156
development_repeated_nested_cv,primary_instrument1_full,primary,1,1,2,development_combined,CG-FPLS-code,ok,ok,True,3,121,calibrate:122,calibrate,122,176.89999389648438,160.5513066410762,-16.34868725540818,156
development_repeated_nested_cv,primary_instrument1_full,primary,1,1,2,development_combined,CG-FPLS-code,ok,ok,True,3,127,calibrate:128,calibrate,128,239.10000610351562,236.5737527450584,-2.526253358457211,156
development_repeated_nested_cv,primary_instrument1_full,primary,1,1,2,development_combined,CG-FPLS-code,ok,ok,True,3,134,calibrate:135,calibrate,135,188.6999969482422,187.8876840330114,-0.8123129152307911,156
development_repeated_nested_cv,primary_instrument1_full,primary,1,1,2,development_combined,CG-FPLS-code,ok,ok,True,3,135,calibrate:136,calibrate,136,193.10000610351562,196.1137951295305,3.0137890260148765,156
development_repeated_nested_cv,primary_instrument1_full,primary,1,1,2,development_combined,CG-FPLS-code,ok,ok,True,3,142,calibrate:143,calibrate,143,196.60000610351562,190.40884121671436,-6.1911648868012605,156
development_repeated_nested_cv,primary_instrument1_full,primary,1,1,2,development_combined,CG-FPLS-code,ok,ok,True,3,148,calibrate:149,calibrate,149,194.10000610351562,197.32788258798865,3.227876484473029,156
development_repeated_nested_cv,primary_instrument1_full,primary,1,1,2,development_combined,CG-FPLS-code,ok,ok,True,3,150,calibrate:151,calibrate,151,200.0,194.05263280915025,-5.9473671908497465,156
development_repeated_nested_cv,primary_instrument1_full,primary,1,1,2,development_combined,CG-FPLS-code,ok,ok,True,3,156,validate:002,validate,2,188.1999969482422,197.35792513620646,9.157928187964274,156
development_repeated_nested_cv,primary_instrument1_full,primary,1,1,2,development_combined,CG-FPLS-code,ok,ok,True,3,163,validate:009,validate,9,195.8000030517578,193.0932311552563,-2.7067718965015217,156
development_repeated_nested_cv,primary_instrument1_full,primary,1,1,2,development_combined,CG-FPLS-code,ok,ok,True,3,167,validate:013,validate,13,194.5,200.12787446981312,5.627874469813122,156
development_repeated_nested_cv,primary_instrument1_full,primary,1,1,2,development_combined,CG-FPLS-code,ok,ok,True,3,170,validate:016,validate,16,193.60000610351562,196.4046229411245,2.804616837608876,156
development_repeated_nested_cv,primary_instrument1_full,primary,1,1,2,development_combined,CG-FPLS-code,ok,ok,True,3,175,validate:021,validate,21,195.10000610351562,195.76602950265666,0.6660233991410394,156
development_repeated_nested_cv,primary_instrument1_full,primary,1,1,2,development_combined,CG-FPLS-code,ok,ok,True,3,181,validate:027,validate,27,198.89999389648438,201.23083039738344,2.3308365008990677,156
development_repeated_nested_cv,primary_instrument1_full,primary,1,1,2,development_combined,CG-FPLS-code,ok,ok,True,3,185,validate:031,validate,31,194.10000610351562,198.63882218541974,4.538816081904116,156
development_repeated_nested_cv,primary_instrument1_full,primary,1,1,2,development_combined,CG-FPLS-code,ok,ok,True,3,192,validate:038,validate,38,197.39999389648438,198.03966865356486,0.6396747570804848,156
development_repeated_nested_cv,primary_instrument1_full,primary,1,1,2,development_combined,Raw FPLS,ok,ok,True,6,6,calibrate:007,calibrate,7,200.10000610351562,199.15868570142393,-0.9413204020916908,156
development_repeated_nested_cv,primary_instrument1_full,primary,1,1,2,development_combined,Raw FPLS,ok,ok,True,6,8,calibrate:009,calibrate,9,184.89999389648438,186.11101793177684,1.2110240352924677,156
development_repeated_nested_cv,primary_instrument1_full,primary,1,1,2,development_combined,Raw FPLS,ok,ok,True,6,13,calibrate:014,calibrate,14,221.3000030517578,218.43899849634943,-2.8610045554083854,156
development_repeated_nested_cv,primary_instrument1_full,primary,1,1,2,development_combined,Raw FPLS,ok,ok,True,6,20,calibrate:021,calibrate,21,183.1999969482422,185.05552659638118,1.8555296481389973,156
development_repeated_nested_cv,primary_instrument1_full,primary,1,1,2,development_combined,Raw FPLS,ok,ok,True,6,32,calibrate:033,calibrate,33,183.0,188.34045525469048,5.340455254690482,156
development_repeated_nested_cv,primary_instrument1_full,primary,1,1,2,development_combined,Raw FPLS,ok,ok,True,6,33,calibrate:034,calibrate,34,231.89999389648438,236.82347271204995,4.9234788155655735,156
development_repeated_nested_cv,primary_instrument1_full,primary,1,1,2,development_combined,Raw FPLS,ok,ok,True,6,37,calibrate:038,calibrate,38,208.8000030517578,204.63610710409216,-4.163895947665651,156
development_repeated_nested_cv,primary_instrument1_full,primary,1,1,2,development_combined,Raw FPLS,ok,ok,True,6,39,calibrate:040,calibrate,40,174.10000610351562,177.23100044472886,3.1309943412132384,156
development_repeated_nested_cv,primary_instrument1_full,primary,1,1,2,development_combined,Raw FPLS,ok,ok,True,6,43,calibrate:044,calibrate,44,186.89999389648438,187.92758583743498,1.0275919409506002,156
development_repeated_nested_cv,primary_instrument1_full,primary,1,1,2,development_combined,Raw FPLS,ok,ok,True,6,47,calibrate:048,calibrate,48,156.8000030517578,157.70344398714266,0.9034409353848503,156
development_repeated_nested_cv,primary_instrument1_full,primary,1,1,2,development_combined,Raw FPLS,ok,ok,True,6,61,calibrate:062,calibrate,62,176.6999969482422,176.63988893091647,-0.060108017325717356,156
development_repeated_nested_cv,primary_instrument1_full,primary,1,1,2,development_combined,Raw FPLS,ok,ok,True,6,67,calibrate:068,calibrate,68,179.89999389648438,187.11578313944617,7.21578924296179,156
development_repeated_nested_cv,primary_instrument1_full,primary,1,1,2,development_combined,Raw FPLS,ok,ok,True,6,69,calibrate:070,calibrate,70,159.3000030517578,159.7295135732303,0.4295105214724799,156
development_repeated_nested_cv,primary_instrument1_full,primary,1,1,2,development_combined,Raw FPLS,ok,ok,True,6,71,calibrate:072,calibrate,72,201.8000030517578,204.06267983327373,2.262676781515921,156
development_repeated_nested_cv,primary_instrument1_full,primary,1,1,2,development_combined,Raw FPLS,ok,ok,True,6,76,calibrate:077,calibrate,77,158.10000610351562,157.0211907522587,-1.0788153512569352,156
development_repeated_nested_cv,primary_instrument1_full,primary,1,1,2,development_combined,Raw FPLS,ok,ok,True,6,79,calibrate:080,calibrate,80,208.39999389648438,203.40057228870532,-4.999421607779055,156
development_repeated_nested_cv,primary_instrument1_full,primary,1,1,2,development_combined,Raw FPLS,ok,ok,True,6,89,calibrate:090,calibrate,90,173.39999389648438,179.33385738424911,5.933863487764739,156
development_repeated_nested_cv,primary_instrument1_full,primary,1,1,2,development_combined,Raw FPLS,ok,ok,True,6,90,calibrate:091,calibrate,91,216.5,217.93096144767,1.4309614476700006,156
development_repeated_nested_cv,primary_instrument1_full,primary,1,1,2,development_combined,Raw FPLS,ok,ok,True,6,95,calibrate:096,calibrate,96,171.60000610351562,171.38467676107578,-0.21532934243984414,156
development_repeated_nested_cv,primary_instrument1_full,primary,1,1,2,development_combined,Raw FPLS,ok,ok,True,6,96,calibrate:097,calibrate,97,204.0,203.20016591476443,-0.7998340852355739,156
development_repeated_nested_cv,primary_instrument1_full,primary,1,1,2,development_combined,Raw FPLS,ok,ok,True,6,99,calibrate:100,calibrate,100,219.3000030517578,217.49790578193227,-1.8020972698255378,156
development_repeated_nested_cv,primary_instrument1_full,primary,1,1,2,development_combined,Raw FPLS,ok,ok,True,6,108,calibrate:109,calibrate,109,222.60000610351562,221.44089114915727,-1.1591149543583583,156
development_repeated_nested_cv,primary_instrument1_full,primary,1,1,2,development_combined,Raw FPLS,ok,ok,True,6,110,calibrate:111,calibrate,111,217.0,218.962199141918,1.9621991419180063,156
development_repeated_nested_cv,primary_instrument1_full,primary,1,1,2,development_combined,Raw FPLS,ok,ok,True,6,120,calibrate:121,calibrate,121,155.10000610351562,160.00070222000787,4.900696116492242,156
development_repeated_nested_cv,primary_instrument1_full,primary,1,1,2,development_combined,Raw FPLS,ok,ok,True,6,121,calibrate:122,calibrate,122,176.89999389648438,156.9780647704216,-19.921929126062764,156
development_repeated_nested_cv,primary_instrument1_full,primary,1,1,2,development_combined,Raw FPLS,ok,ok,True,6,127,calibrate:128,calibrate,128,239.10000610351562,239.20671829791155,0.10671219439592505,156
development_repeated_nested_cv,primary_instrument1_full,primary,1,1,2,development_combined,Raw FPLS,ok,ok,True,6,134,calibrate:135,calibrate,135,188.6999969482422,190.56424870706599,1.864251758823798,156
development_repeated_nested_cv,primary_instrument1_full,primary,1,1,2,development_combined,Raw FPLS,ok,ok,True,6,135,calibrate:136,calibrate,136,193.10000610351562,192.51622084593728,-0.5837852575783415,156
development_repeated_nested_cv,primary_instrument1_full,primary,1,1,2,development_combined,Raw FPLS,ok,ok,True,6,142,calibrate:143,calibrate,143,196.60000610351562,192.66637881963587,-3.9336272838797584,156
development_repeated_nested_cv,primary_instrument1_full,primary,1,1,2,development_combined,Raw FPLS,ok,ok,True,6,148,calibrate:149,calibrate,149,194.10000610351562,190.16091677531134,-3.9390893282042896,156
development_repeated_nested_cv,primary_instrument1_full,primary,1,1,2,development_combined,Raw FPLS,ok,ok,True,6,150,calibrate:151,calibrate,151,200.0,194.2666217119769,-5.73337828802309,156
development_repeated_nested_cv,primary_instrument1_full,primary,1,1,2,development_combined,Raw FPLS,ok,ok,True,6,156,validate:002,validate,2,188.1999969482422,193.10668051886574,4.9066835706235565,156
development_repeated_nested_cv,primary_instrument1_full,primary,1,1,2,development_combined,Raw FPLS,ok,ok,True,6,163,validate:009,validate,9,195.8000030517578,193.06912454399387,-2.730878507763947,156
development_repeated_nested_cv,primary_instrument1_full,primary,1,1,2,development_combined,Raw FPLS,ok,ok,True,6,167,validate:013,validate,13,194.5,195.26751961197436,0.7675196119743646,156
development_repeated_nested_cv,primary_instrument1_full,primary,1,1,2,development_combined,Raw FPLS,ok,ok,True,6,170,validate:016,validate,16,193.60000610351562,192.6802557419954,-0.9197503615202152,156
development_repeated_nested_cv,primary_instrument1_full,primary,1,1,2,development_combined,Raw FPLS,ok,ok,True,6,175,validate:021,validate,21,195.10000610351562,200.15073765628586,5.05073155277023,156
development_repeated_nested_cv,primary_instrument1_full,primary,1,1,2,development_combined,Raw FPLS,ok,ok,True,6,181,validate:027,validate,27,198.89999389648438,198.75836488583724,-0.1416290106471365,156
development_repeated_nested_cv,primary_instrument1_full,primary,1,1,2,development_combined,Raw FPLS,ok,ok,True,6,185,validate:031,validate,31,194.10000610351562,196.75685457639656,2.656848472880938,156
development_repeated_nested_cv,primary_instrument1_full,primary,1,1,2,development_combined,Raw FPLS,ok,ok,True,6,192,validate:038,validate,38,197.39999389648438,196.67102606885996,-0.728967827624416,156
development_repeated_nested_cv,primary_instrument1_full,primary,1,1,2,development_combined,Arnoldi FPLS,ok,ok,True,6,6,calibrate:007,calibrate,7,200.10000610351562,199.84055459278554,-0.2594515107300879,156
development_repeated_nested_cv,primary_instrument1_full,primary,1,1,2,development_combined,Arnoldi FPLS,ok,ok,True,6,8,calibrate:009,calibrate,9,184.89999389648438,185.7304864453729,0.8304925488885146,156
development_repeated_nested_cv,primary_instrument1_full,primary,1,1,2,development_combined,Arnoldi FPLS,ok,ok,True,6,13,calibrate:014,calibrate,14,221.3000030517578,218.5191716068573,-2.780831444900514,156
development_repeated_nested_cv,primary_instrument1_full,primary,1,1,2,development_combined,Arnoldi FPLS,ok,ok,True,6,20,calibrate:021,calibrate,21,183.1999969482422,182.1046257390182,-1.0953712092239982,156
development_repeated_nested_cv,primary_instrument1_full,primary,1,1,2,development_combined,Arnoldi FPLS,ok,ok,True,6,32,calibrate:033,calibrate,33,183.0,187.0812779477591,4.081277947759105,156
development_repeated_nested_cv,primary_instrument1_full,primary,1,1,2,development_combined,Arnoldi FPLS,ok,ok,True,6,33,calibrate:034,calibrate,34,231.89999389648438,239.44776312541856,7.547769228934186,156
development_repeated_nested_cv,primary_instrument1_full,primary,1,1,2,development_combined,Arnoldi FPLS,ok,ok,True,6,37,calibrate:038,calibrate,38,208.8000030517578,204.91356265746663,-3.886440394291185,156
development_repeated_nested_cv,primary_instrument1_full,primary,1,1,2,development_combined,Arnoldi FPLS,ok,ok,True,6,39,calibrate:040,calibrate,40,174.10000610351562,175.48172259765335,1.38171649413772,156
development_repeated_nested_cv,primary_instrument1_full,primary,1,1,2,development_combined,Arnoldi FPLS,ok,ok,True,6,43,calibrate:044,calibrate,44,186.89999389648438,187.28341643810288,0.38342254161850065,156
development_repeated_nested_cv,primary_instrument1_full,primary,1,1,2,development_combined,Arnoldi FPLS,ok,ok,True,6,47,calibrate:048,calibrate,48,156.8000030517578,158.25598354839045,1.455980496632634,156
development_repeated_nested_cv,primary_instrument1_full,primary,1,1,2,development_combined,Arnoldi FPLS,ok,ok,True,6,61,calibrate:062,calibrate,62,176.6999969482422,175.20664511044498,-1.4933518377972064,156
development_repeated_nested_cv,primary_instrument1_full,primary,1,1,2,development_combined,Arnoldi FPLS,ok,ok,True,6,67,calibrate:068,calibrate,68,179.89999389648438,185.17242613296196,5.272432236477584,156
development_repeated_nested_cv,primary_instrument1_full,primary,1,1,2,development_combined,Arnoldi FPLS,ok,ok,True,6,69,calibrate:070,calibrate,70,159.3000030517578,161.70472866939426,2.404725617636444,156
development_repeated_nested_cv,primary_instrument1_full,primary,1,1,2,development_combined,Arnoldi FPLS,ok,ok,True,6,71,calibrate:072,calibrate,72,201.8000030517578,204.15167167789446,2.351668626136643,156
development_repeated_nested_cv,primary_instrument1_full,primary,1,1,2,development_combined,Arnoldi FPLS,ok,ok,True,6,76,calibrate:077,calibrate,77,158.10000610351562,159.12448111034576,1.02447500683013,156
development_repeated_nested_cv,primary_instrument1_full,primary,1,1,2,development_combined,Arnoldi FPLS,ok,ok,True,6,79,calibrate:080,calibrate,80,208.39999389648438,203.51176987826284,-4.8882240182215355,156
development_repeated_nested_cv,primary_instrument1_full,primary,1,1,2,development_combined,Arnoldi FPLS,ok,ok,True,6,89,calibrate:090,calibrate,90,173.39999389648438,177.76286849627954,4.362874599795163,156
development_repeated_nested_cv,primary_instrument1_full,primary,1,1,2,development_combined,Arnoldi FPLS,ok,ok,True,6,90,calibrate:091,calibrate,91,216.5,217.68528821557265,1.1852882155726547,156
development_repeated_nested_cv,primary_instrument1_full,primary,1,1,2,development_combined,Arnoldi FPLS,ok,ok,True,6,95,calibrate:096,calibrate,96,171.60000610351562,171.4515454122698,-0.14846069124581618,156
development_repeated_nested_cv,primary_instrument1_full,primary,1,1,2,development_combined,Arnoldi FPLS,ok,ok,True,6,96,calibrate:097,calibrate,97,204.0,203.17063426453117,-0.8293657354688264,156
development_repeated_nested_cv,primary_instrument1_full,primary,1,1,2,development_combined,Arnoldi FPLS,ok,ok,True,6,99,calibrate:100,calibrate,100,219.3000030517578,217.8614730062697,-1.4385300454881076,156
development_repeated_nested_cv,primary_instrument1_full,primary,1,1,2,development_combined,Arnoldi FPLS,ok,ok,True,6,108,calibrate:109,calibrate,109,222.60000610351562,223.24652309646356,0.6465169929479373,156
development_repeated_nested_cv,primary_instrument1_full,primary,1,1,2,development_combined,Arnoldi FPLS,ok,ok,True,6,110,calibrate:111,calibrate,111,217.0,218.7901952700402,1.7901952700401864,156
development_repeated_nested_cv,primary_instrument1_full,primary,1,1,2,development_combined,Arnoldi FPLS,ok,ok,True,6,120,calibrate:121,calibrate,121,155.10000610351562,159.38788091836653,4.287874814850909,156
development_repeated_nested_cv,primary_instrument1_full,primary,1,1,2,development_combined,Arnoldi FPLS,ok,ok,True,6,121,calibrate:122,calibrate,122,176.89999389648438,156.57902875736994,-20.320965139114435,156
development_repeated_nested_cv,primary_instrument1_full,primary,1,1,2,development_combined,Arnoldi FPLS,ok,ok,True,6,127,calibrate:128,calibrate,128,239.10000610351562,240.3106514756696,1.2106453721539765,156
development_repeated_nested_cv,primary_instrument1_full,primary,1,1,2,development_combined,Arnoldi FPLS,ok,ok,True,6,134,calibrate:135,calibrate,135,188.6999969482422,191.0410844053441,2.3410874571019065,156
development_repeated_nested_cv,primary_instrument1_full,primary,1,1,2,development_combined,Arnoldi FPLS,ok,ok,True,6,135,calibrate:136,calibrate,136,193.10000610351562,189.78677161343532,-3.313234490080305,156
development_repeated_nested_cv,primary_instrument1_full,primary,1,1,2,development_combined,Arnoldi FPLS,ok,ok,True,6,142,calibrate:143,calibrate,143,196.60000610351562,192.4948633944273,-4.105142709088312,156
development_repeated_nested_cv,primary_instrument1_full,primary,1,1,2,development_combined,Arnoldi FPLS,ok,ok,True,6,148,calibrate:149,calibrate,149,194.10000610351562,189.5514830364122,-4.548523067103417,156
development_repeated_nested_cv,primary_instrument1_full,primary,1,1,2,development_combined,Arnoldi FPLS,ok,ok,True,6,150,calibrate:151,calibrate,151,200.0,194.84832845230818,-5.151671547691819,156
development_repeated_nested_cv,primary_instrument1_full,primary,1,1,2,development_combined,Arnoldi FPLS,ok,ok,True,6,156,validate:002,validate,2,188.1999969482422,191.47980569386675,3.279808745624564,156
development_repeated_nested_cv,primary_instrument1_full,primary,1,1,2,development_combined,Arnoldi FPLS,ok,ok,True,6,163,validate:009,validate,9,195.8000030517578,192.9746946826892,-2.8253083690686083,156
development_repeated_nested_cv,primary_instrument1_full,primary,1,1,2,development_combined,Arnoldi FPLS,ok,ok,True,6,167,validate:013,validate,13,194.5,194.2792372427625,-0.22076275723750882,156
development_repeated_nested_cv,primary_instrument1_full,primary,1,1,2,development_combined,Arnoldi FPLS,ok,ok,True,6,170,validate:016,validate,16,193.60000610351562,191.5281384980816,-2.071867605434022,156
development_repeated_nested_cv,primary_instrument1_full,primary,1,1,2,development_combined,Arnoldi FPLS,ok,ok,True,6,175,validate:021,validate,21,195.10000610351562,198.41689726551394,3.3168911619983135,156
development_repeated_nested_cv,primary_instrument1_full,primary,1,1,2,development_combined,Arnoldi FPLS,ok,ok,True,6,181,validate:027,validate,27,198.89999389648438,198.47108183192208,-0.42891206456229725,156
development_repeated_nested_cv,primary_instrument1_full,primary,1,1,2,development_combined,Arnoldi FPLS,ok,ok,True,6,185,validate:031,validate,31,194.10000610351562,197.74819256003732,3.6481864565216995,156
development_repeated_nested_cv,primary_instrument1_full,primary,1,1,2,development_combined,Arnoldi FPLS,ok,ok,True,6,192,validate:038,validate,38,197.39999389648438,198.79013829297858,1.3901443964942075,156
development_repeated_nested_cv,primary_instrument1_full,primary,1,1,2,development_combined,FPCR,ok,ok,True,14,6,calibrate:007,calibrate,7,200.10000610351562,198.39182549980896,-1.7081806037066656,156
development_repeated_nested_cv,primary_instrument1_full,primary,1,1,2,development_combined,FPCR,ok,ok,True,14,8,calibrate:009,calibrate,9,184.89999389648438,187.46058278180672,2.560588885322346,156
development_repeated_nested_cv,primary_instrument1_full,primary,1,1,2,development_combined,FPCR,ok,ok,True,14,13,calibrate:014,calibrate,14,221.3000030517578,217.4566948278598,-3.8433082238980205,156
development_repeated_nested_cv,primary_instrument1_full,primary,1,1,2,development_combined,FPCR,ok,ok,True,14,20,calibrate:021,calibrate,21,183.1999969482422,183.227341371369,0.02734442312680585,156
development_repeated_nested_cv,primary_instrument1_full,primary,1,1,2,development_combined,FPCR,ok,ok,True,14,32,calibrate:033,calibrate,33,183.0,187.4786591385802,4.478659138580213,156
development_repeated_nested_cv,primary_instrument1_full,primary,1,1,2,development_combined,FPCR,ok,ok,True,14,33,calibrate:034,calibrate,34,231.89999389648438,237.95596653442038,6.055972637936009,156
development_repeated_nested_cv,primary_instrument1_full,primary,1,1,2,development_combined,FPCR,ok,ok,True,14,37,calibrate:038,calibrate,38,208.8000030517578,204.11552602298002,-4.684477028777792,156
development_repeated_nested_cv,primary_instrument1_full,primary,1,1,2,development_combined,FPCR,ok,ok,True,14,39,calibrate:040,calibrate,40,174.10000610351562,175.8443805723366,1.744374468820979,156
development_repeated_nested_cv,primary_instrument1_full,primary,1,1,2,development_combined,FPCR,ok,ok,True,14,43,calibrate:044,calibrate,44,186.89999389648438,187.26992710180872,0.3699332053243438,156
development_repeated_nested_cv,primary_instrument1_full,primary,1,1,2,development_combined,FPCR,ok,ok,True,14,47,calibrate:048,calibrate,48,156.8000030517578,158.28012417881536,1.4801211270575436,156
development_repeated_nested_cv,primary_instrument1_full,primary,1,1,2,development_combined,FPCR,ok,ok,True,14,61,calibrate:062,calibrate,62,176.6999969482422,176.10222939657098,-0.5977675516712111,156
development_repeated_nested_cv,primary_instrument1_full,primary,1,1,2,development_combined,FPCR,ok,ok,True,14,67,calibrate:068,calibrate,68,179.89999389648438,187.08853191688786,7.1885380204034846,156
development_repeated_nested_cv,primary_instrument1_full,primary,1,1,2,development_combined,FPCR,ok,ok,True,14,69,calibrate:070,calibrate,70,159.3000030517578,163.50203439080866,4.202031339050848,156
development_repeated_nested_cv,primary_instrument1_full,primary,1,1,2,development_combined,FPCR,ok,ok,True,14,71,calibrate:072,calibrate,72,201.8000030517578,203.1345725693136,1.3345695175557921,156
development_repeated_nested_cv,primary_instrument1_full,primary,1,1,2,development_combined,FPCR,ok,ok,True,14,76,calibrate:077,calibrate,77,158.10000610351562,159.99297858431265,1.8929724807970274,156
development_repeated_nested_cv,primary_instrument1_full,primary,1,1,2,development_combined,FPCR,ok,ok,True,14,79,calibrate:080,calibrate,80,208.39999389648438,204.6742718778728,-3.7257220186115774,156
development_repeated_nested_cv,primary_instrument1_full,primary,1,1,2,development_combined,FPCR,ok,ok,True,14,89,calibrate:090,calibrate,90,173.39999389648438,178.22540448380335,4.82541058731897,156
development_repeated_nested_cv,primary_instrument1_full,primary,1,1,2,development_combined,FPCR,ok,ok,True,14,90,calibrate:091,calibrate,91,216.5,218.04477727392867,1.5447772739286734,156
development_repeated_nested_cv,primary_instrument1_full,primary,1,1,2,development_combined,FPCR,ok,ok,True,14,95,calibrate:096,calibrate,96,171.60000610351562,171.1562408423033,-0.4437652612123202,156
development_repeated_nested_cv,primary_instrument1_full,primary,1,1,2,development_combined,FPCR,ok,ok,True,14,96,calibrate:097,calibrate,97,204.0,203.56021019140596,-0.4397898085940426,156
development_repeated_nested_cv,primary_instrument1_full,primary,1,1,2,development_combined,FPCR,ok,ok,True,14,99,calibrate:100,calibrate,100,219.3000030517578,216.5623917561834,-2.7376112955744247,156
development_repeated_nested_cv,primary_instrument1_full,primary,1,1,2,development_combined,FPCR,ok,ok,True,14,108,calibrate:109,calibrate,109,222.60000610351562,220.98269148141574,-1.617314622099883,156
development_repeated_nested_cv,primary_instrument1_full,primary,1,1,2,development_combined,FPCR,ok,ok,True,14,110,calibrate:111,calibrate,111,217.0,219.22262532653235,2.222625326532352,156
development_repeated_nested_cv,primary_instrument1_full,primary,1,1,2,development_combined,FPCR,ok,ok,True,14,120,calibrate:121,calibrate,121,155.10000610351562,160.6396742113223,5.539668107806676,156
development_repeated_nested_cv,primary_instrument1_full,primary,1,1,2,development_combined,FPCR,ok,ok,True,14,121,calibrate:122,calibrate,122,176.89999389648438,156.81002470533173,-20.089969191152647,156
development_repeated_nested_cv,primary_instrument1_full,primary,1,1,2,development_combined,FPCR,ok,ok,True,14,127,calibrate:128,calibrate,128,239.10000610351562,239.1425115218531,0.04250541833746979,156
development_repeated_nested_cv,primary_instrument1_full,primary,1,1,2,development_combined,FPCR,ok,ok,True,14,134,calibrate:135,calibrate,135,188.6999969482422,188.86875274525528,0.16875579701309107,156
development_repeated_nested_cv,primary_instrument1_full,primary,1,1,2,development_combined,FPCR,ok,ok,True,14,135,calibrate:136,calibrate,136,193.10000610351562,193.16521756227135,0.06521145875572643,156
development_repeated_nested_cv,primary_instrument1_full,primary,1,1,2,development_combined,FPCR,ok,ok,True,14,142,calibrate:143,calibrate,143,196.60000610351562,191.2700415391993,-5.329964564316327,156
development_repeated_nested_cv,primary_instrument1_full,primary,1,1,2,development_combined,FPCR,ok,ok,True,14,148,calibrate:149,calibrate,149,194.10000610351562,191.24974199525371,-2.8502641082619107,156
development_repeated_nested_cv,primary_instrument1_full,primary,1,1,2,development_combined,FPCR,ok,ok,True,14,150,calibrate:151,calibrate,151,200.0,195.31241871417808,-4.687581285821921,156
development_repeated_nested_cv,primary_instrument1_full,primary,1,1,2,development_combined,FPCR,ok,ok,True,14,156,validate:002,validate,2,188.1999969482422,192.7480054777507,4.5480085295085075,156
development_repeated_nested_cv,primary_instrument1_full,primary,1,1,2,development_combined,FPCR,ok,ok,True,14,163,validate:009,validate,9,195.8000030517578,190.53963009270947,-5.26037295904834,156
development_repeated_nested_cv,primary_instrument1_full,primary,1,1,2,development_combined,FPCR,ok,ok,True,14,167,validate:013,validate,13,194.5,194.02651685846186,-0.4734831415381393,156
development_repeated_nested_cv,primary_instrument1_full,primary,1,1,2,development_combined,FPCR,ok,ok,True,14,170,validate:016,validate,16,193.60000610351562,192.24225612401335,-1.3577499795022732,156
development_repeated_nested_cv,primary_instrument1_full,primary,1,1,2,development_combined,FPCR,ok,ok,True,14,175,validate:021,validate,21,195.10000610351562,198.52053246999546,3.4205263664798338,156
development_repeated_nested_cv,primary_instrument1_full,primary,1,1,2,development_combined,FPCR,ok,ok,True,14,181,validate:027,validate,27,198.89999389648438,199.6881626053635,0.7881687088791125,156
development_repeated_nested_cv,primary_instrument1_full,primary,1,1,2,development_combined,FPCR,ok,ok,True,14,185,validate:031,validate,31,194.10000610351562,199.03958540426163,4.939579300746004,156
development_repeated_nested_cv,primary_instrument1_full,primary,1,1,2,development_combined,FPCR,ok,ok,True,14,192,validate:038,validate,38,197.39999389648438,198.3445565063058,0.9445626098214177,156
development_repeated_nested_cv,primary_instrument1_full,primary,1,1,3,development_combined,CG-FPLS-code,ok,ok,True,3,0,calibrate:001,calibrate,1,200.10000610351562,189.98374029124358,-10.116265812272047,156
development_repeated_nested_cv,primary_instrument1_full,primary,1,1,3,development_combined,CG-FPLS-code,ok,ok,True,3,1,calibrate:002,calibrate,2,198.6999969482422,191.73570869452936,-6.964288253712823,156
development_repeated_nested_cv,primary_instrument1_full,primary,1,1,3,development_combined,CG-FPLS-code,ok,ok,True,3,22,calibrate:023,calibrate,23,220.6999969482422,219.51323953809293,-1.186757410149255,156
development_repeated_nested_cv,primary_instrument1_full,primary,1,1,3,development_combined,CG-FPLS-code,ok,ok,True,3,23,calibrate:024,calibrate,24,190.1999969482422,184.57137079896626,-5.628626149275931,156
development_repeated_nested_cv,primary_instrument1_full,primary,1,1,3,development_combined,CG-FPLS-code,ok,ok,True,3,24,calibrate:025,calibrate,25,177.1999969482422,174.7222314080161,-2.4777655402260734,156
development_repeated_nested_cv,primary_instrument1_full,primary,1,1,3,development_combined,CG-FPLS-code,ok,ok,True,3,28,calibrate:029,calibrate,29,222.5,216.40514557717674,-6.094854422823261,156
development_repeated_nested_cv,primary_instrument1_full,primary,1,1,3,development_combined,CG-FPLS-code,ok,ok,True,3,30,calibrate:031,calibrate,31,184.1999969482422,183.9021398242859,-0.29785712395627684,156
development_repeated_nested_cv,primary_instrument1_full,primary,1,1,3,development_combined,CG-FPLS-code,ok,ok,True,3,36,calibrate:037,calibrate,37,177.5,175.98875559952617,-1.511244400473828,156
development_repeated_nested_cv,primary_instrument1_full,primary,1,1,3,development_combined,CG-FPLS-code,ok,ok,True,3,38,calibrate:039,calibrate,39,214.10000610351562,223.52236788870343,9.422361785187803,156
development_repeated_nested_cv,primary_instrument1_full,primary,1,1,3,development_combined,CG-FPLS-code,ok,ok,True,3,41,calibrate:042,calibrate,42,187.5,185.9321746098946,-1.567825390105412,156
development_repeated_nested_cv,primary_instrument1_full,primary,1,1,3,development_combined,CG-FPLS-code,ok,ok,True,3,48,calibrate:049,calibrate,49,186.3000030517578,189.6980570136808,3.398053961922983,156
development_repeated_nested_cv,primary_instrument1_full,primary,1,1,3,development_combined,CG-FPLS-code,ok,ok,True,3,52,calibrate:053,calibrate,53,171.39999389648438,175.70260979676894,4.3026159002845645,156
development_repeated_nested_cv,primary_instrument1_full,primary,1,1,3,development_combined,CG-FPLS-code,ok,ok,True,3,58,calibrate:059,calibrate,59,155.1999969482422,158.66719488366846,3.4671979354262703,156
development_repeated_nested_cv,primary_instrument1_full,primary,1,1,3,development_combined,CG-FPLS-code,ok,ok,True,3,63,calibrate:064,calibrate,64,156.1999969482422,160.36411621668665,4.164119268444466,156
development_repeated_nested_cv,primary_instrument1_full,primary,1,1,3,development_combined,CG-FPLS-code,ok,ok,True,3,64,calibrate:065,calibrate,65,158.1999969482422,160.63027355322757,2.43027660498538,156
development_repeated_nested_cv,primary_instrument1_full,primary,1,1,3,development_combined,CG-FPLS-code,ok,ok,True,3,65,calibrate:066,calibrate,66,160.39999389648438,159.90748150156446,-0.4925123949199133,156
development_repeated_nested_cv,primary_instrument1_full,primary,1,1,3,development_combined,CG-FPLS-code,ok,ok,True,3,70,calibrate:071,calibrate,71,218.8000030517578,221.7391875753872,2.939184523629393,156
development_repeated_nested_cv,primary_instrument1_full,primary,1,1,3,development_combined,CG-FPLS-code,ok,ok,True,3,78,calibrate:079,calibrate,79,215.1999969482422,221.0157831149858,5.815786166743607,156
development_repeated_nested_cv,primary_instrument1_full,primary,1,1,3,development_combined,CG-FPLS-code,ok,ok,True,3,80,calibrate:081,calibrate,81,172.3000030517578,175.92848447421716,3.6284814224593447,156
development_repeated_nested_cv,primary_instrument1_full,primary,1,1,3,development_combined,CG-FPLS-code,ok,ok,True,3,91,calibrate:092,calibrate,92,175.5,179.89001048729529,4.390010487295285,156
development_repeated_nested_cv,primary_instrument1_full,primary,1,1,3,development_combined,CG-FPLS-code,ok,ok,True,3,98,calibrate:099,calibrate,99,176.39999389648438,176.24044225307475,-0.15955164340962824,156
development_repeated_nested_cv,primary_instrument1_full,primary,1,1,3,development_combined,CG-FPLS-code,ok,ok,True,3,101,calibrate:102,calibrate,102,203.6999969482422,205.40653244652768,1.70653549828549,156
development_repeated_nested_cv,primary_instrument1_full,primary,1,1,3,development_combined,CG-FPLS-code,ok,ok,True,3,116,calibrate:117,calibrate,117,224.3000030517578,219.3462069696072,-4.953796082150603,156
development_repeated_nested_cv,primary_instrument1_full,primary,1,1,3,development_combined,CG-FPLS-code,ok,ok,True,3,117,calibrate:118,calibrate,118,217.1999969482422,220.00573548957874,2.8057385413365523,156
development_repeated_nested_cv,primary_instrument1_full,primary,1,1,3,development_combined,CG-FPLS-code,ok,ok,True,3,118,calibrate:119,calibrate,119,232.89999389648438,234.3506990518715,1.4507051553871122,156
development_repeated_nested_cv,primary_instrument1_full,primary,1,1,3,development_combined,CG-FPLS-code,ok,ok,True,3,126,calibrate:127,calibrate,127,204.5,183.32345846147922,-21.17654153852078,156
development_repeated_nested_cv,primary_instrument1_full,primary,1,1,3,development_combined,CG-FPLS-code,ok,ok,True,3,131,calibrate:132,calibrate,132,206.3000030517578,204.2230809425965,-2.076922109161302,156
development_repeated_nested_cv,primary_instrument1_full,primary,1,1,3,development_combined,CG-FPLS-code,ok,ok,True,3,139,calibrate:140,calibrate,140,193.3000030517578,200.2999718943975,6.9999688426396744,156
development_repeated_nested_cv,primary_instrument1_full,primary,1,1,3,development_combined,CG-FPLS-code,ok,ok,True,3,141,calibrate:142,calibrate,142,196.3000030517578,187.45724621645294,-8.842756835304868,156
development_repeated_nested_cv,primary_instrument1_full,primary,1,1,3,development_combined,CG-FPLS-code,ok,ok,True,3,146,calibrate:147,calibrate,147,198.60000610351562,188.1841136735717,-10.415892429943938,156
development_repeated_nested_cv,primary_instrument1_full,primary,1,1,3,development_combined,CG-FPLS-code,ok,ok,True,3,149,calibrate:150,calibrate,150,181.3000030517578,195.72633734306035,14.426334291302538,156
development_repeated_nested_cv,primary_instrument1_full,primary,1,1,3,development_combined,CG-FPLS-code,ok,ok,True,3,160,validate:006,validate,6,194.5,194.15203115455694,-0.34796884544306295,156
development_repeated_nested_cv,primary_instrument1_full,primary,1,1,3,development_combined,CG-FPLS-code,ok,ok,True,3,161,validate:007,validate,7,195.89999389648438,195.82069937904723,-0.07929451743714822,156
development_repeated_nested_cv,primary_instrument1_full,primary,1,1,3,development_combined,CG-FPLS-code,ok,ok,True,3,165,validate:011,validate,11,195.10000610351562,189.6552360666546,-5.44477003686103,156
development_repeated_nested_cv,primary_instrument1_full,primary,1,1,3,development_combined,CG-FPLS-code,ok,ok,True,3,173,validate:019,validate,19,191.8000030517578,195.8241551329305,4.024152081172701,156
development_repeated_nested_cv,primary_instrument1_full,primary,1,1,3,development_combined,CG-FPLS-code,ok,ok,True,3,177,validate:023,validate,23,194.5,199.27022631083597,4.770226310835966,156
development_repeated_nested_cv,primary_instrument1_full,primary,1,1,3,development_combined,CG-FPLS-code,ok,ok,True,3,183,validate:029,validate,29,199.5,198.20033817604343,-1.2996618239565692,156
development_repeated_nested_cv,primary_instrument1_full,primary,1,1,3,development_combined,CG-FPLS-code,ok,ok,True,3,184,validate:030,validate,30,196.8000030517578,197.3539073132473,0.5539042614894925,156
development_repeated_nested_cv,primary_instrument1_full,primary,1,1,3,development_combined,CG-FPLS-code,ok,ok,True,3,188,validate:034,validate,34,193.39999389648438,198.20811999251632,4.808126096031941,156
development_repeated_nested_cv,primary_instrument1_full,primary,1,1,3,development_combined,Raw FPLS,ok,ok,True,64,0,calibrate:001,calibrate,1,200.10000610351562,193.0101006072595,-7.0899054962561365,156
development_repeated_nested_cv,primary_instrument1_full,primary,1,1,3,development_combined,Raw FPLS,ok,ok,True,64,1,calibrate:002,calibrate,2,198.6999969482422,193.46483371060523,-5.235163237636954,156
development_repeated_nested_cv,primary_instrument1_full,primary,1,1,3,development_combined,Raw FPLS,ok,ok,True,64,22,calibrate:023,calibrate,23,220.6999969482422,218.8254688698229,-1.8745280784192744,156
development_repeated_nested_cv,primary_instrument1_full,primary,1,1,3,development_combined,Raw FPLS,ok,ok,True,64,23,calibrate:024,calibrate,24,190.1999969482422,185.52465254204108,-4.675344406201106,156
development_repeated_nested_cv,primary_instrument1_full,primary,1,1,3,development_combined,Raw FPLS,ok,ok,True,64,24,calibrate:025,calibrate,25,177.1999969482422,174.31648214848533,-2.8835147997568527,156
development_repeated_nested_cv,primary_instrument1_full,primary,1,1,3,development_combined,Raw FPLS,ok,ok,True,64,28,calibrate:029,calibrate,29,222.5,217.51543551254792,-4.984564487452076,156
development_repeated_nested_cv,primary_instrument1_full,primary,1,1,3,development_combined,Raw FPLS,ok,ok,True,64,30,calibrate:031,calibrate,31,184.1999969482422,186.36041649062733,2.160419542385142,156
development_repeated_nested_cv,primary_instrument1_full,primary,1,1,3,development_combined,Raw FPLS,ok,ok,True,64,36,calibrate:037,calibrate,37,177.5,176.6359751235642,-0.8640248764357921,156
development_repeated_nested_cv,primary_instrument1_full,primary,1,1,3,development_combined,Raw FPLS,ok,ok,True,64,38,calibrate:039,calibrate,39,214.10000610351562,223.76140628759273,9.66140018407711,156
development_repeated_nested_cv,primary_instrument1_full,primary,1,1,3,development_combined,Raw FPLS,ok,ok,True,64,41,calibrate:042,calibrate,42,187.5,186.2617323789261,-1.238267621073902,156
development_repeated_nested_cv,primary_instrument1_full,primary,1,1,3,development_combined,Raw FPLS,ok,ok,True,64,48,calibrate:049,calibrate,49,186.3000030517578,186.81077956714805,0.5107765153902335,156
development_repeated_nested_cv,primary_instrument1_full,primary,1,1,3,development_combined,Raw FPLS,ok,ok,True,64,52,calibrate:053,calibrate,53,171.39999389648438,176.5487254862491,5.148731589764736,156
development_repeated_nested_cv,primary_instrument1_full,primary,1,1,3,development_combined,Raw FPLS,ok,ok,True,64,58,calibrate:059,calibrate,59,155.1999969482422,159.7431184294705,4.543121481228326,156
development_repeated_nested_cv,primary_instrument1_full,primary,1,1,3,development_combined,Raw FPLS,ok,ok,True,64,63,calibrate:064,calibrate,64,156.1999969482422,160.6061261240478,4.406129175805603,156
development_repeated_nested_cv,primary_instrument1_full,primary,1,1,3,development_combined,Raw FPLS,ok,ok,True,64,64,calibrate:065,calibrate,65,158.1999969482422,162.32771697599458,4.127720027752389,156
development_repeated_nested_cv,primary_instrument1_full,primary,1,1,3,development_combined,Raw FPLS,ok,ok,True,64,65,calibrate:066,calibrate,66,160.39999389648438,161.05590880853347,0.6559149120490986,156
development_repeated_nested_cv,primary_instrument1_full,primary,1,1,3,development_combined,Raw FPLS,ok,ok,True,64,70,calibrate:071,calibrate,71,218.8000030517578,219.32130638169855,0.5213033299407357,156
development_repeated_nested_cv,primary_instrument1_full,primary,1,1,3,development_combined,Raw FPLS,ok,ok,True,64,78,calibrate:079,calibrate,79,215.1999969482422,219.58213679901482,4.3821398507726315,156
development_repeated_nested_cv,primary_instrument1_full,primary,1,1,3,development_combined,Raw FPLS,ok,ok,True,64,80,calibrate:081,calibrate,81,172.3000030517578,174.84700694550608,2.5470038937482684,156
development_repeated_nested_cv,primary_instrument1_full,primary,1,1,3,development_combined,Raw FPLS,ok,ok,True,64,91,calibrate:092,calibrate,92,175.5,177.1893080219427,1.6893080219427077,156
development_repeated_nested_cv,primary_instrument1_full,primary,1,1,3,development_combined,Raw FPLS,ok,ok,True,64,98,calibrate:099,calibrate,99,176.39999389648438,175.9721222380658,-0.42787165841858155,156
development_repeated_nested_cv,primary_instrument1_full,primary,1,1,3,development_combined,Raw FPLS,ok,ok,True,64,101,calibrate:102,calibrate,102,203.6999969482422,205.7716488739696,2.071651925727423,156
development_repeated_nested_cv,primary_instrument1_full,primary,1,1,3,development_combined,Raw FPLS,ok,ok,True,64,116,calibrate:117,calibrate,117,224.3000030517578,217.26979989326827,-7.030203158489542,156
development_repeated_nested_cv,primary_instrument1_full,primary,1,1,3,development_combined,Raw FPLS,ok,ok,True,64,117,calibrate:118,calibrate,118,217.1999969482422,219.79691730457012,2.596920356327928,156
development_repeated_nested_cv,primary_instrument1_full,primary,1,1,3,development_combined,Raw FPLS,ok,ok,True,64,118,calibrate:119,calibrate,119,232.89999389648438,236.5373278325728,3.6373339360884245,156
development_repeated_nested_cv,primary_instrument1_full,primary,1,1,3,development_combined,Raw FPLS,ok,ok,True,64,126,calibrate:127,calibrate,127,204.5,184.60129728065502,-19.898702719344982,156
development_repeated_nested_cv,primary_instrument1_full,primary,1,1,3,development_combined,Raw FPLS,ok,ok,True,64,131,calibrate:132,calibrate,132,206.3000030517578,204.4288290045654,-1.8711740471924259,156
development_repeated_nested_cv,primary_instrument1_full,primary,1,1,3,development_combined,Raw FPLS,ok,ok,True,64,139,calibrate:140,calibrate,140,193.3000030517578,198.17134906848688,4.871346016729063,156
development_repeated_nested_cv,primary_instrument1_full,primary,1,1,3,development_combined,Raw FPLS,ok,ok,True,64,141,calibrate:142,calibrate,142,196.3000030517578,189.6299956812961,-6.670007370461718,156
development_repeated_nested_cv,primary_instrument1_full,primary,1,1,3,development_combined,Raw FPLS,ok,ok,True,64,146,calibrate:147,calibrate,147,198.60000610351562,187.64179839600013,-10.958207707515498,156
development_repeated_nested_cv,primary_instrument1_full,primary,1,1,3,development_combined,Raw FPLS,ok,ok,True,64,149,calibrate:150,calibrate,150,181.3000030517578,192.64140880833614,11.341405756578325,156
development_repeated_nested_cv,primary_instrument1_full,primary,1,1,3,development_combined,Raw FPLS,ok,ok,True,64,160,validate:006,validate,6,194.5,191.5083440622063,-2.991655937793695,156
development_repeated_nested_cv,primary_instrument1_full,primary,1,1,3,development_combined,Raw FPLS,ok,ok,True,64,161,validate:007,validate,7,195.89999389648438,194.64927948813963,-1.2507144083447486,156
development_repeated_nested_cv,primary_instrument1_full,primary,1,1,3,development_combined,Raw FPLS,ok,ok,True,64,165,validate:011,validate,11,195.10000610351562,191.79943824263063,-3.300567860884996,156
development_repeated_nested_cv,primary_instrument1_full,primary,1,1,3,development_combined,Raw FPLS,ok,ok,True,64,173,validate:019,validate,19,191.8000030517578,192.06277492720895,0.26277187545113634,156
development_repeated_nested_cv,primary_instrument1_full,primary,1,1,3,development_combined,Raw FPLS,ok,ok,True,64,177,validate:023,validate,23,194.5,199.29467768254804,4.794677682548041,156
development_repeated_nested_cv,primary_instrument1_full,primary,1,1,3,development_combined,Raw FPLS,ok,ok,True,64,183,validate:029,validate,29,199.5,200.35072602409454,0.8507260240945413,156
development_repeated_nested_cv,primary_instrument1_full,primary,1,1,3,development_combined,Raw FPLS,ok,ok,True,64,184,validate:030,validate,30,196.8000030517578,198.941565803013,2.1415627512551794,156
development_repeated_nested_cv,primary_instrument1_full,primary,1,1,3,development_combined,Raw FPLS,ok,ok,True,64,188,validate:034,validate,34,193.39999389648438,199.28568320536937,5.8856893088849915,156
development_repeated_nested_cv,primary_instrument1_full,primary,1,1,3,development_combined,Arnoldi FPLS,ok,ok,True,5,0,calibrate:001,calibrate,1,200.10000610351562,194.36838442833604,-5.731621675179582,156
development_repeated_nested_cv,primary_instrument1_full,primary,1,1,3,development_combined,Arnoldi FPLS,ok,ok,True,5,1,calibrate:002,calibrate,2,198.6999969482422,194.9277197425776,-3.7722772056645795,156
development_repeated_nested_cv,primary_instrument1_full,primary,1,1,3,development_combined,Arnoldi FPLS,ok,ok,True,5,22,calibrate:023,calibrate,23,220.6999969482422,217.87067381255966,-2.829323135682529,156
development_repeated_nested_cv,primary_instrument1_full,primary,1,1,3,development_combined,Arnoldi FPLS,ok,ok,True,5,23,calibrate:024,calibrate,24,190.1999969482422,187.38772122750842,-2.8122757207337656,156
development_repeated_nested_cv,primary_instrument1_full,primary,1,1,3,development_combined,Arnoldi FPLS,ok,ok,True,5,24,calibrate:025,calibrate,25,177.1999969482422,175.1551369311515,-2.0448600170906843,156
development_repeated_nested_cv,primary_instrument1_full,primary,1,1,3,development_combined,Arnoldi FPLS,ok,ok,True,5,28,calibrate:029,calibrate,29,222.5,219.2380130503806,-3.2619869496193985,156
development_repeated_nested_cv,primary_instrument1_full,primary,1,1,3,development_combined,Arnoldi FPLS,ok,ok,True,5,30,calibrate:031,calibrate,31,184.1999969482422,187.5949475674722,3.394950619230002,156
development_repeated_nested_cv,primary_instrument1_full,primary,1,1,3,development_combined,Arnoldi FPLS,ok,ok,True,5,36,calibrate:037,calibrate,37,177.5,177.69088383223965,0.1908838322396491,156
development_repeated_nested_cv,primary_instrument1_full,primary,1,1,3,development_combined,Arnoldi FPLS,ok,ok,True,5,38,calibrate:039,calibrate,39,214.10000610351562,222.16886281513106,8.068856711615439,156
development_repeated_nested_cv,primary_instrument1_full,primary,1,1,3,development_combined,Arnoldi FPLS,ok,ok,True,5,41,calibrate:042,calibrate,42,187.5,187.6139020201352,0.11390202013521389,156
development_repeated_nested_cv,primary_instrument1_full,primary,1,1,3,development_combined,Arnoldi FPLS,ok,ok,True,5,48,calibrate:049,calibrate,49,186.3000030517578,185.7422973922354,-0.5577056595224121,156
development_repeated_nested_cv,primary_instrument1_full,primary,1,1,3,development_combined,Arnoldi FPLS,ok,ok,True,5,52,calibrate:053,calibrate,53,171.39999389648438,177.51245044726713,6.112456550782753,156
development_repeated_nested_cv,primary_instrument1_full,primary,1,1,3,development_combined,Arnoldi FPLS,ok,ok,True,5,58,calibrate:059,calibrate,59,155.1999969482422,161.4559067946647,6.255909846422526,156
development_repeated_nested_cv,primary_instrument1_full,primary,1,1,3,development_combined,Arnoldi FPLS,ok,ok,True,5,63,calibrate:064,calibrate,64,156.1999969482422,161.5533891529151,5.3533922046729,156
development_repeated_nested_cv,primary_instrument1_full,primary,1,1,3,development_combined,Arnoldi FPLS,ok,ok,True,5,64,calibrate:065,calibrate,65,158.1999969482422,160.52170695203745,2.3217100037952605,156
development_repeated_nested_cv,primary_instrument1_full,primary,1,1,3,development_combined,Arnoldi FPLS,ok,ok,True,5,65,calibrate:066,calibrate,66,160.39999389648438,160.01249143736197,-0.3875024591224019,156
development_repeated_nested_cv,primary_instrument1_full,primary,1,1,3,development_combined,Arnoldi FPLS,ok,ok,True,5,70,calibrate:071,calibrate,71,218.8000030517578,218.58438965229408,-0.21561339946373437,156
development_repeated_nested_cv,primary_instrument1_full,primary,1,1,3,development_combined,Arnoldi FPLS,ok,ok,True,5,78,calibrate:079,calibrate,79,215.1999969482422,219.15131082371673,3.95131387547454,156
development_repeated_nested_cv,primary_instrument1_full,primary,1,1,3,development_combined,Arnoldi FPLS,ok,ok,True,5,80,calibrate:081,calibrate,81,172.3000030517578,175.50532604135276,3.205322989594947,156
development_repeated_nested_cv,primary_instrument1_full,primary,1,1,3,development_combined,Arnoldi FPLS,ok,ok,True,5,91,calibrate:092,calibrate,92,175.5,176.14782534340435,0.6478253434043495,156
development_repeated_nested_cv,primary_instrument1_full,primary,1,1,3,development_combined,Arnoldi FPLS,ok,ok,True,5,98,calibrate:099,calibrate,99,176.39999389648438,176.99642687232898,0.596432975844607,156
development_repeated_nested_cv,primary_instrument1_full,primary,1,1,3,development_combined,Arnoldi FPLS,ok,ok,True,5,101,calibrate:102,calibrate,102,203.6999969482422,207.28987994649492,3.589882998252733,156
development_repeated_nested_cv,primary_instrument1_full,primary,1,1,3,development_combined,Arnoldi FPLS,ok,ok,True,5,116,calibrate:117,calibrate,117,224.3000030517578,216.85086500183272,-7.4491380499250965,156
development_repeated_nested_cv,primary_instrument1_full,primary,1,1,3,development_combined,Arnoldi FPLS,ok,ok,True,5,117,calibrate:118,calibrate,118,217.1999969482422,219.59769486480056,2.3976979165583714,156
development_repeated_nested_cv,primary_instrument1_full,primary,1,1,3,development_combined,Arnoldi FPLS,ok,ok,True,5,118,calibrate:119,calibrate,119,232.89999389648438,236.2657653671686,3.3657714706842228,156
development_repeated_nested_cv,primary_instrument1_full,primary,1,1,3,development_combined,Arnoldi FPLS,ok,ok,True,5,126,calibrate:127,calibrate,127,204.5,185.5429309845127,-18.957069015487292,156
development_repeated_nested_cv,primary_instrument1_full,primary,1,1,3,development_combined,Arnoldi FPLS,ok,ok,True,5,131,calibrate:132,calibrate,132,206.3000030517578,205.23735428425698,-1.062648767500832,156
development_repeated_nested_cv,primary_instrument1_full,primary,1,1,3,development_combined,Arnoldi FPLS,ok,ok,True,5,139,calibrate:140,calibrate,140,193.3000030517578,197.5277523938926,4.227749342134786,156
development_repeated_nested_cv,primary_instrument1_full,primary,1,1,3,development_combined,Arnoldi FPLS,ok,ok,True,5,141,calibrate:142,calibrate,142,196.3000030517578,191.74981042543126,-4.550192626326549,156
development_repeated_nested_cv,primary_instrument1_full,primary,1,1,3,development_combined,Arnoldi FPLS,ok,ok,True,5,146,calibrate:147,calibrate,147,198.60000610351562,186.42198734814366,-12.178018755371966,156
development_repeated_nested_cv,primary_instrument1_full,primary,1,1,3,development_combined,Arnoldi FPLS,ok,ok,True,5,149,calibrate:150,calibrate,150,181.3000030517578,192.25506970599687,10.955066654239062,156
development_repeated_nested_cv,primary_instrument1_full,primary,1,1,3,development_combined,Arnoldi FPLS,ok,ok,True,5,160,validate:006,validate,6,194.5,191.54147525138305,-2.958524748616952,156
development_repeated_nested_cv,primary_instrument1_full,primary,1,1,3,development_combined,Arnoldi FPLS,ok,ok,True,5,161,validate:007,validate,7,195.89999389648438,193.33796578114942,-2.562028115334954,156
development_repeated_nested_cv,primary_instrument1_full,primary,1,1,3,development_combined,Arnoldi FPLS,ok,ok,True,5,165,validate:011,validate,11,195.10000610351562,193.30951376854807,-1.7904923349675528,156
development_repeated_nested_cv,primary_instrument1_full,primary,1,1,3,development_combined,Arnoldi FPLS,ok,ok,True,5,173,validate:019,validate,19,191.8000030517578,192.29881160366136,0.4988085519035508,156
development_repeated_nested_cv,primary_instrument1_full,primary,1,1,3,development_combined,Arnoldi FPLS,ok,ok,True,5,177,validate:023,validate,23,194.5,200.06682752862432,5.566827528624316,156
development_repeated_nested_cv,primary_instrument1_full,primary,1,1,3,development_combined,Arnoldi FPLS,ok,ok,True,5,183,validate:029,validate,29,199.5,198.41083708301048,-1.0891629169895225,156
development_repeated_nested_cv,primary_instrument1_full,primary,1,1,3,development_combined,Arnoldi FPLS,ok,ok,True,5,184,validate:030,validate,30,196.8000030517578,200.2367405239458,3.4367374721879855,156
development_repeated_nested_cv,primary_instrument1_full,primary,1,1,3,development_combined,Arnoldi FPLS,ok,ok,True,5,188,validate:034,validate,34,193.39999389648438,197.82483605718522,4.424842160700848,156
development_repeated_nested_cv,primary_instrument1_full,primary,1,1,3,development_combined,FPCR,ok,ok,True,39,0,calibrate:001,calibrate,1,200.10000610351562,193.81721384033926,-6.282792263176361,156
development_repeated_nested_cv,primary_instrument1_full,primary,1,1,3,development_combined,FPCR,ok,ok,True,39,1,calibrate:002,calibrate,2,198.6999969482422,193.08104044719292,-5.618956501049269,156
development_repeated_nested_cv,primary_instrument1_full,primary,1,1,3,development_combined,FPCR,ok,ok,True,39,22,calibrate:023,calibrate,23,220.6999969482422,220.07798558295354,-0.6220113652886425,156
development_repeated_nested_cv,primary_instrument1_full,primary,1,1,3,development_combined,FPCR,ok,ok,True,39,23,calibrate:024,calibrate,24,190.1999969482422,193.91796343089487,3.7179664826526846,156
development_repeated_nested_cv,primary_instrument1_full,primary,1,1,3,development_combined,FPCR,ok,ok,True,39,24,calibrate:025,calibrate,25,177.1999969482422,171.33646753851158,-5.863529409730603,156
development_repeated_nested_cv,primary_instrument1_full,primary,1,1,3,development_combined,FPCR,ok,ok,True,39,28,calibrate:029,calibrate,29,222.5,221.07798150852733,-1.4220184914726701,156
development_repeated_nested_cv,primary_instrument1_full,primary,1,1,3,development_combined,FPCR,ok,ok,True,39,30,calibrate:031,calibrate,31,184.1999969482422,185.44987172572584,1.2498747774836545,156
development_repeated_nested_cv,primary_instrument1_full,primary,1,1,3,development_combined,FPCR,ok,ok,True,39,36,calibrate:037,calibrate,37,177.5,177.94398846104687,0.44398846104687095,156
development_repeated_nested_cv,primary_instrument1_full,primary,1,1,3,development_combined,FPCR,ok,ok,True,39,38,calibrate:039,calibrate,39,214.10000610351562,222.97815101802442,8.878144914508795,156
development_repeated_nested_cv,primary_instrument1_full,primary,1,1,3,development_combined,FPCR,ok,ok,True,39,41,calibrate:042,calibrate,42,187.5,189.15022899489767,1.6502289948976738,156
development_repeated_nested_cv,primary_instrument1_full,primary,1,1,3,development_combined,FPCR,ok,ok,True,39,48,calibrate:049,calibrate,49,186.3000030517578,188.30374083637153,2.003737784613719,156
development_repeated_nested_cv,primary_instrument1_full,primary,1,1,3,development_combined,FPCR,ok,ok,True,39,52,calibrate:053,calibrate,53,171.39999389648438,178.00384091450738,6.603847018023004,156
development_repeated_nested_cv,primary_instrument1_full,primary,1,1,3,development_combined,FPCR,ok,ok,True,39,58,calibrate:059,calibrate,59,155.1999969482422,163.27338907932415,8.07339213108196,156
development_repeated_nested_cv,primary_instrument1_full,primary,1,1,3,development_combined,FPCR,ok,ok,True,39,63,calibrate:064,calibrate,64,156.1999969482422,164.15905101671015,7.959054068467964,156
development_repeated_nested_cv,primary_instrument1_full,primary,1,1,3,development_combined,FPCR,ok,ok,True,39,64,calibrate:065,calibrate,65,158.1999969482422,161.0734039482037,2.873406999961503,156
development_repeated_nested_cv,primary_instrument1_full,primary,1,1,3,development_combined,FPCR,ok,ok,True,39,65,calibrate:066,calibrate,66,160.39999389648438,162.8888888882285,2.4888949917441323,156
development_repeated_nested_cv,primary_instrument1_full,primary,1,1,3,development_combined,FPCR,ok,ok,True,39,70,calibrate:071,calibrate,71,218.8000030517578,216.96717278457993,-1.8328302671778829,156
development_repeated_nested_cv,primary_instrument1_full,primary,1,1,3,development_combined,FPCR,ok,ok,True,39,78,calibrate:079,calibrate,79,215.1999969482422,220.98666134826874,5.786664400026552,156
development_repeated_nested_cv,primary_instrument1_full,primary,1,1,3,development_combined,FPCR,ok,ok,True,39,80,calibrate:081,calibrate,81,172.3000030517578,172.89090973816633,0.5909066864085162,156
development_repeated_nested_cv,primary_instrument1_full,primary,1,1,3,development_combined,FPCR,ok,ok,True,39,91,calibrate:092,calibrate,92,175.5,177.80887570623912,2.308875706239121,156
development_repeated_nested_cv,primary_instrument1_full,primary,1,1,3,development_combined,FPCR,ok,ok,True,39,98,calibrate:099,calibrate,99,176.39999389648438,176.02824350355036,-0.37175039293401824,156
development_repeated_nested_cv,primary_instrument1_full,primary,1,1,3,development_combined,FPCR,ok,ok,True,39,101,calibrate:102,calibrate,102,203.6999969482422,204.85781735572448,1.1578204074822906,156
development_repeated_nested_cv,primary_instrument1_full,primary,1,1,3,development_combined,FPCR,ok,ok,True,39,116,calibrate:117,calibrate,117,224.3000030517578,217.2190721112346,-7.080930940523217,156
development_repeated_nested_cv,primary_instrument1_full,primary,1,1,3,development_combined,FPCR,ok,ok,True,39,117,calibrate:118,calibrate,118,217.1999969482422,220.52085589867787,3.320858950435678,156
development_repeated_nested_cv,primary_instrument1_full,primary,1,1,3,development_combined,FPCR,ok,ok,True,39,118,calibrate:119,calibrate,119,232.89999389648438,234.71400263063776,1.81400873415339,156
development_repeated_nested_cv,primary_instrument1_full,primary,1,1,3,development_combined,FPCR,ok,ok,True,39,126,calibrate:127,calibrate,127,204.5,181.536570972778,-22.96342902722199,156
development_repeated_nested_cv,primary_instrument1_full,primary,1,1,3,development_combined,FPCR,ok,ok,True,39,131,calibrate:132,calibrate,132,206.3000030517578,198.91587922635904,-7.384123825398774,156
development_repeated_nested_cv,primary_instrument1_full,primary,1,1,3,development_combined,FPCR,ok,ok,True,39,139,calibrate:140,calibrate,140,193.3000030517578,197.059292172906,3.7592891211481856,156
development_repeated_nested_cv,primary_instrument1_full,primary,1,1,3,development_combined,FPCR,ok,ok,True,39,141,calibrate:142,calibrate,142,196.3000030517578,195.9547735285926,-0.3452295231652158,156
development_repeated_nested_cv,primary_instrument1_full,primary,1,1,3,development_combined,FPCR,ok,ok,True,39,146,calibrate:147,calibrate,147,198.60000610351562,185.94800251897271,-12.65200358454291,156
development_repeated_nested_cv,primary_instrument1_full,primary,1,1,3,development_combined,FPCR,ok,ok,True,39,149,calibrate:150,calibrate,150,181.3000030517578,192.26103062441746,10.961027572659646,156
development_repeated_nested_cv,primary_instrument1_full,primary,1,1,3,development_combined,FPCR,ok,ok,True,39,160,validate:006,validate,6,194.5,193.16898881479653,-1.3310111852034652,156
development_repeated_nested_cv,primary_instrument1_full,primary,1,1,3,development_combined,FPCR,ok,ok,True,39,161,validate:007,validate,7,195.89999389648438,193.30737122370738,-2.592622672776997,156
development_repeated_nested_cv,primary_instrument1_full,primary,1,1,3,development_combined,FPCR,ok,ok,True,39,165,validate:011,validate,11,195.10000610351562,196.419779371338,1.3197732678223701,156
development_repeated_nested_cv,primary_instrument1_full,primary,1,1,3,development_combined,FPCR,ok,ok,True,39,173,validate:019,validate,19,191.8000030517578,195.8067354849839,4.006732433226091,156
development_repeated_nested_cv,primary_instrument1_full,primary,1,1,3,development_combined,FPCR,ok,ok,True,39,177,validate:023,validate,23,194.5,198.06907191934138,3.5690719193413827,156
development_repeated_nested_cv,primary_instrument1_full,primary,1,1,3,development_combined,FPCR,ok,ok,True,39,183,validate:029,validate,29,199.5,196.33821136220718,-3.1617886377928244,156
development_repeated_nested_cv,primary_instrument1_full,primary,1,1,3,development_combined,FPCR,ok,ok,True,39,184,validate:030,validate,30,196.8000030517578,198.42476867579322,1.6247656240354047,156
development_repeated_nested_cv,primary_instrument1_full,primary,1,1,3,development_combined,FPCR,ok,ok,True,39,188,validate:034,validate,34,193.39999389648438,196.95153846208248,3.551544565598107,156
development_repeated_nested_cv,primary_instrument1_full,primary,1,1,4,development_combined,CG-FPLS-code,ok,ok,True,3,10,calibrate:011,calibrate,11,221.8000030517578,219.26563360481757,-2.5343694469402465,156
development_repeated_nested_cv,primary_instrument1_full,primary,1,1,4,development_combined,CG-FPLS-code,ok,ok,True,3,18,calibrate:019,calibrate,19,159.5,178.03089596658367,18.53089596658367,156
development_repeated_nested_cv,primary_instrument1_full,primary,1,1,4,development_combined,CG-FPLS-code,ok,ok,True,3,19,calibrate:020,calibrate,20,159.3000030517578,160.57082894254003,1.2708258907822199,156
development_repeated_nested_cv,primary_instrument1_full,primary,1,1,4,development_combined,CG-FPLS-code,ok,ok,True,3,26,calibrate:027,calibrate,27,209.1999969482422,202.57040926014216,-6.629587688100031,156
development_repeated_nested_cv,primary_instrument1_full,primary,1,1,4,development_combined,CG-FPLS-code,ok,ok,True,3,34,calibrate:035,calibrate,35,218.0,215.3181685775283,-2.681831422471703,156
development_repeated_nested_cv,primary_instrument1_full,primary,1,1,4,development_combined,CG-FPLS-code,ok,ok,True,3,44,calibrate:045,calibrate,45,181.10000610351562,184.79428972495998,3.694283621444356,156
development_repeated_nested_cv,primary_instrument1_full,primary,1,1,4,development_combined,CG-FPLS-code,ok,ok,True,3,56,calibrate:057,calibrate,57,222.3000030517578,221.00152565026636,-1.2984774014914535,156
development_repeated_nested_cv,primary_instrument1_full,primary,1,1,4,development_combined,CG-FPLS-code,ok,ok,True,3,57,calibrate:058,calibrate,58,157.60000610351562,164.4101346402101,6.810128536694464,156
development_repeated_nested_cv,primary_instrument1_full,primary,1,1,4,development_combined,CG-FPLS-code,ok,ok,True,3,59,calibrate:060,calibrate,60,172.3000030517578,178.79851694390155,6.498513892143734,156
development_repeated_nested_cv,primary_instrument1_full,primary,1,1,4,development_combined,CG-FPLS-code,ok,ok,True,3,62,calibrate:063,calibrate,63,176.5,173.2890265559825,-3.2109734440174975,156
development_repeated_nested_cv,primary_instrument1_full,primary,1,1,4,development_combined,CG-FPLS-code,ok,ok,True,3,66,calibrate:067,calibrate,67,215.60000610351562,217.64743836545176,2.0474322619361374,156
development_repeated_nested_cv,primary_instrument1_full,primary,1,1,4,development_combined,CG-FPLS-code,ok,ok,True,3,68,calibrate:069,calibrate,69,233.1999969482422,229.13621225470916,-4.063784693533023,156
development_repeated_nested_cv,primary_instrument1_full,primary,1,1,4,development_combined,CG-FPLS-code,ok,ok,True,3,77,calibrate:078,calibrate,78,201.6999969482422,201.73071242425107,0.03071547600887925,156
development_repeated_nested_cv,primary_instrument1_full,primary,1,1,4,development_combined,CG-FPLS-code,ok,ok,True,3,82,calibrate:083,calibrate,83,172.39999389648438,176.67054648785393,4.270552591369551,156
development_repeated_nested_cv,primary_instrument1_full,primary,1,1,4,development_combined,CG-FPLS-code,ok,ok,True,3,84,calibrate:085,calibrate,85,177.1999969482422,177.01829736282338,-0.18169958541881215,156
development_repeated_nested_cv,primary_instrument1_full,primary,1,1,4,development_combined,CG-FPLS-code,ok,ok,True,3,86,calibrate:087,calibrate,87,205.5,207.92077014509098,2.4207701450909838,156
development_repeated_nested_cv,primary_instrument1_full,primary,1,1,4,development_combined,CG-FPLS-code,ok,ok,True,3,87,calibrate:088,calibrate,88,173.60000610351562,181.20019419534168,7.600188091826055,156
development_repeated_nested_cv,primary_instrument1_full,primary,1,1,4,development_combined,CG-FPLS-code,ok,ok,True,3,92,calibrate:093,calibrate,93,203.89999389648438,208.32497237556228,4.424978479077907,156
development_repeated_nested_cv,primary_instrument1_full,primary,1,1,4,development_combined,CG-FPLS-code,ok,ok,True,3,97,calibrate:098,calibrate,98,183.8000030517578,184.9057165127683,1.105713461010481,156
development_repeated_nested_cv,primary_instrument1_full,primary,1,1,4,development_combined,CG-FPLS-code,ok,ok,True,3,112,calibrate:113,calibrate,113,219.39999389648438,212.98565470596546,-6.414339190518916,156
development_repeated_nested_cv,primary_instrument1_full,primary,1,1,4,development_combined,CG-FPLS-code,ok,ok,True,3,114,calibrate:115,calibrate,115,180.5,177.69280139948373,-2.807198600516273,156
development_repeated_nested_cv,primary_instrument1_full,primary,1,1,4,development_combined,CG-FPLS-code,ok,ok,True,3,122,calibrate:123,calibrate,123,188.0,187.89728906080526,-0.10271093919473628,156
development_repeated_nested_cv,primary_instrument1_full,primary,1,1,4,development_combined,CG-FPLS-code,ok,ok,True,3,124,calibrate:125,calibrate,125,154.8000030517578,162.0082649598941,7.208261908136279,156
development_repeated_nested_cv,primary_instrument1_full,primary,1,1,4,development_combined,CG-FPLS-code,ok,ok,True,3,128,calibrate:129,calibrate,129,231.10000610351562,220.28345692145973,-10.816549182055894,156
development_repeated_nested_cv,primary_instrument1_full,primary,1,1,4,development_combined,CG-FPLS-code,ok,ok,True,3,132,calibrate:133,calibrate,133,186.6999969482422,193.85845809267818,7.158461144435989,156
development_repeated_nested_cv,primary_instrument1_full,primary,1,1,4,development_combined,CG-FPLS-code,ok,ok,True,3,136,calibrate:137,calibrate,137,192.60000610351562,190.48414996088383,-2.1158561426317988,156
development_repeated_nested_cv,primary_instrument1_full,primary,1,1,4,development_combined,CG-FPLS-code,ok,ok,True,3,145,calibrate:146,calibrate,146,191.0,195.25253809797897,4.25253809797897,156
development_repeated_nested_cv,primary_instrument1_full,primary,1,1,4,development_combined,CG-FPLS-code,ok,ok,True,3,147,calibrate:148,calibrate,148,197.8000030517578,189.82354741234104,-7.97645563941677,156
development_repeated_nested_cv,primary_instrument1_full,primary,1,1,4,development_combined,CG-FPLS-code,ok,ok,True,3,151,calibrate:152,calibrate,152,201.39999389648438,189.43510568605708,-11.96488821042729,156
development_repeated_nested_cv,primary_instrument1_full,primary,1,1,4,development_combined,CG-FPLS-code,ok,ok,True,3,152,calibrate:153,calibrate,153,199.6999969482422,189.52967647814424,-10.170320470097948,156
development_repeated_nested_cv,primary_instrument1_full,primary,1,1,4,development_combined,CG-FPLS-code,ok,ok,True,3,154,calibrate:155,calibrate,155,195.3000030517578,188.1748623270005,-7.125140724757301,156
development_repeated_nested_cv,primary_instrument1_full,primary,1,1,4,development_combined,CG-FPLS-code,ok,ok,True,3,155,validate:001,validate,1,189.0,193.99997171803201,4.999971718032015,156
development_repeated_nested_cv,primary_instrument1_full,primary,1,1,4,development_combined,CG-FPLS-code,ok,ok,True,3,159,validate:005,validate,5,195.1999969482422,197.6755755074885,2.4755785592463155,156
development_repeated_nested_cv,primary_instrument1_full,primary,1,1,4,development_combined,CG-FPLS-code,ok,ok,True,3,171,validate:017,validate,17,194.6999969482422,197.18638979327446,2.4863928450322703,156
development_repeated_nested_cv,primary_instrument1_full,primary,1,1,4,development_combined,CG-FPLS-code,ok,ok,True,3,174,validate:020,validate,20,196.3000030517578,194.18837105859436,-2.1116319931634564,156
development_repeated_nested_cv,primary_instrument1_full,primary,1,1,4,development_combined,CG-FPLS-code,ok,ok,True,3,176,validate:022,validate,22,194.0,195.66791961216884,1.6679196121688449,156
development_repeated_nested_cv,primary_instrument1_full,primary,1,1,4,development_combined,CG-FPLS-code,ok,ok,True,3,180,validate:026,validate,26,193.39999389648438,200.7417792281785,7.341785331694126,156
development_repeated_nested_cv,primary_instrument1_full,primary,1,1,4,development_combined,CG-FPLS-code,ok,ok,True,3,189,validate:035,validate,35,196.6999969482422,198.07431253533687,1.374315587094685,156
development_repeated_nested_cv,primary_instrument1_full,primary,1,1,4,development_combined,CG-FPLS-code,ok,ok,True,3,194,validate:040,validate,40,197.5,193.1955422735947,-4.304457726405303,156
development_repeated_nested_cv,primary_instrument1_full,primary,1,1,4,development_combined,Raw FPLS,ok,ok,True,62,10,calibrate:011,calibrate,11,221.8000030517578,218.09376906270833,-3.7062339890494798,156
development_repeated_nested_cv,primary_instrument1_full,primary,1,1,4,development_combined,Raw FPLS,ok,ok,True,62,18,calibrate:019,calibrate,19,159.5,178.23298571411965,18.73298571411965,156
development_repeated_nested_cv,primary_instrument1_full,primary,1,1,4,development_combined,Raw FPLS,ok,ok,True,62,19,calibrate:020,calibrate,20,159.3000030517578,159.93664138982666,0.636638338068849,156
development_repeated_nested_cv,primary_instrument1_full,primary,1,1,4,development_combined,Raw FPLS,ok,ok,True,62,26,calibrate:027,calibrate,27,209.1999969482422,204.95722485876803,-4.242772089474158,156
development_repeated_nested_cv,primary_instrument1_full,primary,1,1,4,development_combined,Raw FPLS,ok,ok,True,62,34,calibrate:035,calibrate,35,218.0,217.99246549851674,-0.0075345014832635115,156
development_repeated_nested_cv,primary_instrument1_full,primary,1,1,4,development_combined,Raw FPLS,ok,ok,True,62,44,calibrate:045,calibrate,45,181.10000610351562,186.19923635830764,5.099230254792019,156
development_repeated_nested_cv,primary_instrument1_full,primary,1,1,4,development_combined,Raw FPLS,ok,ok,True,62,56,calibrate:057,calibrate,57,222.3000030517578,219.73061008863334,-2.5693929631244714,156
development_repeated_nested_cv,primary_instrument1_full,primary,1,1,4,development_combined,Raw FPLS,ok,ok,True,62,57,calibrate:058,calibrate,58,157.60000610351562,162.92102272621133,5.3210166226957085,156
development_repeated_nested_cv,primary_instrument1_full,primary,1,1,4,development_combined,Raw FPLS,ok,ok,True,62,59,calibrate:060,calibrate,60,172.3000030517578,174.82312813532164,2.5231250835638264,156
development_repeated_nested_cv,primary_instrument1_full,primary,1,1,4,development_combined,Raw FPLS,ok,ok,True,62,62,calibrate:063,calibrate,63,176.5,177.29116763481196,0.7911676348119556,156
development_repeated_nested_cv,primary_instrument1_full,primary,1,1,4,development_combined,Raw FPLS,ok,ok,True,62,66,calibrate:067,calibrate,67,215.60000610351562,216.92467519156497,1.3246690880493475,156
development_repeated_nested_cv,primary_instrument1_full,primary,1,1,4,development_combined,Raw FPLS,ok,ok,True,62,68,calibrate:069,calibrate,69,233.1999969482422,233.4585808858358,0.2585839375936132,156
development_repeated_nested_cv,primary_instrument1_full,primary,1,1,4,development_combined,Raw FPLS,ok,ok,True,62,77,calibrate:078,calibrate,78,201.6999969482422,205.32717974608022,3.6271827978380315,156
development_repeated_nested_cv,primary_instrument1_full,primary,1,1,4,development_combined,Raw FPLS,ok,ok,True,62,82,calibrate:083,calibrate,83,172.39999389648438,175.3147728014305,2.9147789049461323,156
development_repeated_nested_cv,primary_instrument1_full,primary,1,1,4,development_combined,Raw FPLS,ok,ok,True,62,84,calibrate:085,calibrate,85,177.1999969482422,176.99659287120312,-0.2034040770390675,156
development_repeated_nested_cv,primary_instrument1_full,primary,1,1,4,development_combined,Raw FPLS,ok,ok,True,62,86,calibrate:087,calibrate,87,205.5,204.36752978596118,-1.1324702140388183,156
development_repeated_nested_cv,primary_instrument1_full,primary,1,1,4,development_combined,Raw FPLS,ok,ok,True,62,87,calibrate:088,calibrate,88,173.60000610351562,174.9849286953889,1.384922591873277,156
development_repeated_nested_cv,primary_instrument1_full,primary,1,1,4,development_combined,Raw FPLS,ok,ok,True,62,92,calibrate:093,calibrate,93,203.89999389648438,205.82371650997985,1.923722613495471,156
development_repeated_nested_cv,primary_instrument1_full,primary,1,1,4,development_combined,Raw FPLS,ok,ok,True,62,97,calibrate:098,calibrate,98,183.8000030517578,187.62168256700892,3.8216795152511054,156
development_repeated_nested_cv,primary_instrument1_full,primary,1,1,4,development_combined,Raw FPLS,ok,ok,True,62,112,calibrate:113,calibrate,113,219.39999389648438,216.95371731149424,-2.4462765849901302,156
development_repeated_nested_cv,primary_instrument1_full,primary,1,1,4,development_combined,Raw FPLS,ok,ok,True,62,114,calibrate:115,calibrate,115,180.5,176.66492909115942,-3.835070908840578,156
development_repeated_nested_cv,primary_instrument1_full,primary,1,1,4,development_combined,Raw FPLS,ok,ok,True,62,122,calibrate:123,calibrate,123,188.0,188.41624373977223,0.4162437397722272,156
development_repeated_nested_cv,primary_instrument1_full,primary,1,1,4,development_combined,Raw FPLS,ok,ok,True,62,124,calibrate:125,calibrate,125,154.8000030517578,159.23670226022068,4.436699208462869,156
development_repeated_nested_cv,primary_instrument1_full,primary,1,1,4,development_combined,Raw FPLS,ok,ok,True,62,128,calibrate:129,calibrate,129,231.10000610351562,226.69423752400763,-4.405768579507992,156
development_repeated_nested_cv,primary_instrument1_full,primary,1,1,4,development_combined,Raw FPLS,ok,ok,True,62,132,calibrate:133,calibrate,133,186.6999969482422,189.64726231854164,2.947265370299448,156
development_repeated_nested_cv,primary_instrument1_full,primary,1,1,4,development_combined,Raw FPLS,ok,ok,True,62,136,calibrate:137,calibrate,137,192.60000610351562,186.07079669596547,-6.529209407550155,156
development_repeated_nested_cv,primary_instrument1_full,primary,1,1,4,development_combined,Raw FPLS,ok,ok,True,62,145,calibrate:146,calibrate,146,191.0,191.2253524009128,0.2253524009128114,156
development_repeated_nested_cv,primary_instrument1_full,primary,1,1,4,development_combined,Raw FPLS,ok,ok,True,62,147,calibrate:148,calibrate,148,197.8000030517578,190.33278771498243,-7.467215336775382,156
development_repeated_nested_cv,primary_instrument1_full,primary,1,1,4,development_combined,Raw FPLS,ok,ok,True,62,151,calibrate:152,calibrate,152,201.39999389648438,193.59347191450624,-7.806521981978136,156
development_repeated_nested_cv,primary_instrument1_full,primary,1,1,4,development_combined,Raw FPLS,ok,ok,True,62,152,calibrate:153,calibrate,153,199.6999969482422,194.79022491239328,-4.909772035848903,156
development_repeated_nested_cv,primary_instrument1_full,primary,1,1,4,development_combined,Raw FPLS,ok,ok,True,62,154,calibrate:155,calibrate,155,195.3000030517578,191.7838473065818,-3.5161557451760075,156
development_repeated_nested_cv,primary_instrument1_full,primary,1,1,4,development_combined,Raw FPLS,ok,ok,True,62,155,validate:001,validate,1,189.0,191.61329378198764,2.613293781987636,156
development_repeated_nested_cv,primary_instrument1_full,primary,1,1,4,development_combined,Raw FPLS,ok,ok,True,62,159,validate:005,validate,5,195.1999969482422,194.9418159364075,-0.25818101183469366,156
development_repeated_nested_cv,primary_instrument1_full,primary,1,1,4,development_combined,Raw FPLS,ok,ok,True,62,171,validate:017,validate,17,194.6999969482422,193.57862498656377,-1.1213719616784203,156
development_repeated_nested_cv,primary_instrument1_full,primary,1,1,4,development_combined,Raw FPLS,ok,ok,True,62,174,validate:020,validate,20,196.3000030517578,192.4520974283647,-3.8479056233931033,156
development_repeated_nested_cv,primary_instrument1_full,primary,1,1,4,development_combined,Raw FPLS,ok,ok,True,62,176,validate:022,validate,22,194.0,199.00278845369212,5.002788453692119,156
development_repeated_nested_cv,primary_instrument1_full,primary,1,1,4,development_combined,Raw FPLS,ok,ok,True,62,180,validate:026,validate,26,193.39999389648438,198.6300904976001,5.230096601115719,156
development_repeated_nested_cv,primary_instrument1_full,primary,1,1,4,development_combined,Raw FPLS,ok,ok,True,62,189,validate:035,validate,35,196.6999969482422,200.74443517401676,4.04443822577457,156
development_repeated_nested_cv,primary_instrument1_full,primary,1,1,4,development_combined,Raw FPLS,ok,ok,True,62,194,validate:040,validate,40,197.5,197.0533380336031,-0.4466619663969027,156
development_repeated_nested_cv,primary_instrument1_full,primary,1,1,4,development_combined,Arnoldi FPLS,ok,ok,True,5,10,calibrate:011,calibrate,11,221.8000030517578,217.80444533376053,-3.9955577179972863,156
development_repeated_nested_cv,primary_instrument1_full,primary,1,1,4,development_combined,Arnoldi FPLS,ok,ok,True,5,18,calibrate:019,calibrate,19,159.5,178.48185933874058,18.981859338740577,156
development_repeated_nested_cv,primary_instrument1_full,primary,1,1,4,development_combined,Arnoldi FPLS,ok,ok,True,5,19,calibrate:020,calibrate,20,159.3000030517578,160.20441366326924,0.9044106115114232,156
development_repeated_nested_cv,primary_instrument1_full,primary,1,1,4,development_combined,Arnoldi FPLS,ok,ok,True,5,26,calibrate:027,calibrate,27,209.1999969482422,205.34360951658246,-3.8563874316597264,156
development_repeated_nested_cv,primary_instrument1_full,primary,1,1,4,development_combined,Arnoldi FPLS,ok,ok,True,5,34,calibrate:035,calibrate,35,218.0,218.4200926757297,0.42009267572970543,156
development_repeated_nested_cv,primary_instrument1_full,primary,1,1,4,development_combined,Arnoldi FPLS,ok,ok,True,5,44,calibrate:045,calibrate,45,181.10000610351562,185.7174626563169,4.617456552801286,156
development_repeated_nested_cv,primary_instrument1_full,primary,1,1,4,development_combined,Arnoldi FPLS,ok,ok,True,5,56,calibrate:057,calibrate,57,222.3000030517578,219.31218399880862,-2.9878190529491917,156
development_repeated_nested_cv,primary_instrument1_full,primary,1,1,4,development_combined,Arnoldi FPLS,ok,ok,True,5,57,calibrate:058,calibrate,58,157.60000610351562,163.13664235694762,5.536636253431993,156
development_repeated_nested_cv,primary_instrument1_full,primary,1,1,4,development_combined,Arnoldi FPLS,ok,ok,True,5,59,calibrate:060,calibrate,60,172.3000030517578,174.64121488298028,2.3412118312224663,156
development_repeated_nested_cv,primary_instrument1_full,primary,1,1,4,development_combined,Arnoldi FPLS,ok,ok,True,5,62,calibrate:063,calibrate,63,176.5,177.87470954965175,1.3747095496517545,156
development_repeated_nested_cv,primary_instrument1_full,primary,1,1,4,development_combined,Arnoldi FPLS,ok,ok,True,5,66,calibrate:067,calibrate,67,215.60000610351562,216.86908010506968,1.2690740015540598,156
development_repeated_nested_cv,primary_instrument1_full,primary,1,1,4,development_combined,Arnoldi FPLS,ok,ok,True,5,68,calibrate:069,calibrate,69,233.1999969482422,233.70066226367916,0.5006653154369758,156
development_repeated_nested_cv,primary_instrument1_full,primary,1,1,4,development_combined,Arnoldi FPLS,ok,ok,True,5,77,calibrate:078,calibrate,78,201.6999969482422,205.76099938163824,4.061002433396055,156
development_repeated_nested_cv,primary_instrument1_full,primary,1,1,4,development_combined,Arnoldi FPLS,ok,ok,True,5,82,calibrate:083,calibrate,83,172.39999389648438,174.66891336479932,2.268919468314948,156
development_repeated_nested_cv,primary_instrument1_full,primary,1,1,4,development_combined,Arnoldi FPLS,ok,ok,True,5,84,calibrate:085,calibrate,85,177.1999969482422,177.2188877454602,0.018890797218006128,156
development_repeated_nested_cv,primary_instrument1_full,primary,1,1,4,development_combined,Arnoldi FPLS,ok,ok,True,5,86,calibrate:087,calibrate,87,205.5,204.00087506761162,-1.4991249323883835,156
development_repeated_nested_cv,primary_instrument1_full,primary,1,1,4,development_combined,Arnoldi FPLS,ok,ok,True,5,87,calibrate:088,calibrate,88,173.60000610351562,174.58875104953887,0.988744946023246,156
development_repeated_nested_cv,primary_instrument1_full,primary,1,1,4,development_combined,Arnoldi FPLS,ok,ok,True,5,92,calibrate:093,calibrate,93,203.89999389648438,205.6162651648226,1.7162712683382324,156
development_repeated_nested_cv,primary_instrument1_full,primary,1,1,4,development_combined,Arnoldi FPLS,ok,ok,True,5,97,calibrate:098,calibrate,98,183.8000030517578,188.03782533277732,4.237822281019504,156
development_repeated_nested_cv,primary_instrument1_full,primary,1,1,4,development_combined,Arnoldi FPLS,ok,ok,True,5,112,calibrate:113,calibrate,113,219.39999389648438,216.54128451393672,-2.8587093825476586,156
development_repeated_nested_cv,primary_instrument1_full,primary,1,1,4,development_combined,Arnoldi FPLS,ok,ok,True,5,114,calibrate:115,calibrate,115,180.5,176.80343306144536,-3.696566938554639,156
development_repeated_nested_cv,primary_instrument1_full,primary,1,1,4,development_combined,Arnoldi FPLS,ok,ok,True,5,122,calibrate:123,calibrate,123,188.0,188.66645311221217,0.6664531122121673,156
development_repeated_nested_cv,primary_instrument1_full,primary,1,1,4,development_combined,Arnoldi FPLS,ok,ok,True,5,124,calibrate:125,calibrate,125,154.8000030517578,158.46670695680052,3.6667039050427093,156
development_repeated_nested_cv,primary_instrument1_full,primary,1,1,4,development_combined,Arnoldi FPLS,ok,ok,True,5,128,calibrate:129,calibrate,129,231.10000610351562,227.43678867800634,-3.6632174255092878,156
development_repeated_nested_cv,primary_instrument1_full,primary,1,1,4,development_combined,Arnoldi FPLS,ok,ok,True,5,132,calibrate:133,calibrate,133,186.6999969482422,189.60922528597575,2.909228337733566,156
development_repeated_nested_cv,primary_instrument1_full,primary,1,1,4,development_combined,Arnoldi FPLS,ok,ok,True,5,136,calibrate:137,calibrate,137,192.60000610351562,185.47007378598315,-7.129932317532479,156
development_repeated_nested_cv,primary_instrument1_full,primary,1,1,4,development_combined,Arnoldi FPLS,ok,ok,True,5,145,calibrate:146,calibrate,146,191.0,191.15803000626113,0.15803000626112862,156
development_repeated_nested_cv,primary_instrument1_full,primary,1,1,4,development_combined,Arnoldi FPLS,ok,ok,True,5,147,calibrate:148,calibrate,148,197.8000030517578,190.85911700098745,-6.940886050770359,156
development_repeated_nested_cv,primary_instrument1_full,primary,1,1,4,development_combined,Arnoldi FPLS,ok,ok,True,5,151,calibrate:152,calibrate,152,201.39999389648438,193.23215075435638,-8.167843142127992,156
development_repeated_nested_cv,primary_instrument1_full,primary,1,1,4,development_combined,Arnoldi FPLS,ok,ok,True,5,152,calibrate:153,calibrate,153,199.6999969482422,194.6903082742604,-5.009688673981799,156
development_repeated_nested_cv,primary_instrument1_full,primary,1,1,4,development_combined,Arnoldi FPLS,ok,ok,True,5,154,calibrate:155,calibrate,155,195.3000030517578,191.53816346841546,-3.7618395833423506,156
development_repeated_nested_cv,primary_instrument1_full,primary,1,1,4,development_combined,Arnoldi FPLS,ok,ok,True,5,155,validate:001,validate,1,189.0,191.72418621901463,2.7241862190146264,156
development_repeated_nested_cv,primary_instrument1_full,primary,1,1,4,development_combined,Arnoldi FPLS,ok,ok,True,5,159,validate:005,validate,5,195.1999969482422,195.0598289030803,-0.14016804516188586,156
development_repeated_nested_cv,primary_instrument1_full,primary,1,1,4,development_combined,Arnoldi FPLS,ok,ok,True,5,171,validate:017,validate,17,194.6999969482422,193.5426500648861,-1.157346883356098,156
development_repeated_nested_cv,primary_instrument1_full,primary,1,1,4,development_combined,Arnoldi FPLS,ok,ok,True,5,174,validate:020,validate,20,196.3000030517578,192.8643517514433,-3.435651300314504,156
development_repeated_nested_cv,primary_instrument1_full,primary,1,1,4,development_combined,Arnoldi FPLS,ok,ok,True,5,176,validate:022,validate,22,194.0,198.58543488296377,4.585434882963767,156
development_repeated_nested_cv,primary_instrument1_full,primary,1,1,4,development_combined,Arnoldi FPLS,ok,ok,True,5,180,validate:026,validate,26,193.39999389648438,198.73351299652225,5.333519100037876,156
development_repeated_nested_cv,primary_instrument1_full,primary,1,1,4,development_combined,Arnoldi FPLS,ok,ok,True,5,189,validate:035,validate,35,196.6999969482422,201.03996000942038,4.339963061178196,156
development_repeated_nested_cv,primary_instrument1_full,primary,1,1,4,development_combined,Arnoldi FPLS,ok,ok,True,5,194,validate:040,validate,40,197.5,196.2781660357728,-1.2218339642271872,156
development_repeated_nested_cv,primary_instrument1_full,primary,1,1,4,development_combined,FPCR,ok,ok,True,56,10,calibrate:011,calibrate,11,221.8000030517578,219.36780701701727,-2.4321960347405422,156
development_repeated_nested_cv,primary_instrument1_full,primary,1,1,4,development_combined,FPCR,ok,ok,True,56,18,calibrate:019,calibrate,19,159.5,176.35766576888147,16.857665768881475,156
development_repeated_nested_cv,primary_instrument1_full,primary,1,1,4,development_combined,FPCR,ok,ok,True,56,19,calibrate:020,calibrate,20,159.3000030517578,156.40541812446799,-2.894584927289827,156
development_repeated_nested_cv,primary_instrument1_full,primary,1,1,4,development_combined,FPCR,ok,ok,True,56,26,calibrate:027,calibrate,27,209.1999969482422,207.93310391743788,-1.2668930308043116,156
development_repeated_nested_cv,primary_instrument1_full,primary,1,1,4,development_combined,FPCR,ok,ok,True,56,34,calibrate:035,calibrate,35,218.0,218.57451179065282,0.5745117906528208,156
development_repeated_nested_cv,primary_instrument1_full,primary,1,1,4,development_combined,FPCR,ok,ok,True,56,44,calibrate:045,calibrate,45,181.10000610351562,186.99154588437813,5.891539780862502,156
development_repeated_nested_cv,primary_instrument1_full,primary,1,1,4,development_combined,FPCR,ok,ok,True,56,56,calibrate:057,calibrate,57,222.3000030517578,218.74867915317478,-3.5513238985830355,156
development_repeated_nested_cv,primary_instrument1_full,primary,1,1,4,development_combined,FPCR,ok,ok,True,56,57,calibrate:058,calibrate,58,157.60000610351562,163.01973380075967,5.419727697244042,156
development_repeated_nested_cv,primary_instrument1_full,primary,1,1,4,development_combined,FPCR,ok,ok,True,56,59,calibrate:060,calibrate,60,172.3000030517578,176.68027857937105,4.380275527613236,156
development_repeated_nested_cv,primary_instrument1_full,primary,1,1,4,development_combined,FPCR,ok,ok,True,56,62,calibrate:063,calibrate,63,176.5,177.64133466887924,1.1413346688792387,156
development_repeated_nested_cv,primary_instrument1_full,primary,1,1,4,development_combined,FPCR,ok,ok,True,56,66,calibrate:067,calibrate,67,215.60000610351562,220.6563014182344,5.056295314718767,156
development_repeated_nested_cv,primary_instrument1_full,primary,1,1,4,development_combined,FPCR,ok,ok,True,56,68,calibrate:069,calibrate,69,233.1999969482422,230.69480890885666,-2.50518803938553,156
development_repeated_nested_cv,primary_instrument1_full,primary,1,1,4,development_combined,FPCR,ok,ok,True,56,77,calibrate:078,calibrate,78,201.6999969482422,203.76739634081264,2.067399392570451,156
development_repeated_nested_cv,primary_instrument1_full,primary,1,1,4,development_combined,FPCR,ok,ok,True,56,82,calibrate:083,calibrate,83,172.39999389648438,168.83269172595163,-3.5673021705327415,156
development_repeated_nested_cv,primary_instrument1_full,primary,1,1,4,development_combined,FPCR,ok,ok,True,56,84,calibrate:085,calibrate,85,177.1999969482422,172.74130809279606,-4.458688855446127,156
development_repeated_nested_cv,primary_instrument1_full,primary,1,1,4,development_combined,FPCR,ok,ok,True,56,86,calibrate:087,calibrate,87,205.5,205.0119171302512,-0.48808286974880843,156
development_repeated_nested_cv,primary_instrument1_full,primary,1,1,4,development_combined,FPCR,ok,ok,True,56,87,calibrate:088,calibrate,88,173.60000610351562,177.97701307663618,4.377006973120558,156
development_repeated_nested_cv,primary_instrument1_full,primary,1,1,4,development_combined,FPCR,ok,ok,True,56,92,calibrate:093,calibrate,93,203.89999389648438,207.1438947327164,3.2439008362320294,156
development_repeated_nested_cv,primary_instrument1_full,primary,1,1,4,development_combined,FPCR,ok,ok,True,56,97,calibrate:098,calibrate,98,183.8000030517578,185.93155958678838,2.131556535030569,156
development_repeated_nested_cv,primary_instrument1_full,primary,1,1,4,development_combined,FPCR,ok,ok,True,56,112,calibrate:113,calibrate,113,219.39999389648438,232.93601659065018,13.536022694165808,156
development_repeated_nested_cv,primary_instrument1_full,primary,1,1,4,development_combined,FPCR,ok,ok,True,56,114,calibrate:115,calibrate,115,180.5,175.9839145692477,-4.516085430752298,156
development_repeated_nested_cv,primary_instrument1_full,primary,1,1,4,development_combined,FPCR,ok,ok,True,56,122,calibrate:123,calibrate,123,188.0,193.43122161435116,5.431221614351159,156
development_repeated_nested_cv,primary_instrument1_full,primary,1,1,4,development_combined,FPCR,ok,ok,True,56,124,calibrate:125,calibrate,125,154.8000030517578,168.54150399576972,13.741500944011904,156
development_repeated_nested_cv,primary_instrument1_full,primary,1,1,4,development_combined,FPCR,ok,ok,True,56,128,calibrate:129,calibrate,129,231.10000610351562,228.49550717355893,-2.6044989299566907,156
development_repeated_nested_cv,primary_instrument1_full,primary,1,1,4,development_combined,FPCR,ok,ok,True,56,132,calibrate:133,calibrate,133,186.6999969482422,189.86302315405828,3.163026205816095,156
development_repeated_nested_cv,primary_instrument1_full,primary,1,1,4,development_combined,FPCR,ok,ok,True,56,136,calibrate:137,calibrate,137,192.60000610351562,177.2882602964927,-15.31174580702293,156
development_repeated_nested_cv,primary_instrument1_full,primary,1,1,4,development_combined,FPCR,ok,ok,True,56,145,calibrate:146,calibrate,146,191.0,201.49491537557105,10.494915375571054,156
development_repeated_nested_cv,primary_instrument1_full,primary,1,1,4,development_combined,FPCR,ok,ok,True,56,147,calibrate:148,calibrate,148,197.8000030517578,200.48367081236555,2.683667760607733,156
development_repeated_nested_cv,primary_instrument1_full,primary,1,1,4,development_combined,FPCR,ok,ok,True,56,151,calibrate:152,calibrate,152,201.39999389648438,197.4479743392992,-3.9520195571851673,156
development_repeated_nested_cv,primary_instrument1_full,primary,1,1,4,development_combined,FPCR,ok,ok,True,56,152,calibrate:153,calibrate,153,199.6999969482422,202.94039435112015,3.24039740287796,156
development_repeated_nested_cv,primary_instrument1_full,primary,1,1,4,development_combined,FPCR,ok,ok,True,56,154,calibrate:155,calibrate,155,195.3000030517578,201.24815294527346,5.948149893515648,156
development_repeated_nested_cv,primary_instrument1_full,primary,1,1,4,development_combined,FPCR,ok,ok,True,56,155,validate:001,validate,1,189.0,192.86850253836846,3.8685025383684604,156
development_repeated_nested_cv,primary_instrument1_full,primary,1,1,4,development_combined,FPCR,ok,ok,True,56,159,validate:005,validate,5,195.1999969482422,198.10084491300023,2.900847964758043,156
development_repeated_nested_cv,primary_instrument1_full,primary,1,1,4,development_combined,FPCR,ok,ok,True,56,171,validate:017,validate,17,194.6999969482422,194.60762581367152,-0.09237113457066926,156
development_repeated_nested_cv,primary_instrument1_full,primary,1,1,4,development_combined,FPCR,ok,ok,True,56,174,validate:020,validate,20,196.3000030517578,194.58666724469686,-1.7133358070609574,156
development_repeated_nested_cv,primary_instrument1_full,primary,1,1,4,development_combined,FPCR,ok,ok,True,56,176,validate:022,validate,22,194.0,202.5937226946159,8.593722694615906,156
development_repeated_nested_cv,primary_instrument1_full,primary,1,1,4,development_combined,FPCR,ok,ok,True,56,180,validate:026,validate,26,193.39999389648438,192.10853981794318,-1.291454078541193,156
development_repeated_nested_cv,primary_instrument1_full,primary,1,1,4,development_combined,FPCR,ok,ok,True,56,189,validate:035,validate,35,196.6999969482422,201.84537296798,5.145376019737824,156
development_repeated_nested_cv,primary_instrument1_full,primary,1,1,4,development_combined,FPCR,ok,ok,True,56,194,validate:040,validate,40,197.5,198.23721321725012,0.7372132172501153,156
development_repeated_nested_cv,primary_instrument1_full,primary,1,1,5,development_combined,CG-FPLS-code,ok,ok,True,3,4,calibrate:005,calibrate,5,199.3000030517578,187.713344848492,-11.586658203265813,156
development_repeated_nested_cv,primary_instrument1_full,primary,1,1,5,development_combined,CG-FPLS-code,ok,ok,True,3,7,calibrate:008,calibrate,8,207.6999969482422,200.1774483878333,-7.522548560408893,156
development_repeated_nested_cv,primary_instrument1_full,primary,1,1,5,development_combined,CG-FPLS-code,ok,ok,True,3,12,calibrate:013,calibrate,13,176.3000030517578,182.3366576018338,6.03665455007598,156
development_repeated_nested_cv,primary_instrument1_full,primary,1,1,5,development_combined,CG-FPLS-code,ok,ok,True,3,14,calibrate:015,calibrate,15,220.10000610351562,217.99383513729302,-2.1061709662226065,156
development_repeated_nested_cv,primary_instrument1_full,primary,1,1,5,development_combined,CG-FPLS-code,ok,ok,True,3,17,calibrate:018,calibrate,18,221.89999389648438,215.9382738382129,-5.9617200582714815,156
development_repeated_nested_cv,primary_instrument1_full,primary,1,1,5,development_combined,CG-FPLS-code,ok,ok,True,3,21,calibrate:022,calibrate,22,185.89999389648438,189.18383975186572,3.283845855381344,156
development_repeated_nested_cv,primary_instrument1_full,primary,1,1,5,development_combined,CG-FPLS-code,ok,ok,True,3,25,calibrate:026,calibrate,26,214.3000030517578,214.6666258808017,0.36662282904387666,156
development_repeated_nested_cv,primary_instrument1_full,primary,1,1,5,development_combined,CG-FPLS-code,ok,ok,True,3,29,calibrate:030,calibrate,30,236.39999389648438,233.06122331216602,-3.338770584318354,156
development_repeated_nested_cv,primary_instrument1_full,primary,1,1,5,development_combined,CG-FPLS-code,ok,ok,True,3,31,calibrate:032,calibrate,32,158.8000030517578,164.17346196121596,5.373458909458151,156
development_repeated_nested_cv,primary_instrument1_full,primary,1,1,5,development_combined,CG-FPLS-code,ok,ok,True,3,45,calibrate:046,calibrate,46,186.8000030517578,180.47755350180756,-6.3224495499502495,156
development_repeated_nested_cv,primary_instrument1_full,primary,1,1,5,development_combined,CG-FPLS-code,ok,ok,True,3,53,calibrate:054,calibrate,54,221.5,212.5399229240617,-8.960077075938301,156
development_repeated_nested_cv,primary_instrument1_full,primary,1,1,5,development_combined,CG-FPLS-code,ok,ok,True,3,55,calibrate:056,calibrate,56,157.5,167.40794159558627,9.907941595586266,156
development_repeated_nested_cv,primary_instrument1_full,primary,1,1,5,development_combined,CG-FPLS-code,ok,ok,True,3,60,calibrate:061,calibrate,61,176.89999389648438,176.74052371191115,-0.15947018457322315,156
development_repeated_nested_cv,primary_instrument1_full,primary,1,1,5,development_combined,CG-FPLS-code,ok,ok,True,3,72,calibrate:073,calibrate,73,202.6999969482422,199.9178078814321,-2.7821890668100764,156
development_repeated_nested_cv,primary_instrument1_full,primary,1,1,5,development_combined,CG-FPLS-code,ok,ok,True,3,74,calibrate:075,calibrate,75,181.3000030517578,191.60062127146557,10.300618219707758,156
development_repeated_nested_cv,primary_instrument1_full,primary,1,1,5,development_combined,CG-FPLS-code,ok,ok,True,3,75,calibrate:076,calibrate,76,178.10000610351562,180.7603042495817,2.660298146066083,156
development_repeated_nested_cv,primary_instrument1_full,primary,1,1,5,development_combined,CG-FPLS-code,ok,ok,True,3,83,calibrate:084,calibrate,84,205.39999389648438,198.8057288484925,-6.5942650479918825,156
development_repeated_nested_cv,primary_instrument1_full,primary,1,1,5,development_combined,CG-FPLS-code,ok,ok,True,3,85,calibrate:086,calibrate,86,184.1999969482422,185.5296214434621,1.3296244952199174,156
development_repeated_nested_cv,primary_instrument1_full,primary,1,1,5,development_combined,CG-FPLS-code,ok,ok,True,3,94,calibrate:095,calibrate,95,172.0,175.89299621114182,3.8929962111418206,156
development_repeated_nested_cv,primary_instrument1_full,primary,1,1,5,development_combined,CG-FPLS-code,ok,ok,True,3,102,calibrate:103,calibrate,103,151.60000610351562,164.85178629654558,13.251780193029958,156
development_repeated_nested_cv,primary_instrument1_full,primary,1,1,5,development_combined,CG-FPLS-code,ok,ok,True,3,105,calibrate:106,calibrate,106,160.39999389648438,157.8548782575942,-2.5451156388901666,156
development_repeated_nested_cv,primary_instrument1_full,primary,1,1,5,development_combined,CG-FPLS-code,ok,ok,True,3,106,calibrate:107,calibrate,107,216.89999389648438,220.0417253948196,3.1417314983352185,156
development_repeated_nested_cv,primary_instrument1_full,primary,1,1,5,development_combined,CG-FPLS-code,ok,ok,True,3,109,calibrate:110,calibrate,110,231.10000610351562,227.91020725285503,-3.189798850660594,156
development_repeated_nested_cv,primary_instrument1_full,primary,1,1,5,development_combined,CG-FPLS-code,ok,ok,True,3,113,calibrate:114,calibrate,114,172.89999389648438,176.56303540843962,3.6630415119552424,156
development_repeated_nested_cv,primary_instrument1_full,primary,1,1,5,development_combined,CG-FPLS-code,ok,ok,True,3,115,calibrate:116,calibrate,116,209.5,197.89230727006182,-11.60769272993818,156
development_repeated_nested_cv,primary_instrument1_full,primary,1,1,5,development_combined,CG-FPLS-code,ok,ok,True,3,123,calibrate:124,calibrate,124,175.5,179.8103273913962,4.310327391396214,156
development_repeated_nested_cv,primary_instrument1_full,primary,1,1,5,development_combined,CG-FPLS-code,ok,ok,True,3,133,calibrate:134,calibrate,134,192.8000030517578,189.5640119702803,-3.235991081477522,156
development_repeated_nested_cv,primary_instrument1_full,primary,1,1,5,development_combined,CG-FPLS-code,ok,ok,True,3,138,calibrate:139,calibrate,139,191.1999969482422,201.60829608636425,10.40829913812206,156
development_repeated_nested_cv,primary_instrument1_full,primary,1,1,5,development_combined,CG-FPLS-code,ok,ok,True,3,140,calibrate:141,calibrate,141,197.1999969482422,190.9287974976758,-6.2711994505663995,156
development_repeated_nested_cv,primary_instrument1_full,primary,1,1,5,development_combined,CG-FPLS-code,ok,ok,True,3,143,calibrate:144,calibrate,144,194.60000610351562,191.46210939787747,-3.1378967056381555,156
development_repeated_nested_cv,primary_instrument1_full,primary,1,1,5,development_combined,CG-FPLS-code,ok,ok,True,3,153,calibrate:154,calibrate,154,201.5,185.01929106049712,-16.480708939502875,156
development_repeated_nested_cv,primary_instrument1_full,primary,1,1,5,development_combined,CG-FPLS-code,ok,ok,True,3,157,validate:003,validate,3,191.89999389648438,192.46309432405647,0.5631004275720954,156
development_repeated_nested_cv,primary_instrument1_full,primary,1,1,5,development_combined,CG-FPLS-code,ok,ok,True,3,162,validate:008,validate,8,194.89999389648438,197.42218189293217,2.522187996447798,156
development_repeated_nested_cv,primary_instrument1_full,primary,1,1,5,development_combined,CG-FPLS-code,ok,ok,True,3,164,validate:010,validate,10,193.8000030517578,200.3207182567068,6.520715204948999,156
development_repeated_nested_cv,primary_instrument1_full,primary,1,1,5,development_combined,CG-FPLS-code,ok,ok,True,3,172,validate:018,validate,18,195.39999389648438,195.0562611102387,-0.34373278624568115,156
development_repeated_nested_cv,primary_instrument1_full,primary,1,1,5,development_combined,CG-FPLS-code,ok,ok,True,3,182,validate:028,validate,28,195.0,195.3628363698198,0.36283636981980294,156
development_repeated_nested_cv,primary_instrument1_full,primary,1,1,5,development_combined,CG-FPLS-code,ok,ok,True,3,186,validate:032,validate,32,197.5,190.27539631529038,-7.224603684709621,156
development_repeated_nested_cv,primary_instrument1_full,primary,1,1,5,development_combined,CG-FPLS-code,ok,ok,True,3,187,validate:033,validate,33,194.1999969482422,196.1115499371141,1.9115529888719038,156
development_repeated_nested_cv,primary_instrument1_full,primary,1,1,5,development_combined,CG-FPLS-code,ok,ok,True,3,193,validate:039,validate,39,196.60000610351562,195.8464662482888,-0.7535398552268191,156
development_repeated_nested_cv,primary_instrument1_full,primary,1,1,5,development_combined,Raw FPLS,ok,ok,True,4,4,calibrate:005,calibrate,5,199.3000030517578,195.00198321777074,-4.29801983398707,156
development_repeated_nested_cv,primary_instrument1_full,primary,1,1,5,development_combined,Raw FPLS,ok,ok,True,4,7,calibrate:008,calibrate,8,207.6999969482422,204.76333302455308,-2.9366639236891103,156
development_repeated_nested_cv,primary_instrument1_full,primary,1,1,5,development_combined,Raw FPLS,ok,ok,True,4,12,calibrate:013,calibrate,13,176.3000030517578,177.96386274176186,1.6638596900040454,156
development_repeated_nested_cv,primary_instrument1_full,primary,1,1,5,development_combined,Raw FPLS,ok,ok,True,4,14,calibrate:015,calibrate,15,220.10000610351562,218.36328404819517,-1.736722055320456,156
development_repeated_nested_cv,primary_instrument1_full,primary,1,1,5,development_combined,Raw FPLS,ok,ok,True,4,17,calibrate:018,calibrate,18,221.89999389648438,220.7679413213586,-1.1320525751257833,156
development_repeated_nested_cv,primary_instrument1_full,primary,1,1,5,development_combined,Raw FPLS,ok,ok,True,4,21,calibrate:022,calibrate,22,185.89999389648438,185.3016345570454,-0.5983593394389857,156
development_repeated_nested_cv,primary_instrument1_full,primary,1,1,5,development_combined,Raw FPLS,ok,ok,True,4,25,calibrate:026,calibrate,26,214.3000030517578,217.01558933834988,2.715586286592071,156
development_repeated_nested_cv,primary_instrument1_full,primary,1,1,5,development_combined,Raw FPLS,ok,ok,True,4,29,calibrate:030,calibrate,30,236.39999389648438,239.21119074332023,2.8111968468358555,156
development_repeated_nested_cv,primary_instrument1_full,primary,1,1,5,development_combined,Raw FPLS,ok,ok,True,4,31,calibrate:032,calibrate,32,158.8000030517578,160.37758009284704,1.5775770410892278,156
development_repeated_nested_cv,primary_instrument1_full,primary,1,1,5,development_combined,Raw FPLS,ok,ok,True,4,45,calibrate:046,calibrate,46,186.8000030517578,182.81083874518887,-3.989164306568938,156
development_repeated_nested_cv,primary_instrument1_full,primary,1,1,5,development_combined,Raw FPLS,ok,ok,True,4,53,calibrate:054,calibrate,54,221.5,216.22666445644455,-5.273335543555447,156
development_repeated_nested_cv,primary_instrument1_full,primary,1,1,5,development_combined,Raw FPLS,ok,ok,True,4,55,calibrate:056,calibrate,56,157.5,160.64142428636737,3.141424286367368,156
development_repeated_nested_cv,primary_instrument1_full,primary,1,1,5,development_combined,Raw FPLS,ok,ok,True,4,60,calibrate:061,calibrate,61,176.89999389648438,176.1920913744593,-0.7079025220250799,156
development_repeated_nested_cv,primary_instrument1_full,primary,1,1,5,development_combined,Raw FPLS,ok,ok,True,4,72,calibrate:073,calibrate,73,202.6999969482422,202.46608223378072,-0.23391471446146284,156
development_repeated_nested_cv,primary_instrument1_full,primary,1,1,5,development_combined,Raw FPLS,ok,ok,True,4,74,calibrate:075,calibrate,75,181.3000030517578,185.54852318413626,4.248520132378445,156
development_repeated_nested_cv,primary_instrument1_full,primary,1,1,5,development_combined,Raw FPLS,ok,ok,True,4,75,calibrate:076,calibrate,76,178.10000610351562,176.8998573993842,-1.2001487041314363,156
development_repeated_nested_cv,primary_instrument1_full,primary,1,1,5,development_combined,Raw FPLS,ok,ok,True,4,83,calibrate:084,calibrate,84,205.39999389648438,201.37611678687114,-4.023877109613238,156
development_repeated_nested_cv,primary_instrument1_full,primary,1,1,5,development_combined,Raw FPLS,ok,ok,True,4,85,calibrate:086,calibrate,86,184.1999969482422,183.63683391363247,-0.5631630346097154,156
development_repeated_nested_cv,primary_instrument1_full,primary,1,1,5,development_combined,Raw FPLS,ok,ok,True,4,94,calibrate:095,calibrate,95,172.0,172.1741938446687,0.17419384466870724,156
development_repeated_nested_cv,primary_instrument1_full,primary,1,1,5,development_combined,Raw FPLS,ok,ok,True,4,102,calibrate:103,calibrate,103,151.60000610351562,162.28408012088548,10.684074017369852,156
development_repeated_nested_cv,primary_instrument1_full,primary,1,1,5,development_combined,Raw FPLS,ok,ok,True,4,105,calibrate:106,calibrate,106,160.39999389648438,159.8185064429133,-0.5814874535710715,156
development_repeated_nested_cv,primary_instrument1_full,primary,1,1,5,development_combined,Raw FPLS,ok,ok,True,4,106,calibrate:107,calibrate,107,216.89999389648438,219.69903863742684,2.7990447409424632,156
development_repeated_nested_cv,primary_instrument1_full,primary,1,1,5,development_combined,Raw FPLS,ok,ok,True,4,109,calibrate:110,calibrate,110,231.10000610351562,234.80269759873642,3.7026914952207903,156
development_repeated_nested_cv,primary_instrument1_full,primary,1,1,5,development_combined,Raw FPLS,ok,ok,True,4,113,calibrate:114,calibrate,114,172.89999389648438,176.39353488158952,3.4935409851051418,156
development_repeated_nested_cv,primary_instrument1_full,primary,1,1,5,development_combined,Raw FPLS,ok,ok,True,4,115,calibrate:116,calibrate,116,209.5,202.64961519007005,-6.850384809929949,156
development_repeated_nested_cv,primary_instrument1_full,primary,1,1,5,development_combined,Raw FPLS,ok,ok,True,4,123,calibrate:124,calibrate,124,175.5,176.90493164112195,1.404931641121948,156
development_repeated_nested_cv,primary_instrument1_full,primary,1,1,5,development_combined,Raw FPLS,ok,ok,True,4,133,calibrate:134,calibrate,134,192.8000030517578,190.4522109513091,-2.3477921004487143,156
development_repeated_nested_cv,primary_instrument1_full,primary,1,1,5,development_combined,Raw FPLS,ok,ok,True,4,138,calibrate:139,calibrate,139,191.1999969482422,197.24717185933488,6.0471749110926964,156
development_repeated_nested_cv,primary_instrument1_full,primary,1,1,5,development_combined,Raw FPLS,ok,ok,True,4,140,calibrate:141,calibrate,141,197.1999969482422,190.47720033667113,-6.722796611571056,156
development_repeated_nested_cv,primary_instrument1_full,primary,1,1,5,development_combined,Raw FPLS,ok,ok,True,4,143,calibrate:144,calibrate,144,194.60000610351562,188.03134822182113,-6.568657881694492,156
development_repeated_nested_cv,primary_instrument1_full,primary,1,1,5,development_combined,Raw FPLS,ok,ok,True,4,153,calibrate:154,calibrate,154,201.5,190.6798808986255,-10.820119101374502,156
development_repeated_nested_cv,primary_instrument1_full,primary,1,1,5,development_combined,Raw FPLS,ok,ok,True,4,157,validate:003,validate,3,191.89999389648438,196.28480212521816,4.384808228733789,156
development_repeated_nested_cv,primary_instrument1_full,primary,1,1,5,development_combined,Raw FPLS,ok,ok,True,4,162,validate:008,validate,8,194.89999389648438,193.63354025276743,-1.2664536437169431,156
development_repeated_nested_cv,primary_instrument1_full,primary,1,1,5,development_combined,Raw FPLS,ok,ok,True,4,164,validate:010,validate,10,193.8000030517578,191.57720499178112,-2.2227980599766965,156
development_repeated_nested_cv,primary_instrument1_full,primary,1,1,5,development_combined,Raw FPLS,ok,ok,True,4,172,validate:018,validate,18,195.39999389648438,193.5182464267211,-1.881747469763269,156
development_repeated_nested_cv,primary_instrument1_full,primary,1,1,5,development_combined,Raw FPLS,ok,ok,True,4,182,validate:028,validate,28,195.0,200.30872478225302,5.308724782253023,156
development_repeated_nested_cv,primary_instrument1_full,primary,1,1,5,development_combined,Raw FPLS,ok,ok,True,4,186,validate:032,validate,32,197.5,198.87493107041269,1.3749310704126856,156
development_repeated_nested_cv,primary_instrument1_full,primary,1,1,5,development_combined,Raw FPLS,ok,ok,True,4,187,validate:033,validate,33,194.1999969482422,199.1624491754876,4.9624522272454215,156
development_repeated_nested_cv,primary_instrument1_full,primary,1,1,5,development_combined,Raw FPLS,ok,ok,True,4,193,validate:039,validate,39,196.60000610351562,197.21247431240192,0.6124682088862983,156
development_repeated_nested_cv,primary_instrument1_full,primary,1,1,5,development_combined,Arnoldi FPLS,ok,ok,True,4,4,calibrate:005,calibrate,5,199.3000030517578,195.00198454226464,-4.2980185094931755,156
development_repeated_nested_cv,primary_instrument1_full,primary,1,1,5,development_combined,Arnoldi FPLS,ok,ok,True,4,7,calibrate:008,calibrate,8,207.6999969482422,204.7633338012886,-2.9366631469535776,156
development_repeated_nested_cv,primary_instrument1_full,primary,1,1,5,development_combined,Arnoldi FPLS,ok,ok,True,4,12,calibrate:013,calibrate,13,176.3000030517578,177.9638619172987,1.663858865540874,156
development_repeated_nested_cv,primary_instrument1_full,primary,1,1,5,development_combined,Arnoldi FPLS,ok,ok,True,4,14,calibrate:015,calibrate,15,220.10000610351562,218.3632835730962,-1.7367225304194278,156
development_repeated_nested_cv,primary_instrument1_full,primary,1,1,5,development_combined,Arnoldi FPLS,ok,ok,True,4,17,calibrate:018,calibrate,18,221.89999389648438,220.76794182736305,-1.132052069121329,156
development_repeated_nested_cv,primary_instrument1_full,primary,1,1,5,development_combined,Arnoldi FPLS,ok,ok,True,4,21,calibrate:022,calibrate,22,185.89999389648438,185.30163376038033,-0.5983601361040485,156
development_repeated_nested_cv,primary_instrument1_full,primary,1,1,5,development_combined,Arnoldi FPLS,ok,ok,True,4,25,calibrate:026,calibrate,26,214.3000030517578,217.01558974280226,2.71558669104445,156
development_repeated_nested_cv,primary_instrument1_full,primary,1,1,5,development_combined,Arnoldi FPLS,ok,ok,True,4,29,calibrate:030,calibrate,30,236.39999389648438,239.21119154489918,2.8111976484148045,156
development_repeated_nested_cv,primary_instrument1_full,primary,1,1,5,development_combined,Arnoldi FPLS,ok,ok,True,4,31,calibrate:032,calibrate,32,158.8000030517578,160.37757969291127,1.5775766411534562,156
development_repeated_nested_cv,primary_instrument1_full,primary,1,1,5,development_combined,Arnoldi FPLS,ok,ok,True,4,45,calibrate:046,calibrate,46,186.8000030517578,182.8108393814769,-3.9891636702809024,156
development_repeated_nested_cv,primary_instrument1_full,primary,1,1,5,development_combined,Arnoldi FPLS,ok,ok,True,4,53,calibrate:054,calibrate,54,221.5,216.22666473909973,-5.273335260900268,156
development_repeated_nested_cv,primary_instrument1_full,primary,1,1,5,development_combined,Arnoldi FPLS,ok,ok,True,4,55,calibrate:056,calibrate,56,157.5,160.6414232140818,3.1414232140818115,156
development_repeated_nested_cv,primary_instrument1_full,primary,1,1,5,development_combined,Arnoldi FPLS,ok,ok,True,4,60,calibrate:061,calibrate,61,176.89999389648438,176.19209151687673,-0.7079023796076456,156
development_repeated_nested_cv,primary_instrument1_full,primary,1,1,5,development_combined,Arnoldi FPLS,ok,ok,True,4,72,calibrate:073,calibrate,73,202.6999969482422,202.46608256982682,-0.23391437841536344,156
development_repeated_nested_cv,primary_instrument1_full,primary,1,1,5,development_combined,Arnoldi FPLS,ok,ok,True,4,74,calibrate:075,calibrate,75,181.3000030517578,185.54852202090507,4.248518969147256,156
development_repeated_nested_cv,primary_instrument1_full,primary,1,1,5,development_combined,Arnoldi FPLS,ok,ok,True,4,75,calibrate:076,calibrate,76,178.10000610351562,176.89985671009907,-1.2001493934165524,156
development_repeated_nested_cv,primary_instrument1_full,primary,1,1,5,development_combined,Arnoldi FPLS,ok,ok,True,4,83,calibrate:084,calibrate,84,205.39999389648438,201.37611705746315,-4.023876839021227,156
development_repeated_nested_cv,primary_instrument1_full,primary,1,1,5,development_combined,Arnoldi FPLS,ok,ok,True,4,85,calibrate:086,calibrate,86,184.1999969482422,183.636833563906,-0.5631633843361783,156
development_repeated_nested_cv,primary_instrument1_full,primary,1,1,5,development_combined,Arnoldi FPLS,ok,ok,True,4,94,calibrate:095,calibrate,95,172.0,172.1741933994499,0.17419339944990497,156
development_repeated_nested_cv,primary_instrument1_full,primary,1,1,5,development_combined,Arnoldi FPLS,ok,ok,True,4,102,calibrate:103,calibrate,103,151.60000610351562,162.28407998082815,10.684073877312528,156
development_repeated_nested_cv,primary_instrument1_full,primary,1,1,5,development_combined,Arnoldi FPLS,ok,ok,True,4,105,calibrate:106,calibrate,106,160.39999389648438,159.8185073689484,-0.5814865275359864,156
development_repeated_nested_cv,primary_instrument1_full,primary,1,1,5,development_combined,Arnoldi FPLS,ok,ok,True,4,106,calibrate:107,calibrate,107,216.89999389648438,219.69903812710854,2.799044230624162,156
development_repeated_nested_cv,primary_instrument1_full,primary,1,1,5,development_combined,Arnoldi FPLS,ok,ok,True,4,109,calibrate:110,calibrate,110,231.10000610351562,234.80269903097067,3.702692927455047,156
development_repeated_nested_cv,primary_instrument1_full,primary,1,1,5,development_combined,Arnoldi FPLS,ok,ok,True,4,113,calibrate:114,calibrate,114,172.89999389648438,176.393535065876,3.4935411693916194,156
development_repeated_nested_cv,primary_instrument1_full,primary,1,1,5,development_combined,Arnoldi FPLS,ok,ok,True,4,115,calibrate:116,calibrate,116,209.5,202.64961597748163,-6.850384022518369,156
development_repeated_nested_cv,primary_instrument1_full,primary,1,1,5,development_combined,Arnoldi FPLS,ok,ok,True,4,123,calibrate:124,calibrate,124,175.5,176.90493111286736,1.4049311128673594,156
development_repeated_nested_cv,primary_instrument1_full,primary,1,1,5,development_combined,Arnoldi FPLS,ok,ok,True,4,133,calibrate:134,calibrate,134,192.8000030517578,190.45221119039047,-2.347791861367341,156
development_repeated_nested_cv,primary_instrument1_full,primary,1,1,5,development_combined,Arnoldi FPLS,ok,ok,True,4,138,calibrate:139,calibrate,139,191.1999969482422,197.24717087337535,6.0471739251331655,156
development_repeated_nested_cv,primary_instrument1_full,primary,1,1,5,development_combined,Arnoldi FPLS,ok,ok,True,4,140,calibrate:141,calibrate,141,197.1999969482422,190.4772002003091,-6.722796747933074,156
development_repeated_nested_cv,primary_instrument1_full,primary,1,1,5,development_combined,Arnoldi FPLS,ok,ok,True,4,143,calibrate:144,calibrate,144,194.60000610351562,188.0313477450996,-6.56865835841603,156
development_repeated_nested_cv,primary_instrument1_full,primary,1,1,5,development_combined,Arnoldi FPLS,ok,ok,True,4,153,calibrate:154,calibrate,154,201.5,190.67988197261272,-10.82011802738728,156
development_repeated_nested_cv,primary_instrument1_full,primary,1,1,5,development_combined,Arnoldi FPLS,ok,ok,True,4,157,validate:003,validate,3,191.89999389648438,196.28480301292984,4.384809116445467,156
development_repeated_nested_cv,primary_instrument1_full,primary,1,1,5,development_combined,Arnoldi FPLS,ok,ok,True,4,162,validate:008,validate,8,194.89999389648438,193.6335395191727,-1.2664543773116748,156
development_repeated_nested_cv,primary_instrument1_full,primary,1,1,5,development_combined,Arnoldi FPLS,ok,ok,True,4,164,validate:010,validate,10,193.8000030517578,191.57720323091675,-2.222799820841061,156
development_repeated_nested_cv,primary_instrument1_full,primary,1,1,5,development_combined,Arnoldi FPLS,ok,ok,True,4,172,validate:018,validate,18,195.39999389648438,193.5182462578314,-1.8817476386529677,156
development_repeated_nested_cv,primary_instrument1_full,primary,1,1,5,development_combined,Arnoldi FPLS,ok,ok,True,4,182,validate:028,validate,28,195.0,200.30872567367857,5.308725673678566,156
development_repeated_nested_cv,primary_instrument1_full,primary,1,1,5,development_combined,Arnoldi FPLS,ok,ok,True,4,186,validate:032,validate,32,197.5,198.87493272276885,1.3749327227688468,156
development_repeated_nested_cv,primary_instrument1_full,primary,1,1,5,development_combined,Arnoldi FPLS,ok,ok,True,4,187,validate:033,validate,33,194.1999969482422,199.16244952575718,4.962452577514995,156
development_repeated_nested_cv,primary_instrument1_full,primary,1,1,5,development_combined,Arnoldi FPLS,ok,ok,True,4,193,validate:039,validate,39,196.60000610351562,197.21247442539433,0.6124683218787084,156
development_repeated_nested_cv,primary_instrument1_full,primary,1,1,5,development_combined,FPCR,ok,ok,True,7,4,calibrate:005,calibrate,5,199.3000030517578,195.65054339520248,-3.6494596565553366,156
development_repeated_nested_cv,primary_instrument1_full,primary,1,1,5,development_combined,FPCR,ok,ok,True,7,7,calibrate:008,calibrate,8,207.6999969482422,203.57050204567722,-4.129494902564971,156
development_repeated_nested_cv,primary_instrument1_full,primary,1,1,5,development_combined,FPCR,ok,ok,True,7,12,calibrate:013,calibrate,13,176.3000030517578,178.6315616446639,2.3315585929060774,156
development_repeated_nested_cv,primary_instrument1_full,primary,1,1,5,development_combined,FPCR,ok,ok,True,7,14,calibrate:015,calibrate,15,220.10000610351562,218.07413679046522,-2.025869313050407,156
development_repeated_nested_cv,primary_instrument1_full,primary,1,1,5,development_combined,FPCR,ok,ok,True,7,17,calibrate:018,calibrate,18,221.89999389648438,219.56344134928372,-2.336552547200654,156
development_repeated_nested_cv,primary_instrument1_full,primary,1,1,5,development_combined,FPCR,ok,ok,True,7,21,calibrate:022,calibrate,22,185.89999389648438,186.18698404289805,0.2869901464136717,156
development_repeated_nested_cv,primary_instrument1_full,primary,1,1,5,development_combined,FPCR,ok,ok,True,7,25,calibrate:026,calibrate,26,214.3000030517578,216.38957148112445,2.0895684293666363,156
development_repeated_nested_cv,primary_instrument1_full,primary,1,1,5,development_combined,FPCR,ok,ok,True,7,29,calibrate:030,calibrate,30,236.39999389648438,237.41112761924933,1.0111337227649528,156
development_repeated_nested_cv,primary_instrument1_full,primary,1,1,5,development_combined,FPCR,ok,ok,True,7,31,calibrate:032,calibrate,32,158.8000030517578,161.3612080388052,2.5612049870473754,156
development_repeated_nested_cv,primary_instrument1_full,primary,1,1,5,development_combined,FPCR,ok,ok,True,7,45,calibrate:046,calibrate,46,186.8000030517578,182.32154612702186,-4.478456924735951,156
development_repeated_nested_cv,primary_instrument1_full,primary,1,1,5,development_combined,FPCR,ok,ok,True,7,53,calibrate:054,calibrate,54,221.5,216.60168039312572,-4.898319606874281,156
development_repeated_nested_cv,primary_instrument1_full,primary,1,1,5,development_combined,FPCR,ok,ok,True,7,55,calibrate:056,calibrate,56,157.5,161.17599143576683,3.675991435766832,156
development_repeated_nested_cv,primary_instrument1_full,primary,1,1,5,development_combined,FPCR,ok,ok,True,7,60,calibrate:061,calibrate,61,176.89999389648438,177.83544851342094,0.9354546169365676,156
development_repeated_nested_cv,primary_instrument1_full,primary,1,1,5,development_combined,FPCR,ok,ok,True,7,72,calibrate:073,calibrate,73,202.6999969482422,203.02846173879254,0.32846479055035616,156
development_repeated_nested_cv,primary_instrument1_full,primary,1,1,5,development_combined,FPCR,ok,ok,True,7,74,calibrate:075,calibrate,75,181.3000030517578,184.46439872192894,3.1643956701711318,156
development_repeated_nested_cv,primary_instrument1_full,primary,1,1,5,development_combined,FPCR,ok,ok,True,7,75,calibrate:076,calibrate,76,178.10000610351562,176.94121391218852,-1.1587921913271089,156
development_repeated_nested_cv,primary_instrument1_full,primary,1,1,5,development_combined,FPCR,ok,ok,True,7,83,calibrate:084,calibrate,84,205.39999389648438,201.97275404642957,-3.4272398500548036,156
development_repeated_nested_cv,primary_instrument1_full,primary,1,1,5,development_combined,FPCR,ok,ok,True,7,85,calibrate:086,calibrate,86,184.1999969482422,184.81042435232172,0.6104274040795303,156
development_repeated_nested_cv,primary_instrument1_full,primary,1,1,5,development_combined,FPCR,ok,ok,True,7,94,calibrate:095,calibrate,95,172.0,173.6313383367642,1.6313383367642018,156
development_repeated_nested_cv,primary_instrument1_full,primary,1,1,5,development_combined,FPCR,ok,ok,True,7,102,calibrate:103,calibrate,103,151.60000610351562,163.030263051239,11.430256947723365,156
development_repeated_nested_cv,primary_instrument1_full,primary,1,1,5,development_combined,FPCR,ok,ok,True,7,105,calibrate:106,calibrate,106,160.39999389648438,159.43174042109143,-0.9682534753929417,156
development_repeated_nested_cv,primary_instrument1_full,primary,1,1,5,development_combined,FPCR,ok,ok,True,7,106,calibrate:107,calibrate,107,216.89999389648438,219.41919780198427,2.519203905499893,156
development_repeated_nested_cv,primary_instrument1_full,primary,1,1,5,development_combined,FPCR,ok,ok,True,7,109,calibrate:110,calibrate,110,231.10000610351562,235.69694738821977,4.596941284704144,156
development_repeated_nested_cv,primary_instrument1_full,primary,1,1,5,development_combined,FPCR,ok,ok,True,7,113,calibrate:114,calibrate,114,172.89999389648438,177.37904561344823,4.479051716963852,156
development_repeated_nested_cv,primary_instrument1_full,primary,1,1,5,development_combined,FPCR,ok,ok,True,7,115,calibrate:116,calibrate,116,209.5,199.62844538660005,-9.871554613399951,156
development_repeated_nested_cv,primary_instrument1_full,primary,1,1,5,development_combined,FPCR,ok,ok,True,7,123,calibrate:124,calibrate,124,175.5,178.5556698982128,3.0556698982128125,156
development_repeated_nested_cv,primary_instrument1_full,primary,1,1,5,development_combined,FPCR,ok,ok,True,7,133,calibrate:134,calibrate,134,192.8000030517578,190.84966425316424,-1.9503387985935774,156
development_repeated_nested_cv,primary_instrument1_full,primary,1,1,5,development_combined,FPCR,ok,ok,True,7,138,calibrate:139,calibrate,139,191.1999969482422,197.0938240210503,5.893827072808108,156
development_repeated_nested_cv,primary_instrument1_full,primary,1,1,5,development_combined,FPCR,ok,ok,True,7,140,calibrate:141,calibrate,141,197.1999969482422,191.380465902705,-5.81953104553719,156
development_repeated_nested_cv,primary_instrument1_full,primary,1,1,5,development_combined,FPCR,ok,ok,True,7,143,calibrate:144,calibrate,144,194.60000610351562,189.18377299481625,-5.416233108699373,156
development_repeated_nested_cv,primary_instrument1_full,primary,1,1,5,development_combined,FPCR,ok,ok,True,7,153,calibrate:154,calibrate,154,201.5,191.96105077974568,-9.538949220254324,156
development_repeated_nested_cv,primary_instrument1_full,primary,1,1,5,development_combined,FPCR,ok,ok,True,7,157,validate:003,validate,3,191.89999389648438,197.98891619487634,6.088922298391964,156
development_repeated_nested_cv,primary_instrument1_full,primary,1,1,5,development_combined,FPCR,ok,ok,True,7,162,validate:008,validate,8,194.89999389648438,193.80009177922867,-1.0999021172557093,156
development_repeated_nested_cv,primary_instrument1_full,primary,1,1,5,development_combined,FPCR,ok,ok,True,7,164,validate:010,validate,10,193.8000030517578,192.18691468477627,-1.6130883669815432,156
development_repeated_nested_cv,primary_instrument1_full,primary,1,1,5,development_combined,FPCR,ok,ok,True,7,172,validate:018,validate,18,195.39999389648438,192.7374777591252,-2.6625161373591766,156
development_repeated_nested_cv,primary_instrument1_full,primary,1,1,5,development_combined,FPCR,ok,ok,True,7,182,validate:028,validate,28,195.0,198.90143334940146,3.901433349401458,156
development_repeated_nested_cv,primary_instrument1_full,primary,1,1,5,development_combined,FPCR,ok,ok,True,7,186,validate:032,validate,32,197.5,198.24600593912615,0.7460059391261495,156
development_repeated_nested_cv,primary_instrument1_full,primary,1,1,5,development_combined,FPCR,ok,ok,True,7,187,validate:033,validate,33,194.1999969482422,200.1949118618777,5.994914913635512,156
development_repeated_nested_cv,primary_instrument1_full,primary,1,1,5,development_combined,FPCR,ok,ok,True,7,193,validate:039,validate,39,196.60000610351562,198.31336711783095,1.7133610143153248,156
development_repeated_nested_cv,primary_instrument1_full,primary,1,2,1,development_combined,CG-FPLS-code,ok,ok,True,3,2,calibrate:003,calibrate,3,201.39999389648438,190.90524500336002,-10.494748893124353,156
development_repeated_nested_cv,primary_instrument1_full,primary,1,2,1,development_combined,CG-FPLS-code,ok,ok,True,3,7,calibrate:008,calibrate,8,207.6999969482422,200.95307005783215,-6.7469268904100375,156
development_repeated_nested_cv,primary_instrument1_full,primary,1,2,1,development_combined,CG-FPLS-code,ok,ok,True,3,11,calibrate:012,calibrate,12,162.0,163.05886876915278,1.058868769152781,156
development_repeated_nested_cv,primary_instrument1_full,primary,1,2,1,development_combined,CG-FPLS-code,ok,ok,True,3,14,calibrate:015,calibrate,15,220.10000610351562,217.96457005196868,-2.1354360515469466,156
development_repeated_nested_cv,primary_instrument1_full,primary,1,2,1,development_combined,CG-FPLS-code,ok,ok,True,3,21,calibrate:022,calibrate,22,185.89999389648438,189.2278932490038,3.327899352519438,156
development_repeated_nested_cv,primary_instrument1_full,primary,1,2,1,development_combined,CG-FPLS-code,ok,ok,True,3,22,calibrate:023,calibrate,23,220.6999969482422,217.00455484599232,-3.6954421022498707,156
development_repeated_nested_cv,primary_instrument1_full,primary,1,2,1,development_combined,CG-FPLS-code,ok,ok,True,3,23,calibrate:024,calibrate,24,190.1999969482422,184.62106898251403,-5.578927965728155,156
development_repeated_nested_cv,primary_instrument1_full,primary,1,2,1,development_combined,CG-FPLS-code,ok,ok,True,3,26,calibrate:027,calibrate,27,209.1999969482422,200.71295241862782,-8.487044529614366,156
development_repeated_nested_cv,primary_instrument1_full,primary,1,2,1,development_combined,CG-FPLS-code,ok,ok,True,3,29,calibrate:030,calibrate,30,236.39999389648438,234.14545227280087,-2.254541623683508,156
development_repeated_nested_cv,primary_instrument1_full,primary,1,2,1,development_combined,CG-FPLS-code,ok,ok,True,3,31,calibrate:032,calibrate,32,158.8000030517578,163.10673778478005,4.306734733022239,156
development_repeated_nested_cv,primary_instrument1_full,primary,1,2,1,development_combined,CG-FPLS-code,ok,ok,True,3,42,calibrate:043,calibrate,43,159.60000610351562,164.49066179726614,4.890655693750517,156
development_repeated_nested_cv,primary_instrument1_full,primary,1,2,1,development_combined,CG-FPLS-code,ok,ok,True,3,44,calibrate:045,calibrate,45,181.10000610351562,183.86668865415913,2.766682550643509,156
development_repeated_nested_cv,primary_instrument1_full,primary,1,2,1,development_combined,CG-FPLS-code,ok,ok,True,3,54,calibrate:055,calibrate,55,188.10000610351562,181.4531275136623,-6.646878589853316,156
development_repeated_nested_cv,primary_instrument1_full,primary,1,2,1,development_combined,CG-FPLS-code,ok,ok,True,3,55,calibrate:056,calibrate,56,157.5,167.38418201148568,9.884182011485677,156
development_repeated_nested_cv,primary_instrument1_full,primary,1,2,1,development_combined,CG-FPLS-code,ok,ok,True,3,60,calibrate:061,calibrate,61,176.89999389648438,176.1899307770709,-0.7100631194134621,156
development_repeated_nested_cv,primary_instrument1_full,primary,1,2,1,development_combined,CG-FPLS-code,ok,ok,True,3,85,calibrate:086,calibrate,86,184.1999969482422,185.220771568017,1.0207746197748122,156
development_repeated_nested_cv,primary_instrument1_full,primary,1,2,1,development_combined,CG-FPLS-code,ok,ok,True,3,87,calibrate:088,calibrate,88,173.60000610351562,183.143286080263,9.543279976747385,156
development_repeated_nested_cv,primary_instrument1_full,primary,1,2,1,development_combined,CG-FPLS-code,ok,ok,True,3,88,calibrate:089,calibrate,89,203.60000610351562,203.62524323008313,0.025237126567503765,156
development_repeated_nested_cv,primary_instrument1_full,primary,1,2,1,development_combined,CG-FPLS-code,ok,ok,True,3,90,calibrate:091,calibrate,91,216.5,213.99757192740233,-2.5024280725976666,156
development_repeated_nested_cv,primary_instrument1_full,primary,1,2,1,development_combined,CG-FPLS-code,ok,ok,True,3,98,calibrate:099,calibrate,99,176.39999389648438,177.963611989948,1.5636180934636172,156
development_repeated_nested_cv,primary_instrument1_full,primary,1,2,1,development_combined,CG-FPLS-code,ok,ok,True,3,107,calibrate:108,calibrate,108,231.10000610351562,228.40190537945594,-2.6981007240596853,156
development_repeated_nested_cv,primary_instrument1_full,primary,1,2,1,development_combined,CG-FPLS-code,ok,ok,True,3,108,calibrate:109,calibrate,109,222.60000610351562,212.3218036377668,-10.27820246574882,156
development_repeated_nested_cv,primary_instrument1_full,primary,1,2,1,development_combined,CG-FPLS-code,ok,ok,True,3,113,calibrate:114,calibrate,114,172.89999389648438,175.80630248793327,2.906308591448891,156
development_repeated_nested_cv,primary_instrument1_full,primary,1,2,1,development_combined,CG-FPLS-code,ok,ok,True,3,117,calibrate:118,calibrate,118,217.1999969482422,219.43088200138365,2.2308850531414635,156
development_repeated_nested_cv,primary_instrument1_full,primary,1,2,1,development_combined,CG-FPLS-code,ok,ok,True,3,120,calibrate:121,calibrate,121,155.10000610351562,161.86762209550295,6.767615991987327,156
development_repeated_nested_cv,primary_instrument1_full,primary,1,2,1,development_combined,CG-FPLS-code,ok,ok,True,3,125,calibrate:126,calibrate,126,181.0,166.94742081256794,-14.052579187432059,156
development_repeated_nested_cv,primary_instrument1_full,primary,1,2,1,development_combined,CG-FPLS-code,ok,ok,True,3,126,calibrate:127,calibrate,127,204.5,182.7628271903453,-21.73717280965471,156
development_repeated_nested_cv,primary_instrument1_full,primary,1,2,1,development_combined,CG-FPLS-code,ok,ok,True,3,139,calibrate:140,calibrate,140,193.3000030517578,200.10667974122003,6.806676689462222,156
development_repeated_nested_cv,primary_instrument1_full,primary,1,2,1,development_combined,CG-FPLS-code,ok,ok,True,3,140,calibrate:141,calibrate,141,197.1999969482422,190.2250571214269,-6.974939826815302,156
development_repeated_nested_cv,primary_instrument1_full,primary,1,2,1,development_combined,CG-FPLS-code,ok,ok,True,3,150,calibrate:151,calibrate,151,200.0,189.8786924495608,-10.121307550439212,156
development_repeated_nested_cv,primary_instrument1_full,primary,1,2,1,development_combined,CG-FPLS-code,ok,ok,True,3,154,calibrate:155,calibrate,155,195.3000030517578,185.07508843887226,-10.224914612885556,156
development_repeated_nested_cv,primary_instrument1_full,primary,1,2,1,development_combined,CG-FPLS-code,ok,ok,True,3,155,validate:001,validate,1,189.0,196.013342308195,7.013342308195007,156
development_repeated_nested_cv,primary_instrument1_full,primary,1,2,1,development_combined,CG-FPLS-code,ok,ok,True,3,167,validate:013,validate,13,194.5,203.03622774874395,8.536227748743954,156
development_repeated_nested_cv,primary_instrument1_full,primary,1,2,1,development_combined,CG-FPLS-code,ok,ok,True,3,169,validate:015,validate,15,195.10000610351562,198.83967525032384,3.739669146808211,156
development_repeated_nested_cv,primary_instrument1_full,primary,1,2,1,development_combined,CG-FPLS-code,ok,ok,True,3,174,validate:020,validate,20,196.3000030517578,195.92603810586502,-0.3739649458927943,156
development_repeated_nested_cv,primary_instrument1_full,primary,1,2,1,development_combined,CG-FPLS-code,ok,ok,True,3,176,validate:022,validate,22,194.0,193.17180251466192,-0.8281974853380802,156
development_repeated_nested_cv,primary_instrument1_full,primary,1,2,1,development_combined,CG-FPLS-code,ok,ok,True,3,180,validate:026,validate,26,193.39999389648438,200.84210032646595,7.442106429981578,156
development_repeated_nested_cv,primary_instrument1_full,primary,1,2,1,development_combined,CG-FPLS-code,ok,ok,True,3,183,validate:029,validate,29,199.5,194.02643523980052,-5.47356476019948,156
development_repeated_nested_cv,primary_instrument1_full,primary,1,2,1,development_combined,CG-FPLS-code,ok,ok,True,3,189,validate:035,validate,35,196.6999969482422,194.98711745479352,-1.7128794934486677,156
development_repeated_nested_cv,primary_instrument1_full,primary,1,2,1,development_combined,Raw FPLS,ok,ok,True,70,2,calibrate:003,calibrate,3,201.39999389648438,196.6288266150473,-4.771167281437073,156
development_repeated_nested_cv,primary_instrument1_full,primary,1,2,1,development_combined,Raw FPLS,ok,ok,True,70,7,calibrate:008,calibrate,8,207.6999969482422,201.42255428184905,-6.277442666393142,156
development_repeated_nested_cv,primary_instrument1_full,primary,1,2,1,development_combined,Raw FPLS,ok,ok,True,70,11,calibrate:012,calibrate,12,162.0,161.1538437273568,-0.8461562726432135,156
development_repeated_nested_cv,primary_instrument1_full,primary,1,2,1,development_combined,Raw FPLS,ok,ok,True,70,14,calibrate:015,calibrate,15,220.10000610351562,216.28542950064804,-3.8145766028675894,156
development_repeated_nested_cv,primary_instrument1_full,primary,1,2,1,development_combined,Raw FPLS,ok,ok,True,70,21,calibrate:022,calibrate,22,185.89999389648438,184.88435754479963,-1.0156363516847478,156
development_repeated_nested_cv,primary_instrument1_full,primary,1,2,1,development_combined,Raw FPLS,ok,ok,True,70,22,calibrate:023,calibrate,23,220.6999969482422,215.5676519095865,-5.1323450386557,156
development_repeated_nested_cv,primary_instrument1_full,primary,1,2,1,development_combined,Raw FPLS,ok,ok,True,70,23,calibrate:024,calibrate,24,190.1999969482422,188.99647046372846,-1.2035264845137306,156
development_repeated_nested_cv,primary_instrument1_full,primary,1,2,1,development_combined,Raw FPLS,ok,ok,True,70,26,calibrate:027,calibrate,27,209.1999969482422,205.36813293051947,-3.8318640177227223,156
development_repeated_nested_cv,primary_instrument1_full,primary,1,2,1,development_combined,Raw FPLS,ok,ok,True,70,29,calibrate:030,calibrate,30,236.39999389648438,238.1031674966116,1.7031736001272293,156
development_repeated_nested_cv,primary_instrument1_full,primary,1,2,1,development_combined,Raw FPLS,ok,ok,True,70,31,calibrate:032,calibrate,32,158.8000030517578,160.31039596206594,1.510392910308127,156
development_repeated_nested_cv,primary_instrument1_full,primary,1,2,1,development_combined,Raw FPLS,ok,ok,True,70,42,calibrate:043,calibrate,43,159.60000610351562,163.71998102750047,4.1199749239848416,156
development_repeated_nested_cv,primary_instrument1_full,primary,1,2,1,development_combined,Raw FPLS,ok,ok,True,70,44,calibrate:045,calibrate,45,181.10000610351562,183.44853939900682,2.348533295491194,156
development_repeated_nested_cv,primary_instrument1_full,primary,1,2,1,development_combined,Raw FPLS,ok,ok,True,70,54,calibrate:055,calibrate,55,188.10000610351562,182.2410641418774,-5.858941961638237,156
development_repeated_nested_cv,primary_instrument1_full,primary,1,2,1,development_combined,Raw FPLS,ok,ok,True,70,55,calibrate:056,calibrate,56,157.5,159.9455720664631,2.445572066463086,156
development_repeated_nested_cv,primary_instrument1_full,primary,1,2,1,development_combined,Raw FPLS,ok,ok,True,70,60,calibrate:061,calibrate,61,176.89999389648438,179.01283829895348,2.1128444024691078,156
development_repeated_nested_cv,primary_instrument1_full,primary,1,2,1,development_combined,Raw FPLS,ok,ok,True,70,85,calibrate:086,calibrate,86,184.1999969482422,186.53297582461823,2.332978876376046,156
development_repeated_nested_cv,primary_instrument1_full,primary,1,2,1,development_combined,Raw FPLS,ok,ok,True,70,87,calibrate:088,calibrate,88,173.60000610351562,171.46290983873516,-2.1370962647804674,156
development_repeated_nested_cv,primary_instrument1_full,primary,1,2,1,development_combined,Raw FPLS,ok,ok,True,70,88,calibrate:089,calibrate,89,203.60000610351562,201.63240655728578,-1.9675995462298488,156
development_repeated_nested_cv,primary_instrument1_full,primary,1,2,1,development_combined,Raw FPLS,ok,ok,True,70,90,calibrate:091,calibrate,91,216.5,221.0205081545534,4.520508154553397,156
development_repeated_nested_cv,primary_instrument1_full,primary,1,2,1,development_combined,Raw FPLS,ok,ok,True,70,98,calibrate:099,calibrate,99,176.39999389648438,177.81699186329544,1.416997966811067,156
development_repeated_nested_cv,primary_instrument1_full,primary,1,2,1,development_combined,Raw FPLS,ok,ok,True,70,107,calibrate:108,calibrate,108,231.10000610351562,238.6764705731404,7.576464469624767,156
development_repeated_nested_cv,primary_instrument1_full,primary,1,2,1,development_combined,Raw FPLS,ok,ok,True,70,108,calibrate:109,calibrate,109,222.60000610351562,224.05235149390685,1.4523453903912298,156
development_repeated_nested_cv,primary_instrument1_full,primary,1,2,1,development_combined,Raw FPLS,ok,ok,True,70,113,calibrate:114,calibrate,114,172.89999389648438,178.49759227809588,5.597598381611505,156
development_repeated_nested_cv,primary_instrument1_full,primary,1,2,1,development_combined,Raw FPLS,ok,ok,True,70,117,calibrate:118,calibrate,118,217.1999969482422,217.02158008151082,-0.17841686673136792,156
development_repeated_nested_cv,primary_instrument1_full,primary,1,2,1,development_combined,Raw FPLS,ok,ok,True,70,120,calibrate:121,calibrate,121,155.10000610351562,157.61534261797388,2.515336514458255,156
development_repeated_nested_cv,primary_instrument1_full,primary,1,2,1,development_combined,Raw FPLS,ok,ok,True,70,125,calibrate:126,calibrate,126,181.0,159.0896959025164,-21.91030409748359,156
development_repeated_nested_cv,primary_instrument1_full,primary,1,2,1,development_combined,Raw FPLS,ok,ok,True,70,126,calibrate:127,calibrate,127,204.5,186.69333366144812,-17.806666338551878,156
development_repeated_nested_cv,primary_instrument1_full,primary,1,2,1,development_combined,Raw FPLS,ok,ok,True,70,139,calibrate:140,calibrate,140,193.3000030517578,197.43804110247348,4.138038050715664,156
development_repeated_nested_cv,primary_instrument1_full,primary,1,2,1,development_combined,Raw FPLS,ok,ok,True,70,140,calibrate:141,calibrate,141,197.1999969482422,193.36825611018327,-3.83174083805892,156
development_repeated_nested_cv,primary_instrument1_full,primary,1,2,1,development_combined,Raw FPLS,ok,ok,True,70,150,calibrate:151,calibrate,151,200.0,194.331910136898,-5.668089863102011,156
development_repeated_nested_cv,primary_instrument1_full,primary,1,2,1,development_combined,Raw FPLS,ok,ok,True,70,154,calibrate:155,calibrate,155,195.3000030517578,191.2129927892194,-4.087010262538399,156
development_repeated_nested_cv,primary_instrument1_full,primary,1,2,1,development_combined,Raw FPLS,ok,ok,True,70,155,validate:001,validate,1,189.0,192.19248051163532,3.192480511635324,156
development_repeated_nested_cv,primary_instrument1_full,primary,1,2,1,development_combined,Raw FPLS,ok,ok,True,70,167,validate:013,validate,13,194.5,193.64558575746065,-0.8544142425393488,156
development_repeated_nested_cv,primary_instrument1_full,primary,1,2,1,development_combined,Raw FPLS,ok,ok,True,70,169,validate:015,validate,15,195.10000610351562,188.7053945314916,-6.394611572024019,156
development_repeated_nested_cv,primary_instrument1_full,primary,1,2,1,development_combined,Raw FPLS,ok,ok,True,70,174,validate:020,validate,20,196.3000030517578,193.57828504340424,-2.7217180083535766,156
development_repeated_nested_cv,primary_instrument1_full,primary,1,2,1,development_combined,Raw FPLS,ok,ok,True,70,176,validate:022,validate,22,194.0,196.0219426658172,2.0219426658171926,156
development_repeated_nested_cv,primary_instrument1_full,primary,1,2,1,development_combined,Raw FPLS,ok,ok,True,70,180,validate:026,validate,26,193.39999389648438,199.13950300984234,5.739509113357968,156
development_repeated_nested_cv,primary_instrument1_full,primary,1,2,1,development_combined,Raw FPLS,ok,ok,True,70,183,validate:029,validate,29,199.5,194.81328630447763,-4.686713695522371,156
development_repeated_nested_cv,primary_instrument1_full,primary,1,2,1,development_combined,Raw FPLS,ok,ok,True,70,189,validate:035,validate,35,196.6999969482422,200.04435948160182,3.3443625333596287,156
development_repeated_nested_cv,primary_instrument1_full,primary,1,2,1,development_combined,Arnoldi FPLS,ok,ok,True,6,2,calibrate:003,calibrate,3,201.39999389648438,193.33263008619952,-8.06736381028486,156
development_repeated_nested_cv,primary_instrument1_full,primary,1,2,1,development_combined,Arnoldi FPLS,ok,ok,True,6,7,calibrate:008,calibrate,8,207.6999969482422,203.83075379739788,-3.869243150844312,156
development_repeated_nested_cv,primary_instrument1_full,primary,1,2,1,development_combined,Arnoldi FPLS,ok,ok,True,6,11,calibrate:012,calibrate,12,162.0,159.3519553349718,-2.648044665028209,156
development_repeated_nested_cv,primary_instrument1_full,primary,1,2,1,development_combined,Arnoldi FPLS,ok,ok,True,6,14,calibrate:015,calibrate,15,220.10000610351562,218.13323806896196,-1.9667680345536667,156
development_repeated_nested_cv,primary_instrument1_full,primary,1,2,1,development_combined,Arnoldi FPLS,ok,ok,True,6,21,calibrate:022,calibrate,22,185.89999389648438,183.24135654852913,-2.658637347955249,156
development_repeated_nested_cv,primary_instrument1_full,primary,1,2,1,development_combined,Arnoldi FPLS,ok,ok,True,6,22,calibrate:023,calibrate,23,220.6999969482422,218.73411426473,-1.9658826835121772,156
development_repeated_nested_cv,primary_instrument1_full,primary,1,2,1,development_combined,Arnoldi FPLS,ok,ok,True,6,23,calibrate:024,calibrate,24,190.1999969482422,187.8581240362712,-2.341872911970995,156
development_repeated_nested_cv,primary_instrument1_full,primary,1,2,1,development_combined,Arnoldi FPLS,ok,ok,True,6,26,calibrate:027,calibrate,27,209.1999969482422,203.50101938643405,-5.698977561808135,156
development_repeated_nested_cv,primary_instrument1_full,primary,1,2,1,development_combined,Arnoldi FPLS,ok,ok,True,6,29,calibrate:030,calibrate,30,236.39999389648438,239.2078461241177,2.807852227633333,156
development_repeated_nested_cv,primary_instrument1_full,primary,1,2,1,development_combined,Arnoldi FPLS,ok,ok,True,6,31,calibrate:032,calibrate,32,158.8000030517578,158.42710177355326,-0.37290127820455155,156
development_repeated_nested_cv,primary_instrument1_full,primary,1,2,1,development_combined,Arnoldi FPLS,ok,ok,True,6,42,calibrate:043,calibrate,43,159.60000610351562,162.53926608808771,2.9392599845720895,156
development_repeated_nested_cv,primary_instrument1_full,primary,1,2,1,development_combined,Arnoldi FPLS,ok,ok,True,6,44,calibrate:045,calibrate,45,181.10000610351562,186.1402398231255,5.040233719609887,156
development_repeated_nested_cv,primary_instrument1_full,primary,1,2,1,development_combined,Arnoldi FPLS,ok,ok,True,6,54,calibrate:055,calibrate,55,188.10000610351562,184.86489114301463,-3.2351149605009937,156
development_repeated_nested_cv,primary_instrument1_full,primary,1,2,1,development_combined,Arnoldi FPLS,ok,ok,True,6,55,calibrate:056,calibrate,56,157.5,159.2033405577762,1.7033405577761869,156
development_repeated_nested_cv,primary_instrument1_full,primary,1,2,1,development_combined,Arnoldi FPLS,ok,ok,True,6,60,calibrate:061,calibrate,61,176.89999389648438,176.13416691897606,-0.7658269775083113,156
development_repeated_nested_cv,primary_instrument1_full,primary,1,2,1,development_combined,Arnoldi FPLS,ok,ok,True,6,85,calibrate:086,calibrate,86,184.1999969482422,185.84207628308442,1.6420793348422364,156
development_repeated_nested_cv,primary_instrument1_full,primary,1,2,1,development_combined,Arnoldi FPLS,ok,ok,True,6,87,calibrate:088,calibrate,88,173.60000610351562,173.2451656438639,-0.3548404596517116,156
development_repeated_nested_cv,primary_instrument1_full,primary,1,2,1,development_combined,Arnoldi FPLS,ok,ok,True,6,88,calibrate:089,calibrate,89,203.60000610351562,204.41626264956574,0.8162565460501128,156
development_repeated_nested_cv,primary_instrument1_full,primary,1,2,1,development_combined,Arnoldi FPLS,ok,ok,True,6,90,calibrate:091,calibrate,91,216.5,219.12640463477464,2.6264046347746444,156
development_repeated_nested_cv,primary_instrument1_full,primary,1,2,1,development_combined,Arnoldi FPLS,ok,ok,True,6,98,calibrate:099,calibrate,99,176.39999389648438,175.69809577347834,-0.7018981230060319,156
development_repeated_nested_cv,primary_instrument1_full,primary,1,2,1,development_combined,Arnoldi FPLS,ok,ok,True,6,107,calibrate:108,calibrate,108,231.10000610351562,238.5076039850142,7.407597881498589,156
development_repeated_nested_cv,primary_instrument1_full,primary,1,2,1,development_combined,Arnoldi FPLS,ok,ok,True,6,108,calibrate:109,calibrate,109,222.60000610351562,222.50238278549713,-0.097623318018492,156
development_repeated_nested_cv,primary_instrument1_full,primary,1,2,1,development_combined,Arnoldi FPLS,ok,ok,True,6,113,calibrate:114,calibrate,114,172.89999389648438,175.76493649422125,2.8649425977368708,156
development_repeated_nested_cv,primary_instrument1_full,primary,1,2,1,development_combined,Arnoldi FPLS,ok,ok,True,6,117,calibrate:118,calibrate,118,217.1999969482422,217.5799487666672,0.37995181842501324,156
development_repeated_nested_cv,primary_instrument1_full,primary,1,2,1,development_combined,Arnoldi FPLS,ok,ok,True,6,120,calibrate:121,calibrate,121,155.10000610351562,159.66807366020487,4.568067556689243,156
development_repeated_nested_cv,primary_instrument1_full,primary,1,2,1,development_combined,Arnoldi FPLS,ok,ok,True,6,125,calibrate:126,calibrate,126,181.0,157.09931488690415,-23.900685113095847,156
development_repeated_nested_cv,primary_instrument1_full,primary,1,2,1,development_combined,Arnoldi FPLS,ok,ok,True,6,126,calibrate:127,calibrate,127,204.5,182.94431382383797,-21.555686176162027,156
development_repeated_nested_cv,primary_instrument1_full,primary,1,2,1,development_combined,Arnoldi FPLS,ok,ok,True,6,139,calibrate:140,calibrate,140,193.3000030517578,198.29662150687133,4.99661845511352,156
development_repeated_nested_cv,primary_instrument1_full,primary,1,2,1,development_combined,Arnoldi FPLS,ok,ok,True,6,140,calibrate:141,calibrate,141,197.1999969482422,190.48552017459008,-6.714476773652109,156
development_repeated_nested_cv,primary_instrument1_full,primary,1,2,1,development_combined,Arnoldi FPLS,ok,ok,True,6,150,calibrate:151,calibrate,151,200.0,196.0062019216829,-3.9937980783170985,156
development_repeated_nested_cv,primary_instrument1_full,primary,1,2,1,development_combined,Arnoldi FPLS,ok,ok,True,6,154,calibrate:155,calibrate,155,195.3000030517578,195.68373395473935,0.3837309029815401,156
development_repeated_nested_cv,primary_instrument1_full,primary,1,2,1,development_combined,Arnoldi FPLS,ok,ok,True,6,155,validate:001,validate,1,189.0,192.90764430745682,3.9076443074568203,156
development_repeated_nested_cv,primary_instrument1_full,primary,1,2,1,development_combined,Arnoldi FPLS,ok,ok,True,6,167,validate:013,validate,13,194.5,194.61092010747052,0.11092010747051972,156
development_repeated_nested_cv,primary_instrument1_full,primary,1,2,1,development_combined,Arnoldi FPLS,ok,ok,True,6,169,validate:015,validate,15,195.10000610351562,190.32692536599544,-4.773080737520189,156
development_repeated_nested_cv,primary_instrument1_full,primary,1,2,1,development_combined,Arnoldi FPLS,ok,ok,True,6,174,validate:020,validate,20,196.3000030517578,195.0713017258132,-1.2287013259445985,156
development_repeated_nested_cv,primary_instrument1_full,primary,1,2,1,development_combined,Arnoldi FPLS,ok,ok,True,6,176,validate:022,validate,22,194.0,198.84792994269034,4.847929942690342,156
development_repeated_nested_cv,primary_instrument1_full,primary,1,2,1,development_combined,Arnoldi FPLS,ok,ok,True,6,180,validate:026,validate,26,193.39999389648438,197.20907445041422,3.809080553929846,156
development_repeated_nested_cv,primary_instrument1_full,primary,1,2,1,development_combined,Arnoldi FPLS,ok,ok,True,6,183,validate:029,validate,29,199.5,197.03274508451636,-2.467254915483636,156
development_repeated_nested_cv,primary_instrument1_full,primary,1,2,1,development_combined,Arnoldi FPLS,ok,ok,True,6,189,validate:035,validate,35,196.6999969482422,197.87827341325422,1.1782764650120328,156
development_repeated_nested_cv,primary_instrument1_full,primary,1,2,1,development_combined,FPCR,ok,ok,True,39,2,calibrate:003,calibrate,3,201.39999389648438,193.0995728448863,-8.300421051598079,156
development_repeated_nested_cv,primary_instrument1_full,primary,1,2,1,development_combined,FPCR,ok,ok,True,39,7,calibrate:008,calibrate,8,207.6999969482422,202.88319957368796,-4.816797374554227,156
development_repeated_nested_cv,primary_instrument1_full,primary,1,2,1,development_combined,FPCR,ok,ok,True,39,11,calibrate:012,calibrate,12,162.0,158.8553064493689,-3.1446935506311036,156
development_repeated_nested_cv,primary_instrument1_full,primary,1,2,1,development_combined,FPCR,ok,ok,True,39,14,calibrate:015,calibrate,15,220.10000610351562,217.0366606718253,-3.0633454316903226,156
development_repeated_nested_cv,primary_instrument1_full,primary,1,2,1,development_combined,FPCR,ok,ok,True,39,21,calibrate:022,calibrate,22,185.89999389648438,182.71779290610453,-3.1822009903798403,156
development_repeated_nested_cv,primary_instrument1_full,primary,1,2,1,development_combined,FPCR,ok,ok,True,39,22,calibrate:023,calibrate,23,220.6999969482422,220.6909703051301,-0.00902664311209378,156
development_repeated_nested_cv,primary_instrument1_full,primary,1,2,1,development_combined,FPCR,ok,ok,True,39,23,calibrate:024,calibrate,24,190.1999969482422,189.47788419226953,-0.7221127559726597,156
development_repeated_nested_cv,primary_instrument1_full,primary,1,2,1,development_combined,FPCR,ok,ok,True,39,26,calibrate:027,calibrate,27,209.1999969482422,203.37064509654383,-5.8293518516983625,156
development_repeated_nested_cv,primary_instrument1_full,primary,1,2,1,development_combined,FPCR,ok,ok,True,39,29,calibrate:030,calibrate,30,236.39999389648438,238.72429177060837,2.3242978741239995,156
development_repeated_nested_cv,primary_instrument1_full,primary,1,2,1,development_combined,FPCR,ok,ok,True,39,31,calibrate:032,calibrate,32,158.8000030517578,157.35321470128798,-1.4467883504698307,156
development_repeated_nested_cv,primary_instrument1_full,primary,1,2,1,development_combined,FPCR,ok,ok,True,39,42,calibrate:043,calibrate,43,159.60000610351562,161.6083258653472,2.0083197618315864,156
development_repeated_nested_cv,primary_instrument1_full,primary,1,2,1,development_combined,FPCR,ok,ok,True,39,44,calibrate:045,calibrate,45,181.10000610351562,186.6954286053741,5.595422501858479,156
development_repeated_nested_cv,primary_instrument1_full,primary,1,2,1,development_combined,FPCR,ok,ok,True,39,54,calibrate:055,calibrate,55,188.10000610351562,182.45050138246634,-5.649504721049283,156
development_repeated_nested_cv,primary_instrument1_full,primary,1,2,1,development_combined,FPCR,ok,ok,True,39,55,calibrate:056,calibrate,56,157.5,158.43903045437617,0.9390304543761658,156
development_repeated_nested_cv,primary_instrument1_full,primary,1,2,1,development_combined,FPCR,ok,ok,True,39,60,calibrate:061,calibrate,61,176.89999389648438,177.0867048122471,0.18671091576271692,156
development_repeated_nested_cv,primary_instrument1_full,primary,1,2,1,development_combined,FPCR,ok,ok,True,39,85,calibrate:086,calibrate,86,184.1999969482422,185.59693660285637,1.3969396546141866,156
development_repeated_nested_cv,primary_instrument1_full,primary,1,2,1,development_combined,FPCR,ok,ok,True,39,87,calibrate:088,calibrate,88,173.60000610351562,173.27497460145852,-0.32503150205710085,156
development_repeated_nested_cv,primary_instrument1_full,primary,1,2,1,development_combined,FPCR,ok,ok,True,39,88,calibrate:089,calibrate,89,203.60000610351562,204.5766814450886,0.9766753415729852,156
development_repeated_nested_cv,primary_instrument1_full,primary,1,2,1,development_combined,FPCR,ok,ok,True,39,90,calibrate:091,calibrate,91,216.5,218.37098798723193,1.8709879872319277,156
development_repeated_nested_cv,primary_instrument1_full,primary,1,2,1,development_combined,FPCR,ok,ok,True,39,98,calibrate:099,calibrate,99,176.39999389648438,175.59229966282587,-0.8076942336585091,156
development_repeated_nested_cv,primary_instrument1_full,primary,1,2,1,development_combined,FPCR,ok,ok,True,39,107,calibrate:108,calibrate,108,231.10000610351562,239.47777643508988,8.377770331574254,156
development_repeated_nested_cv,primary_instrument1_full,primary,1,2,1,development_combined,FPCR,ok,ok,True,39,108,calibrate:109,calibrate,109,222.60000610351562,224.08674807185648,1.4867419683408514,156
development_repeated_nested_cv,primary_instrument1_full,primary,1,2,1,development_combined,FPCR,ok,ok,True,39,113,calibrate:114,calibrate,114,172.89999389648438,175.6664366731075,2.766442776623137,156
development_repeated_nested_cv,primary_instrument1_full,primary,1,2,1,development_combined,FPCR,ok,ok,True,39,117,calibrate:118,calibrate,118,217.1999969482422,216.69097730984984,-0.5090196383923455,156
development_repeated_nested_cv,primary_instrument1_full,primary,1,2,1,development_combined,FPCR,ok,ok,True,39,120,calibrate:121,calibrate,121,155.10000610351562,160.82805077401792,5.7280446705023,156
development_repeated_nested_cv,primary_instrument1_full,primary,1,2,1,development_combined,FPCR,ok,ok,True,39,125,calibrate:126,calibrate,126,181.0,151.98327976479126,-29.016720235208737,156
development_repeated_nested_cv,primary_instrument1_full,primary,1,2,1,development_combined,FPCR,ok,ok,True,39,126,calibrate:127,calibrate,127,204.5,179.43687412711105,-25.063125872888946,156
development_repeated_nested_cv,primary_instrument1_full,primary,1,2,1,development_combined,FPCR,ok,ok,True,39,139,calibrate:140,calibrate,140,193.3000030517578,198.74085475765688,5.440851705899064,156
development_repeated_nested_cv,primary_instrument1_full,primary,1,2,1,development_combined,FPCR,ok,ok,True,39,140,calibrate:141,calibrate,141,197.1999969482422,189.89115112225,-7.308845825992194,156
development_repeated_nested_cv,primary_instrument1_full,primary,1,2,1,development_combined,FPCR,ok,ok,True,39,150,calibrate:151,calibrate,151,200.0,196.44779074153757,-3.552209258462426,156
development_repeated_nested_cv,primary_instrument1_full,primary,1,2,1,development_combined,FPCR,ok,ok,True,39,154,calibrate:155,calibrate,155,195.3000030517578,195.23055420598965,-0.06944884576816435,156
development_repeated_nested_cv,primary_instrument1_full,primary,1,2,1,development_combined,FPCR,ok,ok,True,39,155,validate:001,validate,1,189.0,192.545682358182,3.545682358182006,156
development_repeated_nested_cv,primary_instrument1_full,primary,1,2,1,development_combined,FPCR,ok,ok,True,39,167,validate:013,validate,13,194.5,195.12640583443945,0.6264058344394527,156
development_repeated_nested_cv,primary_instrument1_full,primary,1,2,1,development_combined,FPCR,ok,ok,True,39,169,validate:015,validate,15,195.10000610351562,191.65998244469054,-3.4400236588250834,156
development_repeated_nested_cv,primary_instrument1_full,primary,1,2,1,development_combined,FPCR,ok,ok,True,39,174,validate:020,validate,20,196.3000030517578,196.42642836623827,0.12642531448045702,156
development_repeated_nested_cv,primary_instrument1_full,primary,1,2,1,development_combined,FPCR,ok,ok,True,39,176,validate:022,validate,22,194.0,196.2257707840418,2.2257707840417993,156
development_repeated_nested_cv,primary_instrument1_full,primary,1,2,1,development_combined,FPCR,ok,ok,True,39,180,validate:026,validate,26,193.39999389648438,196.28882208974628,2.888828193261901,156
development_repeated_nested_cv,primary_instrument1_full,primary,1,2,1,development_combined,FPCR,ok,ok,True,39,183,validate:029,validate,29,199.5,198.36183255243805,-1.1381674475619548,156
development_repeated_nested_cv,primary_instrument1_full,primary,1,2,1,development_combined,FPCR,ok,ok,True,39,189,validate:035,validate,35,196.6999969482422,193.11604685285428,-3.5839500953879053,156
development_repeated_nested_cv,primary_instrument1_full,primary,1,2,2,development_combined,CG-FPLS-code,ok,ok,True,3,8,calibrate:009,calibrate,9,184.89999389648438,189.56242058541892,4.662426688934545,156
development_repeated_nested_cv,primary_instrument1_full,primary,1,2,2,development_combined,CG-FPLS-code,ok,ok,True,3,12,calibrate:013,calibrate,13,176.3000030517578,180.37074000554804,4.070736953790231,156
development_repeated_nested_cv,primary_instrument1_full,primary,1,2,2,development_combined,CG-FPLS-code,ok,ok,True,3,19,calibrate:020,calibrate,20,159.3000030517578,159.55112745975242,0.25112440799460956,156
development_repeated_nested_cv,primary_instrument1_full,primary,1,2,2,development_combined,CG-FPLS-code,ok,ok,True,3,28,calibrate:029,calibrate,29,222.5,216.09270447780057,-6.407295522199433,156
development_repeated_nested_cv,primary_instrument1_full,primary,1,2,2,development_combined,CG-FPLS-code,ok,ok,True,3,35,calibrate:036,calibrate,36,177.0,171.93248598235527,-5.067514017644726,156
development_repeated_nested_cv,primary_instrument1_full,primary,1,2,2,development_combined,CG-FPLS-code,ok,ok,True,3,45,calibrate:046,calibrate,46,186.8000030517578,183.67702034835298,-3.12298270340483,156
development_repeated_nested_cv,primary_instrument1_full,primary,1,2,2,development_combined,CG-FPLS-code,ok,ok,True,3,47,calibrate:048,calibrate,48,156.8000030517578,162.1111718434047,5.311168791646878,156
development_repeated_nested_cv,primary_instrument1_full,primary,1,2,2,development_combined,CG-FPLS-code,ok,ok,True,3,49,calibrate:050,calibrate,50,220.5,221.6773164637497,1.1773164637496905,156
development_repeated_nested_cv,primary_instrument1_full,primary,1,2,2,development_combined,CG-FPLS-code,ok,ok,True,3,58,calibrate:059,calibrate,59,155.1999969482422,157.8081018045036,2.6081048562614058,156
development_repeated_nested_cv,primary_instrument1_full,primary,1,2,2,development_combined,CG-FPLS-code,ok,ok,True,3,67,calibrate:068,calibrate,68,179.89999389648438,185.78937188558393,5.8893779890995575,156
development_repeated_nested_cv,primary_instrument1_full,primary,1,2,2,development_combined,CG-FPLS-code,ok,ok,True,3,72,calibrate:073,calibrate,73,202.6999969482422,200.37912080521198,-2.3208761430302047,156
development_repeated_nested_cv,primary_instrument1_full,primary,1,2,2,development_combined,CG-FPLS-code,ok,ok,True,3,74,calibrate:075,calibrate,75,181.3000030517578,190.23523689611417,8.935233844356361,156
development_repeated_nested_cv,primary_instrument1_full,primary,1,2,2,development_combined,CG-FPLS-code,ok,ok,True,3,78,calibrate:079,calibrate,79,215.1999969482422,220.7438960255184,5.543899077276222,156
development_repeated_nested_cv,primary_instrument1_full,primary,1,2,2,development_combined,CG-FPLS-code,ok,ok,True,3,82,calibrate:083,calibrate,83,172.39999389648438,178.02444853048027,5.624454633995896,156
development_repeated_nested_cv,primary_instrument1_full,primary,1,2,2,development_combined,CG-FPLS-code,ok,ok,True,3,91,calibrate:092,calibrate,92,175.5,181.2989811467714,5.7989811467714105,156
development_repeated_nested_cv,primary_instrument1_full,primary,1,2,2,development_combined,CG-FPLS-code,ok,ok,True,3,94,calibrate:095,calibrate,95,172.0,173.32578004392673,1.325780043926727,156
development_repeated_nested_cv,primary_instrument1_full,primary,1,2,2,development_combined,CG-FPLS-code,ok,ok,True,3,96,calibrate:097,calibrate,97,204.0,205.74682513707978,1.7468251370797816,156
development_repeated_nested_cv,primary_instrument1_full,primary,1,2,2,development_combined,CG-FPLS-code,ok,ok,True,3,103,calibrate:104,calibrate,104,184.5,184.35201791166617,-0.14798208833383342,156
development_repeated_nested_cv,primary_instrument1_full,primary,1,2,2,development_combined,CG-FPLS-code,ok,ok,True,3,105,calibrate:106,calibrate,106,160.39999389648438,159.57490684164293,-0.8250870548414468,156
development_repeated_nested_cv,primary_instrument1_full,primary,1,2,2,development_combined,CG-FPLS-code,ok,ok,True,3,106,calibrate:107,calibrate,107,216.89999389648438,221.66606395005803,4.766070053573657,156
development_repeated_nested_cv,primary_instrument1_full,primary,1,2,2,development_combined,CG-FPLS-code,ok,ok,True,3,112,calibrate:113,calibrate,113,219.39999389648438,215.18470880499086,-4.215285091493513,156
development_repeated_nested_cv,primary_instrument1_full,primary,1,2,2,development_combined,CG-FPLS-code,ok,ok,True,3,115,calibrate:116,calibrate,116,209.5,198.82698044366916,-10.673019556330843,156
development_repeated_nested_cv,primary_instrument1_full,primary,1,2,2,development_combined,CG-FPLS-code,ok,ok,True,3,118,calibrate:119,calibrate,119,232.89999389648438,233.05121973103246,0.1512258345480859,156
development_repeated_nested_cv,primary_instrument1_full,primary,1,2,2,development_combined,CG-FPLS-code,ok,ok,True,3,128,calibrate:129,calibrate,129,231.10000610351562,220.08978852784455,-11.010217575671078,156
development_repeated_nested_cv,primary_instrument1_full,primary,1,2,2,development_combined,CG-FPLS-code,ok,ok,True,3,131,calibrate:132,calibrate,132,206.3000030517578,203.4547515263496,-2.8452515254082016,156
development_repeated_nested_cv,primary_instrument1_full,primary,1,2,2,development_combined,CG-FPLS-code,ok,ok,True,3,137,calibrate:138,calibrate,138,195.89999389648438,192.75125531810312,-3.1487385783812556,156
development_repeated_nested_cv,primary_instrument1_full,primary,1,2,2,development_combined,CG-FPLS-code,ok,ok,True,3,144,calibrate:145,calibrate,145,191.1999969482422,194.8473188810273,3.647321932785104,156
development_repeated_nested_cv,primary_instrument1_full,primary,1,2,2,development_combined,CG-FPLS-code,ok,ok,True,3,145,calibrate:146,calibrate,146,191.0,195.13829832781747,4.138298327817466,156
development_repeated_nested_cv,primary_instrument1_full,primary,1,2,2,development_combined,CG-FPLS-code,ok,ok,True,3,146,calibrate:147,calibrate,147,198.60000610351562,187.99888634400972,-10.601119759505906,156
development_repeated_nested_cv,primary_instrument1_full,primary,1,2,2,development_combined,CG-FPLS-code,ok,ok,True,3,152,calibrate:153,calibrate,153,199.6999969482422,191.53208394728756,-8.167913000954627,156
development_repeated_nested_cv,primary_instrument1_full,primary,1,2,2,development_combined,CG-FPLS-code,ok,ok,True,3,153,calibrate:154,calibrate,154,201.5,190.3614094529612,-11.138590547038802,156
development_repeated_nested_cv,primary_instrument1_full,primary,1,2,2,development_combined,CG-FPLS-code,ok,ok,True,3,156,validate:002,validate,2,188.1999969482422,196.80454599281651,8.604549044574327,156
development_repeated_nested_cv,primary_instrument1_full,primary,1,2,2,development_combined,CG-FPLS-code,ok,ok,True,3,159,validate:005,validate,5,195.1999969482422,198.27013991896166,3.0701429707194734,156
development_repeated_nested_cv,primary_instrument1_full,primary,1,2,2,development_combined,CG-FPLS-code,ok,ok,True,3,164,validate:010,validate,10,193.8000030517578,195.8851367517109,2.085133699953076,156
development_repeated_nested_cv,primary_instrument1_full,primary,1,2,2,development_combined,CG-FPLS-code,ok,ok,True,3,166,validate:012,validate,12,193.8000030517578,188.0113574251021,-5.788645626655722,156
development_repeated_nested_cv,primary_instrument1_full,primary,1,2,2,development_combined,CG-FPLS-code,ok,ok,True,3,172,validate:018,validate,18,195.39999389648438,195.5854301550585,0.1854362585741285,156
development_repeated_nested_cv,primary_instrument1_full,primary,1,2,2,development_combined,CG-FPLS-code,ok,ok,True,3,177,validate:023,validate,23,194.5,199.0242800269667,4.524280026966693,156
development_repeated_nested_cv,primary_instrument1_full,primary,1,2,2,development_combined,CG-FPLS-code,ok,ok,True,3,181,validate:027,validate,27,198.89999389648438,200.2301678094699,1.330173912985515,156
development_repeated_nested_cv,primary_instrument1_full,primary,1,2,2,development_combined,CG-FPLS-code,ok,ok,True,3,184,validate:030,validate,30,196.8000030517578,196.38369118323925,-0.4163118685185623,156
development_repeated_nested_cv,primary_instrument1_full,primary,1,2,2,development_combined,Raw FPLS,ok,ok,True,47,8,calibrate:009,calibrate,9,184.89999389648438,186.19725793824028,1.2972640417559091,156
development_repeated_nested_cv,primary_instrument1_full,primary,1,2,2,development_combined,Raw FPLS,ok,ok,True,47,12,calibrate:013,calibrate,13,176.3000030517578,178.82092135717303,2.520918305415222,156
development_repeated_nested_cv,primary_instrument1_full,primary,1,2,2,development_combined,Raw FPLS,ok,ok,True,47,19,calibrate:020,calibrate,20,159.3000030517578,160.33254528727625,1.0325422355184344,156
development_repeated_nested_cv,primary_instrument1_full,primary,1,2,2,development_combined,Raw FPLS,ok,ok,True,47,28,calibrate:029,calibrate,29,222.5,219.26833419627383,-3.231665803726173,156
development_repeated_nested_cv,primary_instrument1_full,primary,1,2,2,development_combined,Raw FPLS,ok,ok,True,47,35,calibrate:036,calibrate,36,177.0,176.18386728045778,-0.8161327195422245,156
development_repeated_nested_cv,primary_instrument1_full,primary,1,2,2,development_combined,Raw FPLS,ok,ok,True,47,45,calibrate:046,calibrate,46,186.8000030517578,182.33375952063253,-4.466243531125286,156
development_repeated_nested_cv,primary_instrument1_full,primary,1,2,2,development_combined,Raw FPLS,ok,ok,True,47,47,calibrate:048,calibrate,48,156.8000030517578,158.00642917770625,1.2064261259484397,156
development_repeated_nested_cv,primary_instrument1_full,primary,1,2,2,development_combined,Raw FPLS,ok,ok,True,47,49,calibrate:050,calibrate,50,220.5,218.04964134644553,-2.450358653554474,156
development_repeated_nested_cv,primary_instrument1_full,primary,1,2,2,development_combined,Raw FPLS,ok,ok,True,47,58,calibrate:059,calibrate,59,155.1999969482422,160.1503278189711,4.950330870728919,156
development_repeated_nested_cv,primary_instrument1_full,primary,1,2,2,development_combined,Raw FPLS,ok,ok,True,47,67,calibrate:068,calibrate,68,179.89999389648438,186.1765418226038,6.276547926119434,156
development_repeated_nested_cv,primary_instrument1_full,primary,1,2,2,development_combined,Raw FPLS,ok,ok,True,47,72,calibrate:073,calibrate,73,202.6999969482422,203.50103588653727,0.8010389382950791,156
development_repeated_nested_cv,primary_instrument1_full,primary,1,2,2,development_combined,Raw FPLS,ok,ok,True,47,74,calibrate:075,calibrate,75,181.3000030517578,184.29657885188706,2.99657580012925,156
development_repeated_nested_cv,primary_instrument1_full,primary,1,2,2,development_combined,Raw FPLS,ok,ok,True,47,78,calibrate:079,calibrate,79,215.1999969482422,219.56270735213826,4.362710403896074,156
development_repeated_nested_cv,primary_instrument1_full,primary,1,2,2,development_combined,Raw FPLS,ok,ok,True,47,82,calibrate:083,calibrate,83,172.39999389648438,174.50405265609123,2.1040587596068576,156
development_repeated_nested_cv,primary_instrument1_full,primary,1,2,2,development_combined,Raw FPLS,ok,ok,True,47,91,calibrate:092,calibrate,92,175.5,176.21177862521898,0.711778625218983,156
development_repeated_nested_cv,primary_instrument1_full,primary,1,2,2,development_combined,Raw FPLS,ok,ok,True,47,94,calibrate:095,calibrate,95,172.0,173.34970206456023,1.3497020645602333,156
development_repeated_nested_cv,primary_instrument1_full,primary,1,2,2,development_combined,Raw FPLS,ok,ok,True,47,96,calibrate:097,calibrate,97,204.0,202.73563088690918,-1.2643691130908223,156
development_repeated_nested_cv,primary_instrument1_full,primary,1,2,2,development_combined,Raw FPLS,ok,ok,True,47,103,calibrate:104,calibrate,104,184.5,186.48883213456298,1.9888321345629834,156
development_repeated_nested_cv,primary_instrument1_full,primary,1,2,2,development_combined,Raw FPLS,ok,ok,True,47,105,calibrate:106,calibrate,106,160.39999389648438,157.82642557768577,-2.573568318798607,156
development_repeated_nested_cv,primary_instrument1_full,primary,1,2,2,development_combined,Raw FPLS,ok,ok,True,47,106,calibrate:107,calibrate,107,216.89999389648438,219.5617651426404,2.661771246156036,156
development_repeated_nested_cv,primary_instrument1_full,primary,1,2,2,development_combined,Raw FPLS,ok,ok,True,47,112,calibrate:113,calibrate,113,219.39999389648438,217.61182521092712,-1.7881686855572525,156
development_repeated_nested_cv,primary_instrument1_full,primary,1,2,2,development_combined,Raw FPLS,ok,ok,True,47,115,calibrate:116,calibrate,116,209.5,201.6962307829689,-7.803769217031089,156
development_repeated_nested_cv,primary_instrument1_full,primary,1,2,2,development_combined,Raw FPLS,ok,ok,True,47,118,calibrate:119,calibrate,119,232.89999389648438,234.60634491248538,1.7063510160010082,156
development_repeated_nested_cv,primary_instrument1_full,primary,1,2,2,development_combined,Raw FPLS,ok,ok,True,47,128,calibrate:129,calibrate,129,231.10000610351562,224.20217910380882,-6.897826999706808,156
development_repeated_nested_cv,primary_instrument1_full,primary,1,2,2,development_combined,Raw FPLS,ok,ok,True,47,131,calibrate:132,calibrate,132,206.3000030517578,205.79372308467006,-0.5062799670877496,156
development_repeated_nested_cv,primary_instrument1_full,primary,1,2,2,development_combined,Raw FPLS,ok,ok,True,47,137,calibrate:138,calibrate,138,195.89999389648438,201.53595496256014,5.635961066075765,156
development_repeated_nested_cv,primary_instrument1_full,primary,1,2,2,development_combined,Raw FPLS,ok,ok,True,47,144,calibrate:145,calibrate,145,191.1999969482422,190.37813367890698,-0.8218632693352106,156
development_repeated_nested_cv,primary_instrument1_full,primary,1,2,2,development_combined,Raw FPLS,ok,ok,True,47,145,calibrate:146,calibrate,146,191.0,191.04303002661513,0.04303002661512778,156
development_repeated_nested_cv,primary_instrument1_full,primary,1,2,2,development_combined,Raw FPLS,ok,ok,True,47,146,calibrate:147,calibrate,147,198.60000610351562,184.35652970898636,-14.243476394529267,156
development_repeated_nested_cv,primary_instrument1_full,primary,1,2,2,development_combined,Raw FPLS,ok,ok,True,47,152,calibrate:153,calibrate,153,199.6999969482422,194.51284200799307,-5.1871549402491155,156
development_repeated_nested_cv,primary_instrument1_full,primary,1,2,2,development_combined,Raw FPLS,ok,ok,True,47,153,calibrate:154,calibrate,154,201.5,191.9000600999498,-9.599939900050202,156
development_repeated_nested_cv,primary_instrument1_full,primary,1,2,2,development_combined,Raw FPLS,ok,ok,True,47,156,validate:002,validate,2,188.1999969482422,191.85243269560823,3.6524357473660416,156
development_repeated_nested_cv,primary_instrument1_full,primary,1,2,2,development_combined,Raw FPLS,ok,ok,True,47,159,validate:005,validate,5,195.1999969482422,195.11831318786622,-0.08168376037596659,156
development_repeated_nested_cv,primary_instrument1_full,primary,1,2,2,development_combined,Raw FPLS,ok,ok,True,47,164,validate:010,validate,10,193.8000030517578,191.04046782405638,-2.7595352277014342,156
development_repeated_nested_cv,primary_instrument1_full,primary,1,2,2,development_combined,Raw FPLS,ok,ok,True,47,166,validate:012,validate,12,193.8000030517578,188.97398718595645,-4.8260158658013665,156
development_repeated_nested_cv,primary_instrument1_full,primary,1,2,2,development_combined,Raw FPLS,ok,ok,True,47,172,validate:018,validate,18,195.39999389648438,192.03734326223375,-3.3626506342506275,156
development_repeated_nested_cv,primary_instrument1_full,primary,1,2,2,development_combined,Raw FPLS,ok,ok,True,47,177,validate:023,validate,23,194.5,200.08352291754866,5.583522917548663,156
development_repeated_nested_cv,primary_instrument1_full,primary,1,2,2,development_combined,Raw FPLS,ok,ok,True,47,181,validate:027,validate,27,198.89999389648438,196.80600048093916,-2.0939934155452136,156
development_repeated_nested_cv,primary_instrument1_full,primary,1,2,2,development_combined,Raw FPLS,ok,ok,True,47,184,validate:030,validate,30,196.8000030517578,200.34957059862296,3.5495675468651484,156
development_repeated_nested_cv,primary_instrument1_full,primary,1,2,2,development_combined,Arnoldi FPLS,ok,ok,True,5,8,calibrate:009,calibrate,9,184.89999389648438,186.11656124195562,1.2165673454712476,156
development_repeated_nested_cv,primary_instrument1_full,primary,1,2,2,development_combined,Arnoldi FPLS,ok,ok,True,5,12,calibrate:013,calibrate,13,176.3000030517578,178.86710451524985,2.567101463492037,156
development_repeated_nested_cv,primary_instrument1_full,primary,1,2,2,development_combined,Arnoldi FPLS,ok,ok,True,5,19,calibrate:020,calibrate,20,159.3000030517578,160.37754185011994,1.0775387983621272,156
development_repeated_nested_cv,primary_instrument1_full,primary,1,2,2,development_combined,Arnoldi FPLS,ok,ok,True,5,28,calibrate:029,calibrate,29,222.5,219.34553919842386,-3.1544608015761355,156
development_repeated_nested_cv,primary_instrument1_full,primary,1,2,2,development_combined,Arnoldi FPLS,ok,ok,True,5,35,calibrate:036,calibrate,36,177.0,176.245099274372,-0.7549007256280049,156
development_repeated_nested_cv,primary_instrument1_full,primary,1,2,2,development_combined,Arnoldi FPLS,ok,ok,True,5,45,calibrate:046,calibrate,46,186.8000030517578,182.24240459860468,-4.557598453153133,156
development_repeated_nested_cv,primary_instrument1_full,primary,1,2,2,development_combined,Arnoldi FPLS,ok,ok,True,5,47,calibrate:048,calibrate,48,156.8000030517578,157.88118060422613,1.0811775524683185,156
development_repeated_nested_cv,primary_instrument1_full,primary,1,2,2,development_combined,Arnoldi FPLS,ok,ok,True,5,49,calibrate:050,calibrate,50,220.5,218.03481546721235,-2.465184532787646,156
development_repeated_nested_cv,primary_instrument1_full,primary,1,2,2,development_combined,Arnoldi FPLS,ok,ok,True,5,58,calibrate:059,calibrate,59,155.1999969482422,160.21111975292064,5.01112280467845,156
development_repeated_nested_cv,primary_instrument1_full,primary,1,2,2,development_combined,Arnoldi FPLS,ok,ok,True,5,67,calibrate:068,calibrate,68,179.89999389648438,186.21377303787838,6.313779141394008,156
development_repeated_nested_cv,primary_instrument1_full,primary,1,2,2,development_combined,Arnoldi FPLS,ok,ok,True,5,72,calibrate:073,calibrate,73,202.6999969482422,203.5536903912074,0.8536934429652092,156
development_repeated_nested_cv,primary_instrument1_full,primary,1,2,2,development_combined,Arnoldi FPLS,ok,ok,True,5,74,calibrate:075,calibrate,75,181.3000030517578,184.256634615506,2.956631563748175,156
development_repeated_nested_cv,primary_instrument1_full,primary,1,2,2,development_combined,Arnoldi FPLS,ok,ok,True,5,78,calibrate:079,calibrate,79,215.1999969482422,219.56791177796322,4.36791482972103,156
development_repeated_nested_cv,primary_instrument1_full,primary,1,2,2,development_combined,Arnoldi FPLS,ok,ok,True,5,82,calibrate:083,calibrate,83,172.39999389648438,174.37447997982477,1.9744860833403948,156
development_repeated_nested_cv,primary_instrument1_full,primary,1,2,2,development_combined,Arnoldi FPLS,ok,ok,True,5,91,calibrate:092,calibrate,92,175.5,176.16047469032495,0.6604746903249463,156
development_repeated_nested_cv,primary_instrument1_full,primary,1,2,2,development_combined,Arnoldi FPLS,ok,ok,True,5,94,calibrate:095,calibrate,95,172.0,173.39555263356266,1.3955526335626587,156
development_repeated_nested_cv,primary_instrument1_full,primary,1,2,2,development_combined,Arnoldi FPLS,ok,ok,True,5,96,calibrate:097,calibrate,97,204.0,202.69998739678178,-1.3000126032182209,156
development_repeated_nested_cv,primary_instrument1_full,primary,1,2,2,development_combined,Arnoldi FPLS,ok,ok,True,5,103,calibrate:104,calibrate,104,184.5,186.3904429724512,1.8904429724512113,156
development_repeated_nested_cv,primary_instrument1_full,primary,1,2,2,development_combined,Arnoldi FPLS,ok,ok,True,5,105,calibrate:106,calibrate,106,160.39999389648438,157.68365450296616,-2.7163393935182114,156
development_repeated_nested_cv,primary_instrument1_full,primary,1,2,2,development_combined,Arnoldi FPLS,ok,ok,True,5,106,calibrate:107,calibrate,107,216.89999389648438,219.56101734152833,2.661023445043952,156
development_repeated_nested_cv,primary_instrument1_full,primary,1,2,2,development_combined,Arnoldi FPLS,ok,ok,True,5,112,calibrate:113,calibrate,113,219.39999389648438,217.5156157912886,-1.8843781051957649,156
development_repeated_nested_cv,primary_instrument1_full,primary,1,2,2,development_combined,Arnoldi FPLS,ok,ok,True,5,115,calibrate:116,calibrate,116,209.5,201.70235629809807,-7.797643701901933,156
development_repeated_nested_cv,primary_instrument1_full,primary,1,2,2,development_combined,Arnoldi FPLS,ok,ok,True,5,118,calibrate:119,calibrate,119,232.89999389648438,234.55189311746534,1.6518992209809653,156
development_repeated_nested_cv,primary_instrument1_full,primary,1,2,2,development_combined,Arnoldi FPLS,ok,ok,True,5,128,calibrate:129,calibrate,129,231.10000610351562,224.18799995230347,-6.912006151212154,156
development_repeated_nested_cv,primary_instrument1_full,primary,1,2,2,development_combined,Arnoldi FPLS,ok,ok,True,5,131,calibrate:132,calibrate,132,206.3000030517578,205.8567160783206,-0.44328697343721046,156
development_repeated_nested_cv,primary_instrument1_full,primary,1,2,2,development_combined,Arnoldi FPLS,ok,ok,True,5,137,calibrate:138,calibrate,138,195.89999389648438,201.59215294055005,5.692159044065676,156
development_repeated_nested_cv,primary_instrument1_full,primary,1,2,2,development_combined,Arnoldi FPLS,ok,ok,True,5,144,calibrate:145,calibrate,145,191.1999969482422,190.38546469635708,-0.8145322518851117,156
development_repeated_nested_cv,primary_instrument1_full,primary,1,2,2,development_combined,Arnoldi FPLS,ok,ok,True,5,145,calibrate:146,calibrate,146,191.0,191.03823691272683,0.038236912726830496,156
development_repeated_nested_cv,primary_instrument1_full,primary,1,2,2,development_combined,Arnoldi FPLS,ok,ok,True,5,146,calibrate:147,calibrate,147,198.60000610351562,184.26615459154556,-14.333851511970067,156
development_repeated_nested_cv,primary_instrument1_full,primary,1,2,2,development_combined,Arnoldi FPLS,ok,ok,True,5,152,calibrate:153,calibrate,153,199.6999969482422,194.43617460050513,-5.263822347737062,156
development_repeated_nested_cv,primary_instrument1_full,primary,1,2,2,development_combined,Arnoldi FPLS,ok,ok,True,5,153,calibrate:154,calibrate,154,201.5,191.82776361743262,-9.672236382567377,156
development_repeated_nested_cv,primary_instrument1_full,primary,1,2,2,development_combined,Arnoldi FPLS,ok,ok,True,5,156,validate:002,validate,2,188.1999969482422,191.8310192967381,3.631022348495918,156
development_repeated_nested_cv,primary_instrument1_full,primary,1,2,2,development_combined,Arnoldi FPLS,ok,ok,True,5,159,validate:005,validate,5,195.1999969482422,195.1235961649853,-0.0764007832569007,156
development_repeated_nested_cv,primary_instrument1_full,primary,1,2,2,development_combined,Arnoldi FPLS,ok,ok,True,5,164,validate:010,validate,10,193.8000030517578,191.09381013523947,-2.706192916518347,156
development_repeated_nested_cv,primary_instrument1_full,primary,1,2,2,development_combined,Arnoldi FPLS,ok,ok,True,5,166,validate:012,validate,12,193.8000030517578,188.9256458026698,-4.874357249088007,156
development_repeated_nested_cv,primary_instrument1_full,primary,1,2,2,development_combined,Arnoldi FPLS,ok,ok,True,5,172,validate:018,validate,18,195.39999389648438,191.95485856054853,-3.445135335935845,156
development_repeated_nested_cv,primary_instrument1_full,primary,1,2,2,development_combined,Arnoldi FPLS,ok,ok,True,5,177,validate:023,validate,23,194.5,200.13087316964902,5.630873169649021,156
development_repeated_nested_cv,primary_instrument1_full,primary,1,2,2,development_combined,Arnoldi FPLS,ok,ok,True,5,181,validate:027,validate,27,198.89999389648438,196.7623998138925,-2.1375940825918747,156
development_repeated_nested_cv,primary_instrument1_full,primary,1,2,2,development_combined,Arnoldi FPLS,ok,ok,True,5,184,validate:030,validate,30,196.8000030517578,200.4184790853083,3.618476033550479,156
development_repeated_nested_cv,primary_instrument1_full,primary,1,2,2,development_combined,FPCR,ok,ok,True,8,8,calibrate:009,calibrate,9,184.89999389648438,187.2466531708868,2.3466592744024126,156
development_repeated_nested_cv,primary_instrument1_full,primary,1,2,2,development_combined,FPCR,ok,ok,True,8,12,calibrate:013,calibrate,13,176.3000030517578,178.24295498391663,1.9429519321588202,156
development_repeated_nested_cv,primary_instrument1_full,primary,1,2,2,development_combined,FPCR,ok,ok,True,8,19,calibrate:020,calibrate,20,159.3000030517578,161.04648190592198,1.7464788541641667,156
development_repeated_nested_cv,primary_instrument1_full,primary,1,2,2,development_combined,FPCR,ok,ok,True,8,28,calibrate:029,calibrate,29,222.5,217.9706488480251,-4.5293511519749075,156
development_repeated_nested_cv,primary_instrument1_full,primary,1,2,2,development_combined,FPCR,ok,ok,True,8,35,calibrate:036,calibrate,36,177.0,175.6493702778248,-1.3506297221751993,156
development_repeated_nested_cv,primary_instrument1_full,primary,1,2,2,development_combined,FPCR,ok,ok,True,8,45,calibrate:046,calibrate,46,186.8000030517578,183.1199048058844,-3.6800982458734097,156
development_repeated_nested_cv,primary_instrument1_full,primary,1,2,2,development_combined,FPCR,ok,ok,True,8,47,calibrate:048,calibrate,48,156.8000030517578,157.7899067864717,0.9899037347138915,156
development_repeated_nested_cv,primary_instrument1_full,primary,1,2,2,development_combined,FPCR,ok,ok,True,8,49,calibrate:050,calibrate,50,220.5,217.90626576960025,-2.593734230399747,156
development_repeated_nested_cv,primary_instrument1_full,primary,1,2,2,development_combined,FPCR,ok,ok,True,8,58,calibrate:059,calibrate,59,155.1999969482422,158.7691086391851,3.5691116909429184,156
development_repeated_nested_cv,primary_instrument1_full,primary,1,2,2,development_combined,FPCR,ok,ok,True,8,67,calibrate:068,calibrate,68,179.89999389648438,186.2261136270837,6.326119730599316,156
development_repeated_nested_cv,primary_instrument1_full,primary,1,2,2,development_combined,FPCR,ok,ok,True,8,72,calibrate:073,calibrate,73,202.6999969482422,202.835252840088,0.13525589184581577,156
development_repeated_nested_cv,primary_instrument1_full,primary,1,2,2,development_combined,FPCR,ok,ok,True,8,74,calibrate:075,calibrate,75,181.3000030517578,184.32744961420323,3.0274465624454194,156
development_repeated_nested_cv,primary_instrument1_full,primary,1,2,2,development_combined,FPCR,ok,ok,True,8,78,calibrate:079,calibrate,79,215.1999969482422,220.56223243733012,5.3622354890879365,156
development_repeated_nested_cv,primary_instrument1_full,primary,1,2,2,development_combined,FPCR,ok,ok,True,8,82,calibrate:083,calibrate,83,172.39999389648438,176.31514472609493,3.9151508296105533,156
development_repeated_nested_cv,primary_instrument1_full,primary,1,2,2,development_combined,FPCR,ok,ok,True,8,91,calibrate:092,calibrate,92,175.5,176.7096090044543,1.2096090044543075,156
development_repeated_nested_cv,primary_instrument1_full,primary,1,2,2,development_combined,FPCR,ok,ok,True,8,94,calibrate:095,calibrate,95,172.0,173.2309442043466,1.2309442043465992,156
development_repeated_nested_cv,primary_instrument1_full,primary,1,2,2,development_combined,FPCR,ok,ok,True,8,96,calibrate:097,calibrate,97,204.0,203.37620841823875,-0.6237915817612532,156
development_repeated_nested_cv,primary_instrument1_full,primary,1,2,2,development_combined,FPCR,ok,ok,True,8,103,calibrate:104,calibrate,104,184.5,186.03163581552712,1.5316358155271246,156
development_repeated_nested_cv,primary_instrument1_full,primary,1,2,2,development_combined,FPCR,ok,ok,True,8,105,calibrate:106,calibrate,106,160.39999389648438,159.4123553481828,-0.9876385483015611,156
development_repeated_nested_cv,primary_instrument1_full,primary,1,2,2,development_combined,FPCR,ok,ok,True,8,106,calibrate:107,calibrate,107,216.89999389648438,219.88361798360677,2.9836240871223936,156
development_repeated_nested_cv,primary_instrument1_full,primary,1,2,2,development_combined,FPCR,ok,ok,True,8,112,calibrate:113,calibrate,113,219.39999389648438,217.42130467331867,-1.978689223165702,156
development_repeated_nested_cv,primary_instrument1_full,primary,1,2,2,development_combined,FPCR,ok,ok,True,8,115,calibrate:116,calibrate,116,209.5,197.60717104328933,-11.892828956710673,156
development_repeated_nested_cv,primary_instrument1_full,primary,1,2,2,development_combined,FPCR,ok,ok,True,8,118,calibrate:119,calibrate,119,232.89999389648438,234.79970989255258,1.8997159960682097,156
development_repeated_nested_cv,primary_instrument1_full,primary,1,2,2,development_combined,FPCR,ok,ok,True,8,128,calibrate:129,calibrate,129,231.10000610351562,224.5929335377516,-6.50707256576402,156
development_repeated_nested_cv,primary_instrument1_full,primary,1,2,2,development_combined,FPCR,ok,ok,True,8,131,calibrate:132,calibrate,132,206.3000030517578,205.98598357376792,-0.3140194779898877,156
development_repeated_nested_cv,primary_instrument1_full,primary,1,2,2,development_combined,FPCR,ok,ok,True,8,137,calibrate:138,calibrate,138,195.89999389648438,201.10873734679393,5.208743450309555,156
development_repeated_nested_cv,primary_instrument1_full,primary,1,2,2,development_combined,FPCR,ok,ok,True,8,144,calibrate:145,calibrate,145,191.1999969482422,191.12873383018749,-0.07126311805470209,156
development_repeated_nested_cv,primary_instrument1_full,primary,1,2,2,development_combined,FPCR,ok,ok,True,8,145,calibrate:146,calibrate,146,191.0,191.3371556024067,0.3371556024067104,156
development_repeated_nested_cv,primary_instrument1_full,primary,1,2,2,development_combined,FPCR,ok,ok,True,8,146,calibrate:147,calibrate,147,198.60000610351562,184.07179333361583,-14.528212769899795,156
development_repeated_nested_cv,primary_instrument1_full,primary,1,2,2,development_combined,FPCR,ok,ok,True,8,152,calibrate:153,calibrate,153,199.6999969482422,194.269294387502,-5.430702560740201,156
development_repeated_nested_cv,primary_instrument1_full,primary,1,2,2,development_combined,FPCR,ok,ok,True,8,153,calibrate:154,calibrate,154,201.5,193.88771484062696,-7.6122851593730445,156
development_repeated_nested_cv,primary_instrument1_full,primary,1,2,2,development_combined,FPCR,ok,ok,True,8,156,validate:002,validate,2,188.1999969482422,191.70323924548768,3.5032422972454924,156
development_repeated_nested_cv,primary_instrument1_full,primary,1,2,2,development_combined,FPCR,ok,ok,True,8,159,validate:005,validate,5,195.1999969482422,195.8549569067153,0.6549599584731141,156
development_repeated_nested_cv,primary_instrument1_full,primary,1,2,2,development_combined,FPCR,ok,ok,True,8,164,validate:010,validate,10,193.8000030517578,192.25317824139267,-1.5468248103651376,156
development_repeated_nested_cv,primary_instrument1_full,primary,1,2,2,development_combined,FPCR,ok,ok,True,8,166,validate:012,validate,12,193.8000030517578,186.9266290561486,-6.8733739956091995,156
development_repeated_nested_cv,primary_instrument1_full,primary,1,2,2,development_combined,FPCR,ok,ok,True,8,172,validate:018,validate,18,195.39999389648438,191.97013423605702,-3.429859660427354,156
development_repeated_nested_cv,primary_instrument1_full,primary,1,2,2,development_combined,FPCR,ok,ok,True,8,177,validate:023,validate,23,194.5,199.43243460685042,4.932434606850421,156
development_repeated_nested_cv,primary_instrument1_full,primary,1,2,2,development_combined,FPCR,ok,ok,True,8,181,validate:027,validate,27,198.89999389648438,196.31763173465637,-2.5823621618280015,156
development_repeated_nested_cv,primary_instrument1_full,primary,1,2,2,development_combined,FPCR,ok,ok,True,8,184,validate:030,validate,30,196.8000030517578,200.14896894794754,3.348965896189725,156
development_repeated_nested_cv,primary_instrument1_full,primary,1,2,3,development_combined,CG-FPLS-code,ok,ok,True,3,4,calibrate:005,calibrate,5,199.3000030517578,189.51783887171118,-9.782164180046635,156
development_repeated_nested_cv,primary_instrument1_full,primary,1,2,3,development_combined,CG-FPLS-code,ok,ok,True,3,10,calibrate:011,calibrate,11,221.8000030517578,219.17955174488736,-2.62045130687045,156
development_repeated_nested_cv,primary_instrument1_full,primary,1,2,3,development_combined,CG-FPLS-code,ok,ok,True,3,20,calibrate:021,calibrate,21,183.1999969482422,181.45314238036642,-1.746854567875772,156
development_repeated_nested_cv,primary_instrument1_full,primary,1,2,3,development_combined,CG-FPLS-code,ok,ok,True,3,27,calibrate:028,calibrate,28,175.8000030517578,177.95104638361207,2.151043331854254,156
development_repeated_nested_cv,primary_instrument1_full,primary,1,2,3,development_combined,CG-FPLS-code,ok,ok,True,3,37,calibrate:038,calibrate,38,208.8000030517578,200.73761935545917,-8.062383696298639,156
development_repeated_nested_cv,primary_instrument1_full,primary,1,2,3,development_combined,CG-FPLS-code,ok,ok,True,3,39,calibrate:040,calibrate,40,174.10000610351562,177.45660913134984,3.356603027834211,156
development_repeated_nested_cv,primary_instrument1_full,primary,1,2,3,development_combined,CG-FPLS-code,ok,ok,True,3,46,calibrate:047,calibrate,47,158.0,165.14386533462968,7.14386533462968,156
development_repeated_nested_cv,primary_instrument1_full,primary,1,2,3,development_combined,CG-FPLS-code,ok,ok,True,3,50,calibrate:051,calibrate,51,188.3000030517578,186.60386454971209,-1.6961385020457271,156
development_repeated_nested_cv,primary_instrument1_full,primary,1,2,3,development_combined,CG-FPLS-code,ok,ok,True,3,56,calibrate:057,calibrate,57,222.3000030517578,220.00317910683177,-2.2968239449260466,156
development_repeated_nested_cv,primary_instrument1_full,primary,1,2,3,development_combined,CG-FPLS-code,ok,ok,True,3,57,calibrate:058,calibrate,58,157.60000610351562,165.16635507193203,7.566348968416406,156
development_repeated_nested_cv,primary_instrument1_full,primary,1,2,3,development_combined,CG-FPLS-code,ok,ok,True,3,65,calibrate:066,calibrate,66,160.39999389648438,159.2143235264117,-1.1856703700726712,156
development_repeated_nested_cv,primary_instrument1_full,primary,1,2,3,development_combined,CG-FPLS-code,ok,ok,True,3,77,calibrate:078,calibrate,78,201.6999969482422,200.99184522247512,-0.7081517257670669,156
development_repeated_nested_cv,primary_instrument1_full,primary,1,2,3,development_combined,CG-FPLS-code,ok,ok,True,3,81,calibrate:082,calibrate,82,216.39999389648438,216.37718576748722,-0.022808128997155563,156
development_repeated_nested_cv,primary_instrument1_full,primary,1,2,3,development_combined,CG-FPLS-code,ok,ok,True,3,83,calibrate:084,calibrate,84,205.39999389648438,199.53906431276442,-5.860929583719951,156
development_repeated_nested_cv,primary_instrument1_full,primary,1,2,3,development_combined,CG-FPLS-code,ok,ok,True,3,84,calibrate:085,calibrate,85,177.1999969482422,176.37222754833053,-0.8277693999116593,156
development_repeated_nested_cv,primary_instrument1_full,primary,1,2,3,development_combined,CG-FPLS-code,ok,ok,True,3,86,calibrate:087,calibrate,87,205.5,208.11095029192455,2.610950291924553,156
development_repeated_nested_cv,primary_instrument1_full,primary,1,2,3,development_combined,CG-FPLS-code,ok,ok,True,3,93,calibrate:094,calibrate,94,172.39999389648438,181.96838156464185,9.56838766815747,156
development_repeated_nested_cv,primary_instrument1_full,primary,1,2,3,development_combined,CG-FPLS-code,ok,ok,True,3,95,calibrate:096,calibrate,96,171.60000610351562,177.60236751300462,6.002361409488998,156
development_repeated_nested_cv,primary_instrument1_full,primary,1,2,3,development_combined,CG-FPLS-code,ok,ok,True,3,99,calibrate:100,calibrate,100,219.3000030517578,213.07806327810894,-6.22193977364887,156
development_repeated_nested_cv,primary_instrument1_full,primary,1,2,3,development_combined,CG-FPLS-code,ok,ok,True,3,110,calibrate:111,calibrate,111,217.0,219.8951621519979,2.8951621519979085,156
development_repeated_nested_cv,primary_instrument1_full,primary,1,2,3,development_combined,CG-FPLS-code,ok,ok,True,3,114,calibrate:115,calibrate,115,180.5,177.356836686346,-3.143163313653986,156
development_repeated_nested_cv,primary_instrument1_full,primary,1,2,3,development_combined,CG-FPLS-code,ok,ok,True,3,116,calibrate:117,calibrate,117,224.3000030517578,216.3999094258258,-7.900093625932016,156
development_repeated_nested_cv,primary_instrument1_full,primary,1,2,3,development_combined,CG-FPLS-code,ok,ok,True,3,122,calibrate:123,calibrate,123,188.0,187.22256209864253,-0.777437901357473,156
development_repeated_nested_cv,primary_instrument1_full,primary,1,2,3,development_combined,CG-FPLS-code,ok,ok,True,3,124,calibrate:125,calibrate,125,154.8000030517578,164.59641362311453,9.796410571356716,156
development_repeated_nested_cv,primary_instrument1_full,primary,1,2,3,development_combined,CG-FPLS-code,ok,ok,True,3,127,calibrate:128,calibrate,128,239.10000610351562,235.3541206653317,-3.745885438183933,156
development_repeated_nested_cv,primary_instrument1_full,primary,1,2,3,development_combined,CG-FPLS-code,ok,ok,True,3,130,calibrate:131,calibrate,131,184.5,183.75956730711536,-0.7404326928846388,156
development_repeated_nested_cv,primary_instrument1_full,primary,1,2,3,development_combined,CG-FPLS-code,ok,ok,True,3,135,calibrate:136,calibrate,136,193.10000610351562,198.23782998407074,5.137823880555118,156
development_repeated_nested_cv,primary_instrument1_full,primary,1,2,3,development_combined,CG-FPLS-code,ok,ok,True,3,142,calibrate:143,calibrate,143,196.60000610351562,191.59509368748536,-5.004912416030265,156
development_repeated_nested_cv,primary_instrument1_full,primary,1,2,3,development_combined,CG-FPLS-code,ok,ok,True,3,148,calibrate:149,calibrate,149,194.10000610351562,197.51598866606088,3.4159825625452527,156
development_repeated_nested_cv,primary_instrument1_full,primary,1,2,3,development_combined,CG-FPLS-code,ok,ok,True,3,149,calibrate:150,calibrate,150,181.3000030517578,197.32683310041674,16.026830048658923,156
development_repeated_nested_cv,primary_instrument1_full,primary,1,2,3,development_combined,CG-FPLS-code,ok,ok,True,3,151,calibrate:152,calibrate,152,201.39999389648438,188.84452763107998,-12.555466265404391,156
development_repeated_nested_cv,primary_instrument1_full,primary,1,2,3,development_combined,CG-FPLS-code,ok,ok,True,3,163,validate:009,validate,9,195.8000030517578,193.6394471205498,-2.160555931208023,156
development_repeated_nested_cv,primary_instrument1_full,primary,1,2,3,development_combined,CG-FPLS-code,ok,ok,True,3,165,validate:011,validate,11,195.10000610351562,189.85485251880132,-5.245153584714302,156
development_repeated_nested_cv,primary_instrument1_full,primary,1,2,3,development_combined,CG-FPLS-code,ok,ok,True,3,171,validate:017,validate,17,194.6999969482422,197.86670532700788,3.1667083787656907,156
development_repeated_nested_cv,primary_instrument1_full,primary,1,2,3,development_combined,CG-FPLS-code,ok,ok,True,3,173,validate:019,validate,19,191.8000030517578,198.07190905403885,6.2719060022810424,156
development_repeated_nested_cv,primary_instrument1_full,primary,1,2,3,development_combined,CG-FPLS-code,ok,ok,True,3,178,validate:024,validate,24,193.60000610351562,202.35170805990984,8.751701956394214,156
development_repeated_nested_cv,primary_instrument1_full,primary,1,2,3,development_combined,CG-FPLS-code,ok,ok,True,3,185,validate:031,validate,31,194.10000610351562,195.3218601794082,1.2218540758925656,156
development_repeated_nested_cv,primary_instrument1_full,primary,1,2,3,development_combined,CG-FPLS-code,ok,ok,True,3,193,validate:039,validate,39,196.60000610351562,196.2941431414754,-0.3058629620402371,156
development_repeated_nested_cv,primary_instrument1_full,primary,1,2,3,development_combined,CG-FPLS-code,ok,ok,True,3,194,validate:040,validate,40,197.5,192.1131594122685,-5.386840587731513,156
development_repeated_nested_cv,primary_instrument1_full,primary,1,2,3,development_combined,Raw FPLS,ok,ok,True,49,4,calibrate:005,calibrate,5,199.3000030517578,193.0818182938092,-6.21818475794862,156
development_repeated_nested_cv,primary_instrument1_full,primary,1,2,3,development_combined,Raw FPLS,ok,ok,True,49,10,calibrate:011,calibrate,11,221.8000030517578,217.26301777131852,-4.536985280439296,156
development_repeated_nested_cv,primary_instrument1_full,primary,1,2,3,development_combined,Raw FPLS,ok,ok,True,49,20,calibrate:021,calibrate,21,183.1999969482422,184.7825609184956,1.5825639702534033,156
development_repeated_nested_cv,primary_instrument1_full,primary,1,2,3,development_combined,Raw FPLS,ok,ok,True,49,27,calibrate:028,calibrate,28,175.8000030517578,176.4656714670957,0.6656684153378762,156
development_repeated_nested_cv,primary_instrument1_full,primary,1,2,3,development_combined,Raw FPLS,ok,ok,True,49,37,calibrate:038,calibrate,38,208.8000030517578,204.83488698722437,-3.965116064533447,156
development_repeated_nested_cv,primary_instrument1_full,primary,1,2,3,development_combined,Raw FPLS,ok,ok,True,49,39,calibrate:040,calibrate,40,174.10000610351562,177.60964824547742,3.509642141961791,156
development_repeated_nested_cv,primary_instrument1_full,primary,1,2,3,development_combined,Raw FPLS,ok,ok,True,49,46,calibrate:047,calibrate,47,158.0,158.49915003917607,0.49915003917607237,156
development_repeated_nested_cv,primary_instrument1_full,primary,1,2,3,development_combined,Raw FPLS,ok,ok,True,49,50,calibrate:051,calibrate,51,188.3000030517578,184.54494435072587,-3.755058701031942,156
development_repeated_nested_cv,primary_instrument1_full,primary,1,2,3,development_combined,Raw FPLS,ok,ok,True,49,56,calibrate:057,calibrate,57,222.3000030517578,218.0384409308337,-4.261562120924111,156
development_repeated_nested_cv,primary_instrument1_full,primary,1,2,3,development_combined,Raw FPLS,ok,ok,True,49,57,calibrate:058,calibrate,58,157.60000610351562,163.48484660542104,5.8848405019054155,156
development_repeated_nested_cv,primary_instrument1_full,primary,1,2,3,development_combined,Raw FPLS,ok,ok,True,49,65,calibrate:066,calibrate,66,160.39999389648438,158.19894503631218,-2.201048860172193,156
development_repeated_nested_cv,primary_instrument1_full,primary,1,2,3,development_combined,Raw FPLS,ok,ok,True,49,77,calibrate:078,calibrate,78,201.6999969482422,205.98584125429082,4.285844306048631,156
development_repeated_nested_cv,primary_instrument1_full,primary,1,2,3,development_combined,Raw FPLS,ok,ok,True,49,81,calibrate:082,calibrate,82,216.39999389648438,216.56145988915213,0.16146599266775752,156
development_repeated_nested_cv,primary_instrument1_full,primary,1,2,3,development_combined,Raw FPLS,ok,ok,True,49,83,calibrate:084,calibrate,84,205.39999389648438,203.60514700583127,-1.7948468906531048,156
development_repeated_nested_cv,primary_instrument1_full,primary,1,2,3,development_combined,Raw FPLS,ok,ok,True,49,84,calibrate:085,calibrate,85,177.1999969482422,176.93596498580249,-0.2640319624397023,156
development_repeated_nested_cv,primary_instrument1_full,primary,1,2,3,development_combined,Raw FPLS,ok,ok,True,49,86,calibrate:087,calibrate,87,205.5,203.41970807991652,-2.080291920083482,156
development_repeated_nested_cv,primary_instrument1_full,primary,1,2,3,development_combined,Raw FPLS,ok,ok,True,49,93,calibrate:094,calibrate,94,172.39999389648438,175.84238894017489,3.44239504369051,156
development_repeated_nested_cv,primary_instrument1_full,primary,1,2,3,development_combined,Raw FPLS,ok,ok,True,49,95,calibrate:096,calibrate,96,171.60000610351562,170.78454999116516,-0.8154561123504607,156
development_repeated_nested_cv,primary_instrument1_full,primary,1,2,3,development_combined,Raw FPLS,ok,ok,True,49,99,calibrate:100,calibrate,100,219.3000030517578,217.03873337894157,-2.2612696728162405,156
development_repeated_nested_cv,primary_instrument1_full,primary,1,2,3,development_combined,Raw FPLS,ok,ok,True,49,110,calibrate:111,calibrate,111,217.0,217.55740855083343,0.5574085508334292,156
development_repeated_nested_cv,primary_instrument1_full,primary,1,2,3,development_combined,Raw FPLS,ok,ok,True,49,114,calibrate:115,calibrate,115,180.5,176.64327721250694,-3.856722787493055,156
development_repeated_nested_cv,primary_instrument1_full,primary,1,2,3,development_combined,Raw FPLS,ok,ok,True,49,116,calibrate:117,calibrate,117,224.3000030517578,215.86005439263096,-8.439948659126856,156
development_repeated_nested_cv,primary_instrument1_full,primary,1,2,3,development_combined,Raw FPLS,ok,ok,True,49,122,calibrate:123,calibrate,123,188.0,188.1963013883463,0.1963013883463134,156
development_repeated_nested_cv,primary_instrument1_full,primary,1,2,3,development_combined,Raw FPLS,ok,ok,True,49,124,calibrate:125,calibrate,125,154.8000030517578,158.62448755662265,3.8244845048648415,156
development_repeated_nested_cv,primary_instrument1_full,primary,1,2,3,development_combined,Raw FPLS,ok,ok,True,49,127,calibrate:128,calibrate,128,239.10000610351562,239.04379712497217,-0.056208978543452304,156
development_repeated_nested_cv,primary_instrument1_full,primary,1,2,3,development_combined,Raw FPLS,ok,ok,True,49,130,calibrate:131,calibrate,131,184.5,186.9513486360136,2.4513486360135914,156
development_repeated_nested_cv,primary_instrument1_full,primary,1,2,3,development_combined,Raw FPLS,ok,ok,True,49,135,calibrate:136,calibrate,136,193.10000610351562,193.49125070325607,0.3912445997404461,156
development_repeated_nested_cv,primary_instrument1_full,primary,1,2,3,development_combined,Raw FPLS,ok,ok,True,49,142,calibrate:143,calibrate,143,196.60000610351562,191.8480218139834,-4.751984289532231,156
development_repeated_nested_cv,primary_instrument1_full,primary,1,2,3,development_combined,Raw FPLS,ok,ok,True,49,148,calibrate:149,calibrate,149,194.10000610351562,188.6173062584703,-5.4826998450453175,156
development_repeated_nested_cv,primary_instrument1_full,primary,1,2,3,development_combined,Raw FPLS,ok,ok,True,49,149,calibrate:150,calibrate,150,181.3000030517578,191.48048547410767,10.180482422349854,156
development_repeated_nested_cv,primary_instrument1_full,primary,1,2,3,development_combined,Raw FPLS,ok,ok,True,49,151,calibrate:152,calibrate,152,201.39999389648438,192.8675601681341,-8.53243372835027,156
development_repeated_nested_cv,primary_instrument1_full,primary,1,2,3,development_combined,Raw FPLS,ok,ok,True,49,163,validate:009,validate,9,195.8000030517578,194.34886656039944,-1.451136491358369,156
development_repeated_nested_cv,primary_instrument1_full,primary,1,2,3,development_combined,Raw FPLS,ok,ok,True,49,165,validate:011,validate,11,195.10000610351562,195.7822157774071,0.6822096738914638,156
development_repeated_nested_cv,primary_instrument1_full,primary,1,2,3,development_combined,Raw FPLS,ok,ok,True,49,171,validate:017,validate,17,194.6999969482422,193.51887005433036,-1.1811268939118236,156
development_repeated_nested_cv,primary_instrument1_full,primary,1,2,3,development_combined,Raw FPLS,ok,ok,True,49,173,validate:019,validate,19,191.8000030517578,192.09164774226048,0.2916446905026646,156
development_repeated_nested_cv,primary_instrument1_full,primary,1,2,3,development_combined,Raw FPLS,ok,ok,True,49,178,validate:024,validate,24,193.60000610351562,197.1280024811759,3.527996377660287,156
development_repeated_nested_cv,primary_instrument1_full,primary,1,2,3,development_combined,Raw FPLS,ok,ok,True,49,185,validate:031,validate,31,194.10000610351562,195.47686413972366,1.3768580362080343,156
development_repeated_nested_cv,primary_instrument1_full,primary,1,2,3,development_combined,Raw FPLS,ok,ok,True,49,193,validate:039,validate,39,196.60000610351562,198.97626716845852,2.376261064942895,156
development_repeated_nested_cv,primary_instrument1_full,primary,1,2,3,development_combined,Raw FPLS,ok,ok,True,49,194,validate:040,validate,40,197.5,194.78130758533428,-2.7186924146657248,156
development_repeated_nested_cv,primary_instrument1_full,primary,1,2,3,development_combined,Arnoldi FPLS,ok,ok,True,4,4,calibrate:005,calibrate,5,199.3000030517578,195.04839216335503,-4.25161088840278,156
development_repeated_nested_cv,primary_instrument1_full,primary,1,2,3,development_combined,Arnoldi FPLS,ok,ok,True,4,10,calibrate:011,calibrate,11,221.8000030517578,219.14702891534074,-2.652974136417072,156
development_repeated_nested_cv,primary_instrument1_full,primary,1,2,3,development_combined,Arnoldi FPLS,ok,ok,True,4,20,calibrate:021,calibrate,21,183.1999969482422,183.00363142042158,-0.19636552782060335,156
development_repeated_nested_cv,primary_instrument1_full,primary,1,2,3,development_combined,Arnoldi FPLS,ok,ok,True,4,27,calibrate:028,calibrate,28,175.8000030517578,175.7244485857035,-0.07555446605431371,156
development_repeated_nested_cv,primary_instrument1_full,primary,1,2,3,development_combined,Arnoldi FPLS,ok,ok,True,4,37,calibrate:038,calibrate,38,208.8000030517578,202.8486993604895,-5.951303691268322,156
development_repeated_nested_cv,primary_instrument1_full,primary,1,2,3,development_combined,Arnoldi FPLS,ok,ok,True,4,39,calibrate:040,calibrate,40,174.10000610351562,175.99179896709185,1.891792863576228,156
development_repeated_nested_cv,primary_instrument1_full,primary,1,2,3,development_combined,Arnoldi FPLS,ok,ok,True,4,46,calibrate:047,calibrate,47,158.0,160.93136230341713,2.9313623034171314,156
development_repeated_nested_cv,primary_instrument1_full,primary,1,2,3,development_combined,Arnoldi FPLS,ok,ok,True,4,50,calibrate:051,calibrate,51,188.3000030517578,188.40163205791308,0.10162900615526382,156
development_repeated_nested_cv,primary_instrument1_full,primary,1,2,3,development_combined,Arnoldi FPLS,ok,ok,True,4,56,calibrate:057,calibrate,57,222.3000030517578,220.1607249487779,-2.1392781029799153,156
development_repeated_nested_cv,primary_instrument1_full,primary,1,2,3,development_combined,Arnoldi FPLS,ok,ok,True,4,57,calibrate:058,calibrate,58,157.60000610351562,162.80170060725706,5.201694503741436,156
development_repeated_nested_cv,primary_instrument1_full,primary,1,2,3,development_combined,Arnoldi FPLS,ok,ok,True,4,65,calibrate:066,calibrate,66,160.39999389648438,160.5030217809686,0.10302788448422007,156
development_repeated_nested_cv,primary_instrument1_full,primary,1,2,3,development_combined,Arnoldi FPLS,ok,ok,True,4,77,calibrate:078,calibrate,78,201.6999969482422,203.30189334524283,1.601896397000644,156
development_repeated_nested_cv,primary_instrument1_full,primary,1,2,3,development_combined,Arnoldi FPLS,ok,ok,True,4,81,calibrate:082,calibrate,82,216.39999389648438,215.29618259073249,-1.10381130575189,156
development_repeated_nested_cv,primary_instrument1_full,primary,1,2,3,development_combined,Arnoldi FPLS,ok,ok,True,4,83,calibrate:084,calibrate,84,205.39999389648438,201.43431351346257,-3.9656803830218053,156
development_repeated_nested_cv,primary_instrument1_full,primary,1,2,3,development_combined,Arnoldi FPLS,ok,ok,True,4,84,calibrate:085,calibrate,85,177.1999969482422,175.49434300143508,-1.7056539468071037,156
development_repeated_nested_cv,primary_instrument1_full,primary,1,2,3,development_combined,Arnoldi FPLS,ok,ok,True,4,86,calibrate:087,calibrate,87,205.5,205.69018717014217,0.1901871701421669,156
development_repeated_nested_cv,primary_instrument1_full,primary,1,2,3,development_combined,Arnoldi FPLS,ok,ok,True,4,93,calibrate:094,calibrate,94,172.39999389648438,178.40916360471795,6.009169708233571,156
development_repeated_nested_cv,primary_instrument1_full,primary,1,2,3,development_combined,Arnoldi FPLS,ok,ok,True,4,95,calibrate:096,calibrate,96,171.60000610351562,172.80523237342896,1.2052262699133394,156
development_repeated_nested_cv,primary_instrument1_full,primary,1,2,3,development_combined,Arnoldi FPLS,ok,ok,True,4,99,calibrate:100,calibrate,100,219.3000030517578,214.2491161429341,-5.050886908823713,156
development_repeated_nested_cv,primary_instrument1_full,primary,1,2,3,development_combined,Arnoldi FPLS,ok,ok,True,4,110,calibrate:111,calibrate,111,217.0,218.1956339725406,1.1956339725406053,156
development_repeated_nested_cv,primary_instrument1_full,primary,1,2,3,development_combined,Arnoldi FPLS,ok,ok,True,4,114,calibrate:115,calibrate,115,180.5,175.63724297417983,-4.862757025820173,156
development_repeated_nested_cv,primary_instrument1_full,primary,1,2,3,development_combined,Arnoldi FPLS,ok,ok,True,4,116,calibrate:117,calibrate,117,224.3000030517578,215.0990163299962,-9.200986721761609,156
development_repeated_nested_cv,primary_instrument1_full,primary,1,2,3,development_combined,Arnoldi FPLS,ok,ok,True,4,122,calibrate:123,calibrate,123,188.0,186.95469291026546,-1.0453070897345356,156
development_repeated_nested_cv,primary_instrument1_full,primary,1,2,3,development_combined,Arnoldi FPLS,ok,ok,True,4,124,calibrate:125,calibrate,125,154.8000030517578,163.83817407497065,9.03817102321284,156
development_repeated_nested_cv,primary_instrument1_full,primary,1,2,3,development_combined,Arnoldi FPLS,ok,ok,True,4,127,calibrate:128,calibrate,128,239.10000610351562,239.95335420772037,0.8533481042047413,156
development_repeated_nested_cv,primary_instrument1_full,primary,1,2,3,development_combined,Arnoldi FPLS,ok,ok,True,4,130,calibrate:131,calibrate,131,184.5,184.28324266717055,-0.2167573328294452,156
development_repeated_nested_cv,primary_instrument1_full,primary,1,2,3,development_combined,Arnoldi FPLS,ok,ok,True,4,135,calibrate:136,calibrate,136,193.10000610351562,196.3084775162105,3.208471412694877,156
development_repeated_nested_cv,primary_instrument1_full,primary,1,2,3,development_combined,Arnoldi FPLS,ok,ok,True,4,142,calibrate:143,calibrate,143,196.60000610351562,189.37158015712032,-7.228425946395305,156
development_repeated_nested_cv,primary_instrument1_full,primary,1,2,3,development_combined,Arnoldi FPLS,ok,ok,True,4,148,calibrate:149,calibrate,149,194.10000610351562,191.61872258906067,-2.481283514454958,156
development_repeated_nested_cv,primary_instrument1_full,primary,1,2,3,development_combined,Arnoldi FPLS,ok,ok,True,4,149,calibrate:150,calibrate,150,181.3000030517578,192.5554029013586,11.255399849600792,156
development_repeated_nested_cv,primary_instrument1_full,primary,1,2,3,development_combined,Arnoldi FPLS,ok,ok,True,4,151,calibrate:152,calibrate,152,201.39999389648438,194.56722314913983,-6.83277074734454,156
development_repeated_nested_cv,primary_instrument1_full,primary,1,2,3,development_combined,Arnoldi FPLS,ok,ok,True,4,163,validate:009,validate,9,195.8000030517578,195.633095481446,-0.16690757031182102,156
development_repeated_nested_cv,primary_instrument1_full,primary,1,2,3,development_combined,Arnoldi FPLS,ok,ok,True,4,165,validate:011,validate,11,195.10000610351562,191.75090000000472,-3.3491061035109055,156
development_repeated_nested_cv,primary_instrument1_full,primary,1,2,3,development_combined,Arnoldi FPLS,ok,ok,True,4,171,validate:017,validate,17,194.6999969482422,194.02856652832685,-0.6714304199153389,156
development_repeated_nested_cv,primary_instrument1_full,primary,1,2,3,development_combined,Arnoldi FPLS,ok,ok,True,4,173,validate:019,validate,19,191.8000030517578,191.7069262469947,-0.09307680476311475,156
development_repeated_nested_cv,primary_instrument1_full,primary,1,2,3,development_combined,Arnoldi FPLS,ok,ok,True,4,178,validate:024,validate,24,193.60000610351562,199.95536427083283,6.355358167317206,156
development_repeated_nested_cv,primary_instrument1_full,primary,1,2,3,development_combined,Arnoldi FPLS,ok,ok,True,4,185,validate:031,validate,31,194.10000610351562,199.07932440622616,4.9793183027105385,156
development_repeated_nested_cv,primary_instrument1_full,primary,1,2,3,development_combined,Arnoldi FPLS,ok,ok,True,4,193,validate:039,validate,39,196.60000610351562,197.1282155593817,0.5282094558660617,156
development_repeated_nested_cv,primary_instrument1_full,primary,1,2,3,development_combined,Arnoldi FPLS,ok,ok,True,4,194,validate:040,validate,40,197.5,198.69161006706898,1.1916100670689787,156
development_repeated_nested_cv,primary_instrument1_full,primary,1,2,3,development_combined,FPCR,ok,ok,True,11,4,calibrate:005,calibrate,5,199.3000030517578,193.55129541886143,-5.748707632896384,156
development_repeated_nested_cv,primary_instrument1_full,primary,1,2,3,development_combined,FPCR,ok,ok,True,11,10,calibrate:011,calibrate,11,221.8000030517578,218.0315396475159,-3.7684634042419134,156
development_repeated_nested_cv,primary_instrument1_full,primary,1,2,3,development_combined,FPCR,ok,ok,True,11,20,calibrate:021,calibrate,21,183.1999969482422,183.82260964007676,0.6226126918345756,156
development_repeated_nested_cv,primary_instrument1_full,primary,1,2,3,development_combined,FPCR,ok,ok,True,11,27,calibrate:028,calibrate,28,175.8000030517578,176.3351125730098,0.5351095212519965,156
development_repeated_nested_cv,primary_instrument1_full,primary,1,2,3,development_combined,FPCR,ok,ok,True,11,37,calibrate:038,calibrate,38,208.8000030517578,203.04119084590832,-5.758812205849495,156
development_repeated_nested_cv,primary_instrument1_full,primary,1,2,3,development_combined,FPCR,ok,ok,True,11,39,calibrate:040,calibrate,40,174.10000610351562,176.10098533327402,2.0009792297584,156
development_repeated_nested_cv,primary_instrument1_full,primary,1,2,3,development_combined,FPCR,ok,ok,True,11,46,calibrate:047,calibrate,47,158.0,160.61780980623587,2.6178098062358686,156
development_repeated_nested_cv,primary_instrument1_full,primary,1,2,3,development_combined,FPCR,ok,ok,True,11,50,calibrate:051,calibrate,51,188.3000030517578,186.58198639057022,-1.7180166611875904,156
development_repeated_nested_cv,primary_instrument1_full,primary,1,2,3,development_combined,FPCR,ok,ok,True,11,56,calibrate:057,calibrate,57,222.3000030517578,218.4440258862013,-3.85597716555651,156
development_repeated_nested_cv,primary_instrument1_full,primary,1,2,3,development_combined,FPCR,ok,ok,True,11,57,calibrate:058,calibrate,58,157.60000610351562,163.3545914045061,5.75458530099047,156
development_repeated_nested_cv,primary_instrument1_full,primary,1,2,3,development_combined,FPCR,ok,ok,True,11,65,calibrate:066,calibrate,66,160.39999389648438,160.1016769858285,-0.2983169106558705,156
development_repeated_nested_cv,primary_instrument1_full,primary,1,2,3,development_combined,FPCR,ok,ok,True,11,77,calibrate:078,calibrate,78,201.6999969482422,203.9562541566174,2.2562572083752173,156
development_repeated_nested_cv,primary_instrument1_full,primary,1,2,3,development_combined,FPCR,ok,ok,True,11,81,calibrate:082,calibrate,82,216.39999389648438,216.07657431220528,-0.3234195842790939,156
development_repeated_nested_cv,primary_instrument1_full,primary,1,2,3,development_combined,FPCR,ok,ok,True,11,83,calibrate:084,calibrate,84,205.39999389648438,202.7999325472528,-2.6000613492315665,156
development_repeated_nested_cv,primary_instrument1_full,primary,1,2,3,development_combined,FPCR,ok,ok,True,11,84,calibrate:085,calibrate,85,177.1999969482422,176.3008911085303,-0.8991058397118934,156
development_repeated_nested_cv,primary_instrument1_full,primary,1,2,3,development_combined,FPCR,ok,ok,True,11,86,calibrate:087,calibrate,87,205.5,204.87559034609828,-0.6244096539017221,156
development_repeated_nested_cv,primary_instrument1_full,primary,1,2,3,development_combined,FPCR,ok,ok,True,11,93,calibrate:094,calibrate,94,172.39999389648438,177.48986766138214,5.08987376489776,156
development_repeated_nested_cv,primary_instrument1_full,primary,1,2,3,development_combined,FPCR,ok,ok,True,11,95,calibrate:096,calibrate,96,171.60000610351562,172.1543627397462,0.5543566362305796,156
development_repeated_nested_cv,primary_instrument1_full,primary,1,2,3,development_combined,FPCR,ok,ok,True,11,99,calibrate:100,calibrate,100,219.3000030517578,215.22165556200852,-4.078347489749291,156
development_repeated_nested_cv,primary_instrument1_full,primary,1,2,3,development_combined,FPCR,ok,ok,True,11,110,calibrate:111,calibrate,111,217.0,219.26064790361875,2.2606479036187466,156
development_repeated_nested_cv,primary_instrument1_full,primary,1,2,3,development_combined,FPCR,ok,ok,True,11,114,calibrate:115,calibrate,115,180.5,175.54203476553067,-4.957965234469327,156
development_repeated_nested_cv,primary_instrument1_full,primary,1,2,3,development_combined,FPCR,ok,ok,True,11,116,calibrate:117,calibrate,117,224.3000030517578,215.96904815898225,-8.330954892775566,156
development_repeated_nested_cv,primary_instrument1_full,primary,1,2,3,development_combined,FPCR,ok,ok,True,11,122,calibrate:123,calibrate,123,188.0,187.97854269463625,-0.021457305363753676,156
development_repeated_nested_cv,primary_instrument1_full,primary,1,2,3,development_combined,FPCR,ok,ok,True,11,124,calibrate:125,calibrate,125,154.8000030517578,159.30201452141443,4.5020114696566225,156
development_repeated_nested_cv,primary_instrument1_full,primary,1,2,3,development_combined,FPCR,ok,ok,True,11,127,calibrate:128,calibrate,128,239.10000610351562,238.6461196956419,-0.453886407873739,156
development_repeated_nested_cv,primary_instrument1_full,primary,1,2,3,development_combined,FPCR,ok,ok,True,11,130,calibrate:131,calibrate,131,184.5,183.68977239378663,-0.810227606213374,156
development_repeated_nested_cv,primary_instrument1_full,primary,1,2,3,development_combined,FPCR,ok,ok,True,11,135,calibrate:136,calibrate,136,193.10000610351562,193.95052762549977,0.8505215219841489,156
development_repeated_nested_cv,primary_instrument1_full,primary,1,2,3,development_combined,FPCR,ok,ok,True,11,142,calibrate:143,calibrate,143,196.60000610351562,190.2582373106217,-6.34176879289393,156
development_repeated_nested_cv,primary_instrument1_full,primary,1,2,3,development_combined,FPCR,ok,ok,True,11,148,calibrate:149,calibrate,149,194.10000610351562,190.62059574760946,-3.479410355906168,156
development_repeated_nested_cv,primary_instrument1_full,primary,1,2,3,development_combined,FPCR,ok,ok,True,11,149,calibrate:150,calibrate,150,181.3000030517578,191.3908140460916,10.090810994333793,156
development_repeated_nested_cv,primary_instrument1_full,primary,1,2,3,development_combined,FPCR,ok,ok,True,11,151,calibrate:152,calibrate,152,201.39999389648438,194.66317666990804,-6.736817226576335,156
development_repeated_nested_cv,primary_instrument1_full,primary,1,2,3,development_combined,FPCR,ok,ok,True,11,163,validate:009,validate,9,195.8000030517578,192.71556678108396,-3.084436270673848,156
development_repeated_nested_cv,primary_instrument1_full,primary,1,2,3,development_combined,FPCR,ok,ok,True,11,165,validate:011,validate,11,195.10000610351562,192.13593655651047,-2.9640695470051526,156
development_repeated_nested_cv,primary_instrument1_full,primary,1,2,3,development_combined,FPCR,ok,ok,True,11,171,validate:017,validate,17,194.6999969482422,193.53063284899534,-1.1693640992468488,156
development_repeated_nested_cv,primary_instrument1_full,primary,1,2,3,development_combined,FPCR,ok,ok,True,11,173,validate:019,validate,19,191.8000030517578,192.726697784675,0.9266947329171842,156
development_repeated_nested_cv,primary_instrument1_full,primary,1,2,3,development_combined,FPCR,ok,ok,True,11,178,validate:024,validate,24,193.60000610351562,198.08978651151287,4.4897804079972445,156
development_repeated_nested_cv,primary_instrument1_full,primary,1,2,3,development_combined,FPCR,ok,ok,True,11,185,validate:031,validate,31,194.10000610351562,197.20166401665946,3.101657913143839,156
development_repeated_nested_cv,primary_instrument1_full,primary,1,2,3,development_combined,FPCR,ok,ok,True,11,193,validate:039,validate,39,196.60000610351562,198.0234825028023,1.4234763992866704,156
development_repeated_nested_cv,primary_instrument1_full,primary,1,2,3,development_combined,FPCR,ok,ok,True,11,194,validate:040,validate,40,197.5,196.01097303895523,-1.4890269610447717,156
development_repeated_nested_cv,primary_instrument1_full,primary,1,2,4,development_combined,CG-FPLS-code,ok,ok,True,3,0,calibrate:001,calibrate,1,200.10000610351562,189.25722479891823,-10.842781304597395,156
development_repeated_nested_cv,primary_instrument1_full,primary,1,2,4,development_combined,CG-FPLS-code,ok,ok,True,3,1,calibrate:002,calibrate,2,198.6999969482422,190.72960110540552,-7.970395842836666,156
development_repeated_nested_cv,primary_instrument1_full,primary,1,2,4,development_combined,CG-FPLS-code,ok,ok,True,3,5,calibrate:006,calibrate,6,198.3000030517578,194.87665309773726,-3.4233499540205514,156
development_repeated_nested_cv,primary_instrument1_full,primary,1,2,4,development_combined,CG-FPLS-code,ok,ok,True,3,15,calibrate:016,calibrate,16,173.8000030517578,181.0441504753069,7.244147423549094,156
development_repeated_nested_cv,primary_instrument1_full,primary,1,2,4,development_combined,CG-FPLS-code,ok,ok,True,3,16,calibrate:017,calibrate,17,222.5,215.41523721866892,-7.084762781331079,156
development_repeated_nested_cv,primary_instrument1_full,primary,1,2,4,development_combined,CG-FPLS-code,ok,ok,True,3,25,calibrate:026,calibrate,26,214.3000030517578,217.18132475682148,2.8813217050636695,156
development_repeated_nested_cv,primary_instrument1_full,primary,1,2,4,development_combined,CG-FPLS-code,ok,ok,True,3,30,calibrate:031,calibrate,31,184.1999969482422,183.78275455438836,-0.4172423938538259,156
development_repeated_nested_cv,primary_instrument1_full,primary,1,2,4,development_combined,CG-FPLS-code,ok,ok,True,3,32,calibrate:033,calibrate,33,183.0,186.44448548784237,3.444485487842371,156
development_repeated_nested_cv,primary_instrument1_full,primary,1,2,4,development_combined,CG-FPLS-code,ok,ok,True,3,33,calibrate:034,calibrate,34,231.89999389648438,234.92740948730386,3.027415590819487,156
development_repeated_nested_cv,primary_instrument1_full,primary,1,2,4,development_combined,CG-FPLS-code,ok,ok,True,3,34,calibrate:035,calibrate,35,218.0,214.95216083183698,-3.047839168163023,156
development_repeated_nested_cv,primary_instrument1_full,primary,1,2,4,development_combined,CG-FPLS-code,ok,ok,True,3,36,calibrate:037,calibrate,37,177.5,175.519630835076,-1.9803691649240136,156
development_repeated_nested_cv,primary_instrument1_full,primary,1,2,4,development_combined,CG-FPLS-code,ok,ok,True,3,38,calibrate:039,calibrate,39,214.10000610351562,223.5509560626161,9.450949959100484,156
development_repeated_nested_cv,primary_instrument1_full,primary,1,2,4,development_combined,CG-FPLS-code,ok,ok,True,3,40,calibrate:041,calibrate,41,206.60000610351562,204.0756798393328,-2.5243262641828323,156
development_repeated_nested_cv,primary_instrument1_full,primary,1,2,4,development_combined,CG-FPLS-code,ok,ok,True,3,41,calibrate:042,calibrate,42,187.5,185.72979939833056,-1.770200601669444,156
development_repeated_nested_cv,primary_instrument1_full,primary,1,2,4,development_combined,CG-FPLS-code,ok,ok,True,3,48,calibrate:049,calibrate,49,186.3000030517578,191.20714003654882,4.907136984791009,156
development_repeated_nested_cv,primary_instrument1_full,primary,1,2,4,development_combined,CG-FPLS-code,ok,ok,True,3,51,calibrate:052,calibrate,52,231.89999389648438,226.15174891534232,-5.748244981142051,156
development_repeated_nested_cv,primary_instrument1_full,primary,1,2,4,development_combined,CG-FPLS-code,ok,ok,True,3,53,calibrate:054,calibrate,54,221.5,214.25183400110268,-7.248165998897321,156
development_repeated_nested_cv,primary_instrument1_full,primary,1,2,4,development_combined,CG-FPLS-code,ok,ok,True,3,59,calibrate:060,calibrate,60,172.3000030517578,178.51069525850346,6.210692206745648,156
development_repeated_nested_cv,primary_instrument1_full,primary,1,2,4,development_combined,CG-FPLS-code,ok,ok,True,3,62,calibrate:063,calibrate,63,176.5,173.1366909987042,-3.3633090012957894,156
development_repeated_nested_cv,primary_instrument1_full,primary,1,2,4,development_combined,CG-FPLS-code,ok,ok,True,3,63,calibrate:064,calibrate,64,156.1999969482422,160.78669211613982,4.586695167897631,156
development_repeated_nested_cv,primary_instrument1_full,primary,1,2,4,development_combined,CG-FPLS-code,ok,ok,True,3,64,calibrate:065,calibrate,65,158.1999969482422,162.38771747259875,4.187720524356564,156
development_repeated_nested_cv,primary_instrument1_full,primary,1,2,4,development_combined,CG-FPLS-code,ok,ok,True,3,69,calibrate:070,calibrate,70,159.3000030517578,163.36971385576064,4.069710804002824,156
development_repeated_nested_cv,primary_instrument1_full,primary,1,2,4,development_combined,CG-FPLS-code,ok,ok,True,3,71,calibrate:072,calibrate,72,201.8000030517578,207.20340715677773,5.403404105019916,156
development_repeated_nested_cv,primary_instrument1_full,primary,1,2,4,development_combined,CG-FPLS-code,ok,ok,True,3,89,calibrate:090,calibrate,90,173.39999389648438,178.73154477919823,5.331550882713856,156
development_repeated_nested_cv,primary_instrument1_full,primary,1,2,4,development_combined,CG-FPLS-code,ok,ok,True,3,92,calibrate:093,calibrate,93,203.89999389648438,208.1159064800113,4.215912583526915,156
development_repeated_nested_cv,primary_instrument1_full,primary,1,2,4,development_combined,CG-FPLS-code,ok,ok,True,3,102,calibrate:103,calibrate,103,151.60000610351562,160.98779173063284,9.38778562711721,156
development_repeated_nested_cv,primary_instrument1_full,primary,1,2,4,development_combined,CG-FPLS-code,ok,ok,True,3,111,calibrate:112,calibrate,112,220.0,218.95562358512598,-1.0443764148740229,156
development_repeated_nested_cv,primary_instrument1_full,primary,1,2,4,development_combined,CG-FPLS-code,ok,ok,True,3,121,calibrate:122,calibrate,122,176.89999389648438,158.2055553251403,-18.69443857134408,156
development_repeated_nested_cv,primary_instrument1_full,primary,1,2,4,development_combined,CG-FPLS-code,ok,ok,True,3,136,calibrate:137,calibrate,137,192.60000610351562,188.66618833363634,-3.9338177698792833,156
development_repeated_nested_cv,primary_instrument1_full,primary,1,2,4,development_combined,CG-FPLS-code,ok,ok,True,3,138,calibrate:139,calibrate,139,191.1999969482422,199.80122719093387,8.601230242691685,156
development_repeated_nested_cv,primary_instrument1_full,primary,1,2,4,development_combined,CG-FPLS-code,ok,ok,True,3,141,calibrate:142,calibrate,142,196.3000030517578,186.46844211060477,-9.831560941153043,156
development_repeated_nested_cv,primary_instrument1_full,primary,1,2,4,development_combined,CG-FPLS-code,ok,ok,True,3,157,validate:003,validate,3,191.89999389648438,192.5867717556858,0.6867778592014133,156
development_repeated_nested_cv,primary_instrument1_full,primary,1,2,4,development_combined,CG-FPLS-code,ok,ok,True,3,161,validate:007,validate,7,195.89999389648438,196.372382689845,0.4723887933606363,156
development_repeated_nested_cv,primary_instrument1_full,primary,1,2,4,development_combined,CG-FPLS-code,ok,ok,True,3,162,validate:008,validate,8,194.89999389648438,194.9030585574948,0.0030646610104270167,156
development_repeated_nested_cv,primary_instrument1_full,primary,1,2,4,development_combined,CG-FPLS-code,ok,ok,True,3,168,validate:014,validate,14,197.5,196.59351225073644,-0.9064877492635617,156
development_repeated_nested_cv,primary_instrument1_full,primary,1,2,4,development_combined,CG-FPLS-code,ok,ok,True,3,175,validate:021,validate,21,195.10000610351562,196.5816912302531,1.4816851267374886,156
development_repeated_nested_cv,primary_instrument1_full,primary,1,2,4,development_combined,CG-FPLS-code,ok,ok,True,3,187,validate:033,validate,33,194.1999969482422,198.34932947043183,4.149332522189638,156
development_repeated_nested_cv,primary_instrument1_full,primary,1,2,4,development_combined,CG-FPLS-code,ok,ok,True,3,188,validate:034,validate,34,193.39999389648438,198.88006938356244,5.480075487078068,156
development_repeated_nested_cv,primary_instrument1_full,primary,1,2,4,development_combined,CG-FPLS-code,ok,ok,True,3,191,validate:037,validate,37,197.0,197.70942659106768,0.7094265910676825,156
development_repeated_nested_cv,primary_instrument1_full,primary,1,2,4,development_combined,Raw FPLS,ok,ok,True,23,0,calibrate:001,calibrate,1,200.10000610351562,195.1288085694272,-4.971197534088418,156
development_repeated_nested_cv,primary_instrument1_full,primary,1,2,4,development_combined,Raw FPLS,ok,ok,True,23,1,calibrate:002,calibrate,2,198.6999969482422,194.38453452294723,-4.315462425294953,156
development_repeated_nested_cv,primary_instrument1_full,primary,1,2,4,development_combined,Raw FPLS,ok,ok,True,23,5,calibrate:006,calibrate,6,198.3000030517578,193.49646432680063,-4.803538724957178,156
development_repeated_nested_cv,primary_instrument1_full,primary,1,2,4,development_combined,Raw FPLS,ok,ok,True,23,15,calibrate:016,calibrate,16,173.8000030517578,176.87723507717857,3.0772320254207557,156
development_repeated_nested_cv,primary_instrument1_full,primary,1,2,4,development_combined,Raw FPLS,ok,ok,True,23,16,calibrate:017,calibrate,17,222.5,218.51236327865053,-3.9876367213494746,156
development_repeated_nested_cv,primary_instrument1_full,primary,1,2,4,development_combined,Raw FPLS,ok,ok,True,23,25,calibrate:026,calibrate,26,214.3000030517578,216.24025297725572,1.940249925497909,156
development_repeated_nested_cv,primary_instrument1_full,primary,1,2,4,development_combined,Raw FPLS,ok,ok,True,23,30,calibrate:031,calibrate,31,184.1999969482422,187.62922901788096,3.429232069638772,156
development_repeated_nested_cv,primary_instrument1_full,primary,1,2,4,development_combined,Raw FPLS,ok,ok,True,23,32,calibrate:033,calibrate,33,183.0,187.4858859635512,4.485885963551198,156
development_repeated_nested_cv,primary_instrument1_full,primary,1,2,4,development_combined,Raw FPLS,ok,ok,True,23,33,calibrate:034,calibrate,34,231.89999389648438,236.13979674991776,4.239802853433389,156
development_repeated_nested_cv,primary_instrument1_full,primary,1,2,4,development_combined,Raw FPLS,ok,ok,True,23,34,calibrate:035,calibrate,35,218.0,218.18062882383154,0.18062882383154033,156
development_repeated_nested_cv,primary_instrument1_full,primary,1,2,4,development_combined,Raw FPLS,ok,ok,True,23,36,calibrate:037,calibrate,37,177.5,177.4602103885757,-0.03978961142431103,156
development_repeated_nested_cv,primary_instrument1_full,primary,1,2,4,development_combined,Raw FPLS,ok,ok,True,23,38,calibrate:039,calibrate,39,214.10000610351562,222.9725019516201,8.872495848104478,156
development_repeated_nested_cv,primary_instrument1_full,primary,1,2,4,development_combined,Raw FPLS,ok,ok,True,23,40,calibrate:041,calibrate,41,206.60000610351562,206.390049382793,-0.20995672072263005,156
development_repeated_nested_cv,primary_instrument1_full,primary,1,2,4,development_combined,Raw FPLS,ok,ok,True,23,41,calibrate:042,calibrate,42,187.5,187.37769062769155,-0.12230937230845029,156
development_repeated_nested_cv,primary_instrument1_full,primary,1,2,4,development_combined,Raw FPLS,ok,ok,True,23,48,calibrate:049,calibrate,49,186.3000030517578,186.65828977915217,0.35828672739435774,156
development_repeated_nested_cv,primary_instrument1_full,primary,1,2,4,development_combined,Raw FPLS,ok,ok,True,23,51,calibrate:052,calibrate,52,231.89999389648438,231.40777166333478,-0.49222223314959024,156
development_repeated_nested_cv,primary_instrument1_full,primary,1,2,4,development_combined,Raw FPLS,ok,ok,True,23,53,calibrate:054,calibrate,54,221.5,217.41765872579688,-4.082341274203117,156
development_repeated_nested_cv,primary_instrument1_full,primary,1,2,4,development_combined,Raw FPLS,ok,ok,True,23,59,calibrate:060,calibrate,60,172.3000030517578,174.32638232445555,2.0263792726977385,156
development_repeated_nested_cv,primary_instrument1_full,primary,1,2,4,development_combined,Raw FPLS,ok,ok,True,23,62,calibrate:063,calibrate,63,176.5,177.06692474627496,0.5669247462749638,156
development_repeated_nested_cv,primary_instrument1_full,primary,1,2,4,development_combined,Raw FPLS,ok,ok,True,23,63,calibrate:064,calibrate,64,156.1999969482422,161.3381410864028,5.138144138160612,156
development_repeated_nested_cv,primary_instrument1_full,primary,1,2,4,development_combined,Raw FPLS,ok,ok,True,23,64,calibrate:065,calibrate,65,158.1999969482422,161.19082386462856,2.990826916386368,156
development_repeated_nested_cv,primary_instrument1_full,primary,1,2,4,development_combined,Raw FPLS,ok,ok,True,23,69,calibrate:070,calibrate,70,159.3000030517578,161.73516846977986,2.435165418022052,156
development_repeated_nested_cv,primary_instrument1_full,primary,1,2,4,development_combined,Raw FPLS,ok,ok,True,23,71,calibrate:072,calibrate,72,201.8000030517578,204.66578864357766,2.8657855918198436,156
development_repeated_nested_cv,primary_instrument1_full,primary,1,2,4,development_combined,Raw FPLS,ok,ok,True,23,89,calibrate:090,calibrate,90,173.39999389648438,179.23448270588761,5.83448880940324,156
development_repeated_nested_cv,primary_instrument1_full,primary,1,2,4,development_combined,Raw FPLS,ok,ok,True,23,92,calibrate:093,calibrate,93,203.89999389648438,205.8869468734381,1.9869529769537166,156
development_repeated_nested_cv,primary_instrument1_full,primary,1,2,4,development_combined,Raw FPLS,ok,ok,True,23,102,calibrate:103,calibrate,103,151.60000610351562,162.29877633668139,10.69877023316576,156
development_repeated_nested_cv,primary_instrument1_full,primary,1,2,4,development_combined,Raw FPLS,ok,ok,True,23,111,calibrate:112,calibrate,112,220.0,218.45034565810525,-1.549654341894751,156
development_repeated_nested_cv,primary_instrument1_full,primary,1,2,4,development_combined,Raw FPLS,ok,ok,True,23,121,calibrate:122,calibrate,122,176.89999389648438,156.7923523718105,-20.10764152467388,156
development_repeated_nested_cv,primary_instrument1_full,primary,1,2,4,development_combined,Raw FPLS,ok,ok,True,23,136,calibrate:137,calibrate,137,192.60000610351562,186.69414562684452,-5.9058604766711085,156
development_repeated_nested_cv,primary_instrument1_full,primary,1,2,4,development_combined,Raw FPLS,ok,ok,True,23,138,calibrate:139,calibrate,139,191.1999969482422,196.92357844788415,5.723581499641966,156
development_repeated_nested_cv,primary_instrument1_full,primary,1,2,4,development_combined,Raw FPLS,ok,ok,True,23,141,calibrate:142,calibrate,142,196.3000030517578,191.57903480799223,-4.720968243765583,156
development_repeated_nested_cv,primary_instrument1_full,primary,1,2,4,development_combined,Raw FPLS,ok,ok,True,23,157,validate:003,validate,3,191.89999389648438,198.57828044992868,6.678286553444309,156
development_repeated_nested_cv,primary_instrument1_full,primary,1,2,4,development_combined,Raw FPLS,ok,ok,True,23,161,validate:007,validate,7,195.89999389648438,193.9534830017017,-1.9465108947826764,156
development_repeated_nested_cv,primary_instrument1_full,primary,1,2,4,development_combined,Raw FPLS,ok,ok,True,23,162,validate:008,validate,8,194.89999389648438,192.74612544709817,-2.1538684493862092,156
development_repeated_nested_cv,primary_instrument1_full,primary,1,2,4,development_combined,Raw FPLS,ok,ok,True,23,168,validate:014,validate,14,197.5,192.86076299679453,-4.639237003205466,156
development_repeated_nested_cv,primary_instrument1_full,primary,1,2,4,development_combined,Raw FPLS,ok,ok,True,23,175,validate:021,validate,21,195.10000610351562,200.01900095381612,4.918994850300493,156
development_repeated_nested_cv,primary_instrument1_full,primary,1,2,4,development_combined,Raw FPLS,ok,ok,True,23,187,validate:033,validate,33,194.1999969482422,200.9909074249901,6.790910476747911,156
development_repeated_nested_cv,primary_instrument1_full,primary,1,2,4,development_combined,Raw FPLS,ok,ok,True,23,188,validate:034,validate,34,193.39999389648438,198.5205024881639,5.120508591679538,156
development_repeated_nested_cv,primary_instrument1_full,primary,1,2,4,development_combined,Raw FPLS,ok,ok,True,23,191,validate:037,validate,37,197.0,197.64831842322792,0.64831842322792,156
development_repeated_nested_cv,primary_instrument1_full,primary,1,2,4,development_combined,Arnoldi FPLS,ok,ok,True,6,0,calibrate:001,calibrate,1,200.10000610351562,197.37169527233198,-2.7283108311836486,156
development_repeated_nested_cv,primary_instrument1_full,primary,1,2,4,development_combined,Arnoldi FPLS,ok,ok,True,6,1,calibrate:002,calibrate,2,198.6999969482422,195.15001332874556,-3.549983619496629,156
development_repeated_nested_cv,primary_instrument1_full,primary,1,2,4,development_combined,Arnoldi FPLS,ok,ok,True,6,5,calibrate:006,calibrate,6,198.3000030517578,194.30983291580256,-3.9901701359552533,156
development_repeated_nested_cv,primary_instrument1_full,primary,1,2,4,development_combined,Arnoldi FPLS,ok,ok,True,6,15,calibrate:016,calibrate,16,173.8000030517578,175.91110272708838,2.111099675330564,156
development_repeated_nested_cv,primary_instrument1_full,primary,1,2,4,development_combined,Arnoldi FPLS,ok,ok,True,6,16,calibrate:017,calibrate,17,222.5,217.85381152771745,-4.646188472282546,156
development_repeated_nested_cv,primary_instrument1_full,primary,1,2,4,development_combined,Arnoldi FPLS,ok,ok,True,6,25,calibrate:026,calibrate,26,214.3000030517578,214.97621546527958,0.6762124135217675,156
development_repeated_nested_cv,primary_instrument1_full,primary,1,2,4,development_combined,Arnoldi FPLS,ok,ok,True,6,30,calibrate:031,calibrate,31,184.1999969482422,186.14611993498167,1.946122986739482,156
development_repeated_nested_cv,primary_instrument1_full,primary,1,2,4,development_combined,Arnoldi FPLS,ok,ok,True,6,32,calibrate:033,calibrate,33,183.0,186.57291872913444,3.572918729134443,156
development_repeated_nested_cv,primary_instrument1_full,primary,1,2,4,development_combined,Arnoldi FPLS,ok,ok,True,6,33,calibrate:034,calibrate,34,231.89999389648438,237.07124521715622,5.171251320671843,156
development_repeated_nested_cv,primary_instrument1_full,primary,1,2,4,development_combined,Arnoldi FPLS,ok,ok,True,6,34,calibrate:035,calibrate,35,218.0,218.47320309747693,0.4732030974769259,156
development_repeated_nested_cv,primary_instrument1_full,primary,1,2,4,development_combined,Arnoldi FPLS,ok,ok,True,6,36,calibrate:037,calibrate,37,177.5,177.3969344202323,-0.10306557976770137,156
development_repeated_nested_cv,primary_instrument1_full,primary,1,2,4,development_combined,Arnoldi FPLS,ok,ok,True,6,38,calibrate:039,calibrate,39,214.10000610351562,213.43789744743748,-0.6621086560781464,156
development_repeated_nested_cv,primary_instrument1_full,primary,1,2,4,development_combined,Arnoldi FPLS,ok,ok,True,6,40,calibrate:041,calibrate,41,206.60000610351562,205.91663982319648,-0.6833662803191487,156
development_repeated_nested_cv,primary_instrument1_full,primary,1,2,4,development_combined,Arnoldi FPLS,ok,ok,True,6,41,calibrate:042,calibrate,42,187.5,187.4119701557172,-0.0880298442828007,156
development_repeated_nested_cv,primary_instrument1_full,primary,1,2,4,development_combined,Arnoldi FPLS,ok,ok,True,6,48,calibrate:049,calibrate,49,186.3000030517578,187.4914091634926,1.1914061117347785,156
development_repeated_nested_cv,primary_instrument1_full,primary,1,2,4,development_combined,Arnoldi FPLS,ok,ok,True,6,51,calibrate:052,calibrate,52,231.89999389648438,234.58926035627564,2.68926645979127,156
development_repeated_nested_cv,primary_instrument1_full,primary,1,2,4,development_combined,Arnoldi FPLS,ok,ok,True,6,53,calibrate:054,calibrate,54,221.5,216.59740495280198,-4.9025950471980195,156
development_repeated_nested_cv,primary_instrument1_full,primary,1,2,4,development_combined,Arnoldi FPLS,ok,ok,True,6,59,calibrate:060,calibrate,60,172.3000030517578,175.74522528759428,3.445222235836468,156
development_repeated_nested_cv,primary_instrument1_full,primary,1,2,4,development_combined,Arnoldi FPLS,ok,ok,True,6,62,calibrate:063,calibrate,63,176.5,177.80944339675062,1.3094433967506234,156
development_repeated_nested_cv,primary_instrument1_full,primary,1,2,4,development_combined,Arnoldi FPLS,ok,ok,True,6,63,calibrate:064,calibrate,64,156.1999969482422,158.8173238409528,2.617326892710622,156
development_repeated_nested_cv,primary_instrument1_full,primary,1,2,4,development_combined,Arnoldi FPLS,ok,ok,True,6,64,calibrate:065,calibrate,65,158.1999969482422,163.3027322479304,5.10273529968822,156
development_repeated_nested_cv,primary_instrument1_full,primary,1,2,4,development_combined,Arnoldi FPLS,ok,ok,True,6,69,calibrate:070,calibrate,70,159.3000030517578,163.67537721362496,4.375374161867143,156
development_repeated_nested_cv,primary_instrument1_full,primary,1,2,4,development_combined,Arnoldi FPLS,ok,ok,True,6,71,calibrate:072,calibrate,72,201.8000030517578,204.78210563894174,2.982102587183931,156
development_repeated_nested_cv,primary_instrument1_full,primary,1,2,4,development_combined,Arnoldi FPLS,ok,ok,True,6,89,calibrate:090,calibrate,90,173.39999389648438,178.31184487250258,4.911850976018201,156
development_repeated_nested_cv,primary_instrument1_full,primary,1,2,4,development_combined,Arnoldi FPLS,ok,ok,True,6,92,calibrate:093,calibrate,93,203.89999389648438,205.9591476798769,2.0591537833925315,156
development_repeated_nested_cv,primary_instrument1_full,primary,1,2,4,development_combined,Arnoldi FPLS,ok,ok,True,6,102,calibrate:103,calibrate,103,151.60000610351562,160.7812315769802,9.181225473464565,156
development_repeated_nested_cv,primary_instrument1_full,primary,1,2,4,development_combined,Arnoldi FPLS,ok,ok,True,6,111,calibrate:112,calibrate,112,220.0,217.82240806763411,-2.1775919323658854,156
development_repeated_nested_cv,primary_instrument1_full,primary,1,2,4,development_combined,Arnoldi FPLS,ok,ok,True,6,121,calibrate:122,calibrate,122,176.89999389648438,155.99738471884925,-20.902609177635128,156
development_repeated_nested_cv,primary_instrument1_full,primary,1,2,4,development_combined,Arnoldi FPLS,ok,ok,True,6,136,calibrate:137,calibrate,137,192.60000610351562,178.84300230356362,-13.757003799952003,156
development_repeated_nested_cv,primary_instrument1_full,primary,1,2,4,development_combined,Arnoldi FPLS,ok,ok,True,6,138,calibrate:139,calibrate,139,191.1999969482422,198.0156928586284,6.815695910386211,156
development_repeated_nested_cv,primary_instrument1_full,primary,1,2,4,development_combined,Arnoldi FPLS,ok,ok,True,6,141,calibrate:142,calibrate,142,196.3000030517578,192.53409739150837,-3.7659056602494445,156
development_repeated_nested_cv,primary_instrument1_full,primary,1,2,4,development_combined,Arnoldi FPLS,ok,ok,True,6,157,validate:003,validate,3,191.89999389648438,200.70537095902722,8.805377062542846,156
development_repeated_nested_cv,primary_instrument1_full,primary,1,2,4,development_combined,Arnoldi FPLS,ok,ok,True,6,161,validate:007,validate,7,195.89999389648438,191.74342710937228,-4.156566787112098,156
development_repeated_nested_cv,primary_instrument1_full,primary,1,2,4,development_combined,Arnoldi FPLS,ok,ok,True,6,162,validate:008,validate,8,194.89999389648438,194.28255045156783,-0.617443444916546,156
development_repeated_nested_cv,primary_instrument1_full,primary,1,2,4,development_combined,Arnoldi FPLS,ok,ok,True,6,168,validate:014,validate,14,197.5,192.32741272402865,-5.1725872759713525,156
development_repeated_nested_cv,primary_instrument1_full,primary,1,2,4,development_combined,Arnoldi FPLS,ok,ok,True,6,175,validate:021,validate,21,195.10000610351562,196.29776894663408,1.1977628431184542,156
development_repeated_nested_cv,primary_instrument1_full,primary,1,2,4,development_combined,Arnoldi FPLS,ok,ok,True,6,187,validate:033,validate,33,194.1999969482422,198.71864355488103,4.518646606638839,156
development_repeated_nested_cv,primary_instrument1_full,primary,1,2,4,development_combined,Arnoldi FPLS,ok,ok,True,6,188,validate:034,validate,34,193.39999389648438,199.14438673260463,5.744392836120255,156
development_repeated_nested_cv,primary_instrument1_full,primary,1,2,4,development_combined,Arnoldi FPLS,ok,ok,True,6,191,validate:037,validate,37,197.0,196.5979499076353,-0.40205009236470346,156
development_repeated_nested_cv,primary_instrument1_full,primary,1,2,4,development_combined,FPCR,ok,ok,True,21,0,calibrate:001,calibrate,1,200.10000610351562,197.18752817704444,-2.9124779264711833,156
development_repeated_nested_cv,primary_instrument1_full,primary,1,2,4,development_combined,FPCR,ok,ok,True,21,1,calibrate:002,calibrate,2,198.6999969482422,194.65065196963081,-4.049344978611373,156
development_repeated_nested_cv,primary_instrument1_full,primary,1,2,4,development_combined,FPCR,ok,ok,True,21,5,calibrate:006,calibrate,6,198.3000030517578,190.1986933585765,-8.10130969318132,156
development_repeated_nested_cv,primary_instrument1_full,primary,1,2,4,development_combined,FPCR,ok,ok,True,21,15,calibrate:016,calibrate,16,173.8000030517578,176.58446163803532,2.784458586277509,156
development_repeated_nested_cv,primary_instrument1_full,primary,1,2,4,development_combined,FPCR,ok,ok,True,21,16,calibrate:017,calibrate,17,222.5,217.13216879257496,-5.367831207425041,156
development_repeated_nested_cv,primary_instrument1_full,primary,1,2,4,development_combined,FPCR,ok,ok,True,21,25,calibrate:026,calibrate,26,214.3000030517578,216.01554148697252,1.715538435214711,156
development_repeated_nested_cv,primary_instrument1_full,primary,1,2,4,development_combined,FPCR,ok,ok,True,21,30,calibrate:031,calibrate,31,184.1999969482422,186.04714735504638,1.8471504068041895,156
development_repeated_nested_cv,primary_instrument1_full,primary,1,2,4,development_combined,FPCR,ok,ok,True,21,32,calibrate:033,calibrate,33,183.0,186.46553506209932,3.4655350620993204,156
development_repeated_nested_cv,primary_instrument1_full,primary,1,2,4,development_combined,FPCR,ok,ok,True,21,33,calibrate:034,calibrate,34,231.89999389648438,235.0298723044709,3.1298784079865243,156
development_repeated_nested_cv,primary_instrument1_full,primary,1,2,4,development_combined,FPCR,ok,ok,True,21,34,calibrate:035,calibrate,35,218.0,219.15094112021296,1.1509411202129627,156
development_repeated_nested_cv,primary_instrument1_full,primary,1,2,4,development_combined,FPCR,ok,ok,True,21,36,calibrate:037,calibrate,37,177.5,178.6287308829884,1.1287308829884068,156
development_repeated_nested_cv,primary_instrument1_full,primary,1,2,4,development_combined,FPCR,ok,ok,True,21,38,calibrate:039,calibrate,39,214.10000610351562,219.3277183100779,5.227712206562273,156
development_repeated_nested_cv,primary_instrument1_full,primary,1,2,4,development_combined,FPCR,ok,ok,True,21,40,calibrate:041,calibrate,41,206.60000610351562,205.47807888978036,-1.1219272137352618,156
development_repeated_nested_cv,primary_instrument1_full,primary,1,2,4,development_combined,FPCR,ok,ok,True,21,41,calibrate:042,calibrate,42,187.5,186.85177664613664,-0.6482233538633579,156
development_repeated_nested_cv,primary_instrument1_full,primary,1,2,4,development_combined,FPCR,ok,ok,True,21,48,calibrate:049,calibrate,49,186.3000030517578,187.75291644176394,1.452913390006131,156
development_repeated_nested_cv,primary_instrument1_full,primary,1,2,4,development_combined,FPCR,ok,ok,True,21,51,calibrate:052,calibrate,52,231.89999389648438,232.58581655596615,0.6858226594817722,156
development_repeated_nested_cv,primary_instrument1_full,primary,1,2,4,development_combined,FPCR,ok,ok,True,21,53,calibrate:054,calibrate,54,221.5,215.2054534702085,-6.294546529791489,156
development_repeated_nested_cv,primary_instrument1_full,primary,1,2,4,development_combined,FPCR,ok,ok,True,21,59,calibrate:060,calibrate,60,172.3000030517578,175.0294226303036,2.7294195785457873,156
development_repeated_nested_cv,primary_instrument1_full,primary,1,2,4,development_combined,FPCR,ok,ok,True,21,62,calibrate:063,calibrate,63,176.5,175.30426608302838,-1.1957339169716192,156
development_repeated_nested_cv,primary_instrument1_full,primary,1,2,4,development_combined,FPCR,ok,ok,True,21,63,calibrate:064,calibrate,64,156.1999969482422,158.58461373741218,2.3846167891699963,156
development_repeated_nested_cv,primary_instrument1_full,primary,1,2,4,development_combined,FPCR,ok,ok,True,21,64,calibrate:065,calibrate,65,158.1999969482422,163.55733384073008,5.3573368924878935,156
development_repeated_nested_cv,primary_instrument1_full,primary,1,2,4,development_combined,FPCR,ok,ok,True,21,69,calibrate:070,calibrate,70,159.3000030517578,163.73918117696732,4.439178125209509,156
development_repeated_nested_cv,primary_instrument1_full,primary,1,2,4,development_combined,FPCR,ok,ok,True,21,71,calibrate:072,calibrate,72,201.8000030517578,204.14781369021102,2.347810638453211,156
development_repeated_nested_cv,primary_instrument1_full,primary,1,2,4,development_combined,FPCR,ok,ok,True,21,89,calibrate:090,calibrate,90,173.39999389648438,179.66109158796633,6.26109769148195,156
development_repeated_nested_cv,primary_instrument1_full,primary,1,2,4,development_combined,FPCR,ok,ok,True,21,92,calibrate:093,calibrate,93,203.89999389648438,205.61664336880278,1.7166494723184087,156
development_repeated_nested_cv,primary_instrument1_full,primary,1,2,4,development_combined,FPCR,ok,ok,True,21,102,calibrate:103,calibrate,103,151.60000610351562,161.87147783070432,10.271471727188697,156
development_repeated_nested_cv,primary_instrument1_full,primary,1,2,4,development_combined,FPCR,ok,ok,True,21,111,calibrate:112,calibrate,112,220.0,219.7839853631248,-0.21601463687520095,156
development_repeated_nested_cv,primary_instrument1_full,primary,1,2,4,development_combined,FPCR,ok,ok,True,21,121,calibrate:122,calibrate,122,176.89999389648438,156.2734311202062,-20.626562776278178,156
development_repeated_nested_cv,primary_instrument1_full,primary,1,2,4,development_combined,FPCR,ok,ok,True,21,136,calibrate:137,calibrate,137,192.60000610351562,178.68591973245458,-13.914086371061046,156
development_repeated_nested_cv,primary_instrument1_full,primary,1,2,4,development_combined,FPCR,ok,ok,True,21,138,calibrate:139,calibrate,139,191.1999969482422,197.24545074519727,6.045453796955087,156
development_repeated_nested_cv,primary_instrument1_full,primary,1,2,4,development_combined,FPCR,ok,ok,True,21,141,calibrate:142,calibrate,142,196.3000030517578,191.56592103995683,-4.734082011800979,156
development_repeated_nested_cv,primary_instrument1_full,primary,1,2,4,development_combined,FPCR,ok,ok,True,21,157,validate:003,validate,3,191.89999389648438,201.06193466383434,9.16194076734996,156
development_repeated_nested_cv,primary_instrument1_full,primary,1,2,4,development_combined,FPCR,ok,ok,True,21,161,validate:007,validate,7,195.89999389648438,191.9552745797717,-3.9447193167126784,156
development_repeated_nested_cv,primary_instrument1_full,primary,1,2,4,development_combined,FPCR,ok,ok,True,21,162,validate:008,validate,8,194.89999389648438,193.24849711753075,-1.6514967789536286,156
development_repeated_nested_cv,primary_instrument1_full,primary,1,2,4,development_combined,FPCR,ok,ok,True,21,168,validate:014,validate,14,197.5,193.4234848168649,-4.076515183135086,156
development_repeated_nested_cv,primary_instrument1_full,primary,1,2,4,development_combined,FPCR,ok,ok,True,21,175,validate:021,validate,21,195.10000610351562,196.71123105996392,1.6112249564482966,156
development_repeated_nested_cv,primary_instrument1_full,primary,1,2,4,development_combined,FPCR,ok,ok,True,21,187,validate:033,validate,33,194.1999969482422,198.58699220147184,4.3869952532296566,156
development_repeated_nested_cv,primary_instrument1_full,primary,1,2,4,development_combined,FPCR,ok,ok,True,21,188,validate:034,validate,34,193.39999389648438,201.12526472876434,7.725270832279961,156
development_repeated_nested_cv,primary_instrument1_full,primary,1,2,4,development_combined,FPCR,ok,ok,True,21,191,validate:037,validate,37,197.0,195.18811232519047,-1.811887674809526,156
development_repeated_nested_cv,primary_instrument1_full,primary,1,2,5,development_combined,CG-FPLS-code,ok,ok,True,3,3,calibrate:004,calibrate,4,199.89999389648438,195.88179230246135,-4.018201594023026,156
development_repeated_nested_cv,primary_instrument1_full,primary,1,2,5,development_combined,CG-FPLS-code,ok,ok,True,3,6,calibrate:007,calibrate,7,200.10000610351562,193.81465601116224,-6.285350092353383,156
development_repeated_nested_cv,primary_instrument1_full,primary,1,2,5,development_combined,CG-FPLS-code,ok,ok,True,3,9,calibrate:010,calibrate,10,181.10000610351562,179.4108180749041,-1.689188028611511,156
development_repeated_nested_cv,primary_instrument1_full,primary,1,2,5,development_combined,CG-FPLS-code,ok,ok,True,3,13,calibrate:014,calibrate,14,221.3000030517578,217.13053847132693,-4.169464580430883,156
development_repeated_nested_cv,primary_instrument1_full,primary,1,2,5,development_combined,CG-FPLS-code,ok,ok,True,3,17,calibrate:018,calibrate,18,221.89999389648438,218.90233261202286,-2.9976612844615147,156
development_repeated_nested_cv,primary_instrument1_full,primary,1,2,5,development_combined,CG-FPLS-code,ok,ok,True,3,18,calibrate:019,calibrate,19,159.5,177.74673960305714,18.246739603057136,156
development_repeated_nested_cv,primary_instrument1_full,primary,1,2,5,development_combined,CG-FPLS-code,ok,ok,True,3,24,calibrate:025,calibrate,25,177.1999969482422,176.36329788141796,-0.8366990668242238,156
development_repeated_nested_cv,primary_instrument1_full,primary,1,2,5,development_combined,CG-FPLS-code,ok,ok,True,3,43,calibrate:044,calibrate,44,186.89999389648438,186.48474804755423,-0.41524584893014094,156
development_repeated_nested_cv,primary_instrument1_full,primary,1,2,5,development_combined,CG-FPLS-code,ok,ok,True,3,52,calibrate:053,calibrate,53,171.39999389648438,176.80043104396447,5.4004371474800905,156
development_repeated_nested_cv,primary_instrument1_full,primary,1,2,5,development_combined,CG-FPLS-code,ok,ok,True,3,61,calibrate:062,calibrate,62,176.6999969482422,178.66403918358392,1.9640422353417364,156
development_repeated_nested_cv,primary_instrument1_full,primary,1,2,5,development_combined,CG-FPLS-code,ok,ok,True,3,66,calibrate:067,calibrate,67,215.60000610351562,218.2250532370909,2.625047133575265,156
development_repeated_nested_cv,primary_instrument1_full,primary,1,2,5,development_combined,CG-FPLS-code,ok,ok,True,3,68,calibrate:069,calibrate,69,233.1999969482422,230.10504530187168,-3.094951646370504,156
development_repeated_nested_cv,primary_instrument1_full,primary,1,2,5,development_combined,CG-FPLS-code,ok,ok,True,3,70,calibrate:071,calibrate,71,218.8000030517578,221.4443493845414,2.6443463327835843,156
development_repeated_nested_cv,primary_instrument1_full,primary,1,2,5,development_combined,CG-FPLS-code,ok,ok,True,3,73,calibrate:074,calibrate,74,213.8000030517578,215.59063165187794,1.7906286001201295,156
development_repeated_nested_cv,primary_instrument1_full,primary,1,2,5,development_combined,CG-FPLS-code,ok,ok,True,3,75,calibrate:076,calibrate,76,178.10000610351562,178.69907800276533,0.5990718992497079,156
development_repeated_nested_cv,primary_instrument1_full,primary,1,2,5,development_combined,CG-FPLS-code,ok,ok,True,3,76,calibrate:077,calibrate,77,158.10000610351562,158.44582690830376,0.3458208047881328,156
development_repeated_nested_cv,primary_instrument1_full,primary,1,2,5,development_combined,CG-FPLS-code,ok,ok,True,3,79,calibrate:080,calibrate,80,208.39999389648438,205.47769020789303,-2.9223036885913416,156
development_repeated_nested_cv,primary_instrument1_full,primary,1,2,5,development_combined,CG-FPLS-code,ok,ok,True,3,80,calibrate:081,calibrate,81,172.3000030517578,177.49535075802524,5.195347706267427,156
development_repeated_nested_cv,primary_instrument1_full,primary,1,2,5,development_combined,CG-FPLS-code,ok,ok,True,3,97,calibrate:098,calibrate,98,183.8000030517578,184.592862194122,0.7928591423641933,156
development_repeated_nested_cv,primary_instrument1_full,primary,1,2,5,development_combined,CG-FPLS-code,ok,ok,True,3,100,calibrate:101,calibrate,101,216.5,217.48316826418034,0.9831682641803354,156
development_repeated_nested_cv,primary_instrument1_full,primary,1,2,5,development_combined,CG-FPLS-code,ok,ok,True,3,101,calibrate:102,calibrate,102,203.6999969482422,206.1938592298528,2.4938622816106033,156
development_repeated_nested_cv,primary_instrument1_full,primary,1,2,5,development_combined,CG-FPLS-code,ok,ok,True,3,104,calibrate:105,calibrate,105,157.0,162.06277032153756,5.062770321537556,156
development_repeated_nested_cv,primary_instrument1_full,primary,1,2,5,development_combined,CG-FPLS-code,ok,ok,True,3,109,calibrate:110,calibrate,110,231.10000610351562,229.69976264221737,-1.4002434612982597,156
development_repeated_nested_cv,primary_instrument1_full,primary,1,2,5,development_combined,CG-FPLS-code,ok,ok,True,3,119,calibrate:120,calibrate,120,204.60000610351562,205.25168182861236,0.6516757250967373,156
development_repeated_nested_cv,primary_instrument1_full,primary,1,2,5,development_combined,CG-FPLS-code,ok,ok,True,3,123,calibrate:124,calibrate,124,175.5,179.22317724257286,3.7231772425728593,156
development_repeated_nested_cv,primary_instrument1_full,primary,1,2,5,development_combined,CG-FPLS-code,ok,ok,True,3,129,calibrate:130,calibrate,130,154.60000610351562,166.3276521801269,11.72764607661128,156
development_repeated_nested_cv,primary_instrument1_full,primary,1,2,5,development_combined,CG-FPLS-code,ok,ok,True,3,132,calibrate:133,calibrate,133,186.6999969482422,194.6837836342208,7.9837866859786,156
development_repeated_nested_cv,primary_instrument1_full,primary,1,2,5,development_combined,CG-FPLS-code,ok,ok,True,3,133,calibrate:134,calibrate,134,192.8000030517578,190.61714964094193,-2.1828534108158806,156
development_repeated_nested_cv,primary_instrument1_full,primary,1,2,5,development_combined,CG-FPLS-code,ok,ok,True,3,134,calibrate:135,calibrate,135,188.6999969482422,189.1885195302474,0.4885225820052028,156
development_repeated_nested_cv,primary_instrument1_full,primary,1,2,5,development_combined,CG-FPLS-code,ok,ok,True,3,143,calibrate:144,calibrate,144,194.60000610351562,189.67893602573244,-4.921070077783185,156
development_repeated_nested_cv,primary_instrument1_full,primary,1,2,5,development_combined,CG-FPLS-code,ok,ok,True,3,147,calibrate:148,calibrate,148,197.8000030517578,189.9382902752386,-7.8617127765192265,156
development_repeated_nested_cv,primary_instrument1_full,primary,1,2,5,development_combined,CG-FPLS-code,ok,ok,True,3,158,validate:004,validate,4,189.39999389648438,196.16679988301476,6.766805986530386,156
development_repeated_nested_cv,primary_instrument1_full,primary,1,2,5,development_combined,CG-FPLS-code,ok,ok,True,3,160,validate:006,validate,6,194.5,194.6189320308613,0.11893203086128779,156
development_repeated_nested_cv,primary_instrument1_full,primary,1,2,5,development_combined,CG-FPLS-code,ok,ok,True,3,170,validate:016,validate,16,193.60000610351562,196.6454504836481,3.0454443801324658,156
development_repeated_nested_cv,primary_instrument1_full,primary,1,2,5,development_combined,CG-FPLS-code,ok,ok,True,3,179,validate:025,validate,25,195.5,195.48326157477274,-0.016738425227259768,156
development_repeated_nested_cv,primary_instrument1_full,primary,1,2,5,development_combined,CG-FPLS-code,ok,ok,True,3,182,validate:028,validate,28,195.0,198.47419619497552,3.4741961949755193,156
development_repeated_nested_cv,primary_instrument1_full,primary,1,2,5,development_combined,CG-FPLS-code,ok,ok,True,3,186,validate:032,validate,32,197.5,193.18728129572884,-4.3127187042711626,156
development_repeated_nested_cv,primary_instrument1_full,primary,1,2,5,development_combined,CG-FPLS-code,ok,ok,True,3,190,validate:036,validate,36,194.6999969482422,199.73706524657413,5.0370682983319455,156
development_repeated_nested_cv,primary_instrument1_full,primary,1,2,5,development_combined,CG-FPLS-code,ok,ok,True,3,192,validate:038,validate,38,197.39999389648438,196.24604501340158,-1.1539488830827906,156
development_repeated_nested_cv,primary_instrument1_full,primary,1,2,5,development_combined,Raw FPLS,ok,ok,True,60,3,calibrate:004,calibrate,4,199.89999389648438,190.98768083995063,-8.912313056533748,156
development_repeated_nested_cv,primary_instrument1_full,primary,1,2,5,development_combined,Raw FPLS,ok,ok,True,60,6,calibrate:007,calibrate,7,200.10000610351562,199.31960906993964,-0.78039703357598,156
development_repeated_nested_cv,primary_instrument1_full,primary,1,2,5,development_combined,Raw FPLS,ok,ok,True,60,9,calibrate:010,calibrate,10,181.10000610351562,178.83333698944762,-2.2666691140680086,156
development_repeated_nested_cv,primary_instrument1_full,primary,1,2,5,development_combined,Raw FPLS,ok,ok,True,60,13,calibrate:014,calibrate,14,221.3000030517578,218.36321556124693,-2.9367874905108806,156
development_repeated_nested_cv,primary_instrument1_full,primary,1,2,5,development_combined,Raw FPLS,ok,ok,True,60,17,calibrate:018,calibrate,18,221.89999389648438,220.34070799733678,-1.5592858991475964,156
development_repeated_nested_cv,primary_instrument1_full,primary,1,2,5,development_combined,Raw FPLS,ok,ok,True,60,18,calibrate:019,calibrate,19,159.5,178.376657579426,18.876657579425995,156
development_repeated_nested_cv,primary_instrument1_full,primary,1,2,5,development_combined,Raw FPLS,ok,ok,True,60,24,calibrate:025,calibrate,25,177.1999969482422,176.29327473249313,-0.9067222157490562,156
development_repeated_nested_cv,primary_instrument1_full,primary,1,2,5,development_combined,Raw FPLS,ok,ok,True,60,43,calibrate:044,calibrate,44,186.89999389648438,189.86944145210092,2.96944755561654,156
development_repeated_nested_cv,primary_instrument1_full,primary,1,2,5,development_combined,Raw FPLS,ok,ok,True,60,52,calibrate:053,calibrate,53,171.39999389648438,177.95420874231925,6.554214845834878,156
development_repeated_nested_cv,primary_instrument1_full,primary,1,2,5,development_combined,Raw FPLS,ok,ok,True,60,61,calibrate:062,calibrate,62,176.6999969482422,177.54403032640386,0.8440333781616687,156
development_repeated_nested_cv,primary_instrument1_full,primary,1,2,5,development_combined,Raw FPLS,ok,ok,True,60,66,calibrate:067,calibrate,67,215.60000610351562,217.05509946593008,1.455093362414459,156
development_repeated_nested_cv,primary_instrument1_full,primary,1,2,5,development_combined,Raw FPLS,ok,ok,True,60,68,calibrate:069,calibrate,69,233.1999969482422,235.08187464241655,1.8818776941743636,156
development_repeated_nested_cv,primary_instrument1_full,primary,1,2,5,development_combined,Raw FPLS,ok,ok,True,60,70,calibrate:071,calibrate,71,218.8000030517578,218.01024050743675,-0.7897625443210643,156
development_repeated_nested_cv,primary_instrument1_full,primary,1,2,5,development_combined,Raw FPLS,ok,ok,True,60,73,calibrate:074,calibrate,74,213.8000030517578,213.50677908512498,-0.2932239666328371,156
development_repeated_nested_cv,primary_instrument1_full,primary,1,2,5,development_combined,Raw FPLS,ok,ok,True,60,75,calibrate:076,calibrate,76,178.10000610351562,174.8812860591688,-3.2187200443468384,156
development_repeated_nested_cv,primary_instrument1_full,primary,1,2,5,development_combined,Raw FPLS,ok,ok,True,60,76,calibrate:077,calibrate,77,158.10000610351562,158.39028226410784,0.29027616059221373,156
development_repeated_nested_cv,primary_instrument1_full,primary,1,2,5,development_combined,Raw FPLS,ok,ok,True,60,79,calibrate:080,calibrate,80,208.39999389648438,202.53842289728973,-5.86157099919464,156
development_repeated_nested_cv,primary_instrument1_full,primary,1,2,5,development_combined,Raw FPLS,ok,ok,True,60,80,calibrate:081,calibrate,81,172.3000030517578,175.58452308262673,3.2845200308689186,156
development_repeated_nested_cv,primary_instrument1_full,primary,1,2,5,development_combined,Raw FPLS,ok,ok,True,60,97,calibrate:098,calibrate,98,183.8000030517578,187.2876598380145,3.4876567862566787,156
development_repeated_nested_cv,primary_instrument1_full,primary,1,2,5,development_combined,Raw FPLS,ok,ok,True,60,100,calibrate:101,calibrate,101,216.5,217.38516471308918,0.885164713089182,156
development_repeated_nested_cv,primary_instrument1_full,primary,1,2,5,development_combined,Raw FPLS,ok,ok,True,60,101,calibrate:102,calibrate,102,203.6999969482422,208.06357394440846,4.363576996166273,156
development_repeated_nested_cv,primary_instrument1_full,primary,1,2,5,development_combined,Raw FPLS,ok,ok,True,60,104,calibrate:105,calibrate,105,157.0,159.3036205058805,2.3036205058805024,156
development_repeated_nested_cv,primary_instrument1_full,primary,1,2,5,development_combined,Raw FPLS,ok,ok,True,60,109,calibrate:110,calibrate,110,231.10000610351562,235.19959382264943,4.099587719133808,156
development_repeated_nested_cv,primary_instrument1_full,primary,1,2,5,development_combined,Raw FPLS,ok,ok,True,60,119,calibrate:120,calibrate,120,204.60000610351562,206.53298621099827,1.9329801074826491,156
development_repeated_nested_cv,primary_instrument1_full,primary,1,2,5,development_combined,Raw FPLS,ok,ok,True,60,123,calibrate:124,calibrate,124,175.5,177.83756192640107,2.337561926401065,156
development_repeated_nested_cv,primary_instrument1_full,primary,1,2,5,development_combined,Raw FPLS,ok,ok,True,60,129,calibrate:130,calibrate,130,154.60000610351562,161.96728339447102,7.3672772909554,156
development_repeated_nested_cv,primary_instrument1_full,primary,1,2,5,development_combined,Raw FPLS,ok,ok,True,60,132,calibrate:133,calibrate,133,186.6999969482422,190.18905045194893,3.4890535037067423,156
development_repeated_nested_cv,primary_instrument1_full,primary,1,2,5,development_combined,Raw FPLS,ok,ok,True,60,133,calibrate:134,calibrate,134,192.8000030517578,194.38419885759896,1.5841958058411478,156
development_repeated_nested_cv,primary_instrument1_full,primary,1,2,5,development_combined,Raw FPLS,ok,ok,True,60,134,calibrate:135,calibrate,135,188.6999969482422,190.90875875582458,2.208761807582391,156
development_repeated_nested_cv,primary_instrument1_full,primary,1,2,5,development_combined,Raw FPLS,ok,ok,True,60,143,calibrate:144,calibrate,144,194.60000610351562,189.98358793407192,-4.616418169443705,156
development_repeated_nested_cv,primary_instrument1_full,primary,1,2,5,development_combined,Raw FPLS,ok,ok,True,60,147,calibrate:148,calibrate,148,197.8000030517578,190.26035766534298,-7.539645386414833,156
development_repeated_nested_cv,primary_instrument1_full,primary,1,2,5,development_combined,Raw FPLS,ok,ok,True,60,158,validate:004,validate,4,189.39999389648438,193.13878449346657,3.7387905969821986,156
development_repeated_nested_cv,primary_instrument1_full,primary,1,2,5,development_combined,Raw FPLS,ok,ok,True,60,160,validate:006,validate,6,194.5,190.84221671009385,-3.657783289906149,156
development_repeated_nested_cv,primary_instrument1_full,primary,1,2,5,development_combined,Raw FPLS,ok,ok,True,60,170,validate:016,validate,16,193.60000610351562,191.7796255267483,-1.8203805767673202,156
development_repeated_nested_cv,primary_instrument1_full,primary,1,2,5,development_combined,Raw FPLS,ok,ok,True,60,179,validate:025,validate,25,195.5,200.1405805359467,4.640580535946697,156
development_repeated_nested_cv,primary_instrument1_full,primary,1,2,5,development_combined,Raw FPLS,ok,ok,True,60,182,validate:028,validate,28,195.0,199.5288056985332,4.528805698533205,156
development_repeated_nested_cv,primary_instrument1_full,primary,1,2,5,development_combined,Raw FPLS,ok,ok,True,60,186,validate:032,validate,32,197.5,196.35644644662588,-1.1435535533741188,156
development_repeated_nested_cv,primary_instrument1_full,primary,1,2,5,development_combined,Raw FPLS,ok,ok,True,60,190,validate:036,validate,36,194.6999969482422,200.2808165000552,5.580819551813022,156
development_repeated_nested_cv,primary_instrument1_full,primary,1,2,5,development_combined,Raw FPLS,ok,ok,True,60,192,validate:038,validate,38,197.39999389648438,197.27224757979076,-0.12774631669361725,156
development_repeated_nested_cv,primary_instrument1_full,primary,1,2,5,development_combined,Arnoldi FPLS,ok,ok,True,5,3,calibrate:004,calibrate,4,199.89999389648438,190.99336686896822,-8.906627027516151,156
development_repeated_nested_cv,primary_instrument1_full,primary,1,2,5,development_combined,Arnoldi FPLS,ok,ok,True,5,6,calibrate:007,calibrate,7,200.10000610351562,199.51653477255837,-0.5834713309572521,156
development_repeated_nested_cv,primary_instrument1_full,primary,1,2,5,development_combined,Arnoldi FPLS,ok,ok,True,5,9,calibrate:010,calibrate,10,181.10000610351562,178.96330575994793,-2.1367003435676963,156
development_repeated_nested_cv,primary_instrument1_full,primary,1,2,5,development_combined,Arnoldi FPLS,ok,ok,True,5,13,calibrate:014,calibrate,14,221.3000030517578,218.55642596150633,-2.7435770902514776,156
development_repeated_nested_cv,primary_instrument1_full,primary,1,2,5,development_combined,Arnoldi FPLS,ok,ok,True,5,17,calibrate:018,calibrate,18,221.89999389648438,220.2276006423221,-1.672393254162273,156
development_repeated_nested_cv,primary_instrument1_full,primary,1,2,5,development_combined,Arnoldi FPLS,ok,ok,True,5,18,calibrate:019,calibrate,19,159.5,178.48385289358572,18.98385289358572,156
development_repeated_nested_cv,primary_instrument1_full,primary,1,2,5,development_combined,Arnoldi FPLS,ok,ok,True,5,24,calibrate:025,calibrate,25,177.1999969482422,176.41646270773472,-0.7835342405074641,156
development_repeated_nested_cv,primary_instrument1_full,primary,1,2,5,development_combined,Arnoldi FPLS,ok,ok,True,5,43,calibrate:044,calibrate,44,186.89999389648438,190.03479345880655,3.134799562322172,156
development_repeated_nested_cv,primary_instrument1_full,primary,1,2,5,development_combined,Arnoldi FPLS,ok,ok,True,5,52,calibrate:053,calibrate,53,171.39999389648438,178.03423198545772,6.634238088973348,156
development_repeated_nested_cv,primary_instrument1_full,primary,1,2,5,development_combined,Arnoldi FPLS,ok,ok,True,5,61,calibrate:062,calibrate,62,176.6999969482422,177.24852317454145,0.5485262262992592,156
development_repeated_nested_cv,primary_instrument1_full,primary,1,2,5,development_combined,Arnoldi FPLS,ok,ok,True,5,66,calibrate:067,calibrate,67,215.60000610351562,217.01731917066957,1.4173130671539411,156
development_repeated_nested_cv,primary_instrument1_full,primary,1,2,5,development_combined,Arnoldi FPLS,ok,ok,True,5,68,calibrate:069,calibrate,69,233.1999969482422,235.18128649034654,1.9812895421043493,156
development_repeated_nested_cv,primary_instrument1_full,primary,1,2,5,development_combined,Arnoldi FPLS,ok,ok,True,5,70,calibrate:071,calibrate,71,218.8000030517578,217.91638946096825,-0.8836135907895653,156
development_repeated_nested_cv,primary_instrument1_full,primary,1,2,5,development_combined,Arnoldi FPLS,ok,ok,True,5,73,calibrate:074,calibrate,74,213.8000030517578,213.56908748452295,-0.2309155672348595,156
development_repeated_nested_cv,primary_instrument1_full,primary,1,2,5,development_combined,Arnoldi FPLS,ok,ok,True,5,75,calibrate:076,calibrate,76,178.10000610351562,174.78790556587506,-3.3121005376405606,156
development_repeated_nested_cv,primary_instrument1_full,primary,1,2,5,development_combined,Arnoldi FPLS,ok,ok,True,5,76,calibrate:077,calibrate,77,158.10000610351562,158.22728618230286,0.12728007878723702,156
development_repeated_nested_cv,primary_instrument1_full,primary,1,2,5,development_combined,Arnoldi FPLS,ok,ok,True,5,79,calibrate:080,calibrate,80,208.39999389648438,202.3881871309638,-6.011806765520589,156
development_repeated_nested_cv,primary_instrument1_full,primary,1,2,5,development_combined,Arnoldi FPLS,ok,ok,True,5,80,calibrate:081,calibrate,81,172.3000030517578,175.6436794927036,3.343676440945785,156
development_repeated_nested_cv,primary_instrument1_full,primary,1,2,5,development_combined,Arnoldi FPLS,ok,ok,True,5,97,calibrate:098,calibrate,98,183.8000030517578,187.40257741659286,3.60257436483505,156
development_repeated_nested_cv,primary_instrument1_full,primary,1,2,5,development_combined,Arnoldi FPLS,ok,ok,True,5,100,calibrate:101,calibrate,101,216.5,217.31852361482945,0.818523614829445,156
development_repeated_nested_cv,primary_instrument1_full,primary,1,2,5,development_combined,Arnoldi FPLS,ok,ok,True,5,101,calibrate:102,calibrate,102,203.6999969482422,208.2397289195685,4.539731971326319,156
development_repeated_nested_cv,primary_instrument1_full,primary,1,2,5,development_combined,Arnoldi FPLS,ok,ok,True,5,104,calibrate:105,calibrate,105,157.0,159.121808086653,2.1218080866530045,156
development_repeated_nested_cv,primary_instrument1_full,primary,1,2,5,development_combined,Arnoldi FPLS,ok,ok,True,5,109,calibrate:110,calibrate,110,231.10000610351562,235.19410491548808,4.094098811972458,156
development_repeated_nested_cv,primary_instrument1_full,primary,1,2,5,development_combined,Arnoldi FPLS,ok,ok,True,5,119,calibrate:120,calibrate,120,204.60000610351562,206.66167223802378,2.061666134508158,156
development_repeated_nested_cv,primary_instrument1_full,primary,1,2,5,development_combined,Arnoldi FPLS,ok,ok,True,5,123,calibrate:124,calibrate,124,175.5,177.87705035009864,2.377050350098642,156
development_repeated_nested_cv,primary_instrument1_full,primary,1,2,5,development_combined,Arnoldi FPLS,ok,ok,True,5,129,calibrate:130,calibrate,130,154.60000610351562,162.03640444529623,7.4363983417806025,156
development_repeated_nested_cv,primary_instrument1_full,primary,1,2,5,development_combined,Arnoldi FPLS,ok,ok,True,5,132,calibrate:133,calibrate,133,186.6999969482422,190.16807408998278,3.4680771417405936,156
development_repeated_nested_cv,primary_instrument1_full,primary,1,2,5,development_combined,Arnoldi FPLS,ok,ok,True,5,133,calibrate:134,calibrate,134,192.8000030517578,194.64494853217371,1.8449454804159018,156
development_repeated_nested_cv,primary_instrument1_full,primary,1,2,5,development_combined,Arnoldi FPLS,ok,ok,True,5,134,calibrate:135,calibrate,135,188.6999969482422,191.11655759174883,2.4165606435066422,156
development_repeated_nested_cv,primary_instrument1_full,primary,1,2,5,development_combined,Arnoldi FPLS,ok,ok,True,5,143,calibrate:144,calibrate,144,194.60000610351562,190.19596873767406,-4.40403736584156,156
development_repeated_nested_cv,primary_instrument1_full,primary,1,2,5,development_combined,Arnoldi FPLS,ok,ok,True,5,147,calibrate:148,calibrate,148,197.8000030517578,190.41141653693143,-7.388586514826386,156
development_repeated_nested_cv,primary_instrument1_full,primary,1,2,5,development_combined,Arnoldi FPLS,ok,ok,True,5,158,validate:004,validate,4,189.39999389648438,193.19188094221252,3.7918870457281457,156
development_repeated_nested_cv,primary_instrument1_full,primary,1,2,5,development_combined,Arnoldi FPLS,ok,ok,True,5,160,validate:006,validate,6,194.5,190.87357685078823,-3.6264231492117744,156
development_repeated_nested_cv,primary_instrument1_full,primary,1,2,5,development_combined,Arnoldi FPLS,ok,ok,True,5,170,validate:016,validate,16,193.60000610351562,191.73829526294438,-1.8617108405712486,156
development_repeated_nested_cv,primary_instrument1_full,primary,1,2,5,development_combined,Arnoldi FPLS,ok,ok,True,5,179,validate:025,validate,25,195.5,199.97745678747515,4.477456787475148,156
development_repeated_nested_cv,primary_instrument1_full,primary,1,2,5,development_combined,Arnoldi FPLS,ok,ok,True,5,182,validate:028,validate,28,195.0,199.37930576241175,4.379305762411747,156
development_repeated_nested_cv,primary_instrument1_full,primary,1,2,5,development_combined,Arnoldi FPLS,ok,ok,True,5,186,validate:032,validate,32,197.5,196.14361837341056,-1.3563816265894388,156
development_repeated_nested_cv,primary_instrument1_full,primary,1,2,5,development_combined,Arnoldi FPLS,ok,ok,True,5,190,validate:036,validate,36,194.6999969482422,200.3724111775234,5.672414229281202,156
development_repeated_nested_cv,primary_instrument1_full,primary,1,2,5,development_combined,Arnoldi FPLS,ok,ok,True,5,192,validate:038,validate,38,197.39999389648438,197.15791296510722,-0.2420809313771599,156
development_repeated_nested_cv,primary_instrument1_full,primary,1,2,5,development_combined,FPCR,ok,ok,True,52,3,calibrate:004,calibrate,4,199.89999389648438,194.88460639089854,-5.015387505585835,156
development_repeated_nested_cv,primary_instrument1_full,primary,1,2,5,development_combined,FPCR,ok,ok,True,52,6,calibrate:007,calibrate,7,200.10000610351562,202.305048576035,2.2050424725193807,156
development_repeated_nested_cv,primary_instrument1_full,primary,1,2,5,development_combined,FPCR,ok,ok,True,52,9,calibrate:010,calibrate,10,181.10000610351562,172.96754929944214,-8.132456804073485,156
development_repeated_nested_cv,primary_instrument1_full,primary,1,2,5,development_combined,FPCR,ok,ok,True,52,13,calibrate:014,calibrate,14,221.3000030517578,219.2576828398827,-2.042320211875108,156
development_repeated_nested_cv,primary_instrument1_full,primary,1,2,5,development_combined,FPCR,ok,ok,True,52,17,calibrate:018,calibrate,18,221.89999389648438,223.29495546172313,1.3949615652387592,156
development_repeated_nested_cv,primary_instrument1_full,primary,1,2,5,development_combined,FPCR,ok,ok,True,52,18,calibrate:019,calibrate,19,159.5,173.1059242024082,13.605924202408204,156
development_repeated_nested_cv,primary_instrument1_full,primary,1,2,5,development_combined,FPCR,ok,ok,True,52,24,calibrate:025,calibrate,25,177.1999969482422,174.0865290650089,-3.113467883233284,156
development_repeated_nested_cv,primary_instrument1_full,primary,1,2,5,development_combined,FPCR,ok,ok,True,52,43,calibrate:044,calibrate,44,186.89999389648438,189.10046503629147,2.2004711398070924,156
development_repeated_nested_cv,primary_instrument1_full,primary,1,2,5,development_combined,FPCR,ok,ok,True,52,52,calibrate:053,calibrate,53,171.39999389648438,180.62089846433312,9.220904567848748,156
development_repeated_nested_cv,primary_instrument1_full,primary,1,2,5,development_combined,FPCR,ok,ok,True,52,61,calibrate:062,calibrate,62,176.6999969482422,182.37391386850908,5.67391692026689,156
development_repeated_nested_cv,primary_instrument1_full,primary,1,2,5,development_combined,FPCR,ok,ok,True,52,66,calibrate:067,calibrate,67,215.60000610351562,220.01764177228242,4.417635668766792,156
development_repeated_nested_cv,primary_instrument1_full,primary,1,2,5,development_combined,FPCR,ok,ok,True,52,68,calibrate:069,calibrate,69,233.1999969482422,232.89320703741367,-0.30678991082851326,156
development_repeated_nested_cv,primary_instrument1_full,primary,1,2,5,development_combined,FPCR,ok,ok,True,52,70,calibrate:071,calibrate,71,218.8000030517578,217.03218658063156,-1.7678164711262525,156
development_repeated_nested_cv,primary_instrument1_full,primary,1,2,5,development_combined,FPCR,ok,ok,True,52,73,calibrate:074,calibrate,74,213.8000030517578,215.05187824281342,1.2518751910556034,156
development_repeated_nested_cv,primary_instrument1_full,primary,1,2,5,development_combined,FPCR,ok,ok,True,52,75,calibrate:076,calibrate,76,178.10000610351562,171.82478874610007,-6.275217357415556,156
development_repeated_nested_cv,primary_instrument1_full,primary,1,2,5,development_combined,FPCR,ok,ok,True,52,76,calibrate:077,calibrate,77,158.10000610351562,158.57916270248734,0.4791565989717128,156
development_repeated_nested_cv,primary_instrument1_full,primary,1,2,5,development_combined,FPCR,ok,ok,True,52,79,calibrate:080,calibrate,80,208.39999389648438,202.82568882578744,-5.574305070696937,156
development_repeated_nested_cv,primary_instrument1_full,primary,1,2,5,development_combined,FPCR,ok,ok,True,52,80,calibrate:081,calibrate,81,172.3000030517578,169.44842790510543,-2.8515751466523795,156
development_repeated_nested_cv,primary_instrument1_full,primary,1,2,5,development_combined,FPCR,ok,ok,True,52,97,calibrate:098,calibrate,98,183.8000030517578,179.50061194073734,-4.299391111020469,156
development_repeated_nested_cv,primary_instrument1_full,primary,1,2,5,development_combined,FPCR,ok,ok,True,52,100,calibrate:101,calibrate,101,216.5,215.62655766313773,-0.8734423368622686,156
development_repeated_nested_cv,primary_instrument1_full,primary,1,2,5,development_combined,FPCR,ok,ok,True,52,101,calibrate:102,calibrate,102,203.6999969482422,206.00228600113502,2.3022890528928315,156
development_repeated_nested_cv,primary_instrument1_full,primary,1,2,5,development_combined,FPCR,ok,ok,True,52,104,calibrate:105,calibrate,105,157.0,159.47064311340927,2.470643113409267,156
development_repeated_nested_cv,primary_instrument1_full,primary,1,2,5,development_combined,FPCR,ok,ok,True,52,109,calibrate:110,calibrate,110,231.10000610351562,223.9670396359622,-7.132966467553416,156
development_repeated_nested_cv,primary_instrument1_full,primary,1,2,5,development_combined,FPCR,ok,ok,True,52,119,calibrate:120,calibrate,120,204.60000610351562,206.88654039330325,2.2865342897876246,156
development_repeated_nested_cv,primary_instrument1_full,primary,1,2,5,development_combined,FPCR,ok,ok,True,52,123,calibrate:124,calibrate,124,175.5,174.3691336861797,-1.1308663138202917,156
development_repeated_nested_cv,primary_instrument1_full,primary,1,2,5,development_combined,FPCR,ok,ok,True,52,129,calibrate:130,calibrate,130,154.60000610351562,159.77248738790428,5.1724812843886525,156
development_repeated_nested_cv,primary_instrument1_full,primary,1,2,5,development_combined,FPCR,ok,ok,True,52,132,calibrate:133,calibrate,133,186.6999969482422,192.68883032857633,5.9888333803341425,156
development_repeated_nested_cv,primary_instrument1_full,primary,1,2,5,development_combined,FPCR,ok,ok,True,52,133,calibrate:134,calibrate,134,192.8000030517578,201.63955874477062,8.839555693012812,156
development_repeated_nested_cv,primary_instrument1_full,primary,1,2,5,development_combined,FPCR,ok,ok,True,52,134,calibrate:135,calibrate,135,188.6999969482422,198.1968698672937,9.496872919051526,156
development_repeated_nested_cv,primary_instrument1_full,primary,1,2,5,development_combined,FPCR,ok,ok,True,52,143,calibrate:144,calibrate,144,194.60000610351562,187.84993944113918,-6.75006666237644,156
development_repeated_nested_cv,primary_instrument1_full,primary,1,2,5,development_combined,FPCR,ok,ok,True,52,147,calibrate:148,calibrate,148,197.8000030517578,197.79390881631056,-0.006094235447250185,156
development_repeated_nested_cv,primary_instrument1_full,primary,1,2,5,development_combined,FPCR,ok,ok,True,52,158,validate:004,validate,4,189.39999389648438,197.53692248572395,8.136928589239574,156
development_repeated_nested_cv,primary_instrument1_full,primary,1,2,5,development_combined,FPCR,ok,ok,True,52,160,validate:006,validate,6,194.5,190.84174466834892,-3.658255331651077,156
development_repeated_nested_cv,primary_instrument1_full,primary,1,2,5,development_combined,FPCR,ok,ok,True,52,170,validate:016,validate,16,193.60000610351562,189.7756367294438,-3.8243693740718356,156
development_repeated_nested_cv,primary_instrument1_full,primary,1,2,5,development_combined,FPCR,ok,ok,True,52,179,validate:025,validate,25,195.5,194.17694484838788,-1.3230551516121238,156
development_repeated_nested_cv,primary_instrument1_full,primary,1,2,5,development_combined,FPCR,ok,ok,True,52,182,validate:028,validate,28,195.0,198.36670681389,3.366706813890005,156
development_repeated_nested_cv,primary_instrument1_full,primary,1,2,5,development_combined,FPCR,ok,ok,True,52,186,validate:032,validate,32,197.5,182.32656521489344,-15.173434785106565,156
development_repeated_nested_cv,primary_instrument1_full,primary,1,2,5,development_combined,FPCR,ok,ok,True,52,190,validate:036,validate,36,194.6999969482422,196.2322060690013,1.53220912075912,156
development_repeated_nested_cv,primary_instrument1_full,primary,1,2,5,development_combined,FPCR,ok,ok,True,52,192,validate:038,validate,38,197.39999389648438,196.88194959674786,-0.5180442997365162,156
development_repeated_nested_cv,primary_instrument1_full,primary,1,3,1,development_combined,CG-FPLS-code,ok,ok,True,3,4,calibrate:005,calibrate,5,199.3000030517578,190.27975513669975,-9.020247915058064,156
development_repeated_nested_cv,primary_instrument1_full,primary,1,3,1,development_combined,CG-FPLS-code,ok,ok,True,3,6,calibrate:007,calibrate,7,200.10000610351562,191.07789680547518,-9.022109298040448,156
development_repeated_nested_cv,primary_instrument1_full,primary,1,3,1,development_combined,CG-FPLS-code,ok,ok,True,3,13,calibrate:014,calibrate,14,221.3000030517578,215.78017491517738,-5.519828136580429,156
development_repeated_nested_cv,primary_instrument1_full,primary,1,3,1,development_combined,CG-FPLS-code,ok,ok,True,3,19,calibrate:020,calibrate,20,159.3000030517578,161.3482669215893,2.0482638698314872,156
development_repeated_nested_cv,primary_instrument1_full,primary,1,3,1,development_combined,CG-FPLS-code,ok,ok,True,3,21,calibrate:022,calibrate,22,185.89999389648438,188.0134543177407,2.1134604212563204,156
development_repeated_nested_cv,primary_instrument1_full,primary,1,3,1,development_combined,CG-FPLS-code,ok,ok,True,3,40,calibrate:041,calibrate,41,206.60000610351562,202.69141916453663,-3.908586938978999,156
development_repeated_nested_cv,primary_instrument1_full,primary,1,3,1,development_combined,CG-FPLS-code,ok,ok,True,3,41,calibrate:042,calibrate,42,187.5,185.40252338541762,-2.0974766145823764,156
development_repeated_nested_cv,primary_instrument1_full,primary,1,3,1,development_combined,CG-FPLS-code,ok,ok,True,3,42,calibrate:043,calibrate,43,159.60000610351562,164.33383827477547,4.733832171259849,156
development_repeated_nested_cv,primary_instrument1_full,primary,1,3,1,development_combined,CG-FPLS-code,ok,ok,True,3,72,calibrate:073,calibrate,73,202.6999969482422,198.85172810768404,-3.8482688405581484,156
development_repeated_nested_cv,primary_instrument1_full,primary,1,3,1,development_combined,CG-FPLS-code,ok,ok,True,3,75,calibrate:076,calibrate,76,178.10000610351562,180.41855581941746,2.3185497159018382,156
development_repeated_nested_cv,primary_instrument1_full,primary,1,3,1,development_combined,CG-FPLS-code,ok,ok,True,3,84,calibrate:085,calibrate,85,177.1999969482422,176.23615685018888,-0.9638400980533106,156
development_repeated_nested_cv,primary_instrument1_full,primary,1,3,1,development_combined,CG-FPLS-code,ok,ok,True,3,89,calibrate:090,calibrate,90,173.39999389648438,180.68058083598564,7.280586939501262,156
development_repeated_nested_cv,primary_instrument1_full,primary,1,3,1,development_combined,CG-FPLS-code,ok,ok,True,3,90,calibrate:091,calibrate,91,216.5,213.69566418746444,-2.8043358125355553,156
development_repeated_nested_cv,primary_instrument1_full,primary,1,3,1,development_combined,CG-FPLS-code,ok,ok,True,3,94,calibrate:095,calibrate,95,172.0,174.8513192356202,2.8513192356201955,156
development_repeated_nested_cv,primary_instrument1_full,primary,1,3,1,development_combined,CG-FPLS-code,ok,ok,True,3,97,calibrate:098,calibrate,98,183.8000030517578,184.12543476203214,0.32543171027433004,156
development_repeated_nested_cv,primary_instrument1_full,primary,1,3,1,development_combined,CG-FPLS-code,ok,ok,True,3,98,calibrate:099,calibrate,99,176.39999389648438,177.32080671294244,0.9208128164580671,156
development_repeated_nested_cv,primary_instrument1_full,primary,1,3,1,development_combined,CG-FPLS-code,ok,ok,True,3,104,calibrate:105,calibrate,105,157.0,163.90172960259224,6.9017296025922406,156
development_repeated_nested_cv,primary_instrument1_full,primary,1,3,1,development_combined,CG-FPLS-code,ok,ok,True,3,106,calibrate:107,calibrate,107,216.89999389648438,220.6659263974789,3.7659325009945235,156
development_repeated_nested_cv,primary_instrument1_full,primary,1,3,1,development_combined,CG-FPLS-code,ok,ok,True,3,107,calibrate:108,calibrate,108,231.10000610351562,228.8196687787806,-2.2803373247350294,156
development_repeated_nested_cv,primary_instrument1_full,primary,1,3,1,development_combined,CG-FPLS-code,ok,ok,True,3,108,calibrate:109,calibrate,109,222.60000610351562,212.5914412894406,-10.008564814075015,156
development_repeated_nested_cv,primary_instrument1_full,primary,1,3,1,development_combined,CG-FPLS-code,ok,ok,True,3,112,calibrate:113,calibrate,113,219.39999389648438,214.22600919258497,-5.173984703899407,156
development_repeated_nested_cv,primary_instrument1_full,primary,1,3,1,development_combined,CG-FPLS-code,ok,ok,True,3,115,calibrate:116,calibrate,116,209.5,195.8086413143759,-13.691358685624095,156
development_repeated_nested_cv,primary_instrument1_full,primary,1,3,1,development_combined,CG-FPLS-code,ok,ok,True,3,118,calibrate:119,calibrate,119,232.89999389648438,231.73944794806056,-1.1605459484238168,156
development_repeated_nested_cv,primary_instrument1_full,primary,1,3,1,development_combined,CG-FPLS-code,ok,ok,True,3,119,calibrate:120,calibrate,120,204.60000610351562,203.15404554637934,-1.4459605571362886,156
development_repeated_nested_cv,primary_instrument1_full,primary,1,3,1,development_combined,CG-FPLS-code,ok,ok,True,3,123,calibrate:124,calibrate,124,175.5,178.37240871861636,2.872408718616356,156
development_repeated_nested_cv,primary_instrument1_full,primary,1,3,1,development_combined,CG-FPLS-code,ok,ok,True,3,124,calibrate:125,calibrate,125,154.8000030517578,166.19629472261374,11.39629167085593,156
development_repeated_nested_cv,primary_instrument1_full,primary,1,3,1,development_combined,CG-FPLS-code,ok,ok,True,3,135,calibrate:136,calibrate,136,193.10000610351562,198.43337911520487,5.333373011689247,156
development_repeated_nested_cv,primary_instrument1_full,primary,1,3,1,development_combined,CG-FPLS-code,ok,ok,True,3,138,calibrate:139,calibrate,139,191.1999969482422,201.10432086823184,9.90432391998965,156
development_repeated_nested_cv,primary_instrument1_full,primary,1,3,1,development_combined,CG-FPLS-code,ok,ok,True,3,147,calibrate:148,calibrate,148,197.8000030517578,189.56696770797814,-8.233035343779676,156
development_repeated_nested_cv,primary_instrument1_full,primary,1,3,1,development_combined,CG-FPLS-code,ok,ok,True,3,148,calibrate:149,calibrate,149,194.10000610351562,199.20180982089272,5.101803717377095,156
development_repeated_nested_cv,primary_instrument1_full,primary,1,3,1,development_combined,CG-FPLS-code,ok,ok,True,3,149,calibrate:150,calibrate,150,181.3000030517578,198.5182978806036,17.218294828845785,156
development_repeated_nested_cv,primary_instrument1_full,primary,1,3,1,development_combined,CG-FPLS-code,ok,ok,True,3,158,validate:004,validate,4,189.39999389648438,197.8165789082436,8.416585011759224,156
development_repeated_nested_cv,primary_instrument1_full,primary,1,3,1,development_combined,CG-FPLS-code,ok,ok,True,3,164,validate:010,validate,10,193.8000030517578,198.6049010557297,4.804898003971886,156
development_repeated_nested_cv,primary_instrument1_full,primary,1,3,1,development_combined,CG-FPLS-code,ok,ok,True,3,169,validate:015,validate,15,195.10000610351562,199.08692370365418,3.986917600138554,156
development_repeated_nested_cv,primary_instrument1_full,primary,1,3,1,development_combined,CG-FPLS-code,ok,ok,True,3,179,validate:025,validate,25,195.5,194.30422292710628,-1.1957770728937192,156
development_repeated_nested_cv,primary_instrument1_full,primary,1,3,1,development_combined,CG-FPLS-code,ok,ok,True,3,181,validate:027,validate,27,198.89999389648438,200.266478255851,1.3664843593666376,156
development_repeated_nested_cv,primary_instrument1_full,primary,1,3,1,development_combined,CG-FPLS-code,ok,ok,True,3,184,validate:030,validate,30,196.8000030517578,195.3406588864041,-1.4593441653537127,156
development_repeated_nested_cv,primary_instrument1_full,primary,1,3,1,development_combined,CG-FPLS-code,ok,ok,True,3,185,validate:031,validate,31,194.10000610351562,196.19951358699456,2.0995074834789307,156
development_repeated_nested_cv,primary_instrument1_full,primary,1,3,1,development_combined,CG-FPLS-code,ok,ok,True,3,190,validate:036,validate,36,194.6999969482422,198.16146559656923,3.461468648327042,156
development_repeated_nested_cv,primary_instrument1_full,primary,1,3,1,development_combined,Raw FPLS,ok,ok,True,26,4,calibrate:005,calibrate,5,199.3000030517578,194.6767820743765,-4.623220977381322,156
development_repeated_nested_cv,primary_instrument1_full,primary,1,3,1,development_combined,Raw FPLS,ok,ok,True,26,6,calibrate:007,calibrate,7,200.10000610351562,198.8867603232829,-1.213245780232711,156
development_repeated_nested_cv,primary_instrument1_full,primary,1,3,1,development_combined,Raw FPLS,ok,ok,True,26,13,calibrate:014,calibrate,14,221.3000030517578,217.6332402130179,-3.6667628387399134,156
development_repeated_nested_cv,primary_instrument1_full,primary,1,3,1,development_combined,Raw FPLS,ok,ok,True,26,19,calibrate:020,calibrate,20,159.3000030517578,160.14438004577704,0.8443769940192283,156
development_repeated_nested_cv,primary_instrument1_full,primary,1,3,1,development_combined,Raw FPLS,ok,ok,True,26,21,calibrate:022,calibrate,22,185.89999389648438,185.1645898648208,-0.7354040316635633,156
development_repeated_nested_cv,primary_instrument1_full,primary,1,3,1,development_combined,Raw FPLS,ok,ok,True,26,40,calibrate:041,calibrate,41,206.60000610351562,206.02456868432023,-0.5754374191953957,156
development_repeated_nested_cv,primary_instrument1_full,primary,1,3,1,development_combined,Raw FPLS,ok,ok,True,26,41,calibrate:042,calibrate,42,187.5,187.72060656098367,0.2206065609836685,156
development_repeated_nested_cv,primary_instrument1_full,primary,1,3,1,development_combined,Raw FPLS,ok,ok,True,26,42,calibrate:043,calibrate,43,159.60000610351562,163.0367111536243,3.436705050108685,156
development_repeated_nested_cv,primary_instrument1_full,primary,1,3,1,development_combined,Raw FPLS,ok,ok,True,26,72,calibrate:073,calibrate,73,202.6999969482422,202.933448689999,0.2334517417568236,156
development_repeated_nested_cv,primary_instrument1_full,primary,1,3,1,development_combined,Raw FPLS,ok,ok,True,26,75,calibrate:076,calibrate,76,178.10000610351562,176.0406037732886,-2.059402330227016,156
development_repeated_nested_cv,primary_instrument1_full,primary,1,3,1,development_combined,Raw FPLS,ok,ok,True,26,84,calibrate:085,calibrate,85,177.1999969482422,176.79507335365878,-0.40492359458340843,156
development_repeated_nested_cv,primary_instrument1_full,primary,1,3,1,development_combined,Raw FPLS,ok,ok,True,26,89,calibrate:090,calibrate,90,173.39999389648438,178.41431400021784,5.014320103733468,156
development_repeated_nested_cv,primary_instrument1_full,primary,1,3,1,development_combined,Raw FPLS,ok,ok,True,26,90,calibrate:091,calibrate,91,216.5,217.90776921795407,1.407769217954069,156
development_repeated_nested_cv,primary_instrument1_full,primary,1,3,1,development_combined,Raw FPLS,ok,ok,True,26,94,calibrate:095,calibrate,95,172.0,173.4054023029838,1.4054023029837879,156
development_repeated_nested_cv,primary_instrument1_full,primary,1,3,1,development_combined,Raw FPLS,ok,ok,True,26,97,calibrate:098,calibrate,98,183.8000030517578,188.84387575920204,5.043872707444223,156
development_repeated_nested_cv,primary_instrument1_full,primary,1,3,1,development_combined,Raw FPLS,ok,ok,True,26,98,calibrate:099,calibrate,99,176.39999389648438,177.3658073201634,0.9658134236790374,156
development_repeated_nested_cv,primary_instrument1_full,primary,1,3,1,development_combined,Raw FPLS,ok,ok,True,26,104,calibrate:105,calibrate,105,157.0,157.95131779025212,0.9513177902521193,156
development_repeated_nested_cv,primary_instrument1_full,primary,1,3,1,development_combined,Raw FPLS,ok,ok,True,26,106,calibrate:107,calibrate,107,216.89999389648438,219.53368201018384,2.6336881136994634,156
development_repeated_nested_cv,primary_instrument1_full,primary,1,3,1,development_combined,Raw FPLS,ok,ok,True,26,107,calibrate:108,calibrate,108,231.10000610351562,236.6851900635236,5.585183960007981,156
development_repeated_nested_cv,primary_instrument1_full,primary,1,3,1,development_combined,Raw FPLS,ok,ok,True,26,108,calibrate:109,calibrate,109,222.60000610351562,221.28449061712487,-1.3155154863907512,156
development_repeated_nested_cv,primary_instrument1_full,primary,1,3,1,development_combined,Raw FPLS,ok,ok,True,26,112,calibrate:113,calibrate,113,219.39999389648438,218.695357250666,-0.7046366458183684,156
development_repeated_nested_cv,primary_instrument1_full,primary,1,3,1,development_combined,Raw FPLS,ok,ok,True,26,115,calibrate:116,calibrate,116,209.5,201.82484350155414,-7.675156498445858,156
development_repeated_nested_cv,primary_instrument1_full,primary,1,3,1,development_combined,Raw FPLS,ok,ok,True,26,118,calibrate:119,calibrate,119,232.89999389648438,236.31774318811793,3.4177492916335552,156
development_repeated_nested_cv,primary_instrument1_full,primary,1,3,1,development_combined,Raw FPLS,ok,ok,True,26,119,calibrate:120,calibrate,120,204.60000610351562,205.9044588104354,1.3044527069197613,156
development_repeated_nested_cv,primary_instrument1_full,primary,1,3,1,development_combined,Raw FPLS,ok,ok,True,26,123,calibrate:124,calibrate,124,175.5,177.15590906331255,1.6559090633125493,156
development_repeated_nested_cv,primary_instrument1_full,primary,1,3,1,development_combined,Raw FPLS,ok,ok,True,26,124,calibrate:125,calibrate,125,154.8000030517578,161.9433731711786,7.14337011942078,156
development_repeated_nested_cv,primary_instrument1_full,primary,1,3,1,development_combined,Raw FPLS,ok,ok,True,26,135,calibrate:136,calibrate,136,193.10000610351562,193.68815895467935,0.5881528511637271,156
development_repeated_nested_cv,primary_instrument1_full,primary,1,3,1,development_combined,Raw FPLS,ok,ok,True,26,138,calibrate:139,calibrate,139,191.1999969482422,197.23999225906863,6.039995310826441,156
development_repeated_nested_cv,primary_instrument1_full,primary,1,3,1,development_combined,Raw FPLS,ok,ok,True,26,147,calibrate:148,calibrate,148,197.8000030517578,189.56693698629664,-8.233066065461173,156
development_repeated_nested_cv,primary_instrument1_full,primary,1,3,1,development_combined,Raw FPLS,ok,ok,True,26,148,calibrate:149,calibrate,149,194.10000610351562,189.08702289649847,-5.012983207017157,156
development_repeated_nested_cv,primary_instrument1_full,primary,1,3,1,development_combined,Raw FPLS,ok,ok,True,26,149,calibrate:150,calibrate,150,181.3000030517578,192.1142109188072,10.81420786704939,156
development_repeated_nested_cv,primary_instrument1_full,primary,1,3,1,development_combined,Raw FPLS,ok,ok,True,26,158,validate:004,validate,4,189.39999389648438,193.86621576888857,4.466221872404191,156
development_repeated_nested_cv,primary_instrument1_full,primary,1,3,1,development_combined,Raw FPLS,ok,ok,True,26,164,validate:010,validate,10,193.8000030517578,190.6665547393898,-3.1334483123680172,156
development_repeated_nested_cv,primary_instrument1_full,primary,1,3,1,development_combined,Raw FPLS,ok,ok,True,26,169,validate:015,validate,15,195.10000610351562,190.62046731588333,-4.479538787632293,156
development_repeated_nested_cv,primary_instrument1_full,primary,1,3,1,development_combined,Raw FPLS,ok,ok,True,26,179,validate:025,validate,25,195.5,200.4438558586173,4.943855858617297,156
development_repeated_nested_cv,primary_instrument1_full,primary,1,3,1,development_combined,Raw FPLS,ok,ok,True,26,181,validate:027,validate,27,198.89999389648438,197.78944087648114,-1.1105530200032376,156
development_repeated_nested_cv,primary_instrument1_full,primary,1,3,1,development_combined,Raw FPLS,ok,ok,True,26,184,validate:030,validate,30,196.8000030517578,200.09789296888357,3.297889917125758,156
development_repeated_nested_cv,primary_instrument1_full,primary,1,3,1,development_combined,Raw FPLS,ok,ok,True,26,185,validate:031,validate,31,194.10000610351562,197.70155274705206,3.6015466435364374,156
development_repeated_nested_cv,primary_instrument1_full,primary,1,3,1,development_combined,Raw FPLS,ok,ok,True,26,190,validate:036,validate,36,194.6999969482422,199.88174009671803,5.181743148475846,156
development_repeated_nested_cv,primary_instrument1_full,primary,1,3,1,development_combined,Arnoldi FPLS,ok,ok,True,5,4,calibrate:005,calibrate,5,199.3000030517578,194.88403942698827,-4.415963624769546,156
development_repeated_nested_cv,primary_instrument1_full,primary,1,3,1,development_combined,Arnoldi FPLS,ok,ok,True,5,6,calibrate:007,calibrate,7,200.10000610351562,198.78866052684407,-1.311345576671556,156
development_repeated_nested_cv,primary_instrument1_full,primary,1,3,1,development_combined,Arnoldi FPLS,ok,ok,True,5,13,calibrate:014,calibrate,14,221.3000030517578,217.53493125755983,-3.765071794197979,156
development_repeated_nested_cv,primary_instrument1_full,primary,1,3,1,development_combined,Arnoldi FPLS,ok,ok,True,5,19,calibrate:020,calibrate,20,159.3000030517578,160.07857234436923,0.7785692926114223,156
development_repeated_nested_cv,primary_instrument1_full,primary,1,3,1,development_combined,Arnoldi FPLS,ok,ok,True,5,21,calibrate:022,calibrate,22,185.89999389648438,185.0739872243552,-0.8260066721291821,156
development_repeated_nested_cv,primary_instrument1_full,primary,1,3,1,development_combined,Arnoldi FPLS,ok,ok,True,5,40,calibrate:041,calibrate,41,206.60000610351562,205.93090615698227,-0.6690999465333505,156
development_repeated_nested_cv,primary_instrument1_full,primary,1,3,1,development_combined,Arnoldi FPLS,ok,ok,True,5,41,calibrate:042,calibrate,42,187.5,187.66190917585806,0.16190917585805664,156
development_repeated_nested_cv,primary_instrument1_full,primary,1,3,1,development_combined,Arnoldi FPLS,ok,ok,True,5,42,calibrate:043,calibrate,43,159.60000610351562,162.98727994502883,3.387273841513206,156
development_repeated_nested_cv,primary_instrument1_full,primary,1,3,1,development_combined,Arnoldi FPLS,ok,ok,True,5,72,calibrate:073,calibrate,73,202.6999969482422,202.83430783155177,0.13431088330958119,156
development_repeated_nested_cv,primary_instrument1_full,primary,1,3,1,development_combined,Arnoldi FPLS,ok,ok,True,5,75,calibrate:076,calibrate,76,178.10000610351562,176.10101941541527,-1.9989866881003593,156
development_repeated_nested_cv,primary_instrument1_full,primary,1,3,1,development_combined,Arnoldi FPLS,ok,ok,True,5,84,calibrate:085,calibrate,85,177.1999969482422,176.69852051479774,-0.5014764334444521,156
development_repeated_nested_cv,primary_instrument1_full,primary,1,3,1,development_combined,Arnoldi FPLS,ok,ok,True,5,89,calibrate:090,calibrate,90,173.39999389648438,178.30384933510493,4.903855438620553,156
development_repeated_nested_cv,primary_instrument1_full,primary,1,3,1,development_combined,Arnoldi FPLS,ok,ok,True,5,90,calibrate:091,calibrate,91,216.5,217.79929256164172,1.299292561641721,156
development_repeated_nested_cv,primary_instrument1_full,primary,1,3,1,development_combined,Arnoldi FPLS,ok,ok,True,5,94,calibrate:095,calibrate,95,172.0,173.3296019203548,1.3296019203548042,156
development_repeated_nested_cv,primary_instrument1_full,primary,1,3,1,development_combined,Arnoldi FPLS,ok,ok,True,5,97,calibrate:098,calibrate,98,183.8000030517578,188.68966473655945,4.889661684801638,156
development_repeated_nested_cv,primary_instrument1_full,primary,1,3,1,development_combined,Arnoldi FPLS,ok,ok,True,5,98,calibrate:099,calibrate,99,176.39999389648438,177.2769365156831,0.8769426191987293,156
development_repeated_nested_cv,primary_instrument1_full,primary,1,3,1,development_combined,Arnoldi FPLS,ok,ok,True,5,104,calibrate:105,calibrate,105,157.0,158.1352891220242,1.1352891220242043,156
development_repeated_nested_cv,primary_instrument1_full,primary,1,3,1,development_combined,Arnoldi FPLS,ok,ok,True,5,106,calibrate:107,calibrate,107,216.89999389648438,219.52528398108805,2.6252900846036766,156
development_repeated_nested_cv,primary_instrument1_full,primary,1,3,1,development_combined,Arnoldi FPLS,ok,ok,True,5,107,calibrate:108,calibrate,108,231.10000610351562,236.69373675469453,5.593730651178902,156
development_repeated_nested_cv,primary_instrument1_full,primary,1,3,1,development_combined,Arnoldi FPLS,ok,ok,True,5,108,calibrate:109,calibrate,109,222.60000610351562,221.22508974885773,-1.3749163546578984,156
development_repeated_nested_cv,primary_instrument1_full,primary,1,3,1,development_combined,Arnoldi FPLS,ok,ok,True,5,112,calibrate:113,calibrate,113,219.39999389648438,218.73484124788692,-0.6651526485974557,156
development_repeated_nested_cv,primary_instrument1_full,primary,1,3,1,development_combined,Arnoldi FPLS,ok,ok,True,5,115,calibrate:116,calibrate,116,209.5,201.619060218983,-7.880939781016991,156
development_repeated_nested_cv,primary_instrument1_full,primary,1,3,1,development_combined,Arnoldi FPLS,ok,ok,True,5,118,calibrate:119,calibrate,119,232.89999389648438,236.3825851556859,3.482591259201513,156
development_repeated_nested_cv,primary_instrument1_full,primary,1,3,1,development_combined,Arnoldi FPLS,ok,ok,True,5,119,calibrate:120,calibrate,120,204.60000610351562,205.79544606225235,1.1954399587367277,156
development_repeated_nested_cv,primary_instrument1_full,primary,1,3,1,development_combined,Arnoldi FPLS,ok,ok,True,5,123,calibrate:124,calibrate,124,175.5,177.0521190363625,1.5521190363625124,156
development_repeated_nested_cv,primary_instrument1_full,primary,1,3,1,development_combined,Arnoldi FPLS,ok,ok,True,5,124,calibrate:125,calibrate,125,154.8000030517578,162.0500457047606,7.250042653002794,156
development_repeated_nested_cv,primary_instrument1_full,primary,1,3,1,development_combined,Arnoldi FPLS,ok,ok,True,5,135,calibrate:136,calibrate,136,193.10000610351562,193.64498364017723,0.5449775366616052,156
development_repeated_nested_cv,primary_instrument1_full,primary,1,3,1,development_combined,Arnoldi FPLS,ok,ok,True,5,138,calibrate:139,calibrate,139,191.1999969482422,197.2831533280901,6.083156379847907,156
development_repeated_nested_cv,primary_instrument1_full,primary,1,3,1,development_combined,Arnoldi FPLS,ok,ok,True,5,147,calibrate:148,calibrate,148,197.8000030517578,189.49268151760774,-8.307321534150077,156
development_repeated_nested_cv,primary_instrument1_full,primary,1,3,1,development_combined,Arnoldi FPLS,ok,ok,True,5,148,calibrate:149,calibrate,149,194.10000610351562,189.1374470370241,-4.962559066491536,156
development_repeated_nested_cv,primary_instrument1_full,primary,1,3,1,development_combined,Arnoldi FPLS,ok,ok,True,5,149,calibrate:150,calibrate,150,181.3000030517578,192.10513981720396,10.80513676544615,156
development_repeated_nested_cv,primary_instrument1_full,primary,1,3,1,development_combined,Arnoldi FPLS,ok,ok,True,5,158,validate:004,validate,4,189.39999389648438,193.90696264886344,4.506968752379066,156
development_repeated_nested_cv,primary_instrument1_full,primary,1,3,1,development_combined,Arnoldi FPLS,ok,ok,True,5,164,validate:010,validate,10,193.8000030517578,190.72090161923353,-3.0791014325242827,156
development_repeated_nested_cv,primary_instrument1_full,primary,1,3,1,development_combined,Arnoldi FPLS,ok,ok,True,5,169,validate:015,validate,15,195.10000610351562,190.6628173532475,-4.43718875026812,156
development_repeated_nested_cv,primary_instrument1_full,primary,1,3,1,development_combined,Arnoldi FPLS,ok,ok,True,5,179,validate:025,validate,25,195.5,200.52483630185756,5.024836301857562,156
development_repeated_nested_cv,primary_instrument1_full,primary,1,3,1,development_combined,Arnoldi FPLS,ok,ok,True,5,181,validate:027,validate,27,198.89999389648438,197.84224630867084,-1.0577475878135374,156
development_repeated_nested_cv,primary_instrument1_full,primary,1,3,1,development_combined,Arnoldi FPLS,ok,ok,True,5,184,validate:030,validate,30,196.8000030517578,200.0081089831156,3.208105931357778,156
development_repeated_nested_cv,primary_instrument1_full,primary,1,3,1,development_combined,Arnoldi FPLS,ok,ok,True,5,185,validate:031,validate,31,194.10000610351562,197.8239387903122,3.723932686796587,156
development_repeated_nested_cv,primary_instrument1_full,primary,1,3,1,development_combined,Arnoldi FPLS,ok,ok,True,5,190,validate:036,validate,36,194.6999969482422,199.7718899103266,5.071892962084405,156
development_repeated_nested_cv,primary_instrument1_full,primary,1,3,1,development_combined,FPCR,ok,ok,True,10,4,calibrate:005,calibrate,5,199.3000030517578,195.71775255331173,-3.5822504984460863,156
development_repeated_nested_cv,primary_instrument1_full,primary,1,3,1,development_combined,FPCR,ok,ok,True,10,6,calibrate:007,calibrate,7,200.10000610351562,197.47413421552227,-2.6258718879933554,156
development_repeated_nested_cv,primary_instrument1_full,primary,1,3,1,development_combined,FPCR,ok,ok,True,10,13,calibrate:014,calibrate,14,221.3000030517578,217.6492103328856,-3.650792718872225,156
development_repeated_nested_cv,primary_instrument1_full,primary,1,3,1,development_combined,FPCR,ok,ok,True,10,19,calibrate:020,calibrate,20,159.3000030517578,161.03897013769958,1.7389670859417663,156
development_repeated_nested_cv,primary_instrument1_full,primary,1,3,1,development_combined,FPCR,ok,ok,True,10,21,calibrate:022,calibrate,22,185.89999389648438,184.8524757930861,-1.0475181033982608,156
development_repeated_nested_cv,primary_instrument1_full,primary,1,3,1,development_combined,FPCR,ok,ok,True,10,40,calibrate:041,calibrate,41,206.60000610351562,205.43685303203412,-1.1631530714815028,156
development_repeated_nested_cv,primary_instrument1_full,primary,1,3,1,development_combined,FPCR,ok,ok,True,10,41,calibrate:042,calibrate,42,187.5,187.1584206441597,-0.3415793558403095,156
development_repeated_nested_cv,primary_instrument1_full,primary,1,3,1,development_combined,FPCR,ok,ok,True,10,42,calibrate:043,calibrate,43,159.60000610351562,163.86547762170915,4.265471518193522,156
development_repeated_nested_cv,primary_instrument1_full,primary,1,3,1,development_combined,FPCR,ok,ok,True,10,72,calibrate:073,calibrate,73,202.6999969482422,202.3917165205445,-0.3082804276976958,156
development_repeated_nested_cv,primary_instrument1_full,primary,1,3,1,development_combined,FPCR,ok,ok,True,10,75,calibrate:076,calibrate,76,178.10000610351562,176.10668329443416,-1.9933228090814623,156
development_repeated_nested_cv,primary_instrument1_full,primary,1,3,1,development_combined,FPCR,ok,ok,True,10,84,calibrate:085,calibrate,85,177.1999969482422,176.49029128853363,-0.7097056597085611,156
development_repeated_nested_cv,primary_instrument1_full,primary,1,3,1,development_combined,FPCR,ok,ok,True,10,89,calibrate:090,calibrate,90,173.39999389648438,177.16045844669011,3.7604645502057394,156
development_repeated_nested_cv,primary_instrument1_full,primary,1,3,1,development_combined,FPCR,ok,ok,True,10,90,calibrate:091,calibrate,91,216.5,217.8045682029308,1.3045682029307955,156
development_repeated_nested_cv,primary_instrument1_full,primary,1,3,1,development_combined,FPCR,ok,ok,True,10,94,calibrate:095,calibrate,95,172.0,173.6436101247406,1.6436101247406043,156
development_repeated_nested_cv,primary_instrument1_full,primary,1,3,1,development_combined,FPCR,ok,ok,True,10,97,calibrate:098,calibrate,98,183.8000030517578,188.30191192125878,4.501908869500966,156
development_repeated_nested_cv,primary_instrument1_full,primary,1,3,1,development_combined,FPCR,ok,ok,True,10,98,calibrate:099,calibrate,99,176.39999389648438,176.36964416737766,-0.030349729106717405,156
development_repeated_nested_cv,primary_instrument1_full,primary,1,3,1,development_combined,FPCR,ok,ok,True,10,104,calibrate:105,calibrate,105,157.0,159.6849096852647,2.6849096852646994,156
development_repeated_nested_cv,primary_instrument1_full,primary,1,3,1,development_combined,FPCR,ok,ok,True,10,106,calibrate:107,calibrate,107,216.89999389648438,219.45610967326343,2.556115776779052,156
development_repeated_nested_cv,primary_instrument1_full,primary,1,3,1,development_combined,FPCR,ok,ok,True,10,107,calibrate:108,calibrate,108,231.10000610351562,237.5267021231407,6.426696019625069,156
development_repeated_nested_cv,primary_instrument1_full,primary,1,3,1,development_combined,FPCR,ok,ok,True,10,108,calibrate:109,calibrate,109,222.60000610351562,219.87231140614708,-2.7276946973685483,156
development_repeated_nested_cv,primary_instrument1_full,primary,1,3,1,development_combined,FPCR,ok,ok,True,10,112,calibrate:113,calibrate,113,219.39999389648438,219.35372759647484,-0.04626630000953469,156
development_repeated_nested_cv,primary_instrument1_full,primary,1,3,1,development_combined,FPCR,ok,ok,True,10,115,calibrate:116,calibrate,116,209.5,198.3872274426704,-11.112772557329606,156
development_repeated_nested_cv,primary_instrument1_full,primary,1,3,1,development_combined,FPCR,ok,ok,True,10,118,calibrate:119,calibrate,119,232.89999389648438,237.81008073711922,4.910086840634847,156
development_repeated_nested_cv,primary_instrument1_full,primary,1,3,1,development_combined,FPCR,ok,ok,True,10,119,calibrate:120,calibrate,120,204.60000610351562,205.55155089303463,0.951544789519005,156
development_repeated_nested_cv,primary_instrument1_full,primary,1,3,1,development_combined,FPCR,ok,ok,True,10,123,calibrate:124,calibrate,124,175.5,177.45194782270585,1.951947822705847,156
development_repeated_nested_cv,primary_instrument1_full,primary,1,3,1,development_combined,FPCR,ok,ok,True,10,124,calibrate:125,calibrate,125,154.8000030517578,160.18831164430873,5.3883085925509135,156
development_repeated_nested_cv,primary_instrument1_full,primary,1,3,1,development_combined,FPCR,ok,ok,True,10,135,calibrate:136,calibrate,136,193.10000610351562,192.87954070596984,-0.2204653975457802,156
development_repeated_nested_cv,primary_instrument1_full,primary,1,3,1,development_combined,FPCR,ok,ok,True,10,138,calibrate:139,calibrate,139,191.1999969482422,197.3704411374548,6.170444189212617,156
development_repeated_nested_cv,primary_instrument1_full,primary,1,3,1,development_combined,FPCR,ok,ok,True,10,147,calibrate:148,calibrate,148,197.8000030517578,188.43737185577208,-9.362631195985728,156
development_repeated_nested_cv,primary_instrument1_full,primary,1,3,1,development_combined,FPCR,ok,ok,True,10,148,calibrate:149,calibrate,149,194.10000610351562,189.91194930936126,-4.188056794154363,156
development_repeated_nested_cv,primary_instrument1_full,primary,1,3,1,development_combined,FPCR,ok,ok,True,10,149,calibrate:150,calibrate,150,181.3000030517578,192.00388762064435,10.703884568886536,156
development_repeated_nested_cv,primary_instrument1_full,primary,1,3,1,development_combined,FPCR,ok,ok,True,10,158,validate:004,validate,4,189.39999389648438,192.60623769451877,3.206243798034393,156
development_repeated_nested_cv,primary_instrument1_full,primary,1,3,1,development_combined,FPCR,ok,ok,True,10,164,validate:010,validate,10,193.8000030517578,191.32227858108854,-2.4777244706692727,156
development_repeated_nested_cv,primary_instrument1_full,primary,1,3,1,development_combined,FPCR,ok,ok,True,10,169,validate:015,validate,15,195.10000610351562,191.13608995254586,-3.963916150969766,156
development_repeated_nested_cv,primary_instrument1_full,primary,1,3,1,development_combined,FPCR,ok,ok,True,10,179,validate:025,validate,25,195.5,200.30331334273134,4.803313342731343,156
development_repeated_nested_cv,primary_instrument1_full,primary,1,3,1,development_combined,FPCR,ok,ok,True,10,181,validate:027,validate,27,198.89999389648438,196.68401634786701,-2.21597754861736,156
development_repeated_nested_cv,primary_instrument1_full,primary,1,3,1,development_combined,FPCR,ok,ok,True,10,184,validate:030,validate,30,196.8000030517578,199.9951889477251,3.1951858959672848,156
development_repeated_nested_cv,primary_instrument1_full,primary,1,3,1,development_combined,FPCR,ok,ok,True,10,185,validate:031,validate,31,194.10000610351562,198.32908380299412,4.229077699478495,156
development_repeated_nested_cv,primary_instrument1_full,primary,1,3,1,development_combined,FPCR,ok,ok,True,10,190,validate:036,validate,36,194.6999969482422,198.9939083389848,4.293911390742608,156
development_repeated_nested_cv,primary_instrument1_full,primary,1,3,2,development_combined,CG-FPLS-code,ok,ok,True,3,1,calibrate:002,calibrate,2,198.6999969482422,192.25700079599676,-6.442996152245428,156
development_repeated_nested_cv,primary_instrument1_full,primary,1,3,2,development_combined,CG-FPLS-code,ok,ok,True,3,2,calibrate:003,calibrate,3,201.39999389648438,191.83263302153543,-9.567360874948946,156
development_repeated_nested_cv,primary_instrument1_full,primary,1,3,2,development_combined,CG-FPLS-code,ok,ok,True,3,7,calibrate:008,calibrate,8,207.6999969482422,201.58235334895554,-6.117643599286652,156
development_repeated_nested_cv,primary_instrument1_full,primary,1,3,2,development_combined,CG-FPLS-code,ok,ok,True,3,9,calibrate:010,calibrate,10,181.10000610351562,180.9613440411773,-0.13866206233831235,156
development_repeated_nested_cv,primary_instrument1_full,primary,1,3,2,development_combined,CG-FPLS-code,ok,ok,True,3,15,calibrate:016,calibrate,16,173.8000030517578,180.3303203999052,6.530317348147378,156
development_repeated_nested_cv,primary_instrument1_full,primary,1,3,2,development_combined,CG-FPLS-code,ok,ok,True,3,17,calibrate:018,calibrate,18,221.89999389648438,218.78908099052228,-3.1109129059620955,156
development_repeated_nested_cv,primary_instrument1_full,primary,1,3,2,development_combined,CG-FPLS-code,ok,ok,True,3,18,calibrate:019,calibrate,19,159.5,178.04140852747477,18.541408527474772,156
development_repeated_nested_cv,primary_instrument1_full,primary,1,3,2,development_combined,CG-FPLS-code,ok,ok,True,3,22,calibrate:023,calibrate,23,220.6999969482422,217.64100826569614,-3.058988682546044,156
development_repeated_nested_cv,primary_instrument1_full,primary,1,3,2,development_combined,CG-FPLS-code,ok,ok,True,3,23,calibrate:024,calibrate,24,190.1999969482422,185.15316370098236,-5.046833247259826,156
development_repeated_nested_cv,primary_instrument1_full,primary,1,3,2,development_combined,CG-FPLS-code,ok,ok,True,3,27,calibrate:028,calibrate,28,175.8000030517578,177.52176340259734,1.7217603508395314,156
development_repeated_nested_cv,primary_instrument1_full,primary,1,3,2,development_combined,CG-FPLS-code,ok,ok,True,3,37,calibrate:038,calibrate,38,208.8000030517578,201.46519827418524,-7.334804777572572,156
development_repeated_nested_cv,primary_instrument1_full,primary,1,3,2,development_combined,CG-FPLS-code,ok,ok,True,3,48,calibrate:049,calibrate,49,186.3000030517578,189.48845154208803,3.1884484903302166,156
development_repeated_nested_cv,primary_instrument1_full,primary,1,3,2,development_combined,CG-FPLS-code,ok,ok,True,3,52,calibrate:053,calibrate,53,171.39999389648438,177.8898557259878,6.489861829503411,156
development_repeated_nested_cv,primary_instrument1_full,primary,1,3,2,development_combined,CG-FPLS-code,ok,ok,True,3,55,calibrate:056,calibrate,56,157.5,165.27249260829763,7.772492608297625,156
development_repeated_nested_cv,primary_instrument1_full,primary,1,3,2,development_combined,CG-FPLS-code,ok,ok,True,3,58,calibrate:059,calibrate,59,155.1999969482422,160.77958356498732,5.579586616745132,156
development_repeated_nested_cv,primary_instrument1_full,primary,1,3,2,development_combined,CG-FPLS-code,ok,ok,True,3,64,calibrate:065,calibrate,65,158.1999969482422,159.31627347981674,1.116276531574556,156
development_repeated_nested_cv,primary_instrument1_full,primary,1,3,2,development_combined,CG-FPLS-code,ok,ok,True,3,67,calibrate:068,calibrate,68,179.89999389648438,187.0872931522514,7.187299255767016,156
development_repeated_nested_cv,primary_instrument1_full,primary,1,3,2,development_combined,CG-FPLS-code,ok,ok,True,3,81,calibrate:082,calibrate,82,216.39999389648438,215.22070798964882,-1.1792859068355597,156
development_repeated_nested_cv,primary_instrument1_full,primary,1,3,2,development_combined,CG-FPLS-code,ok,ok,True,3,82,calibrate:083,calibrate,83,172.39999389648438,177.15877935961785,4.758785463133478,156
development_repeated_nested_cv,primary_instrument1_full,primary,1,3,2,development_combined,CG-FPLS-code,ok,ok,True,3,88,calibrate:089,calibrate,89,203.60000610351562,202.59494917755993,-1.0050569259556994,156
development_repeated_nested_cv,primary_instrument1_full,primary,1,3,2,development_combined,CG-FPLS-code,ok,ok,True,3,96,calibrate:097,calibrate,97,204.0,205.28923679083368,1.2892367908336837,156
development_repeated_nested_cv,primary_instrument1_full,primary,1,3,2,development_combined,CG-FPLS-code,ok,ok,True,3,103,calibrate:104,calibrate,104,184.5,181.92418844518718,-2.575811554812816,156
development_repeated_nested_cv,primary_instrument1_full,primary,1,3,2,development_combined,CG-FPLS-code,ok,ok,True,3,109,calibrate:110,calibrate,110,231.10000610351562,229.6191305958485,-1.4808755076671218,156
development_repeated_nested_cv,primary_instrument1_full,primary,1,3,2,development_combined,CG-FPLS-code,ok,ok,True,3,111,calibrate:112,calibrate,112,220.0,215.9815464840184,-4.018453515981605,156
development_repeated_nested_cv,primary_instrument1_full,primary,1,3,2,development_combined,CG-FPLS-code,ok,ok,True,3,117,calibrate:118,calibrate,118,217.1999969482422,219.3381591072541,2.1381621590119266,156
development_repeated_nested_cv,primary_instrument1_full,primary,1,3,2,development_combined,CG-FPLS-code,ok,ok,True,3,121,calibrate:122,calibrate,122,176.89999389648438,157.26816209812287,-19.631831798361503,156
development_repeated_nested_cv,primary_instrument1_full,primary,1,3,2,development_combined,CG-FPLS-code,ok,ok,True,3,122,calibrate:123,calibrate,123,188.0,187.30347980708012,-0.696520192919877,156
development_repeated_nested_cv,primary_instrument1_full,primary,1,3,2,development_combined,CG-FPLS-code,ok,ok,True,3,127,calibrate:128,calibrate,128,239.10000610351562,234.3615548512479,-4.738451252267737,156
development_repeated_nested_cv,primary_instrument1_full,primary,1,3,2,development_combined,CG-FPLS-code,ok,ok,True,3,136,calibrate:137,calibrate,137,192.60000610351562,192.72957362560547,0.12956752208984312,156
development_repeated_nested_cv,primary_instrument1_full,primary,1,3,2,development_combined,CG-FPLS-code,ok,ok,True,3,137,calibrate:138,calibrate,138,195.89999389648438,192.95441547621007,-2.945578420274302,156
development_repeated_nested_cv,primary_instrument1_full,primary,1,3,2,development_combined,CG-FPLS-code,ok,ok,True,3,142,calibrate:143,calibrate,143,196.60000610351562,192.37217491387221,-4.22783118964341,156
development_repeated_nested_cv,primary_instrument1_full,primary,1,3,2,development_combined,CG-FPLS-code,ok,ok,True,3,156,validate:002,validate,2,188.1999969482422,197.10474856229243,8.904751614050241,156
development_repeated_nested_cv,primary_instrument1_full,primary,1,3,2,development_combined,CG-FPLS-code,ok,ok,True,3,161,validate:007,validate,7,195.89999389648438,195.46259247350372,-0.4374014229806562,156
development_repeated_nested_cv,primary_instrument1_full,primary,1,3,2,development_combined,CG-FPLS-code,ok,ok,True,3,166,validate:012,validate,12,193.8000030517578,188.57443905665752,-5.225563995100288,156
development_repeated_nested_cv,primary_instrument1_full,primary,1,3,2,development_combined,CG-FPLS-code,ok,ok,True,3,167,validate:013,validate,13,194.5,200.64653508439326,6.146535084393264,156
development_repeated_nested_cv,primary_instrument1_full,primary,1,3,2,development_combined,CG-FPLS-code,ok,ok,True,3,170,validate:016,validate,16,193.60000610351562,197.7363143677908,4.136308264275186,156
development_repeated_nested_cv,primary_instrument1_full,primary,1,3,2,development_combined,CG-FPLS-code,ok,ok,True,3,182,validate:028,validate,28,195.0,197.27076817828586,2.270768178285863,156
development_repeated_nested_cv,primary_instrument1_full,primary,1,3,2,development_combined,CG-FPLS-code,ok,ok,True,3,183,validate:029,validate,29,199.5,195.7817331303081,-3.718266869691888,156
development_repeated_nested_cv,primary_instrument1_full,primary,1,3,2,development_combined,CG-FPLS-code,ok,ok,True,3,192,validate:038,validate,38,197.39999389648438,195.66530054541585,-1.734693351068529,156
development_repeated_nested_cv,primary_instrument1_full,primary,1,3,2,development_combined,Raw FPLS,ok,ok,True,54,1,calibrate:002,calibrate,2,198.6999969482422,195.23805413956168,-3.4619428086805044,156
development_repeated_nested_cv,primary_instrument1_full,primary,1,3,2,development_combined,Raw FPLS,ok,ok,True,54,2,calibrate:003,calibrate,3,201.39999389648438,194.97574116282985,-6.4242527336545265,156
development_repeated_nested_cv,primary_instrument1_full,primary,1,3,2,development_combined,Raw FPLS,ok,ok,True,54,7,calibrate:008,calibrate,8,207.6999969482422,203.05456934906556,-4.645427599176628,156
development_repeated_nested_cv,primary_instrument1_full,primary,1,3,2,development_combined,Raw FPLS,ok,ok,True,54,9,calibrate:010,calibrate,10,181.10000610351562,178.8215124781858,-2.2784936253298156,156
development_repeated_nested_cv,primary_instrument1_full,primary,1,3,2,development_combined,Raw FPLS,ok,ok,True,54,15,calibrate:016,calibrate,16,173.8000030517578,176.15977851517928,2.359775463421471,156
development_repeated_nested_cv,primary_instrument1_full,primary,1,3,2,development_combined,Raw FPLS,ok,ok,True,54,17,calibrate:018,calibrate,18,221.89999389648438,219.7868706156264,-2.1131232808579625,156
development_repeated_nested_cv,primary_instrument1_full,primary,1,3,2,development_combined,Raw FPLS,ok,ok,True,54,18,calibrate:019,calibrate,19,159.5,178.2386095413191,18.738609541319107,156
development_repeated_nested_cv,primary_instrument1_full,primary,1,3,2,development_combined,Raw FPLS,ok,ok,True,54,22,calibrate:023,calibrate,23,220.6999969482422,216.79474541126908,-3.905251536973111,156
development_repeated_nested_cv,primary_instrument1_full,primary,1,3,2,development_combined,Raw FPLS,ok,ok,True,54,23,calibrate:024,calibrate,24,190.1999969482422,187.06491171057914,-3.1350852376630485,156
development_repeated_nested_cv,primary_instrument1_full,primary,1,3,2,development_combined,Raw FPLS,ok,ok,True,54,27,calibrate:028,calibrate,28,175.8000030517578,175.9871760783134,0.1871730265555982,156
development_repeated_nested_cv,primary_instrument1_full,primary,1,3,2,development_combined,Raw FPLS,ok,ok,True,54,37,calibrate:038,calibrate,38,208.8000030517578,204.6112466882167,-4.188756363541103,156
development_repeated_nested_cv,primary_instrument1_full,primary,1,3,2,development_combined,Raw FPLS,ok,ok,True,54,48,calibrate:049,calibrate,49,186.3000030517578,185.81064644879285,-0.48935660296496053,156
development_repeated_nested_cv,primary_instrument1_full,primary,1,3,2,development_combined,Raw FPLS,ok,ok,True,54,52,calibrate:053,calibrate,53,171.39999389648438,177.82593031486152,6.425936418377148,156
development_repeated_nested_cv,primary_instrument1_full,primary,1,3,2,development_combined,Raw FPLS,ok,ok,True,54,55,calibrate:056,calibrate,56,157.5,160.6721654219823,3.1721654219822994,156
development_repeated_nested_cv,primary_instrument1_full,primary,1,3,2,development_combined,Raw FPLS,ok,ok,True,54,58,calibrate:059,calibrate,59,155.1999969482422,160.63591158394428,5.43591463570209,156
development_repeated_nested_cv,primary_instrument1_full,primary,1,3,2,development_combined,Raw FPLS,ok,ok,True,54,64,calibrate:065,calibrate,65,158.1999969482422,161.96292248627515,3.7629255380329596,156
development_repeated_nested_cv,primary_instrument1_full,primary,1,3,2,development_combined,Raw FPLS,ok,ok,True,54,67,calibrate:068,calibrate,68,179.89999389648438,186.7550949088442,6.855101012359825,156
development_repeated_nested_cv,primary_instrument1_full,primary,1,3,2,development_combined,Raw FPLS,ok,ok,True,54,81,calibrate:082,calibrate,82,216.39999389648438,215.33602520768045,-1.063968688803925,156
development_repeated_nested_cv,primary_instrument1_full,primary,1,3,2,development_combined,Raw FPLS,ok,ok,True,54,82,calibrate:083,calibrate,83,172.39999389648438,176.44664300168276,4.046649105198384,156
development_repeated_nested_cv,primary_instrument1_full,primary,1,3,2,development_combined,Raw FPLS,ok,ok,True,54,88,calibrate:089,calibrate,89,203.60000610351562,201.1610574495451,-2.4389486539705274,156
development_repeated_nested_cv,primary_instrument1_full,primary,1,3,2,development_combined,Raw FPLS,ok,ok,True,54,96,calibrate:097,calibrate,97,204.0,203.22607409751177,-0.7739259024882301,156
development_repeated_nested_cv,primary_instrument1_full,primary,1,3,2,development_combined,Raw FPLS,ok,ok,True,54,103,calibrate:104,calibrate,104,184.5,185.04516957398485,0.5451695739848503,156
development_repeated_nested_cv,primary_instrument1_full,primary,1,3,2,development_combined,Raw FPLS,ok,ok,True,54,109,calibrate:110,calibrate,110,231.10000610351562,234.27549978548288,3.1754936819672537,156
development_repeated_nested_cv,primary_instrument1_full,primary,1,3,2,development_combined,Raw FPLS,ok,ok,True,54,111,calibrate:112,calibrate,112,220.0,217.57399439131464,-2.426005608685358,156
development_repeated_nested_cv,primary_instrument1_full,primary,1,3,2,development_combined,Raw FPLS,ok,ok,True,54,117,calibrate:118,calibrate,118,217.1999969482422,218.0241418265065,0.8241448782643204,156
development_repeated_nested_cv,primary_instrument1_full,primary,1,3,2,development_combined,Raw FPLS,ok,ok,True,54,121,calibrate:122,calibrate,122,176.89999389648438,157.5774197717603,-19.32257412472407,156
development_repeated_nested_cv,primary_instrument1_full,primary,1,3,2,development_combined,Raw FPLS,ok,ok,True,54,122,calibrate:123,calibrate,123,188.0,188.30161254474154,0.30161254474154475,156
development_repeated_nested_cv,primary_instrument1_full,primary,1,3,2,development_combined,Raw FPLS,ok,ok,True,54,127,calibrate:128,calibrate,128,239.10000610351562,238.16210350604615,-0.9379025974694741,156
development_repeated_nested_cv,primary_instrument1_full,primary,1,3,2,development_combined,Raw FPLS,ok,ok,True,54,136,calibrate:137,calibrate,137,192.60000610351562,187.44259622750928,-5.157409876006341,156
development_repeated_nested_cv,primary_instrument1_full,primary,1,3,2,development_combined,Raw FPLS,ok,ok,True,54,137,calibrate:138,calibrate,138,195.89999389648438,201.25023904599578,5.350245149511409,156
development_repeated_nested_cv,primary_instrument1_full,primary,1,3,2,development_combined,Raw FPLS,ok,ok,True,54,142,calibrate:143,calibrate,143,196.60000610351562,191.97118379132039,-4.62882231219524,156
development_repeated_nested_cv,primary_instrument1_full,primary,1,3,2,development_combined,Raw FPLS,ok,ok,True,54,156,validate:002,validate,2,188.1999969482422,192.18572339525073,3.9857264470085454,156
development_repeated_nested_cv,primary_instrument1_full,primary,1,3,2,development_combined,Raw FPLS,ok,ok,True,54,161,validate:007,validate,7,195.89999389648438,193.34955750847357,-2.5504363880108087,156
development_repeated_nested_cv,primary_instrument1_full,primary,1,3,2,development_combined,Raw FPLS,ok,ok,True,54,166,validate:012,validate,12,193.8000030517578,189.09321954719644,-4.706783504561372,156
development_repeated_nested_cv,primary_instrument1_full,primary,1,3,2,development_combined,Raw FPLS,ok,ok,True,54,167,validate:013,validate,13,194.5,194.53834908753132,0.03834908753131572,156
development_repeated_nested_cv,primary_instrument1_full,primary,1,3,2,development_combined,Raw FPLS,ok,ok,True,54,170,validate:016,validate,16,193.60000610351562,192.67424904128703,-0.9257570622285982,156
development_repeated_nested_cv,primary_instrument1_full,primary,1,3,2,development_combined,Raw FPLS,ok,ok,True,54,182,validate:028,validate,28,195.0,198.5276448102437,3.527644810243686,156
development_repeated_nested_cv,primary_instrument1_full,primary,1,3,2,development_combined,Raw FPLS,ok,ok,True,54,183,validate:029,validate,29,199.5,197.2356762199586,-2.2643237800413942,156
development_repeated_nested_cv,primary_instrument1_full,primary,1,3,2,development_combined,Raw FPLS,ok,ok,True,54,192,validate:038,validate,38,197.39999389648438,197.30248658125328,-0.09750731523109835,156
development_repeated_nested_cv,primary_instrument1_full,primary,1,3,2,development_combined,Arnoldi FPLS,ok,ok,True,6,1,calibrate:002,calibrate,2,198.6999969482422,195.17232935712968,-3.527667591112504,156
development_repeated_nested_cv,primary_instrument1_full,primary,1,3,2,development_combined,Arnoldi FPLS,ok,ok,True,6,2,calibrate:003,calibrate,3,201.39999389648438,194.5078044527914,-6.892189443692985,156
development_repeated_nested_cv,primary_instrument1_full,primary,1,3,2,development_combined,Arnoldi FPLS,ok,ok,True,6,7,calibrate:008,calibrate,8,207.6999969482422,204.04461070631885,-3.6553862419233383,156
development_repeated_nested_cv,primary_instrument1_full,primary,1,3,2,development_combined,Arnoldi FPLS,ok,ok,True,6,9,calibrate:010,calibrate,10,181.10000610351562,176.9741799173109,-4.125826186204733,156
development_repeated_nested_cv,primary_instrument1_full,primary,1,3,2,development_combined,Arnoldi FPLS,ok,ok,True,6,15,calibrate:016,calibrate,16,173.8000030517578,175.75038052678673,1.9503774750289153,156
development_repeated_nested_cv,primary_instrument1_full,primary,1,3,2,development_combined,Arnoldi FPLS,ok,ok,True,6,17,calibrate:018,calibrate,18,221.89999389648438,220.10911681884875,-1.7908770776356278,156
development_repeated_nested_cv,primary_instrument1_full,primary,1,3,2,development_combined,Arnoldi FPLS,ok,ok,True,6,18,calibrate:019,calibrate,19,159.5,177.18783712591164,17.687837125911642,156
development_repeated_nested_cv,primary_instrument1_full,primary,1,3,2,development_combined,Arnoldi FPLS,ok,ok,True,6,22,calibrate:023,calibrate,23,220.6999969482422,217.43793543178614,-3.2620615164560434,156
development_repeated_nested_cv,primary_instrument1_full,primary,1,3,2,development_combined,Arnoldi FPLS,ok,ok,True,6,23,calibrate:024,calibrate,24,190.1999969482422,188.7790860718029,-1.4209108764392795,156
development_repeated_nested_cv,primary_instrument1_full,primary,1,3,2,development_combined,Arnoldi FPLS,ok,ok,True,6,27,calibrate:028,calibrate,28,175.8000030517578,175.11512696272013,-0.6848760890376866,156
development_repeated_nested_cv,primary_instrument1_full,primary,1,3,2,development_combined,Arnoldi FPLS,ok,ok,True,6,37,calibrate:038,calibrate,38,208.8000030517578,205.24412453558875,-3.5558785161690594,156
development_repeated_nested_cv,primary_instrument1_full,primary,1,3,2,development_combined,Arnoldi FPLS,ok,ok,True,6,48,calibrate:049,calibrate,49,186.3000030517578,187.39860151108562,1.0985984593278033,156
development_repeated_nested_cv,primary_instrument1_full,primary,1,3,2,development_combined,Arnoldi FPLS,ok,ok,True,6,52,calibrate:053,calibrate,53,171.39999389648438,174.89148601934508,3.4914921228607056,156
development_repeated_nested_cv,primary_instrument1_full,primary,1,3,2,development_combined,Arnoldi FPLS,ok,ok,True,6,55,calibrate:056,calibrate,56,157.5,159.18811255549699,1.6881125554969856,156
development_repeated_nested_cv,primary_instrument1_full,primary,1,3,2,development_combined,Arnoldi FPLS,ok,ok,True,6,58,calibrate:059,calibrate,59,155.1999969482422,158.35098603905357,3.150989090811379,156
development_repeated_nested_cv,primary_instrument1_full,primary,1,3,2,development_combined,Arnoldi FPLS,ok,ok,True,6,64,calibrate:065,calibrate,65,158.1999969482422,163.87824792917147,5.678250980929278,156
development_repeated_nested_cv,primary_instrument1_full,primary,1,3,2,development_combined,Arnoldi FPLS,ok,ok,True,6,67,calibrate:068,calibrate,68,179.89999389648438,185.45417732617884,5.554183429694461,156
development_repeated_nested_cv,primary_instrument1_full,primary,1,3,2,development_combined,Arnoldi FPLS,ok,ok,True,6,81,calibrate:082,calibrate,82,216.39999389648438,218.24321828504355,1.8432243885591788,156
development_repeated_nested_cv,primary_instrument1_full,primary,1,3,2,development_combined,Arnoldi FPLS,ok,ok,True,6,82,calibrate:083,calibrate,83,172.39999389648438,176.23248789798032,3.832494001495945,156
development_repeated_nested_cv,primary_instrument1_full,primary,1,3,2,development_combined,Arnoldi FPLS,ok,ok,True,6,88,calibrate:089,calibrate,89,203.60000610351562,205.1053050660452,1.5052989625295652,156
development_repeated_nested_cv,primary_instrument1_full,primary,1,3,2,development_combined,Arnoldi FPLS,ok,ok,True,6,96,calibrate:097,calibrate,97,204.0,203.6170521205156,-0.3829478794843908,156
development_repeated_nested_cv,primary_instrument1_full,primary,1,3,2,development_combined,Arnoldi FPLS,ok,ok,True,6,103,calibrate:104,calibrate,104,184.5,184.65106336890096,0.15106336890096372,156
development_repeated_nested_cv,primary_instrument1_full,primary,1,3,2,development_combined,Arnoldi FPLS,ok,ok,True,6,109,calibrate:110,calibrate,110,231.10000610351562,231.38850104312485,0.28849493960922246,156
development_repeated_nested_cv,primary_instrument1_full,primary,1,3,2,development_combined,Arnoldi FPLS,ok,ok,True,6,111,calibrate:112,calibrate,112,220.0,218.7133837481615,-1.2866162518384954,156
development_repeated_nested_cv,primary_instrument1_full,primary,1,3,2,development_combined,Arnoldi FPLS,ok,ok,True,6,117,calibrate:118,calibrate,118,217.1999969482422,216.78146819664676,-0.41852875159543146,156
development_repeated_nested_cv,primary_instrument1_full,primary,1,3,2,development_combined,Arnoldi FPLS,ok,ok,True,6,121,calibrate:122,calibrate,122,176.89999389648438,156.62279356226043,-20.27720033422395,156
development_repeated_nested_cv,primary_instrument1_full,primary,1,3,2,development_combined,Arnoldi FPLS,ok,ok,True,6,122,calibrate:123,calibrate,123,188.0,188.74016484920776,0.7401648492077584,156
development_repeated_nested_cv,primary_instrument1_full,primary,1,3,2,development_combined,Arnoldi FPLS,ok,ok,True,6,127,calibrate:128,calibrate,128,239.10000610351562,238.74456994684067,-0.3554361566749549,156
development_repeated_nested_cv,primary_instrument1_full,primary,1,3,2,development_combined,Arnoldi FPLS,ok,ok,True,6,136,calibrate:137,calibrate,137,192.60000610351562,179.7242442812071,-12.875761822308533,156
development_repeated_nested_cv,primary_instrument1_full,primary,1,3,2,development_combined,Arnoldi FPLS,ok,ok,True,6,137,calibrate:138,calibrate,138,195.89999389648438,201.95109402564987,6.051100129165491,156
development_repeated_nested_cv,primary_instrument1_full,primary,1,3,2,development_combined,Arnoldi FPLS,ok,ok,True,6,142,calibrate:143,calibrate,143,196.60000610351562,192.41417928776974,-4.185826815745884,156
development_repeated_nested_cv,primary_instrument1_full,primary,1,3,2,development_combined,Arnoldi FPLS,ok,ok,True,6,156,validate:002,validate,2,188.1999969482422,191.02111179628562,2.821114848043436,156
development_repeated_nested_cv,primary_instrument1_full,primary,1,3,2,development_combined,Arnoldi FPLS,ok,ok,True,6,161,validate:007,validate,7,195.89999389648438,192.65666322824376,-3.243330668240617,156
development_repeated_nested_cv,primary_instrument1_full,primary,1,3,2,development_combined,Arnoldi FPLS,ok,ok,True,6,166,validate:012,validate,12,193.8000030517578,187.7525621728985,-6.047440878859305,156
development_repeated_nested_cv,primary_instrument1_full,primary,1,3,2,development_combined,Arnoldi FPLS,ok,ok,True,6,167,validate:013,validate,13,194.5,193.71522579715827,-0.7847742028417315,156
development_repeated_nested_cv,primary_instrument1_full,primary,1,3,2,development_combined,Arnoldi FPLS,ok,ok,True,6,170,validate:016,validate,16,193.60000610351562,191.01232799093123,-2.587678112584399,156
development_repeated_nested_cv,primary_instrument1_full,primary,1,3,2,development_combined,Arnoldi FPLS,ok,ok,True,6,182,validate:028,validate,28,195.0,198.5500956435532,3.550095643553192,156
development_repeated_nested_cv,primary_instrument1_full,primary,1,3,2,development_combined,Arnoldi FPLS,ok,ok,True,6,183,validate:029,validate,29,199.5,195.96181683368212,-3.5381831663178787,156
development_repeated_nested_cv,primary_instrument1_full,primary,1,3,2,development_combined,Arnoldi FPLS,ok,ok,True,6,192,validate:038,validate,38,197.39999389648438,198.4843385686583,1.084344672173927,156
development_repeated_nested_cv,primary_instrument1_full,primary,1,3,2,development_combined,FPCR,ok,ok,True,55,1,calibrate:002,calibrate,2,198.6999969482422,193.53123262877824,-5.168764319463946,156
development_repeated_nested_cv,primary_instrument1_full,primary,1,3,2,development_combined,FPCR,ok,ok,True,55,2,calibrate:003,calibrate,3,201.39999389648438,191.7776790517192,-9.622314844765185,156
development_repeated_nested_cv,primary_instrument1_full,primary,1,3,2,development_combined,FPCR,ok,ok,True,55,7,calibrate:008,calibrate,8,207.6999969482422,204.25030934770967,-3.4496876005325134,156
development_repeated_nested_cv,primary_instrument1_full,primary,1,3,2,development_combined,FPCR,ok,ok,True,55,9,calibrate:010,calibrate,10,181.10000610351562,174.36314112524425,-6.73686497827137,156
development_repeated_nested_cv,primary_instrument1_full,primary,1,3,2,development_combined,FPCR,ok,ok,True,55,15,calibrate:016,calibrate,16,173.8000030517578,171.43275652886769,-2.3672465228901274,156
development_repeated_nested_cv,primary_instrument1_full,primary,1,3,2,development_combined,FPCR,ok,ok,True,55,17,calibrate:018,calibrate,18,221.89999389648438,222.82346586061422,0.9234719641298454,156
development_repeated_nested_cv,primary_instrument1_full,primary,1,3,2,development_combined,FPCR,ok,ok,True,55,18,calibrate:019,calibrate,19,159.5,176.64023486306093,17.140234863060925,156
development_repeated_nested_cv,primary_instrument1_full,primary,1,3,2,development_combined,FPCR,ok,ok,True,55,22,calibrate:023,calibrate,23,220.6999969482422,217.7622673000748,-2.937729648167391,156
development_repeated_nested_cv,primary_instrument1_full,primary,1,3,2,development_combined,FPCR,ok,ok,True,55,23,calibrate:024,calibrate,24,190.1999969482422,192.3883496468945,2.1883526986523236,156
development_repeated_nested_cv,primary_instrument1_full,primary,1,3,2,development_combined,FPCR,ok,ok,True,55,27,calibrate:028,calibrate,28,175.8000030517578,173.87111649310387,-1.928886558653943,156
development_repeated_nested_cv,primary_instrument1_full,primary,1,3,2,development_combined,FPCR,ok,ok,True,55,37,calibrate:038,calibrate,38,208.8000030517578,205.65945700491798,-3.1405460468398303,156
development_repeated_nested_cv,primary_instrument1_full,primary,1,3,2,development_combined,FPCR,ok,ok,True,55,48,calibrate:049,calibrate,49,186.3000030517578,188.0494801980518,1.749477146293998,156
development_repeated_nested_cv,primary_instrument1_full,primary,1,3,2,development_combined,FPCR,ok,ok,True,55,52,calibrate:053,calibrate,53,171.39999389648438,173.94697933436,2.546985437875634,156
development_repeated_nested_cv,primary_instrument1_full,primary,1,3,2,development_combined,FPCR,ok,ok,True,55,55,calibrate:056,calibrate,56,157.5,157.49796346825752,-0.0020365317424761997,156
development_repeated_nested_cv,primary_instrument1_full,primary,1,3,2,development_combined,FPCR,ok,ok,True,55,58,calibrate:059,calibrate,59,155.1999969482422,155.70697410992543,0.5069771616832384,156
development_repeated_nested_cv,primary_instrument1_full,primary,1,3,2,development_combined,FPCR,ok,ok,True,55,64,calibrate:065,calibrate,65,158.1999969482422,160.5631448360821,2.363147887839915,156
development_repeated_nested_cv,primary_instrument1_full,primary,1,3,2,development_combined,FPCR,ok,ok,True,55,67,calibrate:068,calibrate,68,179.89999389648438,184.30583729929828,4.4058434028139,156
development_repeated_nested_cv,primary_instrument1_full,primary,1,3,2,development_combined,FPCR,ok,ok,True,55,81,calibrate:082,calibrate,82,216.39999389648438,217.17575383373705,0.7757599372526727,156
development_repeated_nested_cv,primary_instrument1_full,primary,1,3,2,development_combined,FPCR,ok,ok,True,55,82,calibrate:083,calibrate,83,172.39999389648438,172.77825324655507,0.37825935007069234,156
development_repeated_nested_cv,primary_instrument1_full,primary,1,3,2,development_combined,FPCR,ok,ok,True,55,88,calibrate:089,calibrate,89,203.60000610351562,205.1319959788127,1.5319898752970857,156
development_repeated_nested_cv,primary_instrument1_full,primary,1,3,2,development_combined,FPCR,ok,ok,True,55,96,calibrate:097,calibrate,97,204.0,202.64382251807268,-1.3561774819273182,156
development_repeated_nested_cv,primary_instrument1_full,primary,1,3,2,development_combined,FPCR,ok,ok,True,55,103,calibrate:104,calibrate,104,184.5,183.52305581732887,-0.9769441826711329,156
development_repeated_nested_cv,primary_instrument1_full,primary,1,3,2,development_combined,FPCR,ok,ok,True,55,109,calibrate:110,calibrate,110,231.10000610351562,224.63896712752086,-6.461038975994768,156
development_repeated_nested_cv,primary_instrument1_full,primary,1,3,2,development_combined,FPCR,ok,ok,True,55,111,calibrate:112,calibrate,112,220.0,218.21927117817143,-1.7807288218285748,156
development_repeated_nested_cv,primary_instrument1_full,primary,1,3,2,development_combined,FPCR,ok,ok,True,55,117,calibrate:118,calibrate,118,217.1999969482422,214.51029528589908,-2.6897016623431114,156
development_repeated_nested_cv,primary_instrument1_full,primary,1,3,2,development_combined,FPCR,ok,ok,True,55,121,calibrate:122,calibrate,122,176.89999389648438,154.83586895340045,-22.064124943083925,156
development_repeated_nested_cv,primary_instrument1_full,primary,1,3,2,development_combined,FPCR,ok,ok,True,55,122,calibrate:123,calibrate,123,188.0,195.39454182276947,7.394541822769469,156
development_repeated_nested_cv,primary_instrument1_full,primary,1,3,2,development_combined,FPCR,ok,ok,True,55,127,calibrate:128,calibrate,128,239.10000610351562,237.05728701255646,-2.0427190909591673,156
development_repeated_nested_cv,primary_instrument1_full,primary,1,3,2,development_combined,FPCR,ok,ok,True,55,136,calibrate:137,calibrate,137,192.60000610351562,180.29464865697102,-12.305357446544605,156
development_repeated_nested_cv,primary_instrument1_full,primary,1,3,2,development_combined,FPCR,ok,ok,True,55,137,calibrate:138,calibrate,138,195.89999389648438,197.51041050207965,1.610416605595276,156
development_repeated_nested_cv,primary_instrument1_full,primary,1,3,2,development_combined,FPCR,ok,ok,True,55,142,calibrate:143,calibrate,143,196.60000610351562,195.10356326157645,-1.4964428419391709,156
development_repeated_nested_cv,primary_instrument1_full,primary,1,3,2,development_combined,FPCR,ok,ok,True,55,156,validate:002,validate,2,188.1999969482422,190.85872415286235,2.6587272046201633,156
development_repeated_nested_cv,primary_instrument1_full,primary,1,3,2,development_combined,FPCR,ok,ok,True,55,161,validate:007,validate,7,195.89999389648438,193.46013769581967,-2.439856200664707,156
development_repeated_nested_cv,primary_instrument1_full,primary,1,3,2,development_combined,FPCR,ok,ok,True,55,166,validate:012,validate,12,193.8000030517578,195.68413436968913,1.8841313179313204,156
development_repeated_nested_cv,primary_instrument1_full,primary,1,3,2,development_combined,FPCR,ok,ok,True,55,167,validate:013,validate,13,194.5,194.93633160141272,0.4363316014127179,156
development_repeated_nested_cv,primary_instrument1_full,primary,1,3,2,development_combined,FPCR,ok,ok,True,55,170,validate:016,validate,16,193.60000610351562,188.8451603416027,-4.754845761912918,156
development_repeated_nested_cv,primary_instrument1_full,primary,1,3,2,development_combined,FPCR,ok,ok,True,55,182,validate:028,validate,28,195.0,195.43153029517583,0.43153029517583263,156
development_repeated_nested_cv,primary_instrument1_full,primary,1,3,2,development_combined,FPCR,ok,ok,True,55,183,validate:029,validate,29,199.5,194.52700522024162,-4.9729947797583804,156
development_repeated_nested_cv,primary_instrument1_full,primary,1,3,2,development_combined,FPCR,ok,ok,True,55,192,validate:038,validate,38,197.39999389648438,197.5726270035171,0.1726331070327376,156
development_repeated_nested_cv,primary_instrument1_full,primary,1,3,3,development_combined,CG-FPLS-code,ok,ok,True,3,3,calibrate:004,calibrate,4,199.89999389648438,196.47921833292864,-3.420775563555736,156
development_repeated_nested_cv,primary_instrument1_full,primary,1,3,3,development_combined,CG-FPLS-code,ok,ok,True,3,10,calibrate:011,calibrate,11,221.8000030517578,220.4946929134167,-1.305310138341099,156
development_repeated_nested_cv,primary_instrument1_full,primary,1,3,3,development_combined,CG-FPLS-code,ok,ok,True,3,14,calibrate:015,calibrate,15,220.10000610351562,220.2594919540528,0.15948585053718034,156
development_repeated_nested_cv,primary_instrument1_full,primary,1,3,3,development_combined,CG-FPLS-code,ok,ok,True,3,20,calibrate:021,calibrate,21,183.1999969482422,181.18974532175912,-2.0102516264830683,156
development_repeated_nested_cv,primary_instrument1_full,primary,1,3,3,development_combined,CG-FPLS-code,ok,ok,True,3,24,calibrate:025,calibrate,25,177.1999969482422,176.21668510340277,-0.9833118448394202,156
development_repeated_nested_cv,primary_instrument1_full,primary,1,3,3,development_combined,CG-FPLS-code,ok,ok,True,3,28,calibrate:029,calibrate,29,222.5,215.1572009565154,-7.342799043484604,156
development_repeated_nested_cv,primary_instrument1_full,primary,1,3,3,development_combined,CG-FPLS-code,ok,ok,True,3,29,calibrate:030,calibrate,30,236.39999389648438,236.22870998731423,-0.17128390917014258,156
development_repeated_nested_cv,primary_instrument1_full,primary,1,3,3,development_combined,CG-FPLS-code,ok,ok,True,3,32,calibrate:033,calibrate,33,183.0,187.55979756345224,4.559797563452236,156
development_repeated_nested_cv,primary_instrument1_full,primary,1,3,3,development_combined,CG-FPLS-code,ok,ok,True,3,34,calibrate:035,calibrate,35,218.0,213.99466189922833,-4.005338100771667,156
development_repeated_nested_cv,primary_instrument1_full,primary,1,3,3,development_combined,CG-FPLS-code,ok,ok,True,3,46,calibrate:047,calibrate,47,158.0,166.60004403277924,8.600044032779238,156
development_repeated_nested_cv,primary_instrument1_full,primary,1,3,3,development_combined,CG-FPLS-code,ok,ok,True,3,47,calibrate:048,calibrate,48,156.8000030517578,162.76254551484212,5.962542463084304,156
development_repeated_nested_cv,primary_instrument1_full,primary,1,3,3,development_combined,CG-FPLS-code,ok,ok,True,3,50,calibrate:051,calibrate,51,188.3000030517578,187.65027309120904,-0.6497299605487683,156
development_repeated_nested_cv,primary_instrument1_full,primary,1,3,3,development_combined,CG-FPLS-code,ok,ok,True,3,54,calibrate:055,calibrate,55,188.10000610351562,184.41613057693402,-3.683875526581602,156
development_repeated_nested_cv,primary_instrument1_full,primary,1,3,3,development_combined,CG-FPLS-code,ok,ok,True,3,59,calibrate:060,calibrate,60,172.3000030517578,181.05169234240205,8.751689290644237,156
development_repeated_nested_cv,primary_instrument1_full,primary,1,3,3,development_combined,CG-FPLS-code,ok,ok,True,3,61,calibrate:062,calibrate,62,176.6999969482422,179.09764429599835,2.3976473477561626,156
development_repeated_nested_cv,primary_instrument1_full,primary,1,3,3,development_combined,CG-FPLS-code,ok,ok,True,3,65,calibrate:066,calibrate,66,160.39999389648438,160.8451479100318,0.44515401354743744,156
development_repeated_nested_cv,primary_instrument1_full,primary,1,3,3,development_combined,CG-FPLS-code,ok,ok,True,3,73,calibrate:074,calibrate,74,213.8000030517578,215.77028975460433,1.970286702846522,156
development_repeated_nested_cv,primary_instrument1_full,primary,1,3,3,development_combined,CG-FPLS-code,ok,ok,True,3,78,calibrate:079,calibrate,79,215.1999969482422,220.65386806085567,5.453871112613484,156
development_repeated_nested_cv,primary_instrument1_full,primary,1,3,3,development_combined,CG-FPLS-code,ok,ok,True,3,87,calibrate:088,calibrate,88,173.60000610351562,182.47444913594643,8.874443032430804,156
development_repeated_nested_cv,primary_instrument1_full,primary,1,3,3,development_combined,CG-FPLS-code,ok,ok,True,3,92,calibrate:093,calibrate,93,203.89999389648438,209.4109575140603,5.510963617575925,156
development_repeated_nested_cv,primary_instrument1_full,primary,1,3,3,development_combined,CG-FPLS-code,ok,ok,True,3,93,calibrate:094,calibrate,94,172.39999389648438,182.07089472076703,9.670900824282654,156
development_repeated_nested_cv,primary_instrument1_full,primary,1,3,3,development_combined,CG-FPLS-code,ok,ok,True,3,101,calibrate:102,calibrate,102,203.6999969482422,204.75487462098772,1.0548776727455333,156
development_repeated_nested_cv,primary_instrument1_full,primary,1,3,3,development_combined,CG-FPLS-code,ok,ok,True,3,125,calibrate:126,calibrate,126,181.0,164.59477068958648,-16.405229310413517,156
development_repeated_nested_cv,primary_instrument1_full,primary,1,3,3,development_combined,CG-FPLS-code,ok,ok,True,3,128,calibrate:129,calibrate,129,231.10000610351562,222.12514935662537,-8.974856746890254,156
development_repeated_nested_cv,primary_instrument1_full,primary,1,3,3,development_combined,CG-FPLS-code,ok,ok,True,3,129,calibrate:130,calibrate,130,154.60000610351562,166.71241629775642,12.112410194240795,156
development_repeated_nested_cv,primary_instrument1_full,primary,1,3,3,development_combined,CG-FPLS-code,ok,ok,True,3,131,calibrate:132,calibrate,132,206.3000030517578,203.14769495303634,-3.152308098721477,156
development_repeated_nested_cv,primary_instrument1_full,primary,1,3,3,development_combined,CG-FPLS-code,ok,ok,True,3,132,calibrate:133,calibrate,133,186.6999969482422,194.94753263298693,8.247535684744747,156
development_repeated_nested_cv,primary_instrument1_full,primary,1,3,3,development_combined,CG-FPLS-code,ok,ok,True,3,133,calibrate:134,calibrate,134,192.8000030517578,189.01871832964747,-3.7812847221103425,156
development_repeated_nested_cv,primary_instrument1_full,primary,1,3,3,development_combined,CG-FPLS-code,ok,ok,True,3,140,calibrate:141,calibrate,141,197.1999969482422,189.29360084628587,-7.906396101956318,156
development_repeated_nested_cv,primary_instrument1_full,primary,1,3,3,development_combined,CG-FPLS-code,ok,ok,True,3,143,calibrate:144,calibrate,144,194.60000610351562,188.23144399083574,-6.368562112679882,156
development_repeated_nested_cv,primary_instrument1_full,primary,1,3,3,development_combined,CG-FPLS-code,ok,ok,True,3,151,calibrate:152,calibrate,152,201.39999389648438,190.54604576943294,-10.853948127051439,156
development_repeated_nested_cv,primary_instrument1_full,primary,1,3,3,development_combined,CG-FPLS-code,ok,ok,True,3,168,validate:014,validate,14,197.5,198.57022390274605,1.0702239027460507,156
development_repeated_nested_cv,primary_instrument1_full,primary,1,3,3,development_combined,CG-FPLS-code,ok,ok,True,3,171,validate:017,validate,17,194.6999969482422,197.8533621801819,3.1533652319397163,156
development_repeated_nested_cv,primary_instrument1_full,primary,1,3,3,development_combined,CG-FPLS-code,ok,ok,True,3,173,validate:019,validate,19,191.8000030517578,197.5862686756966,5.786265623938789,156
development_repeated_nested_cv,primary_instrument1_full,primary,1,3,3,development_combined,CG-FPLS-code,ok,ok,True,3,174,validate:020,validate,20,196.3000030517578,194.69483460455146,-1.6051684472063528,156
development_repeated_nested_cv,primary_instrument1_full,primary,1,3,3,development_combined,CG-FPLS-code,ok,ok,True,3,175,validate:021,validate,21,195.10000610351562,195.2380609279386,0.1380548244229658,156
development_repeated_nested_cv,primary_instrument1_full,primary,1,3,3,development_combined,CG-FPLS-code,ok,ok,True,3,176,validate:022,validate,22,194.0,196.38613777521476,2.3861377752147632,156
development_repeated_nested_cv,primary_instrument1_full,primary,1,3,3,development_combined,CG-FPLS-code,ok,ok,True,3,178,validate:024,validate,24,193.60000610351562,202.2022254420715,8.60221933855587,156
development_repeated_nested_cv,primary_instrument1_full,primary,1,3,3,development_combined,CG-FPLS-code,ok,ok,True,3,189,validate:035,validate,35,196.6999969482422,196.46576109926508,-0.23423584897710725,156
development_repeated_nested_cv,primary_instrument1_full,primary,1,3,3,development_combined,Raw FPLS,ok,ok,True,30,3,calibrate:004,calibrate,4,199.89999389648438,190.9656770565921,-8.934316839892261,156
development_repeated_nested_cv,primary_instrument1_full,primary,1,3,3,development_combined,Raw FPLS,ok,ok,True,30,10,calibrate:011,calibrate,11,221.8000030517578,218.224777784119,-3.575225267638814,156
development_repeated_nested_cv,primary_instrument1_full,primary,1,3,3,development_combined,Raw FPLS,ok,ok,True,30,14,calibrate:015,calibrate,15,220.10000610351562,217.93801393847755,-2.161992165038072,156
development_repeated_nested_cv,primary_instrument1_full,primary,1,3,3,development_combined,Raw FPLS,ok,ok,True,30,20,calibrate:021,calibrate,21,183.1999969482422,184.85900555073252,1.6590086024903314,156
development_repeated_nested_cv,primary_instrument1_full,primary,1,3,3,development_combined,Raw FPLS,ok,ok,True,30,24,calibrate:025,calibrate,25,177.1999969482422,176.25321051494723,-0.9467864332949603,156
development_repeated_nested_cv,primary_instrument1_full,primary,1,3,3,development_combined,Raw FPLS,ok,ok,True,30,28,calibrate:029,calibrate,29,222.5,219.26518292008862,-3.2348170799113802,156
development_repeated_nested_cv,primary_instrument1_full,primary,1,3,3,development_combined,Raw FPLS,ok,ok,True,30,29,calibrate:030,calibrate,30,236.39999389648438,238.87820990735642,2.478216010872046,156
development_repeated_nested_cv,primary_instrument1_full,primary,1,3,3,development_combined,Raw FPLS,ok,ok,True,30,32,calibrate:033,calibrate,33,183.0,187.12918430703206,4.129184307032062,156
development_repeated_nested_cv,primary_instrument1_full,primary,1,3,3,development_combined,Raw FPLS,ok,ok,True,30,34,calibrate:035,calibrate,35,218.0,217.92145210135865,-0.07854789864134659,156
development_repeated_nested_cv,primary_instrument1_full,primary,1,3,3,development_combined,Raw FPLS,ok,ok,True,30,46,calibrate:047,calibrate,47,158.0,159.09072353112376,1.090723531123757,156
development_repeated_nested_cv,primary_instrument1_full,primary,1,3,3,development_combined,Raw FPLS,ok,ok,True,30,47,calibrate:048,calibrate,48,156.8000030517578,158.01157991610728,1.2115768643494675,156
development_repeated_nested_cv,primary_instrument1_full,primary,1,3,3,development_combined,Raw FPLS,ok,ok,True,30,50,calibrate:051,calibrate,51,188.3000030517578,186.36982423124454,-1.9301788205132766,156
development_repeated_nested_cv,primary_instrument1_full,primary,1,3,3,development_combined,Raw FPLS,ok,ok,True,30,54,calibrate:055,calibrate,55,188.10000610351562,184.6045538616104,-3.4954522419052125,156
development_repeated_nested_cv,primary_instrument1_full,primary,1,3,3,development_combined,Raw FPLS,ok,ok,True,30,59,calibrate:060,calibrate,60,172.3000030517578,174.4180539729719,2.118050921214092,156
development_repeated_nested_cv,primary_instrument1_full,primary,1,3,3,development_combined,Raw FPLS,ok,ok,True,30,61,calibrate:062,calibrate,62,176.6999969482422,177.47544382448814,0.775446876245951,156
development_repeated_nested_cv,primary_instrument1_full,primary,1,3,3,development_combined,Raw FPLS,ok,ok,True,30,65,calibrate:066,calibrate,66,160.39999389648438,159.26668595300214,-1.1333079434822366,156
development_repeated_nested_cv,primary_instrument1_full,primary,1,3,3,development_combined,Raw FPLS,ok,ok,True,30,73,calibrate:074,calibrate,74,213.8000030517578,213.1404029288942,-0.6596001228636226,156
development_repeated_nested_cv,primary_instrument1_full,primary,1,3,3,development_combined,Raw FPLS,ok,ok,True,30,78,calibrate:079,calibrate,79,215.1999969482422,219.20921549056436,4.009218542322174,156
development_repeated_nested_cv,primary_instrument1_full,primary,1,3,3,development_combined,Raw FPLS,ok,ok,True,30,87,calibrate:088,calibrate,88,173.60000610351562,174.24057365825607,0.6405675547404428,156
development_repeated_nested_cv,primary_instrument1_full,primary,1,3,3,development_combined,Raw FPLS,ok,ok,True,30,92,calibrate:093,calibrate,93,203.89999389648438,206.2975559704575,2.39756207397312,156
development_repeated_nested_cv,primary_instrument1_full,primary,1,3,3,development_combined,Raw FPLS,ok,ok,True,30,93,calibrate:094,calibrate,94,172.39999389648438,175.3866639112495,2.9866700147651386,156
development_repeated_nested_cv,primary_instrument1_full,primary,1,3,3,development_combined,Raw FPLS,ok,ok,True,30,101,calibrate:102,calibrate,102,203.6999969482422,207.32171864115753,3.6217216929153437,156
development_repeated_nested_cv,primary_instrument1_full,primary,1,3,3,development_combined,Raw FPLS,ok,ok,True,30,125,calibrate:126,calibrate,126,181.0,159.56933264482387,-21.430667355176126,156
development_repeated_nested_cv,primary_instrument1_full,primary,1,3,3,development_combined,Raw FPLS,ok,ok,True,30,128,calibrate:129,calibrate,129,231.10000610351562,227.2292170984593,-3.870789005056338,156
development_repeated_nested_cv,primary_instrument1_full,primary,1,3,3,development_combined,Raw FPLS,ok,ok,True,30,129,calibrate:130,calibrate,130,154.60000610351562,160.76384154615897,6.163835442643347,156
development_repeated_nested_cv,primary_instrument1_full,primary,1,3,3,development_combined,Raw FPLS,ok,ok,True,30,131,calibrate:132,calibrate,132,206.3000030517578,205.11559108776515,-1.184411963992659,156
development_repeated_nested_cv,primary_instrument1_full,primary,1,3,3,development_combined,Raw FPLS,ok,ok,True,30,132,calibrate:133,calibrate,133,186.6999969482422,190.11377019050028,3.413773242258088,156
development_repeated_nested_cv,primary_instrument1_full,primary,1,3,3,development_combined,Raw FPLS,ok,ok,True,30,133,calibrate:134,calibrate,134,192.8000030517578,193.4921190136105,0.6921159618526929,156
development_repeated_nested_cv,primary_instrument1_full,primary,1,3,3,development_combined,Raw FPLS,ok,ok,True,30,140,calibrate:141,calibrate,141,197.1999969482422,191.43443654150343,-5.765560406738757,156
development_repeated_nested_cv,primary_instrument1_full,primary,1,3,3,development_combined,Raw FPLS,ok,ok,True,30,143,calibrate:144,calibrate,144,194.60000610351562,189.2021937907634,-5.397812312752222,156
development_repeated_nested_cv,primary_instrument1_full,primary,1,3,3,development_combined,Raw FPLS,ok,ok,True,30,151,calibrate:152,calibrate,152,201.39999389648438,194.29110334638884,-7.108890550095538,156
development_repeated_nested_cv,primary_instrument1_full,primary,1,3,3,development_combined,Raw FPLS,ok,ok,True,30,168,validate:014,validate,14,197.5,192.99829044876665,-4.501709551233347,156
development_repeated_nested_cv,primary_instrument1_full,primary,1,3,3,development_combined,Raw FPLS,ok,ok,True,30,171,validate:017,validate,17,194.6999969482422,193.17866465558595,-1.5213322926562398,156
development_repeated_nested_cv,primary_instrument1_full,primary,1,3,3,development_combined,Raw FPLS,ok,ok,True,30,173,validate:019,validate,19,191.8000030517578,190.78252793000922,-1.0174751217485891,156
development_repeated_nested_cv,primary_instrument1_full,primary,1,3,3,development_combined,Raw FPLS,ok,ok,True,30,174,validate:020,validate,20,196.3000030517578,190.56105033784957,-5.7389527139082475,156
development_repeated_nested_cv,primary_instrument1_full,primary,1,3,3,development_combined,Raw FPLS,ok,ok,True,30,175,validate:021,validate,21,195.10000610351562,200.2872816476684,5.187275544152783,156
development_repeated_nested_cv,primary_instrument1_full,primary,1,3,3,development_combined,Raw FPLS,ok,ok,True,30,176,validate:022,validate,22,194.0,198.24003541438964,4.240035414389638,156
development_repeated_nested_cv,primary_instrument1_full,primary,1,3,3,development_combined,Raw FPLS,ok,ok,True,30,178,validate:024,validate,24,193.60000610351562,197.68407437424045,4.084068270724828,156
development_repeated_nested_cv,primary_instrument1_full,primary,1,3,3,development_combined,Raw FPLS,ok,ok,True,30,189,validate:035,validate,35,196.6999969482422,199.79848019563107,3.0984832473888844,156
development_repeated_nested_cv,primary_instrument1_full,primary,1,3,3,development_combined,Arnoldi FPLS,ok,ok,True,5,3,calibrate:004,calibrate,4,199.89999389648438,190.97490347345595,-8.925090423028422,156
development_repeated_nested_cv,primary_instrument1_full,primary,1,3,3,development_combined,Arnoldi FPLS,ok,ok,True,5,10,calibrate:011,calibrate,11,221.8000030517578,218.23162322953155,-3.5683798222262624,156
development_repeated_nested_cv,primary_instrument1_full,primary,1,3,3,development_combined,Arnoldi FPLS,ok,ok,True,5,14,calibrate:015,calibrate,15,220.10000610351562,217.9449351640823,-2.1550709394333296,156
development_repeated_nested_cv,primary_instrument1_full,primary,1,3,3,development_combined,Arnoldi FPLS,ok,ok,True,5,20,calibrate:021,calibrate,21,183.1999969482422,184.83299564761518,1.6329986993729904,156
development_repeated_nested_cv,primary_instrument1_full,primary,1,3,3,development_combined,Arnoldi FPLS,ok,ok,True,5,24,calibrate:025,calibrate,25,177.1999969482422,176.2449032013469,-0.9550937468953009,156
development_repeated_nested_cv,primary_instrument1_full,primary,1,3,3,development_combined,Arnoldi FPLS,ok,ok,True,5,28,calibrate:029,calibrate,29,222.5,219.24999514646808,-3.2500048535319195,156
development_repeated_nested_cv,primary_instrument1_full,primary,1,3,3,development_combined,Arnoldi FPLS,ok,ok,True,5,29,calibrate:030,calibrate,30,236.39999389648438,238.87553365204178,2.4755397555574064,156
development_repeated_nested_cv,primary_instrument1_full,primary,1,3,3,development_combined,Arnoldi FPLS,ok,ok,True,5,32,calibrate:033,calibrate,33,183.0,187.1149004234671,4.114900423467105,156
development_repeated_nested_cv,primary_instrument1_full,primary,1,3,3,development_combined,Arnoldi FPLS,ok,ok,True,5,34,calibrate:035,calibrate,35,218.0,217.90671423265277,-0.0932857673472256,156
development_repeated_nested_cv,primary_instrument1_full,primary,1,3,3,development_combined,Arnoldi FPLS,ok,ok,True,5,46,calibrate:047,calibrate,47,158.0,159.11695798151533,1.116957981515327,156
development_repeated_nested_cv,primary_instrument1_full,primary,1,3,3,development_combined,Arnoldi FPLS,ok,ok,True,5,47,calibrate:048,calibrate,48,156.8000030517578,158.03536372774698,1.2353606759891704,156
development_repeated_nested_cv,primary_instrument1_full,primary,1,3,3,development_combined,Arnoldi FPLS,ok,ok,True,5,50,calibrate:051,calibrate,51,188.3000030517578,186.37997285604422,-1.9200301957135935,156
development_repeated_nested_cv,primary_instrument1_full,primary,1,3,3,development_combined,Arnoldi FPLS,ok,ok,True,5,54,calibrate:055,calibrate,55,188.10000610351562,184.6234687529725,-3.4765373505431114,156
development_repeated_nested_cv,primary_instrument1_full,primary,1,3,3,development_combined,Arnoldi FPLS,ok,ok,True,5,59,calibrate:060,calibrate,60,172.3000030517578,174.43748756862706,2.1374845168692502,156
development_repeated_nested_cv,primary_instrument1_full,primary,1,3,3,development_combined,Arnoldi FPLS,ok,ok,True,5,61,calibrate:062,calibrate,62,176.6999969482422,177.48565981713938,0.785662868897191,156
development_repeated_nested_cv,primary_instrument1_full,primary,1,3,3,development_combined,Arnoldi FPLS,ok,ok,True,5,65,calibrate:066,calibrate,66,160.39999389648438,159.2993357895812,-1.1006581069031824,156
development_repeated_nested_cv,primary_instrument1_full,primary,1,3,3,development_combined,Arnoldi FPLS,ok,ok,True,5,73,calibrate:074,calibrate,74,213.8000030517578,213.1560883838323,-0.6439146679255146,156
development_repeated_nested_cv,primary_instrument1_full,primary,1,3,3,development_combined,Arnoldi FPLS,ok,ok,True,5,78,calibrate:079,calibrate,79,215.1999969482422,219.20862293981318,4.0086259915709945,156
development_repeated_nested_cv,primary_instrument1_full,primary,1,3,3,development_combined,Arnoldi FPLS,ok,ok,True,5,87,calibrate:088,calibrate,88,173.60000610351562,174.2489823677893,0.6489762642736707,156
development_repeated_nested_cv,primary_instrument1_full,primary,1,3,3,development_combined,Arnoldi FPLS,ok,ok,True,5,92,calibrate:093,calibrate,93,203.89999389648438,206.3073553092889,2.4073614128045335,156
development_repeated_nested_cv,primary_instrument1_full,primary,1,3,3,development_combined,Arnoldi FPLS,ok,ok,True,5,93,calibrate:094,calibrate,94,172.39999389648438,175.3977377639418,2.997743867457416,156
development_repeated_nested_cv,primary_instrument1_full,primary,1,3,3,development_combined,Arnoldi FPLS,ok,ok,True,5,101,calibrate:102,calibrate,102,203.6999969482422,207.2998757738441,3.5998788256019054,156
development_repeated_nested_cv,primary_instrument1_full,primary,1,3,3,development_combined,Arnoldi FPLS,ok,ok,True,5,125,calibrate:126,calibrate,126,181.0,159.55704509603635,-21.442954903963653,156
development_repeated_nested_cv,primary_instrument1_full,primary,1,3,3,development_combined,Arnoldi FPLS,ok,ok,True,5,128,calibrate:129,calibrate,129,231.10000610351562,227.23820105139427,-3.8618050521213547,156
development_repeated_nested_cv,primary_instrument1_full,primary,1,3,3,development_combined,Arnoldi FPLS,ok,ok,True,5,129,calibrate:130,calibrate,130,154.60000610351562,160.7542010619086,6.154194958392964,156
development_repeated_nested_cv,primary_instrument1_full,primary,1,3,3,development_combined,Arnoldi FPLS,ok,ok,True,5,131,calibrate:132,calibrate,132,206.3000030517578,205.09323723582304,-1.206765815934773,156
development_repeated_nested_cv,primary_instrument1_full,primary,1,3,3,development_combined,Arnoldi FPLS,ok,ok,True,5,132,calibrate:133,calibrate,133,186.6999969482422,190.11485987557347,3.414862927331285,156
development_repeated_nested_cv,primary_instrument1_full,primary,1,3,3,development_combined,Arnoldi FPLS,ok,ok,True,5,133,calibrate:134,calibrate,134,192.8000030517578,193.49513427848913,0.6951312267313199,156
development_repeated_nested_cv,primary_instrument1_full,primary,1,3,3,development_combined,Arnoldi FPLS,ok,ok,True,5,140,calibrate:141,calibrate,141,197.1999969482422,191.41603118804022,-5.783965760201966,156
development_repeated_nested_cv,primary_instrument1_full,primary,1,3,3,development_combined,Arnoldi FPLS,ok,ok,True,5,143,calibrate:144,calibrate,144,194.60000610351562,189.18310577074152,-5.416900332774105,156
development_repeated_nested_cv,primary_instrument1_full,primary,1,3,3,development_combined,Arnoldi FPLS,ok,ok,True,5,151,calibrate:152,calibrate,152,201.39999389648438,194.29923268166584,-7.100761214818533,156
development_repeated_nested_cv,primary_instrument1_full,primary,1,3,3,development_combined,Arnoldi FPLS,ok,ok,True,5,168,validate:014,validate,14,197.5,193.0095493414812,-4.490450658518796,156
development_repeated_nested_cv,primary_instrument1_full,primary,1,3,3,development_combined,Arnoldi FPLS,ok,ok,True,5,171,validate:017,validate,17,194.6999969482422,193.18216634141754,-1.5178306068246457,156
development_repeated_nested_cv,primary_instrument1_full,primary,1,3,3,development_combined,Arnoldi FPLS,ok,ok,True,5,173,validate:019,validate,19,191.8000030517578,190.7909859371083,-1.0090171146495095,156
development_repeated_nested_cv,primary_instrument1_full,primary,1,3,3,development_combined,Arnoldi FPLS,ok,ok,True,5,174,validate:020,validate,20,196.3000030517578,190.5787961789643,-5.721206872793516,156
development_repeated_nested_cv,primary_instrument1_full,primary,1,3,3,development_combined,Arnoldi FPLS,ok,ok,True,5,175,validate:021,validate,21,195.10000610351562,200.26368146630043,5.163675362784801,156
development_repeated_nested_cv,primary_instrument1_full,primary,1,3,3,development_combined,Arnoldi FPLS,ok,ok,True,5,176,validate:022,validate,22,194.0,198.26118356330613,4.261183563306133,156
development_repeated_nested_cv,primary_instrument1_full,primary,1,3,3,development_combined,Arnoldi FPLS,ok,ok,True,5,178,validate:024,validate,24,193.60000610351562,197.6769431875855,4.076937084069868,156
development_repeated_nested_cv,primary_instrument1_full,primary,1,3,3,development_combined,Arnoldi FPLS,ok,ok,True,5,189,validate:035,validate,35,196.6999969482422,199.78625588332227,3.0862589350800818,156
development_repeated_nested_cv,primary_instrument1_full,primary,1,3,3,development_combined,FPCR,ok,ok,True,35,3,calibrate:004,calibrate,4,199.89999389648438,192.51889026057682,-7.38110363590755,156
development_repeated_nested_cv,primary_instrument1_full,primary,1,3,3,development_combined,FPCR,ok,ok,True,35,10,calibrate:011,calibrate,11,221.8000030517578,216.84096551597082,-4.95903753578699,156
development_repeated_nested_cv,primary_instrument1_full,primary,1,3,3,development_combined,FPCR,ok,ok,True,35,14,calibrate:015,calibrate,15,220.10000610351562,215.69520025023422,-4.4048058532814025,156
development_repeated_nested_cv,primary_instrument1_full,primary,1,3,3,development_combined,FPCR,ok,ok,True,35,20,calibrate:021,calibrate,21,183.1999969482422,182.93529576742665,-0.2647011808155355,156
development_repeated_nested_cv,primary_instrument1_full,primary,1,3,3,development_combined,FPCR,ok,ok,True,35,24,calibrate:025,calibrate,25,177.1999969482422,178.249664545023,1.0496675967808073,156
development_repeated_nested_cv,primary_instrument1_full,primary,1,3,3,development_combined,FPCR,ok,ok,True,35,28,calibrate:029,calibrate,29,222.5,220.49429755005005,-2.0057024499499505,156
development_repeated_nested_cv,primary_instrument1_full,primary,1,3,3,development_combined,FPCR,ok,ok,True,35,29,calibrate:030,calibrate,30,236.39999389648438,235.34372082138827,-1.056273075096101,156
development_repeated_nested_cv,primary_instrument1_full,primary,1,3,3,development_combined,FPCR,ok,ok,True,35,32,calibrate:033,calibrate,33,183.0,188.8276774603346,5.827677460334598,156
development_repeated_nested_cv,primary_instrument1_full,primary,1,3,3,development_combined,FPCR,ok,ok,True,35,34,calibrate:035,calibrate,35,218.0,217.3742551992055,-0.6257448007945072,156
development_repeated_nested_cv,primary_instrument1_full,primary,1,3,3,development_combined,FPCR,ok,ok,True,35,46,calibrate:047,calibrate,47,158.0,161.74925122842353,3.7492512284235318,156
development_repeated_nested_cv,primary_instrument1_full,primary,1,3,3,development_combined,FPCR,ok,ok,True,35,47,calibrate:048,calibrate,48,156.8000030517578,161.05173826032325,4.251735208565435,156
development_repeated_nested_cv,primary_instrument1_full,primary,1,3,3,development_combined,FPCR,ok,ok,True,35,50,calibrate:051,calibrate,51,188.3000030517578,185.97433644104316,-2.3256666107146486,156
development_repeated_nested_cv,primary_instrument1_full,primary,1,3,3,development_combined,FPCR,ok,ok,True,35,54,calibrate:055,calibrate,55,188.10000610351562,183.10173424725951,-4.99827185625611,156
development_repeated_nested_cv,primary_instrument1_full,primary,1,3,3,development_combined,FPCR,ok,ok,True,35,59,calibrate:060,calibrate,60,172.3000030517578,180.25465564256206,7.954652590804244,156
development_repeated_nested_cv,primary_instrument1_full,primary,1,3,3,development_combined,FPCR,ok,ok,True,35,61,calibrate:062,calibrate,62,176.6999969482422,178.07976033837465,1.3797633901324673,156
development_repeated_nested_cv,primary_instrument1_full,primary,1,3,3,development_combined,FPCR,ok,ok,True,35,65,calibrate:066,calibrate,66,160.39999389648438,161.2050070722464,0.8050131757620136,156
development_repeated_nested_cv,primary_instrument1_full,primary,1,3,3,development_combined,FPCR,ok,ok,True,35,73,calibrate:074,calibrate,74,213.8000030517578,216.3902192735087,2.590216221750893,156
development_repeated_nested_cv,primary_instrument1_full,primary,1,3,3,development_combined,FPCR,ok,ok,True,35,78,calibrate:079,calibrate,79,215.1999969482422,217.97094548285645,2.770948534614263,156
development_repeated_nested_cv,primary_instrument1_full,primary,1,3,3,development_combined,FPCR,ok,ok,True,35,87,calibrate:088,calibrate,88,173.60000610351562,172.02217491543658,-1.5778311880790454,156
development_repeated_nested_cv,primary_instrument1_full,primary,1,3,3,development_combined,FPCR,ok,ok,True,35,92,calibrate:093,calibrate,93,203.89999389648438,209.1607859129686,5.260792016484231,156
development_repeated_nested_cv,primary_instrument1_full,primary,1,3,3,development_combined,FPCR,ok,ok,True,35,93,calibrate:094,calibrate,94,172.39999389648438,173.66982153332754,1.2698276368431607,156
development_repeated_nested_cv,primary_instrument1_full,primary,1,3,3,development_combined,FPCR,ok,ok,True,35,101,calibrate:102,calibrate,102,203.6999969482422,204.83042658402832,1.130429635786129,156
development_repeated_nested_cv,primary_instrument1_full,primary,1,3,3,development_combined,FPCR,ok,ok,True,35,125,calibrate:126,calibrate,126,181.0,155.78034468837615,-25.219655311623853,156
development_repeated_nested_cv,primary_instrument1_full,primary,1,3,3,development_combined,FPCR,ok,ok,True,35,128,calibrate:129,calibrate,129,231.10000610351562,232.92978202646603,1.8297759229504038,156
development_repeated_nested_cv,primary_instrument1_full,primary,1,3,3,development_combined,FPCR,ok,ok,True,35,129,calibrate:130,calibrate,130,154.60000610351562,156.81081496485848,2.210808861342855,156
development_repeated_nested_cv,primary_instrument1_full,primary,1,3,3,development_combined,FPCR,ok,ok,True,35,131,calibrate:132,calibrate,132,206.3000030517578,199.53199624160513,-6.768006810152684,156
development_repeated_nested_cv,primary_instrument1_full,primary,1,3,3,development_combined,FPCR,ok,ok,True,35,132,calibrate:133,calibrate,133,186.6999969482422,191.79195677897818,5.091959830735988,156
development_repeated_nested_cv,primary_instrument1_full,primary,1,3,3,development_combined,FPCR,ok,ok,True,35,133,calibrate:134,calibrate,134,192.8000030517578,198.30205738699019,5.502054335232373,156
development_repeated_nested_cv,primary_instrument1_full,primary,1,3,3,development_combined,FPCR,ok,ok,True,35,140,calibrate:141,calibrate,141,197.1999969482422,190.60325569737108,-6.596741250871105,156
development_repeated_nested_cv,primary_instrument1_full,primary,1,3,3,development_combined,FPCR,ok,ok,True,35,143,calibrate:144,calibrate,144,194.60000610351562,189.41355911944507,-5.186446984070557,156
development_repeated_nested_cv,primary_instrument1_full,primary,1,3,3,development_combined,FPCR,ok,ok,True,35,151,calibrate:152,calibrate,152,201.39999389648438,193.71085208705068,-7.689141809433693,156
development_repeated_nested_cv,primary_instrument1_full,primary,1,3,3,development_combined,FPCR,ok,ok,True,35,168,validate:014,validate,14,197.5,192.5476255688314,-4.952374431168607,156
development_repeated_nested_cv,primary_instrument1_full,primary,1,3,3,development_combined,FPCR,ok,ok,True,35,171,validate:017,validate,17,194.6999969482422,192.10865318983042,-2.5913437584117673,156
development_repeated_nested_cv,primary_instrument1_full,primary,1,3,3,development_combined,FPCR,ok,ok,True,35,173,validate:019,validate,19,191.8000030517578,192.4899833912779,0.6899803395200763,156
development_repeated_nested_cv,primary_instrument1_full,primary,1,3,3,development_combined,FPCR,ok,ok,True,35,174,validate:020,validate,20,196.3000030517578,193.32736105830602,-2.972641993451788,156
development_repeated_nested_cv,primary_instrument1_full,primary,1,3,3,development_combined,FPCR,ok,ok,True,35,175,validate:021,validate,21,195.10000610351562,196.82733881904122,1.7273327155255913,156
development_repeated_nested_cv,primary_instrument1_full,primary,1,3,3,development_combined,FPCR,ok,ok,True,35,176,validate:022,validate,22,194.0,196.44044041507323,2.440440415073226,156
development_repeated_nested_cv,primary_instrument1_full,primary,1,3,3,development_combined,FPCR,ok,ok,True,35,178,validate:024,validate,24,193.60000610351562,192.47495013917,-1.12505596434562,156
development_repeated_nested_cv,primary_instrument1_full,primary,1,3,3,development_combined,FPCR,ok,ok,True,35,189,validate:035,validate,35,196.6999969482422,197.55635943476128,0.8563624865190889,156
development_repeated_nested_cv,primary_instrument1_full,primary,1,3,4,development_combined,CG-FPLS-code,ok,ok,True,3,8,calibrate:009,calibrate,9,184.89999389648438,188.1200670701287,3.220073173644323,156
development_repeated_nested_cv,primary_instrument1_full,primary,1,3,4,development_combined,CG-FPLS-code,ok,ok,True,3,12,calibrate:013,calibrate,13,176.3000030517578,180.58567650390302,4.285673452145204,156
development_repeated_nested_cv,primary_instrument1_full,primary,1,3,4,development_combined,CG-FPLS-code,ok,ok,True,3,25,calibrate:026,calibrate,26,214.3000030517578,216.73533589802386,2.43533284626605,156
development_repeated_nested_cv,primary_instrument1_full,primary,1,3,4,development_combined,CG-FPLS-code,ok,ok,True,3,30,calibrate:031,calibrate,31,184.1999969482422,184.82120490998128,0.6212079617390884,156
development_repeated_nested_cv,primary_instrument1_full,primary,1,3,4,development_combined,CG-FPLS-code,ok,ok,True,3,31,calibrate:032,calibrate,32,158.8000030517578,160.5740535817639,1.7740505300060931,156
development_repeated_nested_cv,primary_instrument1_full,primary,1,3,4,development_combined,CG-FPLS-code,ok,ok,True,3,38,calibrate:039,calibrate,39,214.10000610351562,224.19837505382748,10.098368950311851,156
development_repeated_nested_cv,primary_instrument1_full,primary,1,3,4,development_combined,CG-FPLS-code,ok,ok,True,3,39,calibrate:040,calibrate,40,174.10000610351562,176.89580489759047,2.795798794074841,156
development_repeated_nested_cv,primary_instrument1_full,primary,1,3,4,development_combined,CG-FPLS-code,ok,ok,True,3,43,calibrate:044,calibrate,44,186.89999389648438,186.13123945226187,-0.7687544442225089,156
development_repeated_nested_cv,primary_instrument1_full,primary,1,3,4,development_combined,CG-FPLS-code,ok,ok,True,3,44,calibrate:045,calibrate,45,181.10000610351562,186.38380489659713,5.283798793081502,156
development_repeated_nested_cv,primary_instrument1_full,primary,1,3,4,development_combined,CG-FPLS-code,ok,ok,True,3,49,calibrate:050,calibrate,50,220.5,220.7530997082704,0.25309970827041184,156
development_repeated_nested_cv,primary_instrument1_full,primary,1,3,4,development_combined,CG-FPLS-code,ok,ok,True,3,51,calibrate:052,calibrate,52,231.89999389648438,226.8910795293595,-5.0089143671248735,156
development_repeated_nested_cv,primary_instrument1_full,primary,1,3,4,development_combined,CG-FPLS-code,ok,ok,True,3,56,calibrate:057,calibrate,57,222.3000030517578,221.20179338987774,-1.0982096618800767,156
development_repeated_nested_cv,primary_instrument1_full,primary,1,3,4,development_combined,CG-FPLS-code,ok,ok,True,3,60,calibrate:061,calibrate,61,176.89999389648438,175.73440847190696,-1.165585424577415,156
development_repeated_nested_cv,primary_instrument1_full,primary,1,3,4,development_combined,CG-FPLS-code,ok,ok,True,3,63,calibrate:064,calibrate,64,156.1999969482422,161.14936007463993,4.949363126397742,156
development_repeated_nested_cv,primary_instrument1_full,primary,1,3,4,development_combined,CG-FPLS-code,ok,ok,True,3,70,calibrate:071,calibrate,71,218.8000030517578,221.171907599493,2.3719045477351983,156
development_repeated_nested_cv,primary_instrument1_full,primary,1,3,4,development_combined,CG-FPLS-code,ok,ok,True,3,71,calibrate:072,calibrate,72,201.8000030517578,206.89079873399353,5.090795682235722,156
development_repeated_nested_cv,primary_instrument1_full,primary,1,3,4,development_combined,CG-FPLS-code,ok,ok,True,3,79,calibrate:080,calibrate,80,208.39999389648438,204.54497572309543,-3.8550181733889417,156
development_repeated_nested_cv,primary_instrument1_full,primary,1,3,4,development_combined,CG-FPLS-code,ok,ok,True,3,83,calibrate:084,calibrate,84,205.39999389648438,201.05060843164802,-4.3493854648363595,156
development_repeated_nested_cv,primary_instrument1_full,primary,1,3,4,development_combined,CG-FPLS-code,ok,ok,True,3,95,calibrate:096,calibrate,96,171.60000610351562,174.71069077624205,3.1106846727264212,156
development_repeated_nested_cv,primary_instrument1_full,primary,1,3,4,development_combined,CG-FPLS-code,ok,ok,True,3,105,calibrate:106,calibrate,106,160.39999389648438,157.6783294434245,-2.721664453059873,156
development_repeated_nested_cv,primary_instrument1_full,primary,1,3,4,development_combined,CG-FPLS-code,ok,ok,True,3,110,calibrate:111,calibrate,111,217.0,220.01272424197768,3.012724241977679,156
development_repeated_nested_cv,primary_instrument1_full,primary,1,3,4,development_combined,CG-FPLS-code,ok,ok,True,3,113,calibrate:114,calibrate,114,172.89999389648438,175.38243927073515,2.482445374250773,156
development_repeated_nested_cv,primary_instrument1_full,primary,1,3,4,development_combined,CG-FPLS-code,ok,ok,True,3,114,calibrate:115,calibrate,115,180.5,176.43985321707729,-4.060146782922715,156
development_repeated_nested_cv,primary_instrument1_full,primary,1,3,4,development_combined,CG-FPLS-code,ok,ok,True,3,116,calibrate:117,calibrate,117,224.3000030517578,217.4635778078239,-6.836425243933917,156
development_repeated_nested_cv,primary_instrument1_full,primary,1,3,4,development_combined,CG-FPLS-code,ok,ok,True,3,120,calibrate:121,calibrate,121,155.10000610351562,161.34466114065197,6.24465503713634,156
development_repeated_nested_cv,primary_instrument1_full,primary,1,3,4,development_combined,CG-FPLS-code,ok,ok,True,3,139,calibrate:140,calibrate,140,193.3000030517578,198.2478921682703,4.947889116512499,156
development_repeated_nested_cv,primary_instrument1_full,primary,1,3,4,development_combined,CG-FPLS-code,ok,ok,True,3,145,calibrate:146,calibrate,146,191.0,193.83550903949185,2.8355090394918534,156
development_repeated_nested_cv,primary_instrument1_full,primary,1,3,4,development_combined,CG-FPLS-code,ok,ok,True,3,146,calibrate:147,calibrate,147,198.60000610351562,188.28725151115623,-10.312754592359397,156
development_repeated_nested_cv,primary_instrument1_full,primary,1,3,4,development_combined,CG-FPLS-code,ok,ok,True,3,150,calibrate:151,calibrate,151,200.0,193.54752843580874,-6.4524715641912564,156
development_repeated_nested_cv,primary_instrument1_full,primary,1,3,4,development_combined,CG-FPLS-code,ok,ok,True,3,153,calibrate:154,calibrate,154,201.5,188.99261252929827,-12.50738747070173,156
development_repeated_nested_cv,primary_instrument1_full,primary,1,3,4,development_combined,CG-FPLS-code,ok,ok,True,3,154,calibrate:155,calibrate,155,195.3000030517578,188.95302772539588,-6.346975326361928,156
development_repeated_nested_cv,primary_instrument1_full,primary,1,3,4,development_combined,CG-FPLS-code,ok,ok,True,3,155,validate:001,validate,1,189.0,192.94230215184328,3.942302151843279,156
development_repeated_nested_cv,primary_instrument1_full,primary,1,3,4,development_combined,CG-FPLS-code,ok,ok,True,3,159,validate:005,validate,5,195.1999969482422,197.5654050305471,2.365408082304924,156
development_repeated_nested_cv,primary_instrument1_full,primary,1,3,4,development_combined,CG-FPLS-code,ok,ok,True,3,163,validate:009,validate,9,195.8000030517578,192.9569216408285,-2.843081410929301,156
development_repeated_nested_cv,primary_instrument1_full,primary,1,3,4,development_combined,CG-FPLS-code,ok,ok,True,3,177,validate:023,validate,23,194.5,200.38181773435323,5.881817734353234,156
development_repeated_nested_cv,primary_instrument1_full,primary,1,3,4,development_combined,CG-FPLS-code,ok,ok,True,3,180,validate:026,validate,26,193.39999389648438,200.71033910240612,7.310345205921749,156
development_repeated_nested_cv,primary_instrument1_full,primary,1,3,4,development_combined,CG-FPLS-code,ok,ok,True,3,187,validate:033,validate,33,194.1999969482422,198.60710832259412,4.407111374351928,156
development_repeated_nested_cv,primary_instrument1_full,primary,1,3,4,development_combined,CG-FPLS-code,ok,ok,True,3,191,validate:037,validate,37,197.0,197.26503212883173,0.2650321288317343,156
development_repeated_nested_cv,primary_instrument1_full,primary,1,3,4,development_combined,CG-FPLS-code,ok,ok,True,3,194,validate:040,validate,40,197.5,196.6209400897521,-0.8790599102478893,156
development_repeated_nested_cv,primary_instrument1_full,primary,1,3,4,development_combined,Raw FPLS,ok,ok,True,17,8,calibrate:009,calibrate,9,184.89999389648438,188.59857513063997,3.698581234155597,156
development_repeated_nested_cv,primary_instrument1_full,primary,1,3,4,development_combined,Raw FPLS,ok,ok,True,17,12,calibrate:013,calibrate,13,176.3000030517578,178.57471148487397,2.2747084331161602,156
development_repeated_nested_cv,primary_instrument1_full,primary,1,3,4,development_combined,Raw FPLS,ok,ok,True,17,25,calibrate:026,calibrate,26,214.3000030517578,217.8766175738002,3.5766145220423766,156
development_repeated_nested_cv,primary_instrument1_full,primary,1,3,4,development_combined,Raw FPLS,ok,ok,True,17,30,calibrate:031,calibrate,31,184.1999969482422,186.5799885789168,2.379991630674624,156
development_repeated_nested_cv,primary_instrument1_full,primary,1,3,4,development_combined,Raw FPLS,ok,ok,True,17,31,calibrate:032,calibrate,32,158.8000030517578,159.61027597609745,0.8102729243396425,156
development_repeated_nested_cv,primary_instrument1_full,primary,1,3,4,development_combined,Raw FPLS,ok,ok,True,17,38,calibrate:039,calibrate,39,214.10000610351562,225.9807009879819,11.880694884466266,156
development_repeated_nested_cv,primary_instrument1_full,primary,1,3,4,development_combined,Raw FPLS,ok,ok,True,17,39,calibrate:040,calibrate,40,174.10000610351562,176.32253234440248,2.2225262408868502,156
development_repeated_nested_cv,primary_instrument1_full,primary,1,3,4,development_combined,Raw FPLS,ok,ok,True,17,43,calibrate:044,calibrate,44,186.89999389648438,186.78793383581126,-0.11206006067311591,156
development_repeated_nested_cv,primary_instrument1_full,primary,1,3,4,development_combined,Raw FPLS,ok,ok,True,17,44,calibrate:045,calibrate,45,181.10000610351562,189.1267336228139,8.026727519298277,156
development_repeated_nested_cv,primary_instrument1_full,primary,1,3,4,development_combined,Raw FPLS,ok,ok,True,17,49,calibrate:050,calibrate,50,220.5,218.6055534533325,-1.8944465466674956,156
development_repeated_nested_cv,primary_instrument1_full,primary,1,3,4,development_combined,Raw FPLS,ok,ok,True,17,51,calibrate:052,calibrate,52,231.89999389648438,230.33789752155937,-1.5620963749250052,156
development_repeated_nested_cv,primary_instrument1_full,primary,1,3,4,development_combined,Raw FPLS,ok,ok,True,17,56,calibrate:057,calibrate,57,222.3000030517578,220.63987425296378,-1.6601287987940339,156
development_repeated_nested_cv,primary_instrument1_full,primary,1,3,4,development_combined,Raw FPLS,ok,ok,True,17,60,calibrate:061,calibrate,61,176.89999389648438,176.15899133361557,-0.7410025628688004,156
development_repeated_nested_cv,primary_instrument1_full,primary,1,3,4,development_combined,Raw FPLS,ok,ok,True,17,63,calibrate:064,calibrate,64,156.1999969482422,160.90327869620995,4.703281747967765,156
development_repeated_nested_cv,primary_instrument1_full,primary,1,3,4,development_combined,Raw FPLS,ok,ok,True,17,70,calibrate:071,calibrate,71,218.8000030517578,219.16433230926557,0.36432925750776235,156
development_repeated_nested_cv,primary_instrument1_full,primary,1,3,4,development_combined,Raw FPLS,ok,ok,True,17,71,calibrate:072,calibrate,72,201.8000030517578,205.1433188911994,3.343315839441601,156
development_repeated_nested_cv,primary_instrument1_full,primary,1,3,4,development_combined,Raw FPLS,ok,ok,True,17,79,calibrate:080,calibrate,80,208.39999389648438,203.35431859588812,-5.045675300596258,156
development_repeated_nested_cv,primary_instrument1_full,primary,1,3,4,development_combined,Raw FPLS,ok,ok,True,17,83,calibrate:084,calibrate,84,205.39999389648438,201.41234779408106,-3.9876461024033176,156
development_repeated_nested_cv,primary_instrument1_full,primary,1,3,4,development_combined,Raw FPLS,ok,ok,True,17,95,calibrate:096,calibrate,96,171.60000610351562,171.8081408288072,0.20813472529158616,156
development_repeated_nested_cv,primary_instrument1_full,primary,1,3,4,development_combined,Raw FPLS,ok,ok,True,17,105,calibrate:106,calibrate,106,160.39999389648438,160.53034103729289,0.13034714080851018,156
development_repeated_nested_cv,primary_instrument1_full,primary,1,3,4,development_combined,Raw FPLS,ok,ok,True,17,110,calibrate:111,calibrate,111,217.0,218.6418978746686,1.6418978746685866,156
development_repeated_nested_cv,primary_instrument1_full,primary,1,3,4,development_combined,Raw FPLS,ok,ok,True,17,113,calibrate:114,calibrate,114,172.89999389648438,175.70263812865426,2.8026442321698823,156
development_repeated_nested_cv,primary_instrument1_full,primary,1,3,4,development_combined,Raw FPLS,ok,ok,True,17,114,calibrate:115,calibrate,115,180.5,175.59099113392324,-4.909008866076761,156
development_repeated_nested_cv,primary_instrument1_full,primary,1,3,4,development_combined,Raw FPLS,ok,ok,True,17,116,calibrate:117,calibrate,117,224.3000030517578,215.51532924752033,-8.784673804237485,156
development_repeated_nested_cv,primary_instrument1_full,primary,1,3,4,development_combined,Raw FPLS,ok,ok,True,17,120,calibrate:121,calibrate,121,155.10000610351562,163.24954364440316,8.149537540887536,156
development_repeated_nested_cv,primary_instrument1_full,primary,1,3,4,development_combined,Raw FPLS,ok,ok,True,17,139,calibrate:140,calibrate,140,193.3000030517578,196.56080125024698,3.2607981984891694,156
development_repeated_nested_cv,primary_instrument1_full,primary,1,3,4,development_combined,Raw FPLS,ok,ok,True,17,145,calibrate:146,calibrate,146,191.0,191.0688028368719,0.06880283687189603,156
development_repeated_nested_cv,primary_instrument1_full,primary,1,3,4,development_combined,Raw FPLS,ok,ok,True,17,146,calibrate:147,calibrate,147,198.60000610351562,188.9048424424948,-9.695163661020814,156
development_repeated_nested_cv,primary_instrument1_full,primary,1,3,4,development_combined,Raw FPLS,ok,ok,True,17,150,calibrate:151,calibrate,151,200.0,196.58517465330155,-3.41482534669845,156
development_repeated_nested_cv,primary_instrument1_full,primary,1,3,4,development_combined,Raw FPLS,ok,ok,True,17,153,calibrate:154,calibrate,154,201.5,191.92183840253955,-9.57816159746045,156
development_repeated_nested_cv,primary_instrument1_full,primary,1,3,4,development_combined,Raw FPLS,ok,ok,True,17,154,calibrate:155,calibrate,155,195.3000030517578,191.91503713983494,-3.384965911922876,156
development_repeated_nested_cv,primary_instrument1_full,primary,1,3,4,development_combined,Raw FPLS,ok,ok,True,17,155,validate:001,validate,1,189.0,191.25676006769638,2.2567600676963764,156
development_repeated_nested_cv,primary_instrument1_full,primary,1,3,4,development_combined,Raw FPLS,ok,ok,True,17,159,validate:005,validate,5,195.1999969482422,195.37037099069738,0.17037404245519383,156
development_repeated_nested_cv,primary_instrument1_full,primary,1,3,4,development_combined,Raw FPLS,ok,ok,True,17,163,validate:009,validate,9,195.8000030517578,194.78241205716432,-1.0175909945934904,156
development_repeated_nested_cv,primary_instrument1_full,primary,1,3,4,development_combined,Raw FPLS,ok,ok,True,17,177,validate:023,validate,23,194.5,199.96497941545402,5.4649794154540245,156
development_repeated_nested_cv,primary_instrument1_full,primary,1,3,4,development_combined,Raw FPLS,ok,ok,True,17,180,validate:026,validate,26,193.39999389648438,198.9115659748287,5.511572078344329,156
development_repeated_nested_cv,primary_instrument1_full,primary,1,3,4,development_combined,Raw FPLS,ok,ok,True,17,187,validate:033,validate,33,194.1999969482422,199.3123522499668,5.1123553017246195,156
development_repeated_nested_cv,primary_instrument1_full,primary,1,3,4,development_combined,Raw FPLS,ok,ok,True,17,191,validate:037,validate,37,197.0,200.96664139673052,3.966641396730523,156
development_repeated_nested_cv,primary_instrument1_full,primary,1,3,4,development_combined,Raw FPLS,ok,ok,True,17,194,validate:040,validate,40,197.5,201.58334054933283,4.083340549332831,156
development_repeated_nested_cv,primary_instrument1_full,primary,1,3,4,development_combined,Arnoldi FPLS,ok,ok,True,4,8,calibrate:009,calibrate,9,184.89999389648438,187.79904027341186,2.899046376927487,156
development_repeated_nested_cv,primary_instrument1_full,primary,1,3,4,development_combined,Arnoldi FPLS,ok,ok,True,4,12,calibrate:013,calibrate,13,176.3000030517578,178.7012764534666,2.401273401708778,156
development_repeated_nested_cv,primary_instrument1_full,primary,1,3,4,development_combined,Arnoldi FPLS,ok,ok,True,4,25,calibrate:026,calibrate,26,214.3000030517578,217.2208466667013,2.920843614943493,156
development_repeated_nested_cv,primary_instrument1_full,primary,1,3,4,development_combined,Arnoldi FPLS,ok,ok,True,4,30,calibrate:031,calibrate,31,184.1999969482422,187.04376851407363,2.843771565831446,156
development_repeated_nested_cv,primary_instrument1_full,primary,1,3,4,development_combined,Arnoldi FPLS,ok,ok,True,4,31,calibrate:032,calibrate,32,158.8000030517578,160.07632428674884,1.2763212349910305,156
development_repeated_nested_cv,primary_instrument1_full,primary,1,3,4,development_combined,Arnoldi FPLS,ok,ok,True,4,38,calibrate:039,calibrate,39,214.10000610351562,224.63525738082166,10.535251277306031,156
development_repeated_nested_cv,primary_instrument1_full,primary,1,3,4,development_combined,Arnoldi FPLS,ok,ok,True,4,39,calibrate:040,calibrate,40,174.10000610351562,176.7608533614402,2.660847257924587,156
development_repeated_nested_cv,primary_instrument1_full,primary,1,3,4,development_combined,Arnoldi FPLS,ok,ok,True,4,43,calibrate:044,calibrate,44,186.89999389648438,187.23367409580555,0.3336801993211793,156
development_repeated_nested_cv,primary_instrument1_full,primary,1,3,4,development_combined,Arnoldi FPLS,ok,ok,True,4,44,calibrate:045,calibrate,45,181.10000610351562,188.36292073238533,7.262914628869709,156
development_repeated_nested_cv,primary_instrument1_full,primary,1,3,4,development_combined,Arnoldi FPLS,ok,ok,True,4,49,calibrate:050,calibrate,50,220.5,218.27112337111106,-2.2288766288889406,156
development_repeated_nested_cv,primary_instrument1_full,primary,1,3,4,development_combined,Arnoldi FPLS,ok,ok,True,4,51,calibrate:052,calibrate,52,231.89999389648438,231.01447736948518,-0.8855165269991971,156
development_repeated_nested_cv,primary_instrument1_full,primary,1,3,4,development_combined,Arnoldi FPLS,ok,ok,True,4,56,calibrate:057,calibrate,57,222.3000030517578,220.17012823609844,-2.1298748156593774,156
development_repeated_nested_cv,primary_instrument1_full,primary,1,3,4,development_combined,Arnoldi FPLS,ok,ok,True,4,60,calibrate:061,calibrate,61,176.89999389648438,176.5814241592036,-0.3185697372807681,156
development_repeated_nested_cv,primary_instrument1_full,primary,1,3,4,development_combined,Arnoldi FPLS,ok,ok,True,4,63,calibrate:064,calibrate,64,156.1999969482422,161.18657856648588,4.98658161824369,156
development_repeated_nested_cv,primary_instrument1_full,primary,1,3,4,development_combined,Arnoldi FPLS,ok,ok,True,4,70,calibrate:071,calibrate,71,218.8000030517578,218.76093474410436,-0.039068307653451484,156
development_repeated_nested_cv,primary_instrument1_full,primary,1,3,4,development_combined,Arnoldi FPLS,ok,ok,True,4,71,calibrate:072,calibrate,72,201.8000030517578,205.08294398449905,3.2829409327412407,156
development_repeated_nested_cv,primary_instrument1_full,primary,1,3,4,development_combined,Arnoldi FPLS,ok,ok,True,4,79,calibrate:080,calibrate,80,208.39999389648438,203.1069283622145,-5.293065534269886,156
development_repeated_nested_cv,primary_instrument1_full,primary,1,3,4,development_combined,Arnoldi FPLS,ok,ok,True,4,83,calibrate:084,calibrate,84,205.39999389648438,201.88480128039646,-3.5151926160879157,156
development_repeated_nested_cv,primary_instrument1_full,primary,1,3,4,development_combined,Arnoldi FPLS,ok,ok,True,4,95,calibrate:096,calibrate,96,171.60000610351562,171.53510502127554,-0.06490108224008395,156
development_repeated_nested_cv,primary_instrument1_full,primary,1,3,4,development_combined,Arnoldi FPLS,ok,ok,True,4,105,calibrate:106,calibrate,106,160.39999389648438,159.64606888728258,-0.7539250092017937,156
development_repeated_nested_cv,primary_instrument1_full,primary,1,3,4,development_combined,Arnoldi FPLS,ok,ok,True,4,110,calibrate:111,calibrate,111,217.0,218.49941412742442,1.4994141274244157,156
development_repeated_nested_cv,primary_instrument1_full,primary,1,3,4,development_combined,Arnoldi FPLS,ok,ok,True,4,113,calibrate:114,calibrate,114,172.89999389648438,176.2275952352212,3.3276013387368266,156
development_repeated_nested_cv,primary_instrument1_full,primary,1,3,4,development_combined,Arnoldi FPLS,ok,ok,True,4,114,calibrate:115,calibrate,115,180.5,175.86305300501786,-4.636946994982139,156
development_repeated_nested_cv,primary_instrument1_full,primary,1,3,4,development_combined,Arnoldi FPLS,ok,ok,True,4,116,calibrate:117,calibrate,117,224.3000030517578,215.58202850661542,-8.717974545142397,156
development_repeated_nested_cv,primary_instrument1_full,primary,1,3,4,development_combined,Arnoldi FPLS,ok,ok,True,4,120,calibrate:121,calibrate,121,155.10000610351562,162.61192567726118,7.511919573745558,156
development_repeated_nested_cv,primary_instrument1_full,primary,1,3,4,development_combined,Arnoldi FPLS,ok,ok,True,4,139,calibrate:140,calibrate,140,193.3000030517578,196.53229065076434,3.2322875990065256,156
development_repeated_nested_cv,primary_instrument1_full,primary,1,3,4,development_combined,Arnoldi FPLS,ok,ok,True,4,145,calibrate:146,calibrate,146,191.0,190.99472167880919,-0.00527832119081495,156
development_repeated_nested_cv,primary_instrument1_full,primary,1,3,4,development_combined,Arnoldi FPLS,ok,ok,True,4,146,calibrate:147,calibrate,147,198.60000610351562,188.1968055996084,-10.403200503907215,156
development_repeated_nested_cv,primary_instrument1_full,primary,1,3,4,development_combined,Arnoldi FPLS,ok,ok,True,4,150,calibrate:151,calibrate,151,200.0,196.00247586614668,-3.997524133853318,156
development_repeated_nested_cv,primary_instrument1_full,primary,1,3,4,development_combined,Arnoldi FPLS,ok,ok,True,4,153,calibrate:154,calibrate,154,201.5,191.29627582975277,-10.203724170247227,156
development_repeated_nested_cv,primary_instrument1_full,primary,1,3,4,development_combined,Arnoldi FPLS,ok,ok,True,4,154,calibrate:155,calibrate,155,195.3000030517578,191.3282798219481,-3.971723229809726,156
development_repeated_nested_cv,primary_instrument1_full,primary,1,3,4,development_combined,Arnoldi FPLS,ok,ok,True,4,155,validate:001,validate,1,189.0,191.22064053434926,2.2206405343492577,156
development_repeated_nested_cv,primary_instrument1_full,primary,1,3,4,development_combined,Arnoldi FPLS,ok,ok,True,4,159,validate:005,validate,5,195.1999969482422,195.33693890229458,0.1369419540523893,156
development_repeated_nested_cv,primary_instrument1_full,primary,1,3,4,development_combined,Arnoldi FPLS,ok,ok,True,4,163,validate:009,validate,9,195.8000030517578,194.57912137787696,-1.2208816738808537,156
development_repeated_nested_cv,primary_instrument1_full,primary,1,3,4,development_combined,Arnoldi FPLS,ok,ok,True,4,177,validate:023,validate,23,194.5,200.05930692908572,5.5593069290857215,156
development_repeated_nested_cv,primary_instrument1_full,primary,1,3,4,development_combined,Arnoldi FPLS,ok,ok,True,4,180,validate:026,validate,26,193.39999389648438,199.04505027764324,5.6450563811588665,156
development_repeated_nested_cv,primary_instrument1_full,primary,1,3,4,development_combined,Arnoldi FPLS,ok,ok,True,4,187,validate:033,validate,33,194.1999969482422,199.60661850012232,5.406621551880136,156
development_repeated_nested_cv,primary_instrument1_full,primary,1,3,4,development_combined,Arnoldi FPLS,ok,ok,True,4,191,validate:037,validate,37,197.0,200.28460086767785,3.2846008676778524,156
development_repeated_nested_cv,primary_instrument1_full,primary,1,3,4,development_combined,Arnoldi FPLS,ok,ok,True,4,194,validate:040,validate,40,197.5,200.5237326201314,3.0237326201313977,156
development_repeated_nested_cv,primary_instrument1_full,primary,1,3,4,development_combined,FPCR,ok,ok,True,19,8,calibrate:009,calibrate,9,184.89999389648438,186.2346851403763,1.334691243891939,156
development_repeated_nested_cv,primary_instrument1_full,primary,1,3,4,development_combined,FPCR,ok,ok,True,19,12,calibrate:013,calibrate,13,176.3000030517578,178.83960677216584,2.5396037204080244,156
development_repeated_nested_cv,primary_instrument1_full,primary,1,3,4,development_combined,FPCR,ok,ok,True,19,25,calibrate:026,calibrate,26,214.3000030517578,215.46809011314525,1.168087061387439,156
development_repeated_nested_cv,primary_instrument1_full,primary,1,3,4,development_combined,FPCR,ok,ok,True,19,30,calibrate:031,calibrate,31,184.1999969482422,188.3795043541241,4.179507405881907,156
development_repeated_nested_cv,primary_instrument1_full,primary,1,3,4,development_combined,FPCR,ok,ok,True,19,31,calibrate:032,calibrate,32,158.8000030517578,161.62205321023157,2.8220501584737576,156
development_repeated_nested_cv,primary_instrument1_full,primary,1,3,4,development_combined,FPCR,ok,ok,True,19,38,calibrate:039,calibrate,39,214.10000610351562,216.675628518973,2.5756224154573886,156
development_repeated_nested_cv,primary_instrument1_full,primary,1,3,4,development_combined,FPCR,ok,ok,True,19,39,calibrate:040,calibrate,40,174.10000610351562,175.9128796383078,1.8128735347921747,156
development_repeated_nested_cv,primary_instrument1_full,primary,1,3,4,development_combined,FPCR,ok,ok,True,19,43,calibrate:044,calibrate,44,186.89999389648438,188.03279547765123,1.1328015811668593,156
development_repeated_nested_cv,primary_instrument1_full,primary,1,3,4,development_combined,FPCR,ok,ok,True,19,44,calibrate:045,calibrate,45,181.10000610351562,186.92486128794206,5.82485518442644,156
development_repeated_nested_cv,primary_instrument1_full,primary,1,3,4,development_combined,FPCR,ok,ok,True,19,49,calibrate:050,calibrate,50,220.5,217.75756092245686,-2.742439077543139,156
development_repeated_nested_cv,primary_instrument1_full,primary,1,3,4,development_combined,FPCR,ok,ok,True,19,51,calibrate:052,calibrate,52,231.89999389648438,232.28282823595663,0.38283433947225376,156
development_repeated_nested_cv,primary_instrument1_full,primary,1,3,4,development_combined,FPCR,ok,ok,True,19,56,calibrate:057,calibrate,57,222.3000030517578,219.87857288144903,-2.4214301703087813,156
development_repeated_nested_cv,primary_instrument1_full,primary,1,3,4,development_combined,FPCR,ok,ok,True,19,60,calibrate:061,calibrate,61,176.89999389648438,176.10239027848186,-0.7976036180025119,156
development_repeated_nested_cv,primary_instrument1_full,primary,1,3,4,development_combined,FPCR,ok,ok,True,19,63,calibrate:064,calibrate,64,156.1999969482422,160.2553894384786,4.0553924902364145,156
development_repeated_nested_cv,primary_instrument1_full,primary,1,3,4,development_combined,FPCR,ok,ok,True,19,70,calibrate:071,calibrate,71,218.8000030517578,219.6446514557407,0.8446484039828874,156
development_repeated_nested_cv,primary_instrument1_full,primary,1,3,4,development_combined,FPCR,ok,ok,True,19,71,calibrate:072,calibrate,72,201.8000030517578,204.23857067357034,2.438567621812524,156
development_repeated_nested_cv,primary_instrument1_full,primary,1,3,4,development_combined,FPCR,ok,ok,True,19,79,calibrate:080,calibrate,80,208.39999389648438,202.54415445325762,-5.855839443226756,156
development_repeated_nested_cv,primary_instrument1_full,primary,1,3,4,development_combined,FPCR,ok,ok,True,19,83,calibrate:084,calibrate,84,205.39999389648438,202.0042180914042,-3.395775805080177,156
development_repeated_nested_cv,primary_instrument1_full,primary,1,3,4,development_combined,FPCR,ok,ok,True,19,95,calibrate:096,calibrate,96,171.60000610351562,171.5342762451721,-0.06572985834353062,156
development_repeated_nested_cv,primary_instrument1_full,primary,1,3,4,development_combined,FPCR,ok,ok,True,19,105,calibrate:106,calibrate,106,160.39999389648438,157.8733711441231,-2.526622752361277,156
development_repeated_nested_cv,primary_instrument1_full,primary,1,3,4,development_combined,FPCR,ok,ok,True,19,110,calibrate:111,calibrate,111,217.0,219.2776235323812,2.277623532381199,156
development_repeated_nested_cv,primary_instrument1_full,primary,1,3,4,development_combined,FPCR,ok,ok,True,19,113,calibrate:114,calibrate,114,172.89999389648438,176.97843385211198,4.078439955627601,156
development_repeated_nested_cv,primary_instrument1_full,primary,1,3,4,development_combined,FPCR,ok,ok,True,19,114,calibrate:115,calibrate,115,180.5,175.6666043855058,-4.833395614494208,156
development_repeated_nested_cv,primary_instrument1_full,primary,1,3,4,development_combined,FPCR,ok,ok,True,19,116,calibrate:117,calibrate,117,224.3000030517578,217.81918220411055,-6.480820847647266,156
development_repeated_nested_cv,primary_instrument1_full,primary,1,3,4,development_combined,FPCR,ok,ok,True,19,120,calibrate:121,calibrate,121,155.10000610351562,159.91623870579556,4.816232602279939,156
development_repeated_nested_cv,primary_instrument1_full,primary,1,3,4,development_combined,FPCR,ok,ok,True,19,139,calibrate:140,calibrate,140,193.3000030517578,196.3328178406212,3.0328147888633907,156
development_repeated_nested_cv,primary_instrument1_full,primary,1,3,4,development_combined,FPCR,ok,ok,True,19,145,calibrate:146,calibrate,146,191.0,190.35577567009489,-0.6442243299051142,156
development_repeated_nested_cv,primary_instrument1_full,primary,1,3,4,development_combined,FPCR,ok,ok,True,19,146,calibrate:147,calibrate,147,198.60000610351562,184.75869327396285,-13.841312829552777,156
development_repeated_nested_cv,primary_instrument1_full,primary,1,3,4,development_combined,FPCR,ok,ok,True,19,150,calibrate:151,calibrate,151,200.0,195.7663892470351,-4.233610752964893,156
development_repeated_nested_cv,primary_instrument1_full,primary,1,3,4,development_combined,FPCR,ok,ok,True,19,153,calibrate:154,calibrate,154,201.5,191.76488957433241,-9.735110425667585,156
development_repeated_nested_cv,primary_instrument1_full,primary,1,3,4,development_combined,FPCR,ok,ok,True,19,154,calibrate:155,calibrate,155,195.3000030517578,191.6410468332023,-3.6589562185555167,156
development_repeated_nested_cv,primary_instrument1_full,primary,1,3,4,development_combined,FPCR,ok,ok,True,19,155,validate:001,validate,1,189.0,191.7592653199853,2.759265319985303,156
development_repeated_nested_cv,primary_instrument1_full,primary,1,3,4,development_combined,FPCR,ok,ok,True,19,159,validate:005,validate,5,195.1999969482422,193.64938740073487,-1.550609547507321,156
development_repeated_nested_cv,primary_instrument1_full,primary,1,3,4,development_combined,FPCR,ok,ok,True,19,163,validate:009,validate,9,195.8000030517578,193.08630610437623,-2.713696947381578,156
development_repeated_nested_cv,primary_instrument1_full,primary,1,3,4,development_combined,FPCR,ok,ok,True,19,177,validate:023,validate,23,194.5,198.97711566254782,4.477115662547817,156
development_repeated_nested_cv,primary_instrument1_full,primary,1,3,4,development_combined,FPCR,ok,ok,True,19,180,validate:026,validate,26,193.39999389648438,199.91057734374243,6.510583447258057,156
development_repeated_nested_cv,primary_instrument1_full,primary,1,3,4,development_combined,FPCR,ok,ok,True,19,187,validate:033,validate,33,194.1999969482422,198.7045634440016,4.504566495759406,156
development_repeated_nested_cv,primary_instrument1_full,primary,1,3,4,development_combined,FPCR,ok,ok,True,19,191,validate:037,validate,37,197.0,200.51327041564653,3.513270415646531,156
development_repeated_nested_cv,primary_instrument1_full,primary,1,3,4,development_combined,FPCR,ok,ok,True,19,194,validate:040,validate,40,197.5,195.03155157257754,-2.4684484274224587,156
development_repeated_nested_cv,primary_instrument1_full,primary,1,3,5,development_combined,CG-FPLS-code,ok,ok,True,3,0,calibrate:001,calibrate,1,200.10000610351562,188.16022784230964,-11.939778261205987,156
development_repeated_nested_cv,primary_instrument1_full,primary,1,3,5,development_combined,CG-FPLS-code,ok,ok,True,3,5,calibrate:006,calibrate,6,198.3000030517578,193.1931157592718,-5.106887292486022,156
development_repeated_nested_cv,primary_instrument1_full,primary,1,3,5,development_combined,CG-FPLS-code,ok,ok,True,3,11,calibrate:012,calibrate,12,162.0,161.9002239727031,-0.0997760272969117,156
development_repeated_nested_cv,primary_instrument1_full,primary,1,3,5,development_combined,CG-FPLS-code,ok,ok,True,3,16,calibrate:017,calibrate,17,222.5,214.58940409014622,-7.910595909853782,156
development_repeated_nested_cv,primary_instrument1_full,primary,1,3,5,development_combined,CG-FPLS-code,ok,ok,True,3,26,calibrate:027,calibrate,27,209.1999969482422,201.64638533660926,-7.553611611632931,156
development_repeated_nested_cv,primary_instrument1_full,primary,1,3,5,development_combined,CG-FPLS-code,ok,ok,True,3,33,calibrate:034,calibrate,34,231.89999389648438,233.2958812409665,1.3958873444821336,156
development_repeated_nested_cv,primary_instrument1_full,primary,1,3,5,development_combined,CG-FPLS-code,ok,ok,True,3,35,calibrate:036,calibrate,36,177.0,171.83886428325954,-5.161135716740461,156
development_repeated_nested_cv,primary_instrument1_full,primary,1,3,5,development_combined,CG-FPLS-code,ok,ok,True,3,36,calibrate:037,calibrate,37,177.5,175.60635550814112,-1.893644491858879,156
development_repeated_nested_cv,primary_instrument1_full,primary,1,3,5,development_combined,CG-FPLS-code,ok,ok,True,3,45,calibrate:046,calibrate,46,186.8000030517578,182.1919245426076,-4.608078509150204,156
development_repeated_nested_cv,primary_instrument1_full,primary,1,3,5,development_combined,CG-FPLS-code,ok,ok,True,3,53,calibrate:054,calibrate,54,221.5,213.24927581161197,-8.250724188388034,156
development_repeated_nested_cv,primary_instrument1_full,primary,1,3,5,development_combined,CG-FPLS-code,ok,ok,True,3,57,calibrate:058,calibrate,58,157.60000610351562,163.7646788776734,6.164672774157765,156
development_repeated_nested_cv,primary_instrument1_full,primary,1,3,5,development_combined,CG-FPLS-code,ok,ok,True,3,62,calibrate:063,calibrate,63,176.5,173.45997594101604,-3.0400240589839598,156
development_repeated_nested_cv,primary_instrument1_full,primary,1,3,5,development_combined,CG-FPLS-code,ok,ok,True,3,66,calibrate:067,calibrate,67,215.60000610351562,218.12638906826334,2.526382964747711,156
development_repeated_nested_cv,primary_instrument1_full,primary,1,3,5,development_combined,CG-FPLS-code,ok,ok,True,3,68,calibrate:069,calibrate,69,233.1999969482422,230.45314091931138,-2.7468560289308073,156
development_repeated_nested_cv,primary_instrument1_full,primary,1,3,5,development_combined,CG-FPLS-code,ok,ok,True,3,69,calibrate:070,calibrate,70,159.3000030517578,162.65491971124948,3.354916659491664,156
development_repeated_nested_cv,primary_instrument1_full,primary,1,3,5,development_combined,CG-FPLS-code,ok,ok,True,3,74,calibrate:075,calibrate,75,181.3000030517578,190.3959262068656,9.095923155107783,156
development_repeated_nested_cv,primary_instrument1_full,primary,1,3,5,development_combined,CG-FPLS-code,ok,ok,True,3,76,calibrate:077,calibrate,77,158.10000610351562,158.0750528004747,-0.024953303040916808,156
development_repeated_nested_cv,primary_instrument1_full,primary,1,3,5,development_combined,CG-FPLS-code,ok,ok,True,3,77,calibrate:078,calibrate,78,201.6999969482422,201.00083958640136,-0.6991573618408324,156
development_repeated_nested_cv,primary_instrument1_full,primary,1,3,5,development_combined,CG-FPLS-code,ok,ok,True,3,80,calibrate:081,calibrate,81,172.3000030517578,176.5159173977849,4.215914346027091,156
development_repeated_nested_cv,primary_instrument1_full,primary,1,3,5,development_combined,CG-FPLS-code,ok,ok,True,3,85,calibrate:086,calibrate,86,184.1999969482422,183.99830111653526,-0.20169583170692817,156
development_repeated_nested_cv,primary_instrument1_full,primary,1,3,5,development_combined,CG-FPLS-code,ok,ok,True,3,86,calibrate:087,calibrate,87,205.5,207.7033261060489,2.2033261060489053,156
development_repeated_nested_cv,primary_instrument1_full,primary,1,3,5,development_combined,CG-FPLS-code,ok,ok,True,3,91,calibrate:092,calibrate,92,175.5,181.08763308207298,5.587633082072983,156
development_repeated_nested_cv,primary_instrument1_full,primary,1,3,5,development_combined,CG-FPLS-code,ok,ok,True,3,99,calibrate:100,calibrate,100,219.3000030517578,213.80166681789353,-5.498336233864279,156
development_repeated_nested_cv,primary_instrument1_full,primary,1,3,5,development_combined,CG-FPLS-code,ok,ok,True,3,100,calibrate:101,calibrate,101,216.5,217.23871727783308,0.7387172778330751,156
development_repeated_nested_cv,primary_instrument1_full,primary,1,3,5,development_combined,CG-FPLS-code,ok,ok,True,3,102,calibrate:103,calibrate,103,151.60000610351562,161.76257784032373,10.162571736808104,156
development_repeated_nested_cv,primary_instrument1_full,primary,1,3,5,development_combined,CG-FPLS-code,ok,ok,True,3,126,calibrate:127,calibrate,127,204.5,182.8813879012507,-21.61861209874931,156
development_repeated_nested_cv,primary_instrument1_full,primary,1,3,5,development_combined,CG-FPLS-code,ok,ok,True,3,130,calibrate:131,calibrate,131,184.5,183.27415072928423,-1.22584927071577,156
development_repeated_nested_cv,primary_instrument1_full,primary,1,3,5,development_combined,CG-FPLS-code,ok,ok,True,3,134,calibrate:135,calibrate,135,188.6999969482422,188.23165755889391,-0.468339389348273,156
development_repeated_nested_cv,primary_instrument1_full,primary,1,3,5,development_combined,CG-FPLS-code,ok,ok,True,3,141,calibrate:142,calibrate,142,196.3000030517578,186.88273785955676,-9.417265192201057,156
development_repeated_nested_cv,primary_instrument1_full,primary,1,3,5,development_combined,CG-FPLS-code,ok,ok,True,3,144,calibrate:145,calibrate,145,191.1999969482422,194.60828913597854,3.4082921877363503,156
development_repeated_nested_cv,primary_instrument1_full,primary,1,3,5,development_combined,CG-FPLS-code,ok,ok,True,3,152,calibrate:153,calibrate,153,199.6999969482422,189.36686024040554,-10.333136707836644,156
development_repeated_nested_cv,primary_instrument1_full,primary,1,3,5,development_combined,CG-FPLS-code,ok,ok,True,3,157,validate:003,validate,3,191.89999389648438,192.09834021914534,0.1983463226609672,156
development_repeated_nested_cv,primary_instrument1_full,primary,1,3,5,development_combined,CG-FPLS-code,ok,ok,True,3,160,validate:006,validate,6,194.5,194.85403382863058,0.35403382863057686,156
development_repeated_nested_cv,primary_instrument1_full,primary,1,3,5,development_combined,CG-FPLS-code,ok,ok,True,3,162,validate:008,validate,8,194.89999389648438,195.73571629541553,0.8357223989311535,156
development_repeated_nested_cv,primary_instrument1_full,primary,1,3,5,development_combined,CG-FPLS-code,ok,ok,True,3,165,validate:011,validate,11,195.10000610351562,188.6399166327029,-6.460089470812733,156
development_repeated_nested_cv,primary_instrument1_full,primary,1,3,5,development_combined,CG-FPLS-code,ok,ok,True,3,172,validate:018,validate,18,195.39999389648438,195.47267744851294,0.07268355202856469,156
development_repeated_nested_cv,primary_instrument1_full,primary,1,3,5,development_combined,CG-FPLS-code,ok,ok,True,3,186,validate:032,validate,32,197.5,192.79049078044483,-4.709509219555173,156
development_repeated_nested_cv,primary_instrument1_full,primary,1,3,5,development_combined,CG-FPLS-code,ok,ok,True,3,188,validate:034,validate,34,193.39999389648438,197.37201656941335,3.972022672928972,156
development_repeated_nested_cv,primary_instrument1_full,primary,1,3,5,development_combined,CG-FPLS-code,ok,ok,True,3,193,validate:039,validate,39,196.60000610351562,195.58907396084956,-1.0109321426660642,156
development_repeated_nested_cv,primary_instrument1_full,primary,1,3,5,development_combined,Raw FPLS,ok,ok,True,48,0,calibrate:001,calibrate,1,200.10000610351562,194.28970424809225,-5.810301855423376,156
development_repeated_nested_cv,primary_instrument1_full,primary,1,3,5,development_combined,Raw FPLS,ok,ok,True,48,5,calibrate:006,calibrate,6,198.3000030517578,193.39593498193793,-4.9040680698198855,156
development_repeated_nested_cv,primary_instrument1_full,primary,1,3,5,development_combined,Raw FPLS,ok,ok,True,48,11,calibrate:012,calibrate,12,162.0,162.23305053891434,0.23305053891434113,156
development_repeated_nested_cv,primary_instrument1_full,primary,1,3,5,development_combined,Raw FPLS,ok,ok,True,48,16,calibrate:017,calibrate,17,222.5,218.74631512298757,-3.7536848770124323,156
development_repeated_nested_cv,primary_instrument1_full,primary,1,3,5,development_combined,Raw FPLS,ok,ok,True,48,26,calibrate:027,calibrate,27,209.1999969482422,204.62409276995376,-4.575904178288425,156
development_repeated_nested_cv,primary_instrument1_full,primary,1,3,5,development_combined,Raw FPLS,ok,ok,True,48,33,calibrate:034,calibrate,34,231.89999389648438,237.43381507657455,5.533821180090172,156
development_repeated_nested_cv,primary_instrument1_full,primary,1,3,5,development_combined,Raw FPLS,ok,ok,True,48,35,calibrate:036,calibrate,36,177.0,176.66813598814642,-0.3318640118535825,156
development_repeated_nested_cv,primary_instrument1_full,primary,1,3,5,development_combined,Raw FPLS,ok,ok,True,48,36,calibrate:037,calibrate,37,177.5,177.3799029423161,-0.12009705768389267,156
development_repeated_nested_cv,primary_instrument1_full,primary,1,3,5,development_combined,Raw FPLS,ok,ok,True,48,45,calibrate:046,calibrate,46,186.8000030517578,182.52778193982493,-4.272221111932879,156
development_repeated_nested_cv,primary_instrument1_full,primary,1,3,5,development_combined,Raw FPLS,ok,ok,True,48,53,calibrate:054,calibrate,54,221.5,217.7288412222424,-3.7711587777575915,156
development_repeated_nested_cv,primary_instrument1_full,primary,1,3,5,development_combined,Raw FPLS,ok,ok,True,48,57,calibrate:058,calibrate,58,157.60000610351562,163.47359921521144,5.873593111695811,156
development_repeated_nested_cv,primary_instrument1_full,primary,1,3,5,development_combined,Raw FPLS,ok,ok,True,48,62,calibrate:063,calibrate,63,176.5,177.5591764110067,1.059176411006689,156
development_repeated_nested_cv,primary_instrument1_full,primary,1,3,5,development_combined,Raw FPLS,ok,ok,True,48,66,calibrate:067,calibrate,67,215.60000610351562,216.98906930085644,1.3890631973408176,156
development_repeated_nested_cv,primary_instrument1_full,primary,1,3,5,development_combined,Raw FPLS,ok,ok,True,48,68,calibrate:069,calibrate,69,233.1999969482422,235.55757704459074,2.3575800963485563,156
development_repeated_nested_cv,primary_instrument1_full,primary,1,3,5,development_combined,Raw FPLS,ok,ok,True,48,69,calibrate:070,calibrate,70,159.3000030517578,161.6105040662067,2.3105010144488745,156
development_repeated_nested_cv,primary_instrument1_full,primary,1,3,5,development_combined,Raw FPLS,ok,ok,True,48,74,calibrate:075,calibrate,75,181.3000030517578,184.68392463986032,3.3839215881025098,156
development_repeated_nested_cv,primary_instrument1_full,primary,1,3,5,development_combined,Raw FPLS,ok,ok,True,48,76,calibrate:077,calibrate,77,158.10000610351562,157.66476930970006,-0.43523679381556235,156
development_repeated_nested_cv,primary_instrument1_full,primary,1,3,5,development_combined,Raw FPLS,ok,ok,True,48,77,calibrate:078,calibrate,78,201.6999969482422,204.72249213122657,3.022495182984386,156
development_repeated_nested_cv,primary_instrument1_full,primary,1,3,5,development_combined,Raw FPLS,ok,ok,True,48,80,calibrate:081,calibrate,81,172.3000030517578,175.38846189180683,3.0884588400490145,156
development_repeated_nested_cv,primary_instrument1_full,primary,1,3,5,development_combined,Raw FPLS,ok,ok,True,48,85,calibrate:086,calibrate,86,184.1999969482422,184.99865463098524,0.7986576827430554,156
development_repeated_nested_cv,primary_instrument1_full,primary,1,3,5,development_combined,Raw FPLS,ok,ok,True,48,86,calibrate:087,calibrate,87,205.5,203.90272407822147,-1.5972759217785324,156
development_repeated_nested_cv,primary_instrument1_full,primary,1,3,5,development_combined,Raw FPLS,ok,ok,True,48,91,calibrate:092,calibrate,92,175.5,175.87216448505592,0.3721644850559187,156
development_repeated_nested_cv,primary_instrument1_full,primary,1,3,5,development_combined,Raw FPLS,ok,ok,True,48,99,calibrate:100,calibrate,100,219.3000030517578,217.68278177369962,-1.6172212780581958,156
development_repeated_nested_cv,primary_instrument1_full,primary,1,3,5,development_combined,Raw FPLS,ok,ok,True,48,100,calibrate:101,calibrate,101,216.5,217.0550245394524,0.555024539452404,156
development_repeated_nested_cv,primary_instrument1_full,primary,1,3,5,development_combined,Raw FPLS,ok,ok,True,48,102,calibrate:103,calibrate,103,151.60000610351562,162.00008800017042,10.400081896654797,156
development_repeated_nested_cv,primary_instrument1_full,primary,1,3,5,development_combined,Raw FPLS,ok,ok,True,48,126,calibrate:127,calibrate,127,204.5,186.42042342533588,-18.079576574664117,156
development_repeated_nested_cv,primary_instrument1_full,primary,1,3,5,development_combined,Raw FPLS,ok,ok,True,48,130,calibrate:131,calibrate,131,184.5,186.56027440459496,2.0602744045949635,156
development_repeated_nested_cv,primary_instrument1_full,primary,1,3,5,development_combined,Raw FPLS,ok,ok,True,48,134,calibrate:135,calibrate,135,188.6999969482422,190.79326618164754,2.0932692334053513,156
development_repeated_nested_cv,primary_instrument1_full,primary,1,3,5,development_combined,Raw FPLS,ok,ok,True,48,141,calibrate:142,calibrate,142,196.3000030517578,191.73003812870894,-4.569964923048872,156
development_repeated_nested_cv,primary_instrument1_full,primary,1,3,5,development_combined,Raw FPLS,ok,ok,True,48,144,calibrate:145,calibrate,145,191.1999969482422,190.40302589831623,-0.7969710499259577,156
development_repeated_nested_cv,primary_instrument1_full,primary,1,3,5,development_combined,Raw FPLS,ok,ok,True,48,152,calibrate:153,calibrate,153,199.6999969482422,193.3458638040384,-6.354133144203786,156
development_repeated_nested_cv,primary_instrument1_full,primary,1,3,5,development_combined,Raw FPLS,ok,ok,True,48,157,validate:003,validate,3,191.89999389648438,198.49527052299013,6.5952766265057505,156
development_repeated_nested_cv,primary_instrument1_full,primary,1,3,5,development_combined,Raw FPLS,ok,ok,True,48,160,validate:006,validate,6,194.5,191.2392464230838,-3.260753576916187,156
development_repeated_nested_cv,primary_instrument1_full,primary,1,3,5,development_combined,Raw FPLS,ok,ok,True,48,162,validate:008,validate,8,194.89999389648438,193.22609975535556,-1.6738941411288124,156
development_repeated_nested_cv,primary_instrument1_full,primary,1,3,5,development_combined,Raw FPLS,ok,ok,True,48,165,validate:011,validate,11,195.10000610351562,193.14467186250263,-1.9553342410129915,156
development_repeated_nested_cv,primary_instrument1_full,primary,1,3,5,development_combined,Raw FPLS,ok,ok,True,48,172,validate:018,validate,18,195.39999389648438,192.60723531963183,-2.792758576852549,156
development_repeated_nested_cv,primary_instrument1_full,primary,1,3,5,development_combined,Raw FPLS,ok,ok,True,48,186,validate:032,validate,32,197.5,195.692672339944,-1.8073276600559893,156
development_repeated_nested_cv,primary_instrument1_full,primary,1,3,5,development_combined,Raw FPLS,ok,ok,True,48,188,validate:034,validate,34,193.39999389648438,197.58043851136918,4.180444614884806,156
development_repeated_nested_cv,primary_instrument1_full,primary,1,3,5,development_combined,Raw FPLS,ok,ok,True,48,193,validate:039,validate,39,196.60000610351562,198.57417972079298,1.9741736172773585,156
development_repeated_nested_cv,primary_instrument1_full,primary,1,3,5,development_combined,Arnoldi FPLS,ok,ok,True,5,0,calibrate:001,calibrate,1,200.10000610351562,194.11926965727682,-5.980736446238808,156
development_repeated_nested_cv,primary_instrument1_full,primary,1,3,5,development_combined,Arnoldi FPLS,ok,ok,True,5,5,calibrate:006,calibrate,6,198.3000030517578,193.3330225929366,-4.966980458821212,156
development_repeated_nested_cv,primary_instrument1_full,primary,1,3,5,development_combined,Arnoldi FPLS,ok,ok,True,5,11,calibrate:012,calibrate,12,162.0,162.1285209829337,0.12852098293370773,156
development_repeated_nested_cv,primary_instrument1_full,primary,1,3,5,development_combined,Arnoldi FPLS,ok,ok,True,5,16,calibrate:017,calibrate,17,222.5,218.59376480387144,-3.906235196128563,156
development_repeated_nested_cv,primary_instrument1_full,primary,1,3,5,development_combined,Arnoldi FPLS,ok,ok,True,5,26,calibrate:027,calibrate,27,209.1999969482422,204.5027031525451,-4.697293795697078,156
development_repeated_nested_cv,primary_instrument1_full,primary,1,3,5,development_combined,Arnoldi FPLS,ok,ok,True,5,33,calibrate:034,calibrate,34,231.89999389648438,237.41196939154335,5.5119754950589765,156
development_repeated_nested_cv,primary_instrument1_full,primary,1,3,5,development_combined,Arnoldi FPLS,ok,ok,True,5,35,calibrate:036,calibrate,36,177.0,176.48392400060573,-0.5160759993942747,156
development_repeated_nested_cv,primary_instrument1_full,primary,1,3,5,development_combined,Arnoldi FPLS,ok,ok,True,5,36,calibrate:037,calibrate,37,177.5,177.27094749511275,-0.2290525048872496,156
development_repeated_nested_cv,primary_instrument1_full,primary,1,3,5,development_combined,Arnoldi FPLS,ok,ok,True,5,45,calibrate:046,calibrate,46,186.8000030517578,182.63184788128711,-4.168155170470698,156
development_repeated_nested_cv,primary_instrument1_full,primary,1,3,5,development_combined,Arnoldi FPLS,ok,ok,True,5,53,calibrate:054,calibrate,54,221.5,217.56806732611642,-3.93193267388358,156
development_repeated_nested_cv,primary_instrument1_full,primary,1,3,5,development_combined,Arnoldi FPLS,ok,ok,True,5,57,calibrate:058,calibrate,58,157.60000610351562,163.38330506396545,5.783298960449827,156
development_repeated_nested_cv,primary_instrument1_full,primary,1,3,5,development_combined,Arnoldi FPLS,ok,ok,True,5,62,calibrate:063,calibrate,63,176.5,177.4221676407224,0.9221676407223924,156
development_repeated_nested_cv,primary_instrument1_full,primary,1,3,5,development_combined,Arnoldi FPLS,ok,ok,True,5,66,calibrate:067,calibrate,67,215.60000610351562,217.0254090329523,1.4254029294366717,156
development_repeated_nested_cv,primary_instrument1_full,primary,1,3,5,development_combined,Arnoldi FPLS,ok,ok,True,5,68,calibrate:069,calibrate,69,233.1999969482422,235.4739938316141,2.2739968833719217,156
development_repeated_nested_cv,primary_instrument1_full,primary,1,3,5,development_combined,Arnoldi FPLS,ok,ok,True,5,69,calibrate:070,calibrate,70,159.3000030517578,161.7658406364888,2.4658375847309912,156
development_repeated_nested_cv,primary_instrument1_full,primary,1,3,5,development_combined,Arnoldi FPLS,ok,ok,True,5,74,calibrate:075,calibrate,75,181.3000030517578,184.78920206652296,3.4891990147651484,156
development_repeated_nested_cv,primary_instrument1_full,primary,1,3,5,development_combined,Arnoldi FPLS,ok,ok,True,5,76,calibrate:077,calibrate,77,158.10000610351562,157.81910203591977,-0.2809040675958556,156
development_repeated_nested_cv,primary_instrument1_full,primary,1,3,5,development_combined,Arnoldi FPLS,ok,ok,True,5,77,calibrate:078,calibrate,78,201.6999969482422,204.59818916908762,2.8981922208454307,156
development_repeated_nested_cv,primary_instrument1_full,primary,1,3,5,development_combined,Arnoldi FPLS,ok,ok,True,5,80,calibrate:081,calibrate,81,172.3000030517578,175.3229543814124,3.0229513296545747,156
development_repeated_nested_cv,primary_instrument1_full,primary,1,3,5,development_combined,Arnoldi FPLS,ok,ok,True,5,85,calibrate:086,calibrate,86,184.1999969482422,184.88186700621668,0.6818700579744927,156
development_repeated_nested_cv,primary_instrument1_full,primary,1,3,5,development_combined,Arnoldi FPLS,ok,ok,True,5,86,calibrate:087,calibrate,87,205.5,203.99419876062922,-1.5058012393707827,156
development_repeated_nested_cv,primary_instrument1_full,primary,1,3,5,development_combined,Arnoldi FPLS,ok,ok,True,5,91,calibrate:092,calibrate,92,175.5,175.99333363555206,0.49333363555206233,156
development_repeated_nested_cv,primary_instrument1_full,primary,1,3,5,development_combined,Arnoldi FPLS,ok,ok,True,5,99,calibrate:100,calibrate,100,219.3000030517578,217.52180132751957,-1.7782017242382437,156
development_repeated_nested_cv,primary_instrument1_full,primary,1,3,5,development_combined,Arnoldi FPLS,ok,ok,True,5,100,calibrate:101,calibrate,101,216.5,217.11072387769244,0.6107238776924362,156
development_repeated_nested_cv,primary_instrument1_full,primary,1,3,5,development_combined,Arnoldi FPLS,ok,ok,True,5,102,calibrate:103,calibrate,103,151.60000610351562,161.92217567436865,10.32216957085302,156
development_repeated_nested_cv,primary_instrument1_full,primary,1,3,5,development_combined,Arnoldi FPLS,ok,ok,True,5,126,calibrate:127,calibrate,127,204.5,186.27895325485494,-18.22104674514506,156
development_repeated_nested_cv,primary_instrument1_full,primary,1,3,5,development_combined,Arnoldi FPLS,ok,ok,True,5,130,calibrate:131,calibrate,131,184.5,186.4004519060253,1.900451906025296,156
development_repeated_nested_cv,primary_instrument1_full,primary,1,3,5,development_combined,Arnoldi FPLS,ok,ok,True,5,134,calibrate:135,calibrate,135,188.6999969482422,190.62834164475737,1.9283446965151825,156
development_repeated_nested_cv,primary_instrument1_full,primary,1,3,5,development_combined,Arnoldi FPLS,ok,ok,True,5,141,calibrate:142,calibrate,142,196.3000030517578,191.53330695352932,-4.766696098228493,156
development_repeated_nested_cv,primary_instrument1_full,primary,1,3,5,development_combined,Arnoldi FPLS,ok,ok,True,5,144,calibrate:145,calibrate,145,191.1999969482422,190.41416542386517,-0.7858315243770164,156
development_repeated_nested_cv,primary_instrument1_full,primary,1,3,5,development_combined,Arnoldi FPLS,ok,ok,True,5,152,calibrate:153,calibrate,153,199.6999969482422,193.41414509550705,-6.285851852735135,156
development_repeated_nested_cv,primary_instrument1_full,primary,1,3,5,development_combined,Arnoldi FPLS,ok,ok,True,5,157,validate:003,validate,3,191.89999389648438,198.29555276230093,6.395558865816554,156
development_repeated_nested_cv,primary_instrument1_full,primary,1,3,5,development_combined,Arnoldi FPLS,ok,ok,True,5,160,validate:006,validate,6,194.5,191.2413029428604,-3.2586970571396137,156
development_repeated_nested_cv,primary_instrument1_full,primary,1,3,5,development_combined,Arnoldi FPLS,ok,ok,True,5,162,validate:008,validate,8,194.89999389648438,193.2323074111977,-1.66768648528668,156
development_repeated_nested_cv,primary_instrument1_full,primary,1,3,5,development_combined,Arnoldi FPLS,ok,ok,True,5,165,validate:011,validate,11,195.10000610351562,192.97967191296905,-2.120334190546572,156
development_repeated_nested_cv,primary_instrument1_full,primary,1,3,5,development_combined,Arnoldi FPLS,ok,ok,True,5,172,validate:018,validate,18,195.39999389648438,192.741912303844,-2.6580815926403716,156
development_repeated_nested_cv,primary_instrument1_full,primary,1,3,5,development_combined,Arnoldi FPLS,ok,ok,True,5,186,validate:032,validate,32,197.5,195.8380211933868,-1.661978806613206,156
development_repeated_nested_cv,primary_instrument1_full,primary,1,3,5,development_combined,Arnoldi FPLS,ok,ok,True,5,188,validate:034,validate,34,193.39999389648438,197.72805149021434,4.328057593729966,156
development_repeated_nested_cv,primary_instrument1_full,primary,1,3,5,development_combined,Arnoldi FPLS,ok,ok,True,5,193,validate:039,validate,39,196.60000610351562,198.4380614469021,1.8380553433864861,156
development_repeated_nested_cv,primary_instrument1_full,primary,1,3,5,development_combined,FPCR,ok,ok,True,14,0,calibrate:001,calibrate,1,200.10000610351562,191.64849638365945,-8.451509719856176,156
development_repeated_nested_cv,primary_instrument1_full,primary,1,3,5,development_combined,FPCR,ok,ok,True,14,5,calibrate:006,calibrate,6,198.3000030517578,195.51119174974423,-2.7888113020135847,156
development_repeated_nested_cv,primary_instrument1_full,primary,1,3,5,development_combined,FPCR,ok,ok,True,14,11,calibrate:012,calibrate,12,162.0,161.73456167904828,-0.2654383209517164,156
development_repeated_nested_cv,primary_instrument1_full,primary,1,3,5,development_combined,FPCR,ok,ok,True,14,16,calibrate:017,calibrate,17,222.5,218.5836279696186,-3.9163720303814102,156
development_repeated_nested_cv,primary_instrument1_full,primary,1,3,5,development_combined,FPCR,ok,ok,True,14,26,calibrate:027,calibrate,27,209.1999969482422,202.68052403212857,-6.519472916113614,156
development_repeated_nested_cv,primary_instrument1_full,primary,1,3,5,development_combined,FPCR,ok,ok,True,14,33,calibrate:034,calibrate,34,231.89999389648438,239.7290371596331,7.829043263148719,156
development_repeated_nested_cv,primary_instrument1_full,primary,1,3,5,development_combined,FPCR,ok,ok,True,14,35,calibrate:036,calibrate,36,177.0,176.80403365727548,-0.19596634272451752,156
development_repeated_nested_cv,primary_instrument1_full,primary,1,3,5,development_combined,FPCR,ok,ok,True,14,36,calibrate:037,calibrate,37,177.5,176.3043899402595,-1.1956100597404884,156
development_repeated_nested_cv,primary_instrument1_full,primary,1,3,5,development_combined,FPCR,ok,ok,True,14,45,calibrate:046,calibrate,46,186.8000030517578,184.0763092496456,-2.723693802112223,156
development_repeated_nested_cv,primary_instrument1_full,primary,1,3,5,development_combined,FPCR,ok,ok,True,14,53,calibrate:054,calibrate,54,221.5,216.41749738638381,-5.082502613616185,156
development_repeated_nested_cv,primary_instrument1_full,primary,1,3,5,development_combined,FPCR,ok,ok,True,14,57,calibrate:058,calibrate,58,157.60000610351562,164.2390809779508,6.639074874435181,156
development_repeated_nested_cv,primary_instrument1_full,primary,1,3,5,development_combined,FPCR,ok,ok,True,14,62,calibrate:063,calibrate,63,176.5,175.49635262426216,-1.0036473757378417,156
development_repeated_nested_cv,primary_instrument1_full,primary,1,3,5,development_combined,FPCR,ok,ok,True,14,66,calibrate:067,calibrate,67,215.60000610351562,217.2832291269761,1.6832230234604708,156
development_repeated_nested_cv,primary_instrument1_full,primary,1,3,5,development_combined,FPCR,ok,ok,True,14,68,calibrate:069,calibrate,69,233.1999969482422,238.43630068553492,5.2363037372927295,156
development_repeated_nested_cv,primary_instrument1_full,primary,1,3,5,development_combined,FPCR,ok,ok,True,14,69,calibrate:070,calibrate,70,159.3000030517578,162.97888947013294,3.6788864183751286,156
development_repeated_nested_cv,primary_instrument1_full,primary,1,3,5,development_combined,FPCR,ok,ok,True,14,74,calibrate:075,calibrate,75,181.3000030517578,184.1353292860145,2.8353262342566836,156
development_repeated_nested_cv,primary_instrument1_full,primary,1,3,5,development_combined,FPCR,ok,ok,True,14,76,calibrate:077,calibrate,77,158.10000610351562,160.31901317943243,2.2190070759168066,156
development_repeated_nested_cv,primary_instrument1_full,primary,1,3,5,development_combined,FPCR,ok,ok,True,14,77,calibrate:078,calibrate,78,201.6999969482422,202.65426973662443,0.9542727883822408,156
development_repeated_nested_cv,primary_instrument1_full,primary,1,3,5,development_combined,FPCR,ok,ok,True,14,80,calibrate:081,calibrate,81,172.3000030517578,175.1305728667061,2.8305698149482907,156
development_repeated_nested_cv,primary_instrument1_full,primary,1,3,5,development_combined,FPCR,ok,ok,True,14,85,calibrate:086,calibrate,86,184.1999969482422,184.61915310887744,0.4191561606352536,156
development_repeated_nested_cv,primary_instrument1_full,primary,1,3,5,development_combined,FPCR,ok,ok,True,14,86,calibrate:087,calibrate,87,205.5,205.17672818443052,-0.32327181556948403,156
development_repeated_nested_cv,primary_instrument1_full,primary,1,3,5,development_combined,FPCR,ok,ok,True,14,91,calibrate:092,calibrate,92,175.5,176.216390807739,0.7163908077390033,156
development_repeated_nested_cv,primary_instrument1_full,primary,1,3,5,development_combined,FPCR,ok,ok,True,14,99,calibrate:100,calibrate,100,219.3000030517578,216.430702567292,-2.8693004844658105,156
development_repeated_nested_cv,primary_instrument1_full,primary,1,3,5,development_combined,FPCR,ok,ok,True,14,100,calibrate:101,calibrate,101,216.5,217.75538864608146,1.2553886460814567,156
development_repeated_nested_cv,primary_instrument1_full,primary,1,3,5,development_combined,FPCR,ok,ok,True,14,102,calibrate:103,calibrate,103,151.60000610351562,161.26560245314863,9.665596349633006,156
development_repeated_nested_cv,primary_instrument1_full,primary,1,3,5,development_combined,FPCR,ok,ok,True,14,126,calibrate:127,calibrate,127,204.5,185.11576664654433,-19.38423335345567,156
development_repeated_nested_cv,primary_instrument1_full,primary,1,3,5,development_combined,FPCR,ok,ok,True,14,130,calibrate:131,calibrate,131,184.5,185.96747887348505,1.4674788734850495,156
development_repeated_nested_cv,primary_instrument1_full,primary,1,3,5,development_combined,FPCR,ok,ok,True,14,134,calibrate:135,calibrate,135,188.6999969482422,189.85557400444233,1.1555770562001442,156
development_repeated_nested_cv,primary_instrument1_full,primary,1,3,5,development_combined,FPCR,ok,ok,True,14,141,calibrate:142,calibrate,142,196.3000030517578,189.10581729693854,-7.194185754819273,156
development_repeated_nested_cv,primary_instrument1_full,primary,1,3,5,development_combined,FPCR,ok,ok,True,14,144,calibrate:145,calibrate,145,191.1999969482422,190.72245781788908,-0.477539130353108,156
development_repeated_nested_cv,primary_instrument1_full,primary,1,3,5,development_combined,FPCR,ok,ok,True,14,152,calibrate:153,calibrate,153,199.6999969482422,195.46085382991257,-4.239143118329622,156
development_repeated_nested_cv,primary_instrument1_full,primary,1,3,5,development_combined,FPCR,ok,ok,True,14,157,validate:003,validate,3,191.89999389648438,196.85288442339055,4.952890526906174,156
development_repeated_nested_cv,primary_instrument1_full,primary,1,3,5,development_combined,FPCR,ok,ok,True,14,160,validate:006,validate,6,194.5,191.94416405654226,-2.555835943457737,156
development_repeated_nested_cv,primary_instrument1_full,primary,1,3,5,development_combined,FPCR,ok,ok,True,14,162,validate:008,validate,8,194.89999389648438,193.6486549826743,-1.2513389138100877,156
development_repeated_nested_cv,primary_instrument1_full,primary,1,3,5,development_combined,FPCR,ok,ok,True,14,165,validate:011,validate,11,195.10000610351562,190.5348797433547,-4.565126360160917,156
development_repeated_nested_cv,primary_instrument1_full,primary,1,3,5,development_combined,FPCR,ok,ok,True,14,172,validate:018,validate,18,195.39999389648438,192.9117257930634,-2.488268103420978,156
development_repeated_nested_cv,primary_instrument1_full,primary,1,3,5,development_combined,FPCR,ok,ok,True,14,186,validate:032,validate,32,197.5,197.38537347044047,-0.1146265295595299,156
development_repeated_nested_cv,primary_instrument1_full,primary,1,3,5,development_combined,FPCR,ok,ok,True,14,188,validate:034,validate,34,193.39999389648438,198.24328117663026,4.843287280145887,156
development_repeated_nested_cv,primary_instrument1_full,primary,1,3,5,development_combined,FPCR,ok,ok,True,14,193,validate:039,validate,39,196.60000610351562,197.4752966028812,0.8752904993655761,156
development_repeated_nested_cv,primary_instrument1_full,primary,1,4,1,development_combined,CG-FPLS-code,ok,ok,True,3,11,calibrate:012,calibrate,12,162.0,162.38573339095507,0.38573339095506753,156
development_repeated_nested_cv,primary_instrument1_full,primary,1,4,1,development_combined,CG-FPLS-code,ok,ok,True,3,12,calibrate:013,calibrate,13,176.3000030517578,181.1731244620928,4.8731214103349885,156
development_repeated_nested_cv,primary_instrument1_full,primary,1,4,1,development_combined,CG-FPLS-code,ok,ok,True,3,13,calibrate:014,calibrate,14,221.3000030517578,217.1396704131327,-4.160332638625107,156
development_repeated_nested_cv,primary_instrument1_full,primary,1,4,1,development_combined,CG-FPLS-code,ok,ok,True,3,14,calibrate:015,calibrate,15,220.10000610351562,219.49193049852119,-0.6080756049944398,156
development_repeated_nested_cv,primary_instrument1_full,primary,1,4,1,development_combined,CG-FPLS-code,ok,ok,True,3,20,calibrate:021,calibrate,21,183.1999969482422,182.85404082770705,-0.3459561205351349,156
development_repeated_nested_cv,primary_instrument1_full,primary,1,4,1,development_combined,CG-FPLS-code,ok,ok,True,3,21,calibrate:022,calibrate,22,185.89999389648438,188.49087951266137,2.5908856161769904,156
development_repeated_nested_cv,primary_instrument1_full,primary,1,4,1,development_combined,CG-FPLS-code,ok,ok,True,3,24,calibrate:025,calibrate,25,177.1999969482422,176.3224862138491,-0.8775107343930983,156
development_repeated_nested_cv,primary_instrument1_full,primary,1,4,1,development_combined,CG-FPLS-code,ok,ok,True,3,26,calibrate:027,calibrate,27,209.1999969482422,202.48311055622912,-6.716886392013066,156
development_repeated_nested_cv,primary_instrument1_full,primary,1,4,1,development_combined,CG-FPLS-code,ok,ok,True,3,31,calibrate:032,calibrate,32,158.8000030517578,161.84857994504196,3.0485768932841495,156
development_repeated_nested_cv,primary_instrument1_full,primary,1,4,1,development_combined,CG-FPLS-code,ok,ok,True,3,39,calibrate:040,calibrate,40,174.10000610351562,177.04183780531994,2.9418317018043183,156
development_repeated_nested_cv,primary_instrument1_full,primary,1,4,1,development_combined,CG-FPLS-code,ok,ok,True,3,43,calibrate:044,calibrate,44,186.89999389648438,185.2585916089324,-1.6414022875519834,156
development_repeated_nested_cv,primary_instrument1_full,primary,1,4,1,development_combined,CG-FPLS-code,ok,ok,True,3,47,calibrate:048,calibrate,48,156.8000030517578,161.2991719329306,4.499168881172778,156
development_repeated_nested_cv,primary_instrument1_full,primary,1,4,1,development_combined,CG-FPLS-code,ok,ok,True,3,50,calibrate:051,calibrate,51,188.3000030517578,187.16251406011114,-1.137488991646677,156
development_repeated_nested_cv,primary_instrument1_full,primary,1,4,1,development_combined,CG-FPLS-code,ok,ok,True,3,56,calibrate:057,calibrate,57,222.3000030517578,220.6059677037276,-1.6940353480302122,156
development_repeated_nested_cv,primary_instrument1_full,primary,1,4,1,development_combined,CG-FPLS-code,ok,ok,True,3,66,calibrate:067,calibrate,67,215.60000610351562,218.4555502864234,2.855544182907778,156
development_repeated_nested_cv,primary_instrument1_full,primary,1,4,1,development_combined,CG-FPLS-code,ok,ok,True,3,69,calibrate:070,calibrate,70,159.3000030517578,162.20226960216323,2.9022665504054146,156
development_repeated_nested_cv,primary_instrument1_full,primary,1,4,1,development_combined,CG-FPLS-code,ok,ok,True,3,71,calibrate:072,calibrate,72,201.8000030517578,206.79517156236219,4.995168510604373,156
development_repeated_nested_cv,primary_instrument1_full,primary,1,4,1,development_combined,CG-FPLS-code,ok,ok,True,3,75,calibrate:076,calibrate,76,178.10000610351562,178.85925925573918,0.7592531522235504,156
development_repeated_nested_cv,primary_instrument1_full,primary,1,4,1,development_combined,CG-FPLS-code,ok,ok,True,3,83,calibrate:084,calibrate,84,205.39999389648438,199.70978175036714,-5.690212146117233,156
development_repeated_nested_cv,primary_instrument1_full,primary,1,4,1,development_combined,CG-FPLS-code,ok,ok,True,3,102,calibrate:103,calibrate,103,151.60000610351562,162.61800590209157,11.017999798575943,156
development_repeated_nested_cv,primary_instrument1_full,primary,1,4,1,development_combined,CG-FPLS-code,ok,ok,True,3,106,calibrate:107,calibrate,107,216.89999389648438,221.21365982390924,4.313665927424864,156
development_repeated_nested_cv,primary_instrument1_full,primary,1,4,1,development_combined,CG-FPLS-code,ok,ok,True,3,113,calibrate:114,calibrate,114,172.89999389648438,175.09255706297782,2.192563166493443,156
development_repeated_nested_cv,primary_instrument1_full,primary,1,4,1,development_combined,CG-FPLS-code,ok,ok,True,3,127,calibrate:128,calibrate,128,239.10000610351562,235.39094687396528,-3.7090592295503484,156
development_repeated_nested_cv,primary_instrument1_full,primary,1,4,1,development_combined,CG-FPLS-code,ok,ok,True,3,128,calibrate:129,calibrate,129,231.10000610351562,223.0818693900316,-8.018136713484012,156
development_repeated_nested_cv,primary_instrument1_full,primary,1,4,1,development_combined,CG-FPLS-code,ok,ok,True,3,131,calibrate:132,calibrate,132,206.3000030517578,204.12845058933317,-2.1715524624246427,156
development_repeated_nested_cv,primary_instrument1_full,primary,1,4,1,development_combined,CG-FPLS-code,ok,ok,True,3,139,calibrate:140,calibrate,140,193.3000030517578,199.54336241879003,6.2433593670322125,156
development_repeated_nested_cv,primary_instrument1_full,primary,1,4,1,development_combined,CG-FPLS-code,ok,ok,True,3,141,calibrate:142,calibrate,142,196.3000030517578,187.89601812375722,-8.403984928000597,156
development_repeated_nested_cv,primary_instrument1_full,primary,1,4,1,development_combined,CG-FPLS-code,ok,ok,True,3,147,calibrate:148,calibrate,148,197.8000030517578,190.07414454175094,-7.725858510006873,156
development_repeated_nested_cv,primary_instrument1_full,primary,1,4,1,development_combined,CG-FPLS-code,ok,ok,True,3,149,calibrate:150,calibrate,150,181.3000030517578,196.58272713903185,15.282724087274033,156
development_repeated_nested_cv,primary_instrument1_full,primary,1,4,1,development_combined,CG-FPLS-code,ok,ok,True,3,151,calibrate:152,calibrate,152,201.39999389648438,189.76116729343022,-11.638826603054156,156
development_repeated_nested_cv,primary_instrument1_full,primary,1,4,1,development_combined,CG-FPLS-code,ok,ok,True,3,152,calibrate:153,calibrate,153,199.6999969482422,189.28538375986753,-10.414613188374659,156
development_repeated_nested_cv,primary_instrument1_full,primary,1,4,1,development_combined,CG-FPLS-code,ok,ok,True,3,161,validate:007,validate,7,195.89999389648438,196.04393015141764,0.14393625493326567,156
development_repeated_nested_cv,primary_instrument1_full,primary,1,4,1,development_combined,CG-FPLS-code,ok,ok,True,3,173,validate:019,validate,19,191.8000030517578,196.88655938567288,5.08655633391507,156
development_repeated_nested_cv,primary_instrument1_full,primary,1,4,1,development_combined,CG-FPLS-code,ok,ok,True,3,180,validate:026,validate,26,193.39999389648438,200.7286282888353,7.328634392350921,156
development_repeated_nested_cv,primary_instrument1_full,primary,1,4,1,development_combined,CG-FPLS-code,ok,ok,True,3,182,validate:028,validate,28,195.0,198.3343481094537,3.334348109453714,156
development_repeated_nested_cv,primary_instrument1_full,primary,1,4,1,development_combined,CG-FPLS-code,ok,ok,True,3,186,validate:032,validate,32,197.5,193.5761904537514,-3.923809546248606,156
development_repeated_nested_cv,primary_instrument1_full,primary,1,4,1,development_combined,CG-FPLS-code,ok,ok,True,3,187,validate:033,validate,33,194.1999969482422,197.1428207669983,2.942823818756125,156
development_repeated_nested_cv,primary_instrument1_full,primary,1,4,1,development_combined,CG-FPLS-code,ok,ok,True,3,189,validate:035,validate,35,196.6999969482422,196.9032461957062,0.20324924746401507,156
development_repeated_nested_cv,primary_instrument1_full,primary,1,4,1,development_combined,CG-FPLS-code,ok,ok,True,3,190,validate:036,validate,36,194.6999969482422,199.57960560410456,4.87960865586237,156
development_repeated_nested_cv,primary_instrument1_full,primary,1,4,1,development_combined,Raw FPLS,ok,ok,True,14,11,calibrate:012,calibrate,12,162.0,161.8223465614074,-0.17765343859261407,156
development_repeated_nested_cv,primary_instrument1_full,primary,1,4,1,development_combined,Raw FPLS,ok,ok,True,14,12,calibrate:013,calibrate,13,176.3000030517578,179.23246420775195,2.932461155994133,156
development_repeated_nested_cv,primary_instrument1_full,primary,1,4,1,development_combined,Raw FPLS,ok,ok,True,14,13,calibrate:014,calibrate,14,221.3000030517578,218.35116039944108,-2.9488426523167277,156
development_repeated_nested_cv,primary_instrument1_full,primary,1,4,1,development_combined,Raw FPLS,ok,ok,True,14,14,calibrate:015,calibrate,15,220.10000610351562,217.54272264063707,-2.5572834628785586,156
development_repeated_nested_cv,primary_instrument1_full,primary,1,4,1,development_combined,Raw FPLS,ok,ok,True,14,20,calibrate:021,calibrate,21,183.1999969482422,184.71950139451627,1.5195044462740839,156
development_repeated_nested_cv,primary_instrument1_full,primary,1,4,1,development_combined,Raw FPLS,ok,ok,True,14,21,calibrate:022,calibrate,22,185.89999389648438,186.43718745621072,0.5371935597263473,156
development_repeated_nested_cv,primary_instrument1_full,primary,1,4,1,development_combined,Raw FPLS,ok,ok,True,14,24,calibrate:025,calibrate,25,177.1999969482422,176.6696906659704,-0.5303062822717948,156
development_repeated_nested_cv,primary_instrument1_full,primary,1,4,1,development_combined,Raw FPLS,ok,ok,True,14,26,calibrate:027,calibrate,27,209.1999969482422,205.0452414374709,-4.154755510771281,156
development_repeated_nested_cv,primary_instrument1_full,primary,1,4,1,development_combined,Raw FPLS,ok,ok,True,14,31,calibrate:032,calibrate,32,158.8000030517578,160.9481747775308,2.1481717257729827,156
development_repeated_nested_cv,primary_instrument1_full,primary,1,4,1,development_combined,Raw FPLS,ok,ok,True,14,39,calibrate:040,calibrate,40,174.10000610351562,177.45659230935777,3.3565862058421487,156
development_repeated_nested_cv,primary_instrument1_full,primary,1,4,1,development_combined,Raw FPLS,ok,ok,True,14,43,calibrate:044,calibrate,44,186.89999389648438,188.09696680480005,1.1969729083156722,156
development_repeated_nested_cv,primary_instrument1_full,primary,1,4,1,development_combined,Raw FPLS,ok,ok,True,14,47,calibrate:048,calibrate,48,156.8000030517578,158.2617168654379,1.4617138136800918,156
development_repeated_nested_cv,primary_instrument1_full,primary,1,4,1,development_combined,Raw FPLS,ok,ok,True,14,50,calibrate:051,calibrate,51,188.3000030517578,186.09685316026065,-2.203149891497162,156
development_repeated_nested_cv,primary_instrument1_full,primary,1,4,1,development_combined,Raw FPLS,ok,ok,True,14,56,calibrate:057,calibrate,57,222.3000030517578,219.86854962743237,-2.43145342432544,156
development_repeated_nested_cv,primary_instrument1_full,primary,1,4,1,development_combined,Raw FPLS,ok,ok,True,14,66,calibrate:067,calibrate,67,215.60000610351562,217.593122478123,1.9931163746073821,156
development_repeated_nested_cv,primary_instrument1_full,primary,1,4,1,development_combined,Raw FPLS,ok,ok,True,14,69,calibrate:070,calibrate,70,159.3000030517578,161.30164978809532,2.0016467363375057,156
development_repeated_nested_cv,primary_instrument1_full,primary,1,4,1,development_combined,Raw FPLS,ok,ok,True,14,71,calibrate:072,calibrate,72,201.8000030517578,204.44087246724428,2.6408694154864634,156
development_repeated_nested_cv,primary_instrument1_full,primary,1,4,1,development_combined,Raw FPLS,ok,ok,True,14,75,calibrate:076,calibrate,76,178.10000610351562,176.41183827322635,-1.6881678302892738,156
development_repeated_nested_cv,primary_instrument1_full,primary,1,4,1,development_combined,Raw FPLS,ok,ok,True,14,83,calibrate:084,calibrate,84,205.39999389648438,202.74989837220303,-2.6500955242813404,156
development_repeated_nested_cv,primary_instrument1_full,primary,1,4,1,development_combined,Raw FPLS,ok,ok,True,14,102,calibrate:103,calibrate,103,151.60000610351562,162.27120095815388,10.671194854638259,156
development_repeated_nested_cv,primary_instrument1_full,primary,1,4,1,development_combined,Raw FPLS,ok,ok,True,14,106,calibrate:107,calibrate,107,216.89999389648438,219.54631705385276,2.6463231573683856,156
development_repeated_nested_cv,primary_instrument1_full,primary,1,4,1,development_combined,Raw FPLS,ok,ok,True,14,113,calibrate:114,calibrate,114,172.89999389648438,177.42775300030806,4.5277591038236835,156
development_repeated_nested_cv,primary_instrument1_full,primary,1,4,1,development_combined,Raw FPLS,ok,ok,True,14,127,calibrate:128,calibrate,128,239.10000610351562,239.82012356233622,0.7201174588205959,156
development_repeated_nested_cv,primary_instrument1_full,primary,1,4,1,development_combined,Raw FPLS,ok,ok,True,14,128,calibrate:129,calibrate,129,231.10000610351562,227.93795981592447,-3.162046287591153,156
development_repeated_nested_cv,primary_instrument1_full,primary,1,4,1,development_combined,Raw FPLS,ok,ok,True,14,131,calibrate:132,calibrate,132,206.3000030517578,205.55010280568047,-0.7499002460773454,156
development_repeated_nested_cv,primary_instrument1_full,primary,1,4,1,development_combined,Raw FPLS,ok,ok,True,14,139,calibrate:140,calibrate,140,193.3000030517578,197.65845879694112,4.358455745183306,156
development_repeated_nested_cv,primary_instrument1_full,primary,1,4,1,development_combined,Raw FPLS,ok,ok,True,14,141,calibrate:142,calibrate,142,196.3000030517578,191.36779703101385,-4.932206020743962,156
development_repeated_nested_cv,primary_instrument1_full,primary,1,4,1,development_combined,Raw FPLS,ok,ok,True,14,147,calibrate:148,calibrate,148,197.8000030517578,190.48586918865607,-7.314133863101745,156
development_repeated_nested_cv,primary_instrument1_full,primary,1,4,1,development_combined,Raw FPLS,ok,ok,True,14,149,calibrate:150,calibrate,150,181.3000030517578,192.53804078306126,11.23803773130345,156
development_repeated_nested_cv,primary_instrument1_full,primary,1,4,1,development_combined,Raw FPLS,ok,ok,True,14,151,calibrate:152,calibrate,152,201.39999389648438,193.06223380570955,-8.337760090774822,156
development_repeated_nested_cv,primary_instrument1_full,primary,1,4,1,development_combined,Raw FPLS,ok,ok,True,14,152,calibrate:153,calibrate,153,199.6999969482422,193.33936443336154,-6.360632514880649,156
development_repeated_nested_cv,primary_instrument1_full,primary,1,4,1,development_combined,Raw FPLS,ok,ok,True,14,161,validate:007,validate,7,195.89999389648438,193.67521740356065,-2.2247764929237235,156
development_repeated_nested_cv,primary_instrument1_full,primary,1,4,1,development_combined,Raw FPLS,ok,ok,True,14,173,validate:019,validate,19,191.8000030517578,192.03494707030956,0.23494401855174374,156
development_repeated_nested_cv,primary_instrument1_full,primary,1,4,1,development_combined,Raw FPLS,ok,ok,True,14,180,validate:026,validate,26,193.39999389648438,199.5337139905524,6.133720094068025,156
development_repeated_nested_cv,primary_instrument1_full,primary,1,4,1,development_combined,Raw FPLS,ok,ok,True,14,182,validate:028,validate,28,195.0,198.91850224736964,3.918502247369645,156
development_repeated_nested_cv,primary_instrument1_full,primary,1,4,1,development_combined,Raw FPLS,ok,ok,True,14,186,validate:032,validate,32,197.5,196.73771137676417,-0.7622886232358326,156
development_repeated_nested_cv,primary_instrument1_full,primary,1,4,1,development_combined,Raw FPLS,ok,ok,True,14,187,validate:033,validate,33,194.1999969482422,200.4941355248806,6.294138576638403,156
development_repeated_nested_cv,primary_instrument1_full,primary,1,4,1,development_combined,Raw FPLS,ok,ok,True,14,189,validate:035,validate,35,196.6999969482422,200.07392845645094,3.3739315082087558,156
development_repeated_nested_cv,primary_instrument1_full,primary,1,4,1,development_combined,Raw FPLS,ok,ok,True,14,190,validate:036,validate,36,194.6999969482422,200.2945460227436,5.594549074501401,156
development_repeated_nested_cv,primary_instrument1_full,primary,1,4,1,development_combined,Arnoldi FPLS,ok,ok,True,5,11,calibrate:012,calibrate,12,162.0,161.9293332009168,-0.07066679908319884,156
development_repeated_nested_cv,primary_instrument1_full,primary,1,4,1,development_combined,Arnoldi FPLS,ok,ok,True,5,12,calibrate:013,calibrate,13,176.3000030517578,179.33323426299341,3.033231211235602,156
development_repeated_nested_cv,primary_instrument1_full,primary,1,4,1,development_combined,Arnoldi FPLS,ok,ok,True,5,13,calibrate:014,calibrate,14,221.3000030517578,218.54216116318054,-2.757841888577275,156
development_repeated_nested_cv,primary_instrument1_full,primary,1,4,1,development_combined,Arnoldi FPLS,ok,ok,True,5,14,calibrate:015,calibrate,15,220.10000610351562,217.45561954935764,-2.6443865541579896,156
development_repeated_nested_cv,primary_instrument1_full,primary,1,4,1,development_combined,Arnoldi FPLS,ok,ok,True,5,20,calibrate:021,calibrate,21,183.1999969482422,184.843497483489,1.643500535246801,156
development_repeated_nested_cv,primary_instrument1_full,primary,1,4,1,development_combined,Arnoldi FPLS,ok,ok,True,5,21,calibrate:022,calibrate,22,185.89999389648438,186.5192371838656,0.6192432873812379,156
development_repeated_nested_cv,primary_instrument1_full,primary,1,4,1,development_combined,Arnoldi FPLS,ok,ok,True,5,24,calibrate:025,calibrate,25,177.1999969482422,176.82240420456662,-0.3775927436755637,156
development_repeated_nested_cv,primary_instrument1_full,primary,1,4,1,development_combined,Arnoldi FPLS,ok,ok,True,5,26,calibrate:027,calibrate,27,209.1999969482422,205.20393294396598,-3.9960640042762066,156
development_repeated_nested_cv,primary_instrument1_full,primary,1,4,1,development_combined,Arnoldi FPLS,ok,ok,True,5,31,calibrate:032,calibrate,32,158.8000030517578,161.0440227149778,2.2440196632200013,156
development_repeated_nested_cv,primary_instrument1_full,primary,1,4,1,development_combined,Arnoldi FPLS,ok,ok,True,5,39,calibrate:040,calibrate,40,174.10000610351562,177.61479576074197,3.514789657226345,156
development_repeated_nested_cv,primary_instrument1_full,primary,1,4,1,development_combined,Arnoldi FPLS,ok,ok,True,5,43,calibrate:044,calibrate,44,186.89999389648438,188.26902438689103,1.369030490406658,156
development_repeated_nested_cv,primary_instrument1_full,primary,1,4,1,development_combined,Arnoldi FPLS,ok,ok,True,5,47,calibrate:048,calibrate,48,156.8000030517578,157.98485789683787,1.1848548450800536,156
development_repeated_nested_cv,primary_instrument1_full,primary,1,4,1,development_combined,Arnoldi FPLS,ok,ok,True,5,50,calibrate:051,calibrate,51,188.3000030517578,185.84479883920784,-2.4552042125499725,156
development_repeated_nested_cv,primary_instrument1_full,primary,1,4,1,development_combined,Arnoldi FPLS,ok,ok,True,5,56,calibrate:057,calibrate,57,222.3000030517578,219.79368969387676,-2.506313357881055,156
development_repeated_nested_cv,primary_instrument1_full,primary,1,4,1,development_combined,Arnoldi FPLS,ok,ok,True,5,66,calibrate:067,calibrate,67,215.60000610351562,217.5462422202177,1.9462361167020674,156
development_repeated_nested_cv,primary_instrument1_full,primary,1,4,1,development_combined,Arnoldi FPLS,ok,ok,True,5,69,calibrate:070,calibrate,70,159.3000030517578,161.06025964828902,1.7602565965312067,156
development_repeated_nested_cv,primary_instrument1_full,primary,1,4,1,development_combined,Arnoldi FPLS,ok,ok,True,5,71,calibrate:072,calibrate,72,201.8000030517578,204.38518111467664,2.5851780629188283,156
development_repeated_nested_cv,primary_instrument1_full,primary,1,4,1,development_combined,Arnoldi FPLS,ok,ok,True,5,75,calibrate:076,calibrate,76,178.10000610351562,176.36434719464225,-1.7356589088733756,156
development_repeated_nested_cv,primary_instrument1_full,primary,1,4,1,development_combined,Arnoldi FPLS,ok,ok,True,5,83,calibrate:084,calibrate,84,205.39999389648438,202.92429778330188,-2.4756961131824937,156
development_repeated_nested_cv,primary_instrument1_full,primary,1,4,1,development_combined,Arnoldi FPLS,ok,ok,True,5,102,calibrate:103,calibrate,103,151.60000610351562,162.38664366244822,10.786637558932597,156
development_repeated_nested_cv,primary_instrument1_full,primary,1,4,1,development_combined,Arnoldi FPLS,ok,ok,True,5,106,calibrate:107,calibrate,107,216.89999389648438,219.52082636879402,2.620832472309644,156
development_repeated_nested_cv,primary_instrument1_full,primary,1,4,1,development_combined,Arnoldi FPLS,ok,ok,True,5,113,calibrate:114,calibrate,114,172.89999389648438,177.61205004104988,4.7120561445655085,156
development_repeated_nested_cv,primary_instrument1_full,primary,1,4,1,development_combined,Arnoldi FPLS,ok,ok,True,5,127,calibrate:128,calibrate,128,239.10000610351562,239.78931295683867,0.6893068533230462,156
development_repeated_nested_cv,primary_instrument1_full,primary,1,4,1,development_combined,Arnoldi FPLS,ok,ok,True,5,128,calibrate:129,calibrate,129,231.10000610351562,227.99151508621824,-3.108491017297382,156
development_repeated_nested_cv,primary_instrument1_full,primary,1,4,1,development_combined,Arnoldi FPLS,ok,ok,True,5,131,calibrate:132,calibrate,132,206.3000030517578,205.69740771486426,-0.6025953368935575,156
development_repeated_nested_cv,primary_instrument1_full,primary,1,4,1,development_combined,Arnoldi FPLS,ok,ok,True,5,139,calibrate:140,calibrate,140,193.3000030517578,197.649120328135,4.3491172763772,156
development_repeated_nested_cv,primary_instrument1_full,primary,1,4,1,development_combined,Arnoldi FPLS,ok,ok,True,5,141,calibrate:142,calibrate,142,196.3000030517578,191.5960308494184,-4.703972202339401,156
development_repeated_nested_cv,primary_instrument1_full,primary,1,4,1,development_combined,Arnoldi FPLS,ok,ok,True,5,147,calibrate:148,calibrate,148,197.8000030517578,190.63956806655858,-7.160434985199231,156
development_repeated_nested_cv,primary_instrument1_full,primary,1,4,1,development_combined,Arnoldi FPLS,ok,ok,True,5,149,calibrate:150,calibrate,150,181.3000030517578,192.52403719619514,11.224034144437326,156
development_repeated_nested_cv,primary_instrument1_full,primary,1,4,1,development_combined,Arnoldi FPLS,ok,ok,True,5,151,calibrate:152,calibrate,152,201.39999389648438,192.91944298788346,-8.480550908600918,156
development_repeated_nested_cv,primary_instrument1_full,primary,1,4,1,development_combined,Arnoldi FPLS,ok,ok,True,5,152,calibrate:153,calibrate,153,199.6999969482422,193.22449561325993,-6.475501334982255,156
development_repeated_nested_cv,primary_instrument1_full,primary,1,4,1,development_combined,Arnoldi FPLS,ok,ok,True,5,161,validate:007,validate,7,195.89999389648438,193.5395280598045,-2.3604658366798787,156
development_repeated_nested_cv,primary_instrument1_full,primary,1,4,1,development_combined,Arnoldi FPLS,ok,ok,True,5,173,validate:019,validate,19,191.8000030517578,192.0516048307706,0.2516017790127876,156
development_repeated_nested_cv,primary_instrument1_full,primary,1,4,1,development_combined,Arnoldi FPLS,ok,ok,True,5,180,validate:026,validate,26,193.39999389648438,199.65936047910813,6.2593665826237554,156
development_repeated_nested_cv,primary_instrument1_full,primary,1,4,1,development_combined,Arnoldi FPLS,ok,ok,True,5,182,validate:028,validate,28,195.0,198.7023605780406,3.7023605780406115,156
development_repeated_nested_cv,primary_instrument1_full,primary,1,4,1,development_combined,Arnoldi FPLS,ok,ok,True,5,186,validate:032,validate,32,197.5,196.5503997911684,-0.9496002088316118,156
development_repeated_nested_cv,primary_instrument1_full,primary,1,4,1,development_combined,Arnoldi FPLS,ok,ok,True,5,187,validate:033,validate,33,194.1999969482422,200.6733467455417,6.473349797299505,156
development_repeated_nested_cv,primary_instrument1_full,primary,1,4,1,development_combined,Arnoldi FPLS,ok,ok,True,5,189,validate:035,validate,35,196.6999969482422,200.24493924207147,3.54494229382928,156
development_repeated_nested_cv,primary_instrument1_full,primary,1,4,1,development_combined,Arnoldi FPLS,ok,ok,True,5,190,validate:036,validate,36,194.6999969482422,200.43003338459224,5.730036436350048,156
development_repeated_nested_cv,primary_instrument1_full,primary,1,4,1,development_combined,FPCR,ok,ok,True,7,11,calibrate:012,calibrate,12,162.0,161.4236929560021,-0.5763070439979003,156
development_repeated_nested_cv,primary_instrument1_full,primary,1,4,1,development_combined,FPCR,ok,ok,True,7,12,calibrate:013,calibrate,13,176.3000030517578,179.086732008559,2.7867289568011984,156
development_repeated_nested_cv,primary_instrument1_full,primary,1,4,1,development_combined,FPCR,ok,ok,True,7,13,calibrate:014,calibrate,14,221.3000030517578,218.0744892768399,-3.225513774917914,156
development_repeated_nested_cv,primary_instrument1_full,primary,1,4,1,development_combined,FPCR,ok,ok,True,7,14,calibrate:015,calibrate,15,220.10000610351562,218.4949747699288,-1.6050313335868225,156
development_repeated_nested_cv,primary_instrument1_full,primary,1,4,1,development_combined,FPCR,ok,ok,True,7,20,calibrate:021,calibrate,21,183.1999969482422,183.20610787443331,0.006110926191126964,156
development_repeated_nested_cv,primary_instrument1_full,primary,1,4,1,development_combined,FPCR,ok,ok,True,7,21,calibrate:022,calibrate,22,185.89999389648438,186.91748966363372,1.0174957671493416,156
development_repeated_nested_cv,primary_instrument1_full,primary,1,4,1,development_combined,FPCR,ok,ok,True,7,24,calibrate:025,calibrate,25,177.1999969482422,176.412474722738,-0.7875222255041763,156
development_repeated_nested_cv,primary_instrument1_full,primary,1,4,1,development_combined,FPCR,ok,ok,True,7,26,calibrate:027,calibrate,27,209.1999969482422,205.09450816156536,-4.10548878667683,156
development_repeated_nested_cv,primary_instrument1_full,primary,1,4,1,development_combined,FPCR,ok,ok,True,7,31,calibrate:032,calibrate,32,158.8000030517578,161.21025055262282,2.4102475008650117,156
development_repeated_nested_cv,primary_instrument1_full,primary,1,4,1,development_combined,FPCR,ok,ok,True,7,39,calibrate:040,calibrate,40,174.10000610351562,177.0287702467217,2.928764143206081,156
development_repeated_nested_cv,primary_instrument1_full,primary,1,4,1,development_combined,FPCR,ok,ok,True,7,43,calibrate:044,calibrate,44,186.89999389648438,187.09986115891522,0.19986726243084263,156
development_repeated_nested_cv,primary_instrument1_full,primary,1,4,1,development_combined,FPCR,ok,ok,True,7,47,calibrate:048,calibrate,48,156.8000030517578,159.1052572233069,2.3052541715490804,156
development_repeated_nested_cv,primary_instrument1_full,primary,1,4,1,development_combined,FPCR,ok,ok,True,7,50,calibrate:051,calibrate,51,188.3000030517578,187.02738657354448,-1.2726164782133367,156
development_repeated_nested_cv,primary_instrument1_full,primary,1,4,1,development_combined,FPCR,ok,ok,True,7,56,calibrate:057,calibrate,57,222.3000030517578,219.73732047991396,-2.562682571843851,156
development_repeated_nested_cv,primary_instrument1_full,primary,1,4,1,development_combined,FPCR,ok,ok,True,7,66,calibrate:067,calibrate,67,215.60000610351562,218.29387865891408,2.693872555398457,156
development_repeated_nested_cv,primary_instrument1_full,primary,1,4,1,development_combined,FPCR,ok,ok,True,7,69,calibrate:070,calibrate,70,159.3000030517578,162.07471345274675,2.774710400988937,156
development_repeated_nested_cv,primary_instrument1_full,primary,1,4,1,development_combined,FPCR,ok,ok,True,7,71,calibrate:072,calibrate,72,201.8000030517578,205.03778560934785,3.2377825575900374,156
development_repeated_nested_cv,primary_instrument1_full,primary,1,4,1,development_combined,FPCR,ok,ok,True,7,75,calibrate:076,calibrate,76,178.10000610351562,177.01216540149352,-1.0878407020221061,156
development_repeated_nested_cv,primary_instrument1_full,primary,1,4,1,development_combined,FPCR,ok,ok,True,7,83,calibrate:084,calibrate,84,205.39999389648438,202.05904968749806,-3.340944208986315,156
development_repeated_nested_cv,primary_instrument1_full,primary,1,4,1,development_combined,FPCR,ok,ok,True,7,102,calibrate:103,calibrate,103,151.60000610351562,162.5936263614394,10.993620257923766,156
development_repeated_nested_cv,primary_instrument1_full,primary,1,4,1,development_combined,FPCR,ok,ok,True,7,106,calibrate:107,calibrate,107,216.89999389648438,219.86319771793484,2.9632038214504632,156
development_repeated_nested_cv,primary_instrument1_full,primary,1,4,1,development_combined,FPCR,ok,ok,True,7,113,calibrate:114,calibrate,114,172.89999389648438,176.74097162972862,3.8409777332442445,156
development_repeated_nested_cv,primary_instrument1_full,primary,1,4,1,development_combined,FPCR,ok,ok,True,7,127,calibrate:128,calibrate,128,239.10000610351562,238.50826805655979,-0.5917380469558395,156
development_repeated_nested_cv,primary_instrument1_full,primary,1,4,1,development_combined,FPCR,ok,ok,True,7,128,calibrate:129,calibrate,129,231.10000610351562,226.61165510876228,-4.488350994753347,156
development_repeated_nested_cv,primary_instrument1_full,primary,1,4,1,development_combined,FPCR,ok,ok,True,7,131,calibrate:132,calibrate,132,206.3000030517578,206.66010336691943,0.3601003151616169,156
development_repeated_nested_cv,primary_instrument1_full,primary,1,4,1,development_combined,FPCR,ok,ok,True,7,139,calibrate:140,calibrate,140,193.3000030517578,197.15387456523,3.8538715134721997,156
development_repeated_nested_cv,primary_instrument1_full,primary,1,4,1,development_combined,FPCR,ok,ok,True,7,141,calibrate:142,calibrate,142,196.3000030517578,189.16616750485022,-7.133835546907591,156
development_repeated_nested_cv,primary_instrument1_full,primary,1,4,1,development_combined,FPCR,ok,ok,True,7,147,calibrate:148,calibrate,148,197.8000030517578,190.11480786941956,-7.685195182338248,156
development_repeated_nested_cv,primary_instrument1_full,primary,1,4,1,development_combined,FPCR,ok,ok,True,7,149,calibrate:150,calibrate,150,181.3000030517578,193.40065921408342,12.100656162325606,156
development_repeated_nested_cv,primary_instrument1_full,primary,1,4,1,development_combined,FPCR,ok,ok,True,7,151,calibrate:152,calibrate,152,201.39999389648438,193.590512240165,-7.809481656319377,156
development_repeated_nested_cv,primary_instrument1_full,primary,1,4,1,development_combined,FPCR,ok,ok,True,7,152,calibrate:153,calibrate,153,199.6999969482422,192.1343146430632,-7.565682305178996,156
development_repeated_nested_cv,primary_instrument1_full,primary,1,4,1,development_combined,FPCR,ok,ok,True,7,161,validate:007,validate,7,195.89999389648438,195.0542796937844,-0.8457142026999804,156
development_repeated_nested_cv,primary_instrument1_full,primary,1,4,1,development_combined,FPCR,ok,ok,True,7,173,validate:019,validate,19,191.8000030517578,192.4903559410364,0.6903528892785857,156
development_repeated_nested_cv,primary_instrument1_full,primary,1,4,1,development_combined,FPCR,ok,ok,True,7,180,validate:026,validate,26,193.39999389648438,199.84106742828718,6.4410735318028,156
development_repeated_nested_cv,primary_instrument1_full,primary,1,4,1,development_combined,FPCR,ok,ok,True,7,182,validate:028,validate,28,195.0,199.47005476022588,4.470054760225878,156
development_repeated_nested_cv,primary_instrument1_full,primary,1,4,1,development_combined,FPCR,ok,ok,True,7,186,validate:032,validate,32,197.5,198.31473814578123,0.8147381457812344,156
development_repeated_nested_cv,primary_instrument1_full,primary,1,4,1,development_combined,FPCR,ok,ok,True,7,187,validate:033,validate,33,194.1999969482422,199.8451300268291,5.645133078586923,156
development_repeated_nested_cv,primary_instrument1_full,primary,1,4,1,development_combined,FPCR,ok,ok,True,7,189,validate:035,validate,35,196.6999969482422,199.71610518153634,3.0161082332941476,156
development_repeated_nested_cv,primary_instrument1_full,primary,1,4,1,development_combined,FPCR,ok,ok,True,7,190,validate:036,validate,36,194.6999969482422,199.77508878316976,5.075091834927576,156
development_repeated_nested_cv,primary_instrument1_full,primary,1,4,2,development_combined,CG-FPLS-code,ok,ok,True,3,3,calibrate:004,calibrate,4,199.89999389648438,196.7278425639077,-3.172151332576675,156
development_repeated_nested_cv,primary_instrument1_full,primary,1,4,2,development_combined,CG-FPLS-code,ok,ok,True,3,6,calibrate:007,calibrate,7,200.10000610351562,191.77648306653086,-8.323523036984767,156
development_repeated_nested_cv,primary_instrument1_full,primary,1,4,2,development_combined,CG-FPLS-code,ok,ok,True,3,9,calibrate:010,calibrate,10,181.10000610351562,179.91983494958083,-1.1801711539347934,156
development_repeated_nested_cv,primary_instrument1_full,primary,1,4,2,development_combined,CG-FPLS-code,ok,ok,True,3,18,calibrate:019,calibrate,19,159.5,177.4612171610801,17.9612171610801,156
development_repeated_nested_cv,primary_instrument1_full,primary,1,4,2,development_combined,CG-FPLS-code,ok,ok,True,3,22,calibrate:023,calibrate,23,220.6999969482422,218.1061423602878,-2.5938545879543824,156
development_repeated_nested_cv,primary_instrument1_full,primary,1,4,2,development_combined,CG-FPLS-code,ok,ok,True,3,25,calibrate:026,calibrate,26,214.3000030517578,214.9667130189771,0.6667099672192762,156
development_repeated_nested_cv,primary_instrument1_full,primary,1,4,2,development_combined,CG-FPLS-code,ok,ok,True,3,28,calibrate:029,calibrate,29,222.5,214.93717612554735,-7.562823874452647,156
development_repeated_nested_cv,primary_instrument1_full,primary,1,4,2,development_combined,CG-FPLS-code,ok,ok,True,3,30,calibrate:031,calibrate,31,184.1999969482422,182.5068779539253,-1.693118994316876,156
development_repeated_nested_cv,primary_instrument1_full,primary,1,4,2,development_combined,CG-FPLS-code,ok,ok,True,3,33,calibrate:034,calibrate,34,231.89999389648438,231.64672178137047,-0.25327211511390146,156
development_repeated_nested_cv,primary_instrument1_full,primary,1,4,2,development_combined,CG-FPLS-code,ok,ok,True,3,34,calibrate:035,calibrate,35,218.0,214.61990409699916,-3.3800959030008357,156
development_repeated_nested_cv,primary_instrument1_full,primary,1,4,2,development_combined,CG-FPLS-code,ok,ok,True,3,35,calibrate:036,calibrate,36,177.0,172.3495205668131,-4.650479433186888,156
development_repeated_nested_cv,primary_instrument1_full,primary,1,4,2,development_combined,CG-FPLS-code,ok,ok,True,3,41,calibrate:042,calibrate,42,187.5,186.0911105253121,-1.4088894746878964,156
development_repeated_nested_cv,primary_instrument1_full,primary,1,4,2,development_combined,CG-FPLS-code,ok,ok,True,3,55,calibrate:056,calibrate,56,157.5,166.31751184850492,8.817511848504921,156
development_repeated_nested_cv,primary_instrument1_full,primary,1,4,2,development_combined,CG-FPLS-code,ok,ok,True,3,58,calibrate:059,calibrate,59,155.1999969482422,159.6919450506982,4.491948102456007,156
development_repeated_nested_cv,primary_instrument1_full,primary,1,4,2,development_combined,CG-FPLS-code,ok,ok,True,3,59,calibrate:060,calibrate,60,172.3000030517578,179.45110592175257,7.151102869994759,156
development_repeated_nested_cv,primary_instrument1_full,primary,1,4,2,development_combined,CG-FPLS-code,ok,ok,True,3,61,calibrate:062,calibrate,62,176.6999969482422,177.2177811663932,0.5177842181510073,156
development_repeated_nested_cv,primary_instrument1_full,primary,1,4,2,development_combined,CG-FPLS-code,ok,ok,True,3,64,calibrate:065,calibrate,65,158.1999969482422,160.29057022307356,2.090573274831371,156
development_repeated_nested_cv,primary_instrument1_full,primary,1,4,2,development_combined,CG-FPLS-code,ok,ok,True,3,68,calibrate:069,calibrate,69,233.1999969482422,228.33055663936295,-4.869440308879234,156
development_repeated_nested_cv,primary_instrument1_full,primary,1,4,2,development_combined,CG-FPLS-code,ok,ok,True,3,77,calibrate:078,calibrate,78,201.6999969482422,200.51880852227666,-1.18118842596553,156
development_repeated_nested_cv,primary_instrument1_full,primary,1,4,2,development_combined,CG-FPLS-code,ok,ok,True,3,79,calibrate:080,calibrate,80,208.39999389648438,204.38880528092167,-4.011188615562702,156
development_repeated_nested_cv,primary_instrument1_full,primary,1,4,2,development_combined,CG-FPLS-code,ok,ok,True,3,89,calibrate:090,calibrate,90,173.39999389648438,180.902738297833,7.502744401348622,156
development_repeated_nested_cv,primary_instrument1_full,primary,1,4,2,development_combined,CG-FPLS-code,ok,ok,True,3,112,calibrate:113,calibrate,113,219.39999389648438,212.59897790342595,-6.801015993058428,156
development_repeated_nested_cv,primary_instrument1_full,primary,1,4,2,development_combined,CG-FPLS-code,ok,ok,True,3,114,calibrate:115,calibrate,115,180.5,176.84524065512824,-3.6547593448717635,156
development_repeated_nested_cv,primary_instrument1_full,primary,1,4,2,development_combined,CG-FPLS-code,ok,ok,True,3,115,calibrate:116,calibrate,116,209.5,198.32241911301975,-11.177580886980252,156
development_repeated_nested_cv,primary_instrument1_full,primary,1,4,2,development_combined,CG-FPLS-code,ok,ok,True,3,123,calibrate:124,calibrate,124,175.5,178.74496243340292,3.244962433402918,156
development_repeated_nested_cv,primary_instrument1_full,primary,1,4,2,development_combined,CG-FPLS-code,ok,ok,True,3,126,calibrate:127,calibrate,127,204.5,182.6822157390427,-21.817784260957296,156
development_repeated_nested_cv,primary_instrument1_full,primary,1,4,2,development_combined,CG-FPLS-code,ok,ok,True,3,130,calibrate:131,calibrate,131,184.5,183.6271484084388,-0.8728515915611865,156
development_repeated_nested_cv,primary_instrument1_full,primary,1,4,2,development_combined,CG-FPLS-code,ok,ok,True,3,143,calibrate:144,calibrate,144,194.60000610351562,189.80625730424703,-4.793748799268599,156
development_repeated_nested_cv,primary_instrument1_full,primary,1,4,2,development_combined,CG-FPLS-code,ok,ok,True,3,144,calibrate:145,calibrate,145,191.1999969482422,196.10023944812272,4.900242499880534,156
development_repeated_nested_cv,primary_instrument1_full,primary,1,4,2,development_combined,CG-FPLS-code,ok,ok,True,3,145,calibrate:146,calibrate,146,191.0,195.78532078956857,4.785320789568573,156
development_repeated_nested_cv,primary_instrument1_full,primary,1,4,2,development_combined,CG-FPLS-code,ok,ok,True,3,146,calibrate:147,calibrate,147,198.60000610351562,188.78377232459042,-9.81623377892521,156
development_repeated_nested_cv,primary_instrument1_full,primary,1,4,2,development_combined,CG-FPLS-code,ok,ok,True,3,156,validate:002,validate,2,188.1999969482422,197.77880040083247,9.578803452590279,156
development_repeated_nested_cv,primary_instrument1_full,primary,1,4,2,development_combined,CG-FPLS-code,ok,ok,True,3,162,validate:008,validate,8,194.89999389648438,195.72258279247274,0.8225888959883605,156
development_repeated_nested_cv,primary_instrument1_full,primary,1,4,2,development_combined,CG-FPLS-code,ok,ok,True,3,165,validate:011,validate,11,195.10000610351562,189.21628799894765,-5.883718104567976,156
development_repeated_nested_cv,primary_instrument1_full,primary,1,4,2,development_combined,CG-FPLS-code,ok,ok,True,3,168,validate:014,validate,14,197.5,198.08543069777866,0.5854306977786621,156
development_repeated_nested_cv,primary_instrument1_full,primary,1,4,2,development_combined,CG-FPLS-code,ok,ok,True,3,170,validate:016,validate,16,193.60000610351562,197.85928581155767,4.259279708042044,156
development_repeated_nested_cv,primary_instrument1_full,primary,1,4,2,development_combined,CG-FPLS-code,ok,ok,True,3,174,validate:020,validate,20,196.3000030517578,195.14501082104616,-1.154992230711656,156
development_repeated_nested_cv,primary_instrument1_full,primary,1,4,2,development_combined,CG-FPLS-code,ok,ok,True,3,185,validate:031,validate,31,194.10000610351562,195.8472424915131,1.747236387997475,156
development_repeated_nested_cv,primary_instrument1_full,primary,1,4,2,development_combined,CG-FPLS-code,ok,ok,True,3,193,validate:039,validate,39,196.60000610351562,196.28379072185587,-0.3162153816597595,156
development_repeated_nested_cv,primary_instrument1_full,primary,1,4,2,development_combined,Raw FPLS,ok,ok,True,58,3,calibrate:004,calibrate,4,199.89999389648438,190.2531290220555,-9.646864874428871,156
development_repeated_nested_cv,primary_instrument1_full,primary,1,4,2,development_combined,Raw FPLS,ok,ok,True,58,6,calibrate:007,calibrate,7,200.10000610351562,198.608788951908,-1.4912171516076285,156
development_repeated_nested_cv,primary_instrument1_full,primary,1,4,2,development_combined,Raw FPLS,ok,ok,True,58,9,calibrate:010,calibrate,10,181.10000610351562,178.65688066396785,-2.443125439547771,156
development_repeated_nested_cv,primary_instrument1_full,primary,1,4,2,development_combined,Raw FPLS,ok,ok,True,58,18,calibrate:019,calibrate,19,159.5,177.66683394071782,18.166833940717822,156
development_repeated_nested_cv,primary_instrument1_full,primary,1,4,2,development_combined,Raw FPLS,ok,ok,True,58,22,calibrate:023,calibrate,23,220.6999969482422,217.77917873229424,-2.9208182159479463,156
development_repeated_nested_cv,primary_instrument1_full,primary,1,4,2,development_combined,Raw FPLS,ok,ok,True,58,25,calibrate:026,calibrate,26,214.3000030517578,215.86141166479013,1.561408613032313,156
development_repeated_nested_cv,primary_instrument1_full,primary,1,4,2,development_combined,Raw FPLS,ok,ok,True,58,28,calibrate:029,calibrate,29,222.5,218.97428716258554,-3.52571283741446,156
development_repeated_nested_cv,primary_instrument1_full,primary,1,4,2,development_combined,Raw FPLS,ok,ok,True,58,30,calibrate:031,calibrate,31,184.1999969482422,187.97828251845982,3.7782855702176334,156
development_repeated_nested_cv,primary_instrument1_full,primary,1,4,2,development_combined,Raw FPLS,ok,ok,True,58,33,calibrate:034,calibrate,34,231.89999389648438,237.02053255952185,5.120538663037479,156
development_repeated_nested_cv,primary_instrument1_full,primary,1,4,2,development_combined,Raw FPLS,ok,ok,True,58,34,calibrate:035,calibrate,35,218.0,218.5356653971549,0.5356653971549008,156
development_repeated_nested_cv,primary_instrument1_full,primary,1,4,2,development_combined,Raw FPLS,ok,ok,True,58,35,calibrate:036,calibrate,36,177.0,176.92418244712846,-0.07581755287154124,156
development_repeated_nested_cv,primary_instrument1_full,primary,1,4,2,development_combined,Raw FPLS,ok,ok,True,58,41,calibrate:042,calibrate,42,187.5,187.93377503246927,0.4337750324692706,156
development_repeated_nested_cv,primary_instrument1_full,primary,1,4,2,development_combined,Raw FPLS,ok,ok,True,58,55,calibrate:056,calibrate,56,157.5,161.58349105211857,4.083491052118575,156
development_repeated_nested_cv,primary_instrument1_full,primary,1,4,2,development_combined,Raw FPLS,ok,ok,True,58,58,calibrate:059,calibrate,59,155.1999969482422,160.78363767571915,5.583640727476961,156
development_repeated_nested_cv,primary_instrument1_full,primary,1,4,2,development_combined,Raw FPLS,ok,ok,True,58,59,calibrate:060,calibrate,60,172.3000030517578,173.96033993513507,1.660336883377255,156
development_repeated_nested_cv,primary_instrument1_full,primary,1,4,2,development_combined,Raw FPLS,ok,ok,True,58,61,calibrate:062,calibrate,62,176.6999969482422,175.9180817730111,-0.7819151752310916,156
development_repeated_nested_cv,primary_instrument1_full,primary,1,4,2,development_combined,Raw FPLS,ok,ok,True,58,64,calibrate:065,calibrate,65,158.1999969482422,161.05337402318162,2.8533770749394307,156
development_repeated_nested_cv,primary_instrument1_full,primary,1,4,2,development_combined,Raw FPLS,ok,ok,True,58,68,calibrate:069,calibrate,69,233.1999969482422,234.03624908855699,0.836252140314798,156
development_repeated_nested_cv,primary_instrument1_full,primary,1,4,2,development_combined,Raw FPLS,ok,ok,True,58,77,calibrate:078,calibrate,78,201.6999969482422,204.40973662920527,2.7097396809630823,156
development_repeated_nested_cv,primary_instrument1_full,primary,1,4,2,development_combined,Raw FPLS,ok,ok,True,58,79,calibrate:080,calibrate,80,208.39999389648438,201.53344725028063,-6.866546646203744,156
development_repeated_nested_cv,primary_instrument1_full,primary,1,4,2,development_combined,Raw FPLS,ok,ok,True,58,89,calibrate:090,calibrate,90,173.39999389648438,178.67017258039044,5.270178683906067,156
development_repeated_nested_cv,primary_instrument1_full,primary,1,4,2,development_combined,Raw FPLS,ok,ok,True,58,112,calibrate:113,calibrate,113,219.39999389648438,217.5704640967748,-1.8295297997095759,156
development_repeated_nested_cv,primary_instrument1_full,primary,1,4,2,development_combined,Raw FPLS,ok,ok,True,58,114,calibrate:115,calibrate,115,180.5,176.1804050938637,-4.319594906136302,156
development_repeated_nested_cv,primary_instrument1_full,primary,1,4,2,development_combined,Raw FPLS,ok,ok,True,58,115,calibrate:116,calibrate,116,209.5,201.346015477141,-8.153984522858991,156
development_repeated_nested_cv,primary_instrument1_full,primary,1,4,2,development_combined,Raw FPLS,ok,ok,True,58,123,calibrate:124,calibrate,124,175.5,177.40544232085435,1.9054423208543483,156
development_repeated_nested_cv,primary_instrument1_full,primary,1,4,2,development_combined,Raw FPLS,ok,ok,True,58,126,calibrate:127,calibrate,127,204.5,186.37486567896016,-18.125134321039837,156
development_repeated_nested_cv,primary_instrument1_full,primary,1,4,2,development_combined,Raw FPLS,ok,ok,True,58,130,calibrate:131,calibrate,131,184.5,186.29232445002495,1.7923244500249496,156
development_repeated_nested_cv,primary_instrument1_full,primary,1,4,2,development_combined,Raw FPLS,ok,ok,True,58,143,calibrate:144,calibrate,144,194.60000610351562,189.5257007599716,-5.074305343544012,156
development_repeated_nested_cv,primary_instrument1_full,primary,1,4,2,development_combined,Raw FPLS,ok,ok,True,58,144,calibrate:145,calibrate,145,191.1999969482422,190.3987340811336,-0.8012628671085906,156
development_repeated_nested_cv,primary_instrument1_full,primary,1,4,2,development_combined,Raw FPLS,ok,ok,True,58,145,calibrate:146,calibrate,146,191.0,190.57084969479973,-0.42915030520026676,156
development_repeated_nested_cv,primary_instrument1_full,primary,1,4,2,development_combined,Raw FPLS,ok,ok,True,58,146,calibrate:147,calibrate,147,198.60000610351562,185.47637668071934,-13.123629422796284,156
development_repeated_nested_cv,primary_instrument1_full,primary,1,4,2,development_combined,Raw FPLS,ok,ok,True,58,156,validate:002,validate,2,188.1999969482422,191.3766228217846,3.176625873542406,156
development_repeated_nested_cv,primary_instrument1_full,primary,1,4,2,development_combined,Raw FPLS,ok,ok,True,58,162,validate:008,validate,8,194.89999389648438,191.7810046200992,-3.1189892763851788,156
development_repeated_nested_cv,primary_instrument1_full,primary,1,4,2,development_combined,Raw FPLS,ok,ok,True,58,165,validate:011,validate,11,195.10000610351562,193.77041707463462,-1.3295890288810028,156
development_repeated_nested_cv,primary_instrument1_full,primary,1,4,2,development_combined,Raw FPLS,ok,ok,True,58,168,validate:014,validate,14,197.5,192.52267172724711,-4.977328272752885,156
development_repeated_nested_cv,primary_instrument1_full,primary,1,4,2,development_combined,Raw FPLS,ok,ok,True,58,170,validate:016,validate,16,193.60000610351562,191.73415464442257,-1.8658514590930508,156
development_repeated_nested_cv,primary_instrument1_full,primary,1,4,2,development_combined,Raw FPLS,ok,ok,True,58,174,validate:020,validate,20,196.3000030517578,191.52059385329545,-4.779409198462361,156
development_repeated_nested_cv,primary_instrument1_full,primary,1,4,2,development_combined,Raw FPLS,ok,ok,True,58,185,validate:031,validate,31,194.10000610351562,197.50854614575022,3.4085400422345913,156
development_repeated_nested_cv,primary_instrument1_full,primary,1,4,2,development_combined,Raw FPLS,ok,ok,True,58,193,validate:039,validate,39,196.60000610351562,199.30122650270053,2.701220399184905,156
development_repeated_nested_cv,primary_instrument1_full,primary,1,4,2,development_combined,Arnoldi FPLS,ok,ok,True,6,3,calibrate:004,calibrate,4,199.89999389648438,191.43465330283126,-8.46534059365311,156
development_repeated_nested_cv,primary_instrument1_full,primary,1,4,2,development_combined,Arnoldi FPLS,ok,ok,True,6,6,calibrate:007,calibrate,7,200.10000610351562,198.92908294798337,-1.1709231555322503,156
development_repeated_nested_cv,primary_instrument1_full,primary,1,4,2,development_combined,Arnoldi FPLS,ok,ok,True,6,9,calibrate:010,calibrate,10,181.10000610351562,178.20928170275187,-2.8907244007637587,156
development_repeated_nested_cv,primary_instrument1_full,primary,1,4,2,development_combined,Arnoldi FPLS,ok,ok,True,6,18,calibrate:019,calibrate,19,159.5,176.11799101056204,16.617991010562037,156
development_repeated_nested_cv,primary_instrument1_full,primary,1,4,2,development_combined,Arnoldi FPLS,ok,ok,True,6,22,calibrate:023,calibrate,23,220.6999969482422,218.73520431323342,-1.964792635008763,156
development_repeated_nested_cv,primary_instrument1_full,primary,1,4,2,development_combined,Arnoldi FPLS,ok,ok,True,6,25,calibrate:026,calibrate,26,214.3000030517578,216.17022516449595,1.8702221127381335,156
development_repeated_nested_cv,primary_instrument1_full,primary,1,4,2,development_combined,Arnoldi FPLS,ok,ok,True,6,28,calibrate:029,calibrate,29,222.5,218.7582665583444,-3.7417334416556116,156
development_repeated_nested_cv,primary_instrument1_full,primary,1,4,2,development_combined,Arnoldi FPLS,ok,ok,True,6,30,calibrate:031,calibrate,31,184.1999969482422,187.04552699187735,2.845530043635165,156
development_repeated_nested_cv,primary_instrument1_full,primary,1,4,2,development_combined,Arnoldi FPLS,ok,ok,True,6,33,calibrate:034,calibrate,34,231.89999389648438,239.59107745038378,7.691083553899404,156
development_repeated_nested_cv,primary_instrument1_full,primary,1,4,2,development_combined,Arnoldi FPLS,ok,ok,True,6,34,calibrate:035,calibrate,35,218.0,218.66866124441063,0.6686612444106288,156
development_repeated_nested_cv,primary_instrument1_full,primary,1,4,2,development_combined,Arnoldi FPLS,ok,ok,True,6,35,calibrate:036,calibrate,36,177.0,177.88496347370128,0.8849634737012764,156
development_repeated_nested_cv,primary_instrument1_full,primary,1,4,2,development_combined,Arnoldi FPLS,ok,ok,True,6,41,calibrate:042,calibrate,42,187.5,188.3055032036374,0.8055032036373859,156
development_repeated_nested_cv,primary_instrument1_full,primary,1,4,2,development_combined,Arnoldi FPLS,ok,ok,True,6,55,calibrate:056,calibrate,56,157.5,161.21592782081854,3.7159278208185356,156
development_repeated_nested_cv,primary_instrument1_full,primary,1,4,2,development_combined,Arnoldi FPLS,ok,ok,True,6,58,calibrate:059,calibrate,59,155.1999969482422,160.88992739299061,5.689930444748427,156
development_repeated_nested_cv,primary_instrument1_full,primary,1,4,2,development_combined,Arnoldi FPLS,ok,ok,True,6,59,calibrate:060,calibrate,60,172.3000030517578,175.84382475721466,3.5438217054568497,156
development_repeated_nested_cv,primary_instrument1_full,primary,1,4,2,development_combined,Arnoldi FPLS,ok,ok,True,6,61,calibrate:062,calibrate,62,176.6999969482422,174.22043273784703,-2.4795642103951536,156
development_repeated_nested_cv,primary_instrument1_full,primary,1,4,2,development_combined,Arnoldi FPLS,ok,ok,True,6,64,calibrate:065,calibrate,65,158.1999969482422,163.28463450532047,5.084637557078281,156
development_repeated_nested_cv,primary_instrument1_full,primary,1,4,2,development_combined,Arnoldi FPLS,ok,ok,True,6,68,calibrate:069,calibrate,69,233.1999969482422,236.2709610975557,3.070964149313511,156
development_repeated_nested_cv,primary_instrument1_full,primary,1,4,2,development_combined,Arnoldi FPLS,ok,ok,True,6,77,calibrate:078,calibrate,78,201.6999969482422,202.06270450033148,0.3627075520892902,156
development_repeated_nested_cv,primary_instrument1_full,primary,1,4,2,development_combined,Arnoldi FPLS,ok,ok,True,6,79,calibrate:080,calibrate,80,208.39999389648438,200.9703635237807,-7.429630372703684,156
development_repeated_nested_cv,primary_instrument1_full,primary,1,4,2,development_combined,Arnoldi FPLS,ok,ok,True,6,89,calibrate:090,calibrate,90,173.39999389648438,177.22810885047988,3.8281149539955095,156
development_repeated_nested_cv,primary_instrument1_full,primary,1,4,2,development_combined,Arnoldi FPLS,ok,ok,True,6,112,calibrate:113,calibrate,113,219.39999389648438,216.87819062361808,-2.5218032728662934,156
development_repeated_nested_cv,primary_instrument1_full,primary,1,4,2,development_combined,Arnoldi FPLS,ok,ok,True,6,114,calibrate:115,calibrate,115,180.5,175.45633983172735,-5.043660168272652,156
development_repeated_nested_cv,primary_instrument1_full,primary,1,4,2,development_combined,Arnoldi FPLS,ok,ok,True,6,115,calibrate:116,calibrate,116,209.5,193.95481321894968,-15.545186781050319,156
development_repeated_nested_cv,primary_instrument1_full,primary,1,4,2,development_combined,Arnoldi FPLS,ok,ok,True,6,123,calibrate:124,calibrate,124,175.5,175.91422674524773,0.4142267452477313,156
development_repeated_nested_cv,primary_instrument1_full,primary,1,4,2,development_combined,Arnoldi FPLS,ok,ok,True,6,126,calibrate:127,calibrate,127,204.5,185.10176349352602,-19.398236506473978,156
development_repeated_nested_cv,primary_instrument1_full,primary,1,4,2,development_combined,Arnoldi FPLS,ok,ok,True,6,130,calibrate:131,calibrate,131,184.5,187.12070407407904,2.6207040740790433,156
development_repeated_nested_cv,primary_instrument1_full,primary,1,4,2,development_combined,Arnoldi FPLS,ok,ok,True,6,143,calibrate:144,calibrate,144,194.60000610351562,189.12096221103099,-5.47904389248464,156
development_repeated_nested_cv,primary_instrument1_full,primary,1,4,2,development_combined,Arnoldi FPLS,ok,ok,True,6,144,calibrate:145,calibrate,145,191.1999969482422,190.99196120062496,-0.20803574761723098,156
development_repeated_nested_cv,primary_instrument1_full,primary,1,4,2,development_combined,Arnoldi FPLS,ok,ok,True,6,145,calibrate:146,calibrate,146,191.0,192.07089034096035,1.0708903409603465,156
development_repeated_nested_cv,primary_instrument1_full,primary,1,4,2,development_combined,Arnoldi FPLS,ok,ok,True,6,146,calibrate:147,calibrate,147,198.60000610351562,183.9105785026907,-14.689427600824928,156
development_repeated_nested_cv,primary_instrument1_full,primary,1,4,2,development_combined,Arnoldi FPLS,ok,ok,True,6,156,validate:002,validate,2,188.1999969482422,189.7474523132214,1.5474553649792142,156
development_repeated_nested_cv,primary_instrument1_full,primary,1,4,2,development_combined,Arnoldi FPLS,ok,ok,True,6,162,validate:008,validate,8,194.89999389648438,193.25878358018304,-1.6412103163013398,156
development_repeated_nested_cv,primary_instrument1_full,primary,1,4,2,development_combined,Arnoldi FPLS,ok,ok,True,6,165,validate:011,validate,11,195.10000610351562,193.9524230308698,-1.1475830726458298,156
development_repeated_nested_cv,primary_instrument1_full,primary,1,4,2,development_combined,Arnoldi FPLS,ok,ok,True,6,168,validate:014,validate,14,197.5,193.18260523101566,-4.317394768984343,156
development_repeated_nested_cv,primary_instrument1_full,primary,1,4,2,development_combined,Arnoldi FPLS,ok,ok,True,6,170,validate:016,validate,16,193.60000610351562,190.98626538885676,-2.61374071465886,156
development_repeated_nested_cv,primary_instrument1_full,primary,1,4,2,development_combined,Arnoldi FPLS,ok,ok,True,6,174,validate:020,validate,20,196.3000030517578,194.8166081362883,-1.4833949154695176,156
development_repeated_nested_cv,primary_instrument1_full,primary,1,4,2,development_combined,Arnoldi FPLS,ok,ok,True,6,185,validate:031,validate,31,194.10000610351562,197.87957773073975,3.7795716272241293,156
development_repeated_nested_cv,primary_instrument1_full,primary,1,4,2,development_combined,Arnoldi FPLS,ok,ok,True,6,193,validate:039,validate,39,196.60000610351562,199.23664699025466,2.6366408867390305,156
development_repeated_nested_cv,primary_instrument1_full,primary,1,4,2,development_combined,FPCR,ok,ok,True,57,3,calibrate:004,calibrate,4,199.89999389648438,192.3757449669986,-7.524248929485765,156
development_repeated_nested_cv,primary_instrument1_full,primary,1,4,2,development_combined,FPCR,ok,ok,True,57,6,calibrate:007,calibrate,7,200.10000610351562,199.83811846133858,-0.26188764217704374,156
development_repeated_nested_cv,primary_instrument1_full,primary,1,4,2,development_combined,FPCR,ok,ok,True,57,9,calibrate:010,calibrate,10,181.10000610351562,172.32803939266398,-8.771966710851643,156
development_repeated_nested_cv,primary_instrument1_full,primary,1,4,2,development_combined,FPCR,ok,ok,True,57,18,calibrate:019,calibrate,19,159.5,172.66146239619027,13.161462396190274,156
development_repeated_nested_cv,primary_instrument1_full,primary,1,4,2,development_combined,FPCR,ok,ok,True,57,22,calibrate:023,calibrate,23,220.6999969482422,218.2274349792216,-2.4725619690205747,156
development_repeated_nested_cv,primary_instrument1_full,primary,1,4,2,development_combined,FPCR,ok,ok,True,57,25,calibrate:026,calibrate,26,214.3000030517578,216.09550020082287,1.7954971490650564,156
development_repeated_nested_cv,primary_instrument1_full,primary,1,4,2,development_combined,FPCR,ok,ok,True,57,28,calibrate:029,calibrate,29,222.5,218.19207055208787,-4.30792944791213,156
development_repeated_nested_cv,primary_instrument1_full,primary,1,4,2,development_combined,FPCR,ok,ok,True,57,30,calibrate:031,calibrate,31,184.1999969482422,184.35573871429523,0.15574176605304046,156
development_repeated_nested_cv,primary_instrument1_full,primary,1,4,2,development_combined,FPCR,ok,ok,True,57,33,calibrate:034,calibrate,34,231.89999389648438,243.4006961296151,11.500702233130738,156
development_repeated_nested_cv,primary_instrument1_full,primary,1,4,2,development_combined,FPCR,ok,ok,True,57,34,calibrate:035,calibrate,35,218.0,219.19890252451262,1.1989025245126186,156
development_repeated_nested_cv,primary_instrument1_full,primary,1,4,2,development_combined,FPCR,ok,ok,True,57,35,calibrate:036,calibrate,36,177.0,174.85534945045603,-2.144650549543968,156
development_repeated_nested_cv,primary_instrument1_full,primary,1,4,2,development_combined,FPCR,ok,ok,True,57,41,calibrate:042,calibrate,42,187.5,190.96919199776676,3.4691919977667567,156
development_repeated_nested_cv,primary_instrument1_full,primary,1,4,2,development_combined,FPCR,ok,ok,True,57,55,calibrate:056,calibrate,56,157.5,159.56027477407207,2.06027477407207,156
development_repeated_nested_cv,primary_instrument1_full,primary,1,4,2,development_combined,FPCR,ok,ok,True,57,58,calibrate:059,calibrate,59,155.1999969482422,159.76880267060656,4.568805722364374,156
development_repeated_nested_cv,primary_instrument1_full,primary,1,4,2,development_combined,FPCR,ok,ok,True,57,59,calibrate:060,calibrate,60,172.3000030517578,173.66123967505956,1.3612366233017497,156
development_repeated_nested_cv,primary_instrument1_full,primary,1,4,2,development_combined,FPCR,ok,ok,True,57,61,calibrate:062,calibrate,62,176.6999969482422,177.87240613461006,1.1724091863678723,156
development_repeated_nested_cv,primary_instrument1_full,primary,1,4,2,development_combined,FPCR,ok,ok,True,57,64,calibrate:065,calibrate,65,158.1999969482422,162.02905957364413,3.8290626254019458,156
development_repeated_nested_cv,primary_instrument1_full,primary,1,4,2,development_combined,FPCR,ok,ok,True,57,68,calibrate:069,calibrate,69,233.1999969482422,232.2166897419361,-0.9833072063060797,156
development_repeated_nested_cv,primary_instrument1_full,primary,1,4,2,development_combined,FPCR,ok,ok,True,57,77,calibrate:078,calibrate,78,201.6999969482422,201.29117756734775,-0.4088193808944425,156
development_repeated_nested_cv,primary_instrument1_full,primary,1,4,2,development_combined,FPCR,ok,ok,True,57,79,calibrate:080,calibrate,80,208.39999389648438,203.823618408311,-4.576375488173369,156
development_repeated_nested_cv,primary_instrument1_full,primary,1,4,2,development_combined,FPCR,ok,ok,True,57,89,calibrate:090,calibrate,90,173.39999389648438,178.2393938275029,4.839399931018534,156
development_repeated_nested_cv,primary_instrument1_full,primary,1,4,2,development_combined,FPCR,ok,ok,True,57,112,calibrate:113,calibrate,113,219.39999389648438,230.69539346644754,11.295399569963166,156
development_repeated_nested_cv,primary_instrument1_full,primary,1,4,2,development_combined,FPCR,ok,ok,True,57,114,calibrate:115,calibrate,115,180.5,176.16682101718118,-4.333178982818822,156
development_repeated_nested_cv,primary_instrument1_full,primary,1,4,2,development_combined,FPCR,ok,ok,True,57,115,calibrate:116,calibrate,116,209.5,195.44662741669646,-14.053372583303542,156
development_repeated_nested_cv,primary_instrument1_full,primary,1,4,2,development_combined,FPCR,ok,ok,True,57,123,calibrate:124,calibrate,124,175.5,170.95247116972192,-4.5475288302780825,156
development_repeated_nested_cv,primary_instrument1_full,primary,1,4,2,development_combined,FPCR,ok,ok,True,57,126,calibrate:127,calibrate,127,204.5,187.75527452361845,-16.744725476381547,156
development_repeated_nested_cv,primary_instrument1_full,primary,1,4,2,development_combined,FPCR,ok,ok,True,57,130,calibrate:131,calibrate,131,184.5,189.35876857518303,4.858768575183035,156
development_repeated_nested_cv,primary_instrument1_full,primary,1,4,2,development_combined,FPCR,ok,ok,True,57,143,calibrate:144,calibrate,144,194.60000610351562,192.1164604928553,-2.4835456106603147,156
development_repeated_nested_cv,primary_instrument1_full,primary,1,4,2,development_combined,FPCR,ok,ok,True,57,144,calibrate:145,calibrate,145,191.1999969482422,192.26825169635183,1.0682547481096378,156
development_repeated_nested_cv,primary_instrument1_full,primary,1,4,2,development_combined,FPCR,ok,ok,True,57,145,calibrate:146,calibrate,146,191.0,201.5610421479783,10.561042147978299,156
development_repeated_nested_cv,primary_instrument1_full,primary,1,4,2,development_combined,FPCR,ok,ok,True,57,146,calibrate:147,calibrate,147,198.60000610351562,185.5355366579384,-13.064469445577231,156
development_repeated_nested_cv,primary_instrument1_full,primary,1,4,2,development_combined,FPCR,ok,ok,True,57,156,validate:002,validate,2,188.1999969482422,188.37159291441895,0.17159596617676698,156
development_repeated_nested_cv,primary_instrument1_full,primary,1,4,2,development_combined,FPCR,ok,ok,True,57,162,validate:008,validate,8,194.89999389648438,197.36005232424807,2.4600584277636983,156
development_repeated_nested_cv,primary_instrument1_full,primary,1,4,2,development_combined,FPCR,ok,ok,True,57,165,validate:011,validate,11,195.10000610351562,191.16421807052026,-3.9357880329953616,156
development_repeated_nested_cv,primary_instrument1_full,primary,1,4,2,development_combined,FPCR,ok,ok,True,57,168,validate:014,validate,14,197.5,193.4594640454845,-4.040535954515491,156
development_repeated_nested_cv,primary_instrument1_full,primary,1,4,2,development_combined,FPCR,ok,ok,True,57,170,validate:016,validate,16,193.60000610351562,188.87994864646586,-4.720057457049762,156
development_repeated_nested_cv,primary_instrument1_full,primary,1,4,2,development_combined,FPCR,ok,ok,True,57,174,validate:020,validate,20,196.3000030517578,199.32423976105815,3.0242367093003395,156
development_repeated_nested_cv,primary_instrument1_full,primary,1,4,2,development_combined,FPCR,ok,ok,True,57,185,validate:031,validate,31,194.10000610351562,195.2994316113599,1.1994255078442677,156
development_repeated_nested_cv,primary_instrument1_full,primary,1,4,2,development_combined,FPCR,ok,ok,True,57,193,validate:039,validate,39,196.60000610351562,196.96615004069696,0.3661439371813344,156
development_repeated_nested_cv,primary_instrument1_full,primary,1,4,3,development_combined,CG-FPLS-code,ok,ok,True,3,0,calibrate:001,calibrate,1,200.10000610351562,186.82584791439825,-13.274158189117372,156
development_repeated_nested_cv,primary_instrument1_full,primary,1,4,3,development_combined,CG-FPLS-code,ok,ok,True,3,4,calibrate:005,calibrate,5,199.3000030517578,192.77765072449876,-6.522352327259057,156
development_repeated_nested_cv,primary_instrument1_full,primary,1,4,3,development_combined,CG-FPLS-code,ok,ok,True,3,15,calibrate:016,calibrate,16,173.8000030517578,182.2372280121735,8.437224960415676,156
development_repeated_nested_cv,primary_instrument1_full,primary,1,4,3,development_combined,CG-FPLS-code,ok,ok,True,3,27,calibrate:028,calibrate,28,175.8000030517578,177.63499109893797,1.8349880471801612,156
development_repeated_nested_cv,primary_instrument1_full,primary,1,4,3,development_combined,CG-FPLS-code,ok,ok,True,3,36,calibrate:037,calibrate,37,177.5,175.68838027622974,-1.8116197237702636,156
development_repeated_nested_cv,primary_instrument1_full,primary,1,4,3,development_combined,CG-FPLS-code,ok,ok,True,3,40,calibrate:041,calibrate,41,206.60000610351562,203.80191517158866,-2.7980909319269642,156
development_repeated_nested_cv,primary_instrument1_full,primary,1,4,3,development_combined,CG-FPLS-code,ok,ok,True,3,46,calibrate:047,calibrate,47,158.0,166.24053631994457,8.240536319944567,156
development_repeated_nested_cv,primary_instrument1_full,primary,1,4,3,development_combined,CG-FPLS-code,ok,ok,True,3,48,calibrate:049,calibrate,49,186.3000030517578,192.4912131557479,6.191210103990073,156
development_repeated_nested_cv,primary_instrument1_full,primary,1,4,3,development_combined,CG-FPLS-code,ok,ok,True,3,53,calibrate:054,calibrate,54,221.5,213.57741058060597,-7.922589419394029,156
development_repeated_nested_cv,primary_instrument1_full,primary,1,4,3,development_combined,CG-FPLS-code,ok,ok,True,3,60,calibrate:061,calibrate,61,176.89999389648438,175.44475436936187,-1.455239527122501,156
development_repeated_nested_cv,primary_instrument1_full,primary,1,4,3,development_combined,CG-FPLS-code,ok,ok,True,3,63,calibrate:064,calibrate,64,156.1999969482422,162.18749589027263,5.987498942030442,156
development_repeated_nested_cv,primary_instrument1_full,primary,1,4,3,development_combined,CG-FPLS-code,ok,ok,True,3,73,calibrate:074,calibrate,74,213.8000030517578,213.86557922672424,0.06557617496642365,156
development_repeated_nested_cv,primary_instrument1_full,primary,1,4,3,development_combined,CG-FPLS-code,ok,ok,True,3,74,calibrate:075,calibrate,75,181.3000030517578,191.26249462808298,9.962491576325164,156
development_repeated_nested_cv,primary_instrument1_full,primary,1,4,3,development_combined,CG-FPLS-code,ok,ok,True,3,81,calibrate:082,calibrate,82,216.39999389648438,215.16970231695143,-1.2302915795329454,156
development_repeated_nested_cv,primary_instrument1_full,primary,1,4,3,development_combined,CG-FPLS-code,ok,ok,True,3,82,calibrate:083,calibrate,83,172.39999389648438,177.78584829647627,5.385854399991899,156
development_repeated_nested_cv,primary_instrument1_full,primary,1,4,3,development_combined,CG-FPLS-code,ok,ok,True,3,95,calibrate:096,calibrate,96,171.60000610351562,178.36189182901222,6.761885725496597,156
development_repeated_nested_cv,primary_instrument1_full,primary,1,4,3,development_combined,CG-FPLS-code,ok,ok,True,3,97,calibrate:098,calibrate,98,183.8000030517578,183.18148323125527,-0.6185198205025415,156
development_repeated_nested_cv,primary_instrument1_full,primary,1,4,3,development_combined,CG-FPLS-code,ok,ok,True,3,101,calibrate:102,calibrate,102,203.6999969482422,204.63090297057846,0.9309060223362735,156
development_repeated_nested_cv,primary_instrument1_full,primary,1,4,3,development_combined,CG-FPLS-code,ok,ok,True,3,105,calibrate:106,calibrate,106,160.39999389648438,159.52285691882426,-0.8771369776601148,156
development_repeated_nested_cv,primary_instrument1_full,primary,1,4,3,development_combined,CG-FPLS-code,ok,ok,True,3,108,calibrate:109,calibrate,109,222.60000610351562,213.80333909564342,-8.796667007872202,156
development_repeated_nested_cv,primary_instrument1_full,primary,1,4,3,development_combined,CG-FPLS-code,ok,ok,True,3,110,calibrate:111,calibrate,111,217.0,219.32698285408566,2.3269828540856565,156
development_repeated_nested_cv,primary_instrument1_full,primary,1,4,3,development_combined,CG-FPLS-code,ok,ok,True,3,111,calibrate:112,calibrate,112,220.0,216.8940878329934,-3.1059121670066077,156
development_repeated_nested_cv,primary_instrument1_full,primary,1,4,3,development_combined,CG-FPLS-code,ok,ok,True,3,116,calibrate:117,calibrate,117,224.3000030517578,218.2275190446192,-6.072484007138598,156
development_repeated_nested_cv,primary_instrument1_full,primary,1,4,3,development_combined,CG-FPLS-code,ok,ok,True,3,118,calibrate:119,calibrate,119,232.89999389648438,232.77813723236213,-0.12185666412224805,156
development_repeated_nested_cv,primary_instrument1_full,primary,1,4,3,development_combined,CG-FPLS-code,ok,ok,True,3,119,calibrate:120,calibrate,120,204.60000610351562,204.5516964501015,-0.04830965341412252,156
development_repeated_nested_cv,primary_instrument1_full,primary,1,4,3,development_combined,CG-FPLS-code,ok,ok,True,3,122,calibrate:123,calibrate,123,188.0,187.20705296987646,-0.7929470301235426,156
development_repeated_nested_cv,primary_instrument1_full,primary,1,4,3,development_combined,CG-FPLS-code,ok,ok,True,3,129,calibrate:130,calibrate,130,154.60000610351562,167.13970880199534,12.539702698479715,156
development_repeated_nested_cv,primary_instrument1_full,primary,1,4,3,development_combined,CG-FPLS-code,ok,ok,True,3,134,calibrate:135,calibrate,135,188.6999969482422,186.83069160500705,-1.8693053432351405,156
development_repeated_nested_cv,primary_instrument1_full,primary,1,4,3,development_combined,CG-FPLS-code,ok,ok,True,3,136,calibrate:137,calibrate,137,192.60000610351562,191.41483698055802,-1.1851691229576033,156
development_repeated_nested_cv,primary_instrument1_full,primary,1,4,3,development_combined,CG-FPLS-code,ok,ok,True,3,137,calibrate:138,calibrate,138,195.89999389648438,191.58767243743884,-4.312321459045535,156
development_repeated_nested_cv,primary_instrument1_full,primary,1,4,3,development_combined,CG-FPLS-code,ok,ok,True,3,140,calibrate:141,calibrate,141,197.1999969482422,190.06986573526137,-7.130131212980814,156
development_repeated_nested_cv,primary_instrument1_full,primary,1,4,3,development_combined,CG-FPLS-code,ok,ok,True,3,158,validate:004,validate,4,189.39999389648438,196.51532936691666,7.115335470432285,156
development_repeated_nested_cv,primary_instrument1_full,primary,1,4,3,development_combined,CG-FPLS-code,ok,ok,True,3,159,validate:005,validate,5,195.1999969482422,197.70437032382526,2.5043733755830715,156
development_repeated_nested_cv,primary_instrument1_full,primary,1,4,3,development_combined,CG-FPLS-code,ok,ok,True,3,163,validate:009,validate,9,195.8000030517578,192.78534010811268,-3.014662943645135,156
development_repeated_nested_cv,primary_instrument1_full,primary,1,4,3,development_combined,CG-FPLS-code,ok,ok,True,3,166,validate:012,validate,12,193.8000030517578,189.9850190373779,-3.8149840143799167,156
development_repeated_nested_cv,primary_instrument1_full,primary,1,4,3,development_combined,CG-FPLS-code,ok,ok,True,3,167,validate:013,validate,13,194.5,201.34295980467522,6.842959804675218,156
development_repeated_nested_cv,primary_instrument1_full,primary,1,4,3,development_combined,CG-FPLS-code,ok,ok,True,3,178,validate:024,validate,24,193.60000610351562,202.4254908458185,8.825484742302876,156
development_repeated_nested_cv,primary_instrument1_full,primary,1,4,3,development_combined,CG-FPLS-code,ok,ok,True,3,183,validate:029,validate,29,199.5,196.86611111881305,-2.633888881186948,156
development_repeated_nested_cv,primary_instrument1_full,primary,1,4,3,development_combined,CG-FPLS-code,ok,ok,True,3,184,validate:030,validate,30,196.8000030517578,195.49081310216454,-1.309189949593275,156
development_repeated_nested_cv,primary_instrument1_full,primary,1,4,3,development_combined,Raw FPLS,ok,ok,True,6,0,calibrate:001,calibrate,1,200.10000610351562,193.32183932630835,-6.778166777207275,156
development_repeated_nested_cv,primary_instrument1_full,primary,1,4,3,development_combined,Raw FPLS,ok,ok,True,6,4,calibrate:005,calibrate,5,199.3000030517578,195.47977311385014,-3.820229937907669,156
development_repeated_nested_cv,primary_instrument1_full,primary,1,4,3,development_combined,Raw FPLS,ok,ok,True,6,15,calibrate:016,calibrate,16,173.8000030517578,175.84144943676603,2.0414463850082143,156
development_repeated_nested_cv,primary_instrument1_full,primary,1,4,3,development_combined,Raw FPLS,ok,ok,True,6,27,calibrate:028,calibrate,28,175.8000030517578,176.91926092540947,1.1192578736516623,156
development_repeated_nested_cv,primary_instrument1_full,primary,1,4,3,development_combined,Raw FPLS,ok,ok,True,6,36,calibrate:037,calibrate,37,177.5,177.11611024624017,-0.38388975375983136,156
development_repeated_nested_cv,primary_instrument1_full,primary,1,4,3,development_combined,Raw FPLS,ok,ok,True,6,40,calibrate:041,calibrate,41,206.60000610351562,206.40970572759792,-0.1903003759177011,156
development_repeated_nested_cv,primary_instrument1_full,primary,1,4,3,development_combined,Raw FPLS,ok,ok,True,6,46,calibrate:047,calibrate,47,158.0,159.61466354816602,1.6146635481660212,156
development_repeated_nested_cv,primary_instrument1_full,primary,1,4,3,development_combined,Raw FPLS,ok,ok,True,6,48,calibrate:049,calibrate,49,186.3000030517578,186.68157502538983,0.38157197363202044,156
development_repeated_nested_cv,primary_instrument1_full,primary,1,4,3,development_combined,Raw FPLS,ok,ok,True,6,53,calibrate:054,calibrate,54,221.5,217.93344847345202,-3.5665515265479826,156
development_repeated_nested_cv,primary_instrument1_full,primary,1,4,3,development_combined,Raw FPLS,ok,ok,True,6,60,calibrate:061,calibrate,61,176.89999389648438,177.12055752372336,0.22056362723898815,156
development_repeated_nested_cv,primary_instrument1_full,primary,1,4,3,development_combined,Raw FPLS,ok,ok,True,6,63,calibrate:064,calibrate,64,156.1999969482422,161.3336909819049,5.133694033662721,156
development_repeated_nested_cv,primary_instrument1_full,primary,1,4,3,development_combined,Raw FPLS,ok,ok,True,6,73,calibrate:074,calibrate,74,213.8000030517578,213.26703774401733,-0.5329653077404828,156
development_repeated_nested_cv,primary_instrument1_full,primary,1,4,3,development_combined,Raw FPLS,ok,ok,True,6,74,calibrate:075,calibrate,75,181.3000030517578,184.51746376757495,3.2174607158171398,156
development_repeated_nested_cv,primary_instrument1_full,primary,1,4,3,development_combined,Raw FPLS,ok,ok,True,6,81,calibrate:082,calibrate,82,216.39999389648438,215.06150893149052,-1.338484964993853,156
development_repeated_nested_cv,primary_instrument1_full,primary,1,4,3,development_combined,Raw FPLS,ok,ok,True,6,82,calibrate:083,calibrate,83,172.39999389648438,175.01804251125608,2.618048614771709,156
development_repeated_nested_cv,primary_instrument1_full,primary,1,4,3,development_combined,Raw FPLS,ok,ok,True,6,95,calibrate:096,calibrate,96,171.60000610351562,171.7917834073446,0.19177730382898517,156
development_repeated_nested_cv,primary_instrument1_full,primary,1,4,3,development_combined,Raw FPLS,ok,ok,True,6,97,calibrate:098,calibrate,98,183.8000030517578,186.93040909966305,3.1304060479052396,156
development_repeated_nested_cv,primary_instrument1_full,primary,1,4,3,development_combined,Raw FPLS,ok,ok,True,6,101,calibrate:102,calibrate,102,203.6999969482422,207.48083108827947,3.7808341400372854,156
development_repeated_nested_cv,primary_instrument1_full,primary,1,4,3,development_combined,Raw FPLS,ok,ok,True,6,105,calibrate:106,calibrate,106,160.39999389648438,158.4306547323812,-1.969339164103161,156
development_repeated_nested_cv,primary_instrument1_full,primary,1,4,3,development_combined,Raw FPLS,ok,ok,True,6,108,calibrate:109,calibrate,109,222.60000610351562,221.5426842140401,-1.0573218894755314,156
development_repeated_nested_cv,primary_instrument1_full,primary,1,4,3,development_combined,Raw FPLS,ok,ok,True,6,110,calibrate:111,calibrate,111,217.0,217.59910424750092,0.5991042475009181,156
development_repeated_nested_cv,primary_instrument1_full,primary,1,4,3,development_combined,Raw FPLS,ok,ok,True,6,111,calibrate:112,calibrate,112,220.0,217.79485012823355,-2.2051498717664515,156
development_repeated_nested_cv,primary_instrument1_full,primary,1,4,3,development_combined,Raw FPLS,ok,ok,True,6,116,calibrate:117,calibrate,117,224.3000030517578,216.76233887193604,-7.537664179821775,156
development_repeated_nested_cv,primary_instrument1_full,primary,1,4,3,development_combined,Raw FPLS,ok,ok,True,6,118,calibrate:119,calibrate,119,232.89999389648438,235.8167560645501,2.9167621680657305,156
development_repeated_nested_cv,primary_instrument1_full,primary,1,4,3,development_combined,Raw FPLS,ok,ok,True,6,119,calibrate:120,calibrate,120,204.60000610351562,206.24483515996707,1.6448290564514423,156
development_repeated_nested_cv,primary_instrument1_full,primary,1,4,3,development_combined,Raw FPLS,ok,ok,True,6,122,calibrate:123,calibrate,123,188.0,188.09729052508496,0.09729052508495784,156
development_repeated_nested_cv,primary_instrument1_full,primary,1,4,3,development_combined,Raw FPLS,ok,ok,True,6,129,calibrate:130,calibrate,130,154.60000610351562,162.34554222035496,7.745536116839332,156
development_repeated_nested_cv,primary_instrument1_full,primary,1,4,3,development_combined,Raw FPLS,ok,ok,True,6,134,calibrate:135,calibrate,135,188.6999969482422,190.2195727067854,1.5195757585432261,156
development_repeated_nested_cv,primary_instrument1_full,primary,1,4,3,development_combined,Raw FPLS,ok,ok,True,6,136,calibrate:137,calibrate,137,192.60000610351562,186.31152427077103,-6.288481832744594,156
development_repeated_nested_cv,primary_instrument1_full,primary,1,4,3,development_combined,Raw FPLS,ok,ok,True,6,137,calibrate:138,calibrate,138,195.89999389648438,200.87259959727197,4.972605700787597,156
development_repeated_nested_cv,primary_instrument1_full,primary,1,4,3,development_combined,Raw FPLS,ok,ok,True,6,140,calibrate:141,calibrate,141,197.1999969482422,192.54481705638224,-4.6551798918599445,156
development_repeated_nested_cv,primary_instrument1_full,primary,1,4,3,development_combined,Raw FPLS,ok,ok,True,6,158,validate:004,validate,4,189.39999389648438,193.06553151352463,3.6655376170402576,156
development_repeated_nested_cv,primary_instrument1_full,primary,1,4,3,development_combined,Raw FPLS,ok,ok,True,6,159,validate:005,validate,5,195.1999969482422,194.57699582288896,-0.6230011253532268,156
development_repeated_nested_cv,primary_instrument1_full,primary,1,4,3,development_combined,Raw FPLS,ok,ok,True,6,163,validate:009,validate,9,195.8000030517578,193.86053949508099,-1.9394635566768272,156
development_repeated_nested_cv,primary_instrument1_full,primary,1,4,3,development_combined,Raw FPLS,ok,ok,True,6,166,validate:012,validate,12,193.8000030517578,190.73914139883456,-3.0608616529232506,156
development_repeated_nested_cv,primary_instrument1_full,primary,1,4,3,development_combined,Raw FPLS,ok,ok,True,6,167,validate:013,validate,13,194.5,195.4878653084439,0.9878653084439009,156
development_repeated_nested_cv,primary_instrument1_full,primary,1,4,3,development_combined,Raw FPLS,ok,ok,True,6,178,validate:024,validate,24,193.60000610351562,197.85961902510078,4.259612921585159,156
development_repeated_nested_cv,primary_instrument1_full,primary,1,4,3,development_combined,Raw FPLS,ok,ok,True,6,183,validate:029,validate,29,199.5,198.21976668315259,-1.280233316847415,156
development_repeated_nested_cv,primary_instrument1_full,primary,1,4,3,development_combined,Raw FPLS,ok,ok,True,6,184,validate:030,validate,30,196.8000030517578,200.18741226843585,3.387409216678037,156
development_repeated_nested_cv,primary_instrument1_full,primary,1,4,3,development_combined,Arnoldi FPLS,ok,ok,True,5,0,calibrate:001,calibrate,1,200.10000610351562,193.3955873643768,-6.704418739138816,156
development_repeated_nested_cv,primary_instrument1_full,primary,1,4,3,development_combined,Arnoldi FPLS,ok,ok,True,5,4,calibrate:005,calibrate,5,199.3000030517578,195.4295497477157,-3.8704533040421154,156
development_repeated_nested_cv,primary_instrument1_full,primary,1,4,3,development_combined,Arnoldi FPLS,ok,ok,True,5,15,calibrate:016,calibrate,16,173.8000030517578,175.77922519087144,1.9792221391136309,156
development_repeated_nested_cv,primary_instrument1_full,primary,1,4,3,development_combined,Arnoldi FPLS,ok,ok,True,5,27,calibrate:028,calibrate,28,175.8000030517578,176.94768402868226,1.1476809769244483,156
development_repeated_nested_cv,primary_instrument1_full,primary,1,4,3,development_combined,Arnoldi FPLS,ok,ok,True,5,36,calibrate:037,calibrate,37,177.5,177.1525200119417,-0.3474799880582964,156
development_repeated_nested_cv,primary_instrument1_full,primary,1,4,3,development_combined,Arnoldi FPLS,ok,ok,True,5,40,calibrate:041,calibrate,41,206.60000610351562,206.45917011328694,-0.14083599022868043,156
development_repeated_nested_cv,primary_instrument1_full,primary,1,4,3,development_combined,Arnoldi FPLS,ok,ok,True,5,46,calibrate:047,calibrate,47,158.0,159.5640524574701,1.5640524574700976,156
development_repeated_nested_cv,primary_instrument1_full,primary,1,4,3,development_combined,Arnoldi FPLS,ok,ok,True,5,48,calibrate:049,calibrate,49,186.3000030517578,186.6312469537961,0.33124390203829535,156
development_repeated_nested_cv,primary_instrument1_full,primary,1,4,3,development_combined,Arnoldi FPLS,ok,ok,True,5,53,calibrate:054,calibrate,54,221.5,217.99145562035866,-3.508544379641336,156
development_repeated_nested_cv,primary_instrument1_full,primary,1,4,3,development_combined,Arnoldi FPLS,ok,ok,True,5,60,calibrate:061,calibrate,61,176.89999389648438,177.1523814648445,0.25238756836012044,156
development_repeated_nested_cv,primary_instrument1_full,primary,1,4,3,development_combined,Arnoldi FPLS,ok,ok,True,5,63,calibrate:064,calibrate,64,156.1999969482422,161.33891914806142,5.138922199819234,156
development_repeated_nested_cv,primary_instrument1_full,primary,1,4,3,development_combined,Arnoldi FPLS,ok,ok,True,5,73,calibrate:074,calibrate,74,213.8000030517578,213.31834071601006,-0.48166233574775674,156
development_repeated_nested_cv,primary_instrument1_full,primary,1,4,3,development_combined,Arnoldi FPLS,ok,ok,True,5,74,calibrate:075,calibrate,75,181.3000030517578,184.4661969232391,3.1661938714812834,156
development_repeated_nested_cv,primary_instrument1_full,primary,1,4,3,development_combined,Arnoldi FPLS,ok,ok,True,5,81,calibrate:082,calibrate,82,216.39999389648438,215.09362791618523,-1.306365980299148,156
development_repeated_nested_cv,primary_instrument1_full,primary,1,4,3,development_combined,Arnoldi FPLS,ok,ok,True,5,82,calibrate:083,calibrate,83,172.39999389648438,174.9313125479443,2.5313186514599124,156
development_repeated_nested_cv,primary_instrument1_full,primary,1,4,3,development_combined,Arnoldi FPLS,ok,ok,True,5,95,calibrate:096,calibrate,96,171.60000610351562,171.75325950943832,0.15325340592269754,156
development_repeated_nested_cv,primary_instrument1_full,primary,1,4,3,development_combined,Arnoldi FPLS,ok,ok,True,5,97,calibrate:098,calibrate,98,183.8000030517578,186.9899123345135,3.1899092827556785,156
development_repeated_nested_cv,primary_instrument1_full,primary,1,4,3,development_combined,Arnoldi FPLS,ok,ok,True,5,101,calibrate:102,calibrate,102,203.6999969482422,207.54454026514483,3.8445433169026444,156
development_repeated_nested_cv,primary_instrument1_full,primary,1,4,3,development_combined,Arnoldi FPLS,ok,ok,True,5,105,calibrate:106,calibrate,106,160.39999389648438,158.35460061965776,-2.0453932768266156,156
development_repeated_nested_cv,primary_instrument1_full,primary,1,4,3,development_combined,Arnoldi FPLS,ok,ok,True,5,108,calibrate:109,calibrate,109,222.60000610351562,221.6277200436834,-0.9722860598322143,156
development_repeated_nested_cv,primary_instrument1_full,primary,1,4,3,development_combined,Arnoldi FPLS,ok,ok,True,5,110,calibrate:111,calibrate,111,217.0,217.59626553527312,0.596265535273119,156
development_repeated_nested_cv,primary_instrument1_full,primary,1,4,3,development_combined,Arnoldi FPLS,ok,ok,True,5,111,calibrate:112,calibrate,112,220.0,217.78872736400004,-2.2112726359999613,156
development_repeated_nested_cv,primary_instrument1_full,primary,1,4,3,development_combined,Arnoldi FPLS,ok,ok,True,5,116,calibrate:117,calibrate,117,224.3000030517578,216.77570838724859,-7.5242946645092275,156
development_repeated_nested_cv,primary_instrument1_full,primary,1,4,3,development_combined,Arnoldi FPLS,ok,ok,True,5,118,calibrate:119,calibrate,119,232.89999389648438,235.80285917625952,2.902865279775142,156
development_repeated_nested_cv,primary_instrument1_full,primary,1,4,3,development_combined,Arnoldi FPLS,ok,ok,True,5,119,calibrate:120,calibrate,120,204.60000610351562,206.2893005873887,1.6892944838730841,156
development_repeated_nested_cv,primary_instrument1_full,primary,1,4,3,development_combined,Arnoldi FPLS,ok,ok,True,5,122,calibrate:123,calibrate,123,188.0,188.13043508243481,0.13043508243481483,156
development_repeated_nested_cv,primary_instrument1_full,primary,1,4,3,development_combined,Arnoldi FPLS,ok,ok,True,5,129,calibrate:130,calibrate,130,154.60000610351562,162.35157820753176,7.751572104016134,156
development_repeated_nested_cv,primary_instrument1_full,primary,1,4,3,development_combined,Arnoldi FPLS,ok,ok,True,5,134,calibrate:135,calibrate,135,188.6999969482422,190.30543020404252,1.6054332558003352,156
development_repeated_nested_cv,primary_instrument1_full,primary,1,4,3,development_combined,Arnoldi FPLS,ok,ok,True,5,136,calibrate:137,calibrate,137,192.60000610351562,186.2389332488943,-6.3610728546213124,156
development_repeated_nested_cv,primary_instrument1_full,primary,1,4,3,development_combined,Arnoldi FPLS,ok,ok,True,5,137,calibrate:138,calibrate,138,195.89999389648438,200.94396554461335,5.043971648128974,156
development_repeated_nested_cv,primary_instrument1_full,primary,1,4,3,development_combined,Arnoldi FPLS,ok,ok,True,5,140,calibrate:141,calibrate,141,197.1999969482422,192.60937307247076,-4.590623875771428,156
development_repeated_nested_cv,primary_instrument1_full,primary,1,4,3,development_combined,Arnoldi FPLS,ok,ok,True,5,158,validate:004,validate,4,189.39999389648438,193.07238344991868,3.6723895534343,156
development_repeated_nested_cv,primary_instrument1_full,primary,1,4,3,development_combined,Arnoldi FPLS,ok,ok,True,5,159,validate:005,validate,5,195.1999969482422,194.58455604066242,-0.6154409075797673,156
development_repeated_nested_cv,primary_instrument1_full,primary,1,4,3,development_combined,Arnoldi FPLS,ok,ok,True,5,163,validate:009,validate,9,195.8000030517578,193.83938227366536,-1.9606207780924478,156
development_repeated_nested_cv,primary_instrument1_full,primary,1,4,3,development_combined,Arnoldi FPLS,ok,ok,True,5,166,validate:012,validate,12,193.8000030517578,190.7161590000644,-3.0838440516934043,156
development_repeated_nested_cv,primary_instrument1_full,primary,1,4,3,development_combined,Arnoldi FPLS,ok,ok,True,5,167,validate:013,validate,13,194.5,195.4737501932898,0.9737501932897885,156
development_repeated_nested_cv,primary_instrument1_full,primary,1,4,3,development_combined,Arnoldi FPLS,ok,ok,True,5,178,validate:024,validate,24,193.60000610351562,197.8059902716945,4.2059841681788726,156
development_repeated_nested_cv,primary_instrument1_full,primary,1,4,3,development_combined,Arnoldi FPLS,ok,ok,True,5,183,validate:029,validate,29,199.5,198.14255367466743,-1.3574463253325746,156
development_repeated_nested_cv,primary_instrument1_full,primary,1,4,3,development_combined,Arnoldi FPLS,ok,ok,True,5,184,validate:030,validate,30,196.8000030517578,200.2572834660933,3.457280414335486,156
development_repeated_nested_cv,primary_instrument1_full,primary,1,4,3,development_combined,FPCR,ok,ok,True,12,0,calibrate:001,calibrate,1,200.10000610351562,190.8465344363463,-9.253471667169322,156
development_repeated_nested_cv,primary_instrument1_full,primary,1,4,3,development_combined,FPCR,ok,ok,True,12,4,calibrate:005,calibrate,5,199.3000030517578,194.1196933418807,-5.180309709877122,156
development_repeated_nested_cv,primary_instrument1_full,primary,1,4,3,development_combined,FPCR,ok,ok,True,12,15,calibrate:016,calibrate,16,173.8000030517578,176.09389546156345,2.293892409805636,156
development_repeated_nested_cv,primary_instrument1_full,primary,1,4,3,development_combined,FPCR,ok,ok,True,12,27,calibrate:028,calibrate,28,175.8000030517578,177.08920841153878,1.289205359780965,156
development_repeated_nested_cv,primary_instrument1_full,primary,1,4,3,development_combined,FPCR,ok,ok,True,12,36,calibrate:037,calibrate,37,177.5,176.48304556072154,-1.0169544392784644,156
development_repeated_nested_cv,primary_instrument1_full,primary,1,4,3,development_combined,FPCR,ok,ok,True,12,40,calibrate:041,calibrate,41,206.60000610351562,205.55449319538957,-1.0455129081260566,156
development_repeated_nested_cv,primary_instrument1_full,primary,1,4,3,development_combined,FPCR,ok,ok,True,12,46,calibrate:047,calibrate,47,158.0,161.08050535106943,3.0805053510694336,156
development_repeated_nested_cv,primary_instrument1_full,primary,1,4,3,development_combined,FPCR,ok,ok,True,12,48,calibrate:049,calibrate,49,186.3000030517578,187.94208599687678,1.6420829451189718,156
development_repeated_nested_cv,primary_instrument1_full,primary,1,4,3,development_combined,FPCR,ok,ok,True,12,53,calibrate:054,calibrate,54,221.5,217.31054899016723,-4.189451009832766,156
development_repeated_nested_cv,primary_instrument1_full,primary,1,4,3,development_combined,FPCR,ok,ok,True,12,60,calibrate:061,calibrate,61,176.89999389648438,176.65124952524485,-0.24874437123952475,156
development_repeated_nested_cv,primary_instrument1_full,primary,1,4,3,development_combined,FPCR,ok,ok,True,12,63,calibrate:064,calibrate,64,156.1999969482422,160.6448718672879,4.444874919045702,156
development_repeated_nested_cv,primary_instrument1_full,primary,1,4,3,development_combined,FPCR,ok,ok,True,12,73,calibrate:074,calibrate,74,213.8000030517578,214.79170488363295,0.9917018318751332,156
development_repeated_nested_cv,primary_instrument1_full,primary,1,4,3,development_combined,FPCR,ok,ok,True,12,74,calibrate:075,calibrate,75,181.3000030517578,184.26686265435364,2.9668596025958323,156
development_repeated_nested_cv,primary_instrument1_full,primary,1,4,3,development_combined,FPCR,ok,ok,True,12,81,calibrate:082,calibrate,82,216.39999389648438,216.28175276465626,-0.11824113182811402,156
development_repeated_nested_cv,primary_instrument1_full,primary,1,4,3,development_combined,FPCR,ok,ok,True,12,82,calibrate:083,calibrate,83,172.39999389648438,174.35162118001995,1.9516272835355721,156
development_repeated_nested_cv,primary_instrument1_full,primary,1,4,3,development_combined,FPCR,ok,ok,True,12,95,calibrate:096,calibrate,96,171.60000610351562,172.48521722237857,0.8852111188629408,156
development_repeated_nested_cv,primary_instrument1_full,primary,1,4,3,development_combined,FPCR,ok,ok,True,12,97,calibrate:098,calibrate,98,183.8000030517578,186.42647668570143,2.6264736339436183,156
development_repeated_nested_cv,primary_instrument1_full,primary,1,4,3,development_combined,FPCR,ok,ok,True,12,101,calibrate:102,calibrate,102,203.6999969482422,207.15254109180884,3.452544143566655,156
development_repeated_nested_cv,primary_instrument1_full,primary,1,4,3,development_combined,FPCR,ok,ok,True,12,105,calibrate:106,calibrate,106,160.39999389648438,158.05028168446108,-2.3497122120232916,156
development_repeated_nested_cv,primary_instrument1_full,primary,1,4,3,development_combined,FPCR,ok,ok,True,12,108,calibrate:109,calibrate,109,222.60000610351562,219.90203505719228,-2.697971046323346,156
development_repeated_nested_cv,primary_instrument1_full,primary,1,4,3,development_combined,FPCR,ok,ok,True,12,110,calibrate:111,calibrate,111,217.0,219.40138414775893,2.4013841477589324,156
development_repeated_nested_cv,primary_instrument1_full,primary,1,4,3,development_combined,FPCR,ok,ok,True,12,111,calibrate:112,calibrate,112,220.0,219.54872110800287,-0.4512788919971342,156
development_repeated_nested_cv,primary_instrument1_full,primary,1,4,3,development_combined,FPCR,ok,ok,True,12,116,calibrate:117,calibrate,117,224.3000030517578,217.75129467297128,-6.548708378786529,156
development_repeated_nested_cv,primary_instrument1_full,primary,1,4,3,development_combined,FPCR,ok,ok,True,12,118,calibrate:119,calibrate,119,232.89999389648438,238.40574646121766,5.505752564733285,156
development_repeated_nested_cv,primary_instrument1_full,primary,1,4,3,development_combined,FPCR,ok,ok,True,12,119,calibrate:120,calibrate,120,204.60000610351562,205.928452116026,1.3284460125103692,156
development_repeated_nested_cv,primary_instrument1_full,primary,1,4,3,development_combined,FPCR,ok,ok,True,12,122,calibrate:123,calibrate,123,188.0,187.93605569336918,-0.06394430663081607,156
development_repeated_nested_cv,primary_instrument1_full,primary,1,4,3,development_combined,FPCR,ok,ok,True,12,129,calibrate:130,calibrate,130,154.60000610351562,163.47987853449004,8.879872430974416,156
development_repeated_nested_cv,primary_instrument1_full,primary,1,4,3,development_combined,FPCR,ok,ok,True,12,134,calibrate:135,calibrate,135,188.6999969482422,188.60617574788947,-0.09382120035272123,156
development_repeated_nested_cv,primary_instrument1_full,primary,1,4,3,development_combined,FPCR,ok,ok,True,12,136,calibrate:137,calibrate,137,192.60000610351562,188.20004960570398,-4.399956497811644,156
development_repeated_nested_cv,primary_instrument1_full,primary,1,4,3,development_combined,FPCR,ok,ok,True,12,137,calibrate:138,calibrate,138,195.89999389648438,199.712679611817,3.812685715332634,156
development_repeated_nested_cv,primary_instrument1_full,primary,1,4,3,development_combined,FPCR,ok,ok,True,12,140,calibrate:141,calibrate,141,197.1999969482422,190.9559414547202,-6.244055493521984,156
development_repeated_nested_cv,primary_instrument1_full,primary,1,4,3,development_combined,FPCR,ok,ok,True,12,158,validate:004,validate,4,189.39999389648438,193.09023214982926,3.690238253344887,156
development_repeated_nested_cv,primary_instrument1_full,primary,1,4,3,development_combined,FPCR,ok,ok,True,12,159,validate:005,validate,5,195.1999969482422,194.8249198251659,-0.37507712307629504,156
development_repeated_nested_cv,primary_instrument1_full,primary,1,4,3,development_combined,FPCR,ok,ok,True,12,163,validate:009,validate,9,195.8000030517578,191.96163446928102,-3.8383685824767895,156
development_repeated_nested_cv,primary_instrument1_full,primary,1,4,3,development_combined,FPCR,ok,ok,True,12,166,validate:012,validate,12,193.8000030517578,190.65760097543358,-3.142402076324231,156
development_repeated_nested_cv,primary_instrument1_full,primary,1,4,3,development_combined,FPCR,ok,ok,True,12,167,validate:013,validate,13,194.5,195.4789530908095,0.9789530908095117,156
development_repeated_nested_cv,primary_instrument1_full,primary,1,4,3,development_combined,FPCR,ok,ok,True,12,178,validate:024,validate,24,193.60000610351562,197.8251513435935,4.225145240077865,156
development_repeated_nested_cv,primary_instrument1_full,primary,1,4,3,development_combined,FPCR,ok,ok,True,12,183,validate:029,validate,29,199.5,199.65601655055292,0.15601655055291985,156
development_repeated_nested_cv,primary_instrument1_full,primary,1,4,3,development_combined,FPCR,ok,ok,True,12,184,validate:030,validate,30,196.8000030517578,200.65791858704847,3.8579155352906582,156
development_repeated_nested_cv,primary_instrument1_full,primary,1,4,4,development_combined,CG-FPLS-code,ok,ok,True,3,2,calibrate:003,calibrate,3,201.39999389648438,191.03862088176155,-10.36137301472283,156
development_repeated_nested_cv,primary_instrument1_full,primary,1,4,4,development_combined,CG-FPLS-code,ok,ok,True,3,5,calibrate:006,calibrate,6,198.3000030517578,195.23482980509488,-3.065173246662937,156
development_repeated_nested_cv,primary_instrument1_full,primary,1,4,4,development_combined,CG-FPLS-code,ok,ok,True,3,17,calibrate:018,calibrate,18,221.89999389648438,218.97192297733386,-2.928070919150514,156
development_repeated_nested_cv,primary_instrument1_full,primary,1,4,4,development_combined,CG-FPLS-code,ok,ok,True,3,29,calibrate:030,calibrate,30,236.39999389648438,236.78243904033607,0.38244514385169737,156
development_repeated_nested_cv,primary_instrument1_full,primary,1,4,4,development_combined,CG-FPLS-code,ok,ok,True,3,37,calibrate:038,calibrate,38,208.8000030517578,201.4857747175368,-7.3142283342210135,156
development_repeated_nested_cv,primary_instrument1_full,primary,1,4,4,development_combined,CG-FPLS-code,ok,ok,True,3,42,calibrate:043,calibrate,43,159.60000610351562,163.99150372789336,4.391497624377735,156
development_repeated_nested_cv,primary_instrument1_full,primary,1,4,4,development_combined,CG-FPLS-code,ok,ok,True,3,44,calibrate:045,calibrate,45,181.10000610351562,184.65890635004484,3.5589002465292197,156
development_repeated_nested_cv,primary_instrument1_full,primary,1,4,4,development_combined,CG-FPLS-code,ok,ok,True,3,49,calibrate:050,calibrate,50,220.5,220.97962983650308,0.47962983650307933,156
development_repeated_nested_cv,primary_instrument1_full,primary,1,4,4,development_combined,CG-FPLS-code,ok,ok,True,3,54,calibrate:055,calibrate,55,188.10000610351562,182.77359949987175,-5.326406603643875,156
development_repeated_nested_cv,primary_instrument1_full,primary,1,4,4,development_combined,CG-FPLS-code,ok,ok,True,3,57,calibrate:058,calibrate,58,157.60000610351562,164.50375595364446,6.903749850128833,156
development_repeated_nested_cv,primary_instrument1_full,primary,1,4,4,development_combined,CG-FPLS-code,ok,ok,True,3,76,calibrate:077,calibrate,77,158.10000610351562,157.6353985100174,-0.464607593498215,156
development_repeated_nested_cv,primary_instrument1_full,primary,1,4,4,development_combined,CG-FPLS-code,ok,ok,True,3,78,calibrate:079,calibrate,79,215.1999969482422,220.4484737712201,5.248476822977921,156
development_repeated_nested_cv,primary_instrument1_full,primary,1,4,4,development_combined,CG-FPLS-code,ok,ok,True,3,80,calibrate:081,calibrate,81,172.3000030517578,177.70159457998395,5.401591528226135,156
development_repeated_nested_cv,primary_instrument1_full,primary,1,4,4,development_combined,CG-FPLS-code,ok,ok,True,3,84,calibrate:085,calibrate,85,177.1999969482422,176.58420247506874,-0.6157944731734517,156
development_repeated_nested_cv,primary_instrument1_full,primary,1,4,4,development_combined,CG-FPLS-code,ok,ok,True,3,86,calibrate:087,calibrate,87,205.5,208.15220026084725,2.652200260847252,156
development_repeated_nested_cv,primary_instrument1_full,primary,1,4,4,development_combined,CG-FPLS-code,ok,ok,True,3,87,calibrate:088,calibrate,88,173.60000610351562,181.9950829919987,8.39507688848306,156
development_repeated_nested_cv,primary_instrument1_full,primary,1,4,4,development_combined,CG-FPLS-code,ok,ok,True,3,88,calibrate:089,calibrate,89,203.60000610351562,204.6545965254315,1.0545904219158615,156
development_repeated_nested_cv,primary_instrument1_full,primary,1,4,4,development_combined,CG-FPLS-code,ok,ok,True,3,92,calibrate:093,calibrate,93,203.89999389648438,208.54693458794839,4.64694069146401,156
development_repeated_nested_cv,primary_instrument1_full,primary,1,4,4,development_combined,CG-FPLS-code,ok,ok,True,3,94,calibrate:095,calibrate,95,172.0,174.68203348578652,2.682033485786519,156
development_repeated_nested_cv,primary_instrument1_full,primary,1,4,4,development_combined,CG-FPLS-code,ok,ok,True,3,98,calibrate:099,calibrate,99,176.39999389648438,177.4688881531945,1.0688942567101378,156
development_repeated_nested_cv,primary_instrument1_full,primary,1,4,4,development_combined,CG-FPLS-code,ok,ok,True,3,99,calibrate:100,calibrate,100,219.3000030517578,214.34097368946848,-4.9590293622893284,156
development_repeated_nested_cv,primary_instrument1_full,primary,1,4,4,development_combined,CG-FPLS-code,ok,ok,True,3,103,calibrate:104,calibrate,104,184.5,181.61233590509383,-2.887664094906171,156
development_repeated_nested_cv,primary_instrument1_full,primary,1,4,4,development_combined,CG-FPLS-code,ok,ok,True,3,109,calibrate:110,calibrate,110,231.10000610351562,229.29585413341186,-1.80415197010376,156
development_repeated_nested_cv,primary_instrument1_full,primary,1,4,4,development_combined,CG-FPLS-code,ok,ok,True,3,117,calibrate:118,calibrate,118,217.1999969482422,220.33322394979442,3.1332270015522283,156
development_repeated_nested_cv,primary_instrument1_full,primary,1,4,4,development_combined,CG-FPLS-code,ok,ok,True,3,124,calibrate:125,calibrate,125,154.8000030517578,162.31394075754034,7.513937705782524,156
development_repeated_nested_cv,primary_instrument1_full,primary,1,4,4,development_combined,CG-FPLS-code,ok,ok,True,3,125,calibrate:126,calibrate,126,181.0,165.54942154697912,-15.450578453020881,156
development_repeated_nested_cv,primary_instrument1_full,primary,1,4,4,development_combined,CG-FPLS-code,ok,ok,True,3,132,calibrate:133,calibrate,133,186.6999969482422,194.77067253615851,8.070675587916327,156
development_repeated_nested_cv,primary_instrument1_full,primary,1,4,4,development_combined,CG-FPLS-code,ok,ok,True,3,133,calibrate:134,calibrate,134,192.8000030517578,189.92214733124914,-2.877855720508677,156
development_repeated_nested_cv,primary_instrument1_full,primary,1,4,4,development_combined,CG-FPLS-code,ok,ok,True,3,138,calibrate:139,calibrate,139,191.1999969482422,200.47014870676756,9.270151758525373,156
development_repeated_nested_cv,primary_instrument1_full,primary,1,4,4,development_combined,CG-FPLS-code,ok,ok,True,3,148,calibrate:149,calibrate,149,194.10000610351562,197.37224457025795,3.2722384667423228,156
development_repeated_nested_cv,primary_instrument1_full,primary,1,4,4,development_combined,CG-FPLS-code,ok,ok,True,3,150,calibrate:151,calibrate,151,200.0,191.12622176608724,-8.873778233912759,156
development_repeated_nested_cv,primary_instrument1_full,primary,1,4,4,development_combined,CG-FPLS-code,ok,ok,True,3,157,validate:003,validate,3,191.89999389648438,192.42001122808213,0.5200173315977565,156
development_repeated_nested_cv,primary_instrument1_full,primary,1,4,4,development_combined,CG-FPLS-code,ok,ok,True,3,160,validate:006,validate,6,194.5,195.2712748043048,0.7712748043047952,156
development_repeated_nested_cv,primary_instrument1_full,primary,1,4,4,development_combined,CG-FPLS-code,ok,ok,True,3,171,validate:017,validate,17,194.6999969482422,197.9322472170843,3.232250268842108,156
development_repeated_nested_cv,primary_instrument1_full,primary,1,4,4,development_combined,CG-FPLS-code,ok,ok,True,3,175,validate:021,validate,21,195.10000610351562,196.55688978700303,1.4568836834874048,156
development_repeated_nested_cv,primary_instrument1_full,primary,1,4,4,development_combined,CG-FPLS-code,ok,ok,True,3,179,validate:025,validate,25,195.5,193.82656851491265,-1.6734314850873488,156
development_repeated_nested_cv,primary_instrument1_full,primary,1,4,4,development_combined,CG-FPLS-code,ok,ok,True,3,188,validate:034,validate,34,193.39999389648438,195.88307242141852,2.483078524934143,156
development_repeated_nested_cv,primary_instrument1_full,primary,1,4,4,development_combined,CG-FPLS-code,ok,ok,True,3,191,validate:037,validate,37,197.0,195.02839274993863,-1.9716072500613677,156
development_repeated_nested_cv,primary_instrument1_full,primary,1,4,4,development_combined,CG-FPLS-code,ok,ok,True,3,194,validate:040,validate,40,197.5,192.2809475695683,-5.219052430431702,156
development_repeated_nested_cv,primary_instrument1_full,primary,1,4,4,development_combined,Raw FPLS,ok,ok,True,57,2,calibrate:003,calibrate,3,201.39999389648438,196.15744469858438,-5.24254919789999,156
development_repeated_nested_cv,primary_instrument1_full,primary,1,4,4,development_combined,Raw FPLS,ok,ok,True,57,5,calibrate:006,calibrate,6,198.3000030517578,195.58967338510737,-2.7103296666504377,156
development_repeated_nested_cv,primary_instrument1_full,primary,1,4,4,development_combined,Raw FPLS,ok,ok,True,57,17,calibrate:018,calibrate,18,221.89999389648438,219.68180855493412,-2.218185341550253,156
development_repeated_nested_cv,primary_instrument1_full,primary,1,4,4,development_combined,Raw FPLS,ok,ok,True,57,29,calibrate:030,calibrate,30,236.39999389648438,239.6842731094093,3.284279212924929,156
development_repeated_nested_cv,primary_instrument1_full,primary,1,4,4,development_combined,Raw FPLS,ok,ok,True,57,37,calibrate:038,calibrate,38,208.8000030517578,205.30853533987292,-3.4914677118848942,156
development_repeated_nested_cv,primary_instrument1_full,primary,1,4,4,development_combined,Raw FPLS,ok,ok,True,57,42,calibrate:043,calibrate,43,159.60000610351562,162.31559412594066,2.715588022425038,156
development_repeated_nested_cv,primary_instrument1_full,primary,1,4,4,development_combined,Raw FPLS,ok,ok,True,57,44,calibrate:045,calibrate,45,181.10000610351562,185.90682415999632,4.806818056480694,156
development_repeated_nested_cv,primary_instrument1_full,primary,1,4,4,development_combined,Raw FPLS,ok,ok,True,57,49,calibrate:050,calibrate,50,220.5,216.9137848822412,-3.5862151177587975,156
development_repeated_nested_cv,primary_instrument1_full,primary,1,4,4,development_combined,Raw FPLS,ok,ok,True,57,54,calibrate:055,calibrate,55,188.10000610351562,184.3361658223415,-3.7638402811741116,156
development_repeated_nested_cv,primary_instrument1_full,primary,1,4,4,development_combined,Raw FPLS,ok,ok,True,57,57,calibrate:058,calibrate,58,157.60000610351562,162.03586191482404,4.435855811308414,156
development_repeated_nested_cv,primary_instrument1_full,primary,1,4,4,development_combined,Raw FPLS,ok,ok,True,57,76,calibrate:077,calibrate,77,158.10000610351562,157.28734018425826,-0.8126659192573698,156
development_repeated_nested_cv,primary_instrument1_full,primary,1,4,4,development_combined,Raw FPLS,ok,ok,True,57,78,calibrate:079,calibrate,79,215.1999969482422,219.11572829418816,3.9157313459459715,156
development_repeated_nested_cv,primary_instrument1_full,primary,1,4,4,development_combined,Raw FPLS,ok,ok,True,57,80,calibrate:081,calibrate,81,172.3000030517578,175.03118682638674,2.7311837746289314,156
development_repeated_nested_cv,primary_instrument1_full,primary,1,4,4,development_combined,Raw FPLS,ok,ok,True,57,84,calibrate:085,calibrate,85,177.1999969482422,176.73638112768163,-0.4636158205605625,156
development_repeated_nested_cv,primary_instrument1_full,primary,1,4,4,development_combined,Raw FPLS,ok,ok,True,57,86,calibrate:087,calibrate,87,205.5,203.5647115014533,-1.9352884985466972,156
development_repeated_nested_cv,primary_instrument1_full,primary,1,4,4,development_combined,Raw FPLS,ok,ok,True,57,87,calibrate:088,calibrate,88,173.60000610351562,173.66543271692032,0.06542661340469635,156
development_repeated_nested_cv,primary_instrument1_full,primary,1,4,4,development_combined,Raw FPLS,ok,ok,True,57,88,calibrate:089,calibrate,89,203.60000610351562,202.80815543332724,-0.7918506701883814,156
development_repeated_nested_cv,primary_instrument1_full,primary,1,4,4,development_combined,Raw FPLS,ok,ok,True,57,92,calibrate:093,calibrate,93,203.89999389648438,205.24976818531565,1.34977428883127,156
development_repeated_nested_cv,primary_instrument1_full,primary,1,4,4,development_combined,Raw FPLS,ok,ok,True,57,94,calibrate:095,calibrate,95,172.0,173.45473846291725,1.4547384629172484,156
development_repeated_nested_cv,primary_instrument1_full,primary,1,4,4,development_combined,Raw FPLS,ok,ok,True,57,98,calibrate:099,calibrate,99,176.39999389648438,177.65676446003215,1.256770563547775,156
development_repeated_nested_cv,primary_instrument1_full,primary,1,4,4,development_combined,Raw FPLS,ok,ok,True,57,99,calibrate:100,calibrate,100,219.3000030517578,218.1447966485636,-1.1552064031941995,156
development_repeated_nested_cv,primary_instrument1_full,primary,1,4,4,development_combined,Raw FPLS,ok,ok,True,57,103,calibrate:104,calibrate,104,184.5,185.52215642900805,1.0221564290080494,156
development_repeated_nested_cv,primary_instrument1_full,primary,1,4,4,development_combined,Raw FPLS,ok,ok,True,57,109,calibrate:110,calibrate,110,231.10000610351562,236.09338145746761,4.99337535395199,156
development_repeated_nested_cv,primary_instrument1_full,primary,1,4,4,development_combined,Raw FPLS,ok,ok,True,57,117,calibrate:118,calibrate,118,217.1999969482422,218.45531674676562,1.2553197985234306,156
development_repeated_nested_cv,primary_instrument1_full,primary,1,4,4,development_combined,Raw FPLS,ok,ok,True,57,124,calibrate:125,calibrate,125,154.8000030517578,157.48649665767704,2.6864936059192246,156
development_repeated_nested_cv,primary_instrument1_full,primary,1,4,4,development_combined,Raw FPLS,ok,ok,True,57,125,calibrate:126,calibrate,126,181.0,160.00894488463348,-20.99105511536652,156
development_repeated_nested_cv,primary_instrument1_full,primary,1,4,4,development_combined,Raw FPLS,ok,ok,True,57,132,calibrate:133,calibrate,133,186.6999969482422,189.7696073123159,3.069610364073725,156
development_repeated_nested_cv,primary_instrument1_full,primary,1,4,4,development_combined,Raw FPLS,ok,ok,True,57,133,calibrate:134,calibrate,134,192.8000030517578,194.91993764500194,2.1199345932441247,156
development_repeated_nested_cv,primary_instrument1_full,primary,1,4,4,development_combined,Raw FPLS,ok,ok,True,57,138,calibrate:139,calibrate,139,191.1999969482422,197.87835744565797,6.678360497415781,156
development_repeated_nested_cv,primary_instrument1_full,primary,1,4,4,development_combined,Raw FPLS,ok,ok,True,57,148,calibrate:149,calibrate,149,194.10000610351562,188.03358264067433,-6.0664234628413,156
development_repeated_nested_cv,primary_instrument1_full,primary,1,4,4,development_combined,Raw FPLS,ok,ok,True,57,150,calibrate:151,calibrate,151,200.0,194.67253577920752,-5.3274642207924785,156
development_repeated_nested_cv,primary_instrument1_full,primary,1,4,4,development_combined,Raw FPLS,ok,ok,True,57,157,validate:003,validate,3,191.89999389648438,199.46211118608656,7.562117289602185,156
development_repeated_nested_cv,primary_instrument1_full,primary,1,4,4,development_combined,Raw FPLS,ok,ok,True,57,160,validate:006,validate,6,194.5,191.7366909144911,-2.7633090855088938,156
development_repeated_nested_cv,primary_instrument1_full,primary,1,4,4,development_combined,Raw FPLS,ok,ok,True,57,171,validate:017,validate,17,194.6999969482422,193.12887195908365,-1.571124989158534,156
development_repeated_nested_cv,primary_instrument1_full,primary,1,4,4,development_combined,Raw FPLS,ok,ok,True,57,175,validate:021,validate,21,195.10000610351562,201.09296047720582,5.992954373690196,156
development_repeated_nested_cv,primary_instrument1_full,primary,1,4,4,development_combined,Raw FPLS,ok,ok,True,57,179,validate:025,validate,25,195.5,200.497006911033,4.997006911032997,156
development_repeated_nested_cv,primary_instrument1_full,primary,1,4,4,development_combined,Raw FPLS,ok,ok,True,57,188,validate:034,validate,34,193.39999389648438,196.8851026003163,3.485108703831912,156
development_repeated_nested_cv,primary_instrument1_full,primary,1,4,4,development_combined,Raw FPLS,ok,ok,True,57,191,validate:037,validate,37,197.0,199.05432320110916,2.054323201109156,156
development_repeated_nested_cv,primary_instrument1_full,primary,1,4,4,development_combined,Raw FPLS,ok,ok,True,57,194,validate:040,validate,40,197.5,197.744456267605,0.2444562676049884,156
development_repeated_nested_cv,primary_instrument1_full,primary,1,4,4,development_combined,Arnoldi FPLS,ok,ok,True,5,2,calibrate:003,calibrate,3,201.39999389648438,195.62330463447168,-5.776689262012695,156
development_repeated_nested_cv,primary_instrument1_full,primary,1,4,4,development_combined,Arnoldi FPLS,ok,ok,True,5,5,calibrate:006,calibrate,6,198.3000030517578,195.34067041262497,-2.959332639132839,156
development_repeated_nested_cv,primary_instrument1_full,primary,1,4,4,development_combined,Arnoldi FPLS,ok,ok,True,5,17,calibrate:018,calibrate,18,221.89999389648438,220.22286985598274,-1.6771240405016385,156
development_repeated_nested_cv,primary_instrument1_full,primary,1,4,4,development_combined,Arnoldi FPLS,ok,ok,True,5,29,calibrate:030,calibrate,30,236.39999389648438,240.04931041624405,3.6493165197596795,156
development_repeated_nested_cv,primary_instrument1_full,primary,1,4,4,development_combined,Arnoldi FPLS,ok,ok,True,5,37,calibrate:038,calibrate,38,208.8000030517578,205.0492178615657,-3.7507851901921185,156
development_repeated_nested_cv,primary_instrument1_full,primary,1,4,4,development_combined,Arnoldi FPLS,ok,ok,True,5,42,calibrate:043,calibrate,43,159.60000610351562,162.17628444897042,2.5762783454547957,156
development_repeated_nested_cv,primary_instrument1_full,primary,1,4,4,development_combined,Arnoldi FPLS,ok,ok,True,5,44,calibrate:045,calibrate,45,181.10000610351562,186.38572274949604,5.285716645980415,156
development_repeated_nested_cv,primary_instrument1_full,primary,1,4,4,development_combined,Arnoldi FPLS,ok,ok,True,5,49,calibrate:050,calibrate,50,220.5,217.21227037842152,-3.287729621578478,156
development_repeated_nested_cv,primary_instrument1_full,primary,1,4,4,development_combined,Arnoldi FPLS,ok,ok,True,5,54,calibrate:055,calibrate,55,188.10000610351562,184.91987158279096,-3.180134520724664,156
development_repeated_nested_cv,primary_instrument1_full,primary,1,4,4,development_combined,Arnoldi FPLS,ok,ok,True,5,57,calibrate:058,calibrate,58,157.60000610351562,161.93564047096305,4.335634367447426,156
development_repeated_nested_cv,primary_instrument1_full,primary,1,4,4,development_combined,Arnoldi FPLS,ok,ok,True,5,76,calibrate:077,calibrate,77,158.10000610351562,157.79574289117562,-0.304263212340004,156
development_repeated_nested_cv,primary_instrument1_full,primary,1,4,4,development_combined,Arnoldi FPLS,ok,ok,True,5,78,calibrate:079,calibrate,79,215.1999969482422,219.20900794145953,4.009010993217345,156
development_repeated_nested_cv,primary_instrument1_full,primary,1,4,4,development_combined,Arnoldi FPLS,ok,ok,True,5,80,calibrate:081,calibrate,81,172.3000030517578,174.92822059725754,2.628217545499723,156
development_repeated_nested_cv,primary_instrument1_full,primary,1,4,4,development_combined,Arnoldi FPLS,ok,ok,True,5,84,calibrate:085,calibrate,85,177.1999969482422,176.50356166740173,-0.6964352808404612,156
development_repeated_nested_cv,primary_instrument1_full,primary,1,4,4,development_combined,Arnoldi FPLS,ok,ok,True,5,86,calibrate:087,calibrate,87,205.5,203.92858830664872,-1.5714116933512798,156
development_repeated_nested_cv,primary_instrument1_full,primary,1,4,4,development_combined,Arnoldi FPLS,ok,ok,True,5,87,calibrate:088,calibrate,88,173.60000610351562,174.0663046158601,0.46629851234447983,156
development_repeated_nested_cv,primary_instrument1_full,primary,1,4,4,development_combined,Arnoldi FPLS,ok,ok,True,5,88,calibrate:089,calibrate,89,203.60000610351562,202.62514226866463,-0.9748638348509928,156
development_repeated_nested_cv,primary_instrument1_full,primary,1,4,4,development_combined,Arnoldi FPLS,ok,ok,True,5,92,calibrate:093,calibrate,93,203.89999389648438,205.49219435467373,1.5922004581893532,156
development_repeated_nested_cv,primary_instrument1_full,primary,1,4,4,development_combined,Arnoldi FPLS,ok,ok,True,5,94,calibrate:095,calibrate,95,172.0,173.201607919812,1.2016079198120053,156
development_repeated_nested_cv,primary_instrument1_full,primary,1,4,4,development_combined,Arnoldi FPLS,ok,ok,True,5,98,calibrate:099,calibrate,99,176.39999389648438,177.31256667398273,0.9125727774983545,156
development_repeated_nested_cv,primary_instrument1_full,primary,1,4,4,development_combined,Arnoldi FPLS,ok,ok,True,5,99,calibrate:100,calibrate,100,219.3000030517578,217.72854795245652,-1.5714550993012892,156
development_repeated_nested_cv,primary_instrument1_full,primary,1,4,4,development_combined,Arnoldi FPLS,ok,ok,True,5,103,calibrate:104,calibrate,104,184.5,185.92230526931942,1.4223052693194234,156
development_repeated_nested_cv,primary_instrument1_full,primary,1,4,4,development_combined,Arnoldi FPLS,ok,ok,True,5,109,calibrate:110,calibrate,110,231.10000610351562,235.96910657155493,4.869100468039306,156
development_repeated_nested_cv,primary_instrument1_full,primary,1,4,4,development_combined,Arnoldi FPLS,ok,ok,True,5,117,calibrate:118,calibrate,118,217.1999969482422,218.81041272944816,1.6104157812059725,156
development_repeated_nested_cv,primary_instrument1_full,primary,1,4,4,development_combined,Arnoldi FPLS,ok,ok,True,5,124,calibrate:125,calibrate,125,154.8000030517578,158.25487343755296,3.4548703857951466,156
development_repeated_nested_cv,primary_instrument1_full,primary,1,4,4,development_combined,Arnoldi FPLS,ok,ok,True,5,125,calibrate:126,calibrate,126,181.0,159.96803580930077,-21.031964190699227,156
development_repeated_nested_cv,primary_instrument1_full,primary,1,4,4,development_combined,Arnoldi FPLS,ok,ok,True,5,132,calibrate:133,calibrate,133,186.6999969482422,189.77739305401795,3.0773961057757617,156
development_repeated_nested_cv,primary_instrument1_full,primary,1,4,4,development_combined,Arnoldi FPLS,ok,ok,True,5,133,calibrate:134,calibrate,134,192.8000030517578,194.20357590167214,1.403572849914326,156
development_repeated_nested_cv,primary_instrument1_full,primary,1,4,4,development_combined,Arnoldi FPLS,ok,ok,True,5,138,calibrate:139,calibrate,139,191.1999969482422,197.60989476342093,6.409897815178738,156
development_repeated_nested_cv,primary_instrument1_full,primary,1,4,4,development_combined,Arnoldi FPLS,ok,ok,True,5,148,calibrate:149,calibrate,149,194.10000610351562,188.61105440123362,-5.488951702282009,156
development_repeated_nested_cv,primary_instrument1_full,primary,1,4,4,development_combined,Arnoldi FPLS,ok,ok,True,5,150,calibrate:151,calibrate,151,200.0,194.98826966783534,-5.01173033216466,156
development_repeated_nested_cv,primary_instrument1_full,primary,1,4,4,development_combined,Arnoldi FPLS,ok,ok,True,5,157,validate:003,validate,3,191.89999389648438,198.85320889521495,6.953214998730573,156
development_repeated_nested_cv,primary_instrument1_full,primary,1,4,4,development_combined,Arnoldi FPLS,ok,ok,True,5,160,validate:006,validate,6,194.5,191.49923440757985,-3.0007655924201515,156
development_repeated_nested_cv,primary_instrument1_full,primary,1,4,4,development_combined,Arnoldi FPLS,ok,ok,True,5,171,validate:017,validate,17,194.6999969482422,193.21885014202465,-1.481146806217538,156
development_repeated_nested_cv,primary_instrument1_full,primary,1,4,4,development_combined,Arnoldi FPLS,ok,ok,True,5,175,validate:021,validate,21,195.10000610351562,200.720676638008,5.620670534492376,156
development_repeated_nested_cv,primary_instrument1_full,primary,1,4,4,development_combined,Arnoldi FPLS,ok,ok,True,5,179,validate:025,validate,25,195.5,200.811893564238,5.311893564238005,156
development_repeated_nested_cv,primary_instrument1_full,primary,1,4,4,development_combined,Arnoldi FPLS,ok,ok,True,5,188,validate:034,validate,34,193.39999389648438,197.36896184606616,3.9689679495817813,156
development_repeated_nested_cv,primary_instrument1_full,primary,1,4,4,development_combined,Arnoldi FPLS,ok,ok,True,5,191,validate:037,validate,37,197.0,199.41398987966264,2.413989879662637,156
development_repeated_nested_cv,primary_instrument1_full,primary,1,4,4,development_combined,Arnoldi FPLS,ok,ok,True,5,194,validate:040,validate,40,197.5,198.25668283119253,0.7566828311925349,156
development_repeated_nested_cv,primary_instrument1_full,primary,1,4,4,development_combined,FPCR,ok,ok,True,44,2,calibrate:003,calibrate,3,201.39999389648438,194.35550361449148,-7.044490281992893,156
development_repeated_nested_cv,primary_instrument1_full,primary,1,4,4,development_combined,FPCR,ok,ok,True,44,5,calibrate:006,calibrate,6,198.3000030517578,205.62800896110974,7.32800590935193,156
development_repeated_nested_cv,primary_instrument1_full,primary,1,4,4,development_combined,FPCR,ok,ok,True,44,17,calibrate:018,calibrate,18,221.89999389648438,226.10005674135795,4.200062844873571,156
development_repeated_nested_cv,primary_instrument1_full,primary,1,4,4,development_combined,FPCR,ok,ok,True,44,29,calibrate:030,calibrate,30,236.39999389648438,236.83343602896795,0.4334421324835773,156
development_repeated_nested_cv,primary_instrument1_full,primary,1,4,4,development_combined,FPCR,ok,ok,True,44,37,calibrate:038,calibrate,38,208.8000030517578,203.51235372706302,-5.287649324694797,156
development_repeated_nested_cv,primary_instrument1_full,primary,1,4,4,development_combined,FPCR,ok,ok,True,44,42,calibrate:043,calibrate,43,159.60000610351562,160.0916747253965,0.49166862188087634,156
development_repeated_nested_cv,primary_instrument1_full,primary,1,4,4,development_combined,FPCR,ok,ok,True,44,44,calibrate:045,calibrate,45,181.10000610351562,186.4984222728793,5.398416169363685,156
development_repeated_nested_cv,primary_instrument1_full,primary,1,4,4,development_combined,FPCR,ok,ok,True,44,49,calibrate:050,calibrate,50,220.5,220.16187154476597,-0.33812845523402757,156
development_repeated_nested_cv,primary_instrument1_full,primary,1,4,4,development_combined,FPCR,ok,ok,True,44,54,calibrate:055,calibrate,55,188.10000610351562,183.12497105699435,-4.9750350465212705,156
development_repeated_nested_cv,primary_instrument1_full,primary,1,4,4,development_combined,FPCR,ok,ok,True,44,57,calibrate:058,calibrate,58,157.60000610351562,158.2932556105028,0.693249506987172,156
development_repeated_nested_cv,primary_instrument1_full,primary,1,4,4,development_combined,FPCR,ok,ok,True,44,76,calibrate:077,calibrate,77,158.10000610351562,158.88040911176432,0.7804030082486975,156
development_repeated_nested_cv,primary_instrument1_full,primary,1,4,4,development_combined,FPCR,ok,ok,True,44,78,calibrate:079,calibrate,79,215.1999969482422,217.16626593155237,1.9662689833101865,156
development_repeated_nested_cv,primary_instrument1_full,primary,1,4,4,development_combined,FPCR,ok,ok,True,44,80,calibrate:081,calibrate,81,172.3000030517578,173.9347642387466,1.6347611869887828,156
development_repeated_nested_cv,primary_instrument1_full,primary,1,4,4,development_combined,FPCR,ok,ok,True,44,84,calibrate:085,calibrate,85,177.1999969482422,173.05038623824092,-4.149610710001269,156
development_repeated_nested_cv,primary_instrument1_full,primary,1,4,4,development_combined,FPCR,ok,ok,True,44,86,calibrate:087,calibrate,87,205.5,205.44834535803741,-0.0516546419625854,156
development_repeated_nested_cv,primary_instrument1_full,primary,1,4,4,development_combined,FPCR,ok,ok,True,44,87,calibrate:088,calibrate,88,173.60000610351562,172.83159626635614,-0.7684098371594814,156
development_repeated_nested_cv,primary_instrument1_full,primary,1,4,4,development_combined,FPCR,ok,ok,True,44,88,calibrate:089,calibrate,89,203.60000610351562,208.7705873481595,5.17058124464387,156
development_repeated_nested_cv,primary_instrument1_full,primary,1,4,4,development_combined,FPCR,ok,ok,True,44,92,calibrate:093,calibrate,93,203.89999389648438,208.06767947716847,4.167685580684093,156
development_repeated_nested_cv,primary_instrument1_full,primary,1,4,4,development_combined,FPCR,ok,ok,True,44,94,calibrate:095,calibrate,95,172.0,173.205580509732,1.2055805097319876,156
development_repeated_nested_cv,primary_instrument1_full,primary,1,4,4,development_combined,FPCR,ok,ok,True,44,98,calibrate:099,calibrate,99,176.39999389648438,176.39350735397005,-0.006486542514323901,156
development_repeated_nested_cv,primary_instrument1_full,primary,1,4,4,development_combined,FPCR,ok,ok,True,44,99,calibrate:100,calibrate,100,219.3000030517578,219.574929132347,0.2749260805891822,156
development_repeated_nested_cv,primary_instrument1_full,primary,1,4,4,development_combined,FPCR,ok,ok,True,44,103,calibrate:104,calibrate,104,184.5,180.75405954460962,-3.7459404553903823,156
development_repeated_nested_cv,primary_instrument1_full,primary,1,4,4,development_combined,FPCR,ok,ok,True,44,109,calibrate:110,calibrate,110,231.10000610351562,218.53557270390928,-12.564433399606344,156
development_repeated_nested_cv,primary_instrument1_full,primary,1,4,4,development_combined,FPCR,ok,ok,True,44,117,calibrate:118,calibrate,118,217.1999969482422,214.15294158329317,-3.047055364949017,156
development_repeated_nested_cv,primary_instrument1_full,primary,1,4,4,development_combined,FPCR,ok,ok,True,44,124,calibrate:125,calibrate,125,154.8000030517578,162.04323833874707,7.243235286989261,156
development_repeated_nested_cv,primary_instrument1_full,primary,1,4,4,development_combined,FPCR,ok,ok,True,44,125,calibrate:126,calibrate,126,181.0,155.97741955237873,-25.022580447621266,156
development_repeated_nested_cv,primary_instrument1_full,primary,1,4,4,development_combined,FPCR,ok,ok,True,44,132,calibrate:133,calibrate,133,186.6999969482422,191.0461498952571,4.3461529470149,156
development_repeated_nested_cv,primary_instrument1_full,primary,1,4,4,development_combined,FPCR,ok,ok,True,44,133,calibrate:134,calibrate,134,192.8000030517578,198.7189536934555,5.918950641697677,156
development_repeated_nested_cv,primary_instrument1_full,primary,1,4,4,development_combined,FPCR,ok,ok,True,44,138,calibrate:139,calibrate,139,191.1999969482422,198.63204876453625,7.432051816294063,156
development_repeated_nested_cv,primary_instrument1_full,primary,1,4,4,development_combined,FPCR,ok,ok,True,44,148,calibrate:149,calibrate,149,194.10000610351562,183.99553962989853,-10.104466473617094,156
development_repeated_nested_cv,primary_instrument1_full,primary,1,4,4,development_combined,FPCR,ok,ok,True,44,150,calibrate:151,calibrate,151,200.0,192.361600035669,-7.6383999643310005,156
development_repeated_nested_cv,primary_instrument1_full,primary,1,4,4,development_combined,FPCR,ok,ok,True,44,157,validate:003,validate,3,191.89999389648438,194.10189723370303,2.2019033372186527,156
development_repeated_nested_cv,primary_instrument1_full,primary,1,4,4,development_combined,FPCR,ok,ok,True,44,160,validate:006,validate,6,194.5,190.97805794505368,-3.5219420549463223,156
development_repeated_nested_cv,primary_instrument1_full,primary,1,4,4,development_combined,FPCR,ok,ok,True,44,171,validate:017,validate,17,194.6999969482422,190.60103703168687,-4.098959916555316,156
development_repeated_nested_cv,primary_instrument1_full,primary,1,4,4,development_combined,FPCR,ok,ok,True,44,175,validate:021,validate,21,195.10000610351562,196.46611821009452,1.3661121065788961,156
development_repeated_nested_cv,primary_instrument1_full,primary,1,4,4,development_combined,FPCR,ok,ok,True,44,179,validate:025,validate,25,195.5,199.4775576214433,3.97755762144331,156
development_repeated_nested_cv,primary_instrument1_full,primary,1,4,4,development_combined,FPCR,ok,ok,True,44,188,validate:034,validate,34,193.39999389648438,198.32750040373966,4.927506507255288,156
development_repeated_nested_cv,primary_instrument1_full,primary,1,4,4,development_combined,FPCR,ok,ok,True,44,191,validate:037,validate,37,197.0,201.86426179106778,4.864261791067776,156
development_repeated_nested_cv,primary_instrument1_full,primary,1,4,4,development_combined,FPCR,ok,ok,True,44,194,validate:040,validate,40,197.5,196.3763818473169,-1.1236181526830933,156
development_repeated_nested_cv,primary_instrument1_full,primary,1,4,5,development_combined,CG-FPLS-code,ok,ok,True,3,1,calibrate:002,calibrate,2,198.6999969482422,190.85823790862474,-7.841759039617443,156
development_repeated_nested_cv,primary_instrument1_full,primary,1,4,5,development_combined,CG-FPLS-code,ok,ok,True,3,7,calibrate:008,calibrate,8,207.6999969482422,204.59856695845795,-3.1014299897842363,156
development_repeated_nested_cv,primary_instrument1_full,primary,1,4,5,development_combined,CG-FPLS-code,ok,ok,True,3,8,calibrate:009,calibrate,9,184.89999389648438,188.69226169610076,3.7922677996163827,156
development_repeated_nested_cv,primary_instrument1_full,primary,1,4,5,development_combined,CG-FPLS-code,ok,ok,True,3,10,calibrate:011,calibrate,11,221.8000030517578,220.59588944871865,-1.2041136030391613,156
development_repeated_nested_cv,primary_instrument1_full,primary,1,4,5,development_combined,CG-FPLS-code,ok,ok,True,3,16,calibrate:017,calibrate,17,222.5,215.0395007464638,-7.460499253536199,156
development_repeated_nested_cv,primary_instrument1_full,primary,1,4,5,development_combined,CG-FPLS-code,ok,ok,True,3,19,calibrate:020,calibrate,20,159.3000030517578,159.63106186622431,0.33105881446650187,156
development_repeated_nested_cv,primary_instrument1_full,primary,1,4,5,development_combined,CG-FPLS-code,ok,ok,True,3,23,calibrate:024,calibrate,24,190.1999969482422,184.65563070410244,-5.544366244139752,156
development_repeated_nested_cv,primary_instrument1_full,primary,1,4,5,development_combined,CG-FPLS-code,ok,ok,True,3,32,calibrate:033,calibrate,33,183.0,187.41876025869558,4.418760258695585,156
development_repeated_nested_cv,primary_instrument1_full,primary,1,4,5,development_combined,CG-FPLS-code,ok,ok,True,3,38,calibrate:039,calibrate,39,214.10000610351562,223.68708757181057,9.58708146829494,156
development_repeated_nested_cv,primary_instrument1_full,primary,1,4,5,development_combined,CG-FPLS-code,ok,ok,True,3,45,calibrate:046,calibrate,46,186.8000030517578,182.11084415328452,-4.689158898473295,156
development_repeated_nested_cv,primary_instrument1_full,primary,1,4,5,development_combined,CG-FPLS-code,ok,ok,True,3,51,calibrate:052,calibrate,52,231.89999389648438,228.0823205958299,-3.8176733006544623,156
development_repeated_nested_cv,primary_instrument1_full,primary,1,4,5,development_combined,CG-FPLS-code,ok,ok,True,3,52,calibrate:053,calibrate,53,171.39999389648438,176.3055000881706,4.905506191686214,156
development_repeated_nested_cv,primary_instrument1_full,primary,1,4,5,development_combined,CG-FPLS-code,ok,ok,True,3,62,calibrate:063,calibrate,63,176.5,174.88925762928073,-1.6107423707192652,156
development_repeated_nested_cv,primary_instrument1_full,primary,1,4,5,development_combined,CG-FPLS-code,ok,ok,True,3,65,calibrate:066,calibrate,66,160.39999389648438,159.03032865141188,-1.3696652450724969,156
development_repeated_nested_cv,primary_instrument1_full,primary,1,4,5,development_combined,CG-FPLS-code,ok,ok,True,3,67,calibrate:068,calibrate,68,179.89999389648438,185.97890303217966,6.078909135695284,156
development_repeated_nested_cv,primary_instrument1_full,primary,1,4,5,development_combined,CG-FPLS-code,ok,ok,True,3,70,calibrate:071,calibrate,71,218.8000030517578,221.018293657952,2.218290606194188,156
development_repeated_nested_cv,primary_instrument1_full,primary,1,4,5,development_combined,CG-FPLS-code,ok,ok,True,3,72,calibrate:073,calibrate,73,202.6999969482422,201.18600804673616,-1.5139889015060248,156
development_repeated_nested_cv,primary_instrument1_full,primary,1,4,5,development_combined,CG-FPLS-code,ok,ok,True,3,85,calibrate:086,calibrate,86,184.1999969482422,183.5089946982991,-0.6910022499430966,156
development_repeated_nested_cv,primary_instrument1_full,primary,1,4,5,development_combined,CG-FPLS-code,ok,ok,True,3,90,calibrate:091,calibrate,91,216.5,215.0452667255512,-1.454733274448813,156
development_repeated_nested_cv,primary_instrument1_full,primary,1,4,5,development_combined,CG-FPLS-code,ok,ok,True,3,91,calibrate:092,calibrate,92,175.5,180.47793224950212,4.977932249502118,156
development_repeated_nested_cv,primary_instrument1_full,primary,1,4,5,development_combined,CG-FPLS-code,ok,ok,True,3,93,calibrate:094,calibrate,94,172.39999389648438,180.71195128004845,8.311957383564078,156
development_repeated_nested_cv,primary_instrument1_full,primary,1,4,5,development_combined,CG-FPLS-code,ok,ok,True,3,96,calibrate:097,calibrate,97,204.0,205.587137505773,1.5871375057730006,156
development_repeated_nested_cv,primary_instrument1_full,primary,1,4,5,development_combined,CG-FPLS-code,ok,ok,True,3,100,calibrate:101,calibrate,101,216.5,218.01610959596022,1.5161095959602164,156
development_repeated_nested_cv,primary_instrument1_full,primary,1,4,5,development_combined,CG-FPLS-code,ok,ok,True,3,104,calibrate:105,calibrate,105,157.0,161.35448641703994,4.354486417039936,156
development_repeated_nested_cv,primary_instrument1_full,primary,1,4,5,development_combined,CG-FPLS-code,ok,ok,True,3,107,calibrate:108,calibrate,108,231.10000610351562,232.76869392851407,1.6686878249984431,156
development_repeated_nested_cv,primary_instrument1_full,primary,1,4,5,development_combined,CG-FPLS-code,ok,ok,True,3,120,calibrate:121,calibrate,121,155.10000610351562,162.63937757798246,7.539371474466833,156
development_repeated_nested_cv,primary_instrument1_full,primary,1,4,5,development_combined,CG-FPLS-code,ok,ok,True,3,121,calibrate:122,calibrate,122,176.89999389648438,159.3922858396811,-17.507708056803267,156
development_repeated_nested_cv,primary_instrument1_full,primary,1,4,5,development_combined,CG-FPLS-code,ok,ok,True,3,135,calibrate:136,calibrate,136,193.10000610351562,195.4072528215722,2.307246718056575,156
development_repeated_nested_cv,primary_instrument1_full,primary,1,4,5,development_combined,CG-FPLS-code,ok,ok,True,3,142,calibrate:143,calibrate,143,196.60000610351562,190.18166149270186,-6.418344610813762,156
development_repeated_nested_cv,primary_instrument1_full,primary,1,4,5,development_combined,CG-FPLS-code,ok,ok,True,3,153,calibrate:154,calibrate,154,201.5,188.45361787117773,-13.046382128822273,156
development_repeated_nested_cv,primary_instrument1_full,primary,1,4,5,development_combined,CG-FPLS-code,ok,ok,True,3,154,calibrate:155,calibrate,155,195.3000030517578,189.44515737859425,-5.854845673163567,156
development_repeated_nested_cv,primary_instrument1_full,primary,1,4,5,development_combined,CG-FPLS-code,ok,ok,True,3,155,validate:001,validate,1,189.0,193.54964972755454,4.549649727554538,156
development_repeated_nested_cv,primary_instrument1_full,primary,1,4,5,development_combined,CG-FPLS-code,ok,ok,True,3,164,validate:010,validate,10,193.8000030517578,195.8612322942721,2.061229242514287,156
development_repeated_nested_cv,primary_instrument1_full,primary,1,4,5,development_combined,CG-FPLS-code,ok,ok,True,3,169,validate:015,validate,15,195.10000610351562,195.48449723974477,0.3844911362291441,156
development_repeated_nested_cv,primary_instrument1_full,primary,1,4,5,development_combined,CG-FPLS-code,ok,ok,True,3,172,validate:018,validate,18,195.39999389648438,195.41641816980658,0.01642427332220109,156
development_repeated_nested_cv,primary_instrument1_full,primary,1,4,5,development_combined,CG-FPLS-code,ok,ok,True,3,176,validate:022,validate,22,194.0,197.43165299945187,3.4316529994518703,156
development_repeated_nested_cv,primary_instrument1_full,primary,1,4,5,development_combined,CG-FPLS-code,ok,ok,True,3,177,validate:023,validate,23,194.5,198.88590657617917,4.385906576179167,156
development_repeated_nested_cv,primary_instrument1_full,primary,1,4,5,development_combined,CG-FPLS-code,ok,ok,True,3,181,validate:027,validate,27,198.89999389648438,200.59515451831965,1.6951606218352708,156
development_repeated_nested_cv,primary_instrument1_full,primary,1,4,5,development_combined,CG-FPLS-code,ok,ok,True,3,192,validate:038,validate,38,197.39999389648438,196.557930528148,-0.842063368336369,156
development_repeated_nested_cv,primary_instrument1_full,primary,1,4,5,development_combined,Raw FPLS,ok,ok,True,15,1,calibrate:002,calibrate,2,198.6999969482422,193.97840547309227,-4.721591475149921,156
development_repeated_nested_cv,primary_instrument1_full,primary,1,4,5,development_combined,Raw FPLS,ok,ok,True,15,7,calibrate:008,calibrate,8,207.6999969482422,203.22688716594064,-4.473109782301549,156
development_repeated_nested_cv,primary_instrument1_full,primary,1,4,5,development_combined,Raw FPLS,ok,ok,True,15,8,calibrate:009,calibrate,9,184.89999389648438,185.8843923775036,0.9843984810192126,156
development_repeated_nested_cv,primary_instrument1_full,primary,1,4,5,development_combined,Raw FPLS,ok,ok,True,15,10,calibrate:011,calibrate,11,221.8000030517578,218.2618638275539,-3.538139224203917,156
development_repeated_nested_cv,primary_instrument1_full,primary,1,4,5,development_combined,Raw FPLS,ok,ok,True,15,16,calibrate:017,calibrate,17,222.5,218.00861397990516,-4.491386020094836,156
development_repeated_nested_cv,primary_instrument1_full,primary,1,4,5,development_combined,Raw FPLS,ok,ok,True,15,19,calibrate:020,calibrate,20,159.3000030517578,159.8898057003632,0.5898026486053993,156
development_repeated_nested_cv,primary_instrument1_full,primary,1,4,5,development_combined,Raw FPLS,ok,ok,True,15,23,calibrate:024,calibrate,24,190.1999969482422,187.20904926183078,-2.9909476864114026,156
development_repeated_nested_cv,primary_instrument1_full,primary,1,4,5,development_combined,Raw FPLS,ok,ok,True,15,32,calibrate:033,calibrate,33,183.0,188.2448552237116,5.244855223711596,156
development_repeated_nested_cv,primary_instrument1_full,primary,1,4,5,development_combined,Raw FPLS,ok,ok,True,15,38,calibrate:039,calibrate,39,214.10000610351562,224.4779254676129,10.377919364097266,156
development_repeated_nested_cv,primary_instrument1_full,primary,1,4,5,development_combined,Raw FPLS,ok,ok,True,15,45,calibrate:046,calibrate,46,186.8000030517578,180.33265559698773,-6.467347454770078,156
development_repeated_nested_cv,primary_instrument1_full,primary,1,4,5,development_combined,Raw FPLS,ok,ok,True,15,51,calibrate:052,calibrate,52,231.89999389648438,233.4187261082066,1.518732211722238,156
development_repeated_nested_cv,primary_instrument1_full,primary,1,4,5,development_combined,Raw FPLS,ok,ok,True,15,52,calibrate:053,calibrate,53,171.39999389648438,178.54231981050125,7.1423259140168796,156
development_repeated_nested_cv,primary_instrument1_full,primary,1,4,5,development_combined,Raw FPLS,ok,ok,True,15,62,calibrate:063,calibrate,63,176.5,178.60208798466286,2.102087984662859,156
development_repeated_nested_cv,primary_instrument1_full,primary,1,4,5,development_combined,Raw FPLS,ok,ok,True,15,65,calibrate:066,calibrate,66,160.39999389648438,156.98276597389568,-3.417227922588694,156
development_repeated_nested_cv,primary_instrument1_full,primary,1,4,5,development_combined,Raw FPLS,ok,ok,True,15,67,calibrate:068,calibrate,68,179.89999389648438,187.2811500443601,7.381156147875714,156
development_repeated_nested_cv,primary_instrument1_full,primary,1,4,5,development_combined,Raw FPLS,ok,ok,True,15,70,calibrate:071,calibrate,71,218.8000030517578,218.23151717706205,-0.5684858746957673,156
development_repeated_nested_cv,primary_instrument1_full,primary,1,4,5,development_combined,Raw FPLS,ok,ok,True,15,72,calibrate:073,calibrate,73,202.6999969482422,204.64454784358765,1.9445508953454578,156
development_repeated_nested_cv,primary_instrument1_full,primary,1,4,5,development_combined,Raw FPLS,ok,ok,True,15,85,calibrate:086,calibrate,86,184.1999969482422,184.32105209550156,0.12105514725936928,156
development_repeated_nested_cv,primary_instrument1_full,primary,1,4,5,development_combined,Raw FPLS,ok,ok,True,15,90,calibrate:091,calibrate,91,216.5,218.1962111934289,1.6962111934288941,156
development_repeated_nested_cv,primary_instrument1_full,primary,1,4,5,development_combined,Raw FPLS,ok,ok,True,15,91,calibrate:092,calibrate,92,175.5,175.93337644412097,0.43337644412096665,156
development_repeated_nested_cv,primary_instrument1_full,primary,1,4,5,development_combined,Raw FPLS,ok,ok,True,15,93,calibrate:094,calibrate,94,172.39999389648438,176.35200011498304,3.952006218498667,156
development_repeated_nested_cv,primary_instrument1_full,primary,1,4,5,development_combined,Raw FPLS,ok,ok,True,15,96,calibrate:097,calibrate,97,204.0,203.10933501588218,-0.8906649841178194,156
development_repeated_nested_cv,primary_instrument1_full,primary,1,4,5,development_combined,Raw FPLS,ok,ok,True,15,100,calibrate:101,calibrate,101,216.5,217.10672284602686,0.6067228460268552,156
development_repeated_nested_cv,primary_instrument1_full,primary,1,4,5,development_combined,Raw FPLS,ok,ok,True,15,104,calibrate:105,calibrate,105,157.0,157.5960934884875,0.5960934884874973,156
development_repeated_nested_cv,primary_instrument1_full,primary,1,4,5,development_combined,Raw FPLS,ok,ok,True,15,107,calibrate:108,calibrate,108,231.10000610351562,237.0528992096041,5.9528931060884815,156
development_repeated_nested_cv,primary_instrument1_full,primary,1,4,5,development_combined,Raw FPLS,ok,ok,True,15,120,calibrate:121,calibrate,121,155.10000610351562,159.87012488205997,4.770118778544344,156
development_repeated_nested_cv,primary_instrument1_full,primary,1,4,5,development_combined,Raw FPLS,ok,ok,True,15,121,calibrate:122,calibrate,122,176.89999389648438,157.28094921253637,-19.619044683948005,156
development_repeated_nested_cv,primary_instrument1_full,primary,1,4,5,development_combined,Raw FPLS,ok,ok,True,15,135,calibrate:136,calibrate,136,193.10000610351562,193.63661766547452,0.5366115619588925,156
development_repeated_nested_cv,primary_instrument1_full,primary,1,4,5,development_combined,Raw FPLS,ok,ok,True,15,142,calibrate:143,calibrate,143,196.60000610351562,191.74976592863445,-4.850240174881179,156
development_repeated_nested_cv,primary_instrument1_full,primary,1,4,5,development_combined,Raw FPLS,ok,ok,True,15,153,calibrate:154,calibrate,154,201.5,190.05976666644412,-11.44023333355588,156
development_repeated_nested_cv,primary_instrument1_full,primary,1,4,5,development_combined,Raw FPLS,ok,ok,True,15,154,calibrate:155,calibrate,155,195.3000030517578,189.6703589464085,-5.629644105349314,156
development_repeated_nested_cv,primary_instrument1_full,primary,1,4,5,development_combined,Raw FPLS,ok,ok,True,15,155,validate:001,validate,1,189.0,191.6885300075301,2.6885300075300904,156
development_repeated_nested_cv,primary_instrument1_full,primary,1,4,5,development_combined,Raw FPLS,ok,ok,True,15,164,validate:010,validate,10,193.8000030517578,190.88289415876474,-2.9171088929930704,156
development_repeated_nested_cv,primary_instrument1_full,primary,1,4,5,development_combined,Raw FPLS,ok,ok,True,15,169,validate:015,validate,15,195.10000610351562,190.87697880367398,-4.223027299841647,156
development_repeated_nested_cv,primary_instrument1_full,primary,1,4,5,development_combined,Raw FPLS,ok,ok,True,15,172,validate:018,validate,18,195.39999389648438,193.15818209926564,-2.2418117972187304,156
development_repeated_nested_cv,primary_instrument1_full,primary,1,4,5,development_combined,Raw FPLS,ok,ok,True,15,176,validate:022,validate,22,194.0,197.25072400453257,3.2507240045325716,156
development_repeated_nested_cv,primary_instrument1_full,primary,1,4,5,development_combined,Raw FPLS,ok,ok,True,15,177,validate:023,validate,23,194.5,200.12171535213128,5.621715352131275,156
development_repeated_nested_cv,primary_instrument1_full,primary,1,4,5,development_combined,Raw FPLS,ok,ok,True,15,181,validate:027,validate,27,198.89999389648438,198.7313981631671,-0.16859573331726097,156
development_repeated_nested_cv,primary_instrument1_full,primary,1,4,5,development_combined,Raw FPLS,ok,ok,True,15,192,validate:038,validate,38,197.39999389648438,195.34126302132074,-2.058730875163633,156
development_repeated_nested_cv,primary_instrument1_full,primary,1,4,5,development_combined,Arnoldi FPLS,ok,ok,True,5,1,calibrate:002,calibrate,2,198.6999969482422,193.97861271583702,-4.721384232405171,156
development_repeated_nested_cv,primary_instrument1_full,primary,1,4,5,development_combined,Arnoldi FPLS,ok,ok,True,5,7,calibrate:008,calibrate,8,207.6999969482422,203.22658547778093,-4.473411470461258,156
development_repeated_nested_cv,primary_instrument1_full,primary,1,4,5,development_combined,Arnoldi FPLS,ok,ok,True,5,8,calibrate:009,calibrate,9,184.89999389648438,185.88402409673722,0.984030200252846,156
development_repeated_nested_cv,primary_instrument1_full,primary,1,4,5,development_combined,Arnoldi FPLS,ok,ok,True,5,10,calibrate:011,calibrate,11,221.8000030517578,218.26211399614039,-3.537889055617427,156
development_repeated_nested_cv,primary_instrument1_full,primary,1,4,5,development_combined,Arnoldi FPLS,ok,ok,True,5,16,calibrate:017,calibrate,17,222.5,218.00810279357992,-4.491897206420077,156
development_repeated_nested_cv,primary_instrument1_full,primary,1,4,5,development_combined,Arnoldi FPLS,ok,ok,True,5,19,calibrate:020,calibrate,20,159.3000030517578,159.88951301864986,0.5895099668920523,156
development_repeated_nested_cv,primary_instrument1_full,primary,1,4,5,development_combined,Arnoldi FPLS,ok,ok,True,5,23,calibrate:024,calibrate,24,190.1999969482422,187.2107901048621,-2.9892068433800887,156
development_repeated_nested_cv,primary_instrument1_full,primary,1,4,5,development_combined,Arnoldi FPLS,ok,ok,True,5,32,calibrate:033,calibrate,33,183.0,188.24461238289413,5.2446123828941325,156
development_repeated_nested_cv,primary_instrument1_full,primary,1,4,5,development_combined,Arnoldi FPLS,ok,ok,True,5,38,calibrate:039,calibrate,39,214.10000610351562,224.4726537160321,10.372647612516488,156
development_repeated_nested_cv,primary_instrument1_full,primary,1,4,5,development_combined,Arnoldi FPLS,ok,ok,True,5,45,calibrate:046,calibrate,46,186.8000030517578,180.3327487985341,-6.4672542532237,156
development_repeated_nested_cv,primary_instrument1_full,primary,1,4,5,development_combined,Arnoldi FPLS,ok,ok,True,5,51,calibrate:052,calibrate,52,231.89999389648438,233.42061392250034,1.520620026015962,156
development_repeated_nested_cv,primary_instrument1_full,primary,1,4,5,development_combined,Arnoldi FPLS,ok,ok,True,5,52,calibrate:053,calibrate,53,171.39999389648438,178.54147967346913,7.1414857769847515,156
development_repeated_nested_cv,primary_instrument1_full,primary,1,4,5,development_combined,Arnoldi FPLS,ok,ok,True,5,62,calibrate:063,calibrate,63,176.5,178.60189412679904,2.1018941267990385,156
development_repeated_nested_cv,primary_instrument1_full,primary,1,4,5,development_combined,Arnoldi FPLS,ok,ok,True,5,65,calibrate:066,calibrate,66,160.39999389648438,156.98466367625065,-3.4153302202337272,156
development_repeated_nested_cv,primary_instrument1_full,primary,1,4,5,development_combined,Arnoldi FPLS,ok,ok,True,5,67,calibrate:068,calibrate,68,179.89999389648438,187.279740290324,7.379746393839639,156
development_repeated_nested_cv,primary_instrument1_full,primary,1,4,5,development_combined,Arnoldi FPLS,ok,ok,True,5,70,calibrate:071,calibrate,71,218.8000030517578,218.2315499138632,-0.5684531378946076,156
development_repeated_nested_cv,primary_instrument1_full,primary,1,4,5,development_combined,Arnoldi FPLS,ok,ok,True,5,72,calibrate:073,calibrate,73,202.6999969482422,204.6451411756951,1.9451442274529143,156
development_repeated_nested_cv,primary_instrument1_full,primary,1,4,5,development_combined,Arnoldi FPLS,ok,ok,True,5,85,calibrate:086,calibrate,86,184.1999969482422,184.32270094014507,0.12270399190288117,156
development_repeated_nested_cv,primary_instrument1_full,primary,1,4,5,development_combined,Arnoldi FPLS,ok,ok,True,5,90,calibrate:091,calibrate,91,216.5,218.1963769135123,1.696376913512296,156
development_repeated_nested_cv,primary_instrument1_full,primary,1,4,5,development_combined,Arnoldi FPLS,ok,ok,True,5,91,calibrate:092,calibrate,92,175.5,175.93373558519392,0.4337355851939151,156
development_repeated_nested_cv,primary_instrument1_full,primary,1,4,5,development_combined,Arnoldi FPLS,ok,ok,True,5,93,calibrate:094,calibrate,94,172.39999389648438,176.35185171175084,3.9518578152664645,156
development_repeated_nested_cv,primary_instrument1_full,primary,1,4,5,development_combined,Arnoldi FPLS,ok,ok,True,5,96,calibrate:097,calibrate,97,204.0,203.10967640215173,-0.8903235978482655,156
development_repeated_nested_cv,primary_instrument1_full,primary,1,4,5,development_combined,Arnoldi FPLS,ok,ok,True,5,100,calibrate:101,calibrate,101,216.5,217.10743570794705,0.6074357079470474,156
development_repeated_nested_cv,primary_instrument1_full,primary,1,4,5,development_combined,Arnoldi FPLS,ok,ok,True,5,104,calibrate:105,calibrate,105,157.0,157.59728044731685,0.597280447316848,156
development_repeated_nested_cv,primary_instrument1_full,primary,1,4,5,development_combined,Arnoldi FPLS,ok,ok,True,5,107,calibrate:108,calibrate,108,231.10000610351562,237.0527281501489,5.9527220466332835,156
development_repeated_nested_cv,primary_instrument1_full,primary,1,4,5,development_combined,Arnoldi FPLS,ok,ok,True,5,120,calibrate:121,calibrate,121,155.10000610351562,159.86896161006842,4.7689555065528,156
development_repeated_nested_cv,primary_instrument1_full,primary,1,4,5,development_combined,Arnoldi FPLS,ok,ok,True,5,121,calibrate:122,calibrate,122,176.89999389648438,157.27971401680736,-19.620279879677014,156
development_repeated_nested_cv,primary_instrument1_full,primary,1,4,5,development_combined,Arnoldi FPLS,ok,ok,True,5,135,calibrate:136,calibrate,136,193.10000610351562,193.63335222290416,0.5333461193885398,156
development_repeated_nested_cv,primary_instrument1_full,primary,1,4,5,development_combined,Arnoldi FPLS,ok,ok,True,5,142,calibrate:143,calibrate,143,196.60000610351562,191.75052303790477,-4.849483065610855,156
development_repeated_nested_cv,primary_instrument1_full,primary,1,4,5,development_combined,Arnoldi FPLS,ok,ok,True,5,153,calibrate:154,calibrate,154,201.5,190.0632785122674,-11.436721487732598,156
development_repeated_nested_cv,primary_instrument1_full,primary,1,4,5,development_combined,Arnoldi FPLS,ok,ok,True,5,154,calibrate:155,calibrate,155,195.3000030517578,189.67413248948887,-5.625870562268943,156
development_repeated_nested_cv,primary_instrument1_full,primary,1,4,5,development_combined,Arnoldi FPLS,ok,ok,True,5,155,validate:001,validate,1,189.0,191.68928320308143,2.6892832030814304,156
development_repeated_nested_cv,primary_instrument1_full,primary,1,4,5,development_combined,Arnoldi FPLS,ok,ok,True,5,164,validate:010,validate,10,193.8000030517578,190.8843808968865,-2.9156221548713006,156
development_repeated_nested_cv,primary_instrument1_full,primary,1,4,5,development_combined,Arnoldi FPLS,ok,ok,True,5,169,validate:015,validate,15,195.10000610351562,190.8774748555749,-4.222531247940736,156
development_repeated_nested_cv,primary_instrument1_full,primary,1,4,5,development_combined,Arnoldi FPLS,ok,ok,True,5,172,validate:018,validate,18,195.39999389648438,193.15786696840811,-2.24212692807626,156
development_repeated_nested_cv,primary_instrument1_full,primary,1,4,5,development_combined,Arnoldi FPLS,ok,ok,True,5,176,validate:022,validate,22,194.0,197.25171266878706,3.2517126687870643,156
development_repeated_nested_cv,primary_instrument1_full,primary,1,4,5,development_combined,Arnoldi FPLS,ok,ok,True,5,177,validate:023,validate,23,194.5,200.11997057006263,5.619970570062634,156
development_repeated_nested_cv,primary_instrument1_full,primary,1,4,5,development_combined,Arnoldi FPLS,ok,ok,True,5,181,validate:027,validate,27,198.89999389648438,198.73240926059205,-0.1675846358923252,156
development_repeated_nested_cv,primary_instrument1_full,primary,1,4,5,development_combined,Arnoldi FPLS,ok,ok,True,5,192,validate:038,validate,38,197.39999389648438,195.3424282284156,-2.0575656680687757,156
development_repeated_nested_cv,primary_instrument1_full,primary,1,4,5,development_combined,FPCR,ok,ok,True,30,1,calibrate:002,calibrate,2,198.6999969482422,195.27931529382792,-3.420681654414267,156
development_repeated_nested_cv,primary_instrument1_full,primary,1,4,5,development_combined,FPCR,ok,ok,True,30,7,calibrate:008,calibrate,8,207.6999969482422,203.25467432302088,-4.4453226252213085,156
development_repeated_nested_cv,primary_instrument1_full,primary,1,4,5,development_combined,FPCR,ok,ok,True,30,8,calibrate:009,calibrate,9,184.89999389648438,186.73939484786183,1.8394009513774563,156
development_repeated_nested_cv,primary_instrument1_full,primary,1,4,5,development_combined,FPCR,ok,ok,True,30,10,calibrate:011,calibrate,11,221.8000030517578,219.23576946013378,-2.5642335916240313,156
development_repeated_nested_cv,primary_instrument1_full,primary,1,4,5,development_combined,FPCR,ok,ok,True,30,16,calibrate:017,calibrate,17,222.5,215.50862187380443,-6.9913781261955705,156
development_repeated_nested_cv,primary_instrument1_full,primary,1,4,5,development_combined,FPCR,ok,ok,True,30,19,calibrate:020,calibrate,20,159.3000030517578,159.22682836053355,-0.07317469122426701,156
development_repeated_nested_cv,primary_instrument1_full,primary,1,4,5,development_combined,FPCR,ok,ok,True,30,23,calibrate:024,calibrate,24,190.1999969482422,190.01911523153174,-0.18088171671044506,156
development_repeated_nested_cv,primary_instrument1_full,primary,1,4,5,development_combined,FPCR,ok,ok,True,30,32,calibrate:033,calibrate,33,183.0,189.24274177687784,6.2427417768778355,156
development_repeated_nested_cv,primary_instrument1_full,primary,1,4,5,development_combined,FPCR,ok,ok,True,30,38,calibrate:039,calibrate,39,214.10000610351562,219.34185074685834,5.241844643342716,156
development_repeated_nested_cv,primary_instrument1_full,primary,1,4,5,development_combined,FPCR,ok,ok,True,30,45,calibrate:046,calibrate,46,186.8000030517578,178.15118933868877,-8.648813713069046,156
development_repeated_nested_cv,primary_instrument1_full,primary,1,4,5,development_combined,FPCR,ok,ok,True,30,51,calibrate:052,calibrate,52,231.89999389648438,239.9993046822355,8.099310785751129,156
development_repeated_nested_cv,primary_instrument1_full,primary,1,4,5,development_combined,FPCR,ok,ok,True,30,52,calibrate:053,calibrate,53,171.39999389648438,178.96934839038943,7.5693544939050525,156
development_repeated_nested_cv,primary_instrument1_full,primary,1,4,5,development_combined,FPCR,ok,ok,True,30,62,calibrate:063,calibrate,63,176.5,185.3884498891603,8.888449889160313,156
development_repeated_nested_cv,primary_instrument1_full,primary,1,4,5,development_combined,FPCR,ok,ok,True,30,65,calibrate:066,calibrate,66,160.39999389648438,158.67776596681279,-1.7222279296715897,156
development_repeated_nested_cv,primary_instrument1_full,primary,1,4,5,development_combined,FPCR,ok,ok,True,30,67,calibrate:068,calibrate,68,179.89999389648438,185.57408395783867,5.674090061354292,156
development_repeated_nested_cv,primary_instrument1_full,primary,1,4,5,development_combined,FPCR,ok,ok,True,30,70,calibrate:071,calibrate,71,218.8000030517578,217.20500530069415,-1.5949977510636586,156
development_repeated_nested_cv,primary_instrument1_full,primary,1,4,5,development_combined,FPCR,ok,ok,True,30,72,calibrate:073,calibrate,73,202.6999969482422,206.20876722706603,3.508770278823846,156
development_repeated_nested_cv,primary_instrument1_full,primary,1,4,5,development_combined,FPCR,ok,ok,True,30,85,calibrate:086,calibrate,86,184.1999969482422,188.1236737181551,3.923676769912902,156
development_repeated_nested_cv,primary_instrument1_full,primary,1,4,5,development_combined,FPCR,ok,ok,True,30,90,calibrate:091,calibrate,91,216.5,216.86610097674418,0.3661009767441783,156
development_repeated_nested_cv,primary_instrument1_full,primary,1,4,5,development_combined,FPCR,ok,ok,True,30,91,calibrate:092,calibrate,92,175.5,176.97522773936387,1.4752277393638735,156
development_repeated_nested_cv,primary_instrument1_full,primary,1,4,5,development_combined,FPCR,ok,ok,True,30,93,calibrate:094,calibrate,94,172.39999389648438,178.01323928092975,5.613245384445378,156
development_repeated_nested_cv,primary_instrument1_full,primary,1,4,5,development_combined,FPCR,ok,ok,True,30,96,calibrate:097,calibrate,97,204.0,203.29973403689092,-0.7002659631090751,156
development_repeated_nested_cv,primary_instrument1_full,primary,1,4,5,development_combined,FPCR,ok,ok,True,30,100,calibrate:101,calibrate,101,216.5,219.54368985226662,3.043689852266624,156
development_repeated_nested_cv,primary_instrument1_full,primary,1,4,5,development_combined,FPCR,ok,ok,True,30,104,calibrate:105,calibrate,105,157.0,158.22603084117344,1.22603084117344,156
development_repeated_nested_cv,primary_instrument1_full,primary,1,4,5,development_combined,FPCR,ok,ok,True,30,107,calibrate:108,calibrate,108,231.10000610351562,241.13634645633795,10.036340352822322,156
development_repeated_nested_cv,primary_instrument1_full,primary,1,4,5,development_combined,FPCR,ok,ok,True,30,120,calibrate:121,calibrate,121,155.10000610351562,160.64132238616145,5.541316282645823,156
development_repeated_nested_cv,primary_instrument1_full,primary,1,4,5,development_combined,FPCR,ok,ok,True,30,121,calibrate:122,calibrate,122,176.89999389648438,156.6627091212602,-20.23728477522417,156
development_repeated_nested_cv,primary_instrument1_full,primary,1,4,5,development_combined,FPCR,ok,ok,True,30,135,calibrate:136,calibrate,136,193.10000610351562,192.7436167350498,-0.3563893684658126,156
development_repeated_nested_cv,primary_instrument1_full,primary,1,4,5,development_combined,FPCR,ok,ok,True,30,142,calibrate:143,calibrate,143,196.60000610351562,192.09055631940922,-4.509449784106408,156
development_repeated_nested_cv,primary_instrument1_full,primary,1,4,5,development_combined,FPCR,ok,ok,True,30,153,calibrate:154,calibrate,154,201.5,192.29860611042315,-9.201393889576849,156
development_repeated_nested_cv,primary_instrument1_full,primary,1,4,5,development_combined,FPCR,ok,ok,True,30,154,calibrate:155,calibrate,155,195.3000030517578,194.2660806522709,-1.0339223994869258,156
development_repeated_nested_cv,primary_instrument1_full,primary,1,4,5,development_combined,FPCR,ok,ok,True,30,155,validate:001,validate,1,189.0,191.36947571064258,2.3694757106425755,156
development_repeated_nested_cv,primary_instrument1_full,primary,1,4,5,development_combined,FPCR,ok,ok,True,30,164,validate:010,validate,10,193.8000030517578,190.66247790462305,-3.1375251471347667,156
development_repeated_nested_cv,primary_instrument1_full,primary,1,4,5,development_combined,FPCR,ok,ok,True,30,169,validate:015,validate,15,195.10000610351562,191.1363562338571,-3.963649869658525,156
development_repeated_nested_cv,primary_instrument1_full,primary,1,4,5,development_combined,FPCR,ok,ok,True,30,172,validate:018,validate,18,195.39999389648438,191.71949321583872,-3.6805006806456504,156
development_repeated_nested_cv,primary_instrument1_full,primary,1,4,5,development_combined,FPCR,ok,ok,True,30,176,validate:022,validate,22,194.0,197.40237974782846,3.402379747828462,156
development_repeated_nested_cv,primary_instrument1_full,primary,1,4,5,development_combined,FPCR,ok,ok,True,30,177,validate:023,validate,23,194.5,197.4108239405759,2.9108239405759093,156
development_repeated_nested_cv,primary_instrument1_full,primary,1,4,5,development_combined,FPCR,ok,ok,True,30,181,validate:027,validate,27,198.89999389648438,199.54210688434185,0.6421129878574732,156
development_repeated_nested_cv,primary_instrument1_full,primary,1,4,5,development_combined,FPCR,ok,ok,True,30,192,validate:038,validate,38,197.39999389648438,195.91638946785983,-1.4836044286245453,156
development_repeated_nested_cv,primary_instrument1_full,primary,1,5,1,development_combined,CG-FPLS-code,ok,ok,True,3,4,calibrate:005,calibrate,5,199.3000030517578,192.02741131007338,-7.272591741684437,156
development_repeated_nested_cv,primary_instrument1_full,primary,1,5,1,development_combined,CG-FPLS-code,ok,ok,True,3,6,calibrate:007,calibrate,7,200.10000610351562,193.7701185187348,-6.329887584780835,156
development_repeated_nested_cv,primary_instrument1_full,primary,1,5,1,development_combined,CG-FPLS-code,ok,ok,True,3,17,calibrate:018,calibrate,18,221.89999389648438,219.67901776253873,-2.2209761339456406,156
development_repeated_nested_cv,primary_instrument1_full,primary,1,5,1,development_combined,CG-FPLS-code,ok,ok,True,3,19,calibrate:020,calibrate,20,159.3000030517578,159.0257166303312,-0.2742864214266092,156
development_repeated_nested_cv,primary_instrument1_full,primary,1,5,1,development_combined,CG-FPLS-code,ok,ok,True,3,23,calibrate:024,calibrate,24,190.1999969482422,185.4871375849165,-4.712859363325691,156
development_repeated_nested_cv,primary_instrument1_full,primary,1,5,1,development_combined,CG-FPLS-code,ok,ok,True,3,30,calibrate:031,calibrate,31,184.1999969482422,184.17697853434572,-0.023018413896465972,156
development_repeated_nested_cv,primary_instrument1_full,primary,1,5,1,development_combined,CG-FPLS-code,ok,ok,True,3,42,calibrate:043,calibrate,43,159.60000610351562,162.61969769324122,3.0196915897255963,156
development_repeated_nested_cv,primary_instrument1_full,primary,1,5,1,development_combined,CG-FPLS-code,ok,ok,True,3,44,calibrate:045,calibrate,45,181.10000610351562,186.23124411411138,5.131238010595752,156
development_repeated_nested_cv,primary_instrument1_full,primary,1,5,1,development_combined,CG-FPLS-code,ok,ok,True,3,45,calibrate:046,calibrate,46,186.8000030517578,182.70627953367188,-4.0937235180859375,156
development_repeated_nested_cv,primary_instrument1_full,primary,1,5,1,development_combined,CG-FPLS-code,ok,ok,True,3,48,calibrate:049,calibrate,49,186.3000030517578,188.9173851829835,2.617382131225696,156
development_repeated_nested_cv,primary_instrument1_full,primary,1,5,1,development_combined,CG-FPLS-code,ok,ok,True,3,49,calibrate:050,calibrate,50,220.5,220.4024478106824,-0.09755218931761078,156
development_repeated_nested_cv,primary_instrument1_full,primary,1,5,1,development_combined,CG-FPLS-code,ok,ok,True,3,51,calibrate:052,calibrate,52,231.89999389648438,227.34574642593861,-4.554247470545761,156
development_repeated_nested_cv,primary_instrument1_full,primary,1,5,1,development_combined,CG-FPLS-code,ok,ok,True,3,52,calibrate:053,calibrate,53,171.39999389648438,175.503432324045,4.103438427560633,156
development_repeated_nested_cv,primary_instrument1_full,primary,1,5,1,development_combined,CG-FPLS-code,ok,ok,True,3,58,calibrate:059,calibrate,59,155.1999969482422,158.6390620994472,3.439065151205,156
development_repeated_nested_cv,primary_instrument1_full,primary,1,5,1,development_combined,CG-FPLS-code,ok,ok,True,3,78,calibrate:079,calibrate,79,215.1999969482422,220.1293606547729,4.929363706530722,156
development_repeated_nested_cv,primary_instrument1_full,primary,1,5,1,development_combined,CG-FPLS-code,ok,ok,True,3,80,calibrate:081,calibrate,81,172.3000030517578,175.94140289864274,3.641399846884923,156
development_repeated_nested_cv,primary_instrument1_full,primary,1,5,1,development_combined,CG-FPLS-code,ok,ok,True,3,83,calibrate:084,calibrate,84,205.39999389648438,200.55011563350786,-4.849878262976517,156
development_repeated_nested_cv,primary_instrument1_full,primary,1,5,1,development_combined,CG-FPLS-code,ok,ok,True,3,88,calibrate:089,calibrate,89,203.60000610351562,202.48647791384306,-1.1135281896725644,156
development_repeated_nested_cv,primary_instrument1_full,primary,1,5,1,development_combined,CG-FPLS-code,ok,ok,True,3,98,calibrate:099,calibrate,99,176.39999389648438,176.5810537612111,0.18105986472673408,156
development_repeated_nested_cv,primary_instrument1_full,primary,1,5,1,development_combined,CG-FPLS-code,ok,ok,True,3,104,calibrate:105,calibrate,105,157.0,161.0506984845047,4.050698484504693,156
development_repeated_nested_cv,primary_instrument1_full,primary,1,5,1,development_combined,CG-FPLS-code,ok,ok,True,3,106,calibrate:107,calibrate,107,216.89999389648438,220.8556186536753,3.955624757190918,156
development_repeated_nested_cv,primary_instrument1_full,primary,1,5,1,development_combined,CG-FPLS-code,ok,ok,True,3,111,calibrate:112,calibrate,112,220.0,217.25052868077864,-2.7494713192213567,156
development_repeated_nested_cv,primary_instrument1_full,primary,1,5,1,development_combined,CG-FPLS-code,ok,ok,True,3,115,calibrate:116,calibrate,116,209.5,200.06140550361718,-9.43859449638282,156
development_repeated_nested_cv,primary_instrument1_full,primary,1,5,1,development_combined,CG-FPLS-code,ok,ok,True,3,116,calibrate:117,calibrate,117,224.3000030517578,216.45691339566736,-7.843089656090456,156
development_repeated_nested_cv,primary_instrument1_full,primary,1,5,1,development_combined,CG-FPLS-code,ok,ok,True,3,121,calibrate:122,calibrate,122,176.89999389648438,159.46690001761476,-17.433093878869613,156
development_repeated_nested_cv,primary_instrument1_full,primary,1,5,1,development_combined,CG-FPLS-code,ok,ok,True,3,123,calibrate:124,calibrate,124,175.5,177.87660148804628,2.3766014880462762,156
development_repeated_nested_cv,primary_instrument1_full,primary,1,5,1,development_combined,CG-FPLS-code,ok,ok,True,3,125,calibrate:126,calibrate,126,181.0,162.21554224666687,-18.78445775333313,156
development_repeated_nested_cv,primary_instrument1_full,primary,1,5,1,development_combined,CG-FPLS-code,ok,ok,True,3,131,calibrate:132,calibrate,132,206.3000030517578,204.1786589583314,-2.1213440934264156,156
development_repeated_nested_cv,primary_instrument1_full,primary,1,5,1,development_combined,CG-FPLS-code,ok,ok,True,3,135,calibrate:136,calibrate,136,193.10000610351562,194.88602755894476,1.786021455429136,156
development_repeated_nested_cv,primary_instrument1_full,primary,1,5,1,development_combined,CG-FPLS-code,ok,ok,True,3,140,calibrate:141,calibrate,141,197.1999969482422,190.05911082352642,-7.140886124715763,156
development_repeated_nested_cv,primary_instrument1_full,primary,1,5,1,development_combined,CG-FPLS-code,ok,ok,True,3,143,calibrate:144,calibrate,144,194.60000610351562,189.1783908948812,-5.421615208634421,156
development_repeated_nested_cv,primary_instrument1_full,primary,1,5,1,development_combined,CG-FPLS-code,ok,ok,True,3,166,validate:012,validate,12,193.8000030517578,189.3695137965818,-4.430489255176013,156
development_repeated_nested_cv,primary_instrument1_full,primary,1,5,1,development_combined,CG-FPLS-code,ok,ok,True,3,168,validate:014,validate,14,197.5,196.22874182631904,-1.2712581736809625,156
development_repeated_nested_cv,primary_instrument1_full,primary,1,5,1,development_combined,CG-FPLS-code,ok,ok,True,3,169,validate:015,validate,15,195.10000610351562,195.19741046847759,0.09740436496196025,156
development_repeated_nested_cv,primary_instrument1_full,primary,1,5,1,development_combined,CG-FPLS-code,ok,ok,True,3,170,validate:016,validate,16,193.60000610351562,195.22369776509473,1.6236916615791017,156
development_repeated_nested_cv,primary_instrument1_full,primary,1,5,1,development_combined,CG-FPLS-code,ok,ok,True,3,173,validate:019,validate,19,191.8000030517578,195.92738478870083,4.127381736943022,156
development_repeated_nested_cv,primary_instrument1_full,primary,1,5,1,development_combined,CG-FPLS-code,ok,ok,True,3,177,validate:023,validate,23,194.5,199.51949675588222,5.019496755882216,156
development_repeated_nested_cv,primary_instrument1_full,primary,1,5,1,development_combined,CG-FPLS-code,ok,ok,True,3,179,validate:025,validate,25,195.5,196.30889018711005,0.8088901871100518,156
development_repeated_nested_cv,primary_instrument1_full,primary,1,5,1,development_combined,CG-FPLS-code,ok,ok,True,3,189,validate:035,validate,35,196.6999969482422,196.69434089122365,-0.005656057018541105,156
development_repeated_nested_cv,primary_instrument1_full,primary,1,5,1,development_combined,Raw FPLS,ok,ok,True,6,4,calibrate:005,calibrate,5,199.3000030517578,195.73312514621745,-3.566877905540366,156
development_repeated_nested_cv,primary_instrument1_full,primary,1,5,1,development_combined,Raw FPLS,ok,ok,True,6,6,calibrate:007,calibrate,7,200.10000610351562,199.37448476075213,-0.7255213427634999,156
development_repeated_nested_cv,primary_instrument1_full,primary,1,5,1,development_combined,Raw FPLS,ok,ok,True,6,17,calibrate:018,calibrate,18,221.89999389648438,219.46202737326377,-2.4379665232206094,156
development_repeated_nested_cv,primary_instrument1_full,primary,1,5,1,development_combined,Raw FPLS,ok,ok,True,6,19,calibrate:020,calibrate,20,159.3000030517578,159.9134027170431,0.6133996652853,156
development_repeated_nested_cv,primary_instrument1_full,primary,1,5,1,development_combined,Raw FPLS,ok,ok,True,6,23,calibrate:024,calibrate,24,190.1999969482422,187.6243983282411,-2.575598620001074,156
development_repeated_nested_cv,primary_instrument1_full,primary,1,5,1,development_combined,Raw FPLS,ok,ok,True,6,30,calibrate:031,calibrate,31,184.1999969482422,188.5655678053692,4.365570857127011,156
development_repeated_nested_cv,primary_instrument1_full,primary,1,5,1,development_combined,Raw FPLS,ok,ok,True,6,42,calibrate:043,calibrate,43,159.60000610351562,162.52512965007878,2.9251235465631567,156
development_repeated_nested_cv,primary_instrument1_full,primary,1,5,1,development_combined,Raw FPLS,ok,ok,True,6,44,calibrate:045,calibrate,45,181.10000610351562,184.89046100768323,3.7904549041676034,156
development_repeated_nested_cv,primary_instrument1_full,primary,1,5,1,development_combined,Raw FPLS,ok,ok,True,6,45,calibrate:046,calibrate,46,186.8000030517578,181.68303516582466,-5.11696788593315,156
development_repeated_nested_cv,primary_instrument1_full,primary,1,5,1,development_combined,Raw FPLS,ok,ok,True,6,48,calibrate:049,calibrate,49,186.3000030517578,184.72220032372962,-1.577802728028189,156
development_repeated_nested_cv,primary_instrument1_full,primary,1,5,1,development_combined,Raw FPLS,ok,ok,True,6,49,calibrate:050,calibrate,50,220.5,216.7558386142943,-3.744161385705695,156
development_repeated_nested_cv,primary_instrument1_full,primary,1,5,1,development_combined,Raw FPLS,ok,ok,True,6,51,calibrate:052,calibrate,52,231.89999389648438,233.970594689232,2.0706007927476264,156
development_repeated_nested_cv,primary_instrument1_full,primary,1,5,1,development_combined,Raw FPLS,ok,ok,True,6,52,calibrate:053,calibrate,53,171.39999389648438,177.0905566664018,5.69056276991742,156
development_repeated_nested_cv,primary_instrument1_full,primary,1,5,1,development_combined,Raw FPLS,ok,ok,True,6,58,calibrate:059,calibrate,59,155.1999969482422,160.5638654760056,5.363868527763401,156
development_repeated_nested_cv,primary_instrument1_full,primary,1,5,1,development_combined,Raw FPLS,ok,ok,True,6,78,calibrate:079,calibrate,79,215.1999969482422,219.56302673783037,4.363029789588182,156
development_repeated_nested_cv,primary_instrument1_full,primary,1,5,1,development_combined,Raw FPLS,ok,ok,True,6,80,calibrate:081,calibrate,81,172.3000030517578,174.69226161576347,2.392258564005658,156
development_repeated_nested_cv,primary_instrument1_full,primary,1,5,1,development_combined,Raw FPLS,ok,ok,True,6,83,calibrate:084,calibrate,84,205.39999389648438,203.42502793278248,-1.9749659637018908,156
development_repeated_nested_cv,primary_instrument1_full,primary,1,5,1,development_combined,Raw FPLS,ok,ok,True,6,88,calibrate:089,calibrate,89,203.60000610351562,202.19158235738058,-1.4084237461350426,156
development_repeated_nested_cv,primary_instrument1_full,primary,1,5,1,development_combined,Raw FPLS,ok,ok,True,6,98,calibrate:099,calibrate,99,176.39999389648438,177.00031233573537,0.6003184392509979,156
development_repeated_nested_cv,primary_instrument1_full,primary,1,5,1,development_combined,Raw FPLS,ok,ok,True,6,104,calibrate:105,calibrate,105,157.0,157.7715065988846,0.7715065988845993,156
development_repeated_nested_cv,primary_instrument1_full,primary,1,5,1,development_combined,Raw FPLS,ok,ok,True,6,106,calibrate:107,calibrate,107,216.89999389648438,219.11784631669698,2.2178524202126084,156
development_repeated_nested_cv,primary_instrument1_full,primary,1,5,1,development_combined,Raw FPLS,ok,ok,True,6,111,calibrate:112,calibrate,112,220.0,218.68793340803836,-1.3120665919616386,156
development_repeated_nested_cv,primary_instrument1_full,primary,1,5,1,development_combined,Raw FPLS,ok,ok,True,6,115,calibrate:116,calibrate,116,209.5,202.7260208517972,-6.773979148202812,156
development_repeated_nested_cv,primary_instrument1_full,primary,1,5,1,development_combined,Raw FPLS,ok,ok,True,6,116,calibrate:117,calibrate,117,224.3000030517578,216.98035366822972,-7.319649383528088,156
development_repeated_nested_cv,primary_instrument1_full,primary,1,5,1,development_combined,Raw FPLS,ok,ok,True,6,121,calibrate:122,calibrate,122,176.89999389648438,157.70194736110605,-19.198046535378325,156
development_repeated_nested_cv,primary_instrument1_full,primary,1,5,1,development_combined,Raw FPLS,ok,ok,True,6,123,calibrate:124,calibrate,124,175.5,177.16472158376158,1.664721583761576,156
development_repeated_nested_cv,primary_instrument1_full,primary,1,5,1,development_combined,Raw FPLS,ok,ok,True,6,125,calibrate:126,calibrate,126,181.0,159.5841618031979,-21.4158381968021,156
development_repeated_nested_cv,primary_instrument1_full,primary,1,5,1,development_combined,Raw FPLS,ok,ok,True,6,131,calibrate:132,calibrate,132,206.3000030517578,205.24111391673878,-1.0588891350190295,156
development_repeated_nested_cv,primary_instrument1_full,primary,1,5,1,development_combined,Raw FPLS,ok,ok,True,6,135,calibrate:136,calibrate,136,193.10000610351562,191.17571538212266,-1.924290721392964,156
development_repeated_nested_cv,primary_instrument1_full,primary,1,5,1,development_combined,Raw FPLS,ok,ok,True,6,140,calibrate:141,calibrate,141,197.1999969482422,191.91945127251833,-5.280545675723857,156
development_repeated_nested_cv,primary_instrument1_full,primary,1,5,1,development_combined,Raw FPLS,ok,ok,True,6,143,calibrate:144,calibrate,144,194.60000610351562,190.25081314169637,-4.349192961819256,156
development_repeated_nested_cv,primary_instrument1_full,primary,1,5,1,development_combined,Raw FPLS,ok,ok,True,6,166,validate:012,validate,12,193.8000030517578,189.40819077144602,-4.391812280311797,156
development_repeated_nested_cv,primary_instrument1_full,primary,1,5,1,development_combined,Raw FPLS,ok,ok,True,6,168,validate:014,validate,14,197.5,192.05925899567154,-5.4407410043284585,156
development_repeated_nested_cv,primary_instrument1_full,primary,1,5,1,development_combined,Raw FPLS,ok,ok,True,6,169,validate:015,validate,15,195.10000610351562,189.9573261140183,-5.1426799894973385,156
development_repeated_nested_cv,primary_instrument1_full,primary,1,5,1,development_combined,Raw FPLS,ok,ok,True,6,170,validate:016,validate,16,193.60000610351562,191.45686212589595,-2.1431439776196726,156
development_repeated_nested_cv,primary_instrument1_full,primary,1,5,1,development_combined,Raw FPLS,ok,ok,True,6,173,validate:019,validate,19,191.8000030517578,191.6030947498407,-0.1969083019171194,156
development_repeated_nested_cv,primary_instrument1_full,primary,1,5,1,development_combined,Raw FPLS,ok,ok,True,6,177,validate:023,validate,23,194.5,199.32814481870776,4.828144818707756,156
development_repeated_nested_cv,primary_instrument1_full,primary,1,5,1,development_combined,Raw FPLS,ok,ok,True,6,179,validate:025,validate,25,195.5,200.19204548645192,4.692045486451917,156
development_repeated_nested_cv,primary_instrument1_full,primary,1,5,1,development_combined,Raw FPLS,ok,ok,True,6,189,validate:035,validate,35,196.6999969482422,199.96799508255242,3.2679981343102327,156
development_repeated_nested_cv,primary_instrument1_full,primary,1,5,1,development_combined,Arnoldi FPLS,ok,ok,True,6,4,calibrate:005,calibrate,5,199.3000030517578,199.90833759665398,0.6083345448961666,156
development_repeated_nested_cv,primary_instrument1_full,primary,1,5,1,development_combined,Arnoldi FPLS,ok,ok,True,6,6,calibrate:007,calibrate,7,200.10000610351562,198.56380377153516,-1.536202331980462,156
development_repeated_nested_cv,primary_instrument1_full,primary,1,5,1,development_combined,Arnoldi FPLS,ok,ok,True,6,17,calibrate:018,calibrate,18,221.89999389648438,221.5132595438251,-0.386734352659289,156
development_repeated_nested_cv,primary_instrument1_full,primary,1,5,1,development_combined,Arnoldi FPLS,ok,ok,True,6,19,calibrate:020,calibrate,20,159.3000030517578,158.85391478395826,-0.4460882677995528,156
development_repeated_nested_cv,primary_instrument1_full,primary,1,5,1,development_combined,Arnoldi FPLS,ok,ok,True,6,23,calibrate:024,calibrate,24,190.1999969482422,187.81991882850792,-2.3800781197342644,156
development_repeated_nested_cv,primary_instrument1_full,primary,1,5,1,development_combined,Arnoldi FPLS,ok,ok,True,6,30,calibrate:031,calibrate,31,184.1999969482422,186.49070499093895,2.290708042696764,156
development_repeated_nested_cv,primary_instrument1_full,primary,1,5,1,development_combined,Arnoldi FPLS,ok,ok,True,6,42,calibrate:043,calibrate,43,159.60000610351562,161.70035569363992,2.1003495901242957,156
development_repeated_nested_cv,primary_instrument1_full,primary,1,5,1,development_combined,Arnoldi FPLS,ok,ok,True,6,44,calibrate:045,calibrate,45,181.10000610351562,185.74388251058113,4.643876407065505,156
development_repeated_nested_cv,primary_instrument1_full,primary,1,5,1,development_combined,Arnoldi FPLS,ok,ok,True,6,45,calibrate:046,calibrate,46,186.8000030517578,182.90889023215405,-3.8911128196037623,156
development_repeated_nested_cv,primary_instrument1_full,primary,1,5,1,development_combined,Arnoldi FPLS,ok,ok,True,6,48,calibrate:049,calibrate,49,186.3000030517578,186.7408903607961,0.4408873090382883,156
development_repeated_nested_cv,primary_instrument1_full,primary,1,5,1,development_combined,Arnoldi FPLS,ok,ok,True,6,49,calibrate:050,calibrate,50,220.5,218.15707949556779,-2.3429205044322146,156
development_repeated_nested_cv,primary_instrument1_full,primary,1,5,1,development_combined,Arnoldi FPLS,ok,ok,True,6,51,calibrate:052,calibrate,52,231.89999389648438,235.90574034429798,4.005746447813607,156
development_repeated_nested_cv,primary_instrument1_full,primary,1,5,1,development_combined,Arnoldi FPLS,ok,ok,True,6,52,calibrate:053,calibrate,53,171.39999389648438,175.07346474885443,3.673470852370059,156
development_repeated_nested_cv,primary_instrument1_full,primary,1,5,1,development_combined,Arnoldi FPLS,ok,ok,True,6,58,calibrate:059,calibrate,59,155.1999969482422,158.45655924498493,3.256562296742743,156
development_repeated_nested_cv,primary_instrument1_full,primary,1,5,1,development_combined,Arnoldi FPLS,ok,ok,True,6,78,calibrate:079,calibrate,79,215.1999969482422,220.177928022292,4.97793107404982,156
development_repeated_nested_cv,primary_instrument1_full,primary,1,5,1,development_combined,Arnoldi FPLS,ok,ok,True,6,80,calibrate:081,calibrate,81,172.3000030517578,173.34304876549444,1.0430457137366318,156
development_repeated_nested_cv,primary_instrument1_full,primary,1,5,1,development_combined,Arnoldi FPLS,ok,ok,True,6,83,calibrate:084,calibrate,84,205.39999389648438,202.38240123177602,-3.01759266470836,156
development_repeated_nested_cv,primary_instrument1_full,primary,1,5,1,development_combined,Arnoldi FPLS,ok,ok,True,6,88,calibrate:089,calibrate,89,203.60000610351562,205.0423270191584,1.4423209156427674,156
development_repeated_nested_cv,primary_instrument1_full,primary,1,5,1,development_combined,Arnoldi FPLS,ok,ok,True,6,98,calibrate:099,calibrate,99,176.39999389648438,175.71491064127957,-0.6850832552048018,156
development_repeated_nested_cv,primary_instrument1_full,primary,1,5,1,development_combined,Arnoldi FPLS,ok,ok,True,6,104,calibrate:105,calibrate,105,157.0,159.7440485522303,2.7440485522303106,156
development_repeated_nested_cv,primary_instrument1_full,primary,1,5,1,development_combined,Arnoldi FPLS,ok,ok,True,6,106,calibrate:107,calibrate,107,216.89999389648438,219.34005688731213,2.440062990827755,156
development_repeated_nested_cv,primary_instrument1_full,primary,1,5,1,development_combined,Arnoldi FPLS,ok,ok,True,6,111,calibrate:112,calibrate,112,220.0,219.62452391020375,-0.37547608979625124,156
development_repeated_nested_cv,primary_instrument1_full,primary,1,5,1,development_combined,Arnoldi FPLS,ok,ok,True,6,115,calibrate:116,calibrate,116,209.5,199.081645688724,-10.418354311276005,156
development_repeated_nested_cv,primary_instrument1_full,primary,1,5,1,development_combined,Arnoldi FPLS,ok,ok,True,6,116,calibrate:117,calibrate,117,224.3000030517578,220.2378207571462,-4.062182294611603,156
development_repeated_nested_cv,primary_instrument1_full,primary,1,5,1,development_combined,Arnoldi FPLS,ok,ok,True,6,121,calibrate:122,calibrate,122,176.89999389648438,157.44393989169657,-19.456054004787802,156
development_repeated_nested_cv,primary_instrument1_full,primary,1,5,1,development_combined,Arnoldi FPLS,ok,ok,True,6,123,calibrate:124,calibrate,124,175.5,175.12789522275304,-0.37210477724696034,156
development_repeated_nested_cv,primary_instrument1_full,primary,1,5,1,development_combined,Arnoldi FPLS,ok,ok,True,6,125,calibrate:126,calibrate,126,181.0,158.32990968704368,-22.67009031295632,156
development_repeated_nested_cv,primary_instrument1_full,primary,1,5,1,development_combined,Arnoldi FPLS,ok,ok,True,6,131,calibrate:132,calibrate,132,206.3000030517578,203.4348976518781,-2.865105399879724,156
development_repeated_nested_cv,primary_instrument1_full,primary,1,5,1,development_combined,Arnoldi FPLS,ok,ok,True,6,135,calibrate:136,calibrate,136,193.10000610351562,189.48332378931397,-3.616682314201654,156
development_repeated_nested_cv,primary_instrument1_full,primary,1,5,1,development_combined,Arnoldi FPLS,ok,ok,True,6,140,calibrate:141,calibrate,141,197.1999969482422,190.49933688837245,-6.700660059869733,156
development_repeated_nested_cv,primary_instrument1_full,primary,1,5,1,development_combined,Arnoldi FPLS,ok,ok,True,6,143,calibrate:144,calibrate,144,194.60000610351562,188.46027843798709,-6.1397276655285395,156
development_repeated_nested_cv,primary_instrument1_full,primary,1,5,1,development_combined,Arnoldi FPLS,ok,ok,True,6,166,validate:012,validate,12,193.8000030517578,189.24360581941667,-4.556397232341141,156
development_repeated_nested_cv,primary_instrument1_full,primary,1,5,1,development_combined,Arnoldi FPLS,ok,ok,True,6,168,validate:014,validate,14,197.5,192.80113513469416,-4.698864865305836,156
development_repeated_nested_cv,primary_instrument1_full,primary,1,5,1,development_combined,Arnoldi FPLS,ok,ok,True,6,169,validate:015,validate,15,195.10000610351562,190.74760256406648,-4.352403539449142,156
development_repeated_nested_cv,primary_instrument1_full,primary,1,5,1,development_combined,Arnoldi FPLS,ok,ok,True,6,170,validate:016,validate,16,193.60000610351562,191.33023655488688,-2.2697695486287444,156
development_repeated_nested_cv,primary_instrument1_full,primary,1,5,1,development_combined,Arnoldi FPLS,ok,ok,True,6,173,validate:019,validate,19,191.8000030517578,192.11768572540134,0.31768267364353164,156
development_repeated_nested_cv,primary_instrument1_full,primary,1,5,1,development_combined,Arnoldi FPLS,ok,ok,True,6,177,validate:023,validate,23,194.5,197.17221138144293,2.672211381442935,156
development_repeated_nested_cv,primary_instrument1_full,primary,1,5,1,development_combined,Arnoldi FPLS,ok,ok,True,6,179,validate:025,validate,25,195.5,201.14359942939475,5.6435994293947545,156
development_repeated_nested_cv,primary_instrument1_full,primary,1,5,1,development_combined,Arnoldi FPLS,ok,ok,True,6,189,validate:035,validate,35,196.6999969482422,199.3320302779957,2.6320333297535115,156
development_repeated_nested_cv,primary_instrument1_full,primary,1,5,1,development_combined,FPCR,ok,ok,True,39,4,calibrate:005,calibrate,5,199.3000030517578,201.95110839501615,2.6511053432583367,156
development_repeated_nested_cv,primary_instrument1_full,primary,1,5,1,development_combined,FPCR,ok,ok,True,39,6,calibrate:007,calibrate,7,200.10000610351562,202.02682911165996,1.9268230081443392,156
development_repeated_nested_cv,primary_instrument1_full,primary,1,5,1,development_combined,FPCR,ok,ok,True,39,17,calibrate:018,calibrate,18,221.89999389648438,225.91023265913594,4.010238762651568,156
development_repeated_nested_cv,primary_instrument1_full,primary,1,5,1,development_combined,FPCR,ok,ok,True,39,19,calibrate:020,calibrate,20,159.3000030517578,158.81140479817452,-0.4885982535832909,156
development_repeated_nested_cv,primary_instrument1_full,primary,1,5,1,development_combined,FPCR,ok,ok,True,39,23,calibrate:024,calibrate,24,190.1999969482422,191.46255738971954,1.2625604414773477,156
development_repeated_nested_cv,primary_instrument1_full,primary,1,5,1,development_combined,FPCR,ok,ok,True,39,30,calibrate:031,calibrate,31,184.1999969482422,183.76735566494872,-0.43264128329346363,156
development_repeated_nested_cv,primary_instrument1_full,primary,1,5,1,development_combined,FPCR,ok,ok,True,39,42,calibrate:043,calibrate,43,159.60000610351562,160.92977805532317,1.329771951807544,156
development_repeated_nested_cv,primary_instrument1_full,primary,1,5,1,development_combined,FPCR,ok,ok,True,39,44,calibrate:045,calibrate,45,181.10000610351562,186.50372814002574,5.403722036510118,156
development_repeated_nested_cv,primary_instrument1_full,primary,1,5,1,development_combined,FPCR,ok,ok,True,39,45,calibrate:046,calibrate,46,186.8000030517578,180.66346416604432,-6.136538885713492,156
development_repeated_nested_cv,primary_instrument1_full,primary,1,5,1,development_combined,FPCR,ok,ok,True,39,48,calibrate:049,calibrate,49,186.3000030517578,189.28062823824345,2.9806251864856392,156
development_repeated_nested_cv,primary_instrument1_full,primary,1,5,1,development_combined,FPCR,ok,ok,True,39,49,calibrate:050,calibrate,50,220.5,220.47171680633414,-0.028283193665856743,156
development_repeated_nested_cv,primary_instrument1_full,primary,1,5,1,development_combined,FPCR,ok,ok,True,39,51,calibrate:052,calibrate,52,231.89999389648438,239.4635677354881,7.5635738390037375,156
development_repeated_nested_cv,primary_instrument1_full,primary,1,5,1,development_combined,FPCR,ok,ok,True,39,52,calibrate:053,calibrate,53,171.39999389648438,175.15344331034171,3.7534494138573393,156
development_repeated_nested_cv,primary_instrument1_full,primary,1,5,1,development_combined,FPCR,ok,ok,True,39,58,calibrate:059,calibrate,59,155.1999969482422,155.53912371109993,0.33912676285774523,156
development_repeated_nested_cv,primary_instrument1_full,primary,1,5,1,development_combined,FPCR,ok,ok,True,39,78,calibrate:079,calibrate,79,215.1999969482422,219.04579486910356,3.845797920861372,156
development_repeated_nested_cv,primary_instrument1_full,primary,1,5,1,development_combined,FPCR,ok,ok,True,39,80,calibrate:081,calibrate,81,172.3000030517578,172.28607834317154,-0.013924708586273482,156
development_repeated_nested_cv,primary_instrument1_full,primary,1,5,1,development_combined,FPCR,ok,ok,True,39,83,calibrate:084,calibrate,84,205.39999389648438,201.49179227980366,-3.9082016166807136,156
development_repeated_nested_cv,primary_instrument1_full,primary,1,5,1,development_combined,FPCR,ok,ok,True,39,88,calibrate:089,calibrate,89,203.60000610351562,203.69147183926472,0.09146573574909667,156
development_repeated_nested_cv,primary_instrument1_full,primary,1,5,1,development_combined,FPCR,ok,ok,True,39,98,calibrate:099,calibrate,99,176.39999389648438,176.9338089885943,0.5338150921099327,156
development_repeated_nested_cv,primary_instrument1_full,primary,1,5,1,development_combined,FPCR,ok,ok,True,39,104,calibrate:105,calibrate,105,157.0,159.17484671507978,2.174846715079781,156
development_repeated_nested_cv,primary_instrument1_full,primary,1,5,1,development_combined,FPCR,ok,ok,True,39,106,calibrate:107,calibrate,107,216.89999389648438,218.38553052770564,1.4855366312212652,156
development_repeated_nested_cv,primary_instrument1_full,primary,1,5,1,development_combined,FPCR,ok,ok,True,39,111,calibrate:112,calibrate,112,220.0,215.44558689247498,-4.554413107525022,156
development_repeated_nested_cv,primary_instrument1_full,primary,1,5,1,development_combined,FPCR,ok,ok,True,39,115,calibrate:116,calibrate,116,209.5,205.520789370877,-3.9792106291230027,156
development_repeated_nested_cv,primary_instrument1_full,primary,1,5,1,development_combined,FPCR,ok,ok,True,39,116,calibrate:117,calibrate,117,224.3000030517578,219.35650249194742,-4.9435005598103885,156
development_repeated_nested_cv,primary_instrument1_full,primary,1,5,1,development_combined,FPCR,ok,ok,True,39,121,calibrate:122,calibrate,122,176.89999389648438,157.33394982983037,-19.566044066654,156
development_repeated_nested_cv,primary_instrument1_full,primary,1,5,1,development_combined,FPCR,ok,ok,True,39,123,calibrate:124,calibrate,124,175.5,173.90981077913,-1.590189220870002,156
development_repeated_nested_cv,primary_instrument1_full,primary,1,5,1,development_combined,FPCR,ok,ok,True,39,125,calibrate:126,calibrate,126,181.0,156.84156271777115,-24.158437282228846,156
development_repeated_nested_cv,primary_instrument1_full,primary,1,5,1,development_combined,FPCR,ok,ok,True,39,131,calibrate:132,calibrate,132,206.3000030517578,201.0459790729126,-5.254023978845225,156
development_repeated_nested_cv,primary_instrument1_full,primary,1,5,1,development_combined,FPCR,ok,ok,True,39,135,calibrate:136,calibrate,136,193.10000610351562,190.06770587602355,-3.0323002274920725,156
development_repeated_nested_cv,primary_instrument1_full,primary,1,5,1,development_combined,FPCR,ok,ok,True,39,140,calibrate:141,calibrate,141,197.1999969482422,190.88735552888465,-6.312641419357533,156
development_repeated_nested_cv,primary_instrument1_full,primary,1,5,1,development_combined,FPCR,ok,ok,True,39,143,calibrate:144,calibrate,144,194.60000610351562,190.49144127421764,-4.10856482929799,156
development_repeated_nested_cv,primary_instrument1_full,primary,1,5,1,development_combined,FPCR,ok,ok,True,39,166,validate:012,validate,12,193.8000030517578,191.82930115880572,-1.9707018929520927,156
development_repeated_nested_cv,primary_instrument1_full,primary,1,5,1,development_combined,FPCR,ok,ok,True,39,168,validate:014,validate,14,197.5,192.38696948298514,-5.113030517014863,156
development_repeated_nested_cv,primary_instrument1_full,primary,1,5,1,development_combined,FPCR,ok,ok,True,39,169,validate:015,validate,15,195.10000610351562,191.35160992392426,-3.748396179591367,156
development_repeated_nested_cv,primary_instrument1_full,primary,1,5,1,development_combined,FPCR,ok,ok,True,39,170,validate:016,validate,16,193.60000610351562,191.4600277591623,-2.139978344353324,156
development_repeated_nested_cv,primary_instrument1_full,primary,1,5,1,development_combined,FPCR,ok,ok,True,39,173,validate:019,validate,19,191.8000030517578,189.9287446039367,-1.8712584478211056,156
development_repeated_nested_cv,primary_instrument1_full,primary,1,5,1,development_combined,FPCR,ok,ok,True,39,177,validate:023,validate,23,194.5,196.22700908290386,1.7270090829038622,156
development_repeated_nested_cv,primary_instrument1_full,primary,1,5,1,development_combined,FPCR,ok,ok,True,39,179,validate:025,validate,25,195.5,200.08227790934666,4.582277909346658,156
development_repeated_nested_cv,primary_instrument1_full,primary,1,5,1,development_combined,FPCR,ok,ok,True,39,189,validate:035,validate,35,196.6999969482422,194.86333571773883,-1.8366612305033527,156
development_repeated_nested_cv,primary_instrument1_full,primary,1,5,2,development_combined,CG-FPLS-code,ok,ok,True,3,10,calibrate:011,calibrate,11,221.8000030517578,218.8329308098753,-2.967072241882505,156
development_repeated_nested_cv,primary_instrument1_full,primary,1,5,2,development_combined,CG-FPLS-code,ok,ok,True,3,16,calibrate:017,calibrate,17,222.5,214.68302901527102,-7.816970984728982,156
development_repeated_nested_cv,primary_instrument1_full,primary,1,5,2,development_combined,CG-FPLS-code,ok,ok,True,3,18,calibrate:019,calibrate,19,159.5,178.3567356885231,18.856735688523088,156
development_repeated_nested_cv,primary_instrument1_full,primary,1,5,2,development_combined,CG-FPLS-code,ok,ok,True,3,21,calibrate:022,calibrate,22,185.89999389648438,189.4974930968506,3.5974992003662294,156
development_repeated_nested_cv,primary_instrument1_full,primary,1,5,2,development_combined,CG-FPLS-code,ok,ok,True,3,25,calibrate:026,calibrate,26,214.3000030517578,213.86025701211682,-0.439746039640994,156
development_repeated_nested_cv,primary_instrument1_full,primary,1,5,2,development_combined,CG-FPLS-code,ok,ok,True,3,26,calibrate:027,calibrate,27,209.1999969482422,202.35506354527902,-6.844933402963164,156
development_repeated_nested_cv,primary_instrument1_full,primary,1,5,2,development_combined,CG-FPLS-code,ok,ok,True,3,29,calibrate:030,calibrate,30,236.39999389648438,233.82562733897103,-2.5743665575133434,156
development_repeated_nested_cv,primary_instrument1_full,primary,1,5,2,development_combined,CG-FPLS-code,ok,ok,True,3,40,calibrate:041,calibrate,41,206.60000610351562,203.8032832704375,-2.796722833078121,156
development_repeated_nested_cv,primary_instrument1_full,primary,1,5,2,development_combined,CG-FPLS-code,ok,ok,True,3,43,calibrate:044,calibrate,44,186.89999389648438,186.03731019161134,-0.8626837048730351,156
development_repeated_nested_cv,primary_instrument1_full,primary,1,5,2,development_combined,CG-FPLS-code,ok,ok,True,3,46,calibrate:047,calibrate,47,158.0,166.18388996673212,8.183889966732124,156
development_repeated_nested_cv,primary_instrument1_full,primary,1,5,2,development_combined,CG-FPLS-code,ok,ok,True,3,47,calibrate:048,calibrate,48,156.8000030517578,163.0172769536452,6.217273901887381,156
development_repeated_nested_cv,primary_instrument1_full,primary,1,5,2,development_combined,CG-FPLS-code,ok,ok,True,3,50,calibrate:051,calibrate,51,188.3000030517578,186.72890854718653,-1.5710945045712776,156
development_repeated_nested_cv,primary_instrument1_full,primary,1,5,2,development_combined,CG-FPLS-code,ok,ok,True,3,60,calibrate:061,calibrate,61,176.89999389648438,176.3924988775915,-0.5074950188928824,156
development_repeated_nested_cv,primary_instrument1_full,primary,1,5,2,development_combined,CG-FPLS-code,ok,ok,True,3,61,calibrate:062,calibrate,62,176.6999969482422,177.70680597648436,1.0068090282421736,156
development_repeated_nested_cv,primary_instrument1_full,primary,1,5,2,development_combined,CG-FPLS-code,ok,ok,True,3,67,calibrate:068,calibrate,68,179.89999389648438,187.39618458754512,7.496190691060747,156
development_repeated_nested_cv,primary_instrument1_full,primary,1,5,2,development_combined,CG-FPLS-code,ok,ok,True,3,72,calibrate:073,calibrate,73,202.6999969482422,200.39712312569344,-2.3028738225487473,156
development_repeated_nested_cv,primary_instrument1_full,primary,1,5,2,development_combined,CG-FPLS-code,ok,ok,True,3,74,calibrate:075,calibrate,75,181.3000030517578,191.82362206996,10.523619018202197,156
development_repeated_nested_cv,primary_instrument1_full,primary,1,5,2,development_combined,CG-FPLS-code,ok,ok,True,3,87,calibrate:088,calibrate,88,173.60000610351562,183.10978688745035,9.50978078393473,156
development_repeated_nested_cv,primary_instrument1_full,primary,1,5,2,development_combined,CG-FPLS-code,ok,ok,True,3,92,calibrate:093,calibrate,93,203.89999389648438,208.69396206075135,4.793968164266971,156
development_repeated_nested_cv,primary_instrument1_full,primary,1,5,2,development_combined,CG-FPLS-code,ok,ok,True,3,94,calibrate:095,calibrate,95,172.0,175.68136163783674,3.681361637836744,156
development_repeated_nested_cv,primary_instrument1_full,primary,1,5,2,development_combined,CG-FPLS-code,ok,ok,True,3,100,calibrate:101,calibrate,101,216.5,216.01208052359587,-0.48791947640413014,156
development_repeated_nested_cv,primary_instrument1_full,primary,1,5,2,development_combined,CG-FPLS-code,ok,ok,True,3,103,calibrate:104,calibrate,104,184.5,181.77804655220962,-2.7219534477903835,156
development_repeated_nested_cv,primary_instrument1_full,primary,1,5,2,development_combined,CG-FPLS-code,ok,ok,True,3,112,calibrate:113,calibrate,113,219.39999389648438,212.27035053506998,-7.129643361414395,156
development_repeated_nested_cv,primary_instrument1_full,primary,1,5,2,development_combined,CG-FPLS-code,ok,ok,True,3,113,calibrate:114,calibrate,114,172.89999389648438,176.26525584921256,3.36526195272819,156
development_repeated_nested_cv,primary_instrument1_full,primary,1,5,2,development_combined,CG-FPLS-code,ok,ok,True,3,128,calibrate:129,calibrate,129,231.10000610351562,220.61253635015294,-10.487469753362689,156
development_repeated_nested_cv,primary_instrument1_full,primary,1,5,2,development_combined,CG-FPLS-code,ok,ok,True,3,129,calibrate:130,calibrate,130,154.60000610351562,168.70068462896123,14.100678525445602,156
development_repeated_nested_cv,primary_instrument1_full,primary,1,5,2,development_combined,CG-FPLS-code,ok,ok,True,3,133,calibrate:134,calibrate,134,192.8000030517578,189.7105821047728,-3.089420946985001,156
development_repeated_nested_cv,primary_instrument1_full,primary,1,5,2,development_combined,CG-FPLS-code,ok,ok,True,3,146,calibrate:147,calibrate,147,198.60000610351562,189.42298130506433,-9.1770247984513,156
development_repeated_nested_cv,primary_instrument1_full,primary,1,5,2,development_combined,CG-FPLS-code,ok,ok,True,3,148,calibrate:149,calibrate,149,194.10000610351562,198.55049875508374,4.450492651568112,156
development_repeated_nested_cv,primary_instrument1_full,primary,1,5,2,development_combined,CG-FPLS-code,ok,ok,True,3,152,calibrate:153,calibrate,153,199.6999969482422,188.0927024378792,-11.607294510362976,156
development_repeated_nested_cv,primary_instrument1_full,primary,1,5,2,development_combined,CG-FPLS-code,ok,ok,True,3,153,calibrate:154,calibrate,154,201.5,187.24478730547023,-14.255212694529774,156
development_repeated_nested_cv,primary_instrument1_full,primary,1,5,2,development_combined,CG-FPLS-code,ok,ok,True,3,158,validate:004,validate,4,189.39999389648438,197.24336185466817,7.843367958183791,156
development_repeated_nested_cv,primary_instrument1_full,primary,1,5,2,development_combined,CG-FPLS-code,ok,ok,True,3,174,validate:020,validate,20,196.3000030517578,195.32740828455596,-0.9725947672018549,156
development_repeated_nested_cv,primary_instrument1_full,primary,1,5,2,development_combined,CG-FPLS-code,ok,ok,True,3,181,validate:027,validate,27,198.89999389648438,200.76360785278163,1.8636139562972573,156
development_repeated_nested_cv,primary_instrument1_full,primary,1,5,2,development_combined,CG-FPLS-code,ok,ok,True,3,182,validate:028,validate,28,195.0,197.11842724411036,2.1184272441103644,156
development_repeated_nested_cv,primary_instrument1_full,primary,1,5,2,development_combined,CG-FPLS-code,ok,ok,True,3,185,validate:031,validate,31,194.10000610351562,194.55215398164518,0.4521478781295514,156
development_repeated_nested_cv,primary_instrument1_full,primary,1,5,2,development_combined,CG-FPLS-code,ok,ok,True,3,188,validate:034,validate,34,193.39999389648438,196.35727943652682,2.9572855400424487,156
development_repeated_nested_cv,primary_instrument1_full,primary,1,5,2,development_combined,CG-FPLS-code,ok,ok,True,3,190,validate:036,validate,36,194.6999969482422,199.9515085606869,5.251511612444716,156
development_repeated_nested_cv,primary_instrument1_full,primary,1,5,2,development_combined,CG-FPLS-code,ok,ok,True,3,192,validate:038,validate,38,197.39999389648438,195.18373204304248,-2.2162618534418925,156
development_repeated_nested_cv,primary_instrument1_full,primary,1,5,2,development_combined,Raw FPLS,ok,ok,True,41,10,calibrate:011,calibrate,11,221.8000030517578,217.7790297381468,-4.020973313611023,156
development_repeated_nested_cv,primary_instrument1_full,primary,1,5,2,development_combined,Raw FPLS,ok,ok,True,41,16,calibrate:017,calibrate,17,222.5,218.798701698157,-3.7012983018429964,156
development_repeated_nested_cv,primary_instrument1_full,primary,1,5,2,development_combined,Raw FPLS,ok,ok,True,41,18,calibrate:019,calibrate,19,159.5,178.66524678262968,19.16524678262968,156
development_repeated_nested_cv,primary_instrument1_full,primary,1,5,2,development_combined,Raw FPLS,ok,ok,True,41,21,calibrate:022,calibrate,22,185.89999389648438,186.73505759308767,0.8350636966032994,156
development_repeated_nested_cv,primary_instrument1_full,primary,1,5,2,development_combined,Raw FPLS,ok,ok,True,41,25,calibrate:026,calibrate,26,214.3000030517578,214.73800448177496,0.4380014300171524,156
development_repeated_nested_cv,primary_instrument1_full,primary,1,5,2,development_combined,Raw FPLS,ok,ok,True,41,26,calibrate:027,calibrate,27,209.1999969482422,205.9353121896993,-3.2646847585428986,156
development_repeated_nested_cv,primary_instrument1_full,primary,1,5,2,development_combined,Raw FPLS,ok,ok,True,41,29,calibrate:030,calibrate,30,236.39999389648438,238.0779234901836,1.6779295936992185,156
development_repeated_nested_cv,primary_instrument1_full,primary,1,5,2,development_combined,Raw FPLS,ok,ok,True,41,40,calibrate:041,calibrate,41,206.60000610351562,206.37739191391185,-0.22261418960377455,156
development_repeated_nested_cv,primary_instrument1_full,primary,1,5,2,development_combined,Raw FPLS,ok,ok,True,41,43,calibrate:044,calibrate,44,186.89999389648438,189.87012938856623,2.9701354920818517,156
development_repeated_nested_cv,primary_instrument1_full,primary,1,5,2,development_combined,Raw FPLS,ok,ok,True,41,46,calibrate:047,calibrate,47,158.0,159.44575174384372,1.445751743843715,156
development_repeated_nested_cv,primary_instrument1_full,primary,1,5,2,development_combined,Raw FPLS,ok,ok,True,41,47,calibrate:048,calibrate,48,156.8000030517578,158.8953048525288,2.095301800770983,156
development_repeated_nested_cv,primary_instrument1_full,primary,1,5,2,development_combined,Raw FPLS,ok,ok,True,41,50,calibrate:051,calibrate,51,188.3000030517578,186.4459871669777,-1.8540158847801251,156
development_repeated_nested_cv,primary_instrument1_full,primary,1,5,2,development_combined,Raw FPLS,ok,ok,True,41,60,calibrate:061,calibrate,61,176.89999389648438,177.20443723378077,0.30444333729639084,156
development_repeated_nested_cv,primary_instrument1_full,primary,1,5,2,development_combined,Raw FPLS,ok,ok,True,41,61,calibrate:062,calibrate,62,176.6999969482422,176.7088040249398,0.008807076697621596,156
development_repeated_nested_cv,primary_instrument1_full,primary,1,5,2,development_combined,Raw FPLS,ok,ok,True,41,67,calibrate:068,calibrate,68,179.89999389648438,186.89676978477587,6.996775888291495,156
development_repeated_nested_cv,primary_instrument1_full,primary,1,5,2,development_combined,Raw FPLS,ok,ok,True,41,72,calibrate:073,calibrate,73,202.6999969482422,203.88876826437712,1.1887713161349325,156
development_repeated_nested_cv,primary_instrument1_full,primary,1,5,2,development_combined,Raw FPLS,ok,ok,True,41,74,calibrate:075,calibrate,75,181.3000030517578,184.5918592602517,3.291856208493897,156
development_repeated_nested_cv,primary_instrument1_full,primary,1,5,2,development_combined,Raw FPLS,ok,ok,True,41,87,calibrate:088,calibrate,88,173.60000610351562,175.1147734036574,1.5147673001417843,156
development_repeated_nested_cv,primary_instrument1_full,primary,1,5,2,development_combined,Raw FPLS,ok,ok,True,41,92,calibrate:093,calibrate,93,203.89999389648438,206.15109866927918,2.251104772794804,156
development_repeated_nested_cv,primary_instrument1_full,primary,1,5,2,development_combined,Raw FPLS,ok,ok,True,41,94,calibrate:095,calibrate,95,172.0,174.3449308887833,2.3449308887832956,156
development_repeated_nested_cv,primary_instrument1_full,primary,1,5,2,development_combined,Raw FPLS,ok,ok,True,41,100,calibrate:101,calibrate,101,216.5,216.3509535067409,-0.14904649325910668,156
development_repeated_nested_cv,primary_instrument1_full,primary,1,5,2,development_combined,Raw FPLS,ok,ok,True,41,103,calibrate:104,calibrate,104,184.5,185.9757875714721,1.4757875714720967,156
development_repeated_nested_cv,primary_instrument1_full,primary,1,5,2,development_combined,Raw FPLS,ok,ok,True,41,112,calibrate:113,calibrate,113,219.39999389648438,216.7292148925946,-2.670779003889777,156
development_repeated_nested_cv,primary_instrument1_full,primary,1,5,2,development_combined,Raw FPLS,ok,ok,True,41,113,calibrate:114,calibrate,114,172.89999389648438,178.54732816202775,5.647334265543378,156
development_repeated_nested_cv,primary_instrument1_full,primary,1,5,2,development_combined,Raw FPLS,ok,ok,True,41,128,calibrate:129,calibrate,129,231.10000610351562,226.99207599475602,-4.107930108759604,156
development_repeated_nested_cv,primary_instrument1_full,primary,1,5,2,development_combined,Raw FPLS,ok,ok,True,41,129,calibrate:130,calibrate,130,154.60000610351562,162.67670301976256,8.07669691624693,156
development_repeated_nested_cv,primary_instrument1_full,primary,1,5,2,development_combined,Raw FPLS,ok,ok,True,41,133,calibrate:134,calibrate,134,192.8000030517578,193.54903101274508,0.749027960987263,156
development_repeated_nested_cv,primary_instrument1_full,primary,1,5,2,development_combined,Raw FPLS,ok,ok,True,41,146,calibrate:147,calibrate,147,198.60000610351562,185.58405391765123,-13.015952185864393,156
development_repeated_nested_cv,primary_instrument1_full,primary,1,5,2,development_combined,Raw FPLS,ok,ok,True,41,148,calibrate:149,calibrate,149,194.10000610351562,189.83731744320994,-4.262688660305685,156
development_repeated_nested_cv,primary_instrument1_full,primary,1,5,2,development_combined,Raw FPLS,ok,ok,True,41,152,calibrate:153,calibrate,153,199.6999969482422,193.90070755741206,-5.7992893908301255,156
development_repeated_nested_cv,primary_instrument1_full,primary,1,5,2,development_combined,Raw FPLS,ok,ok,True,41,153,calibrate:154,calibrate,154,201.5,191.65125735900003,-9.848742640999973,156
development_repeated_nested_cv,primary_instrument1_full,primary,1,5,2,development_combined,Raw FPLS,ok,ok,True,41,158,validate:004,validate,4,189.39999389648438,193.09406254413025,3.694068647645878,156
development_repeated_nested_cv,primary_instrument1_full,primary,1,5,2,development_combined,Raw FPLS,ok,ok,True,41,174,validate:020,validate,20,196.3000030517578,191.9237639962959,-4.376239055461923,156
development_repeated_nested_cv,primary_instrument1_full,primary,1,5,2,development_combined,Raw FPLS,ok,ok,True,41,181,validate:027,validate,27,198.89999389648438,197.10833789787364,-1.7916559986107359,156
development_repeated_nested_cv,primary_instrument1_full,primary,1,5,2,development_combined,Raw FPLS,ok,ok,True,41,182,validate:028,validate,28,195.0,198.5106388534558,3.510638853455788,156
development_repeated_nested_cv,primary_instrument1_full,primary,1,5,2,development_combined,Raw FPLS,ok,ok,True,41,185,validate:031,validate,31,194.10000610351562,196.35853599890956,2.2585298953939343,156
development_repeated_nested_cv,primary_instrument1_full,primary,1,5,2,development_combined,Raw FPLS,ok,ok,True,41,188,validate:034,validate,34,193.39999389648438,197.05106548101259,3.6510715845282107,156
development_repeated_nested_cv,primary_instrument1_full,primary,1,5,2,development_combined,Raw FPLS,ok,ok,True,41,190,validate:036,validate,36,194.6999969482422,201.08768443985963,6.3876874916174415,156
development_repeated_nested_cv,primary_instrument1_full,primary,1,5,2,development_combined,Raw FPLS,ok,ok,True,41,192,validate:038,validate,38,197.39999389648438,196.48945803717288,-0.9105358593114943,156
development_repeated_nested_cv,primary_instrument1_full,primary,1,5,2,development_combined,Arnoldi FPLS,ok,ok,True,5,10,calibrate:011,calibrate,11,221.8000030517578,217.82677477537607,-3.9732282763817466,156
development_repeated_nested_cv,primary_instrument1_full,primary,1,5,2,development_combined,Arnoldi FPLS,ok,ok,True,5,16,calibrate:017,calibrate,17,222.5,218.74607379221771,-3.7539262077822855,156
development_repeated_nested_cv,primary_instrument1_full,primary,1,5,2,development_combined,Arnoldi FPLS,ok,ok,True,5,18,calibrate:019,calibrate,19,159.5,178.61246801232437,19.11246801232437,156
development_repeated_nested_cv,primary_instrument1_full,primary,1,5,2,development_combined,Arnoldi FPLS,ok,ok,True,5,21,calibrate:022,calibrate,22,185.89999389648438,186.6994656619022,0.7994717654178203,156
development_repeated_nested_cv,primary_instrument1_full,primary,1,5,2,development_combined,Arnoldi FPLS,ok,ok,True,5,25,calibrate:026,calibrate,26,214.3000030517578,214.77687525655472,0.47687220479690495,156
development_repeated_nested_cv,primary_instrument1_full,primary,1,5,2,development_combined,Arnoldi FPLS,ok,ok,True,5,26,calibrate:027,calibrate,27,209.1999969482422,205.8918889622599,-3.308107985982275,156
development_repeated_nested_cv,primary_instrument1_full,primary,1,5,2,development_combined,Arnoldi FPLS,ok,ok,True,5,29,calibrate:030,calibrate,30,236.39999389648438,238.1107028124385,1.7107089159541147,156
development_repeated_nested_cv,primary_instrument1_full,primary,1,5,2,development_combined,Arnoldi FPLS,ok,ok,True,5,40,calibrate:041,calibrate,41,206.60000610351562,206.33120671520567,-0.268799388309958,156
development_repeated_nested_cv,primary_instrument1_full,primary,1,5,2,development_combined,Arnoldi FPLS,ok,ok,True,5,43,calibrate:044,calibrate,44,186.89999389648438,189.8176709035989,2.91767700711452,156
development_repeated_nested_cv,primary_instrument1_full,primary,1,5,2,development_combined,Arnoldi FPLS,ok,ok,True,5,46,calibrate:047,calibrate,47,158.0,159.5118395263603,1.5118395263602906,156
development_repeated_nested_cv,primary_instrument1_full,primary,1,5,2,development_combined,Arnoldi FPLS,ok,ok,True,5,47,calibrate:048,calibrate,48,156.8000030517578,158.98849190439591,2.188488852638102,156
development_repeated_nested_cv,primary_instrument1_full,primary,1,5,2,development_combined,Arnoldi FPLS,ok,ok,True,5,50,calibrate:051,calibrate,51,188.3000030517578,186.521478382849,-1.7785246689088012,156
development_repeated_nested_cv,primary_instrument1_full,primary,1,5,2,development_combined,Arnoldi FPLS,ok,ok,True,5,60,calibrate:061,calibrate,61,176.89999389648438,177.14741131136955,0.24741741488517732,156
development_repeated_nested_cv,primary_instrument1_full,primary,1,5,2,development_combined,Arnoldi FPLS,ok,ok,True,5,61,calibrate:062,calibrate,62,176.6999969482422,176.80061009933277,0.10061315109058455,156
development_repeated_nested_cv,primary_instrument1_full,primary,1,5,2,development_combined,Arnoldi FPLS,ok,ok,True,5,67,calibrate:068,calibrate,68,179.89999389648438,186.8446264306153,6.944632534130932,156
development_repeated_nested_cv,primary_instrument1_full,primary,1,5,2,development_combined,Arnoldi FPLS,ok,ok,True,5,72,calibrate:073,calibrate,73,202.6999969482422,203.84277244029684,1.1427754920546533,156
development_repeated_nested_cv,primary_instrument1_full,primary,1,5,2,development_combined,Arnoldi FPLS,ok,ok,True,5,74,calibrate:075,calibrate,75,181.3000030517578,184.63062493473427,3.330621882976459,156
development_repeated_nested_cv,primary_instrument1_full,primary,1,5,2,development_combined,Arnoldi FPLS,ok,ok,True,5,87,calibrate:088,calibrate,88,173.60000610351562,175.1592128227231,1.5592067192074808,156
development_repeated_nested_cv,primary_instrument1_full,primary,1,5,2,development_combined,Arnoldi FPLS,ok,ok,True,5,92,calibrate:093,calibrate,93,203.89999389648438,206.1857924094084,2.285798512924032,156
development_repeated_nested_cv,primary_instrument1_full,primary,1,5,2,development_combined,Arnoldi FPLS,ok,ok,True,5,94,calibrate:095,calibrate,95,172.0,174.30440265026198,2.304402650261977,156
development_repeated_nested_cv,primary_instrument1_full,primary,1,5,2,development_combined,Arnoldi FPLS,ok,ok,True,5,100,calibrate:101,calibrate,101,216.5,216.3928065491546,-0.10719345084538645,156
development_repeated_nested_cv,primary_instrument1_full,primary,1,5,2,development_combined,Arnoldi FPLS,ok,ok,True,5,103,calibrate:104,calibrate,104,184.5,186.04229502393483,1.5422950239348268,156
development_repeated_nested_cv,primary_instrument1_full,primary,1,5,2,development_combined,Arnoldi FPLS,ok,ok,True,5,112,calibrate:113,calibrate,113,219.39999389648438,216.76896267368218,-2.631031222802193,156
development_repeated_nested_cv,primary_instrument1_full,primary,1,5,2,development_combined,Arnoldi FPLS,ok,ok,True,5,113,calibrate:114,calibrate,114,172.89999389648438,178.48683446008036,5.586840563595985,156
development_repeated_nested_cv,primary_instrument1_full,primary,1,5,2,development_combined,Arnoldi FPLS,ok,ok,True,5,128,calibrate:129,calibrate,129,231.10000610351562,226.98066130854932,-4.11934479496631,156
development_repeated_nested_cv,primary_instrument1_full,primary,1,5,2,development_combined,Arnoldi FPLS,ok,ok,True,5,129,calibrate:130,calibrate,130,154.60000610351562,162.6491968203256,8.049190716809989,156
development_repeated_nested_cv,primary_instrument1_full,primary,1,5,2,development_combined,Arnoldi FPLS,ok,ok,True,5,133,calibrate:134,calibrate,134,192.8000030517578,193.5076677725314,0.7076647207735789,156
development_repeated_nested_cv,primary_instrument1_full,primary,1,5,2,development_combined,Arnoldi FPLS,ok,ok,True,5,146,calibrate:147,calibrate,147,198.60000610351562,185.61047679132145,-12.989529312194179,156
development_repeated_nested_cv,primary_instrument1_full,primary,1,5,2,development_combined,Arnoldi FPLS,ok,ok,True,5,148,calibrate:149,calibrate,149,194.10000610351562,189.90075698376887,-4.199249119746753,156
development_repeated_nested_cv,primary_instrument1_full,primary,1,5,2,development_combined,Arnoldi FPLS,ok,ok,True,5,152,calibrate:153,calibrate,153,199.6999969482422,193.9607712347569,-5.739225713485297,156
development_repeated_nested_cv,primary_instrument1_full,primary,1,5,2,development_combined,Arnoldi FPLS,ok,ok,True,5,153,calibrate:154,calibrate,154,201.5,191.7199357155903,-9.78006428440969,156
development_repeated_nested_cv,primary_instrument1_full,primary,1,5,2,development_combined,Arnoldi FPLS,ok,ok,True,5,158,validate:004,validate,4,189.39999389648438,193.11169205947425,3.711698162989876,156
development_repeated_nested_cv,primary_instrument1_full,primary,1,5,2,development_combined,Arnoldi FPLS,ok,ok,True,5,174,validate:020,validate,20,196.3000030517578,191.95969647483577,-4.340306576922046,156
development_repeated_nested_cv,primary_instrument1_full,primary,1,5,2,development_combined,Arnoldi FPLS,ok,ok,True,5,181,validate:027,validate,27,198.89999389648438,197.1494570669591,-1.7505368295252879,156
development_repeated_nested_cv,primary_instrument1_full,primary,1,5,2,development_combined,Arnoldi FPLS,ok,ok,True,5,182,validate:028,validate,28,195.0,198.58916208596509,3.5891620859650857,156
development_repeated_nested_cv,primary_instrument1_full,primary,1,5,2,development_combined,Arnoldi FPLS,ok,ok,True,5,185,validate:031,validate,31,194.10000610351562,196.44862474338814,2.3486186398725124,156
development_repeated_nested_cv,primary_instrument1_full,primary,1,5,2,development_combined,Arnoldi FPLS,ok,ok,True,5,188,validate:034,validate,34,193.39999389648438,197.12494541177483,3.7249515152904564,156
development_repeated_nested_cv,primary_instrument1_full,primary,1,5,2,development_combined,Arnoldi FPLS,ok,ok,True,5,190,validate:036,validate,36,194.6999969482422,201.040506069487,6.340509121244821,156
development_repeated_nested_cv,primary_instrument1_full,primary,1,5,2,development_combined,Arnoldi FPLS,ok,ok,True,5,192,validate:038,validate,38,197.39999389648438,196.57470868076055,-0.8252852157238237,156
development_repeated_nested_cv,primary_instrument1_full,primary,1,5,2,development_combined,FPCR,ok,ok,True,18,10,calibrate:011,calibrate,11,221.8000030517578,218.41824537274584,-3.3817576790119688,156
development_repeated_nested_cv,primary_instrument1_full,primary,1,5,2,development_combined,FPCR,ok,ok,True,18,16,calibrate:017,calibrate,17,222.5,217.10610050617709,-5.393899493822914,156
development_repeated_nested_cv,primary_instrument1_full,primary,1,5,2,development_combined,FPCR,ok,ok,True,18,18,calibrate:019,calibrate,19,159.5,177.39636733620875,17.896367336208755,156
development_repeated_nested_cv,primary_instrument1_full,primary,1,5,2,development_combined,FPCR,ok,ok,True,18,21,calibrate:022,calibrate,22,185.89999389648438,185.84982763414246,-0.0501662623419179,156
development_repeated_nested_cv,primary_instrument1_full,primary,1,5,2,development_combined,FPCR,ok,ok,True,18,25,calibrate:026,calibrate,26,214.3000030517578,213.5451092825622,-0.7548937691956041,156
development_repeated_nested_cv,primary_instrument1_full,primary,1,5,2,development_combined,FPCR,ok,ok,True,18,26,calibrate:027,calibrate,27,209.1999969482422,205.5668315796184,-3.633165368623793,156
development_repeated_nested_cv,primary_instrument1_full,primary,1,5,2,development_combined,FPCR,ok,ok,True,18,29,calibrate:030,calibrate,30,236.39999389648438,239.6840315680699,3.284037671585537,156
development_repeated_nested_cv,primary_instrument1_full,primary,1,5,2,development_combined,FPCR,ok,ok,True,18,40,calibrate:041,calibrate,41,206.60000610351562,206.43742560512308,-0.1625804983925434,156
development_repeated_nested_cv,primary_instrument1_full,primary,1,5,2,development_combined,FPCR,ok,ok,True,18,43,calibrate:044,calibrate,44,186.89999389648438,189.7933410641967,2.893347167712335,156
development_repeated_nested_cv,primary_instrument1_full,primary,1,5,2,development_combined,FPCR,ok,ok,True,18,46,calibrate:047,calibrate,47,158.0,160.58051582388845,2.5805158238884474,156
development_repeated_nested_cv,primary_instrument1_full,primary,1,5,2,development_combined,FPCR,ok,ok,True,18,47,calibrate:048,calibrate,48,156.8000030517578,159.86508319559454,3.065080143836724,156
development_repeated_nested_cv,primary_instrument1_full,primary,1,5,2,development_combined,FPCR,ok,ok,True,18,50,calibrate:051,calibrate,51,188.3000030517578,187.26424137623184,-1.0357616755259755,156
development_repeated_nested_cv,primary_instrument1_full,primary,1,5,2,development_combined,FPCR,ok,ok,True,18,60,calibrate:061,calibrate,61,176.89999389648438,174.63005655781046,-2.2699373386739126,156
development_repeated_nested_cv,primary_instrument1_full,primary,1,5,2,development_combined,FPCR,ok,ok,True,18,61,calibrate:062,calibrate,62,176.6999969482422,178.02110264511631,1.3211056968741275,156
development_repeated_nested_cv,primary_instrument1_full,primary,1,5,2,development_combined,FPCR,ok,ok,True,18,67,calibrate:068,calibrate,68,179.89999389648438,186.23537719393062,6.335383297446242,156
development_repeated_nested_cv,primary_instrument1_full,primary,1,5,2,development_combined,FPCR,ok,ok,True,18,72,calibrate:073,calibrate,73,202.6999969482422,202.2138018205378,-0.48619512770437723,156
development_repeated_nested_cv,primary_instrument1_full,primary,1,5,2,development_combined,FPCR,ok,ok,True,18,74,calibrate:075,calibrate,75,181.3000030517578,184.3624575087311,3.0624544569732848,156
development_repeated_nested_cv,primary_instrument1_full,primary,1,5,2,development_combined,FPCR,ok,ok,True,18,87,calibrate:088,calibrate,88,173.60000610351562,175.3452226648871,1.7452165613714783,156
development_repeated_nested_cv,primary_instrument1_full,primary,1,5,2,development_combined,FPCR,ok,ok,True,18,92,calibrate:093,calibrate,93,203.89999389648438,206.72577960130457,2.8257857048201913,156
development_repeated_nested_cv,primary_instrument1_full,primary,1,5,2,development_combined,FPCR,ok,ok,True,18,94,calibrate:095,calibrate,95,172.0,174.23282356696188,2.2328235669618834,156
development_repeated_nested_cv,primary_instrument1_full,primary,1,5,2,development_combined,FPCR,ok,ok,True,18,100,calibrate:101,calibrate,101,216.5,216.51512735059433,0.015127350594326572,156
development_repeated_nested_cv,primary_instrument1_full,primary,1,5,2,development_combined,FPCR,ok,ok,True,18,103,calibrate:104,calibrate,104,184.5,186.32388319572993,1.823883195729934,156
development_repeated_nested_cv,primary_instrument1_full,primary,1,5,2,development_combined,FPCR,ok,ok,True,18,112,calibrate:113,calibrate,113,219.39999389648438,216.43584566697803,-2.9641482295063497,156
development_repeated_nested_cv,primary_instrument1_full,primary,1,5,2,development_combined,FPCR,ok,ok,True,18,113,calibrate:114,calibrate,114,172.89999389648438,178.1004436959262,5.200449799441827,156
development_repeated_nested_cv,primary_instrument1_full,primary,1,5,2,development_combined,FPCR,ok,ok,True,18,128,calibrate:129,calibrate,129,231.10000610351562,227.8640027754654,-3.2360033280502307,156
development_repeated_nested_cv,primary_instrument1_full,primary,1,5,2,development_combined,FPCR,ok,ok,True,18,129,calibrate:130,calibrate,130,154.60000610351562,162.10436044286908,7.504354339353455,156
development_repeated_nested_cv,primary_instrument1_full,primary,1,5,2,development_combined,FPCR,ok,ok,True,18,133,calibrate:134,calibrate,134,192.8000030517578,195.81539054818302,3.0153874964252054,156
development_repeated_nested_cv,primary_instrument1_full,primary,1,5,2,development_combined,FPCR,ok,ok,True,18,146,calibrate:147,calibrate,147,198.60000610351562,184.10711021979012,-14.49289588372551,156
development_repeated_nested_cv,primary_instrument1_full,primary,1,5,2,development_combined,FPCR,ok,ok,True,18,148,calibrate:149,calibrate,149,194.10000610351562,190.47158554686732,-3.628420556648308,156
development_repeated_nested_cv,primary_instrument1_full,primary,1,5,2,development_combined,FPCR,ok,ok,True,18,152,calibrate:153,calibrate,153,199.6999969482422,195.2439783521481,-4.456018596094083,156
development_repeated_nested_cv,primary_instrument1_full,primary,1,5,2,development_combined,FPCR,ok,ok,True,18,153,calibrate:154,calibrate,154,201.5,193.37089503472905,-8.129104965270955,156
development_repeated_nested_cv,primary_instrument1_full,primary,1,5,2,development_combined,FPCR,ok,ok,True,18,158,validate:004,validate,4,189.39999389648438,194.3831824875649,4.983188591080534,156
development_repeated_nested_cv,primary_instrument1_full,primary,1,5,2,development_combined,FPCR,ok,ok,True,18,174,validate:020,validate,20,196.3000030517578,194.53708146353094,-1.7629215882268738,156
development_repeated_nested_cv,primary_instrument1_full,primary,1,5,2,development_combined,FPCR,ok,ok,True,18,181,validate:027,validate,27,198.89999389648438,198.19444631116036,-0.7055475853240125,156
development_repeated_nested_cv,primary_instrument1_full,primary,1,5,2,development_combined,FPCR,ok,ok,True,18,182,validate:028,validate,28,195.0,198.71309953507534,3.7130995350753437,156
development_repeated_nested_cv,primary_instrument1_full,primary,1,5,2,development_combined,FPCR,ok,ok,True,18,185,validate:031,validate,31,194.10000610351562,197.21439369067008,3.1143875871544537,156
development_repeated_nested_cv,primary_instrument1_full,primary,1,5,2,development_combined,FPCR,ok,ok,True,18,188,validate:034,validate,34,193.39999389648438,198.77104631181902,5.3710524153346455,156
development_repeated_nested_cv,primary_instrument1_full,primary,1,5,2,development_combined,FPCR,ok,ok,True,18,190,validate:036,validate,36,194.6999969482422,199.80954691227288,5.109549964030691,156
development_repeated_nested_cv,primary_instrument1_full,primary,1,5,2,development_combined,FPCR,ok,ok,True,18,192,validate:038,validate,38,197.39999389648438,197.5248459432675,0.12485204678313266,156
development_repeated_nested_cv,primary_instrument1_full,primary,1,5,3,development_combined,CG-FPLS-code,ok,ok,True,3,13,calibrate:014,calibrate,14,221.3000030517578,215.9294793862756,-5.37052366548221,156
development_repeated_nested_cv,primary_instrument1_full,primary,1,5,3,development_combined,CG-FPLS-code,ok,ok,True,3,14,calibrate:015,calibrate,15,220.10000610351562,220.0475050666119,-0.05250103690372043,156
development_repeated_nested_cv,primary_instrument1_full,primary,1,5,3,development_combined,CG-FPLS-code,ok,ok,True,3,24,calibrate:025,calibrate,25,177.1999969482422,176.35421523165928,-0.8457817165829056,156
development_repeated_nested_cv,primary_instrument1_full,primary,1,5,3,development_combined,CG-FPLS-code,ok,ok,True,3,38,calibrate:039,calibrate,39,214.10000610351562,222.09539523500897,7.99538913149334,156
development_repeated_nested_cv,primary_instrument1_full,primary,1,5,3,development_combined,CG-FPLS-code,ok,ok,True,3,54,calibrate:055,calibrate,55,188.10000610351562,183.48364675377206,-4.616359349743561,156
development_repeated_nested_cv,primary_instrument1_full,primary,1,5,3,development_combined,CG-FPLS-code,ok,ok,True,3,57,calibrate:058,calibrate,58,157.60000610351562,165.10488513346212,7.504879029946494,156
development_repeated_nested_cv,primary_instrument1_full,primary,1,5,3,development_combined,CG-FPLS-code,ok,ok,True,3,62,calibrate:063,calibrate,63,176.5,174.48424230988599,-2.0157576901140146,156
development_repeated_nested_cv,primary_instrument1_full,primary,1,5,3,development_combined,CG-FPLS-code,ok,ok,True,3,66,calibrate:067,calibrate,67,215.60000610351562,218.89670681796156,3.296700714445933,156
development_repeated_nested_cv,primary_instrument1_full,primary,1,5,3,development_combined,CG-FPLS-code,ok,ok,True,3,71,calibrate:072,calibrate,72,201.8000030517578,207.5645690584857,5.7645660067278754,156
development_repeated_nested_cv,primary_instrument1_full,primary,1,5,3,development_combined,CG-FPLS-code,ok,ok,True,3,75,calibrate:076,calibrate,76,178.10000610351562,180.68728304085897,2.587276937343347,156
development_repeated_nested_cv,primary_instrument1_full,primary,1,5,3,development_combined,CG-FPLS-code,ok,ok,True,3,76,calibrate:077,calibrate,77,158.10000610351562,158.39199100345112,0.2919848999354997,156
development_repeated_nested_cv,primary_instrument1_full,primary,1,5,3,development_combined,CG-FPLS-code,ok,ok,True,3,79,calibrate:080,calibrate,80,208.39999389648438,206.57057161627682,-1.8294222802075524,156
development_repeated_nested_cv,primary_instrument1_full,primary,1,5,3,development_combined,CG-FPLS-code,ok,ok,True,3,85,calibrate:086,calibrate,86,184.1999969482422,185.29403332783582,1.094036379593632,156
development_repeated_nested_cv,primary_instrument1_full,primary,1,5,3,development_combined,CG-FPLS-code,ok,ok,True,3,91,calibrate:092,calibrate,92,175.5,183.01179238479997,7.511792384799975,156
development_repeated_nested_cv,primary_instrument1_full,primary,1,5,3,development_combined,CG-FPLS-code,ok,ok,True,3,93,calibrate:094,calibrate,94,172.39999389648438,182.93292787123886,10.532933974754485,156
development_repeated_nested_cv,primary_instrument1_full,primary,1,5,3,development_combined,CG-FPLS-code,ok,ok,True,3,95,calibrate:096,calibrate,96,171.60000610351562,179.31624441352318,7.7162383100075544,156
development_repeated_nested_cv,primary_instrument1_full,primary,1,5,3,development_combined,CG-FPLS-code,ok,ok,True,3,102,calibrate:103,calibrate,103,151.60000610351562,163.00010069553574,11.40009459202011,156
development_repeated_nested_cv,primary_instrument1_full,primary,1,5,3,development_combined,CG-FPLS-code,ok,ok,True,3,105,calibrate:106,calibrate,106,160.39999389648438,159.72642697407287,-0.67356692241151,156
development_repeated_nested_cv,primary_instrument1_full,primary,1,5,3,development_combined,CG-FPLS-code,ok,ok,True,3,107,calibrate:108,calibrate,108,231.10000610351562,230.65449123732782,-0.445514866187807,156
development_repeated_nested_cv,primary_instrument1_full,primary,1,5,3,development_combined,CG-FPLS-code,ok,ok,True,3,108,calibrate:109,calibrate,109,222.60000610351562,213.4579083655243,-9.142097737991321,156
development_repeated_nested_cv,primary_instrument1_full,primary,1,5,3,development_combined,CG-FPLS-code,ok,ok,True,3,110,calibrate:111,calibrate,111,217.0,219.61002838130094,2.6100283813009355,156
development_repeated_nested_cv,primary_instrument1_full,primary,1,5,3,development_combined,CG-FPLS-code,ok,ok,True,3,119,calibrate:120,calibrate,120,204.60000610351562,204.10359209926114,-0.4964140042544898,156
development_repeated_nested_cv,primary_instrument1_full,primary,1,5,3,development_combined,CG-FPLS-code,ok,ok,True,3,127,calibrate:128,calibrate,128,239.10000610351562,234.65056635596966,-4.449439747545966,156
development_repeated_nested_cv,primary_instrument1_full,primary,1,5,3,development_combined,CG-FPLS-code,ok,ok,True,3,130,calibrate:131,calibrate,131,184.5,184.99129124519504,0.4912912451950433,156
development_repeated_nested_cv,primary_instrument1_full,primary,1,5,3,development_combined,CG-FPLS-code,ok,ok,True,3,137,calibrate:138,calibrate,138,195.89999389648438,192.11284118062235,-3.787152715862021,156
development_repeated_nested_cv,primary_instrument1_full,primary,1,5,3,development_combined,CG-FPLS-code,ok,ok,True,3,139,calibrate:140,calibrate,140,193.3000030517578,200.6636740417877,7.363670990029874,156
development_repeated_nested_cv,primary_instrument1_full,primary,1,5,3,development_combined,CG-FPLS-code,ok,ok,True,3,145,calibrate:146,calibrate,146,191.0,196.70864561676592,5.708645616765921,156
development_repeated_nested_cv,primary_instrument1_full,primary,1,5,3,development_combined,CG-FPLS-code,ok,ok,True,3,147,calibrate:148,calibrate,148,197.8000030517578,189.48458809542998,-8.315414956327828,156
development_repeated_nested_cv,primary_instrument1_full,primary,1,5,3,development_combined,CG-FPLS-code,ok,ok,True,3,149,calibrate:150,calibrate,150,181.3000030517578,197.89999072830784,16.59998767655003,156
development_repeated_nested_cv,primary_instrument1_full,primary,1,5,3,development_combined,CG-FPLS-code,ok,ok,True,3,150,calibrate:151,calibrate,151,200.0,191.04114749592384,-8.958852504076162,156
development_repeated_nested_cv,primary_instrument1_full,primary,1,5,3,development_combined,CG-FPLS-code,ok,ok,True,3,151,calibrate:152,calibrate,152,201.39999389648438,188.82503539878957,-12.574958497694809,156
development_repeated_nested_cv,primary_instrument1_full,primary,1,5,3,development_combined,CG-FPLS-code,ok,ok,True,3,157,validate:003,validate,3,191.89999389648438,191.6296165412746,-0.27037735520977435,156
development_repeated_nested_cv,primary_instrument1_full,primary,1,5,3,development_combined,CG-FPLS-code,ok,ok,True,3,161,validate:007,validate,7,195.89999389648438,196.7763057160693,0.8763118195849131,156
development_repeated_nested_cv,primary_instrument1_full,primary,1,5,3,development_combined,CG-FPLS-code,ok,ok,True,3,164,validate:010,validate,10,193.8000030517578,198.4270506724087,4.627047620650899,156
development_repeated_nested_cv,primary_instrument1_full,primary,1,5,3,development_combined,CG-FPLS-code,ok,ok,True,3,171,validate:017,validate,17,194.6999969482422,198.2941785276662,3.594181579424003,156
development_repeated_nested_cv,primary_instrument1_full,primary,1,5,3,development_combined,CG-FPLS-code,ok,ok,True,3,175,validate:021,validate,21,195.10000610351562,195.00194216721403,-0.0980639363015996,156
development_repeated_nested_cv,primary_instrument1_full,primary,1,5,3,development_combined,CG-FPLS-code,ok,ok,True,3,186,validate:032,validate,32,197.5,191.90925198059026,-5.5907480194097445,156
development_repeated_nested_cv,primary_instrument1_full,primary,1,5,3,development_combined,CG-FPLS-code,ok,ok,True,3,187,validate:033,validate,33,194.1999969482422,196.1848325350388,1.9848355867966063,156
development_repeated_nested_cv,primary_instrument1_full,primary,1,5,3,development_combined,CG-FPLS-code,ok,ok,True,3,193,validate:039,validate,39,196.60000610351562,195.93041712043163,-0.6695889830839974,156
development_repeated_nested_cv,primary_instrument1_full,primary,1,5,3,development_combined,Raw FPLS,ok,ok,True,67,13,calibrate:014,calibrate,14,221.3000030517578,217.49065625442378,-3.8093467973340296,156
development_repeated_nested_cv,primary_instrument1_full,primary,1,5,3,development_combined,Raw FPLS,ok,ok,True,67,14,calibrate:015,calibrate,15,220.10000610351562,217.78868544266723,-2.311320660848395,156
development_repeated_nested_cv,primary_instrument1_full,primary,1,5,3,development_combined,Raw FPLS,ok,ok,True,67,24,calibrate:025,calibrate,25,177.1999969482422,176.22888852362613,-0.9711084246160624,156
development_repeated_nested_cv,primary_instrument1_full,primary,1,5,3,development_combined,Raw FPLS,ok,ok,True,67,38,calibrate:039,calibrate,39,214.10000610351562,223.44886693741478,9.348860833899153,156
development_repeated_nested_cv,primary_instrument1_full,primary,1,5,3,development_combined,Raw FPLS,ok,ok,True,67,54,calibrate:055,calibrate,55,188.10000610351562,184.56130470591086,-3.5387013976047683,156
development_repeated_nested_cv,primary_instrument1_full,primary,1,5,3,development_combined,Raw FPLS,ok,ok,True,67,57,calibrate:058,calibrate,58,157.60000610351562,163.23030693023173,5.630300826716109,156
development_repeated_nested_cv,primary_instrument1_full,primary,1,5,3,development_combined,Raw FPLS,ok,ok,True,67,62,calibrate:063,calibrate,63,176.5,179.50318734624605,3.003187346246051,156
development_repeated_nested_cv,primary_instrument1_full,primary,1,5,3,development_combined,Raw FPLS,ok,ok,True,67,66,calibrate:067,calibrate,67,215.60000610351562,217.22535276802222,1.6253466645065942,156
development_repeated_nested_cv,primary_instrument1_full,primary,1,5,3,development_combined,Raw FPLS,ok,ok,True,67,71,calibrate:072,calibrate,72,201.8000030517578,204.13644577255852,2.3364427208007044,156
development_repeated_nested_cv,primary_instrument1_full,primary,1,5,3,development_combined,Raw FPLS,ok,ok,True,67,75,calibrate:076,calibrate,76,178.10000610351562,175.79915409824355,-2.300852005272077,156
development_repeated_nested_cv,primary_instrument1_full,primary,1,5,3,development_combined,Raw FPLS,ok,ok,True,67,76,calibrate:077,calibrate,77,158.10000610351562,157.58542029171713,-0.5145858117984972,156
development_repeated_nested_cv,primary_instrument1_full,primary,1,5,3,development_combined,Raw FPLS,ok,ok,True,67,79,calibrate:080,calibrate,80,208.39999389648438,203.86574437859474,-4.534249517889634,156
development_repeated_nested_cv,primary_instrument1_full,primary,1,5,3,development_combined,Raw FPLS,ok,ok,True,67,85,calibrate:086,calibrate,86,184.1999969482422,185.11730315407502,0.9173062058328298,156
development_repeated_nested_cv,primary_instrument1_full,primary,1,5,3,development_combined,Raw FPLS,ok,ok,True,67,91,calibrate:092,calibrate,92,175.5,176.43680810728827,0.9368081072882717,156
development_repeated_nested_cv,primary_instrument1_full,primary,1,5,3,development_combined,Raw FPLS,ok,ok,True,67,93,calibrate:094,calibrate,94,172.39999389648438,176.74988482232968,4.349890925845301,156
development_repeated_nested_cv,primary_instrument1_full,primary,1,5,3,development_combined,Raw FPLS,ok,ok,True,67,95,calibrate:096,calibrate,96,171.60000610351562,171.6952952082317,0.09528910471607333,156
development_repeated_nested_cv,primary_instrument1_full,primary,1,5,3,development_combined,Raw FPLS,ok,ok,True,67,102,calibrate:103,calibrate,103,151.60000610351562,162.65829306875145,11.058286965235823,156
development_repeated_nested_cv,primary_instrument1_full,primary,1,5,3,development_combined,Raw FPLS,ok,ok,True,67,105,calibrate:106,calibrate,106,160.39999389648438,159.31755844314642,-1.0824354533379505,156
development_repeated_nested_cv,primary_instrument1_full,primary,1,5,3,development_combined,Raw FPLS,ok,ok,True,67,107,calibrate:108,calibrate,108,231.10000610351562,237.55548353179924,6.455477428283615,156
development_repeated_nested_cv,primary_instrument1_full,primary,1,5,3,development_combined,Raw FPLS,ok,ok,True,67,108,calibrate:109,calibrate,109,222.60000610351562,221.1821990878287,-1.4178070156869182,156
development_repeated_nested_cv,primary_instrument1_full,primary,1,5,3,development_combined,Raw FPLS,ok,ok,True,67,110,calibrate:111,calibrate,111,217.0,217.4790163387151,0.4790163387150983,156
development_repeated_nested_cv,primary_instrument1_full,primary,1,5,3,development_combined,Raw FPLS,ok,ok,True,67,119,calibrate:120,calibrate,120,204.60000610351562,205.95758068471997,1.3575745812043465,156
development_repeated_nested_cv,primary_instrument1_full,primary,1,5,3,development_combined,Raw FPLS,ok,ok,True,67,127,calibrate:128,calibrate,128,239.10000610351562,239.61742432582685,0.5174182223112211,156
development_repeated_nested_cv,primary_instrument1_full,primary,1,5,3,development_combined,Raw FPLS,ok,ok,True,67,130,calibrate:131,calibrate,131,184.5,187.41437483683757,2.914374836837567,156
development_repeated_nested_cv,primary_instrument1_full,primary,1,5,3,development_combined,Raw FPLS,ok,ok,True,67,137,calibrate:138,calibrate,138,195.89999389648438,202.20426313588732,6.304269239402942,156
development_repeated_nested_cv,primary_instrument1_full,primary,1,5,3,development_combined,Raw FPLS,ok,ok,True,67,139,calibrate:140,calibrate,140,193.3000030517578,197.33710076972952,4.0370977179717045,156
development_repeated_nested_cv,primary_instrument1_full,primary,1,5,3,development_combined,Raw FPLS,ok,ok,True,67,145,calibrate:146,calibrate,146,191.0,191.301084710963,0.3010847109630106,156
development_repeated_nested_cv,primary_instrument1_full,primary,1,5,3,development_combined,Raw FPLS,ok,ok,True,67,147,calibrate:148,calibrate,148,197.8000030517578,189.95185165200903,-7.848151399748787,156
development_repeated_nested_cv,primary_instrument1_full,primary,1,5,3,development_combined,Raw FPLS,ok,ok,True,67,149,calibrate:150,calibrate,150,181.3000030517578,192.3041787956319,11.0041757438741,156
development_repeated_nested_cv,primary_instrument1_full,primary,1,5,3,development_combined,Raw FPLS,ok,ok,True,67,150,calibrate:151,calibrate,151,200.0,194.41395110241265,-5.586048897587347,156
development_repeated_nested_cv,primary_instrument1_full,primary,1,5,3,development_combined,Raw FPLS,ok,ok,True,67,151,calibrate:152,calibrate,152,201.39999389648438,193.4297079160769,-7.970285980407482,156
development_repeated_nested_cv,primary_instrument1_full,primary,1,5,3,development_combined,Raw FPLS,ok,ok,True,67,157,validate:003,validate,3,191.89999389648438,198.35498591426864,6.454992017784264,156
development_repeated_nested_cv,primary_instrument1_full,primary,1,5,3,development_combined,Raw FPLS,ok,ok,True,67,161,validate:007,validate,7,195.89999389648438,193.56318154475048,-2.3368123517338972,156
development_repeated_nested_cv,primary_instrument1_full,primary,1,5,3,development_combined,Raw FPLS,ok,ok,True,67,164,validate:010,validate,10,193.8000030517578,190.82268630355222,-2.9773167482055953,156
development_repeated_nested_cv,primary_instrument1_full,primary,1,5,3,development_combined,Raw FPLS,ok,ok,True,67,171,validate:017,validate,17,194.6999969482422,193.59933911684024,-1.1006578314019464,156
development_repeated_nested_cv,primary_instrument1_full,primary,1,5,3,development_combined,Raw FPLS,ok,ok,True,67,175,validate:021,validate,21,195.10000610351562,199.92189359251066,4.821887488995031,156
development_repeated_nested_cv,primary_instrument1_full,primary,1,5,3,development_combined,Raw FPLS,ok,ok,True,67,186,validate:032,validate,32,197.5,195.80761411199708,-1.6923858880029172,156
development_repeated_nested_cv,primary_instrument1_full,primary,1,5,3,development_combined,Raw FPLS,ok,ok,True,67,187,validate:033,validate,33,194.1999969482422,200.21875827822672,6.018761329984528,156
development_repeated_nested_cv,primary_instrument1_full,primary,1,5,3,development_combined,Raw FPLS,ok,ok,True,67,193,validate:039,validate,39,196.60000610351562,198.72359544667242,2.1235893431567945,156
development_repeated_nested_cv,primary_instrument1_full,primary,1,5,3,development_combined,Arnoldi FPLS,ok,ok,True,5,13,calibrate:014,calibrate,14,221.3000030517578,217.56636334892184,-3.7336397028359727,156
development_repeated_nested_cv,primary_instrument1_full,primary,1,5,3,development_combined,Arnoldi FPLS,ok,ok,True,5,14,calibrate:015,calibrate,15,220.10000610351562,217.74890286396672,-2.3511032395489053,156
development_repeated_nested_cv,primary_instrument1_full,primary,1,5,3,development_combined,Arnoldi FPLS,ok,ok,True,5,24,calibrate:025,calibrate,25,177.1999969482422,176.2773476955051,-0.9226492527370738,156
development_repeated_nested_cv,primary_instrument1_full,primary,1,5,3,development_combined,Arnoldi FPLS,ok,ok,True,5,38,calibrate:039,calibrate,39,214.10000610351562,223.4009938684341,9.300987764918489,156
development_repeated_nested_cv,primary_instrument1_full,primary,1,5,3,development_combined,Arnoldi FPLS,ok,ok,True,5,54,calibrate:055,calibrate,55,188.10000610351562,184.46156285954592,-3.6384432439697036,156
development_repeated_nested_cv,primary_instrument1_full,primary,1,5,3,development_combined,Arnoldi FPLS,ok,ok,True,5,57,calibrate:058,calibrate,58,157.60000610351562,163.2538272381807,5.6538211346650655,156
development_repeated_nested_cv,primary_instrument1_full,primary,1,5,3,development_combined,Arnoldi FPLS,ok,ok,True,5,62,calibrate:063,calibrate,63,176.5,179.57774847914533,3.0777484791453276,156
development_repeated_nested_cv,primary_instrument1_full,primary,1,5,3,development_combined,Arnoldi FPLS,ok,ok,True,5,66,calibrate:067,calibrate,67,215.60000610351562,217.19595391327658,1.5959478097609576,156
development_repeated_nested_cv,primary_instrument1_full,primary,1,5,3,development_combined,Arnoldi FPLS,ok,ok,True,5,71,calibrate:072,calibrate,72,201.8000030517578,204.10481694779193,2.304813896034119,156
development_repeated_nested_cv,primary_instrument1_full,primary,1,5,3,development_combined,Arnoldi FPLS,ok,ok,True,5,75,calibrate:076,calibrate,76,178.10000610351562,175.7498242292661,-2.350181874249529,156
development_repeated_nested_cv,primary_instrument1_full,primary,1,5,3,development_combined,Arnoldi FPLS,ok,ok,True,5,76,calibrate:077,calibrate,77,158.10000610351562,157.49541974228242,-0.6045863612332028,156
development_repeated_nested_cv,primary_instrument1_full,primary,1,5,3,development_combined,Arnoldi FPLS,ok,ok,True,5,79,calibrate:080,calibrate,80,208.39999389648438,203.81930948666005,-4.580684409824329,156
development_repeated_nested_cv,primary_instrument1_full,primary,1,5,3,development_combined,Arnoldi FPLS,ok,ok,True,5,85,calibrate:086,calibrate,86,184.1999969482422,185.16062167418673,0.9606247259445411,156
development_repeated_nested_cv,primary_instrument1_full,primary,1,5,3,development_combined,Arnoldi FPLS,ok,ok,True,5,91,calibrate:092,calibrate,92,175.5,176.36831459535554,0.8683145953555425,156
development_repeated_nested_cv,primary_instrument1_full,primary,1,5,3,development_combined,Arnoldi FPLS,ok,ok,True,5,93,calibrate:094,calibrate,94,172.39999389648438,176.68464646223094,4.284652565746569,156
development_repeated_nested_cv,primary_instrument1_full,primary,1,5,3,development_combined,Arnoldi FPLS,ok,ok,True,5,95,calibrate:096,calibrate,96,171.60000610351562,171.63369733889786,0.03369123538223562,156
development_repeated_nested_cv,primary_instrument1_full,primary,1,5,3,development_combined,Arnoldi FPLS,ok,ok,True,5,102,calibrate:103,calibrate,103,151.60000610351562,162.6878756703359,11.087869566820274,156
development_repeated_nested_cv,primary_instrument1_full,primary,1,5,3,development_combined,Arnoldi FPLS,ok,ok,True,5,105,calibrate:106,calibrate,106,160.39999389648438,159.21897232949965,-1.1810215669847253,156
development_repeated_nested_cv,primary_instrument1_full,primary,1,5,3,development_combined,Arnoldi FPLS,ok,ok,True,5,107,calibrate:108,calibrate,108,231.10000610351562,237.57813010456786,6.478124001052237,156
development_repeated_nested_cv,primary_instrument1_full,primary,1,5,3,development_combined,Arnoldi FPLS,ok,ok,True,5,108,calibrate:109,calibrate,109,222.60000610351562,221.26796728861723,-1.3320388148983966,156
development_repeated_nested_cv,primary_instrument1_full,primary,1,5,3,development_combined,Arnoldi FPLS,ok,ok,True,5,110,calibrate:111,calibrate,111,217.0,217.46645551815317,0.4664555181531682,156
development_repeated_nested_cv,primary_instrument1_full,primary,1,5,3,development_combined,Arnoldi FPLS,ok,ok,True,5,119,calibrate:120,calibrate,120,204.60000610351562,206.0185459501761,1.4185398466604795,156
development_repeated_nested_cv,primary_instrument1_full,primary,1,5,3,development_combined,Arnoldi FPLS,ok,ok,True,5,127,calibrate:128,calibrate,128,239.10000610351562,239.60647603617372,0.5064699326580921,156
development_repeated_nested_cv,primary_instrument1_full,primary,1,5,3,development_combined,Arnoldi FPLS,ok,ok,True,5,130,calibrate:131,calibrate,131,184.5,187.47411971248653,2.9741197124865266,156
development_repeated_nested_cv,primary_instrument1_full,primary,1,5,3,development_combined,Arnoldi FPLS,ok,ok,True,5,137,calibrate:138,calibrate,138,195.89999389648438,202.27957871669042,6.379584820206048,156
development_repeated_nested_cv,primary_instrument1_full,primary,1,5,3,development_combined,Arnoldi FPLS,ok,ok,True,5,139,calibrate:140,calibrate,140,193.3000030517578,197.31586525006549,4.015862198307673,156
development_repeated_nested_cv,primary_instrument1_full,primary,1,5,3,development_combined,Arnoldi FPLS,ok,ok,True,5,145,calibrate:146,calibrate,146,191.0,191.27756331594162,0.2775633159416202,156
development_repeated_nested_cv,primary_instrument1_full,primary,1,5,3,development_combined,Arnoldi FPLS,ok,ok,True,5,147,calibrate:148,calibrate,148,197.8000030517578,190.01405941805393,-7.78594363370388,156
development_repeated_nested_cv,primary_instrument1_full,primary,1,5,3,development_combined,Arnoldi FPLS,ok,ok,True,5,149,calibrate:150,calibrate,150,181.3000030517578,192.2885252959151,10.98852224415728,156
development_repeated_nested_cv,primary_instrument1_full,primary,1,5,3,development_combined,Arnoldi FPLS,ok,ok,True,5,150,calibrate:151,calibrate,151,200.0,194.36547372340695,-5.63452627659305,156
development_repeated_nested_cv,primary_instrument1_full,primary,1,5,3,development_combined,Arnoldi FPLS,ok,ok,True,5,151,calibrate:152,calibrate,152,201.39999389648438,193.3747009771069,-8.025292919377478,156
development_repeated_nested_cv,primary_instrument1_full,primary,1,5,3,development_combined,Arnoldi FPLS,ok,ok,True,5,157,validate:003,validate,3,191.89999389648438,198.44461790337218,6.544624006887801,156
development_repeated_nested_cv,primary_instrument1_full,primary,1,5,3,development_combined,Arnoldi FPLS,ok,ok,True,5,161,validate:007,validate,7,195.89999389648438,193.5039822971583,-2.396011599326073,156
development_repeated_nested_cv,primary_instrument1_full,primary,1,5,3,development_combined,Arnoldi FPLS,ok,ok,True,5,164,validate:010,validate,10,193.8000030517578,190.83553980147857,-2.9644632502792376,156
development_repeated_nested_cv,primary_instrument1_full,primary,1,5,3,development_combined,Arnoldi FPLS,ok,ok,True,5,171,validate:017,validate,17,194.6999969482422,193.5843316523481,-1.1156652958940754,156
development_repeated_nested_cv,primary_instrument1_full,primary,1,5,3,development_combined,Arnoldi FPLS,ok,ok,True,5,175,validate:021,validate,21,195.10000610351562,199.99226997676746,4.892263873251835,156
development_repeated_nested_cv,primary_instrument1_full,primary,1,5,3,development_combined,Arnoldi FPLS,ok,ok,True,5,186,validate:032,validate,32,197.5,195.7164281853312,-1.7835718146687896,156
development_repeated_nested_cv,primary_instrument1_full,primary,1,5,3,development_combined,Arnoldi FPLS,ok,ok,True,5,187,validate:033,validate,33,194.1999969482422,200.27415363527922,6.074156687037032,156
development_repeated_nested_cv,primary_instrument1_full,primary,1,5,3,development_combined,Arnoldi FPLS,ok,ok,True,5,193,validate:039,validate,39,196.60000610351562,198.78050977307018,2.180503669554554,156
development_repeated_nested_cv,primary_instrument1_full,primary,1,5,3,development_combined,FPCR,ok,ok,True,7,13,calibrate:014,calibrate,14,221.3000030517578,217.01047809008412,-4.289524961673692,156
development_repeated_nested_cv,primary_instrument1_full,primary,1,5,3,development_combined,FPCR,ok,ok,True,7,14,calibrate:015,calibrate,15,220.10000610351562,218.5156927401515,-1.5843133633641173,156
development_repeated_nested_cv,primary_instrument1_full,primary,1,5,3,development_combined,FPCR,ok,ok,True,7,24,calibrate:025,calibrate,25,177.1999969482422,175.98184937314466,-1.2181475750975324,156
development_repeated_nested_cv,primary_instrument1_full,primary,1,5,3,development_combined,FPCR,ok,ok,True,7,38,calibrate:039,calibrate,39,214.10000610351562,224.30481728341067,10.204811179895046,156
development_repeated_nested_cv,primary_instrument1_full,primary,1,5,3,development_combined,FPCR,ok,ok,True,7,54,calibrate:055,calibrate,55,188.10000610351562,186.50122934794678,-1.5987767555688492,156
development_repeated_nested_cv,primary_instrument1_full,primary,1,5,3,development_combined,FPCR,ok,ok,True,7,57,calibrate:058,calibrate,58,157.60000610351562,163.3056078181971,5.705601714681478,156
development_repeated_nested_cv,primary_instrument1_full,primary,1,5,3,development_combined,FPCR,ok,ok,True,7,62,calibrate:063,calibrate,63,176.5,178.0502191978514,1.5502191978513906,156
development_repeated_nested_cv,primary_instrument1_full,primary,1,5,3,development_combined,FPCR,ok,ok,True,7,66,calibrate:067,calibrate,67,215.60000610351562,218.10059055728013,2.5005844537645032,156
development_repeated_nested_cv,primary_instrument1_full,primary,1,5,3,development_combined,FPCR,ok,ok,True,7,71,calibrate:072,calibrate,72,201.8000030517578,204.1778435016603,2.377840449902493,156
development_repeated_nested_cv,primary_instrument1_full,primary,1,5,3,development_combined,FPCR,ok,ok,True,7,75,calibrate:076,calibrate,76,178.10000610351562,176.80817514573212,-1.2918309577835032,156
development_repeated_nested_cv,primary_instrument1_full,primary,1,5,3,development_combined,FPCR,ok,ok,True,7,76,calibrate:077,calibrate,77,158.10000610351562,158.68198823109736,0.581982127581739,156
development_repeated_nested_cv,primary_instrument1_full,primary,1,5,3,development_combined,FPCR,ok,ok,True,7,79,calibrate:080,calibrate,80,208.39999389648438,204.44766947580757,-3.9523244206768027,156
development_repeated_nested_cv,primary_instrument1_full,primary,1,5,3,development_combined,FPCR,ok,ok,True,7,85,calibrate:086,calibrate,86,184.1999969482422,184.56625672831845,0.3662597800762626,156
development_repeated_nested_cv,primary_instrument1_full,primary,1,5,3,development_combined,FPCR,ok,ok,True,7,91,calibrate:092,calibrate,92,175.5,177.53022600499816,2.0302260049981555,156
development_repeated_nested_cv,primary_instrument1_full,primary,1,5,3,development_combined,FPCR,ok,ok,True,7,93,calibrate:094,calibrate,94,172.39999389648438,177.52145707086498,5.121463174380608,156
development_repeated_nested_cv,primary_instrument1_full,primary,1,5,3,development_combined,FPCR,ok,ok,True,7,95,calibrate:096,calibrate,96,171.60000610351562,172.70241518188277,1.1024090783671454,156
development_repeated_nested_cv,primary_instrument1_full,primary,1,5,3,development_combined,FPCR,ok,ok,True,7,102,calibrate:103,calibrate,103,151.60000610351562,163.00530308780472,11.405296984289095,156
development_repeated_nested_cv,primary_instrument1_full,primary,1,5,3,development_combined,FPCR,ok,ok,True,7,105,calibrate:106,calibrate,106,160.39999389648438,160.41120255408586,0.011208657601486038,156
development_repeated_nested_cv,primary_instrument1_full,primary,1,5,3,development_combined,FPCR,ok,ok,True,7,107,calibrate:108,calibrate,108,231.10000610351562,237.83799091774665,6.737984814231027,156
development_repeated_nested_cv,primary_instrument1_full,primary,1,5,3,development_combined,FPCR,ok,ok,True,7,108,calibrate:109,calibrate,109,222.60000610351562,219.34887630701976,-3.25112979649586,156
development_repeated_nested_cv,primary_instrument1_full,primary,1,5,3,development_combined,FPCR,ok,ok,True,7,110,calibrate:111,calibrate,111,217.0,217.1799669055357,0.17996690553570716,156
development_repeated_nested_cv,primary_instrument1_full,primary,1,5,3,development_combined,FPCR,ok,ok,True,7,119,calibrate:120,calibrate,120,204.60000610351562,205.8911541621776,1.2911480586619746,156
development_repeated_nested_cv,primary_instrument1_full,primary,1,5,3,development_combined,FPCR,ok,ok,True,7,127,calibrate:128,calibrate,128,239.10000610351562,238.34240049079193,-0.7576056127236939,156
development_repeated_nested_cv,primary_instrument1_full,primary,1,5,3,development_combined,FPCR,ok,ok,True,7,130,calibrate:131,calibrate,131,184.5,186.10795820520076,1.6079582052007595,156
development_repeated_nested_cv,primary_instrument1_full,primary,1,5,3,development_combined,FPCR,ok,ok,True,7,137,calibrate:138,calibrate,138,195.89999389648438,201.01975315702188,5.119759260537506,156
development_repeated_nested_cv,primary_instrument1_full,primary,1,5,3,development_combined,FPCR,ok,ok,True,7,139,calibrate:140,calibrate,140,193.3000030517578,198.32185879437614,5.021855742618328,156
development_repeated_nested_cv,primary_instrument1_full,primary,1,5,3,development_combined,FPCR,ok,ok,True,7,145,calibrate:146,calibrate,146,191.0,190.84383762866665,-0.15616237133335176,156
development_repeated_nested_cv,primary_instrument1_full,primary,1,5,3,development_combined,FPCR,ok,ok,True,7,147,calibrate:148,calibrate,148,197.8000030517578,189.22354430697675,-8.576458744781064,156
development_repeated_nested_cv,primary_instrument1_full,primary,1,5,3,development_combined,FPCR,ok,ok,True,7,149,calibrate:150,calibrate,150,181.3000030517578,193.02424544754615,11.724242395788337,156
development_repeated_nested_cv,primary_instrument1_full,primary,1,5,3,development_combined,FPCR,ok,ok,True,7,150,calibrate:151,calibrate,151,200.0,194.60072420252342,-5.399275797476577,156
development_repeated_nested_cv,primary_instrument1_full,primary,1,5,3,development_combined,FPCR,ok,ok,True,7,151,calibrate:152,calibrate,152,201.39999389648438,193.32479015927822,-8.075203737206152,156
development_repeated_nested_cv,primary_instrument1_full,primary,1,5,3,development_combined,FPCR,ok,ok,True,7,157,validate:003,validate,3,191.89999389648438,197.82957356051148,5.929579664027102,156
development_repeated_nested_cv,primary_instrument1_full,primary,1,5,3,development_combined,FPCR,ok,ok,True,7,161,validate:007,validate,7,195.89999389648438,194.73517381093822,-1.164820085546154,156
development_repeated_nested_cv,primary_instrument1_full,primary,1,5,3,development_combined,FPCR,ok,ok,True,7,164,validate:010,validate,10,193.8000030517578,191.28301444343847,-2.5169886083193376,156
development_repeated_nested_cv,primary_instrument1_full,primary,1,5,3,development_combined,FPCR,ok,ok,True,7,171,validate:017,validate,17,194.6999969482422,194.01031402134694,-0.6896829268952445,156
development_repeated_nested_cv,primary_instrument1_full,primary,1,5,3,development_combined,FPCR,ok,ok,True,7,175,validate:021,validate,21,195.10000610351562,199.59802209705956,4.49801599354393,156
development_repeated_nested_cv,primary_instrument1_full,primary,1,5,3,development_combined,FPCR,ok,ok,True,7,186,validate:032,validate,32,197.5,196.6293191825272,-0.8706808174727882,156
development_repeated_nested_cv,primary_instrument1_full,primary,1,5,3,development_combined,FPCR,ok,ok,True,7,187,validate:033,validate,33,194.1999969482422,200.04165875430482,5.841661806062632,156
development_repeated_nested_cv,primary_instrument1_full,primary,1,5,3,development_combined,FPCR,ok,ok,True,7,193,validate:039,validate,39,196.60000610351562,198.1795201463165,1.5795140428008665,156
development_repeated_nested_cv,primary_instrument1_full,primary,1,5,4,development_combined,CG-FPLS-code,ok,ok,True,3,0,calibrate:001,calibrate,1,200.10000610351562,188.55854711145145,-11.541458992064179,156
development_repeated_nested_cv,primary_instrument1_full,primary,1,5,4,development_combined,CG-FPLS-code,ok,ok,True,3,1,calibrate:002,calibrate,2,198.6999969482422,190.46707436470797,-8.232922583534219,156
development_repeated_nested_cv,primary_instrument1_full,primary,1,5,4,development_combined,CG-FPLS-code,ok,ok,True,3,7,calibrate:008,calibrate,8,207.6999969482422,203.45402191543286,-4.245975032809326,156
development_repeated_nested_cv,primary_instrument1_full,primary,1,5,4,development_combined,CG-FPLS-code,ok,ok,True,3,9,calibrate:010,calibrate,10,181.10000610351562,178.44619332733794,-2.6538127761776877,156
development_repeated_nested_cv,primary_instrument1_full,primary,1,5,4,development_combined,CG-FPLS-code,ok,ok,True,3,11,calibrate:012,calibrate,12,162.0,161.32460965931307,-0.6753903406869313,156
development_repeated_nested_cv,primary_instrument1_full,primary,1,5,4,development_combined,CG-FPLS-code,ok,ok,True,3,15,calibrate:016,calibrate,16,173.8000030517578,180.43130852652092,6.63130547476311,156
development_repeated_nested_cv,primary_instrument1_full,primary,1,5,4,development_combined,CG-FPLS-code,ok,ok,True,3,20,calibrate:021,calibrate,21,183.1999969482422,182.34538463996688,-0.854612308275307,156
development_repeated_nested_cv,primary_instrument1_full,primary,1,5,4,development_combined,CG-FPLS-code,ok,ok,True,3,22,calibrate:023,calibrate,23,220.6999969482422,219.429298499713,-1.2706984485291741,156
development_repeated_nested_cv,primary_instrument1_full,primary,1,5,4,development_combined,CG-FPLS-code,ok,ok,True,3,27,calibrate:028,calibrate,28,175.8000030517578,176.2940245656378,0.49402151387999993,156
development_repeated_nested_cv,primary_instrument1_full,primary,1,5,4,development_combined,CG-FPLS-code,ok,ok,True,3,55,calibrate:056,calibrate,56,157.5,163.54540022141234,6.045400221412336,156
development_repeated_nested_cv,primary_instrument1_full,primary,1,5,4,development_combined,CG-FPLS-code,ok,ok,True,3,56,calibrate:057,calibrate,57,222.3000030517578,221.54498744387178,-0.7550156078860368,156
development_repeated_nested_cv,primary_instrument1_full,primary,1,5,4,development_combined,CG-FPLS-code,ok,ok,True,3,64,calibrate:065,calibrate,65,158.1999969482422,161.9018953208506,3.7018983726084116,156
development_repeated_nested_cv,primary_instrument1_full,primary,1,5,4,development_combined,CG-FPLS-code,ok,ok,True,3,69,calibrate:070,calibrate,70,159.3000030517578,163.128095107796,3.8280920560382015,156
development_repeated_nested_cv,primary_instrument1_full,primary,1,5,4,development_combined,CG-FPLS-code,ok,ok,True,3,73,calibrate:074,calibrate,74,213.8000030517578,215.62427274236376,1.824269690605945,156
development_repeated_nested_cv,primary_instrument1_full,primary,1,5,4,development_combined,CG-FPLS-code,ok,ok,True,3,81,calibrate:082,calibrate,82,216.39999389648438,216.13547586633948,-0.26451803014489883,156
development_repeated_nested_cv,primary_instrument1_full,primary,1,5,4,development_combined,CG-FPLS-code,ok,ok,True,3,82,calibrate:083,calibrate,83,172.39999389648438,178.4122565082001,6.012262611715727,156
development_repeated_nested_cv,primary_instrument1_full,primary,1,5,4,development_combined,CG-FPLS-code,ok,ok,True,3,84,calibrate:085,calibrate,85,177.1999969482422,175.71000830961611,-1.4899886386260732,156
development_repeated_nested_cv,primary_instrument1_full,primary,1,5,4,development_combined,CG-FPLS-code,ok,ok,True,3,99,calibrate:100,calibrate,100,219.3000030517578,214.576954631249,-4.723048420508803,156
development_repeated_nested_cv,primary_instrument1_full,primary,1,5,4,development_combined,CG-FPLS-code,ok,ok,True,3,101,calibrate:102,calibrate,102,203.6999969482422,204.73022213281268,1.0302251845704973,156
development_repeated_nested_cv,primary_instrument1_full,primary,1,5,4,development_combined,CG-FPLS-code,ok,ok,True,3,109,calibrate:110,calibrate,110,231.10000610351562,228.82724352282915,-2.272762580686475,156
development_repeated_nested_cv,primary_instrument1_full,primary,1,5,4,development_combined,CG-FPLS-code,ok,ok,True,3,114,calibrate:115,calibrate,115,180.5,176.04075250754067,-4.459247492459326,156
development_repeated_nested_cv,primary_instrument1_full,primary,1,5,4,development_combined,CG-FPLS-code,ok,ok,True,3,117,calibrate:118,calibrate,118,217.1999969482422,219.64977036238255,2.449773414140367,156
development_repeated_nested_cv,primary_instrument1_full,primary,1,5,4,development_combined,CG-FPLS-code,ok,ok,True,3,118,calibrate:119,calibrate,119,232.89999389648438,233.71395078269,0.8139568862056308,156
development_repeated_nested_cv,primary_instrument1_full,primary,1,5,4,development_combined,CG-FPLS-code,ok,ok,True,3,120,calibrate:121,calibrate,121,155.10000610351562,161.52417902636492,6.424172922849294,156
development_repeated_nested_cv,primary_instrument1_full,primary,1,5,4,development_combined,CG-FPLS-code,ok,ok,True,3,122,calibrate:123,calibrate,123,188.0,186.39294198810722,-1.607058011892775,156
development_repeated_nested_cv,primary_instrument1_full,primary,1,5,4,development_combined,CG-FPLS-code,ok,ok,True,3,126,calibrate:127,calibrate,127,204.5,182.92753926903916,-21.57246073096084,156
development_repeated_nested_cv,primary_instrument1_full,primary,1,5,4,development_combined,CG-FPLS-code,ok,ok,True,3,132,calibrate:133,calibrate,133,186.6999969482422,193.65853263638942,6.958535688147236,156
development_repeated_nested_cv,primary_instrument1_full,primary,1,5,4,development_combined,CG-FPLS-code,ok,ok,True,3,136,calibrate:137,calibrate,137,192.60000610351562,190.22943651143984,-2.370569592075782,156
development_repeated_nested_cv,primary_instrument1_full,primary,1,5,4,development_combined,CG-FPLS-code,ok,ok,True,3,138,calibrate:139,calibrate,139,191.1999969482422,199.3572810132574,8.157284065015205,156
development_repeated_nested_cv,primary_instrument1_full,primary,1,5,4,development_combined,CG-FPLS-code,ok,ok,True,3,141,calibrate:142,calibrate,142,196.3000030517578,186.39054887718243,-9.909454174575387,156
development_repeated_nested_cv,primary_instrument1_full,primary,1,5,4,development_combined,CG-FPLS-code,ok,ok,True,3,142,calibrate:143,calibrate,143,196.60000610351562,190.64223262307368,-5.9577734804419435,156
development_repeated_nested_cv,primary_instrument1_full,primary,1,5,4,development_combined,CG-FPLS-code,ok,ok,True,3,156,validate:002,validate,2,188.1999969482422,196.68543116922908,8.485434220986889,156
development_repeated_nested_cv,primary_instrument1_full,primary,1,5,4,development_combined,CG-FPLS-code,ok,ok,True,3,160,validate:006,validate,6,194.5,194.0378187978455,-0.4621812021545111,156
development_repeated_nested_cv,primary_instrument1_full,primary,1,5,4,development_combined,CG-FPLS-code,ok,ok,True,3,162,validate:008,validate,8,194.89999389648438,195.43476177584645,0.5347678793620787,156
development_repeated_nested_cv,primary_instrument1_full,primary,1,5,4,development_combined,CG-FPLS-code,ok,ok,True,3,165,validate:011,validate,11,195.10000610351562,188.07772175789424,-7.022284345621387,156
development_repeated_nested_cv,primary_instrument1_full,primary,1,5,4,development_combined,CG-FPLS-code,ok,ok,True,3,172,validate:018,validate,18,195.39999389648438,195.5709358105389,0.17094191405453785,156
development_repeated_nested_cv,primary_instrument1_full,primary,1,5,4,development_combined,CG-FPLS-code,ok,ok,True,3,180,validate:026,validate,26,193.39999389648438,199.68279961442954,6.282805717945166,156
development_repeated_nested_cv,primary_instrument1_full,primary,1,5,4,development_combined,CG-FPLS-code,ok,ok,True,3,183,validate:029,validate,29,199.5,198.00843373658816,-1.4915662634118405,156
development_repeated_nested_cv,primary_instrument1_full,primary,1,5,4,development_combined,CG-FPLS-code,ok,ok,True,3,184,validate:030,validate,30,196.8000030517578,196.58404894369505,-0.2159541080627605,156
development_repeated_nested_cv,primary_instrument1_full,primary,1,5,4,development_combined,Raw FPLS,ok,ok,True,10,0,calibrate:001,calibrate,1,200.10000610351562,193.5131679503967,-6.586838153118919,156
development_repeated_nested_cv,primary_instrument1_full,primary,1,5,4,development_combined,Raw FPLS,ok,ok,True,10,1,calibrate:002,calibrate,2,198.6999969482422,193.9596020268106,-4.7403949214316015,156
development_repeated_nested_cv,primary_instrument1_full,primary,1,5,4,development_combined,Raw FPLS,ok,ok,True,10,7,calibrate:008,calibrate,8,207.6999969482422,203.9684037273638,-3.7315932208783806,156
development_repeated_nested_cv,primary_instrument1_full,primary,1,5,4,development_combined,Raw FPLS,ok,ok,True,10,9,calibrate:010,calibrate,10,181.10000610351562,177.52437835389117,-3.5756277496244593,156
development_repeated_nested_cv,primary_instrument1_full,primary,1,5,4,development_combined,Raw FPLS,ok,ok,True,10,11,calibrate:012,calibrate,12,162.0,161.10180891227597,-0.8981910877240296,156
development_repeated_nested_cv,primary_instrument1_full,primary,1,5,4,development_combined,Raw FPLS,ok,ok,True,10,15,calibrate:016,calibrate,16,173.8000030517578,175.2550485162864,1.455045464528581,156
development_repeated_nested_cv,primary_instrument1_full,primary,1,5,4,development_combined,Raw FPLS,ok,ok,True,10,20,calibrate:021,calibrate,21,183.1999969482422,184.34852868959644,1.1485317413542475,156
development_repeated_nested_cv,primary_instrument1_full,primary,1,5,4,development_combined,Raw FPLS,ok,ok,True,10,22,calibrate:023,calibrate,23,220.6999969482422,217.79625905688428,-2.903737891357906,156
development_repeated_nested_cv,primary_instrument1_full,primary,1,5,4,development_combined,Raw FPLS,ok,ok,True,10,27,calibrate:028,calibrate,28,175.8000030517578,176.0578791241228,0.25787607236497934,156
development_repeated_nested_cv,primary_instrument1_full,primary,1,5,4,development_combined,Raw FPLS,ok,ok,True,10,55,calibrate:056,calibrate,56,157.5,160.6919522701183,3.1919522701182927,156
development_repeated_nested_cv,primary_instrument1_full,primary,1,5,4,development_combined,Raw FPLS,ok,ok,True,10,56,calibrate:057,calibrate,57,222.3000030517578,220.0395411406319,-2.2604619111259012,156
development_repeated_nested_cv,primary_instrument1_full,primary,1,5,4,development_combined,Raw FPLS,ok,ok,True,10,64,calibrate:065,calibrate,65,158.1999969482422,161.57637196816697,3.3763750199247795,156
development_repeated_nested_cv,primary_instrument1_full,primary,1,5,4,development_combined,Raw FPLS,ok,ok,True,10,69,calibrate:070,calibrate,70,159.3000030517578,161.69934449079128,2.3993414390334635,156
development_repeated_nested_cv,primary_instrument1_full,primary,1,5,4,development_combined,Raw FPLS,ok,ok,True,10,73,calibrate:074,calibrate,74,213.8000030517578,214.32115198488896,0.5211489331311441,156
development_repeated_nested_cv,primary_instrument1_full,primary,1,5,4,development_combined,Raw FPLS,ok,ok,True,10,81,calibrate:082,calibrate,82,216.39999389648438,215.98251924073384,-0.41747465575053866,156
development_repeated_nested_cv,primary_instrument1_full,primary,1,5,4,development_combined,Raw FPLS,ok,ok,True,10,82,calibrate:083,calibrate,83,172.39999389648438,175.49842426638926,3.0984303699048894,156
development_repeated_nested_cv,primary_instrument1_full,primary,1,5,4,development_combined,Raw FPLS,ok,ok,True,10,84,calibrate:085,calibrate,85,177.1999969482422,176.81315140105733,-0.38684554718486197,156
development_repeated_nested_cv,primary_instrument1_full,primary,1,5,4,development_combined,Raw FPLS,ok,ok,True,10,99,calibrate:100,calibrate,100,219.3000030517578,217.2262310110716,-2.073772040686208,156
development_repeated_nested_cv,primary_instrument1_full,primary,1,5,4,development_combined,Raw FPLS,ok,ok,True,10,101,calibrate:102,calibrate,102,203.6999969482422,206.68565935424178,2.985662405999591,156
development_repeated_nested_cv,primary_instrument1_full,primary,1,5,4,development_combined,Raw FPLS,ok,ok,True,10,109,calibrate:110,calibrate,110,231.10000610351562,233.3144321313783,2.214426027862686,156
development_repeated_nested_cv,primary_instrument1_full,primary,1,5,4,development_combined,Raw FPLS,ok,ok,True,10,114,calibrate:115,calibrate,115,180.5,175.881388457106,-4.618611542894001,156
development_repeated_nested_cv,primary_instrument1_full,primary,1,5,4,development_combined,Raw FPLS,ok,ok,True,10,117,calibrate:118,calibrate,118,217.1999969482422,218.81299662764414,1.6129996794019519,156
development_repeated_nested_cv,primary_instrument1_full,primary,1,5,4,development_combined,Raw FPLS,ok,ok,True,10,118,calibrate:119,calibrate,119,232.89999389648438,236.46999120086912,3.569997304384742,156
development_repeated_nested_cv,primary_instrument1_full,primary,1,5,4,development_combined,Raw FPLS,ok,ok,True,10,120,calibrate:121,calibrate,121,155.10000610351562,160.73055299542483,5.630546891909205,156
development_repeated_nested_cv,primary_instrument1_full,primary,1,5,4,development_combined,Raw FPLS,ok,ok,True,10,122,calibrate:123,calibrate,123,188.0,187.09976698190363,-0.9002330180963725,156
development_repeated_nested_cv,primary_instrument1_full,primary,1,5,4,development_combined,Raw FPLS,ok,ok,True,10,126,calibrate:127,calibrate,127,204.5,185.72398594822505,-18.77601405177495,156
development_repeated_nested_cv,primary_instrument1_full,primary,1,5,4,development_combined,Raw FPLS,ok,ok,True,10,132,calibrate:133,calibrate,133,186.6999969482422,190.19008024509054,3.490083296848354,156
development_repeated_nested_cv,primary_instrument1_full,primary,1,5,4,development_combined,Raw FPLS,ok,ok,True,10,136,calibrate:137,calibrate,137,192.60000610351562,186.02241630008476,-6.577589803430868,156
development_repeated_nested_cv,primary_instrument1_full,primary,1,5,4,development_combined,Raw FPLS,ok,ok,True,10,138,calibrate:139,calibrate,139,191.1999969482422,196.19360052362885,4.993603575386658,156
development_repeated_nested_cv,primary_instrument1_full,primary,1,5,4,development_combined,Raw FPLS,ok,ok,True,10,141,calibrate:142,calibrate,142,196.3000030517578,191.0194458243275,-5.280557227430307,156
development_repeated_nested_cv,primary_instrument1_full,primary,1,5,4,development_combined,Raw FPLS,ok,ok,True,10,142,calibrate:143,calibrate,143,196.60000610351562,191.50292646449324,-5.0970796390223825,156
development_repeated_nested_cv,primary_instrument1_full,primary,1,5,4,development_combined,Raw FPLS,ok,ok,True,10,156,validate:002,validate,2,188.1999969482422,192.15818376204342,3.958186813801234,156
development_repeated_nested_cv,primary_instrument1_full,primary,1,5,4,development_combined,Raw FPLS,ok,ok,True,10,160,validate:006,validate,6,194.5,191.67645830903822,-2.8235416909617754,156
development_repeated_nested_cv,primary_instrument1_full,primary,1,5,4,development_combined,Raw FPLS,ok,ok,True,10,162,validate:008,validate,8,194.89999389648438,193.07693012250078,-1.8230637739835913,156
development_repeated_nested_cv,primary_instrument1_full,primary,1,5,4,development_combined,Raw FPLS,ok,ok,True,10,165,validate:011,validate,11,195.10000610351562,192.00245718507676,-3.0975489184388607,156
development_repeated_nested_cv,primary_instrument1_full,primary,1,5,4,development_combined,Raw FPLS,ok,ok,True,10,172,validate:018,validate,18,195.39999389648438,191.96103767356794,-3.438956222916431,156
development_repeated_nested_cv,primary_instrument1_full,primary,1,5,4,development_combined,Raw FPLS,ok,ok,True,10,180,validate:026,validate,26,193.39999389648438,198.88310366717226,5.483109770687889,156
development_repeated_nested_cv,primary_instrument1_full,primary,1,5,4,development_combined,Raw FPLS,ok,ok,True,10,183,validate:029,validate,29,199.5,198.62749142428723,-0.8725085757127715,156
development_repeated_nested_cv,primary_instrument1_full,primary,1,5,4,development_combined,Raw FPLS,ok,ok,True,10,184,validate:030,validate,30,196.8000030517578,200.03040300113375,3.2303999493759363,156
development_repeated_nested_cv,primary_instrument1_full,primary,1,5,4,development_combined,Arnoldi FPLS,ok,ok,True,6,0,calibrate:001,calibrate,1,200.10000610351562,192.825016254461,-7.274989849054634,156
development_repeated_nested_cv,primary_instrument1_full,primary,1,5,4,development_combined,Arnoldi FPLS,ok,ok,True,6,1,calibrate:002,calibrate,2,198.6999969482422,193.88755946288134,-4.812437485360846,156
development_repeated_nested_cv,primary_instrument1_full,primary,1,5,4,development_combined,Arnoldi FPLS,ok,ok,True,6,7,calibrate:008,calibrate,8,207.6999969482422,205.20288440635593,-2.4971125418862528,156
development_repeated_nested_cv,primary_instrument1_full,primary,1,5,4,development_combined,Arnoldi FPLS,ok,ok,True,6,9,calibrate:010,calibrate,10,181.10000610351562,175.92776198484728,-5.172244118668345,156
development_repeated_nested_cv,primary_instrument1_full,primary,1,5,4,development_combined,Arnoldi FPLS,ok,ok,True,6,11,calibrate:012,calibrate,12,162.0,160.42285477585742,-1.5771452241425834,156
development_repeated_nested_cv,primary_instrument1_full,primary,1,5,4,development_combined,Arnoldi FPLS,ok,ok,True,6,15,calibrate:016,calibrate,16,173.8000030517578,173.56307809888884,-0.23692495286897497,156
development_repeated_nested_cv,primary_instrument1_full,primary,1,5,4,development_combined,Arnoldi FPLS,ok,ok,True,6,20,calibrate:021,calibrate,21,183.1999969482422,180.4411136058033,-2.758883342438878,156
development_repeated_nested_cv,primary_instrument1_full,primary,1,5,4,development_combined,Arnoldi FPLS,ok,ok,True,6,22,calibrate:023,calibrate,23,220.6999969482422,218.3489566416021,-2.351040306640101,156
development_repeated_nested_cv,primary_instrument1_full,primary,1,5,4,development_combined,Arnoldi FPLS,ok,ok,True,6,27,calibrate:028,calibrate,28,175.8000030517578,175.44445760212216,-0.35554544963565604,156
development_repeated_nested_cv,primary_instrument1_full,primary,1,5,4,development_combined,Arnoldi FPLS,ok,ok,True,6,55,calibrate:056,calibrate,56,157.5,159.90847733313956,2.408477333139558,156
development_repeated_nested_cv,primary_instrument1_full,primary,1,5,4,development_combined,Arnoldi FPLS,ok,ok,True,6,56,calibrate:057,calibrate,57,222.3000030517578,219.37864704554846,-2.9213560062093507,156
development_repeated_nested_cv,primary_instrument1_full,primary,1,5,4,development_combined,Arnoldi FPLS,ok,ok,True,6,64,calibrate:065,calibrate,65,158.1999969482422,162.80211417903536,4.602117230793169,156
development_repeated_nested_cv,primary_instrument1_full,primary,1,5,4,development_combined,Arnoldi FPLS,ok,ok,True,6,69,calibrate:070,calibrate,70,159.3000030517578,162.93837640443107,3.6383733526732556,156
development_repeated_nested_cv,primary_instrument1_full,primary,1,5,4,development_combined,Arnoldi FPLS,ok,ok,True,6,73,calibrate:074,calibrate,74,213.8000030517578,217.4945611645143,3.694558112756482,156
development_repeated_nested_cv,primary_instrument1_full,primary,1,5,4,development_combined,Arnoldi FPLS,ok,ok,True,6,81,calibrate:082,calibrate,82,216.39999389648438,219.00229284498786,2.6022989485034884,156
development_repeated_nested_cv,primary_instrument1_full,primary,1,5,4,development_combined,Arnoldi FPLS,ok,ok,True,6,82,calibrate:083,calibrate,83,172.39999389648438,174.1011757193797,1.701181822895336,156
development_repeated_nested_cv,primary_instrument1_full,primary,1,5,4,development_combined,Arnoldi FPLS,ok,ok,True,6,84,calibrate:085,calibrate,85,177.1999969482422,175.75134630391724,-1.4486506443249425,156
development_repeated_nested_cv,primary_instrument1_full,primary,1,5,4,development_combined,Arnoldi FPLS,ok,ok,True,6,99,calibrate:100,calibrate,100,219.3000030517578,216.9247281428325,-2.37527490892532,156
development_repeated_nested_cv,primary_instrument1_full,primary,1,5,4,development_combined,Arnoldi FPLS,ok,ok,True,6,101,calibrate:102,calibrate,102,203.6999969482422,205.79037314418997,2.0903761959477833,156
development_repeated_nested_cv,primary_instrument1_full,primary,1,5,4,development_combined,Arnoldi FPLS,ok,ok,True,6,109,calibrate:110,calibrate,110,231.10000610351562,230.09900620019891,-1.0009999033167105,156
development_repeated_nested_cv,primary_instrument1_full,primary,1,5,4,development_combined,Arnoldi FPLS,ok,ok,True,6,114,calibrate:115,calibrate,115,180.5,174.42667810179643,-6.073321898203574,156
development_repeated_nested_cv,primary_instrument1_full,primary,1,5,4,development_combined,Arnoldi FPLS,ok,ok,True,6,117,calibrate:118,calibrate,118,217.1999969482422,218.06720111641286,0.867204168170673,156
development_repeated_nested_cv,primary_instrument1_full,primary,1,5,4,development_combined,Arnoldi FPLS,ok,ok,True,6,118,calibrate:119,calibrate,119,232.89999389648438,236.8736955484447,3.9737016519603117,156
development_repeated_nested_cv,primary_instrument1_full,primary,1,5,4,development_combined,Arnoldi FPLS,ok,ok,True,6,120,calibrate:121,calibrate,121,155.10000610351562,161.94386395827036,6.843857854754731,156
development_repeated_nested_cv,primary_instrument1_full,primary,1,5,4,development_combined,Arnoldi FPLS,ok,ok,True,6,122,calibrate:123,calibrate,123,188.0,185.99309074099034,-2.00690925900966,156
development_repeated_nested_cv,primary_instrument1_full,primary,1,5,4,development_combined,Arnoldi FPLS,ok,ok,True,6,126,calibrate:127,calibrate,127,204.5,184.041452610429,-20.45854738957101,156
development_repeated_nested_cv,primary_instrument1_full,primary,1,5,4,development_combined,Arnoldi FPLS,ok,ok,True,6,132,calibrate:133,calibrate,133,186.6999969482422,190.02598813143806,3.3259911831958675,156
development_repeated_nested_cv,primary_instrument1_full,primary,1,5,4,development_combined,Arnoldi FPLS,ok,ok,True,6,136,calibrate:137,calibrate,137,192.60000610351562,179.23095782863172,-13.369048274883909,156
development_repeated_nested_cv,primary_instrument1_full,primary,1,5,4,development_combined,Arnoldi FPLS,ok,ok,True,6,138,calibrate:139,calibrate,139,191.1999969482422,196.98824010978566,5.788243161543477,156
development_repeated_nested_cv,primary_instrument1_full,primary,1,5,4,development_combined,Arnoldi FPLS,ok,ok,True,6,141,calibrate:142,calibrate,142,196.3000030517578,191.20679287472666,-5.093210177031153,156
development_repeated_nested_cv,primary_instrument1_full,primary,1,5,4,development_combined,Arnoldi FPLS,ok,ok,True,6,142,calibrate:143,calibrate,143,196.60000610351562,191.64689263035035,-4.953113473165274,156
development_repeated_nested_cv,primary_instrument1_full,primary,1,5,4,development_combined,Arnoldi FPLS,ok,ok,True,6,156,validate:002,validate,2,188.1999969482422,190.4646064306966,2.2646094824544036,156
development_repeated_nested_cv,primary_instrument1_full,primary,1,5,4,development_combined,Arnoldi FPLS,ok,ok,True,6,160,validate:006,validate,6,194.5,193.98625991717304,-0.5137400828269563,156
development_repeated_nested_cv,primary_instrument1_full,primary,1,5,4,development_combined,Arnoldi FPLS,ok,ok,True,6,162,validate:008,validate,8,194.89999389648438,194.25645314748076,-0.6435407490036198,156
development_repeated_nested_cv,primary_instrument1_full,primary,1,5,4,development_combined,Arnoldi FPLS,ok,ok,True,6,165,validate:011,validate,11,195.10000610351562,191.49871485708002,-3.6012912464356077,156
development_repeated_nested_cv,primary_instrument1_full,primary,1,5,4,development_combined,Arnoldi FPLS,ok,ok,True,6,172,validate:018,validate,18,195.39999389648438,190.11883117738464,-5.28116271909974,156
development_repeated_nested_cv,primary_instrument1_full,primary,1,5,4,development_combined,Arnoldi FPLS,ok,ok,True,6,180,validate:026,validate,26,193.39999389648438,197.36684292705988,3.966849030575503,156
development_repeated_nested_cv,primary_instrument1_full,primary,1,5,4,development_combined,Arnoldi FPLS,ok,ok,True,6,183,validate:029,validate,29,199.5,198.19007404390769,-1.3099259560923144,156
development_repeated_nested_cv,primary_instrument1_full,primary,1,5,4,development_combined,Arnoldi FPLS,ok,ok,True,6,184,validate:030,validate,30,196.8000030517578,199.7072869708373,2.9072839190794753,156
development_repeated_nested_cv,primary_instrument1_full,primary,1,5,4,development_combined,FPCR,ok,ok,True,47,0,calibrate:001,calibrate,1,200.10000610351562,193.70588051260913,-6.394125590906498,156
development_repeated_nested_cv,primary_instrument1_full,primary,1,5,4,development_combined,FPCR,ok,ok,True,47,1,calibrate:002,calibrate,2,198.6999969482422,192.13367165665207,-6.566325291590118,156
development_repeated_nested_cv,primary_instrument1_full,primary,1,5,4,development_combined,FPCR,ok,ok,True,47,7,calibrate:008,calibrate,8,207.6999969482422,205.56510825646,-2.13488869178218,156
development_repeated_nested_cv,primary_instrument1_full,primary,1,5,4,development_combined,FPCR,ok,ok,True,47,9,calibrate:010,calibrate,10,181.10000610351562,169.8941993303971,-11.205806773118525,156
development_repeated_nested_cv,primary_instrument1_full,primary,1,5,4,development_combined,FPCR,ok,ok,True,47,11,calibrate:012,calibrate,12,162.0,161.60208377866965,-0.3979162213303482,156
development_repeated_nested_cv,primary_instrument1_full,primary,1,5,4,development_combined,FPCR,ok,ok,True,47,15,calibrate:016,calibrate,16,173.8000030517578,168.40180708394422,-5.398195967813592,156
development_repeated_nested_cv,primary_instrument1_full,primary,1,5,4,development_combined,FPCR,ok,ok,True,47,20,calibrate:021,calibrate,21,183.1999969482422,182.160414903425,-1.0395820448171946,156
development_repeated_nested_cv,primary_instrument1_full,primary,1,5,4,development_combined,FPCR,ok,ok,True,47,22,calibrate:023,calibrate,23,220.6999969482422,218.96584962573363,-1.7341473225085622,156
development_repeated_nested_cv,primary_instrument1_full,primary,1,5,4,development_combined,FPCR,ok,ok,True,47,27,calibrate:028,calibrate,28,175.8000030517578,176.36334829862463,0.5633452468668168,156
development_repeated_nested_cv,primary_instrument1_full,primary,1,5,4,development_combined,FPCR,ok,ok,True,47,55,calibrate:056,calibrate,56,157.5,158.91020011885442,1.4102001188544193,156
development_repeated_nested_cv,primary_instrument1_full,primary,1,5,4,development_combined,FPCR,ok,ok,True,47,56,calibrate:057,calibrate,57,222.3000030517578,217.36463307330317,-4.935369978454645,156
development_repeated_nested_cv,primary_instrument1_full,primary,1,5,4,development_combined,FPCR,ok,ok,True,47,64,calibrate:065,calibrate,65,158.1999969482422,160.9196044243657,2.719607476123514,156
development_repeated_nested_cv,primary_instrument1_full,primary,1,5,4,development_combined,FPCR,ok,ok,True,47,69,calibrate:070,calibrate,70,159.3000030517578,163.66151103533946,4.361507983581646,156
development_repeated_nested_cv,primary_instrument1_full,primary,1,5,4,development_combined,FPCR,ok,ok,True,47,73,calibrate:074,calibrate,74,213.8000030517578,213.95993512143212,0.15993206967431206,156
development_repeated_nested_cv,primary_instrument1_full,primary,1,5,4,development_combined,FPCR,ok,ok,True,47,81,calibrate:082,calibrate,82,216.39999389648438,216.2835857925041,-0.11640810398026247,156
development_repeated_nested_cv,primary_instrument1_full,primary,1,5,4,development_combined,FPCR,ok,ok,True,47,82,calibrate:083,calibrate,83,172.39999389648438,172.31747664206168,-0.0825172544226973,156
development_repeated_nested_cv,primary_instrument1_full,primary,1,5,4,development_combined,FPCR,ok,ok,True,47,84,calibrate:085,calibrate,85,177.1999969482422,173.5979700781589,-3.6020268700832787,156
development_repeated_nested_cv,primary_instrument1_full,primary,1,5,4,development_combined,FPCR,ok,ok,True,47,99,calibrate:100,calibrate,100,219.3000030517578,216.29969309742793,-3.000309954329879,156
development_repeated_nested_cv,primary_instrument1_full,primary,1,5,4,development_combined,FPCR,ok,ok,True,47,101,calibrate:102,calibrate,102,203.6999969482422,203.93319964912206,0.23320270087987183,156
development_repeated_nested_cv,primary_instrument1_full,primary,1,5,4,development_combined,FPCR,ok,ok,True,47,109,calibrate:110,calibrate,110,231.10000610351562,217.5163127069508,-13.583693396564826,156
development_repeated_nested_cv,primary_instrument1_full,primary,1,5,4,development_combined,FPCR,ok,ok,True,47,114,calibrate:115,calibrate,115,180.5,175.36764510512012,-5.132354894879882,156
development_repeated_nested_cv,primary_instrument1_full,primary,1,5,4,development_combined,FPCR,ok,ok,True,47,117,calibrate:118,calibrate,118,217.1999969482422,218.23822115616974,1.0382242079275557,156
development_repeated_nested_cv,primary_instrument1_full,primary,1,5,4,development_combined,FPCR,ok,ok,True,47,118,calibrate:119,calibrate,119,232.89999389648438,235.17095778666356,2.270963890179189,156
development_repeated_nested_cv,primary_instrument1_full,primary,1,5,4,development_combined,FPCR,ok,ok,True,47,120,calibrate:121,calibrate,121,155.10000610351562,163.6354242343295,8.535418130813866,156
development_repeated_nested_cv,primary_instrument1_full,primary,1,5,4,development_combined,FPCR,ok,ok,True,47,122,calibrate:123,calibrate,123,188.0,184.4513299019671,-3.5486700980328862,156
development_repeated_nested_cv,primary_instrument1_full,primary,1,5,4,development_combined,FPCR,ok,ok,True,47,126,calibrate:127,calibrate,127,204.5,181.83893384469656,-22.661066155303445,156
development_repeated_nested_cv,primary_instrument1_full,primary,1,5,4,development_combined,FPCR,ok,ok,True,47,132,calibrate:133,calibrate,133,186.6999969482422,190.68060084314584,3.980603894903652,156
development_repeated_nested_cv,primary_instrument1_full,primary,1,5,4,development_combined,FPCR,ok,ok,True,47,136,calibrate:137,calibrate,137,192.60000610351562,175.1902690994902,-17.40973700402543,156
development_repeated_nested_cv,primary_instrument1_full,primary,1,5,4,development_combined,FPCR,ok,ok,True,47,138,calibrate:139,calibrate,139,191.1999969482422,196.87200753214452,5.672010583902335,156
development_repeated_nested_cv,primary_instrument1_full,primary,1,5,4,development_combined,FPCR,ok,ok,True,47,141,calibrate:142,calibrate,142,196.3000030517578,200.30777401144354,4.007770959685729,156
development_repeated_nested_cv,primary_instrument1_full,primary,1,5,4,development_combined,FPCR,ok,ok,True,47,142,calibrate:143,calibrate,143,196.60000610351562,195.0529913914214,-1.5470147120942386,156
development_repeated_nested_cv,primary_instrument1_full,primary,1,5,4,development_combined,FPCR,ok,ok,True,47,156,validate:002,validate,2,188.1999969482422,189.63731585642603,1.4373189081838404,156
development_repeated_nested_cv,primary_instrument1_full,primary,1,5,4,development_combined,FPCR,ok,ok,True,47,160,validate:006,validate,6,194.5,191.75623658498483,-2.7437634150151666,156
development_repeated_nested_cv,primary_instrument1_full,primary,1,5,4,development_combined,FPCR,ok,ok,True,47,162,validate:008,validate,8,194.89999389648438,196.88750347390013,1.98750957741575,156
development_repeated_nested_cv,primary_instrument1_full,primary,1,5,4,development_combined,FPCR,ok,ok,True,47,165,validate:011,validate,11,195.10000610351562,190.04681863274527,-5.053187470770354,156
development_repeated_nested_cv,primary_instrument1_full,primary,1,5,4,development_combined,FPCR,ok,ok,True,47,172,validate:018,validate,18,195.39999389648438,192.15658708114472,-3.243406815339654,156
development_repeated_nested_cv,primary_instrument1_full,primary,1,5,4,development_combined,FPCR,ok,ok,True,47,180,validate:026,validate,26,193.39999389648438,194.33127805348934,0.931284157004967,156
development_repeated_nested_cv,primary_instrument1_full,primary,1,5,4,development_combined,FPCR,ok,ok,True,47,183,validate:029,validate,29,199.5,199.38897826389822,-0.11102173610177601,156
development_repeated_nested_cv,primary_instrument1_full,primary,1,5,4,development_combined,FPCR,ok,ok,True,47,184,validate:030,validate,30,196.8000030517578,199.43652345408296,2.6365204023251465,156
development_repeated_nested_cv,primary_instrument1_full,primary,1,5,5,development_combined,CG-FPLS-code,ok,ok,True,3,2,calibrate:003,calibrate,3,201.39999389648438,191.05983383884032,-10.340160057644056,156
development_repeated_nested_cv,primary_instrument1_full,primary,1,5,5,development_combined,CG-FPLS-code,ok,ok,True,3,3,calibrate:004,calibrate,4,199.89999389648438,195.88348583651901,-4.016508059965361,156
development_repeated_nested_cv,primary_instrument1_full,primary,1,5,5,development_combined,CG-FPLS-code,ok,ok,True,3,5,calibrate:006,calibrate,6,198.3000030517578,194.75286561790494,-3.5471374338528676,156
development_repeated_nested_cv,primary_instrument1_full,primary,1,5,5,development_combined,CG-FPLS-code,ok,ok,True,3,8,calibrate:009,calibrate,9,184.89999389648438,188.20117330984766,3.301179413363286,156
development_repeated_nested_cv,primary_instrument1_full,primary,1,5,5,development_combined,CG-FPLS-code,ok,ok,True,3,12,calibrate:013,calibrate,13,176.3000030517578,181.00039674351063,4.700393691752822,156
development_repeated_nested_cv,primary_instrument1_full,primary,1,5,5,development_combined,CG-FPLS-code,ok,ok,True,3,28,calibrate:029,calibrate,29,222.5,214.73855371502296,-7.7614462849770405,156
development_repeated_nested_cv,primary_instrument1_full,primary,1,5,5,development_combined,CG-FPLS-code,ok,ok,True,3,31,calibrate:032,calibrate,32,158.8000030517578,161.70269140378178,2.902688352023972,156
development_repeated_nested_cv,primary_instrument1_full,primary,1,5,5,development_combined,CG-FPLS-code,ok,ok,True,3,32,calibrate:033,calibrate,33,183.0,187.92813788310002,4.928137883100021,156
development_repeated_nested_cv,primary_instrument1_full,primary,1,5,5,development_combined,CG-FPLS-code,ok,ok,True,3,33,calibrate:034,calibrate,34,231.89999389648438,233.52891824338403,1.6289243468996517,156
development_repeated_nested_cv,primary_instrument1_full,primary,1,5,5,development_combined,CG-FPLS-code,ok,ok,True,3,34,calibrate:035,calibrate,35,218.0,214.42478713210107,-3.5752128678989266,156
development_repeated_nested_cv,primary_instrument1_full,primary,1,5,5,development_combined,CG-FPLS-code,ok,ok,True,3,35,calibrate:036,calibrate,36,177.0,172.57332507582154,-4.426674924178457,156
development_repeated_nested_cv,primary_instrument1_full,primary,1,5,5,development_combined,CG-FPLS-code,ok,ok,True,3,36,calibrate:037,calibrate,37,177.5,176.39788951567942,-1.1021104843205762,156
development_repeated_nested_cv,primary_instrument1_full,primary,1,5,5,development_combined,CG-FPLS-code,ok,ok,True,3,37,calibrate:038,calibrate,38,208.8000030517578,201.52028368013114,-7.279719371626669,156
development_repeated_nested_cv,primary_instrument1_full,primary,1,5,5,development_combined,CG-FPLS-code,ok,ok,True,3,39,calibrate:040,calibrate,40,174.10000610351562,176.54748178071733,2.4474756772017088,156
development_repeated_nested_cv,primary_instrument1_full,primary,1,5,5,development_combined,CG-FPLS-code,ok,ok,True,3,41,calibrate:042,calibrate,42,187.5,185.81630837643866,-1.6836916235613444,156
development_repeated_nested_cv,primary_instrument1_full,primary,1,5,5,development_combined,CG-FPLS-code,ok,ok,True,3,53,calibrate:054,calibrate,54,221.5,213.77678582068137,-7.7232141793186315,156
development_repeated_nested_cv,primary_instrument1_full,primary,1,5,5,development_combined,CG-FPLS-code,ok,ok,True,3,59,calibrate:060,calibrate,60,172.3000030517578,179.245054846586,6.945051794828174,156
development_repeated_nested_cv,primary_instrument1_full,primary,1,5,5,development_combined,CG-FPLS-code,ok,ok,True,3,63,calibrate:064,calibrate,64,156.1999969482422,161.74390196116352,5.5439050129213285,156
development_repeated_nested_cv,primary_instrument1_full,primary,1,5,5,development_combined,CG-FPLS-code,ok,ok,True,3,65,calibrate:066,calibrate,66,160.39999389648438,160.30528760880264,-0.09470628768173128,156
development_repeated_nested_cv,primary_instrument1_full,primary,1,5,5,development_combined,CG-FPLS-code,ok,ok,True,3,68,calibrate:069,calibrate,69,233.1999969482422,230.0904793037967,-3.109517644445475,156
development_repeated_nested_cv,primary_instrument1_full,primary,1,5,5,development_combined,CG-FPLS-code,ok,ok,True,3,70,calibrate:071,calibrate,71,218.8000030517578,221.30529438907857,2.505291337320756,156
development_repeated_nested_cv,primary_instrument1_full,primary,1,5,5,development_combined,CG-FPLS-code,ok,ok,True,3,77,calibrate:078,calibrate,78,201.6999969482422,201.19455112049215,-0.5054458277500373,156
development_repeated_nested_cv,primary_instrument1_full,primary,1,5,5,development_combined,CG-FPLS-code,ok,ok,True,3,86,calibrate:087,calibrate,87,205.5,208.10166448782167,2.6016644878216653,156
development_repeated_nested_cv,primary_instrument1_full,primary,1,5,5,development_combined,CG-FPLS-code,ok,ok,True,3,89,calibrate:090,calibrate,90,173.39999389648438,180.41595333604903,7.015959439564654,156
development_repeated_nested_cv,primary_instrument1_full,primary,1,5,5,development_combined,CG-FPLS-code,ok,ok,True,3,90,calibrate:091,calibrate,91,216.5,213.9712185084542,-2.5287814915458,156
development_repeated_nested_cv,primary_instrument1_full,primary,1,5,5,development_combined,CG-FPLS-code,ok,ok,True,3,96,calibrate:097,calibrate,97,204.0,205.68441317500196,1.6844131750019642,156
development_repeated_nested_cv,primary_instrument1_full,primary,1,5,5,development_combined,CG-FPLS-code,ok,ok,True,3,97,calibrate:098,calibrate,98,183.8000030517578,184.48155728786767,0.6815542361098608,156
development_repeated_nested_cv,primary_instrument1_full,primary,1,5,5,development_combined,CG-FPLS-code,ok,ok,True,3,124,calibrate:125,calibrate,125,154.8000030517578,164.54773690096636,9.747733849208544,156
development_repeated_nested_cv,primary_instrument1_full,primary,1,5,5,development_combined,CG-FPLS-code,ok,ok,True,3,134,calibrate:135,calibrate,135,188.6999969482422,188.14988484505474,-0.5501121031874447,156
development_repeated_nested_cv,primary_instrument1_full,primary,1,5,5,development_combined,CG-FPLS-code,ok,ok,True,3,144,calibrate:145,calibrate,145,191.1999969482422,195.1777649926459,3.9777680444037173,156
development_repeated_nested_cv,primary_instrument1_full,primary,1,5,5,development_combined,CG-FPLS-code,ok,ok,True,3,154,calibrate:155,calibrate,155,195.3000030517578,188.8157833142351,-6.4842197375227215,156
development_repeated_nested_cv,primary_instrument1_full,primary,1,5,5,development_combined,CG-FPLS-code,ok,ok,True,3,155,validate:001,validate,1,189.0,194.3940239914993,5.394023991499296,156
development_repeated_nested_cv,primary_instrument1_full,primary,1,5,5,development_combined,CG-FPLS-code,ok,ok,True,3,159,validate:005,validate,5,195.1999969482422,198.4903249522689,3.290328004026719,156
development_repeated_nested_cv,primary_instrument1_full,primary,1,5,5,development_combined,CG-FPLS-code,ok,ok,True,3,163,validate:009,validate,9,195.8000030517578,192.96023286822472,-2.8397701835330906,156
development_repeated_nested_cv,primary_instrument1_full,primary,1,5,5,development_combined,CG-FPLS-code,ok,ok,True,3,167,validate:013,validate,13,194.5,200.36596362869085,5.865963628690849,156
development_repeated_nested_cv,primary_instrument1_full,primary,1,5,5,development_combined,CG-FPLS-code,ok,ok,True,3,176,validate:022,validate,22,194.0,196.30413082250342,2.3041308225034243,156
development_repeated_nested_cv,primary_instrument1_full,primary,1,5,5,development_combined,CG-FPLS-code,ok,ok,True,3,178,validate:024,validate,24,193.60000610351562,202.52332462798284,8.92331852446722,156
development_repeated_nested_cv,primary_instrument1_full,primary,1,5,5,development_combined,CG-FPLS-code,ok,ok,True,3,191,validate:037,validate,37,197.0,195.99002385907767,-1.0099761409223333,156
development_repeated_nested_cv,primary_instrument1_full,primary,1,5,5,development_combined,CG-FPLS-code,ok,ok,True,3,194,validate:040,validate,40,197.5,194.1289867780594,-3.3710132219405864,156
development_repeated_nested_cv,primary_instrument1_full,primary,1,5,5,development_combined,Raw FPLS,ok,ok,True,36,2,calibrate:003,calibrate,3,201.39999389648438,195.59541440838484,-5.8045794880995345,156
development_repeated_nested_cv,primary_instrument1_full,primary,1,5,5,development_combined,Raw FPLS,ok,ok,True,36,3,calibrate:004,calibrate,4,199.89999389648438,191.35788286676853,-8.54211102971584,156
development_repeated_nested_cv,primary_instrument1_full,primary,1,5,5,development_combined,Raw FPLS,ok,ok,True,36,5,calibrate:006,calibrate,6,198.3000030517578,194.64182494081112,-3.658178110946693,156
development_repeated_nested_cv,primary_instrument1_full,primary,1,5,5,development_combined,Raw FPLS,ok,ok,True,36,8,calibrate:009,calibrate,9,184.89999389648438,185.53478452936125,0.6347906328768715,156
development_repeated_nested_cv,primary_instrument1_full,primary,1,5,5,development_combined,Raw FPLS,ok,ok,True,36,12,calibrate:013,calibrate,13,176.3000030517578,178.92454864433105,2.6245455925732415,156
development_repeated_nested_cv,primary_instrument1_full,primary,1,5,5,development_combined,Raw FPLS,ok,ok,True,36,28,calibrate:029,calibrate,29,222.5,218.67604119589606,-3.8239588041039383,156
development_repeated_nested_cv,primary_instrument1_full,primary,1,5,5,development_combined,Raw FPLS,ok,ok,True,36,31,calibrate:032,calibrate,32,158.8000030517578,160.93956812428374,2.139565072525926,156
development_repeated_nested_cv,primary_instrument1_full,primary,1,5,5,development_combined,Raw FPLS,ok,ok,True,36,32,calibrate:033,calibrate,33,183.0,187.63075377936715,4.630753779367154,156
development_repeated_nested_cv,primary_instrument1_full,primary,1,5,5,development_combined,Raw FPLS,ok,ok,True,36,33,calibrate:034,calibrate,34,231.89999389648438,236.99859839246201,5.098604495977639,156
development_repeated_nested_cv,primary_instrument1_full,primary,1,5,5,development_combined,Raw FPLS,ok,ok,True,36,34,calibrate:035,calibrate,35,218.0,218.28671197729858,0.2867119772985802,156
development_repeated_nested_cv,primary_instrument1_full,primary,1,5,5,development_combined,Raw FPLS,ok,ok,True,36,35,calibrate:036,calibrate,36,177.0,177.17261151215985,0.17261151215984682,156
development_repeated_nested_cv,primary_instrument1_full,primary,1,5,5,development_combined,Raw FPLS,ok,ok,True,36,36,calibrate:037,calibrate,37,177.5,177.74609564550352,0.24609564550351593,156
development_repeated_nested_cv,primary_instrument1_full,primary,1,5,5,development_combined,Raw FPLS,ok,ok,True,36,37,calibrate:038,calibrate,38,208.8000030517578,205.48046929762288,-3.3195337541349375,156
development_repeated_nested_cv,primary_instrument1_full,primary,1,5,5,development_combined,Raw FPLS,ok,ok,True,36,39,calibrate:040,calibrate,40,174.10000610351562,176.64308858012993,2.543082476614302,156
development_repeated_nested_cv,primary_instrument1_full,primary,1,5,5,development_combined,Raw FPLS,ok,ok,True,36,41,calibrate:042,calibrate,42,187.5,187.54394116401375,0.04394116401374504,156
development_repeated_nested_cv,primary_instrument1_full,primary,1,5,5,development_combined,Raw FPLS,ok,ok,True,36,53,calibrate:054,calibrate,54,221.5,218.1278520799234,-3.3721479200766,156
development_repeated_nested_cv,primary_instrument1_full,primary,1,5,5,development_combined,Raw FPLS,ok,ok,True,36,59,calibrate:060,calibrate,60,172.3000030517578,173.793165800152,1.4931627483941838,156
development_repeated_nested_cv,primary_instrument1_full,primary,1,5,5,development_combined,Raw FPLS,ok,ok,True,36,63,calibrate:064,calibrate,64,156.1999969482422,161.55470849186503,5.354711543622841,156
development_repeated_nested_cv,primary_instrument1_full,primary,1,5,5,development_combined,Raw FPLS,ok,ok,True,36,65,calibrate:066,calibrate,66,160.39999389648438,159.650119742907,-0.7498741535773661,156
development_repeated_nested_cv,primary_instrument1_full,primary,1,5,5,development_combined,Raw FPLS,ok,ok,True,36,68,calibrate:069,calibrate,69,233.1999969482422,234.73053058449395,1.5305336362517608,156
development_repeated_nested_cv,primary_instrument1_full,primary,1,5,5,development_combined,Raw FPLS,ok,ok,True,36,70,calibrate:071,calibrate,71,218.8000030517578,218.14194502328345,-0.6580580284743576,156
development_repeated_nested_cv,primary_instrument1_full,primary,1,5,5,development_combined,Raw FPLS,ok,ok,True,36,77,calibrate:078,calibrate,78,201.6999969482422,205.27805497123327,3.5780580229910868,156
development_repeated_nested_cv,primary_instrument1_full,primary,1,5,5,development_combined,Raw FPLS,ok,ok,True,36,86,calibrate:087,calibrate,87,205.5,204.08306402005863,-1.4169359799413712,156
development_repeated_nested_cv,primary_instrument1_full,primary,1,5,5,development_combined,Raw FPLS,ok,ok,True,36,89,calibrate:090,calibrate,90,173.39999389648438,179.1488475478336,5.748853651349236,156
development_repeated_nested_cv,primary_instrument1_full,primary,1,5,5,development_combined,Raw FPLS,ok,ok,True,36,90,calibrate:091,calibrate,91,216.5,217.8129948706189,1.312994870618894,156
development_repeated_nested_cv,primary_instrument1_full,primary,1,5,5,development_combined,Raw FPLS,ok,ok,True,36,96,calibrate:097,calibrate,97,204.0,202.63907970963402,-1.360920290365982,156
development_repeated_nested_cv,primary_instrument1_full,primary,1,5,5,development_combined,Raw FPLS,ok,ok,True,36,97,calibrate:098,calibrate,98,183.8000030517578,187.92514733412884,4.125144282371025,156
development_repeated_nested_cv,primary_instrument1_full,primary,1,5,5,development_combined,Raw FPLS,ok,ok,True,36,124,calibrate:125,calibrate,125,154.8000030517578,160.80893200869298,6.008928956935165,156
development_repeated_nested_cv,primary_instrument1_full,primary,1,5,5,development_combined,Raw FPLS,ok,ok,True,36,134,calibrate:135,calibrate,135,188.6999969482422,190.6366368517513,1.9366399035091035,156
development_repeated_nested_cv,primary_instrument1_full,primary,1,5,5,development_combined,Raw FPLS,ok,ok,True,36,144,calibrate:145,calibrate,145,191.1999969482422,190.76496596943602,-0.4350309788061679,156
development_repeated_nested_cv,primary_instrument1_full,primary,1,5,5,development_combined,Raw FPLS,ok,ok,True,36,154,calibrate:155,calibrate,155,195.3000030517578,191.20727405958758,-4.092728992170237,156
development_repeated_nested_cv,primary_instrument1_full,primary,1,5,5,development_combined,Raw FPLS,ok,ok,True,36,155,validate:001,validate,1,189.0,191.78202799149778,2.7820279914977846,156
development_repeated_nested_cv,primary_instrument1_full,primary,1,5,5,development_combined,Raw FPLS,ok,ok,True,36,159,validate:005,validate,5,195.1999969482422,195.11986305160275,-0.08013389663943826,156
development_repeated_nested_cv,primary_instrument1_full,primary,1,5,5,development_combined,Raw FPLS,ok,ok,True,36,163,validate:009,validate,9,195.8000030517578,194.52339517269422,-1.2766078790635902,156
development_repeated_nested_cv,primary_instrument1_full,primary,1,5,5,development_combined,Raw FPLS,ok,ok,True,36,167,validate:013,validate,13,194.5,194.5510793575914,0.05107935759139082,156
development_repeated_nested_cv,primary_instrument1_full,primary,1,5,5,development_combined,Raw FPLS,ok,ok,True,36,176,validate:022,validate,22,194.0,198.39656312260374,4.396563122603737,156
development_repeated_nested_cv,primary_instrument1_full,primary,1,5,5,development_combined,Raw FPLS,ok,ok,True,36,178,validate:024,validate,24,193.60000610351562,198.25032320256452,4.650317099048891,156
development_repeated_nested_cv,primary_instrument1_full,primary,1,5,5,development_combined,Raw FPLS,ok,ok,True,36,191,validate:037,validate,37,197.0,197.92083625223472,0.9208362522347215,156
development_repeated_nested_cv,primary_instrument1_full,primary,1,5,5,development_combined,Raw FPLS,ok,ok,True,36,194,validate:040,validate,40,197.5,196.94585246299772,-0.5541475370022795,156
development_repeated_nested_cv,primary_instrument1_full,primary,1,5,5,development_combined,Arnoldi FPLS,ok,ok,True,5,2,calibrate:003,calibrate,3,201.39999389648438,195.52010552595246,-5.879888370531916,156
development_repeated_nested_cv,primary_instrument1_full,primary,1,5,5,development_combined,Arnoldi FPLS,ok,ok,True,5,3,calibrate:004,calibrate,4,199.89999389648438,191.3484798908673,-8.551514005617065,156
development_repeated_nested_cv,primary_instrument1_full,primary,1,5,5,development_combined,Arnoldi FPLS,ok,ok,True,5,5,calibrate:006,calibrate,6,198.3000030517578,194.61894117080632,-3.6810618809514892,156
development_repeated_nested_cv,primary_instrument1_full,primary,1,5,5,development_combined,Arnoldi FPLS,ok,ok,True,5,8,calibrate:009,calibrate,9,184.89999389648438,185.6014933181188,0.7014994216344235,156
development_repeated_nested_cv,primary_instrument1_full,primary,1,5,5,development_combined,Arnoldi FPLS,ok,ok,True,5,12,calibrate:013,calibrate,13,176.3000030517578,178.89288871368498,2.59288566192717,156
development_repeated_nested_cv,primary_instrument1_full,primary,1,5,5,development_combined,Arnoldi FPLS,ok,ok,True,5,28,calibrate:029,calibrate,29,222.5,218.59902861037526,-3.9009713896247433,156
development_repeated_nested_cv,primary_instrument1_full,primary,1,5,5,development_combined,Arnoldi FPLS,ok,ok,True,5,31,calibrate:032,calibrate,32,158.8000030517578,160.9053610432529,2.105357991495083,156
development_repeated_nested_cv,primary_instrument1_full,primary,1,5,5,development_combined,Arnoldi FPLS,ok,ok,True,5,32,calibrate:033,calibrate,33,183.0,187.57683606514308,4.576836065143084,156
development_repeated_nested_cv,primary_instrument1_full,primary,1,5,5,development_combined,Arnoldi FPLS,ok,ok,True,5,33,calibrate:034,calibrate,34,231.89999389648438,237.00869273940472,5.108698842920347,156
development_repeated_nested_cv,primary_instrument1_full,primary,1,5,5,development_combined,Arnoldi FPLS,ok,ok,True,5,34,calibrate:035,calibrate,35,218.0,218.20936389469446,0.20936389469446226,156
development_repeated_nested_cv,primary_instrument1_full,primary,1,5,5,development_combined,Arnoldi FPLS,ok,ok,True,5,35,calibrate:036,calibrate,36,177.0,177.09178145600833,0.09178145600833432,156
development_repeated_nested_cv,primary_instrument1_full,primary,1,5,5,development_combined,Arnoldi FPLS,ok,ok,True,5,36,calibrate:037,calibrate,37,177.5,177.70124915545702,0.20124915545702038,156
development_repeated_nested_cv,primary_instrument1_full,primary,1,5,5,development_combined,Arnoldi FPLS,ok,ok,True,5,37,calibrate:038,calibrate,38,208.8000030517578,205.4207619038902,-3.379241147867617,156
development_repeated_nested_cv,primary_instrument1_full,primary,1,5,5,development_combined,Arnoldi FPLS,ok,ok,True,5,39,calibrate:040,calibrate,40,174.10000610351562,176.59825167250892,2.4982455689932976,156
development_repeated_nested_cv,primary_instrument1_full,primary,1,5,5,development_combined,Arnoldi FPLS,ok,ok,True,5,41,calibrate:042,calibrate,42,187.5,187.4846739893873,-0.015326010612710661,156
development_repeated_nested_cv,primary_instrument1_full,primary,1,5,5,development_combined,Arnoldi FPLS,ok,ok,True,5,53,calibrate:054,calibrate,54,221.5,218.05478057747357,-3.445219422526435,156
development_repeated_nested_cv,primary_instrument1_full,primary,1,5,5,development_combined,Arnoldi FPLS,ok,ok,True,5,59,calibrate:060,calibrate,60,172.3000030517578,173.84425432535437,1.544251273596558,156
development_repeated_nested_cv,primary_instrument1_full,primary,1,5,5,development_combined,Arnoldi FPLS,ok,ok,True,5,63,calibrate:064,calibrate,64,156.1999969482422,161.53090488794004,5.330907939697852,156
development_repeated_nested_cv,primary_instrument1_full,primary,1,5,5,development_combined,Arnoldi FPLS,ok,ok,True,5,65,calibrate:066,calibrate,66,160.39999389648438,159.71825274819534,-0.681741148289035,156
development_repeated_nested_cv,primary_instrument1_full,primary,1,5,5,development_combined,Arnoldi FPLS,ok,ok,True,5,68,calibrate:069,calibrate,69,233.1999969482422,234.70453436202024,1.5045374137780527,156
development_repeated_nested_cv,primary_instrument1_full,primary,1,5,5,development_combined,Arnoldi FPLS,ok,ok,True,5,70,calibrate:071,calibrate,71,218.8000030517578,218.17002741797185,-0.6299756337859606,156
development_repeated_nested_cv,primary_instrument1_full,primary,1,5,5,development_combined,Arnoldi FPLS,ok,ok,True,5,77,calibrate:078,calibrate,78,201.6999969482422,205.2149803813315,3.5149834330892986,156
development_repeated_nested_cv,primary_instrument1_full,primary,1,5,5,development_combined,Arnoldi FPLS,ok,ok,True,5,86,calibrate:087,calibrate,87,205.5,204.12628057048974,-1.3737194295102597,156
development_repeated_nested_cv,primary_instrument1_full,primary,1,5,5,development_combined,Arnoldi FPLS,ok,ok,True,5,89,calibrate:090,calibrate,90,173.39999389648438,179.11301697974167,5.713023083257298,156
development_repeated_nested_cv,primary_instrument1_full,primary,1,5,5,development_combined,Arnoldi FPLS,ok,ok,True,5,90,calibrate:091,calibrate,91,216.5,217.7204693472834,1.220469347283398,156
development_repeated_nested_cv,primary_instrument1_full,primary,1,5,5,development_combined,Arnoldi FPLS,ok,ok,True,5,96,calibrate:097,calibrate,97,204.0,202.68437415778712,-1.3156258422128815,156
development_repeated_nested_cv,primary_instrument1_full,primary,1,5,5,development_combined,Arnoldi FPLS,ok,ok,True,5,97,calibrate:098,calibrate,98,183.8000030517578,187.85895444625612,4.058951394498308,156
development_repeated_nested_cv,primary_instrument1_full,primary,1,5,5,development_combined,Arnoldi FPLS,ok,ok,True,5,124,calibrate:125,calibrate,125,154.8000030517578,160.91917832752,6.1191752757621884,156
development_repeated_nested_cv,primary_instrument1_full,primary,1,5,5,development_combined,Arnoldi FPLS,ok,ok,True,5,134,calibrate:135,calibrate,135,188.6999969482422,190.54863659323118,1.8486396449889924,156
development_repeated_nested_cv,primary_instrument1_full,primary,1,5,5,development_combined,Arnoldi FPLS,ok,ok,True,5,144,calibrate:145,calibrate,145,191.1999969482422,190.7595397516671,-0.4404571965750961,156
development_repeated_nested_cv,primary_instrument1_full,primary,1,5,5,development_combined,Arnoldi FPLS,ok,ok,True,5,154,calibrate:155,calibrate,155,195.3000030517578,191.27099979752992,-4.029003254227888,156
development_repeated_nested_cv,primary_instrument1_full,primary,1,5,5,development_combined,Arnoldi FPLS,ok,ok,True,5,155,validate:001,validate,1,189.0,191.77665564113497,2.7766556411349654,156
development_repeated_nested_cv,primary_instrument1_full,primary,1,5,5,development_combined,Arnoldi FPLS,ok,ok,True,5,159,validate:005,validate,5,195.1999969482422,195.1215728832213,-0.07842406502089716,156
development_repeated_nested_cv,primary_instrument1_full,primary,1,5,5,development_combined,Arnoldi FPLS,ok,ok,True,5,163,validate:009,validate,9,195.8000030517578,194.5466690730441,-1.2533339787137265,156
development_repeated_nested_cv,primary_instrument1_full,primary,1,5,5,development_combined,Arnoldi FPLS,ok,ok,True,5,167,validate:013,validate,13,194.5,194.55872113904437,0.0587211390443656,156
development_repeated_nested_cv,primary_instrument1_full,primary,1,5,5,development_combined,Arnoldi FPLS,ok,ok,True,5,176,validate:022,validate,22,194.0,198.47505309025422,4.475053090254221,156
development_repeated_nested_cv,primary_instrument1_full,primary,1,5,5,development_combined,Arnoldi FPLS,ok,ok,True,5,178,validate:024,validate,24,193.60000610351562,198.30574995779907,4.70574385428344,156
development_repeated_nested_cv,primary_instrument1_full,primary,1,5,5,development_combined,Arnoldi FPLS,ok,ok,True,5,191,validate:037,validate,37,197.0,197.9997886273318,0.9997886273318102,156
development_repeated_nested_cv,primary_instrument1_full,primary,1,5,5,development_combined,Arnoldi FPLS,ok,ok,True,5,194,validate:040,validate,40,197.5,197.05105616705413,-0.44894383294587215,156
development_repeated_nested_cv,primary_instrument1_full,primary,1,5,5,development_combined,FPCR,ok,ok,True,13,2,calibrate:003,calibrate,3,201.39999389648438,195.63492460097592,-5.765069295508454,156
development_repeated_nested_cv,primary_instrument1_full,primary,1,5,5,development_combined,FPCR,ok,ok,True,13,3,calibrate:004,calibrate,4,199.89999389648438,191.33212215043372,-8.567871746050656,156
development_repeated_nested_cv,primary_instrument1_full,primary,1,5,5,development_combined,FPCR,ok,ok,True,13,5,calibrate:006,calibrate,6,198.3000030517578,195.61212167170274,-2.6878813800550745,156
development_repeated_nested_cv,primary_instrument1_full,primary,1,5,5,development_combined,FPCR,ok,ok,True,13,8,calibrate:009,calibrate,9,184.89999389648438,186.1373059148434,1.2373120183590345,156
development_repeated_nested_cv,primary_instrument1_full,primary,1,5,5,development_combined,FPCR,ok,ok,True,13,12,calibrate:013,calibrate,13,176.3000030517578,178.0377495272452,1.7377464754873984,156
development_repeated_nested_cv,primary_instrument1_full,primary,1,5,5,development_combined,FPCR,ok,ok,True,13,28,calibrate:029,calibrate,29,222.5,217.6562325786834,-4.843767421316613,156
development_repeated_nested_cv,primary_instrument1_full,primary,1,5,5,development_combined,FPCR,ok,ok,True,13,31,calibrate:032,calibrate,32,158.8000030517578,161.16203335076202,2.3620302990042035,156
development_repeated_nested_cv,primary_instrument1_full,primary,1,5,5,development_combined,FPCR,ok,ok,True,13,32,calibrate:033,calibrate,33,183.0,186.6061415205563,3.6061415205562923,156
development_repeated_nested_cv,primary_instrument1_full,primary,1,5,5,development_combined,FPCR,ok,ok,True,13,33,calibrate:034,calibrate,34,231.89999389648438,238.6928469476696,6.792853051185233,156
development_repeated_nested_cv,primary_instrument1_full,primary,1,5,5,development_combined,FPCR,ok,ok,True,13,34,calibrate:035,calibrate,35,218.0,217.59834412791065,-0.40165587208934994,156
development_repeated_nested_cv,primary_instrument1_full,primary,1,5,5,development_combined,FPCR,ok,ok,True,13,35,calibrate:036,calibrate,36,177.0,177.3049860044205,0.30498600442049906,156
development_repeated_nested_cv,primary_instrument1_full,primary,1,5,5,development_combined,FPCR,ok,ok,True,13,36,calibrate:037,calibrate,37,177.5,177.4814486454332,-0.018551354566795908,156
development_repeated_nested_cv,primary_instrument1_full,primary,1,5,5,development_combined,FPCR,ok,ok,True,13,37,calibrate:038,calibrate,38,208.8000030517578,204.99227214440816,-3.807730907349651,156
development_repeated_nested_cv,primary_instrument1_full,primary,1,5,5,development_combined,FPCR,ok,ok,True,13,39,calibrate:040,calibrate,40,174.10000610351562,176.13468201055107,2.0346759070354494,156
development_repeated_nested_cv,primary_instrument1_full,primary,1,5,5,development_combined,FPCR,ok,ok,True,13,41,calibrate:042,calibrate,42,187.5,188.10808490172354,0.6080849017235437,156
development_repeated_nested_cv,primary_instrument1_full,primary,1,5,5,development_combined,FPCR,ok,ok,True,13,53,calibrate:054,calibrate,54,221.5,216.50277577191906,-4.997224228080938,156
development_repeated_nested_cv,primary_instrument1_full,primary,1,5,5,development_combined,FPCR,ok,ok,True,13,59,calibrate:060,calibrate,60,172.3000030517578,174.3360952845014,2.0360922327435844,156
development_repeated_nested_cv,primary_instrument1_full,primary,1,5,5,development_combined,FPCR,ok,ok,True,13,63,calibrate:064,calibrate,64,156.1999969482422,161.2785778534604,5.078580905218217,156
development_repeated_nested_cv,primary_instrument1_full,primary,1,5,5,development_combined,FPCR,ok,ok,True,13,65,calibrate:066,calibrate,66,160.39999389648438,161.0805209482402,0.6805270517558313,156
development_repeated_nested_cv,primary_instrument1_full,primary,1,5,5,development_combined,FPCR,ok,ok,True,13,68,calibrate:069,calibrate,69,233.1999969482422,237.3686162284451,4.168619280202904,156
development_repeated_nested_cv,primary_instrument1_full,primary,1,5,5,development_combined,FPCR,ok,ok,True,13,70,calibrate:071,calibrate,71,218.8000030517578,218.3364036603311,-0.463599391426726,156
development_repeated_nested_cv,primary_instrument1_full,primary,1,5,5,development_combined,FPCR,ok,ok,True,13,77,calibrate:078,calibrate,78,201.6999969482422,204.31653463314396,2.616537684901772,156
development_repeated_nested_cv,primary_instrument1_full,primary,1,5,5,development_combined,FPCR,ok,ok,True,13,86,calibrate:087,calibrate,87,205.5,204.57126171223246,-0.9287382877675441,156
development_repeated_nested_cv,primary_instrument1_full,primary,1,5,5,development_combined,FPCR,ok,ok,True,13,89,calibrate:090,calibrate,90,173.39999389648438,178.46966791901679,5.069674022532411,156
development_repeated_nested_cv,primary_instrument1_full,primary,1,5,5,development_combined,FPCR,ok,ok,True,13,90,calibrate:091,calibrate,91,216.5,216.73821734556552,0.23821734556551633,156
development_repeated_nested_cv,primary_instrument1_full,primary,1,5,5,development_combined,FPCR,ok,ok,True,13,96,calibrate:097,calibrate,97,204.0,203.4946837662635,-0.5053162337364938,156
development_repeated_nested_cv,primary_instrument1_full,primary,1,5,5,development_combined,FPCR,ok,ok,True,13,97,calibrate:098,calibrate,98,183.8000030517578,188.0375676644411,4.237564612683286,156
development_repeated_nested_cv,primary_instrument1_full,primary,1,5,5,development_combined,FPCR,ok,ok,True,13,124,calibrate:125,calibrate,125,154.8000030517578,157.29432242276783,2.4943193710100218,156
development_repeated_nested_cv,primary_instrument1_full,primary,1,5,5,development_combined,FPCR,ok,ok,True,13,134,calibrate:135,calibrate,135,188.6999969482422,189.02677947169505,0.32678252345286296,156
development_repeated_nested_cv,primary_instrument1_full,primary,1,5,5,development_combined,FPCR,ok,ok,True,13,144,calibrate:145,calibrate,145,191.1999969482422,190.527028945973,-0.6729680022691866,156
development_repeated_nested_cv,primary_instrument1_full,primary,1,5,5,development_combined,FPCR,ok,ok,True,13,154,calibrate:155,calibrate,155,195.3000030517578,193.27779070581508,-2.0222123459427337,156
development_repeated_nested_cv,primary_instrument1_full,primary,1,5,5,development_combined,FPCR,ok,ok,True,13,155,validate:001,validate,1,189.0,193.06655916505954,4.0665591650595445,156
development_repeated_nested_cv,primary_instrument1_full,primary,1,5,5,development_combined,FPCR,ok,ok,True,13,159,validate:005,validate,5,195.1999969482422,194.71494333190918,-0.4850536163330048,156
development_repeated_nested_cv,primary_instrument1_full,primary,1,5,5,development_combined,FPCR,ok,ok,True,13,163,validate:009,validate,9,195.8000030517578,193.83288782054058,-1.9671152312172353,156
development_repeated_nested_cv,primary_instrument1_full,primary,1,5,5,development_combined,FPCR,ok,ok,True,13,167,validate:013,validate,13,194.5,194.06090041651785,-0.4390995834821467,156
development_repeated_nested_cv,primary_instrument1_full,primary,1,5,5,development_combined,FPCR,ok,ok,True,13,176,validate:022,validate,22,194.0,200.09812690187835,6.098126901878345,156
development_repeated_nested_cv,primary_instrument1_full,primary,1,5,5,development_combined,FPCR,ok,ok,True,13,178,validate:024,validate,24,193.60000610351562,198.57089082307607,4.970884719560445,156
development_repeated_nested_cv,primary_instrument1_full,primary,1,5,5,development_combined,FPCR,ok,ok,True,13,191,validate:037,validate,37,197.0,197.8406936685435,0.8406936685435085,156
development_repeated_nested_cv,primary_instrument1_full,primary,1,5,5,development_combined,FPCR,ok,ok,True,13,194,validate:040,validate,40,197.5,196.61852041026808,-0.8814795897319243,156
development_source_contiguous_cv,primary_instrument1_full,primary,1,1,1,development_combined,CG-FPLS-code,ok,ok,True,3,0,calibrate:001,calibrate,1,200.10000610351562,189.34848549917177,-10.751520604343852,156
development_source_contiguous_cv,primary_instrument1_full,primary,1,1,1,development_combined,CG-FPLS-code,ok,ok,True,3,1,calibrate:002,calibrate,2,198.6999969482422,191.27470241380004,-7.425294534442145,156
development_source_contiguous_cv,primary_instrument1_full,primary,1,1,1,development_combined,CG-FPLS-code,ok,ok,True,3,2,calibrate:003,calibrate,3,201.39999389648438,191.8212737577568,-9.578720138727562,156
development_source_contiguous_cv,primary_instrument1_full,primary,1,1,1,development_combined,CG-FPLS-code,ok,ok,True,3,3,calibrate:004,calibrate,4,199.89999389648438,197.99028622396855,-1.9097076725158217,156
development_source_contiguous_cv,primary_instrument1_full,primary,1,1,1,development_combined,CG-FPLS-code,ok,ok,True,3,4,calibrate:005,calibrate,5,199.3000030517578,189.95498323144008,-9.34501982031773,156
development_source_contiguous_cv,primary_instrument1_full,primary,1,1,1,development_combined,CG-FPLS-code,ok,ok,True,3,5,calibrate:006,calibrate,6,198.3000030517578,194.0138171254171,-4.286185926340721,156
development_source_contiguous_cv,primary_instrument1_full,primary,1,1,1,development_combined,CG-FPLS-code,ok,ok,True,3,6,calibrate:007,calibrate,7,200.10000610351562,192.45101618043444,-7.648989923081189,156
development_source_contiguous_cv,primary_instrument1_full,primary,1,1,1,development_combined,CG-FPLS-code,ok,ok,True,3,7,calibrate:008,calibrate,8,207.6999969482422,201.18319178323057,-6.516805165011618,156
development_source_contiguous_cv,primary_instrument1_full,primary,1,1,1,development_combined,CG-FPLS-code,ok,ok,True,3,8,calibrate:009,calibrate,9,184.89999389648438,187.1735125472497,2.273518650765311,156
development_source_contiguous_cv,primary_instrument1_full,primary,1,1,1,development_combined,CG-FPLS-code,ok,ok,True,3,9,calibrate:010,calibrate,10,181.10000610351562,178.800821319023,-2.2991847844926383,156
development_source_contiguous_cv,primary_instrument1_full,primary,1,1,1,development_combined,CG-FPLS-code,ok,ok,True,3,10,calibrate:011,calibrate,11,221.8000030517578,218.00625520485806,-3.7937478468997483,156
development_source_contiguous_cv,primary_instrument1_full,primary,1,1,1,development_combined,CG-FPLS-code,ok,ok,True,3,11,calibrate:012,calibrate,12,162.0,162.93948407695999,0.9394840769599853,156
development_source_contiguous_cv,primary_instrument1_full,primary,1,1,1,development_combined,CG-FPLS-code,ok,ok,True,3,12,calibrate:013,calibrate,13,176.3000030517578,180.82591320573698,4.525910153979169,156
development_source_contiguous_cv,primary_instrument1_full,primary,1,1,1,development_combined,CG-FPLS-code,ok,ok,True,3,13,calibrate:014,calibrate,14,221.3000030517578,215.8264103018229,-5.473592749934909,156
development_source_contiguous_cv,primary_instrument1_full,primary,1,1,1,development_combined,CG-FPLS-code,ok,ok,True,3,14,calibrate:015,calibrate,15,220.10000610351562,217.9687710786356,-2.131235024880027,156
development_source_contiguous_cv,primary_instrument1_full,primary,1,1,1,development_combined,CG-FPLS-code,ok,ok,True,3,15,calibrate:016,calibrate,16,173.8000030517578,181.44229372233772,7.642290670579911,156
development_source_contiguous_cv,primary_instrument1_full,primary,1,1,1,development_combined,CG-FPLS-code,ok,ok,True,3,16,calibrate:017,calibrate,17,222.5,213.50031296187456,-8.999687038125444,156
development_source_contiguous_cv,primary_instrument1_full,primary,1,1,1,development_combined,CG-FPLS-code,ok,ok,True,3,17,calibrate:018,calibrate,18,221.89999389648438,216.4766238390863,-5.423370057398074,156
development_source_contiguous_cv,primary_instrument1_full,primary,1,1,1,development_combined,CG-FPLS-code,ok,ok,True,3,18,calibrate:019,calibrate,19,159.5,177.80362248534541,18.303622485345414,156
development_source_contiguous_cv,primary_instrument1_full,primary,1,1,1,development_combined,CG-FPLS-code,ok,ok,True,3,19,calibrate:020,calibrate,20,159.3000030517578,161.45277222356313,2.1527691718053177,156
development_source_contiguous_cv,primary_instrument1_full,primary,1,1,1,development_combined,CG-FPLS-code,ok,ok,True,3,20,calibrate:021,calibrate,21,183.1999969482422,182.83397483116238,-0.36602211707980814,156
development_source_contiguous_cv,primary_instrument1_full,primary,1,1,1,development_combined,CG-FPLS-code,ok,ok,True,3,21,calibrate:022,calibrate,22,185.89999389648438,187.73252311108078,1.8325292145964056,156
development_source_contiguous_cv,primary_instrument1_full,primary,1,1,1,development_combined,CG-FPLS-code,ok,ok,True,3,22,calibrate:023,calibrate,23,220.6999969482422,216.46171584296073,-4.238281105281459,156
development_source_contiguous_cv,primary_instrument1_full,primary,1,1,1,development_combined,CG-FPLS-code,ok,ok,True,3,23,calibrate:024,calibrate,24,190.1999969482422,184.2490317578655,-5.950965190376678,156
development_source_contiguous_cv,primary_instrument1_full,primary,1,1,1,development_combined,CG-FPLS-code,ok,ok,True,3,24,calibrate:025,calibrate,25,177.1999969482422,176.85396172718848,-0.346035221053711,156
development_source_contiguous_cv,primary_instrument1_full,primary,1,1,1,development_combined,CG-FPLS-code,ok,ok,True,3,25,calibrate:026,calibrate,26,214.3000030517578,214.53242216490605,0.23241911314823938,156
development_source_contiguous_cv,primary_instrument1_full,primary,1,1,1,development_combined,CG-FPLS-code,ok,ok,True,3,26,calibrate:027,calibrate,27,209.1999969482422,201.72463994577873,-7.475357002463454,156
development_source_contiguous_cv,primary_instrument1_full,primary,1,1,1,development_combined,CG-FPLS-code,ok,ok,True,3,27,calibrate:028,calibrate,28,175.8000030517578,178.04399378765538,2.243990735897569,156
development_source_contiguous_cv,primary_instrument1_full,primary,1,1,1,development_combined,CG-FPLS-code,ok,ok,True,3,28,calibrate:029,calibrate,29,222.5,213.83179475392873,-8.668205246071267,156
development_source_contiguous_cv,primary_instrument1_full,primary,1,1,1,development_combined,CG-FPLS-code,ok,ok,True,3,29,calibrate:030,calibrate,30,236.39999389648438,234.71657494464773,-1.683418951836643,156
development_source_contiguous_cv,primary_instrument1_full,primary,1,1,1,development_combined,CG-FPLS-code,ok,ok,True,3,30,calibrate:031,calibrate,31,184.1999969482422,183.44458927721897,-0.7554076710232209,156
development_source_contiguous_cv,primary_instrument1_full,primary,1,1,1,development_combined,CG-FPLS-code,ok,ok,True,3,155,validate:001,validate,1,189.0,195.76919692841005,6.769196928410054,156
development_source_contiguous_cv,primary_instrument1_full,primary,1,1,1,development_combined,CG-FPLS-code,ok,ok,True,3,156,validate:002,validate,2,188.1999969482422,197.8459584708394,9.645961522597219,156
development_source_contiguous_cv,primary_instrument1_full,primary,1,1,1,development_combined,CG-FPLS-code,ok,ok,True,3,157,validate:003,validate,3,191.89999389648438,193.47604415770616,1.5760502612217806,156
development_source_contiguous_cv,primary_instrument1_full,primary,1,1,1,development_combined,CG-FPLS-code,ok,ok,True,3,158,validate:004,validate,4,189.39999389648438,197.26971127091943,7.869717374435055,156
development_source_contiguous_cv,primary_instrument1_full,primary,1,1,1,development_combined,CG-FPLS-code,ok,ok,True,3,159,validate:005,validate,5,195.1999969482422,198.8395272703248,3.6395303220826065,156
development_source_contiguous_cv,primary_instrument1_full,primary,1,1,1,development_combined,CG-FPLS-code,ok,ok,True,3,160,validate:006,validate,6,194.5,196.8682518108337,2.368251810833698,156
development_source_contiguous_cv,primary_instrument1_full,primary,1,1,1,development_combined,CG-FPLS-code,ok,ok,True,3,161,validate:007,validate,7,195.89999389648438,195.64766474001482,-0.2523291564695569,156
development_source_contiguous_cv,primary_instrument1_full,primary,1,1,1,development_combined,CG-FPLS-code,ok,ok,True,3,162,validate:008,validate,8,194.89999389648438,196.82106696118595,1.9210730647015737,156
development_source_contiguous_cv,primary_instrument1_full,primary,1,1,1,development_combined,Raw FPLS,ok,ok,True,10,0,calibrate:001,calibrate,1,200.10000610351562,194.75120612273432,-5.348799980781308,156
development_source_contiguous_cv,primary_instrument1_full,primary,1,1,1,development_combined,Raw FPLS,ok,ok,True,10,1,calibrate:002,calibrate,2,198.6999969482422,194.40155236076333,-4.298444587478855,156
development_source_contiguous_cv,primary_instrument1_full,primary,1,1,1,development_combined,Raw FPLS,ok,ok,True,10,2,calibrate:003,calibrate,3,201.39999389648438,195.241738170339,-6.15825572614537,156
development_source_contiguous_cv,primary_instrument1_full,primary,1,1,1,development_combined,Raw FPLS,ok,ok,True,10,3,calibrate:004,calibrate,4,199.89999389648438,191.35575777509843,-8.54423612138595,156
development_source_contiguous_cv,primary_instrument1_full,primary,1,1,1,development_combined,Raw FPLS,ok,ok,True,10,4,calibrate:005,calibrate,5,199.3000030517578,195.46075598580728,-3.8392470659505307,156
development_source_contiguous_cv,primary_instrument1_full,primary,1,1,1,development_combined,Raw FPLS,ok,ok,True,10,5,calibrate:006,calibrate,6,198.3000030517578,193.36216830475504,-4.937834747002768,156
development_source_contiguous_cv,primary_instrument1_full,primary,1,1,1,development_combined,Raw FPLS,ok,ok,True,10,6,calibrate:007,calibrate,7,200.10000610351562,198.46283167676518,-1.6371744267504482,156
development_source_contiguous_cv,primary_instrument1_full,primary,1,1,1,development_combined,Raw FPLS,ok,ok,True,10,7,calibrate:008,calibrate,8,207.6999969482422,203.29202534607984,-4.407971602162348,156
development_source_contiguous_cv,primary_instrument1_full,primary,1,1,1,development_combined,Raw FPLS,ok,ok,True,10,8,calibrate:009,calibrate,9,184.89999389648438,185.9909582876063,1.0909643911219291,156
development_source_contiguous_cv,primary_instrument1_full,primary,1,1,1,development_combined,Raw FPLS,ok,ok,True,10,9,calibrate:010,calibrate,10,181.10000610351562,177.86834030721425,-3.231665796301371,156
development_source_contiguous_cv,primary_instrument1_full,primary,1,1,1,development_combined,Raw FPLS,ok,ok,True,10,10,calibrate:011,calibrate,11,221.8000030517578,216.94909968283523,-4.850903368922587,156
development_source_contiguous_cv,primary_instrument1_full,primary,1,1,1,development_combined,Raw FPLS,ok,ok,True,10,11,calibrate:012,calibrate,12,162.0,161.86258497035365,-0.13741502964634833,156
development_source_contiguous_cv,primary_instrument1_full,primary,1,1,1,development_combined,Raw FPLS,ok,ok,True,10,12,calibrate:013,calibrate,13,176.3000030517578,178.22618242775445,1.9261793759966395,156
development_source_contiguous_cv,primary_instrument1_full,primary,1,1,1,development_combined,Raw FPLS,ok,ok,True,10,13,calibrate:014,calibrate,14,221.3000030517578,217.17651521129503,-4.123487840462786,156
development_source_contiguous_cv,primary_instrument1_full,primary,1,1,1,development_combined,Raw FPLS,ok,ok,True,10,14,calibrate:015,calibrate,15,220.10000610351562,216.5547219227071,-3.5452841808085225,156
development_source_contiguous_cv,primary_instrument1_full,primary,1,1,1,development_combined,Raw FPLS,ok,ok,True,10,15,calibrate:016,calibrate,16,173.8000030517578,175.8671905610488,2.0671875092909886,156
development_source_contiguous_cv,primary_instrument1_full,primary,1,1,1,development_combined,Raw FPLS,ok,ok,True,10,16,calibrate:017,calibrate,17,222.5,217.60184507125064,-4.8981549287493635,156
development_source_contiguous_cv,primary_instrument1_full,primary,1,1,1,development_combined,Raw FPLS,ok,ok,True,10,17,calibrate:018,calibrate,18,221.89999389648438,219.20553180369888,-2.6944620927855,156
development_source_contiguous_cv,primary_instrument1_full,primary,1,1,1,development_combined,Raw FPLS,ok,ok,True,10,18,calibrate:019,calibrate,19,159.5,177.87314005732728,18.373140057327277,156
development_source_contiguous_cv,primary_instrument1_full,primary,1,1,1,development_combined,Raw FPLS,ok,ok,True,10,19,calibrate:020,calibrate,20,159.3000030517578,160.0828836024292,0.7828805506713934,156
development_source_contiguous_cv,primary_instrument1_full,primary,1,1,1,development_combined,Raw FPLS,ok,ok,True,10,20,calibrate:021,calibrate,21,183.1999969482422,184.56914299973988,1.3691460514976939,156
development_source_contiguous_cv,primary_instrument1_full,primary,1,1,1,development_combined,Raw FPLS,ok,ok,True,10,21,calibrate:022,calibrate,22,185.89999389648438,185.34319544339846,-0.5567984530859178,156
development_source_contiguous_cv,primary_instrument1_full,primary,1,1,1,development_combined,Raw FPLS,ok,ok,True,10,22,calibrate:023,calibrate,23,220.6999969482422,216.94084747599047,-3.759149472251721,156
development_source_contiguous_cv,primary_instrument1_full,primary,1,1,1,development_combined,Raw FPLS,ok,ok,True,10,23,calibrate:024,calibrate,24,190.1999969482422,187.0639706513412,-3.1360262969009796,156
development_source_contiguous_cv,primary_instrument1_full,primary,1,1,1,development_combined,Raw FPLS,ok,ok,True,10,24,calibrate:025,calibrate,25,177.1999969482422,176.03611469977355,-1.1638822484686386,156
development_source_contiguous_cv,primary_instrument1_full,primary,1,1,1,development_combined,Raw FPLS,ok,ok,True,10,25,calibrate:026,calibrate,26,214.3000030517578,215.79687049727823,1.4968674455204223,156
development_source_contiguous_cv,primary_instrument1_full,primary,1,1,1,development_combined,Raw FPLS,ok,ok,True,10,26,calibrate:027,calibrate,27,209.1999969482422,204.6868870169324,-4.513109931309799,156
development_source_contiguous_cv,primary_instrument1_full,primary,1,1,1,development_combined,Raw FPLS,ok,ok,True,10,27,calibrate:028,calibrate,28,175.8000030517578,176.4154324969439,0.6154294451860949,156
development_source_contiguous_cv,primary_instrument1_full,primary,1,1,1,development_combined,Raw FPLS,ok,ok,True,10,28,calibrate:029,calibrate,29,222.5,218.02578147915258,-4.4742185208474154,156
development_source_contiguous_cv,primary_instrument1_full,primary,1,1,1,development_combined,Raw FPLS,ok,ok,True,10,29,calibrate:030,calibrate,30,236.39999389648438,239.2312188156272,2.8312249191428123,156
development_source_contiguous_cv,primary_instrument1_full,primary,1,1,1,development_combined,Raw FPLS,ok,ok,True,10,30,calibrate:031,calibrate,31,184.1999969482422,187.9530541590213,3.7530572107791045,156
development_source_contiguous_cv,primary_instrument1_full,primary,1,1,1,development_combined,Raw FPLS,ok,ok,True,10,155,validate:001,validate,1,189.0,192.01877318504984,3.018773185049838,156
development_source_contiguous_cv,primary_instrument1_full,primary,1,1,1,development_combined,Raw FPLS,ok,ok,True,10,156,validate:002,validate,2,188.1999969482422,192.31943042007845,4.11943347183626,156
development_source_contiguous_cv,primary_instrument1_full,primary,1,1,1,development_combined,Raw FPLS,ok,ok,True,10,157,validate:003,validate,3,191.89999389648438,198.3517289867815,6.45173509029712,156
development_source_contiguous_cv,primary_instrument1_full,primary,1,1,1,development_combined,Raw FPLS,ok,ok,True,10,158,validate:004,validate,4,189.39999389648438,192.95154268203393,3.5515487855495564,156
development_source_contiguous_cv,primary_instrument1_full,primary,1,1,1,development_combined,Raw FPLS,ok,ok,True,10,159,validate:005,validate,5,195.1999969482422,195.03056527170227,-0.1694316765399151,156
development_source_contiguous_cv,primary_instrument1_full,primary,1,1,1,development_combined,Raw FPLS,ok,ok,True,10,160,validate:006,validate,6,194.5,191.79245451209016,-2.70754548790984,156
development_source_contiguous_cv,primary_instrument1_full,primary,1,1,1,development_combined,Raw FPLS,ok,ok,True,10,161,validate:007,validate,7,195.89999389648438,193.3355648608563,-2.5644290356280806,156
development_source_contiguous_cv,primary_instrument1_full,primary,1,1,1,development_combined,Raw FPLS,ok,ok,True,10,162,validate:008,validate,8,194.89999389648438,192.33573618235673,-2.564257714127649,156
development_source_contiguous_cv,primary_instrument1_full,primary,1,1,1,development_combined,Arnoldi FPLS,ok,ok,True,5,0,calibrate:001,calibrate,1,200.10000610351562,194.96579269529124,-5.134213408224383,156
development_source_contiguous_cv,primary_instrument1_full,primary,1,1,1,development_combined,Arnoldi FPLS,ok,ok,True,5,1,calibrate:002,calibrate,2,198.6999969482422,194.59455501590082,-4.105441932341364,156
development_source_contiguous_cv,primary_instrument1_full,primary,1,1,1,development_combined,Arnoldi FPLS,ok,ok,True,5,2,calibrate:003,calibrate,3,201.39999389648438,195.4179185915773,-5.9820753049070845,156
development_source_contiguous_cv,primary_instrument1_full,primary,1,1,1,development_combined,Arnoldi FPLS,ok,ok,True,5,3,calibrate:004,calibrate,4,199.89999389648438,191.23126261243507,-8.6687312840493,156
development_source_contiguous_cv,primary_instrument1_full,primary,1,1,1,development_combined,Arnoldi FPLS,ok,ok,True,5,4,calibrate:005,calibrate,5,199.3000030517578,195.39406259696517,-3.905940454792642,156
development_source_contiguous_cv,primary_instrument1_full,primary,1,1,1,development_combined,Arnoldi FPLS,ok,ok,True,5,5,calibrate:006,calibrate,6,198.3000030517578,193.41251759141196,-4.887485460345857,156
development_source_contiguous_cv,primary_instrument1_full,primary,1,1,1,development_combined,Arnoldi FPLS,ok,ok,True,5,6,calibrate:007,calibrate,7,200.10000610351562,198.72752482912202,-1.372481274393607,156
development_source_contiguous_cv,primary_instrument1_full,primary,1,1,1,development_combined,Arnoldi FPLS,ok,ok,True,5,7,calibrate:008,calibrate,8,207.6999969482422,203.16576439994842,-4.534232548293772,156
development_source_contiguous_cv,primary_instrument1_full,primary,1,1,1,development_combined,Arnoldi FPLS,ok,ok,True,5,8,calibrate:009,calibrate,9,184.89999389648438,185.89484682577063,0.9948529292862531,156
development_source_contiguous_cv,primary_instrument1_full,primary,1,1,1,development_combined,Arnoldi FPLS,ok,ok,True,5,9,calibrate:010,calibrate,10,181.10000610351562,178.03096780864493,-3.069038294870694,156
development_source_contiguous_cv,primary_instrument1_full,primary,1,1,1,development_combined,Arnoldi FPLS,ok,ok,True,5,10,calibrate:011,calibrate,11,221.8000030517578,216.81088386893452,-4.989119182823288,156
development_source_contiguous_cv,primary_instrument1_full,primary,1,1,1,development_combined,Arnoldi FPLS,ok,ok,True,5,11,calibrate:012,calibrate,12,162.0,161.99055528837246,-0.009444711627537572,156
development_source_contiguous_cv,primary_instrument1_full,primary,1,1,1,development_combined,Arnoldi FPLS,ok,ok,True,5,12,calibrate:013,calibrate,13,176.3000030517578,178.3117979320785,2.0117948803206787,156
development_source_contiguous_cv,primary_instrument1_full,primary,1,1,1,development_combined,Arnoldi FPLS,ok,ok,True,5,13,calibrate:014,calibrate,14,221.3000030517578,217.37362122200327,-3.926381829754547,156
development_source_contiguous_cv,primary_instrument1_full,primary,1,1,1,development_combined,Arnoldi FPLS,ok,ok,True,5,14,calibrate:015,calibrate,15,220.10000610351562,216.4362061665345,-3.663799936981121,156
development_source_contiguous_cv,primary_instrument1_full,primary,1,1,1,development_combined,Arnoldi FPLS,ok,ok,True,5,15,calibrate:016,calibrate,16,173.8000030517578,175.69284800842564,1.8928449566678296,156
development_source_contiguous_cv,primary_instrument1_full,primary,1,1,1,development_combined,Arnoldi FPLS,ok,ok,True,5,16,calibrate:017,calibrate,17,222.5,217.77483108686522,-4.72516891313478,156
development_source_contiguous_cv,primary_instrument1_full,primary,1,1,1,development_combined,Arnoldi FPLS,ok,ok,True,5,17,calibrate:018,calibrate,18,221.89999389648438,219.11820061367038,-2.781793282813993,156
development_source_contiguous_cv,primary_instrument1_full,primary,1,1,1,development_combined,Arnoldi FPLS,ok,ok,True,5,18,calibrate:019,calibrate,19,159.5,177.99419782409328,18.494197824093277,156
development_source_contiguous_cv,primary_instrument1_full,primary,1,1,1,development_combined,Arnoldi FPLS,ok,ok,True,5,19,calibrate:020,calibrate,20,159.3000030517578,160.18577784972385,0.885774797966036,156
development_source_contiguous_cv,primary_instrument1_full,primary,1,1,1,development_combined,Arnoldi FPLS,ok,ok,True,5,20,calibrate:021,calibrate,21,183.1999969482422,184.62066811060834,1.4206711623661477,156
development_source_contiguous_cv,primary_instrument1_full,primary,1,1,1,development_combined,Arnoldi FPLS,ok,ok,True,5,21,calibrate:022,calibrate,22,185.89999389648438,185.42268287837314,-0.4773110181112372,156
development_source_contiguous_cv,primary_instrument1_full,primary,1,1,1,development_combined,Arnoldi FPLS,ok,ok,True,5,22,calibrate:023,calibrate,23,220.6999969482422,216.8836621988829,-3.8163347493592994,156
development_source_contiguous_cv,primary_instrument1_full,primary,1,1,1,development_combined,Arnoldi FPLS,ok,ok,True,5,23,calibrate:024,calibrate,24,190.1999969482422,187.3173554213898,-2.8826415268523817,156
development_source_contiguous_cv,primary_instrument1_full,primary,1,1,1,development_combined,Arnoldi FPLS,ok,ok,True,5,24,calibrate:025,calibrate,25,177.1999969482422,176.16063086692745,-1.0393660813147392,156
development_source_contiguous_cv,primary_instrument1_full,primary,1,1,1,development_combined,Arnoldi FPLS,ok,ok,True,5,25,calibrate:026,calibrate,26,214.3000030517578,215.75168345011213,1.4516803983543127,156
development_source_contiguous_cv,primary_instrument1_full,primary,1,1,1,development_combined,Arnoldi FPLS,ok,ok,True,5,26,calibrate:027,calibrate,27,209.1999969482422,204.84251870991642,-4.357478238325768,156
development_source_contiguous_cv,primary_instrument1_full,primary,1,1,1,development_combined,Arnoldi FPLS,ok,ok,True,5,27,calibrate:028,calibrate,28,175.8000030517578,176.50671386271617,0.7067108109583558,156
development_source_contiguous_cv,primary_instrument1_full,primary,1,1,1,development_combined,Arnoldi FPLS,ok,ok,True,5,28,calibrate:029,calibrate,29,222.5,218.2389571204019,-4.261042879598108,156
development_source_contiguous_cv,primary_instrument1_full,primary,1,1,1,development_combined,Arnoldi FPLS,ok,ok,True,5,29,calibrate:030,calibrate,30,236.39999389648438,239.21812591517732,2.8181320186929497,156
development_source_contiguous_cv,primary_instrument1_full,primary,1,1,1,development_combined,Arnoldi FPLS,ok,ok,True,5,30,calibrate:031,calibrate,31,184.1999969482422,188.1384850828547,3.9384881346124985,156
development_source_contiguous_cv,primary_instrument1_full,primary,1,1,1,development_combined,Arnoldi FPLS,ok,ok,True,5,155,validate:001,validate,1,189.0,191.97263993006442,2.9726399300644175,156
development_source_contiguous_cv,primary_instrument1_full,primary,1,1,1,development_combined,Arnoldi FPLS,ok,ok,True,5,156,validate:002,validate,2,188.1999969482422,192.2049270118667,4.004930063624499,156
development_source_contiguous_cv,primary_instrument1_full,primary,1,1,1,development_combined,Arnoldi FPLS,ok,ok,True,5,157,validate:003,validate,3,191.89999389648438,198.55050463711726,6.650510740632882,156
development_source_contiguous_cv,primary_instrument1_full,primary,1,1,1,development_combined,Arnoldi FPLS,ok,ok,True,5,158,validate:004,validate,4,189.39999389648438,192.92260814274297,3.5226142462585983,156
development_source_contiguous_cv,primary_instrument1_full,primary,1,1,1,development_combined,Arnoldi FPLS,ok,ok,True,5,159,validate:005,validate,5,195.1999969482422,195.00337376449485,-0.19662318374733445,156
development_source_contiguous_cv,primary_instrument1_full,primary,1,1,1,development_combined,Arnoldi FPLS,ok,ok,True,5,160,validate:006,validate,6,194.5,191.74762001754377,-2.752379982456233,156
development_source_contiguous_cv,primary_instrument1_full,primary,1,1,1,development_combined,Arnoldi FPLS,ok,ok,True,5,161,validate:007,validate,7,195.89999389648438,193.21487296614376,-2.6851209303406165,156
development_source_contiguous_cv,primary_instrument1_full,primary,1,1,1,development_combined,Arnoldi FPLS,ok,ok,True,5,162,validate:008,validate,8,194.89999389648438,192.23011518905176,-2.6698787074326162,156
development_source_contiguous_cv,primary_instrument1_full,primary,1,1,1,development_combined,FPCR,ok,ok,True,7,0,calibrate:001,calibrate,1,200.10000610351562,193.62377829675376,-6.4762278067618695,156
development_source_contiguous_cv,primary_instrument1_full,primary,1,1,1,development_combined,FPCR,ok,ok,True,7,1,calibrate:002,calibrate,2,198.6999969482422,194.04908765645774,-4.650909291784444,156
development_source_contiguous_cv,primary_instrument1_full,primary,1,1,1,development_combined,FPCR,ok,ok,True,7,2,calibrate:003,calibrate,3,201.39999389648438,194.2103952567975,-7.189598639686864,156
development_source_contiguous_cv,primary_instrument1_full,primary,1,1,1,development_combined,FPCR,ok,ok,True,7,3,calibrate:004,calibrate,4,199.89999389648438,192.1485500743649,-7.751443822119484,156
development_source_contiguous_cv,primary_instrument1_full,primary,1,1,1,development_combined,FPCR,ok,ok,True,7,4,calibrate:005,calibrate,5,199.3000030517578,195.38722706664421,-3.9127759851135977,156
development_source_contiguous_cv,primary_instrument1_full,primary,1,1,1,development_combined,FPCR,ok,ok,True,7,5,calibrate:006,calibrate,6,198.3000030517578,192.3016948139201,-5.998308237837705,156
development_source_contiguous_cv,primary_instrument1_full,primary,1,1,1,development_combined,FPCR,ok,ok,True,7,6,calibrate:007,calibrate,7,200.10000610351562,196.5783440991397,-3.521662004375912,156
development_source_contiguous_cv,primary_instrument1_full,primary,1,1,1,development_combined,FPCR,ok,ok,True,7,7,calibrate:008,calibrate,8,207.6999969482422,203.7702891458807,-3.9297078023614915,156
development_source_contiguous_cv,primary_instrument1_full,primary,1,1,1,development_combined,FPCR,ok,ok,True,7,8,calibrate:009,calibrate,9,184.89999389648438,186.15584874405928,1.2558548475749092,156
development_source_contiguous_cv,primary_instrument1_full,primary,1,1,1,development_combined,FPCR,ok,ok,True,7,9,calibrate:010,calibrate,10,181.10000610351562,177.2710323266958,-3.828973776819822,156
development_source_contiguous_cv,primary_instrument1_full,primary,1,1,1,development_combined,FPCR,ok,ok,True,7,10,calibrate:011,calibrate,11,221.8000030517578,217.6346522430877,-4.1653508086701265,156
development_source_contiguous_cv,primary_instrument1_full,primary,1,1,1,development_combined,FPCR,ok,ok,True,7,11,calibrate:012,calibrate,12,162.0,161.01697772175174,-0.9830222782482565,156
development_source_contiguous_cv,primary_instrument1_full,primary,1,1,1,development_combined,FPCR,ok,ok,True,7,12,calibrate:013,calibrate,13,176.3000030517578,178.4041885251003,2.1041854733424827,156
development_source_contiguous_cv,primary_instrument1_full,primary,1,1,1,development_combined,FPCR,ok,ok,True,7,13,calibrate:014,calibrate,14,221.3000030517578,216.88711095501677,-4.4128920967410465,156
development_source_contiguous_cv,primary_instrument1_full,primary,1,1,1,development_combined,FPCR,ok,ok,True,7,14,calibrate:015,calibrate,15,220.10000610351562,217.5523470632939,-2.547659040221731,156
development_source_contiguous_cv,primary_instrument1_full,primary,1,1,1,development_combined,FPCR,ok,ok,True,7,15,calibrate:016,calibrate,16,173.8000030517578,177.34986569342857,3.5498626416707566,156
development_source_contiguous_cv,primary_instrument1_full,primary,1,1,1,development_combined,FPCR,ok,ok,True,7,16,calibrate:017,calibrate,17,222.5,216.7774026216792,-5.722597378320813,156
development_source_contiguous_cv,primary_instrument1_full,primary,1,1,1,development_combined,FPCR,ok,ok,True,7,17,calibrate:018,calibrate,18,221.89999389648438,219.31070930150645,-2.5892845949779257,156
development_source_contiguous_cv,primary_instrument1_full,primary,1,1,1,development_combined,FPCR,ok,ok,True,7,18,calibrate:019,calibrate,19,159.5,177.8652155242525,18.365215524252505,156
development_source_contiguous_cv,primary_instrument1_full,primary,1,1,1,development_combined,FPCR,ok,ok,True,7,19,calibrate:020,calibrate,20,159.3000030517578,160.73805045494842,1.438047403190609,156
development_source_contiguous_cv,primary_instrument1_full,primary,1,1,1,development_combined,FPCR,ok,ok,True,7,20,calibrate:021,calibrate,21,183.1999969482422,183.28578305562286,0.08578610738067027,156
development_source_contiguous_cv,primary_instrument1_full,primary,1,1,1,development_combined,FPCR,ok,ok,True,7,21,calibrate:022,calibrate,22,185.89999389648438,185.414953586449,-0.48504031003537307,156
development_source_contiguous_cv,primary_instrument1_full,primary,1,1,1,development_combined,FPCR,ok,ok,True,7,22,calibrate:023,calibrate,23,220.6999969482422,217.58386781150207,-3.1161291367401134,156
development_source_contiguous_cv,primary_instrument1_full,primary,1,1,1,development_combined,FPCR,ok,ok,True,7,23,calibrate:024,calibrate,24,190.1999969482422,185.3495850225703,-4.850411925671892,156
development_source_contiguous_cv,primary_instrument1_full,primary,1,1,1,development_combined,FPCR,ok,ok,True,7,24,calibrate:025,calibrate,25,177.1999969482422,176.0659522458062,-1.1340447024360003,156
development_source_contiguous_cv,primary_instrument1_full,primary,1,1,1,development_combined,FPCR,ok,ok,True,7,25,calibrate:026,calibrate,26,214.3000030517578,216.47015405644413,2.1701510046863177,156
development_source_contiguous_cv,primary_instrument1_full,primary,1,1,1,development_combined,FPCR,ok,ok,True,7,26,calibrate:027,calibrate,27,209.1999969482422,204.44700067884102,-4.752996269401166,156
development_source_contiguous_cv,primary_instrument1_full,primary,1,1,1,development_combined,FPCR,ok,ok,True,7,27,calibrate:028,calibrate,28,175.8000030517578,175.8665402840226,0.06653723226477837,156
development_source_contiguous_cv,primary_instrument1_full,primary,1,1,1,development_combined,FPCR,ok,ok,True,7,28,calibrate:029,calibrate,29,222.5,216.3348109712843,-6.165189028715702,156
development_source_contiguous_cv,primary_instrument1_full,primary,1,1,1,development_combined,FPCR,ok,ok,True,7,29,calibrate:030,calibrate,30,236.39999389648438,237.4162662014592,1.0162723049748195,156
development_source_contiguous_cv,primary_instrument1_full,primary,1,1,1,development_combined,FPCR,ok,ok,True,7,30,calibrate:031,calibrate,31,184.1999969482422,187.71990073989087,3.5199037916486873,156
development_source_contiguous_cv,primary_instrument1_full,primary,1,1,1,development_combined,FPCR,ok,ok,True,7,155,validate:001,validate,1,189.0,191.84000941289227,2.8400094128922717,156
development_source_contiguous_cv,primary_instrument1_full,primary,1,1,1,development_combined,FPCR,ok,ok,True,7,156,validate:002,validate,2,188.1999969482422,192.4764430254078,4.276446077165616,156
development_source_contiguous_cv,primary_instrument1_full,primary,1,1,1,development_combined,FPCR,ok,ok,True,7,157,validate:003,validate,3,191.89999389648438,197.62315718558017,5.723163289095794,156
development_source_contiguous_cv,primary_instrument1_full,primary,1,1,1,development_combined,FPCR,ok,ok,True,7,158,validate:004,validate,4,189.39999389648438,192.58645214903228,3.186458252547908,156
development_source_contiguous_cv,primary_instrument1_full,primary,1,1,1,development_combined,FPCR,ok,ok,True,7,159,validate:005,validate,5,195.1999969482422,194.80502925640153,-0.3949676918406624,156
development_source_contiguous_cv,primary_instrument1_full,primary,1,1,1,development_combined,FPCR,ok,ok,True,7,160,validate:006,validate,6,194.5,191.87992726709015,-2.620072732909847,156
development_source_contiguous_cv,primary_instrument1_full,primary,1,1,1,development_combined,FPCR,ok,ok,True,7,161,validate:007,validate,7,195.89999389648438,195.16267096811876,-0.7373229283656144,156
development_source_contiguous_cv,primary_instrument1_full,primary,1,1,1,development_combined,FPCR,ok,ok,True,7,162,validate:008,validate,8,194.89999389648438,192.72562467592599,-2.1743692205583898,156
development_source_contiguous_cv,primary_instrument1_full,primary,1,1,2,development_combined,CG-FPLS-code,ok,ok,True,3,31,calibrate:032,calibrate,32,158.8000030517578,162.01786912062548,3.2178660688676644,156
development_source_contiguous_cv,primary_instrument1_full,primary,1,1,2,development_combined,CG-FPLS-code,ok,ok,True,3,32,calibrate:033,calibrate,33,183.0,188.27168360240356,5.271683602403556,156
development_source_contiguous_cv,primary_instrument1_full,primary,1,1,2,development_combined,CG-FPLS-code,ok,ok,True,3,33,calibrate:034,calibrate,34,231.89999389648438,232.74167683900296,0.8416829425185881,156
development_source_contiguous_cv,primary_instrument1_full,primary,1,1,2,development_combined,CG-FPLS-code,ok,ok,True,3,34,calibrate:035,calibrate,35,218.0,214.58451602657775,-3.415483973422255,156
development_source_contiguous_cv,primary_instrument1_full,primary,1,1,2,development_combined,CG-FPLS-code,ok,ok,True,3,35,calibrate:036,calibrate,36,177.0,173.1257960381109,-3.874203961889094,156
development_source_contiguous_cv,primary_instrument1_full,primary,1,1,2,development_combined,CG-FPLS-code,ok,ok,True,3,36,calibrate:037,calibrate,37,177.5,176.86912233328917,-0.6308776667108305,156
development_source_contiguous_cv,primary_instrument1_full,primary,1,1,2,development_combined,CG-FPLS-code,ok,ok,True,3,37,calibrate:038,calibrate,38,208.8000030517578,201.8997307804326,-6.900272271325207,156
development_source_contiguous_cv,primary_instrument1_full,primary,1,1,2,development_combined,CG-FPLS-code,ok,ok,True,3,38,calibrate:039,calibrate,39,214.10000610351562,222.1801317832925,8.08012567977687,156
development_source_contiguous_cv,primary_instrument1_full,primary,1,1,2,development_combined,CG-FPLS-code,ok,ok,True,3,39,calibrate:040,calibrate,40,174.10000610351562,177.42006707564363,3.3200609721280046,156
development_source_contiguous_cv,primary_instrument1_full,primary,1,1,2,development_combined,CG-FPLS-code,ok,ok,True,3,40,calibrate:041,calibrate,41,206.60000610351562,204.26833238673635,-2.331673716779278,156
development_source_contiguous_cv,primary_instrument1_full,primary,1,1,2,development_combined,CG-FPLS-code,ok,ok,True,3,41,calibrate:042,calibrate,42,187.5,186.3216447176348,-1.178355282365203,156
development_source_contiguous_cv,primary_instrument1_full,primary,1,1,2,development_combined,CG-FPLS-code,ok,ok,True,3,42,calibrate:043,calibrate,43,159.60000610351562,163.53595397881838,3.935947875302759,156
development_source_contiguous_cv,primary_instrument1_full,primary,1,1,2,development_combined,CG-FPLS-code,ok,ok,True,3,43,calibrate:044,calibrate,44,186.89999389648438,185.9267510813527,-0.9732428151316697,156
development_source_contiguous_cv,primary_instrument1_full,primary,1,1,2,development_combined,CG-FPLS-code,ok,ok,True,3,44,calibrate:045,calibrate,45,181.10000610351562,186.09656814059727,4.996562037081645,156
development_source_contiguous_cv,primary_instrument1_full,primary,1,1,2,development_combined,CG-FPLS-code,ok,ok,True,3,45,calibrate:046,calibrate,46,186.8000030517578,182.91394176741812,-3.8860612843396893,156
development_source_contiguous_cv,primary_instrument1_full,primary,1,1,2,development_combined,CG-FPLS-code,ok,ok,True,3,46,calibrate:047,calibrate,47,158.0,165.1400143522349,7.140014352234914,156
development_source_contiguous_cv,primary_instrument1_full,primary,1,1,2,development_combined,CG-FPLS-code,ok,ok,True,3,47,calibrate:048,calibrate,48,156.8000030517578,162.10066673635578,5.300663684597964,156
development_source_contiguous_cv,primary_instrument1_full,primary,1,1,2,development_combined,CG-FPLS-code,ok,ok,True,3,48,calibrate:049,calibrate,49,186.3000030517578,191.04103006704767,4.741027015289859,156
development_source_contiguous_cv,primary_instrument1_full,primary,1,1,2,development_combined,CG-FPLS-code,ok,ok,True,3,49,calibrate:050,calibrate,50,220.5,220.4930047873729,-0.006995212627089131,156
development_source_contiguous_cv,primary_instrument1_full,primary,1,1,2,development_combined,CG-FPLS-code,ok,ok,True,3,50,calibrate:051,calibrate,51,188.3000030517578,187.69345937455483,-0.6065436772029784,156
development_source_contiguous_cv,primary_instrument1_full,primary,1,1,2,development_combined,CG-FPLS-code,ok,ok,True,3,51,calibrate:052,calibrate,52,231.89999389648438,224.96757869090436,-6.932415205580014,156
development_source_contiguous_cv,primary_instrument1_full,primary,1,1,2,development_combined,CG-FPLS-code,ok,ok,True,3,52,calibrate:053,calibrate,53,171.39999389648438,176.89615098714063,5.496157090656254,156
development_source_contiguous_cv,primary_instrument1_full,primary,1,1,2,development_combined,CG-FPLS-code,ok,ok,True,3,53,calibrate:054,calibrate,54,221.5,214.55679753737115,-6.943202462628847,156
development_source_contiguous_cv,primary_instrument1_full,primary,1,1,2,development_combined,CG-FPLS-code,ok,ok,True,3,54,calibrate:055,calibrate,55,188.10000610351562,184.92428216530232,-3.1757239382133093,156
development_source_contiguous_cv,primary_instrument1_full,primary,1,1,2,development_combined,CG-FPLS-code,ok,ok,True,3,55,calibrate:056,calibrate,56,157.5,165.03231634334844,7.532316343348441,156
development_source_contiguous_cv,primary_instrument1_full,primary,1,1,2,development_combined,CG-FPLS-code,ok,ok,True,3,56,calibrate:057,calibrate,57,222.3000030517578,220.56999584466823,-1.730007207089585,156
development_source_contiguous_cv,primary_instrument1_full,primary,1,1,2,development_combined,CG-FPLS-code,ok,ok,True,3,57,calibrate:058,calibrate,58,157.60000610351562,164.59353270603378,6.993526602518159,156
development_source_contiguous_cv,primary_instrument1_full,primary,1,1,2,development_combined,CG-FPLS-code,ok,ok,True,3,58,calibrate:059,calibrate,59,155.1999969482422,159.27332005818994,4.073323109947751,156
development_source_contiguous_cv,primary_instrument1_full,primary,1,1,2,development_combined,CG-FPLS-code,ok,ok,True,3,59,calibrate:060,calibrate,60,172.3000030517578,179.71282907413087,7.4128260223730535,156
development_source_contiguous_cv,primary_instrument1_full,primary,1,1,2,development_combined,CG-FPLS-code,ok,ok,True,3,60,calibrate:061,calibrate,61,176.89999389648438,175.87173478182032,-1.0282591146640527,156
development_source_contiguous_cv,primary_instrument1_full,primary,1,1,2,development_combined,CG-FPLS-code,ok,ok,True,3,61,calibrate:062,calibrate,62,176.6999969482422,179.04367746212884,2.343680513886653,156
development_source_contiguous_cv,primary_instrument1_full,primary,1,1,2,development_combined,CG-FPLS-code,ok,ok,True,3,163,validate:009,validate,9,195.8000030517578,192.6698305382573,-3.1301725135005256,156
development_source_contiguous_cv,primary_instrument1_full,primary,1,1,2,development_combined,CG-FPLS-code,ok,ok,True,3,164,validate:010,validate,10,193.8000030517578,196.7594487392995,2.959445687541688,156
development_source_contiguous_cv,primary_instrument1_full,primary,1,1,2,development_combined,CG-FPLS-code,ok,ok,True,3,165,validate:011,validate,11,195.10000610351562,189.44247395697846,-5.657532146537164,156
development_source_contiguous_cv,primary_instrument1_full,primary,1,1,2,development_combined,CG-FPLS-code,ok,ok,True,3,166,validate:012,validate,12,193.8000030517578,189.52351090904176,-4.276492142716052,156
development_source_contiguous_cv,primary_instrument1_full,primary,1,1,2,development_combined,CG-FPLS-code,ok,ok,True,3,167,validate:013,validate,13,194.5,199.99909061105657,5.499090611056573,156
development_source_contiguous_cv,primary_instrument1_full,primary,1,1,2,development_combined,CG-FPLS-code,ok,ok,True,3,168,validate:014,validate,14,197.5,198.04226331957838,0.5422633195783817,156
development_source_contiguous_cv,primary_instrument1_full,primary,1,1,2,development_combined,CG-FPLS-code,ok,ok,True,3,169,validate:015,validate,15,195.10000610351562,196.756824750441,1.6568186469253874,156
development_source_contiguous_cv,primary_instrument1_full,primary,1,1,2,development_combined,CG-FPLS-code,ok,ok,True,3,170,validate:016,validate,16,193.60000610351562,196.47199258677065,2.8719864832550286,156
development_source_contiguous_cv,primary_instrument1_full,primary,1,1,2,development_combined,Raw FPLS,ok,ok,True,64,31,calibrate:032,calibrate,32,158.8000030517578,161.3401674636416,2.5401644118837794,156
development_source_contiguous_cv,primary_instrument1_full,primary,1,1,2,development_combined,Raw FPLS,ok,ok,True,64,32,calibrate:033,calibrate,33,183.0,187.58089521082607,4.580895210826071,156
development_source_contiguous_cv,primary_instrument1_full,primary,1,1,2,development_combined,Raw FPLS,ok,ok,True,64,33,calibrate:034,calibrate,34,231.89999389648438,236.27472173230277,4.3747278358183905,156
development_source_contiguous_cv,primary_instrument1_full,primary,1,1,2,development_combined,Raw FPLS,ok,ok,True,64,34,calibrate:035,calibrate,35,218.0,217.47111743070312,-0.5288825692968828,156
development_source_contiguous_cv,primary_instrument1_full,primary,1,1,2,development_combined,Raw FPLS,ok,ok,True,64,35,calibrate:036,calibrate,36,177.0,176.67241775426766,-0.3275822457323443,156
development_source_contiguous_cv,primary_instrument1_full,primary,1,1,2,development_combined,Raw FPLS,ok,ok,True,64,36,calibrate:037,calibrate,37,177.5,177.91460304557822,0.41460304557821814,156
development_source_contiguous_cv,primary_instrument1_full,primary,1,1,2,development_combined,Raw FPLS,ok,ok,True,64,37,calibrate:038,calibrate,38,208.8000030517578,205.08883165278485,-3.711171398972965,156
development_source_contiguous_cv,primary_instrument1_full,primary,1,1,2,development_combined,Raw FPLS,ok,ok,True,64,38,calibrate:039,calibrate,39,214.10000610351562,222.59137121082517,8.491365107309548,156
development_source_contiguous_cv,primary_instrument1_full,primary,1,1,2,development_combined,Raw FPLS,ok,ok,True,64,39,calibrate:040,calibrate,40,174.10000610351562,177.10363774034326,3.0036316368276346,156
development_source_contiguous_cv,primary_instrument1_full,primary,1,1,2,development_combined,Raw FPLS,ok,ok,True,64,40,calibrate:041,calibrate,41,206.60000610351562,205.94895573374794,-0.6510503697676882,156
development_source_contiguous_cv,primary_instrument1_full,primary,1,1,2,development_combined,Raw FPLS,ok,ok,True,64,41,calibrate:042,calibrate,42,187.5,187.49811623091992,-0.0018837690800808105,156
development_source_contiguous_cv,primary_instrument1_full,primary,1,1,2,development_combined,Raw FPLS,ok,ok,True,64,42,calibrate:043,calibrate,43,159.60000610351562,162.85179355683982,3.251787453324198,156
development_source_contiguous_cv,primary_instrument1_full,primary,1,1,2,development_combined,Raw FPLS,ok,ok,True,64,43,calibrate:044,calibrate,44,186.89999389648438,188.7324989520522,1.8325050555678217,156
development_source_contiguous_cv,primary_instrument1_full,primary,1,1,2,development_combined,Raw FPLS,ok,ok,True,64,44,calibrate:045,calibrate,45,181.10000610351562,186.6209352308395,5.520929127323882,156
development_source_contiguous_cv,primary_instrument1_full,primary,1,1,2,development_combined,Raw FPLS,ok,ok,True,64,45,calibrate:046,calibrate,46,186.8000030517578,182.71888238253374,-4.081120669224077,156
development_source_contiguous_cv,primary_instrument1_full,primary,1,1,2,development_combined,Raw FPLS,ok,ok,True,64,46,calibrate:047,calibrate,47,158.0,159.7892473195525,1.7892473195524872,156
development_source_contiguous_cv,primary_instrument1_full,primary,1,1,2,development_combined,Raw FPLS,ok,ok,True,64,47,calibrate:048,calibrate,48,156.8000030517578,159.00644804680184,2.2064449950440235,156
development_source_contiguous_cv,primary_instrument1_full,primary,1,1,2,development_combined,Raw FPLS,ok,ok,True,64,48,calibrate:049,calibrate,49,186.3000030517578,186.255051904837,-0.04495114692082325,156
development_source_contiguous_cv,primary_instrument1_full,primary,1,1,2,development_combined,Raw FPLS,ok,ok,True,64,49,calibrate:050,calibrate,50,220.5,217.55788535305192,-2.9421146469480846,156
development_source_contiguous_cv,primary_instrument1_full,primary,1,1,2,development_combined,Raw FPLS,ok,ok,True,64,50,calibrate:051,calibrate,51,188.3000030517578,186.80248029906932,-1.4975227526884964,156
development_source_contiguous_cv,primary_instrument1_full,primary,1,1,2,development_combined,Raw FPLS,ok,ok,True,64,51,calibrate:052,calibrate,52,231.89999389648438,232.766857909323,0.8668640128386187,156
development_source_contiguous_cv,primary_instrument1_full,primary,1,1,2,development_combined,Raw FPLS,ok,ok,True,64,52,calibrate:053,calibrate,53,171.39999389648438,178.23898944421342,6.838995547729041,156
development_source_contiguous_cv,primary_instrument1_full,primary,1,1,2,development_combined,Raw FPLS,ok,ok,True,64,53,calibrate:054,calibrate,54,221.5,218.01350539495326,-3.486494605046744,156
development_source_contiguous_cv,primary_instrument1_full,primary,1,1,2,development_combined,Raw FPLS,ok,ok,True,64,54,calibrate:055,calibrate,55,188.10000610351562,185.87948569223963,-2.2205204112759986,156
development_source_contiguous_cv,primary_instrument1_full,primary,1,1,2,development_combined,Raw FPLS,ok,ok,True,64,55,calibrate:056,calibrate,56,157.5,161.57618462765575,4.076184627655749,156
development_source_contiguous_cv,primary_instrument1_full,primary,1,1,2,development_combined,Raw FPLS,ok,ok,True,64,56,calibrate:057,calibrate,57,222.3000030517578,219.668507895448,-2.631495156309825,156
development_source_contiguous_cv,primary_instrument1_full,primary,1,1,2,development_combined,Raw FPLS,ok,ok,True,64,57,calibrate:058,calibrate,58,157.60000610351562,163.51963296174728,5.919626858231652,156
development_source_contiguous_cv,primary_instrument1_full,primary,1,1,2,development_combined,Raw FPLS,ok,ok,True,64,58,calibrate:059,calibrate,59,155.1999969482422,160.35026470559094,5.150267757348757,156
development_source_contiguous_cv,primary_instrument1_full,primary,1,1,2,development_combined,Raw FPLS,ok,ok,True,64,59,calibrate:060,calibrate,60,172.3000030517578,174.5977157130618,2.29771266130399,156
development_source_contiguous_cv,primary_instrument1_full,primary,1,1,2,development_combined,Raw FPLS,ok,ok,True,64,60,calibrate:061,calibrate,61,176.89999389648438,177.1414262927109,0.24143239622651436,156
development_source_contiguous_cv,primary_instrument1_full,primary,1,1,2,development_combined,Raw FPLS,ok,ok,True,64,61,calibrate:062,calibrate,62,176.6999969482422,178.78576124964422,2.085764301402037,156
development_source_contiguous_cv,primary_instrument1_full,primary,1,1,2,development_combined,Raw FPLS,ok,ok,True,64,163,validate:009,validate,9,195.8000030517578,194.50482840237117,-1.295174649386638,156
development_source_contiguous_cv,primary_instrument1_full,primary,1,1,2,development_combined,Raw FPLS,ok,ok,True,64,164,validate:010,validate,10,193.8000030517578,189.6186709046102,-4.1813321471476,156
development_source_contiguous_cv,primary_instrument1_full,primary,1,1,2,development_combined,Raw FPLS,ok,ok,True,64,165,validate:011,validate,11,195.10000610351562,193.34671237448157,-1.7532937290340556,156
development_source_contiguous_cv,primary_instrument1_full,primary,1,1,2,development_combined,Raw FPLS,ok,ok,True,64,166,validate:012,validate,12,193.8000030517578,191.64906682794137,-2.1509362238164442,156
development_source_contiguous_cv,primary_instrument1_full,primary,1,1,2,development_combined,Raw FPLS,ok,ok,True,64,167,validate:013,validate,13,194.5,194.4670800140794,-0.03291998592061418,156
development_source_contiguous_cv,primary_instrument1_full,primary,1,1,2,development_combined,Raw FPLS,ok,ok,True,64,168,validate:014,validate,14,197.5,193.42326934480297,-4.076730655197025,156
development_source_contiguous_cv,primary_instrument1_full,primary,1,1,2,development_combined,Raw FPLS,ok,ok,True,64,169,validate:015,validate,15,195.10000610351562,190.87691549396942,-4.223090609546205,156
development_source_contiguous_cv,primary_instrument1_full,primary,1,1,2,development_combined,Raw FPLS,ok,ok,True,64,170,validate:016,validate,16,193.60000610351562,192.32283518690326,-1.2771709166123628,156
development_source_contiguous_cv,primary_instrument1_full,primary,1,1,2,development_combined,Arnoldi FPLS,ok,ok,True,5,31,calibrate:032,calibrate,32,158.8000030517578,161.51235461817527,2.7123515664174533,156
development_source_contiguous_cv,primary_instrument1_full,primary,1,1,2,development_combined,Arnoldi FPLS,ok,ok,True,5,32,calibrate:033,calibrate,33,183.0,187.75441475508262,4.754414755082621,156
development_source_contiguous_cv,primary_instrument1_full,primary,1,1,2,development_combined,Arnoldi FPLS,ok,ok,True,5,33,calibrate:034,calibrate,34,231.89999389648438,236.26570824083112,4.365714344346742,156
development_source_contiguous_cv,primary_instrument1_full,primary,1,1,2,development_combined,Arnoldi FPLS,ok,ok,True,5,34,calibrate:035,calibrate,35,218.0,217.73828243450762,-0.26171756549237557,156
development_source_contiguous_cv,primary_instrument1_full,primary,1,1,2,development_combined,Arnoldi FPLS,ok,ok,True,5,35,calibrate:036,calibrate,36,177.0,176.97271871722089,-0.027281282779114235,156
development_source_contiguous_cv,primary_instrument1_full,primary,1,1,2,development_combined,Arnoldi FPLS,ok,ok,True,5,36,calibrate:037,calibrate,37,177.5,178.08468405062018,0.5846840506201829,156
development_source_contiguous_cv,primary_instrument1_full,primary,1,1,2,development_combined,Arnoldi FPLS,ok,ok,True,5,37,calibrate:038,calibrate,38,208.8000030517578,205.3246990557199,-3.4753039960379226,156
development_source_contiguous_cv,primary_instrument1_full,primary,1,1,2,development_combined,Arnoldi FPLS,ok,ok,True,5,38,calibrate:039,calibrate,39,214.10000610351562,222.32589447309348,8.22588836957786,156
development_source_contiguous_cv,primary_instrument1_full,primary,1,1,2,development_combined,Arnoldi FPLS,ok,ok,True,5,39,calibrate:040,calibrate,40,174.10000610351562,177.22999257727497,3.1299864737593452,156
development_source_contiguous_cv,primary_instrument1_full,primary,1,1,2,development_combined,Arnoldi FPLS,ok,ok,True,5,40,calibrate:041,calibrate,41,206.60000610351562,206.16617855583343,-0.4338275476821991,156
development_source_contiguous_cv,primary_instrument1_full,primary,1,1,2,development_combined,Arnoldi FPLS,ok,ok,True,5,41,calibrate:042,calibrate,42,187.5,187.7428524664883,0.2428524664883014,156
development_source_contiguous_cv,primary_instrument1_full,primary,1,1,2,development_combined,Arnoldi FPLS,ok,ok,True,5,42,calibrate:043,calibrate,43,159.60000610351562,163.0206119663708,3.420605862855183,156
development_source_contiguous_cv,primary_instrument1_full,primary,1,1,2,development_combined,Arnoldi FPLS,ok,ok,True,5,43,calibrate:044,calibrate,44,186.89999389648438,188.97078809356373,2.0707941970793513,156
development_source_contiguous_cv,primary_instrument1_full,primary,1,1,2,development_combined,Arnoldi FPLS,ok,ok,True,5,44,calibrate:045,calibrate,45,181.10000610351562,186.31312768565473,5.2131215821391095,156
development_source_contiguous_cv,primary_instrument1_full,primary,1,1,2,development_combined,Arnoldi FPLS,ok,ok,True,5,45,calibrate:046,calibrate,46,186.8000030517578,182.46542687717712,-4.33457617458069,156
development_source_contiguous_cv,primary_instrument1_full,primary,1,1,2,development_combined,Arnoldi FPLS,ok,ok,True,5,46,calibrate:047,calibrate,47,158.0,159.59864416789054,1.5986441678905408,156
development_source_contiguous_cv,primary_instrument1_full,primary,1,1,2,development_combined,Arnoldi FPLS,ok,ok,True,5,47,calibrate:048,calibrate,48,156.8000030517578,158.62639129741183,1.826388245654016,156
development_source_contiguous_cv,primary_instrument1_full,primary,1,1,2,development_combined,Arnoldi FPLS,ok,ok,True,5,48,calibrate:049,calibrate,49,186.3000030517578,186.05378333467578,-0.2462197170820275,156
development_source_contiguous_cv,primary_instrument1_full,primary,1,1,2,development_combined,Arnoldi FPLS,ok,ok,True,5,49,calibrate:050,calibrate,50,220.5,217.48698340158617,-3.0130165984138273,156
development_source_contiguous_cv,primary_instrument1_full,primary,1,1,2,development_combined,Arnoldi FPLS,ok,ok,True,5,50,calibrate:051,calibrate,51,188.3000030517578,186.42046846817416,-1.8795345835836486,156
development_source_contiguous_cv,primary_instrument1_full,primary,1,1,2,development_combined,Arnoldi FPLS,ok,ok,True,5,51,calibrate:052,calibrate,52,231.89999389648438,233.0604060488316,1.1604121523472202,156
development_source_contiguous_cv,primary_instrument1_full,primary,1,1,2,development_combined,Arnoldi FPLS,ok,ok,True,5,52,calibrate:053,calibrate,53,171.39999389648438,178.39802514535415,6.998031248869779,156
development_source_contiguous_cv,primary_instrument1_full,primary,1,1,2,development_combined,Arnoldi FPLS,ok,ok,True,5,53,calibrate:054,calibrate,54,221.5,218.28977049076633,-3.2102295092336703,156
development_source_contiguous_cv,primary_instrument1_full,primary,1,1,2,development_combined,Arnoldi FPLS,ok,ok,True,5,54,calibrate:055,calibrate,55,188.10000610351562,185.5419837375562,-2.558022365959431,156
development_source_contiguous_cv,primary_instrument1_full,primary,1,1,2,development_combined,Arnoldi FPLS,ok,ok,True,5,55,calibrate:056,calibrate,56,157.5,161.6791025366997,4.179102536699702,156
development_source_contiguous_cv,primary_instrument1_full,primary,1,1,2,development_combined,Arnoldi FPLS,ok,ok,True,5,56,calibrate:057,calibrate,57,222.3000030517578,219.56334785089635,-2.7366552008614633,156
development_source_contiguous_cv,primary_instrument1_full,primary,1,1,2,development_combined,Arnoldi FPLS,ok,ok,True,5,57,calibrate:058,calibrate,58,157.60000610351562,163.66831738209737,6.068311278581746,156
development_source_contiguous_cv,primary_instrument1_full,primary,1,1,2,development_combined,Arnoldi FPLS,ok,ok,True,5,58,calibrate:059,calibrate,59,155.1999969482422,160.59288207353467,5.39288512529248,156
development_source_contiguous_cv,primary_instrument1_full,primary,1,1,2,development_combined,Arnoldi FPLS,ok,ok,True,5,59,calibrate:060,calibrate,60,172.3000030517578,174.4051929223027,2.1051898705448764,156
development_source_contiguous_cv,primary_instrument1_full,primary,1,1,2,development_combined,Arnoldi FPLS,ok,ok,True,5,60,calibrate:061,calibrate,61,176.89999389648438,177.29430609334383,0.3943121968594596,156
development_source_contiguous_cv,primary_instrument1_full,primary,1,1,2,development_combined,Arnoldi FPLS,ok,ok,True,5,61,calibrate:062,calibrate,62,176.6999969482422,178.3907544941279,1.6907575458857025,156
development_source_contiguous_cv,primary_instrument1_full,primary,1,1,2,development_combined,Arnoldi FPLS,ok,ok,True,5,163,validate:009,validate,9,195.8000030517578,194.44388200127042,-1.3561210504873884,156
development_source_contiguous_cv,primary_instrument1_full,primary,1,1,2,development_combined,Arnoldi FPLS,ok,ok,True,5,164,validate:010,validate,10,193.8000030517578,189.5708398583721,-4.229163193385716,156
development_source_contiguous_cv,primary_instrument1_full,primary,1,1,2,development_combined,Arnoldi FPLS,ok,ok,True,5,165,validate:011,validate,11,195.10000610351562,193.63082389202603,-1.4691822114895956,156
development_source_contiguous_cv,primary_instrument1_full,primary,1,1,2,development_combined,Arnoldi FPLS,ok,ok,True,5,166,validate:012,validate,12,193.8000030517578,191.63253311371588,-2.1674699380419327,156
development_source_contiguous_cv,primary_instrument1_full,primary,1,1,2,development_combined,Arnoldi FPLS,ok,ok,True,5,167,validate:013,validate,13,194.5,194.4101707917328,-0.0898292082671901,156
development_source_contiguous_cv,primary_instrument1_full,primary,1,1,2,development_combined,Arnoldi FPLS,ok,ok,True,5,168,validate:014,validate,14,197.5,193.29848223785564,-4.201517762144363,156
development_source_contiguous_cv,primary_instrument1_full,primary,1,1,2,development_combined,Arnoldi FPLS,ok,ok,True,5,169,validate:015,validate,15,195.10000610351562,190.7657597819732,-4.334246321542423,156
development_source_contiguous_cv,primary_instrument1_full,primary,1,1,2,development_combined,Arnoldi FPLS,ok,ok,True,5,170,validate:016,validate,16,193.60000610351562,192.28530068178503,-1.3147054217305936,156
development_source_contiguous_cv,primary_instrument1_full,primary,1,1,2,development_combined,FPCR,ok,ok,True,23,31,calibrate:032,calibrate,32,158.8000030517578,161.41043070992373,2.610427658165918,156
development_source_contiguous_cv,primary_instrument1_full,primary,1,1,2,development_combined,FPCR,ok,ok,True,23,32,calibrate:033,calibrate,33,183.0,185.49203741251873,2.4920374125187266,156
development_source_contiguous_cv,primary_instrument1_full,primary,1,1,2,development_combined,FPCR,ok,ok,True,23,33,calibrate:034,calibrate,34,231.89999389648438,239.2476930300947,7.34769913361032,156
development_source_contiguous_cv,primary_instrument1_full,primary,1,1,2,development_combined,FPCR,ok,ok,True,23,34,calibrate:035,calibrate,35,218.0,218.5379844358324,0.5379844358324135,156
development_source_contiguous_cv,primary_instrument1_full,primary,1,1,2,development_combined,FPCR,ok,ok,True,23,35,calibrate:036,calibrate,36,177.0,177.3838725478457,0.3838725478456979,156
development_source_contiguous_cv,primary_instrument1_full,primary,1,1,2,development_combined,FPCR,ok,ok,True,23,36,calibrate:037,calibrate,37,177.5,177.91978857545539,0.41978857545538517,156
development_source_contiguous_cv,primary_instrument1_full,primary,1,1,2,development_combined,FPCR,ok,ok,True,23,37,calibrate:038,calibrate,38,208.8000030517578,207.13709677748236,-1.662906274275457,156
development_source_contiguous_cv,primary_instrument1_full,primary,1,1,2,development_combined,FPCR,ok,ok,True,23,38,calibrate:039,calibrate,39,214.10000610351562,216.81443772059026,2.714431617074638,156
development_source_contiguous_cv,primary_instrument1_full,primary,1,1,2,development_combined,FPCR,ok,ok,True,23,39,calibrate:040,calibrate,40,174.10000610351562,174.48261677110227,0.38261066758664697,156
development_source_contiguous_cv,primary_instrument1_full,primary,1,1,2,development_combined,FPCR,ok,ok,True,23,40,calibrate:041,calibrate,41,206.60000610351562,205.72329244957888,-0.876713653936747,156
development_source_contiguous_cv,primary_instrument1_full,primary,1,1,2,development_combined,FPCR,ok,ok,True,23,41,calibrate:042,calibrate,42,187.5,188.9485712067509,1.4485712067508985,156
development_source_contiguous_cv,primary_instrument1_full,primary,1,1,2,development_combined,FPCR,ok,ok,True,23,42,calibrate:043,calibrate,43,159.60000610351562,164.61169665595062,5.011690552434999,156
development_source_contiguous_cv,primary_instrument1_full,primary,1,1,2,development_combined,FPCR,ok,ok,True,23,43,calibrate:044,calibrate,44,186.89999389648438,188.79325783723075,1.8932639407463796,156
development_source_contiguous_cv,primary_instrument1_full,primary,1,1,2,development_combined,FPCR,ok,ok,True,23,44,calibrate:045,calibrate,45,181.10000610351562,188.25998261196224,7.1599765084466185,156
development_source_contiguous_cv,primary_instrument1_full,primary,1,1,2,development_combined,FPCR,ok,ok,True,23,45,calibrate:046,calibrate,46,186.8000030517578,182.44690290997426,-4.353100141783557,156
development_source_contiguous_cv,primary_instrument1_full,primary,1,1,2,development_combined,FPCR,ok,ok,True,23,46,calibrate:047,calibrate,47,158.0,161.0953855252077,3.095385525207689,156
development_source_contiguous_cv,primary_instrument1_full,primary,1,1,2,development_combined,FPCR,ok,ok,True,23,47,calibrate:048,calibrate,48,156.8000030517578,158.93755647748864,2.137553425730829,156
development_source_contiguous_cv,primary_instrument1_full,primary,1,1,2,development_combined,FPCR,ok,ok,True,23,48,calibrate:049,calibrate,49,186.3000030517578,186.51978390614934,0.21978085439153006,156
development_source_contiguous_cv,primary_instrument1_full,primary,1,1,2,development_combined,FPCR,ok,ok,True,23,49,calibrate:050,calibrate,50,220.5,218.1646594252856,-2.335340574714394,156
development_source_contiguous_cv,primary_instrument1_full,primary,1,1,2,development_combined,FPCR,ok,ok,True,23,50,calibrate:051,calibrate,51,188.3000030517578,185.52320768990344,-2.7767953618543686,156
development_source_contiguous_cv,primary_instrument1_full,primary,1,1,2,development_combined,FPCR,ok,ok,True,23,51,calibrate:052,calibrate,52,231.89999389648438,239.12159510546454,7.221601208980161,156
development_source_contiguous_cv,primary_instrument1_full,primary,1,1,2,development_combined,FPCR,ok,ok,True,23,52,calibrate:053,calibrate,53,171.39999389648438,176.96627682080418,5.5662829243198075,156
development_source_contiguous_cv,primary_instrument1_full,primary,1,1,2,development_combined,FPCR,ok,ok,True,23,53,calibrate:054,calibrate,54,221.5,219.52815338397534,-1.9718466160246635,156
development_source_contiguous_cv,primary_instrument1_full,primary,1,1,2,development_combined,FPCR,ok,ok,True,23,54,calibrate:055,calibrate,55,188.10000610351562,185.45706244788596,-2.642943655629665,156
development_source_contiguous_cv,primary_instrument1_full,primary,1,1,2,development_combined,FPCR,ok,ok,True,23,55,calibrate:056,calibrate,56,157.5,161.8280669695706,4.328066969570614,156
development_source_contiguous_cv,primary_instrument1_full,primary,1,1,2,development_combined,FPCR,ok,ok,True,23,56,calibrate:057,calibrate,57,222.3000030517578,220.0990754333531,-2.2009276184047053,156
development_source_contiguous_cv,primary_instrument1_full,primary,1,1,2,development_combined,FPCR,ok,ok,True,23,57,calibrate:058,calibrate,58,157.60000610351562,163.63944252165155,6.039436418135921,156
development_source_contiguous_cv,primary_instrument1_full,primary,1,1,2,development_combined,FPCR,ok,ok,True,23,58,calibrate:059,calibrate,59,155.1999969482422,161.97482098937508,6.774824041132888,156
development_source_contiguous_cv,primary_instrument1_full,primary,1,1,2,development_combined,FPCR,ok,ok,True,23,59,calibrate:060,calibrate,60,172.3000030517578,179.05937003377082,6.759366982013006,156
development_source_contiguous_cv,primary_instrument1_full,primary,1,1,2,development_combined,FPCR,ok,ok,True,23,60,calibrate:061,calibrate,61,176.89999389648438,174.29410083389783,-2.6058930625865457,156
development_source_contiguous_cv,primary_instrument1_full,primary,1,1,2,development_combined,FPCR,ok,ok,True,23,61,calibrate:062,calibrate,62,176.6999969482422,177.87738332987263,1.1773863816304413,156
development_source_contiguous_cv,primary_instrument1_full,primary,1,1,2,development_combined,FPCR,ok,ok,True,23,163,validate:009,validate,9,195.8000030517578,193.3494252620633,-2.4505777896945062,156
development_source_contiguous_cv,primary_instrument1_full,primary,1,1,2,development_combined,FPCR,ok,ok,True,23,164,validate:010,validate,10,193.8000030517578,188.83857829697584,-4.961424754781973,156
development_source_contiguous_cv,primary_instrument1_full,primary,1,1,2,development_combined,FPCR,ok,ok,True,23,165,validate:011,validate,11,195.10000610351562,191.28513369753358,-3.814872405982044,156
development_source_contiguous_cv,primary_instrument1_full,primary,1,1,2,development_combined,FPCR,ok,ok,True,23,166,validate:012,validate,12,193.8000030517578,192.85389747093626,-0.9461055808215519,156
development_source_contiguous_cv,primary_instrument1_full,primary,1,1,2,development_combined,FPCR,ok,ok,True,23,167,validate:013,validate,13,194.5,195.10371362293824,0.603713622938244,156
development_source_contiguous_cv,primary_instrument1_full,primary,1,1,2,development_combined,FPCR,ok,ok,True,23,168,validate:014,validate,14,197.5,194.30044036950193,-3.1995596304980722,156
development_source_contiguous_cv,primary_instrument1_full,primary,1,1,2,development_combined,FPCR,ok,ok,True,23,169,validate:015,validate,15,195.10000610351562,189.9772359902278,-5.122770113287828,156
development_source_contiguous_cv,primary_instrument1_full,primary,1,1,2,development_combined,FPCR,ok,ok,True,23,170,validate:016,validate,16,193.60000610351562,192.39408166732386,-1.205924436191765,156
development_source_contiguous_cv,primary_instrument1_full,primary,1,1,3,development_combined,CG-FPLS-code,ok,ok,True,3,62,calibrate:063,calibrate,63,176.5,174.3611418164109,-2.138858183589093,156
development_source_contiguous_cv,primary_instrument1_full,primary,1,1,3,development_combined,CG-FPLS-code,ok,ok,True,3,63,calibrate:064,calibrate,64,156.1999969482422,161.13674588866522,4.93674894042303,156
development_source_contiguous_cv,primary_instrument1_full,primary,1,1,3,development_combined,CG-FPLS-code,ok,ok,True,3,64,calibrate:065,calibrate,65,158.1999969482422,164.20570324790555,6.005706299663359,156
development_source_contiguous_cv,primary_instrument1_full,primary,1,1,3,development_combined,CG-FPLS-code,ok,ok,True,3,65,calibrate:066,calibrate,66,160.39999389648438,163.1725411700524,2.7725472735680228,156
development_source_contiguous_cv,primary_instrument1_full,primary,1,1,3,development_combined,CG-FPLS-code,ok,ok,True,3,66,calibrate:067,calibrate,67,215.60000610351562,218.3730737475765,2.7730676440608875,156
development_source_contiguous_cv,primary_instrument1_full,primary,1,1,3,development_combined,CG-FPLS-code,ok,ok,True,3,67,calibrate:068,calibrate,68,179.89999389648438,185.67208406910737,5.772090172622995,156
development_source_contiguous_cv,primary_instrument1_full,primary,1,1,3,development_combined,CG-FPLS-code,ok,ok,True,3,68,calibrate:069,calibrate,69,233.1999969482422,233.13225907498492,-0.06773787325727199,156
development_source_contiguous_cv,primary_instrument1_full,primary,1,1,3,development_combined,CG-FPLS-code,ok,ok,True,3,69,calibrate:070,calibrate,70,159.3000030517578,166.05000941447818,6.75000636272037,156
development_source_contiguous_cv,primary_instrument1_full,primary,1,1,3,development_combined,CG-FPLS-code,ok,ok,True,3,70,calibrate:071,calibrate,71,218.8000030517578,221.27862012133323,2.478617069575421,156
development_source_contiguous_cv,primary_instrument1_full,primary,1,1,3,development_combined,CG-FPLS-code,ok,ok,True,3,71,calibrate:072,calibrate,72,201.8000030517578,206.40297876596077,4.602975714202955,156
development_source_contiguous_cv,primary_instrument1_full,primary,1,1,3,development_combined,CG-FPLS-code,ok,ok,True,3,72,calibrate:073,calibrate,73,202.6999969482422,201.55581699992857,-1.1441799483136208,156
development_source_contiguous_cv,primary_instrument1_full,primary,1,1,3,development_combined,CG-FPLS-code,ok,ok,True,3,73,calibrate:074,calibrate,74,213.8000030517578,212.84189898798806,-0.9581040637697527,156
development_source_contiguous_cv,primary_instrument1_full,primary,1,1,3,development_combined,CG-FPLS-code,ok,ok,True,3,74,calibrate:075,calibrate,75,181.3000030517578,188.93169464354057,7.631691591782754,156
development_source_contiguous_cv,primary_instrument1_full,primary,1,1,3,development_combined,CG-FPLS-code,ok,ok,True,3,75,calibrate:076,calibrate,76,178.10000610351562,177.73743187193423,-0.3625742315813909,156
development_source_contiguous_cv,primary_instrument1_full,primary,1,1,3,development_combined,CG-FPLS-code,ok,ok,True,3,76,calibrate:077,calibrate,77,158.10000610351562,161.53751158758334,3.4375054840677137,156
development_source_contiguous_cv,primary_instrument1_full,primary,1,1,3,development_combined,CG-FPLS-code,ok,ok,True,3,77,calibrate:078,calibrate,78,201.6999969482422,201.62180592034264,-0.07819102789954968,156
development_source_contiguous_cv,primary_instrument1_full,primary,1,1,3,development_combined,CG-FPLS-code,ok,ok,True,3,78,calibrate:079,calibrate,79,215.1999969482422,219.99839867219225,4.7984017239500645,156
development_source_contiguous_cv,primary_instrument1_full,primary,1,1,3,development_combined,CG-FPLS-code,ok,ok,True,3,79,calibrate:080,calibrate,80,208.39999389648438,204.95231191480997,-3.447681981674407,156
development_source_contiguous_cv,primary_instrument1_full,primary,1,1,3,development_combined,CG-FPLS-code,ok,ok,True,3,80,calibrate:081,calibrate,81,172.3000030517578,176.26575300590144,3.9657499541436323,156
development_source_contiguous_cv,primary_instrument1_full,primary,1,1,3,development_combined,CG-FPLS-code,ok,ok,True,3,81,calibrate:082,calibrate,82,216.39999389648438,215.97080368661497,-0.4291902098694038,156
development_source_contiguous_cv,primary_instrument1_full,primary,1,1,3,development_combined,CG-FPLS-code,ok,ok,True,3,82,calibrate:083,calibrate,83,172.39999389648438,180.4761235682702,8.076129671785822,156
development_source_contiguous_cv,primary_instrument1_full,primary,1,1,3,development_combined,CG-FPLS-code,ok,ok,True,3,83,calibrate:084,calibrate,84,205.39999389648438,199.97663847605273,-5.423355420431648,156
development_source_contiguous_cv,primary_instrument1_full,primary,1,1,3,development_combined,CG-FPLS-code,ok,ok,True,3,84,calibrate:085,calibrate,85,177.1999969482422,175.89536493473238,-1.3046320135098028,156
development_source_contiguous_cv,primary_instrument1_full,primary,1,1,3,development_combined,CG-FPLS-code,ok,ok,True,3,85,calibrate:086,calibrate,86,184.1999969482422,184.20275649610298,0.00275954786079069,156
development_source_contiguous_cv,primary_instrument1_full,primary,1,1,3,development_combined,CG-FPLS-code,ok,ok,True,3,86,calibrate:087,calibrate,87,205.5,207.3210926223875,1.8210926223875106,156
development_source_contiguous_cv,primary_instrument1_full,primary,1,1,3,development_combined,CG-FPLS-code,ok,ok,True,3,87,calibrate:088,calibrate,88,173.60000610351562,179.32465943173392,5.724653328218295,156
development_source_contiguous_cv,primary_instrument1_full,primary,1,1,3,development_combined,CG-FPLS-code,ok,ok,True,3,88,calibrate:089,calibrate,89,203.60000610351562,201.61911256999045,-1.980893533525176,156
development_source_contiguous_cv,primary_instrument1_full,primary,1,1,3,development_combined,CG-FPLS-code,ok,ok,True,3,89,calibrate:090,calibrate,90,173.39999389648438,179.48264285082644,6.082648954342062,156
development_source_contiguous_cv,primary_instrument1_full,primary,1,1,3,development_combined,CG-FPLS-code,ok,ok,True,3,90,calibrate:091,calibrate,91,216.5,214.65191912423296,-1.8480808757670388,156
development_source_contiguous_cv,primary_instrument1_full,primary,1,1,3,development_combined,CG-FPLS-code,ok,ok,True,3,91,calibrate:092,calibrate,92,175.5,180.84500691231872,5.345006912318723,156
development_source_contiguous_cv,primary_instrument1_full,primary,1,1,3,development_combined,CG-FPLS-code,ok,ok,True,3,92,calibrate:093,calibrate,93,203.89999389648438,208.11618864367819,4.216194747193811,156
development_source_contiguous_cv,primary_instrument1_full,primary,1,1,3,development_combined,CG-FPLS-code,ok,ok,True,3,171,validate:017,validate,17,194.6999969482422,195.92803458984667,1.2280376416044874,156
development_source_contiguous_cv,primary_instrument1_full,primary,1,1,3,development_combined,CG-FPLS-code,ok,ok,True,3,172,validate:018,validate,18,195.39999389648438,196.67301682587103,1.2730229293866557,156
development_source_contiguous_cv,primary_instrument1_full,primary,1,1,3,development_combined,CG-FPLS-code,ok,ok,True,3,173,validate:019,validate,19,191.8000030517578,193.97358090233294,2.1735778505751284,156
development_source_contiguous_cv,primary_instrument1_full,primary,1,1,3,development_combined,CG-FPLS-code,ok,ok,True,3,174,validate:020,validate,20,196.3000030517578,192.49413770714762,-3.805865344610197,156
development_source_contiguous_cv,primary_instrument1_full,primary,1,1,3,development_combined,CG-FPLS-code,ok,ok,True,3,175,validate:021,validate,21,195.10000610351562,196.68984983059633,1.589843727080705,156
development_source_contiguous_cv,primary_instrument1_full,primary,1,1,3,development_combined,CG-FPLS-code,ok,ok,True,3,176,validate:022,validate,22,194.0,201.31713847789,7.317138477890012,156
development_source_contiguous_cv,primary_instrument1_full,primary,1,1,3,development_combined,CG-FPLS-code,ok,ok,True,3,177,validate:023,validate,23,194.5,199.193738720129,4.693738720129005,156
development_source_contiguous_cv,primary_instrument1_full,primary,1,1,3,development_combined,CG-FPLS-code,ok,ok,True,3,178,validate:024,validate,24,193.60000610351562,201.65387133681105,8.053865233295426,156
development_source_contiguous_cv,primary_instrument1_full,primary,1,1,3,development_combined,Raw FPLS,ok,ok,True,47,62,calibrate:063,calibrate,63,176.5,178.4524140666911,1.952414066691091,156
development_source_contiguous_cv,primary_instrument1_full,primary,1,1,3,development_combined,Raw FPLS,ok,ok,True,47,63,calibrate:064,calibrate,64,156.1999969482422,161.52267316718107,5.322676218938881,156
development_source_contiguous_cv,primary_instrument1_full,primary,1,1,3,development_combined,Raw FPLS,ok,ok,True,47,64,calibrate:065,calibrate,65,158.1999969482422,160.8341125072242,2.6341155589820175,156
development_source_contiguous_cv,primary_instrument1_full,primary,1,1,3,development_combined,Raw FPLS,ok,ok,True,47,65,calibrate:066,calibrate,66,160.39999389648438,159.5823075251009,-0.8176863713834734,156
development_source_contiguous_cv,primary_instrument1_full,primary,1,1,3,development_combined,Raw FPLS,ok,ok,True,47,66,calibrate:067,calibrate,67,215.60000610351562,218.1464365055013,2.546430401985674,156
development_source_contiguous_cv,primary_instrument1_full,primary,1,1,3,development_combined,Raw FPLS,ok,ok,True,47,67,calibrate:068,calibrate,68,179.89999389648438,186.67869097405608,6.778697077571707,156
development_source_contiguous_cv,primary_instrument1_full,primary,1,1,3,development_combined,Raw FPLS,ok,ok,True,47,68,calibrate:069,calibrate,69,233.1999969482422,235.41046203181992,2.2104650835777306,156
development_source_contiguous_cv,primary_instrument1_full,primary,1,1,3,development_combined,Raw FPLS,ok,ok,True,47,69,calibrate:070,calibrate,70,159.3000030517578,161.62201415449508,2.322011102737264,156
development_source_contiguous_cv,primary_instrument1_full,primary,1,1,3,development_combined,Raw FPLS,ok,ok,True,47,70,calibrate:071,calibrate,71,218.8000030517578,219.10557427344227,0.3055712216844597,156
development_source_contiguous_cv,primary_instrument1_full,primary,1,1,3,development_combined,Raw FPLS,ok,ok,True,47,71,calibrate:072,calibrate,72,201.8000030517578,205.19828401966572,3.3982809679079082,156
development_source_contiguous_cv,primary_instrument1_full,primary,1,1,3,development_combined,Raw FPLS,ok,ok,True,47,72,calibrate:073,calibrate,73,202.6999969482422,204.55588558843218,1.8558886401899883,156
development_source_contiguous_cv,primary_instrument1_full,primary,1,1,3,development_combined,Raw FPLS,ok,ok,True,47,73,calibrate:074,calibrate,74,213.8000030517578,214.97605312021585,1.1760500684580393,156
development_source_contiguous_cv,primary_instrument1_full,primary,1,1,3,development_combined,Raw FPLS,ok,ok,True,47,74,calibrate:075,calibrate,75,181.3000030517578,184.70763713529593,3.407634083538113,156
development_source_contiguous_cv,primary_instrument1_full,primary,1,1,3,development_combined,Raw FPLS,ok,ok,True,47,75,calibrate:076,calibrate,76,178.10000610351562,175.34251804846332,-2.757488055052306,156
development_source_contiguous_cv,primary_instrument1_full,primary,1,1,3,development_combined,Raw FPLS,ok,ok,True,47,76,calibrate:077,calibrate,77,158.10000610351562,157.1665922988962,-0.9334138046194198,156
development_source_contiguous_cv,primary_instrument1_full,primary,1,1,3,development_combined,Raw FPLS,ok,ok,True,47,77,calibrate:078,calibrate,78,201.6999969482422,205.51298338855693,3.812986440314745,156
development_source_contiguous_cv,primary_instrument1_full,primary,1,1,3,development_combined,Raw FPLS,ok,ok,True,47,78,calibrate:079,calibrate,79,215.1999969482422,220.0430003137785,4.843003365536305,156
development_source_contiguous_cv,primary_instrument1_full,primary,1,1,3,development_combined,Raw FPLS,ok,ok,True,47,79,calibrate:080,calibrate,80,208.39999389648438,202.98880805944162,-5.411185837042751,156
development_source_contiguous_cv,primary_instrument1_full,primary,1,1,3,development_combined,Raw FPLS,ok,ok,True,47,80,calibrate:081,calibrate,81,172.3000030517578,176.299886995523,3.999883943765184,156
development_source_contiguous_cv,primary_instrument1_full,primary,1,1,3,development_combined,Raw FPLS,ok,ok,True,47,81,calibrate:082,calibrate,82,216.39999389648438,216.86732563044436,0.4673317339599805,156
development_source_contiguous_cv,primary_instrument1_full,primary,1,1,3,development_combined,Raw FPLS,ok,ok,True,47,82,calibrate:083,calibrate,83,172.39999389648438,175.31402321200028,2.9140293155159043,156
development_source_contiguous_cv,primary_instrument1_full,primary,1,1,3,development_combined,Raw FPLS,ok,ok,True,47,83,calibrate:084,calibrate,84,205.39999389648438,203.2131668412148,-2.186827055269589,156
development_source_contiguous_cv,primary_instrument1_full,primary,1,1,3,development_combined,Raw FPLS,ok,ok,True,47,84,calibrate:085,calibrate,85,177.1999969482422,177.50156082230833,0.30156387406614726,156
development_source_contiguous_cv,primary_instrument1_full,primary,1,1,3,development_combined,Raw FPLS,ok,ok,True,47,85,calibrate:086,calibrate,86,184.1999969482422,186.1157294135529,1.9157324653107253,156
development_source_contiguous_cv,primary_instrument1_full,primary,1,1,3,development_combined,Raw FPLS,ok,ok,True,47,86,calibrate:087,calibrate,87,205.5,204.59693921344436,-0.9030607865556419,156
development_source_contiguous_cv,primary_instrument1_full,primary,1,1,3,development_combined,Raw FPLS,ok,ok,True,47,87,calibrate:088,calibrate,88,173.60000610351562,174.96091454892922,1.3609084454135996,156
development_source_contiguous_cv,primary_instrument1_full,primary,1,1,3,development_combined,Raw FPLS,ok,ok,True,47,88,calibrate:089,calibrate,89,203.60000610351562,201.63256240917772,-1.9674436943379021,156
development_source_contiguous_cv,primary_instrument1_full,primary,1,1,3,development_combined,Raw FPLS,ok,ok,True,47,89,calibrate:090,calibrate,90,173.39999389648438,179.8085396274461,6.40854573096172,156
development_source_contiguous_cv,primary_instrument1_full,primary,1,1,3,development_combined,Raw FPLS,ok,ok,True,47,90,calibrate:091,calibrate,91,216.5,219.2784849912764,2.7784849912764003,156
development_source_contiguous_cv,primary_instrument1_full,primary,1,1,3,development_combined,Raw FPLS,ok,ok,True,47,91,calibrate:092,calibrate,92,175.5,176.58642441581262,1.0864244158126155,156
development_source_contiguous_cv,primary_instrument1_full,primary,1,1,3,development_combined,Raw FPLS,ok,ok,True,47,92,calibrate:093,calibrate,93,203.89999389648438,206.62852553828512,2.7285316418007426,156
development_source_contiguous_cv,primary_instrument1_full,primary,1,1,3,development_combined,Raw FPLS,ok,ok,True,47,171,validate:017,validate,17,194.6999969482422,194.54226661348116,-0.15773033476102682,156
development_source_contiguous_cv,primary_instrument1_full,primary,1,1,3,development_combined,Raw FPLS,ok,ok,True,47,172,validate:018,validate,18,195.39999389648438,192.22531312793393,-3.174680768550445,156
development_source_contiguous_cv,primary_instrument1_full,primary,1,1,3,development_combined,Raw FPLS,ok,ok,True,47,173,validate:019,validate,19,191.8000030517578,193.0055492151889,1.2055461634310802,156
development_source_contiguous_cv,primary_instrument1_full,primary,1,1,3,development_combined,Raw FPLS,ok,ok,True,47,174,validate:020,validate,20,196.3000030517578,193.17291720402696,-3.1270858477308536,156
development_source_contiguous_cv,primary_instrument1_full,primary,1,1,3,development_combined,Raw FPLS,ok,ok,True,47,175,validate:021,validate,21,195.10000610351562,200.1386266602781,5.038620556762481,156
development_source_contiguous_cv,primary_instrument1_full,primary,1,1,3,development_combined,Raw FPLS,ok,ok,True,47,176,validate:022,validate,22,194.0,198.86210697790978,4.862106977909775,156
development_source_contiguous_cv,primary_instrument1_full,primary,1,1,3,development_combined,Raw FPLS,ok,ok,True,47,177,validate:023,validate,23,194.5,200.69549219349506,6.195492193495056,156
development_source_contiguous_cv,primary_instrument1_full,primary,1,1,3,development_combined,Raw FPLS,ok,ok,True,47,178,validate:024,validate,24,193.60000610351562,198.39998390560532,4.7999778020897,156
development_source_contiguous_cv,primary_instrument1_full,primary,1,1,3,development_combined,Arnoldi FPLS,ok,ok,True,4,62,calibrate:063,calibrate,63,176.5,178.31892015063104,1.818920150631044,156
development_source_contiguous_cv,primary_instrument1_full,primary,1,1,3,development_combined,Arnoldi FPLS,ok,ok,True,4,63,calibrate:064,calibrate,64,156.1999969482422,161.79820555472838,5.598208606486196,156
development_source_contiguous_cv,primary_instrument1_full,primary,1,1,3,development_combined,Arnoldi FPLS,ok,ok,True,4,64,calibrate:065,calibrate,65,158.1999969482422,163.26264967593556,5.062652727693376,156
development_source_contiguous_cv,primary_instrument1_full,primary,1,1,3,development_combined,Arnoldi FPLS,ok,ok,True,4,65,calibrate:066,calibrate,66,160.39999389648438,161.53324791779647,1.1332540213120978,156
development_source_contiguous_cv,primary_instrument1_full,primary,1,1,3,development_combined,Arnoldi FPLS,ok,ok,True,4,66,calibrate:067,calibrate,67,215.60000610351562,216.58698180951959,0.9869757060039603,156
development_source_contiguous_cv,primary_instrument1_full,primary,1,1,3,development_combined,Arnoldi FPLS,ok,ok,True,4,67,calibrate:068,calibrate,68,179.89999389648438,186.80025726669749,6.900263370213111,156
development_source_contiguous_cv,primary_instrument1_full,primary,1,1,3,development_combined,Arnoldi FPLS,ok,ok,True,4,68,calibrate:069,calibrate,69,233.1999969482422,235.56421683159724,2.364219883355048,156
development_source_contiguous_cv,primary_instrument1_full,primary,1,1,3,development_combined,Arnoldi FPLS,ok,ok,True,4,69,calibrate:070,calibrate,70,159.3000030517578,163.8845612533598,4.584558201601993,156
development_source_contiguous_cv,primary_instrument1_full,primary,1,1,3,development_combined,Arnoldi FPLS,ok,ok,True,4,70,calibrate:071,calibrate,71,218.8000030517578,217.90223938478937,-0.8977636669684443,156
development_source_contiguous_cv,primary_instrument1_full,primary,1,1,3,development_combined,Arnoldi FPLS,ok,ok,True,4,71,calibrate:072,calibrate,72,201.8000030517578,203.74163464623064,1.941631594472824,156
development_source_contiguous_cv,primary_instrument1_full,primary,1,1,3,development_combined,Arnoldi FPLS,ok,ok,True,4,72,calibrate:073,calibrate,73,202.6999969482422,204.08877669786028,1.3887797496180951,156
development_source_contiguous_cv,primary_instrument1_full,primary,1,1,3,development_combined,Arnoldi FPLS,ok,ok,True,4,73,calibrate:074,calibrate,74,213.8000030517578,211.60605756093312,-2.1939454908246887,156
development_source_contiguous_cv,primary_instrument1_full,primary,1,1,3,development_combined,Arnoldi FPLS,ok,ok,True,4,74,calibrate:075,calibrate,75,181.3000030517578,184.34413597220254,3.0441329204447243,156
development_source_contiguous_cv,primary_instrument1_full,primary,1,1,3,development_combined,Arnoldi FPLS,ok,ok,True,4,75,calibrate:076,calibrate,76,178.10000610351562,174.76652471466397,-3.333481388851652,156
development_source_contiguous_cv,primary_instrument1_full,primary,1,1,3,development_combined,Arnoldi FPLS,ok,ok,True,4,76,calibrate:077,calibrate,77,158.10000610351562,159.77303573316652,1.6730296296508982,156
development_source_contiguous_cv,primary_instrument1_full,primary,1,1,3,development_combined,Arnoldi FPLS,ok,ok,True,4,77,calibrate:078,calibrate,78,201.6999969482422,205.11707606087154,3.4170791126293523,156
development_source_contiguous_cv,primary_instrument1_full,primary,1,1,3,development_combined,Arnoldi FPLS,ok,ok,True,4,78,calibrate:079,calibrate,79,215.1999969482422,218.61949063469166,3.4194936864494707,156
development_source_contiguous_cv,primary_instrument1_full,primary,1,1,3,development_combined,Arnoldi FPLS,ok,ok,True,4,79,calibrate:080,calibrate,80,208.39999389648438,202.18961334552765,-6.210380550956728,156
development_source_contiguous_cv,primary_instrument1_full,primary,1,1,3,development_combined,Arnoldi FPLS,ok,ok,True,4,80,calibrate:081,calibrate,81,172.3000030517578,175.9140704991552,3.614067447397389,156
development_source_contiguous_cv,primary_instrument1_full,primary,1,1,3,development_combined,Arnoldi FPLS,ok,ok,True,4,81,calibrate:082,calibrate,82,216.39999389648438,214.89403046308885,-1.5059634333955216,156
development_source_contiguous_cv,primary_instrument1_full,primary,1,1,3,development_combined,Arnoldi FPLS,ok,ok,True,4,82,calibrate:083,calibrate,83,172.39999389648438,177.9559617017364,5.555967805252038,156
development_source_contiguous_cv,primary_instrument1_full,primary,1,1,3,development_combined,Arnoldi FPLS,ok,ok,True,4,83,calibrate:084,calibrate,84,205.39999389648438,202.3833296885004,-3.016664207983979,156
development_source_contiguous_cv,primary_instrument1_full,primary,1,1,3,development_combined,Arnoldi FPLS,ok,ok,True,4,84,calibrate:085,calibrate,85,177.1999969482422,177.197872943778,-0.002124004464178597,156
development_source_contiguous_cv,primary_instrument1_full,primary,1,1,3,development_combined,Arnoldi FPLS,ok,ok,True,4,85,calibrate:086,calibrate,86,184.1999969482422,184.6124910026615,0.4124940544193123,156
development_source_contiguous_cv,primary_instrument1_full,primary,1,1,3,development_combined,Arnoldi FPLS,ok,ok,True,4,86,calibrate:087,calibrate,87,205.5,203.6168571506149,-1.8831428493851092,156
development_source_contiguous_cv,primary_instrument1_full,primary,1,1,3,development_combined,Arnoldi FPLS,ok,ok,True,4,87,calibrate:088,calibrate,88,173.60000610351562,174.3630024157341,0.762996312218462,156
development_source_contiguous_cv,primary_instrument1_full,primary,1,1,3,development_combined,Arnoldi FPLS,ok,ok,True,4,88,calibrate:089,calibrate,89,203.60000610351562,198.87900347309466,-4.721002630420969,156
development_source_contiguous_cv,primary_instrument1_full,primary,1,1,3,development_combined,Arnoldi FPLS,ok,ok,True,4,89,calibrate:090,calibrate,90,173.39999389648438,179.18923264812224,5.789238751637868,156
development_source_contiguous_cv,primary_instrument1_full,primary,1,1,3,development_combined,Arnoldi FPLS,ok,ok,True,4,90,calibrate:091,calibrate,91,216.5,217.3646611328022,0.8646611328022118,156
development_source_contiguous_cv,primary_instrument1_full,primary,1,1,3,development_combined,Arnoldi FPLS,ok,ok,True,4,91,calibrate:092,calibrate,92,175.5,176.41276579866422,0.9127657986642248,156
development_source_contiguous_cv,primary_instrument1_full,primary,1,1,3,development_combined,Arnoldi FPLS,ok,ok,True,4,92,calibrate:093,calibrate,93,203.89999389648438,205.4658951896023,1.5659012931179177,156
development_source_contiguous_cv,primary_instrument1_full,primary,1,1,3,development_combined,Arnoldi FPLS,ok,ok,True,4,171,validate:017,validate,17,194.6999969482422,193.21757102070828,-1.4824259275339102,156
development_source_contiguous_cv,primary_instrument1_full,primary,1,1,3,development_combined,Arnoldi FPLS,ok,ok,True,4,172,validate:018,validate,18,195.39999389648438,193.5701781404886,-1.8298157559957815,156
development_source_contiguous_cv,primary_instrument1_full,primary,1,1,3,development_combined,Arnoldi FPLS,ok,ok,True,4,173,validate:019,validate,19,191.8000030517578,190.4598432829523,-1.3401597688055062,156
development_source_contiguous_cv,primary_instrument1_full,primary,1,1,3,development_combined,Arnoldi FPLS,ok,ok,True,4,174,validate:020,validate,20,196.3000030517578,190.7262551739091,-5.573747877848717,156
development_source_contiguous_cv,primary_instrument1_full,primary,1,1,3,development_combined,Arnoldi FPLS,ok,ok,True,4,175,validate:021,validate,21,195.10000610351562,200.29660868997075,5.196602586455128,156
development_source_contiguous_cv,primary_instrument1_full,primary,1,1,3,development_combined,Arnoldi FPLS,ok,ok,True,4,176,validate:022,validate,22,194.0,201.3059146524577,7.3059146524576875,156
development_source_contiguous_cv,primary_instrument1_full,primary,1,1,3,development_combined,Arnoldi FPLS,ok,ok,True,4,177,validate:023,validate,23,194.5,200.16659766890487,5.6665976689048705,156
development_source_contiguous_cv,primary_instrument1_full,primary,1,1,3,development_combined,Arnoldi FPLS,ok,ok,True,4,178,validate:024,validate,24,193.60000610351562,198.67218164224096,5.0721755387253324,156
development_source_contiguous_cv,primary_instrument1_full,primary,1,1,3,development_combined,FPCR,ok,ok,True,7,62,calibrate:063,calibrate,63,176.5,178.14955778977074,1.6495577897707392,156
development_source_contiguous_cv,primary_instrument1_full,primary,1,1,3,development_combined,FPCR,ok,ok,True,7,63,calibrate:064,calibrate,64,156.1999969482422,161.36713866799406,5.167141719751868,156
development_source_contiguous_cv,primary_instrument1_full,primary,1,1,3,development_combined,FPCR,ok,ok,True,7,64,calibrate:065,calibrate,65,158.1999969482422,162.96477150923224,4.764774560990048,156
development_source_contiguous_cv,primary_instrument1_full,primary,1,1,3,development_combined,FPCR,ok,ok,True,7,65,calibrate:066,calibrate,66,160.39999389648438,161.1099849189303,0.7099910224459336,156
development_source_contiguous_cv,primary_instrument1_full,primary,1,1,3,development_combined,FPCR,ok,ok,True,7,66,calibrate:067,calibrate,67,215.60000610351562,217.49727550675445,1.8972694032388233,156
development_source_contiguous_cv,primary_instrument1_full,primary,1,1,3,development_combined,FPCR,ok,ok,True,7,67,calibrate:068,calibrate,68,179.89999389648438,186.76900455031463,6.869010653830259,156
development_source_contiguous_cv,primary_instrument1_full,primary,1,1,3,development_combined,FPCR,ok,ok,True,7,68,calibrate:069,calibrate,69,233.1999969482422,235.67416088362637,2.4741639353841833,156
development_source_contiguous_cv,primary_instrument1_full,primary,1,1,3,development_combined,FPCR,ok,ok,True,7,69,calibrate:070,calibrate,70,159.3000030517578,163.2223207388665,3.922317687108688,156
development_source_contiguous_cv,primary_instrument1_full,primary,1,1,3,development_combined,FPCR,ok,ok,True,7,70,calibrate:071,calibrate,71,218.8000030517578,218.35190070572412,-0.4481023460336928,156
development_source_contiguous_cv,primary_instrument1_full,primary,1,1,3,development_combined,FPCR,ok,ok,True,7,71,calibrate:072,calibrate,72,201.8000030517578,204.60708330754454,2.8070802557867296,156
development_source_contiguous_cv,primary_instrument1_full,primary,1,1,3,development_combined,FPCR,ok,ok,True,7,72,calibrate:073,calibrate,73,202.6999969482422,203.43979839231207,0.739801444069883,156
development_source_contiguous_cv,primary_instrument1_full,primary,1,1,3,development_combined,FPCR,ok,ok,True,7,73,calibrate:074,calibrate,74,213.8000030517578,213.474594994609,-0.32540805714882026,156
development_source_contiguous_cv,primary_instrument1_full,primary,1,1,3,development_combined,FPCR,ok,ok,True,7,74,calibrate:075,calibrate,75,181.3000030517578,184.97865231729068,3.6786492655328686,156
development_source_contiguous_cv,primary_instrument1_full,primary,1,1,3,development_combined,FPCR,ok,ok,True,7,75,calibrate:076,calibrate,76,178.10000610351562,176.37020184933658,-1.7298042541790437,156
development_source_contiguous_cv,primary_instrument1_full,primary,1,1,3,development_combined,FPCR,ok,ok,True,7,76,calibrate:077,calibrate,77,158.10000610351562,158.94854068104,0.8485345775243616,156
development_source_contiguous_cv,primary_instrument1_full,primary,1,1,3,development_combined,FPCR,ok,ok,True,7,77,calibrate:078,calibrate,78,201.6999969482422,205.16573027811955,3.4657333298773665,156
development_source_contiguous_cv,primary_instrument1_full,primary,1,1,3,development_combined,FPCR,ok,ok,True,7,78,calibrate:079,calibrate,79,215.1999969482422,220.3299139807944,5.129917032552214,156
development_source_contiguous_cv,primary_instrument1_full,primary,1,1,3,development_combined,FPCR,ok,ok,True,7,79,calibrate:080,calibrate,80,208.39999389648438,202.42331331627366,-5.9766805802107115,156
development_source_contiguous_cv,primary_instrument1_full,primary,1,1,3,development_combined,FPCR,ok,ok,True,7,80,calibrate:081,calibrate,81,172.3000030517578,175.81977979604767,3.5197767442898567,156
development_source_contiguous_cv,primary_instrument1_full,primary,1,1,3,development_combined,FPCR,ok,ok,True,7,81,calibrate:082,calibrate,82,216.39999389648438,216.06441180649685,-0.3355820899875255,156
development_source_contiguous_cv,primary_instrument1_full,primary,1,1,3,development_combined,FPCR,ok,ok,True,7,82,calibrate:083,calibrate,83,172.39999389648438,178.0579397498406,5.657945853356239,156
development_source_contiguous_cv,primary_instrument1_full,primary,1,1,3,development_combined,FPCR,ok,ok,True,7,83,calibrate:084,calibrate,84,205.39999389648438,202.18464425150967,-3.215349644974708,156
development_source_contiguous_cv,primary_instrument1_full,primary,1,1,3,development_combined,FPCR,ok,ok,True,7,84,calibrate:085,calibrate,85,177.1999969482422,177.4759724664496,0.2759755182074173,156
development_source_contiguous_cv,primary_instrument1_full,primary,1,1,3,development_combined,FPCR,ok,ok,True,7,85,calibrate:086,calibrate,86,184.1999969482422,184.66683470218598,0.4668377539437927,156
development_source_contiguous_cv,primary_instrument1_full,primary,1,1,3,development_combined,FPCR,ok,ok,True,7,86,calibrate:087,calibrate,87,205.5,203.982748844608,-1.517251155391989,156
development_source_contiguous_cv,primary_instrument1_full,primary,1,1,3,development_combined,FPCR,ok,ok,True,7,87,calibrate:088,calibrate,88,173.60000610351562,175.28166406622898,1.6816579627133592,156
development_source_contiguous_cv,primary_instrument1_full,primary,1,1,3,development_combined,FPCR,ok,ok,True,7,88,calibrate:089,calibrate,89,203.60000610351562,199.7712575629322,-3.828748540583433,156
development_source_contiguous_cv,primary_instrument1_full,primary,1,1,3,development_combined,FPCR,ok,ok,True,7,89,calibrate:090,calibrate,90,173.39999389648438,178.8744129300655,5.474419033581114,156
development_source_contiguous_cv,primary_instrument1_full,primary,1,1,3,development_combined,FPCR,ok,ok,True,7,90,calibrate:091,calibrate,91,216.5,216.9093807504747,0.40938075047469624,156
development_source_contiguous_cv,primary_instrument1_full,primary,1,1,3,development_combined,FPCR,ok,ok,True,7,91,calibrate:092,calibrate,92,175.5,177.15613915732067,1.6561391573206663,156
development_source_contiguous_cv,primary_instrument1_full,primary,1,1,3,development_combined,FPCR,ok,ok,True,7,92,calibrate:093,calibrate,93,203.89999389648438,205.55906812772722,1.6590742312428404,156
development_source_contiguous_cv,primary_instrument1_full,primary,1,1,3,development_combined,FPCR,ok,ok,True,7,171,validate:017,validate,17,194.6999969482422,194.74022562412372,0.040228675881536446,156
development_source_contiguous_cv,primary_instrument1_full,primary,1,1,3,development_combined,FPCR,ok,ok,True,7,172,validate:018,validate,18,195.39999389648438,193.41295759378363,-1.9870363027007443,156
development_source_contiguous_cv,primary_instrument1_full,primary,1,1,3,development_combined,FPCR,ok,ok,True,7,173,validate:019,validate,19,191.8000030517578,192.01575021203752,0.21574716027970453,156
development_source_contiguous_cv,primary_instrument1_full,primary,1,1,3,development_combined,FPCR,ok,ok,True,7,174,validate:020,validate,20,196.3000030517578,192.35680405435977,-3.943198997398042,156
development_source_contiguous_cv,primary_instrument1_full,primary,1,1,3,development_combined,FPCR,ok,ok,True,7,175,validate:021,validate,21,195.10000610351562,200.5187105329507,5.418704429435081,156
development_source_contiguous_cv,primary_instrument1_full,primary,1,1,3,development_combined,FPCR,ok,ok,True,7,176,validate:022,validate,22,194.0,201.22082969431682,7.220829694316819,156
development_source_contiguous_cv,primary_instrument1_full,primary,1,1,3,development_combined,FPCR,ok,ok,True,7,177,validate:023,validate,23,194.5,200.16862510015548,5.668625100155481,156
development_source_contiguous_cv,primary_instrument1_full,primary,1,1,3,development_combined,FPCR,ok,ok,True,7,178,validate:024,validate,24,193.60000610351562,200.67134492811215,7.071338824596523,156
development_source_contiguous_cv,primary_instrument1_full,primary,1,1,4,development_combined,CG-FPLS-code,ok,ok,True,3,93,calibrate:094,calibrate,94,172.39999389648438,181.50566224375575,9.105668347271376,156
development_source_contiguous_cv,primary_instrument1_full,primary,1,1,4,development_combined,CG-FPLS-code,ok,ok,True,3,94,calibrate:095,calibrate,95,172.0,173.6859641481593,1.685964148159286,156
development_source_contiguous_cv,primary_instrument1_full,primary,1,1,4,development_combined,CG-FPLS-code,ok,ok,True,3,95,calibrate:096,calibrate,96,171.60000610351562,177.5174437026656,5.917437599149963,156
development_source_contiguous_cv,primary_instrument1_full,primary,1,1,4,development_combined,CG-FPLS-code,ok,ok,True,3,96,calibrate:097,calibrate,97,204.0,205.98043397770005,1.980433977700045,156
development_source_contiguous_cv,primary_instrument1_full,primary,1,1,4,development_combined,CG-FPLS-code,ok,ok,True,3,97,calibrate:098,calibrate,98,183.8000030517578,183.85706222184191,0.05705917008410211,156
development_source_contiguous_cv,primary_instrument1_full,primary,1,1,4,development_combined,CG-FPLS-code,ok,ok,True,3,98,calibrate:099,calibrate,99,176.39999389648438,177.21923242608761,0.8192385296032398,156
development_source_contiguous_cv,primary_instrument1_full,primary,1,1,4,development_combined,CG-FPLS-code,ok,ok,True,3,99,calibrate:100,calibrate,100,219.3000030517578,214.1249408210069,-5.17506223075091,156
development_source_contiguous_cv,primary_instrument1_full,primary,1,1,4,development_combined,CG-FPLS-code,ok,ok,True,3,100,calibrate:101,calibrate,101,216.5,217.84569015678025,1.3456901567802504,156
development_source_contiguous_cv,primary_instrument1_full,primary,1,1,4,development_combined,CG-FPLS-code,ok,ok,True,3,101,calibrate:102,calibrate,102,203.6999969482422,205.66842885067345,1.9684319024312629,156
development_source_contiguous_cv,primary_instrument1_full,primary,1,1,4,development_combined,CG-FPLS-code,ok,ok,True,3,102,calibrate:103,calibrate,103,151.60000610351562,162.04222707811664,10.442220974601014,156
development_source_contiguous_cv,primary_instrument1_full,primary,1,1,4,development_combined,CG-FPLS-code,ok,ok,True,3,103,calibrate:104,calibrate,104,184.5,183.46173982481983,-1.03826017518017,156
development_source_contiguous_cv,primary_instrument1_full,primary,1,1,4,development_combined,CG-FPLS-code,ok,ok,True,3,104,calibrate:105,calibrate,105,157.0,162.49111979627384,5.491119796273836,156
development_source_contiguous_cv,primary_instrument1_full,primary,1,1,4,development_combined,CG-FPLS-code,ok,ok,True,3,105,calibrate:106,calibrate,106,160.39999389648438,159.70471157520828,-0.6952823212760961,156
development_source_contiguous_cv,primary_instrument1_full,primary,1,1,4,development_combined,CG-FPLS-code,ok,ok,True,3,106,calibrate:107,calibrate,107,216.89999389648438,220.89390011028004,3.9939062137956682,156
development_source_contiguous_cv,primary_instrument1_full,primary,1,1,4,development_combined,CG-FPLS-code,ok,ok,True,3,107,calibrate:108,calibrate,108,231.10000610351562,230.42902699585585,-0.6709791076597753,156
development_source_contiguous_cv,primary_instrument1_full,primary,1,1,4,development_combined,CG-FPLS-code,ok,ok,True,3,108,calibrate:109,calibrate,109,222.60000610351562,215.08763041052177,-7.5123756929938565,156
development_source_contiguous_cv,primary_instrument1_full,primary,1,1,4,development_combined,CG-FPLS-code,ok,ok,True,3,109,calibrate:110,calibrate,110,231.10000610351562,230.06392487572776,-1.0360812277878608,156
development_source_contiguous_cv,primary_instrument1_full,primary,1,1,4,development_combined,CG-FPLS-code,ok,ok,True,3,110,calibrate:111,calibrate,111,217.0,219.52816749907907,2.528167499079075,156
development_source_contiguous_cv,primary_instrument1_full,primary,1,1,4,development_combined,CG-FPLS-code,ok,ok,True,3,111,calibrate:112,calibrate,112,220.0,217.93706588505313,-2.06293411494687,156
development_source_contiguous_cv,primary_instrument1_full,primary,1,1,4,development_combined,CG-FPLS-code,ok,ok,True,3,112,calibrate:113,calibrate,113,219.39999389648438,216.26269803092396,-3.137295865560418,156
development_source_contiguous_cv,primary_instrument1_full,primary,1,1,4,development_combined,CG-FPLS-code,ok,ok,True,3,113,calibrate:114,calibrate,114,172.89999389648438,175.33350636832998,2.433512471845603,156
development_source_contiguous_cv,primary_instrument1_full,primary,1,1,4,development_combined,CG-FPLS-code,ok,ok,True,3,114,calibrate:115,calibrate,115,180.5,176.22148480848261,-4.278515191517386,156
development_source_contiguous_cv,primary_instrument1_full,primary,1,1,4,development_combined,CG-FPLS-code,ok,ok,True,3,115,calibrate:116,calibrate,116,209.5,198.64209304608372,-10.857906953916284,156
development_source_contiguous_cv,primary_instrument1_full,primary,1,1,4,development_combined,CG-FPLS-code,ok,ok,True,3,116,calibrate:117,calibrate,117,224.3000030517578,218.56698714424874,-5.7330159075090705,156
development_source_contiguous_cv,primary_instrument1_full,primary,1,1,4,development_combined,CG-FPLS-code,ok,ok,True,3,117,calibrate:118,calibrate,118,217.1999969482422,220.41035268216427,3.2103557339220856,156
development_source_contiguous_cv,primary_instrument1_full,primary,1,1,4,development_combined,CG-FPLS-code,ok,ok,True,3,118,calibrate:119,calibrate,119,232.89999389648438,232.9511558656537,0.05116196916932836,156
development_source_contiguous_cv,primary_instrument1_full,primary,1,1,4,development_combined,CG-FPLS-code,ok,ok,True,3,119,calibrate:120,calibrate,120,204.60000610351562,204.25978975173894,-0.3402163517766894,156
development_source_contiguous_cv,primary_instrument1_full,primary,1,1,4,development_combined,CG-FPLS-code,ok,ok,True,3,120,calibrate:121,calibrate,121,155.10000610351562,162.02119834313285,6.921192239617227,156
development_source_contiguous_cv,primary_instrument1_full,primary,1,1,4,development_combined,CG-FPLS-code,ok,ok,True,3,121,calibrate:122,calibrate,122,176.89999389648438,159.25083077889732,-17.64916311758705,156
development_source_contiguous_cv,primary_instrument1_full,primary,1,1,4,development_combined,CG-FPLS-code,ok,ok,True,3,122,calibrate:123,calibrate,123,188.0,187.06575845416063,-0.9342415458393702,156
development_source_contiguous_cv,primary_instrument1_full,primary,1,1,4,development_combined,CG-FPLS-code,ok,ok,True,3,123,calibrate:124,calibrate,124,175.5,178.70495796392615,3.204957963926148,156
development_source_contiguous_cv,primary_instrument1_full,primary,1,1,4,development_combined,CG-FPLS-code,ok,ok,True,3,179,validate:025,validate,25,195.5,195.47182459397342,-0.028175406026576866,156
development_source_contiguous_cv,primary_instrument1_full,primary,1,1,4,development_combined,CG-FPLS-code,ok,ok,True,3,180,validate:026,validate,26,193.39999389648438,200.0303877140279,6.630393817543535,156
development_source_contiguous_cv,primary_instrument1_full,primary,1,1,4,development_combined,CG-FPLS-code,ok,ok,True,3,181,validate:027,validate,27,198.89999389648438,200.75238325813677,1.8523893616523992,156
development_source_contiguous_cv,primary_instrument1_full,primary,1,1,4,development_combined,CG-FPLS-code,ok,ok,True,3,182,validate:028,validate,28,195.0,198.77887523728447,3.778875237284467,156
development_source_contiguous_cv,primary_instrument1_full,primary,1,1,4,development_combined,CG-FPLS-code,ok,ok,True,3,183,validate:029,validate,29,199.5,197.10982618511602,-2.3901738148839797,156
development_source_contiguous_cv,primary_instrument1_full,primary,1,1,4,development_combined,CG-FPLS-code,ok,ok,True,3,184,validate:030,validate,30,196.8000030517578,196.39954188671175,-0.40046116504606744,156
development_source_contiguous_cv,primary_instrument1_full,primary,1,1,4,development_combined,CG-FPLS-code,ok,ok,True,3,185,validate:031,validate,31,194.10000610351562,197.06356216702773,2.963556063512101,156
development_source_contiguous_cv,primary_instrument1_full,primary,1,1,4,development_combined,CG-FPLS-code,ok,ok,True,3,186,validate:032,validate,32,197.5,193.7848650061704,-3.7151349938295937,156
development_source_contiguous_cv,primary_instrument1_full,primary,1,1,4,development_combined,Raw FPLS,ok,ok,True,17,93,calibrate:094,calibrate,94,172.39999389648438,177.2779930006663,4.877999104181924,156
development_source_contiguous_cv,primary_instrument1_full,primary,1,1,4,development_combined,Raw FPLS,ok,ok,True,17,94,calibrate:095,calibrate,95,172.0,172.64881290770234,0.6488129077023359,156
development_source_contiguous_cv,primary_instrument1_full,primary,1,1,4,development_combined,Raw FPLS,ok,ok,True,17,95,calibrate:096,calibrate,96,171.60000610351562,172.01007652255805,0.4100704190424267,156
development_source_contiguous_cv,primary_instrument1_full,primary,1,1,4,development_combined,Raw FPLS,ok,ok,True,17,96,calibrate:097,calibrate,97,204.0,203.9162074966627,-0.0837925033372926,156
development_source_contiguous_cv,primary_instrument1_full,primary,1,1,4,development_combined,Raw FPLS,ok,ok,True,17,97,calibrate:098,calibrate,98,183.8000030517578,186.6450853991536,2.8450823473957882,156
development_source_contiguous_cv,primary_instrument1_full,primary,1,1,4,development_combined,Raw FPLS,ok,ok,True,17,98,calibrate:099,calibrate,99,176.39999389648438,176.83987568866394,0.4398817921795626,156
development_source_contiguous_cv,primary_instrument1_full,primary,1,1,4,development_combined,Raw FPLS,ok,ok,True,17,99,calibrate:100,calibrate,100,219.3000030517578,216.61268120270728,-2.6873218490505337,156
development_source_contiguous_cv,primary_instrument1_full,primary,1,1,4,development_combined,Raw FPLS,ok,ok,True,17,100,calibrate:101,calibrate,101,216.5,218.07511141847766,1.5751114184776611,156
development_source_contiguous_cv,primary_instrument1_full,primary,1,1,4,development_combined,Raw FPLS,ok,ok,True,17,101,calibrate:102,calibrate,102,203.6999969482422,207.03193740976081,3.331940461518627,156
development_source_contiguous_cv,primary_instrument1_full,primary,1,1,4,development_combined,Raw FPLS,ok,ok,True,17,102,calibrate:103,calibrate,103,151.60000610351562,161.80629667865776,10.206290575142134,156
development_source_contiguous_cv,primary_instrument1_full,primary,1,1,4,development_combined,Raw FPLS,ok,ok,True,17,103,calibrate:104,calibrate,104,184.5,187.07382630035508,2.57382630035508,156
development_source_contiguous_cv,primary_instrument1_full,primary,1,1,4,development_combined,Raw FPLS,ok,ok,True,17,104,calibrate:105,calibrate,105,157.0,160.36329243785121,3.3632924378512143,156
development_source_contiguous_cv,primary_instrument1_full,primary,1,1,4,development_combined,Raw FPLS,ok,ok,True,17,105,calibrate:106,calibrate,106,160.39999389648438,160.48844267940828,0.0884487829239049,156
development_source_contiguous_cv,primary_instrument1_full,primary,1,1,4,development_combined,Raw FPLS,ok,ok,True,17,106,calibrate:107,calibrate,107,216.89999389648438,219.67415242886287,2.774158532378493,156
development_source_contiguous_cv,primary_instrument1_full,primary,1,1,4,development_combined,Raw FPLS,ok,ok,True,17,107,calibrate:108,calibrate,108,231.10000610351562,236.88938338212407,5.789377278608441,156
development_source_contiguous_cv,primary_instrument1_full,primary,1,1,4,development_combined,Raw FPLS,ok,ok,True,17,108,calibrate:109,calibrate,109,222.60000610351562,220.80171168230547,-1.7982944212101586,156
development_source_contiguous_cv,primary_instrument1_full,primary,1,1,4,development_combined,Raw FPLS,ok,ok,True,17,109,calibrate:110,calibrate,110,231.10000610351562,236.75822063392764,5.65821453041201,156
development_source_contiguous_cv,primary_instrument1_full,primary,1,1,4,development_combined,Raw FPLS,ok,ok,True,17,110,calibrate:111,calibrate,111,217.0,217.96122885940983,0.9612288594098288,156
development_source_contiguous_cv,primary_instrument1_full,primary,1,1,4,development_combined,Raw FPLS,ok,ok,True,17,111,calibrate:112,calibrate,112,220.0,219.62743266193286,-0.3725673380671424,156
development_source_contiguous_cv,primary_instrument1_full,primary,1,1,4,development_combined,Raw FPLS,ok,ok,True,17,112,calibrate:113,calibrate,113,219.39999389648438,221.18285127244684,1.7828573759624646,156
development_source_contiguous_cv,primary_instrument1_full,primary,1,1,4,development_combined,Raw FPLS,ok,ok,True,17,113,calibrate:114,calibrate,114,172.89999389648438,176.95305888984936,4.053064993364984,156
development_source_contiguous_cv,primary_instrument1_full,primary,1,1,4,development_combined,Raw FPLS,ok,ok,True,17,114,calibrate:115,calibrate,115,180.5,175.60731978456073,-4.89268021543927,156
development_source_contiguous_cv,primary_instrument1_full,primary,1,1,4,development_combined,Raw FPLS,ok,ok,True,17,115,calibrate:116,calibrate,116,209.5,202.7547130066412,-6.745286993358803,156
development_source_contiguous_cv,primary_instrument1_full,primary,1,1,4,development_combined,Raw FPLS,ok,ok,True,17,116,calibrate:117,calibrate,117,224.3000030517578,216.83107403057224,-7.4689290211855734,156
development_source_contiguous_cv,primary_instrument1_full,primary,1,1,4,development_combined,Raw FPLS,ok,ok,True,17,117,calibrate:118,calibrate,118,217.1999969482422,220.5554919957126,3.355495047470413,156
development_source_contiguous_cv,primary_instrument1_full,primary,1,1,4,development_combined,Raw FPLS,ok,ok,True,17,118,calibrate:119,calibrate,119,232.89999389648438,237.39540388300352,4.4954099865191495,156
development_source_contiguous_cv,primary_instrument1_full,primary,1,1,4,development_combined,Raw FPLS,ok,ok,True,17,119,calibrate:120,calibrate,120,204.60000610351562,205.2049392959654,0.6049331924497778,156
development_source_contiguous_cv,primary_instrument1_full,primary,1,1,4,development_combined,Raw FPLS,ok,ok,True,17,120,calibrate:121,calibrate,121,155.10000610351562,161.46449545944623,6.364489355930601,156
development_source_contiguous_cv,primary_instrument1_full,primary,1,1,4,development_combined,Raw FPLS,ok,ok,True,17,121,calibrate:122,calibrate,122,176.89999389648438,160.09321008841067,-16.806783808073703,156
development_source_contiguous_cv,primary_instrument1_full,primary,1,1,4,development_combined,Raw FPLS,ok,ok,True,17,122,calibrate:123,calibrate,123,188.0,187.715393505663,-0.28460649433699814,156
development_source_contiguous_cv,primary_instrument1_full,primary,1,1,4,development_combined,Raw FPLS,ok,ok,True,17,123,calibrate:124,calibrate,124,175.5,177.5350006726356,2.03500067263559,156
development_source_contiguous_cv,primary_instrument1_full,primary,1,1,4,development_combined,Raw FPLS,ok,ok,True,17,179,validate:025,validate,25,195.5,201.1642934353177,5.664293435317688,156
development_source_contiguous_cv,primary_instrument1_full,primary,1,1,4,development_combined,Raw FPLS,ok,ok,True,17,180,validate:026,validate,26,193.39999389648438,198.54871668168542,5.148722785201045,156
development_source_contiguous_cv,primary_instrument1_full,primary,1,1,4,development_combined,Raw FPLS,ok,ok,True,17,181,validate:027,validate,27,198.89999389648438,198.8203916788126,-0.079602217671777,156
development_source_contiguous_cv,primary_instrument1_full,primary,1,1,4,development_combined,Raw FPLS,ok,ok,True,17,182,validate:028,validate,28,195.0,200.55849461172357,5.5584946117235745,156
development_source_contiguous_cv,primary_instrument1_full,primary,1,1,4,development_combined,Raw FPLS,ok,ok,True,17,183,validate:029,validate,29,199.5,199.9012385701852,0.4012385701851997,156
development_source_contiguous_cv,primary_instrument1_full,primary,1,1,4,development_combined,Raw FPLS,ok,ok,True,17,184,validate:030,validate,30,196.8000030517578,199.58283059869197,2.7828275469341577,156
development_source_contiguous_cv,primary_instrument1_full,primary,1,1,4,development_combined,Raw FPLS,ok,ok,True,17,185,validate:031,validate,31,194.10000610351562,199.0926067848194,4.99260068130377,156
development_source_contiguous_cv,primary_instrument1_full,primary,1,1,4,development_combined,Raw FPLS,ok,ok,True,17,186,validate:032,validate,32,197.5,198.36096518916932,0.8609651891693204,156
development_source_contiguous_cv,primary_instrument1_full,primary,1,1,4,development_combined,Arnoldi FPLS,ok,ok,True,5,93,calibrate:094,calibrate,94,172.39999389648438,176.35639989182027,3.956405995335899,156
development_source_contiguous_cv,primary_instrument1_full,primary,1,1,4,development_combined,Arnoldi FPLS,ok,ok,True,5,94,calibrate:095,calibrate,95,172.0,173.20118764056113,1.2011876405611304,156
development_source_contiguous_cv,primary_instrument1_full,primary,1,1,4,development_combined,Arnoldi FPLS,ok,ok,True,5,95,calibrate:096,calibrate,96,171.60000610351562,171.38273442263812,-0.21727168087750215,156
development_source_contiguous_cv,primary_instrument1_full,primary,1,1,4,development_combined,Arnoldi FPLS,ok,ok,True,5,96,calibrate:097,calibrate,97,204.0,203.07055115711975,-0.9294488428802481,156
development_source_contiguous_cv,primary_instrument1_full,primary,1,1,4,development_combined,Arnoldi FPLS,ok,ok,True,5,97,calibrate:098,calibrate,98,183.8000030517578,187.53746164779596,3.7374585960381523,156
development_source_contiguous_cv,primary_instrument1_full,primary,1,1,4,development_combined,Arnoldi FPLS,ok,ok,True,5,98,calibrate:099,calibrate,99,176.39999389648438,177.5634304697051,1.1634365732207357,156
development_source_contiguous_cv,primary_instrument1_full,primary,1,1,4,development_combined,Arnoldi FPLS,ok,ok,True,5,99,calibrate:100,calibrate,100,219.3000030517578,217.68823522334225,-1.6117678284155659,156
development_source_contiguous_cv,primary_instrument1_full,primary,1,1,4,development_combined,Arnoldi FPLS,ok,ok,True,5,100,calibrate:101,calibrate,101,216.5,217.3669929943502,0.8669929943501984,156
development_source_contiguous_cv,primary_instrument1_full,primary,1,1,4,development_combined,Arnoldi FPLS,ok,ok,True,5,101,calibrate:102,calibrate,102,203.6999969482422,208.06039375830733,4.36039681006514,156
development_source_contiguous_cv,primary_instrument1_full,primary,1,1,4,development_combined,Arnoldi FPLS,ok,ok,True,5,102,calibrate:103,calibrate,103,151.60000610351562,162.07565907480506,10.475652971289435,156
development_source_contiguous_cv,primary_instrument1_full,primary,1,1,4,development_combined,Arnoldi FPLS,ok,ok,True,5,103,calibrate:104,calibrate,104,184.5,185.47059417759422,0.9705941775942222,156
development_source_contiguous_cv,primary_instrument1_full,primary,1,1,4,development_combined,Arnoldi FPLS,ok,ok,True,5,104,calibrate:105,calibrate,105,157.0,158.7717355713172,1.7717355713172083,156
development_source_contiguous_cv,primary_instrument1_full,primary,1,1,4,development_combined,Arnoldi FPLS,ok,ok,True,5,105,calibrate:106,calibrate,106,160.39999389648438,158.94099684491533,-1.4589970515690425,156
development_source_contiguous_cv,primary_instrument1_full,primary,1,1,4,development_combined,Arnoldi FPLS,ok,ok,True,5,106,calibrate:107,calibrate,107,216.89999389648438,219.5790116375368,2.6790177410524336,156
development_source_contiguous_cv,primary_instrument1_full,primary,1,1,4,development_combined,Arnoldi FPLS,ok,ok,True,5,107,calibrate:108,calibrate,108,231.10000610351562,236.7006413676471,5.600635264131483,156
development_source_contiguous_cv,primary_instrument1_full,primary,1,1,4,development_combined,Arnoldi FPLS,ok,ok,True,5,108,calibrate:109,calibrate,109,222.60000610351562,222.10266115245355,-0.4973449510620753,156
development_source_contiguous_cv,primary_instrument1_full,primary,1,1,4,development_combined,Arnoldi FPLS,ok,ok,True,5,109,calibrate:110,calibrate,110,231.10000610351562,236.21992505767264,5.119918954157015,156
development_source_contiguous_cv,primary_instrument1_full,primary,1,1,4,development_combined,Arnoldi FPLS,ok,ok,True,5,110,calibrate:111,calibrate,111,217.0,217.79652258611935,0.7965225861193517,156
development_source_contiguous_cv,primary_instrument1_full,primary,1,1,4,development_combined,Arnoldi FPLS,ok,ok,True,5,111,calibrate:112,calibrate,112,220.0,219.4238134882424,-0.5761865117576122,156
development_source_contiguous_cv,primary_instrument1_full,primary,1,1,4,development_combined,Arnoldi FPLS,ok,ok,True,5,112,calibrate:113,calibrate,113,219.39999389648438,219.54842468025254,0.14843078376816266,156
development_source_contiguous_cv,primary_instrument1_full,primary,1,1,4,development_combined,Arnoldi FPLS,ok,ok,True,5,113,calibrate:114,calibrate,114,172.89999389648438,177.64772637698977,4.747732480505391,156
development_source_contiguous_cv,primary_instrument1_full,primary,1,1,4,development_combined,Arnoldi FPLS,ok,ok,True,5,114,calibrate:115,calibrate,115,180.5,176.1135159785813,-4.38648402141871,156
development_source_contiguous_cv,primary_instrument1_full,primary,1,1,4,development_combined,Arnoldi FPLS,ok,ok,True,5,115,calibrate:116,calibrate,116,209.5,202.06813731359927,-7.431862686400734,156
development_source_contiguous_cv,primary_instrument1_full,primary,1,1,4,development_combined,Arnoldi FPLS,ok,ok,True,5,116,calibrate:117,calibrate,117,224.3000030517578,217.03608476357553,-7.263918288182282,156
development_source_contiguous_cv,primary_instrument1_full,primary,1,1,4,development_combined,Arnoldi FPLS,ok,ok,True,5,117,calibrate:118,calibrate,118,217.1999969482422,219.85895658985845,2.6589596416162635,156
development_source_contiguous_cv,primary_instrument1_full,primary,1,1,4,development_combined,Arnoldi FPLS,ok,ok,True,5,118,calibrate:119,calibrate,119,232.89999389648438,236.95196547579863,4.051971579314255,156
development_source_contiguous_cv,primary_instrument1_full,primary,1,1,4,development_combined,Arnoldi FPLS,ok,ok,True,5,119,calibrate:120,calibrate,120,204.60000610351562,206.09101677289513,1.4910106693795058,156
development_source_contiguous_cv,primary_instrument1_full,primary,1,1,4,development_combined,Arnoldi FPLS,ok,ok,True,5,120,calibrate:121,calibrate,121,155.10000610351562,159.72398753407728,4.623981430561656,156
development_source_contiguous_cv,primary_instrument1_full,primary,1,1,4,development_combined,Arnoldi FPLS,ok,ok,True,5,121,calibrate:122,calibrate,122,176.89999389648438,158.5491983785053,-18.350795517979066,156
development_source_contiguous_cv,primary_instrument1_full,primary,1,1,4,development_combined,Arnoldi FPLS,ok,ok,True,5,122,calibrate:123,calibrate,123,188.0,188.45869301887257,0.45869301887256597,156
development_source_contiguous_cv,primary_instrument1_full,primary,1,1,4,development_combined,Arnoldi FPLS,ok,ok,True,5,123,calibrate:124,calibrate,124,175.5,177.84961563704752,2.3496156370475205,156
development_source_contiguous_cv,primary_instrument1_full,primary,1,1,4,development_combined,Arnoldi FPLS,ok,ok,True,5,179,validate:025,validate,25,195.5,199.88013962136446,4.380139621364464,156
development_source_contiguous_cv,primary_instrument1_full,primary,1,1,4,development_combined,Arnoldi FPLS,ok,ok,True,5,180,validate:026,validate,26,193.39999389648438,199.14496327156044,5.744969375076067,156
development_source_contiguous_cv,primary_instrument1_full,primary,1,1,4,development_combined,Arnoldi FPLS,ok,ok,True,5,181,validate:027,validate,27,198.89999389648438,198.17118178037845,-0.728812116105928,156
development_source_contiguous_cv,primary_instrument1_full,primary,1,1,4,development_combined,Arnoldi FPLS,ok,ok,True,5,182,validate:028,validate,28,195.0,199.18330484166114,4.1833048416611405,156
development_source_contiguous_cv,primary_instrument1_full,primary,1,1,4,development_combined,Arnoldi FPLS,ok,ok,True,5,183,validate:029,validate,29,199.5,197.73613416433602,-1.763865835663978,156
development_source_contiguous_cv,primary_instrument1_full,primary,1,1,4,development_combined,Arnoldi FPLS,ok,ok,True,5,184,validate:030,validate,30,196.8000030517578,200.75690712384906,3.9569040720912483,156
development_source_contiguous_cv,primary_instrument1_full,primary,1,1,4,development_combined,Arnoldi FPLS,ok,ok,True,5,185,validate:031,validate,31,194.10000610351562,197.46615545859714,3.366149355081518,156
development_source_contiguous_cv,primary_instrument1_full,primary,1,1,4,development_combined,Arnoldi FPLS,ok,ok,True,5,186,validate:032,validate,32,197.5,196.7504128143451,-0.7495871856548888,156
development_source_contiguous_cv,primary_instrument1_full,primary,1,1,4,development_combined,FPCR,ok,ok,True,7,93,calibrate:094,calibrate,94,172.39999389648438,177.5548212749086,5.154827378424216,156
development_source_contiguous_cv,primary_instrument1_full,primary,1,1,4,development_combined,FPCR,ok,ok,True,7,94,calibrate:095,calibrate,95,172.0,173.33727176051195,1.3372717605119533,156
development_source_contiguous_cv,primary_instrument1_full,primary,1,1,4,development_combined,FPCR,ok,ok,True,7,95,calibrate:096,calibrate,96,171.60000610351562,172.10618843735728,0.5061823338416502,156
development_source_contiguous_cv,primary_instrument1_full,primary,1,1,4,development_combined,FPCR,ok,ok,True,7,96,calibrate:097,calibrate,97,204.0,204.22384893658565,0.22384893658565375,156
development_source_contiguous_cv,primary_instrument1_full,primary,1,1,4,development_combined,FPCR,ok,ok,True,7,97,calibrate:098,calibrate,98,183.8000030517578,187.5002468313422,3.700243779584383,156
development_source_contiguous_cv,primary_instrument1_full,primary,1,1,4,development_combined,FPCR,ok,ok,True,7,98,calibrate:099,calibrate,99,176.39999389648438,177.1046648741295,0.7046709776451223,156
development_source_contiguous_cv,primary_instrument1_full,primary,1,1,4,development_combined,FPCR,ok,ok,True,7,99,calibrate:100,calibrate,100,219.3000030517578,216.74175355265265,-2.558249499105159,156
development_source_contiguous_cv,primary_instrument1_full,primary,1,1,4,development_combined,FPCR,ok,ok,True,7,100,calibrate:101,calibrate,101,216.5,217.45799035700574,0.9579903570057411,156
development_source_contiguous_cv,primary_instrument1_full,primary,1,1,4,development_combined,FPCR,ok,ok,True,7,101,calibrate:102,calibrate,102,203.6999969482422,207.4892156007421,3.789218652499926,156
development_source_contiguous_cv,primary_instrument1_full,primary,1,1,4,development_combined,FPCR,ok,ok,True,7,102,calibrate:103,calibrate,103,151.60000610351562,161.95566582268228,10.355659719166653,156
development_source_contiguous_cv,primary_instrument1_full,primary,1,1,4,development_combined,FPCR,ok,ok,True,7,103,calibrate:104,calibrate,104,184.5,186.65241602831378,2.1524160283137803,156
development_source_contiguous_cv,primary_instrument1_full,primary,1,1,4,development_combined,FPCR,ok,ok,True,7,104,calibrate:105,calibrate,105,157.0,160.0953475707748,3.0953475707748055,156
development_source_contiguous_cv,primary_instrument1_full,primary,1,1,4,development_combined,FPCR,ok,ok,True,7,105,calibrate:106,calibrate,106,160.39999389648438,160.39213941223147,-0.007854484252902694,156
development_source_contiguous_cv,primary_instrument1_full,primary,1,1,4,development_combined,FPCR,ok,ok,True,7,106,calibrate:107,calibrate,107,216.89999389648438,219.40038198629102,2.5003880898066484,156
development_source_contiguous_cv,primary_instrument1_full,primary,1,1,4,development_combined,FPCR,ok,ok,True,7,107,calibrate:108,calibrate,108,231.10000610351562,237.4957923541533,6.395786250637684,156
development_source_contiguous_cv,primary_instrument1_full,primary,1,1,4,development_combined,FPCR,ok,ok,True,7,108,calibrate:109,calibrate,109,222.60000610351562,220.93152258292682,-1.6684835205888078,156
development_source_contiguous_cv,primary_instrument1_full,primary,1,1,4,development_combined,FPCR,ok,ok,True,7,109,calibrate:110,calibrate,110,231.10000610351562,238.29435618108744,7.194350077571812,156
development_source_contiguous_cv,primary_instrument1_full,primary,1,1,4,development_combined,FPCR,ok,ok,True,7,110,calibrate:111,calibrate,111,217.0,217.3142849058416,0.3142849058415891,156
development_source_contiguous_cv,primary_instrument1_full,primary,1,1,4,development_combined,FPCR,ok,ok,True,7,111,calibrate:112,calibrate,112,220.0,219.55915699778893,-0.44084300221106787,156
development_source_contiguous_cv,primary_instrument1_full,primary,1,1,4,development_combined,FPCR,ok,ok,True,7,112,calibrate:113,calibrate,113,219.39999389648438,220.49948131597495,1.099487419490572,156
development_source_contiguous_cv,primary_instrument1_full,primary,1,1,4,development_combined,FPCR,ok,ok,True,7,113,calibrate:114,calibrate,114,172.89999389648438,177.39387285826766,4.493878961783281,156
development_source_contiguous_cv,primary_instrument1_full,primary,1,1,4,development_combined,FPCR,ok,ok,True,7,114,calibrate:115,calibrate,115,180.5,176.1657862247614,-4.334213775238595,156
development_source_contiguous_cv,primary_instrument1_full,primary,1,1,4,development_combined,FPCR,ok,ok,True,7,115,calibrate:116,calibrate,116,209.5,198.6965126461224,-10.803487353877614,156
development_source_contiguous_cv,primary_instrument1_full,primary,1,1,4,development_combined,FPCR,ok,ok,True,7,116,calibrate:117,calibrate,117,224.3000030517578,217.41762174236,-6.8823813093978,156
development_source_contiguous_cv,primary_instrument1_full,primary,1,1,4,development_combined,FPCR,ok,ok,True,7,117,calibrate:118,calibrate,118,217.1999969482422,220.1683000478413,2.968303099599126,156
development_source_contiguous_cv,primary_instrument1_full,primary,1,1,4,development_combined,FPCR,ok,ok,True,7,118,calibrate:119,calibrate,119,232.89999389648438,236.9637056844438,4.06371178795942,156
development_source_contiguous_cv,primary_instrument1_full,primary,1,1,4,development_combined,FPCR,ok,ok,True,7,119,calibrate:120,calibrate,120,204.60000610351562,205.47093303062982,0.8709269271141977,156
development_source_contiguous_cv,primary_instrument1_full,primary,1,1,4,development_combined,FPCR,ok,ok,True,7,120,calibrate:121,calibrate,121,155.10000610351562,160.40950581353263,5.309499710017008,156
development_source_contiguous_cv,primary_instrument1_full,primary,1,1,4,development_combined,FPCR,ok,ok,True,7,121,calibrate:122,calibrate,122,176.89999389648438,159.24583342674586,-17.654160469738514,156
development_source_contiguous_cv,primary_instrument1_full,primary,1,1,4,development_combined,FPCR,ok,ok,True,7,122,calibrate:123,calibrate,123,188.0,188.3348145640742,0.3348145640742075,156
development_source_contiguous_cv,primary_instrument1_full,primary,1,1,4,development_combined,FPCR,ok,ok,True,7,123,calibrate:124,calibrate,124,175.5,178.85110925158548,3.351109251585484,156
development_source_contiguous_cv,primary_instrument1_full,primary,1,1,4,development_combined,FPCR,ok,ok,True,7,179,validate:025,validate,25,195.5,200.33034496429292,4.8303449642929195,156
development_source_contiguous_cv,primary_instrument1_full,primary,1,1,4,development_combined,FPCR,ok,ok,True,7,180,validate:026,validate,26,193.39999389648438,199.32311944604552,5.923125549561149,156
development_source_contiguous_cv,primary_instrument1_full,primary,1,1,4,development_combined,FPCR,ok,ok,True,7,181,validate:027,validate,27,198.89999389648438,197.12945207526556,-1.7705418212188135,156
development_source_contiguous_cv,primary_instrument1_full,primary,1,1,4,development_combined,FPCR,ok,ok,True,7,182,validate:028,validate,28,195.0,199.67241422896285,4.67241422896285,156
development_source_contiguous_cv,primary_instrument1_full,primary,1,1,4,development_combined,FPCR,ok,ok,True,7,183,validate:029,validate,29,199.5,197.88888957171162,-1.6111104282883844,156
development_source_contiguous_cv,primary_instrument1_full,primary,1,1,4,development_combined,FPCR,ok,ok,True,7,184,validate:030,validate,30,196.8000030517578,200.26657024585435,3.466567194096541,156
development_source_contiguous_cv,primary_instrument1_full,primary,1,1,4,development_combined,FPCR,ok,ok,True,7,185,validate:031,validate,31,194.10000610351562,198.64899169162558,4.548985588109957,156
development_source_contiguous_cv,primary_instrument1_full,primary,1,1,4,development_combined,FPCR,ok,ok,True,7,186,validate:032,validate,32,197.5,197.94932951625958,0.4493295162595814,156
development_source_contiguous_cv,primary_instrument1_full,primary,1,1,5,development_combined,CG-FPLS-code,ok,ok,True,3,124,calibrate:125,calibrate,125,154.8000030517578,163.6612320725263,8.86122902076849,156
development_source_contiguous_cv,primary_instrument1_full,primary,1,1,5,development_combined,CG-FPLS-code,ok,ok,True,3,125,calibrate:126,calibrate,126,181.0,167.3781488790516,-13.621851120948406,156
development_source_contiguous_cv,primary_instrument1_full,primary,1,1,5,development_combined,CG-FPLS-code,ok,ok,True,3,126,calibrate:127,calibrate,127,204.5,181.53051535433815,-22.96948464566185,156
development_source_contiguous_cv,primary_instrument1_full,primary,1,1,5,development_combined,CG-FPLS-code,ok,ok,True,3,127,calibrate:128,calibrate,128,239.10000610351562,232.67689672083833,-6.423109382677296,156
development_source_contiguous_cv,primary_instrument1_full,primary,1,1,5,development_combined,CG-FPLS-code,ok,ok,True,3,128,calibrate:129,calibrate,129,231.10000610351562,220.9844645685371,-10.115541534978519,156
development_source_contiguous_cv,primary_instrument1_full,primary,1,1,5,development_combined,CG-FPLS-code,ok,ok,True,3,129,calibrate:130,calibrate,130,154.60000610351562,169.0642382201597,14.46423211664407,156
development_source_contiguous_cv,primary_instrument1_full,primary,1,1,5,development_combined,CG-FPLS-code,ok,ok,True,3,130,calibrate:131,calibrate,131,184.5,182.88123981992234,-1.6187601800776577,156
development_source_contiguous_cv,primary_instrument1_full,primary,1,1,5,development_combined,CG-FPLS-code,ok,ok,True,3,131,calibrate:132,calibrate,132,206.3000030517578,202.48836394383085,-3.8116391079269647,156
development_source_contiguous_cv,primary_instrument1_full,primary,1,1,5,development_combined,CG-FPLS-code,ok,ok,True,3,132,calibrate:133,calibrate,133,186.6999969482422,196.63520734269028,9.935210394448092,156
development_source_contiguous_cv,primary_instrument1_full,primary,1,1,5,development_combined,CG-FPLS-code,ok,ok,True,3,133,calibrate:134,calibrate,134,192.8000030517578,189.3163885614022,-3.4836144903556203,156
development_source_contiguous_cv,primary_instrument1_full,primary,1,1,5,development_combined,CG-FPLS-code,ok,ok,True,3,134,calibrate:135,calibrate,135,188.6999969482422,189.3754657669809,0.6754688187387217,156
development_source_contiguous_cv,primary_instrument1_full,primary,1,1,5,development_combined,CG-FPLS-code,ok,ok,True,3,135,calibrate:136,calibrate,136,193.10000610351562,198.89751690184045,5.797510798324822,156
development_source_contiguous_cv,primary_instrument1_full,primary,1,1,5,development_combined,CG-FPLS-code,ok,ok,True,3,136,calibrate:137,calibrate,137,192.60000610351562,195.50005172374082,2.9000456202251996,156
development_source_contiguous_cv,primary_instrument1_full,primary,1,1,5,development_combined,CG-FPLS-code,ok,ok,True,3,137,calibrate:138,calibrate,138,195.89999389648438,188.2226121347081,-7.6773817617762745,156
development_source_contiguous_cv,primary_instrument1_full,primary,1,1,5,development_combined,CG-FPLS-code,ok,ok,True,3,138,calibrate:139,calibrate,139,191.1999969482422,199.9851732746029,8.785176326360698,156
development_source_contiguous_cv,primary_instrument1_full,primary,1,1,5,development_combined,CG-FPLS-code,ok,ok,True,3,139,calibrate:140,calibrate,140,193.3000030517578,199.6036814657842,6.303678414026393,156
development_source_contiguous_cv,primary_instrument1_full,primary,1,1,5,development_combined,CG-FPLS-code,ok,ok,True,3,140,calibrate:141,calibrate,141,197.1999969482422,190.05713113904463,-7.142865809197559,156
development_source_contiguous_cv,primary_instrument1_full,primary,1,1,5,development_combined,CG-FPLS-code,ok,ok,True,3,141,calibrate:142,calibrate,142,196.3000030517578,186.76996344429173,-9.53003960746608,156
development_source_contiguous_cv,primary_instrument1_full,primary,1,1,5,development_combined,CG-FPLS-code,ok,ok,True,3,142,calibrate:143,calibrate,143,196.60000610351562,192.69504617524785,-3.904959928267772,156
development_source_contiguous_cv,primary_instrument1_full,primary,1,1,5,development_combined,CG-FPLS-code,ok,ok,True,3,143,calibrate:144,calibrate,144,194.60000610351562,191.0593510601394,-3.5406550433762334,156
development_source_contiguous_cv,primary_instrument1_full,primary,1,1,5,development_combined,CG-FPLS-code,ok,ok,True,3,144,calibrate:145,calibrate,145,191.1999969482422,198.21012908351022,7.010132135268037,156
development_source_contiguous_cv,primary_instrument1_full,primary,1,1,5,development_combined,CG-FPLS-code,ok,ok,True,3,145,calibrate:146,calibrate,146,191.0,196.7634415483953,5.763441548395292,156
development_source_contiguous_cv,primary_instrument1_full,primary,1,1,5,development_combined,CG-FPLS-code,ok,ok,True,3,146,calibrate:147,calibrate,147,198.60000610351562,192.4402978637818,-6.159708239733817,156
development_source_contiguous_cv,primary_instrument1_full,primary,1,1,5,development_combined,CG-FPLS-code,ok,ok,True,3,147,calibrate:148,calibrate,148,197.8000030517578,190.3457917613829,-7.4542112903749,156
development_source_contiguous_cv,primary_instrument1_full,primary,1,1,5,development_combined,CG-FPLS-code,ok,ok,True,3,148,calibrate:149,calibrate,149,194.10000610351562,200.67973711953618,6.57973101602056,156
development_source_contiguous_cv,primary_instrument1_full,primary,1,1,5,development_combined,CG-FPLS-code,ok,ok,True,3,149,calibrate:150,calibrate,150,181.3000030517578,199.2104972460454,17.910494194287594,156
development_source_contiguous_cv,primary_instrument1_full,primary,1,1,5,development_combined,CG-FPLS-code,ok,ok,True,3,150,calibrate:151,calibrate,151,200.0,188.42213880277652,-11.577861197223484,156
development_source_contiguous_cv,primary_instrument1_full,primary,1,1,5,development_combined,CG-FPLS-code,ok,ok,True,3,151,calibrate:152,calibrate,152,201.39999389648438,185.40227011860216,-15.997723777882214,156
development_source_contiguous_cv,primary_instrument1_full,primary,1,1,5,development_combined,CG-FPLS-code,ok,ok,True,3,152,calibrate:153,calibrate,153,199.6999969482422,185.65121345230116,-14.048783495941024,156
development_source_contiguous_cv,primary_instrument1_full,primary,1,1,5,development_combined,CG-FPLS-code,ok,ok,True,3,153,calibrate:154,calibrate,154,201.5,184.48110126153546,-17.018898738464543,156
development_source_contiguous_cv,primary_instrument1_full,primary,1,1,5,development_combined,CG-FPLS-code,ok,ok,True,3,154,calibrate:155,calibrate,155,195.3000030517578,183.55003136773053,-11.749971684027287,156
development_source_contiguous_cv,primary_instrument1_full,primary,1,1,5,development_combined,CG-FPLS-code,ok,ok,True,3,187,validate:033,validate,33,194.1999969482422,194.9775969384206,0.7775999901784019,156
development_source_contiguous_cv,primary_instrument1_full,primary,1,1,5,development_combined,CG-FPLS-code,ok,ok,True,3,188,validate:034,validate,34,193.39999389648438,193.95571802304113,0.5557241265567541,156
development_source_contiguous_cv,primary_instrument1_full,primary,1,1,5,development_combined,CG-FPLS-code,ok,ok,True,3,189,validate:035,validate,35,196.6999969482422,194.99463365011403,-1.7053632981281623,156
development_source_contiguous_cv,primary_instrument1_full,primary,1,1,5,development_combined,CG-FPLS-code,ok,ok,True,3,190,validate:036,validate,36,194.6999969482422,198.8577530052292,4.157756056987012,156
development_source_contiguous_cv,primary_instrument1_full,primary,1,1,5,development_combined,CG-FPLS-code,ok,ok,True,3,191,validate:037,validate,37,197.0,192.1529082573803,-4.84709174261971,156
development_source_contiguous_cv,primary_instrument1_full,primary,1,1,5,development_combined,CG-FPLS-code,ok,ok,True,3,192,validate:038,validate,38,197.39999389648438,193.92751216303907,-3.4724817334453064,156
development_source_contiguous_cv,primary_instrument1_full,primary,1,1,5,development_combined,CG-FPLS-code,ok,ok,True,3,193,validate:039,validate,39,196.60000610351562,195.42942186204874,-1.1705842414668837,156
development_source_contiguous_cv,primary_instrument1_full,primary,1,1,5,development_combined,CG-FPLS-code,ok,ok,True,3,194,validate:040,validate,40,197.5,188.1068393288833,-9.393160671116703,156
development_source_contiguous_cv,primary_instrument1_full,primary,1,1,5,development_combined,Raw FPLS,ok,ok,True,51,124,calibrate:125,calibrate,125,154.8000030517578,159.51440621807038,4.7144031663125645,156
development_source_contiguous_cv,primary_instrument1_full,primary,1,1,5,development_combined,Raw FPLS,ok,ok,True,51,125,calibrate:126,calibrate,126,181.0,159.1971558995332,-21.802844100466814,156
development_source_contiguous_cv,primary_instrument1_full,primary,1,1,5,development_combined,Raw FPLS,ok,ok,True,51,126,calibrate:127,calibrate,127,204.5,185.6136240918549,-18.886375908145112,156
development_source_contiguous_cv,primary_instrument1_full,primary,1,1,5,development_combined,Raw FPLS,ok,ok,True,51,127,calibrate:128,calibrate,128,239.10000610351562,240.51786012615446,1.417854022638835,156
development_source_contiguous_cv,primary_instrument1_full,primary,1,1,5,development_combined,Raw FPLS,ok,ok,True,51,128,calibrate:129,calibrate,129,231.10000610351562,223.59561280163425,-7.504393301881379,156
development_source_contiguous_cv,primary_instrument1_full,primary,1,1,5,development_combined,Raw FPLS,ok,ok,True,51,129,calibrate:130,calibrate,130,154.60000610351562,159.63139908752356,5.031392984007937,156
development_source_contiguous_cv,primary_instrument1_full,primary,1,1,5,development_combined,Raw FPLS,ok,ok,True,51,130,calibrate:131,calibrate,131,184.5,185.16698015669778,0.6669801566977753,156
development_source_contiguous_cv,primary_instrument1_full,primary,1,1,5,development_combined,Raw FPLS,ok,ok,True,51,131,calibrate:132,calibrate,132,206.3000030517578,205.78394884569818,-0.5160542060596356,156
development_source_contiguous_cv,primary_instrument1_full,primary,1,1,5,development_combined,Raw FPLS,ok,ok,True,51,132,calibrate:133,calibrate,133,186.6999969482422,189.06172831822437,2.3617313699821807,156
development_source_contiguous_cv,primary_instrument1_full,primary,1,1,5,development_combined,Raw FPLS,ok,ok,True,51,133,calibrate:134,calibrate,134,192.8000030517578,191.6272607396497,-1.172742312108113,156
development_source_contiguous_cv,primary_instrument1_full,primary,1,1,5,development_combined,Raw FPLS,ok,ok,True,51,134,calibrate:135,calibrate,135,188.6999969482422,188.13553676708543,-0.5644601811567611,156
development_source_contiguous_cv,primary_instrument1_full,primary,1,1,5,development_combined,Raw FPLS,ok,ok,True,51,135,calibrate:136,calibrate,136,193.10000610351562,190.16491216531765,-2.93509393819798,156
development_source_contiguous_cv,primary_instrument1_full,primary,1,1,5,development_combined,Raw FPLS,ok,ok,True,51,136,calibrate:137,calibrate,137,192.60000610351562,184.40333002587028,-8.19667607764535,156
development_source_contiguous_cv,primary_instrument1_full,primary,1,1,5,development_combined,Raw FPLS,ok,ok,True,51,137,calibrate:138,calibrate,138,195.89999389648438,201.3022053341115,5.40221143762713,156
development_source_contiguous_cv,primary_instrument1_full,primary,1,1,5,development_combined,Raw FPLS,ok,ok,True,51,138,calibrate:139,calibrate,139,191.1999969482422,197.24003307934115,6.040036131098958,156
development_source_contiguous_cv,primary_instrument1_full,primary,1,1,5,development_combined,Raw FPLS,ok,ok,True,51,139,calibrate:140,calibrate,140,193.3000030517578,198.28842177849475,4.988418726736938,156
development_source_contiguous_cv,primary_instrument1_full,primary,1,1,5,development_combined,Raw FPLS,ok,ok,True,51,140,calibrate:141,calibrate,141,197.1999969482422,190.47990444753313,-6.7200925007090575,156
development_source_contiguous_cv,primary_instrument1_full,primary,1,1,5,development_combined,Raw FPLS,ok,ok,True,51,141,calibrate:142,calibrate,142,196.3000030517578,190.19372822430373,-6.106274827454087,156
development_source_contiguous_cv,primary_instrument1_full,primary,1,1,5,development_combined,Raw FPLS,ok,ok,True,51,142,calibrate:143,calibrate,143,196.60000610351562,190.23989726745359,-6.3601088360620395,156
development_source_contiguous_cv,primary_instrument1_full,primary,1,1,5,development_combined,Raw FPLS,ok,ok,True,51,143,calibrate:144,calibrate,144,194.60000610351562,186.91343881082125,-7.686567292694377,156
development_source_contiguous_cv,primary_instrument1_full,primary,1,1,5,development_combined,Raw FPLS,ok,ok,True,51,144,calibrate:145,calibrate,145,191.1999969482422,189.44978867494933,-1.7502082732928557,156
development_source_contiguous_cv,primary_instrument1_full,primary,1,1,5,development_combined,Raw FPLS,ok,ok,True,51,145,calibrate:146,calibrate,146,191.0,191.33396419223203,0.3339641922320311,156
development_source_contiguous_cv,primary_instrument1_full,primary,1,1,5,development_combined,Raw FPLS,ok,ok,True,51,146,calibrate:147,calibrate,147,198.60000610351562,184.86188585556496,-13.738120247950661,156
development_source_contiguous_cv,primary_instrument1_full,primary,1,1,5,development_combined,Raw FPLS,ok,ok,True,51,147,calibrate:148,calibrate,148,197.8000030517578,188.8481371091021,-8.9518659426557,156
development_source_contiguous_cv,primary_instrument1_full,primary,1,1,5,development_combined,Raw FPLS,ok,ok,True,51,148,calibrate:149,calibrate,149,194.10000610351562,189.3206609304827,-4.779345173032937,156
development_source_contiguous_cv,primary_instrument1_full,primary,1,1,5,development_combined,Raw FPLS,ok,ok,True,51,149,calibrate:150,calibrate,150,181.3000030517578,191.72453152616168,10.424528474403871,156
development_source_contiguous_cv,primary_instrument1_full,primary,1,1,5,development_combined,Raw FPLS,ok,ok,True,51,150,calibrate:151,calibrate,151,200.0,195.2587755492939,-4.741224450706113,156
development_source_contiguous_cv,primary_instrument1_full,primary,1,1,5,development_combined,Raw FPLS,ok,ok,True,51,151,calibrate:152,calibrate,152,201.39999389648438,194.79381880921977,-6.606175087264603,156
development_source_contiguous_cv,primary_instrument1_full,primary,1,1,5,development_combined,Raw FPLS,ok,ok,True,51,152,calibrate:153,calibrate,153,199.6999969482422,195.80540647854377,-3.8945904696984144,156
development_source_contiguous_cv,primary_instrument1_full,primary,1,1,5,development_combined,Raw FPLS,ok,ok,True,51,153,calibrate:154,calibrate,154,201.5,191.9498743558147,-9.5501256441853,156
development_source_contiguous_cv,primary_instrument1_full,primary,1,1,5,development_combined,Raw FPLS,ok,ok,True,51,154,calibrate:155,calibrate,155,195.3000030517578,191.97878854950966,-3.3212145022481536,156
development_source_contiguous_cv,primary_instrument1_full,primary,1,1,5,development_combined,Raw FPLS,ok,ok,True,51,187,validate:033,validate,33,194.1999969482422,200.61384478797405,6.413847839731858,156
development_source_contiguous_cv,primary_instrument1_full,primary,1,1,5,development_combined,Raw FPLS,ok,ok,True,51,188,validate:034,validate,34,193.39999389648438,197.1144979242749,3.7145040277905252,156
development_source_contiguous_cv,primary_instrument1_full,primary,1,1,5,development_combined,Raw FPLS,ok,ok,True,51,189,validate:035,validate,35,196.6999969482422,200.20696489896645,3.5069679507242597,156
development_source_contiguous_cv,primary_instrument1_full,primary,1,1,5,development_combined,Raw FPLS,ok,ok,True,51,190,validate:036,validate,36,194.6999969482422,199.6693282584992,4.969331310257019,156
development_source_contiguous_cv,primary_instrument1_full,primary,1,1,5,development_combined,Raw FPLS,ok,ok,True,51,191,validate:037,validate,37,197.0,198.4740580524395,1.4740580524394886,156
development_source_contiguous_cv,primary_instrument1_full,primary,1,1,5,development_combined,Raw FPLS,ok,ok,True,51,192,validate:038,validate,38,197.39999389648438,197.41442504532208,0.014431148837701357,156
development_source_contiguous_cv,primary_instrument1_full,primary,1,1,5,development_combined,Raw FPLS,ok,ok,True,51,193,validate:039,validate,39,196.60000610351562,198.2313434015369,1.6313372980212648,156
development_source_contiguous_cv,primary_instrument1_full,primary,1,1,5,development_combined,Raw FPLS,ok,ok,True,51,194,validate:040,validate,40,197.5,197.99487609870462,0.4948760987046228,156
development_source_contiguous_cv,primary_instrument1_full,primary,1,1,5,development_combined,Arnoldi FPLS,ok,ok,True,8,124,calibrate:125,calibrate,125,154.8000030517578,156.90555455952884,2.1055515077710254,156
development_source_contiguous_cv,primary_instrument1_full,primary,1,1,5,development_combined,Arnoldi FPLS,ok,ok,True,8,125,calibrate:126,calibrate,126,181.0,155.4195322377562,-25.580467762243813,156
development_source_contiguous_cv,primary_instrument1_full,primary,1,1,5,development_combined,Arnoldi FPLS,ok,ok,True,8,126,calibrate:127,calibrate,127,204.5,185.25912292454737,-19.24087707545263,156
development_source_contiguous_cv,primary_instrument1_full,primary,1,1,5,development_combined,Arnoldi FPLS,ok,ok,True,8,127,calibrate:128,calibrate,128,239.10000610351562,244.9032482748102,5.803242171294585,156
development_source_contiguous_cv,primary_instrument1_full,primary,1,1,5,development_combined,Arnoldi FPLS,ok,ok,True,8,128,calibrate:129,calibrate,129,231.10000610351562,227.8745089677799,-3.2254971357357363,156
development_source_contiguous_cv,primary_instrument1_full,primary,1,1,5,development_combined,Arnoldi FPLS,ok,ok,True,8,129,calibrate:130,calibrate,130,154.60000610351562,156.65624527722008,2.056239173704455,156
development_source_contiguous_cv,primary_instrument1_full,primary,1,1,5,development_combined,Arnoldi FPLS,ok,ok,True,8,130,calibrate:131,calibrate,131,184.5,190.21252602411298,5.712526024112975,156
development_source_contiguous_cv,primary_instrument1_full,primary,1,1,5,development_combined,Arnoldi FPLS,ok,ok,True,8,131,calibrate:132,calibrate,132,206.3000030517578,201.8131305768671,-4.486872474890703,156
development_source_contiguous_cv,primary_instrument1_full,primary,1,1,5,development_combined,Arnoldi FPLS,ok,ok,True,8,132,calibrate:133,calibrate,133,186.6999969482422,188.40936258396607,1.7093656357238842,156
development_source_contiguous_cv,primary_instrument1_full,primary,1,1,5,development_combined,Arnoldi FPLS,ok,ok,True,8,133,calibrate:134,calibrate,134,192.8000030517578,197.0132791623264,4.213276110568586,156
development_source_contiguous_cv,primary_instrument1_full,primary,1,1,5,development_combined,Arnoldi FPLS,ok,ok,True,8,134,calibrate:135,calibrate,135,188.6999969482422,191.7329155961912,3.0329186479490033,156
development_source_contiguous_cv,primary_instrument1_full,primary,1,1,5,development_combined,Arnoldi FPLS,ok,ok,True,8,135,calibrate:136,calibrate,136,193.10000610351562,180.92202264483743,-12.177983458678199,156
development_source_contiguous_cv,primary_instrument1_full,primary,1,1,5,development_combined,Arnoldi FPLS,ok,ok,True,8,136,calibrate:137,calibrate,137,192.60000610351562,177.7283469562242,-14.871659147291439,156
development_source_contiguous_cv,primary_instrument1_full,primary,1,1,5,development_combined,Arnoldi FPLS,ok,ok,True,8,137,calibrate:138,calibrate,138,195.89999389648438,202.6908060255051,6.790812129020736,156
development_source_contiguous_cv,primary_instrument1_full,primary,1,1,5,development_combined,Arnoldi FPLS,ok,ok,True,8,138,calibrate:139,calibrate,139,191.1999969482422,197.46054416060193,6.260547212359739,156
development_source_contiguous_cv,primary_instrument1_full,primary,1,1,5,development_combined,Arnoldi FPLS,ok,ok,True,8,139,calibrate:140,calibrate,140,193.3000030517578,198.2653241493784,4.965321097620574,156
development_source_contiguous_cv,primary_instrument1_full,primary,1,1,5,development_combined,Arnoldi FPLS,ok,ok,True,8,140,calibrate:141,calibrate,141,197.1999969482422,190.39571688700232,-6.804280061239865,156
development_source_contiguous_cv,primary_instrument1_full,primary,1,1,5,development_combined,Arnoldi FPLS,ok,ok,True,8,141,calibrate:142,calibrate,142,196.3000030517578,194.36661913933474,-1.9333839124230678,156
development_source_contiguous_cv,primary_instrument1_full,primary,1,1,5,development_combined,Arnoldi FPLS,ok,ok,True,8,142,calibrate:143,calibrate,143,196.60000610351562,192.312384806954,-4.287621296561639,156
development_source_contiguous_cv,primary_instrument1_full,primary,1,1,5,development_combined,Arnoldi FPLS,ok,ok,True,8,143,calibrate:144,calibrate,144,194.60000610351562,188.09833357904049,-6.50167252447514,156
development_source_contiguous_cv,primary_instrument1_full,primary,1,1,5,development_combined,Arnoldi FPLS,ok,ok,True,8,144,calibrate:145,calibrate,145,191.1999969482422,187.75216247378015,-3.4478344744620415,156
development_source_contiguous_cv,primary_instrument1_full,primary,1,1,5,development_combined,Arnoldi FPLS,ok,ok,True,8,145,calibrate:146,calibrate,146,191.0,194.28609909998463,3.286099099984625,156
development_source_contiguous_cv,primary_instrument1_full,primary,1,1,5,development_combined,Arnoldi FPLS,ok,ok,True,8,146,calibrate:147,calibrate,147,198.60000610351562,182.39056276868126,-16.20944333483436,156
development_source_contiguous_cv,primary_instrument1_full,primary,1,1,5,development_combined,Arnoldi FPLS,ok,ok,True,8,147,calibrate:148,calibrate,148,197.8000030517578,193.00788614298452,-4.792116908773295,156
development_source_contiguous_cv,primary_instrument1_full,primary,1,1,5,development_combined,Arnoldi FPLS,ok,ok,True,8,148,calibrate:149,calibrate,149,194.10000610351562,186.48721070191507,-7.61279540160055,156
development_source_contiguous_cv,primary_instrument1_full,primary,1,1,5,development_combined,Arnoldi FPLS,ok,ok,True,8,149,calibrate:150,calibrate,150,181.3000030517578,189.82479576687007,8.524792715112255,156
development_source_contiguous_cv,primary_instrument1_full,primary,1,1,5,development_combined,Arnoldi FPLS,ok,ok,True,8,150,calibrate:151,calibrate,151,200.0,194.6000558649811,-5.399944135018899,156
development_source_contiguous_cv,primary_instrument1_full,primary,1,1,5,development_combined,Arnoldi FPLS,ok,ok,True,8,151,calibrate:152,calibrate,152,201.39999389648438,192.85386390140573,-8.546129995078644,156
development_source_contiguous_cv,primary_instrument1_full,primary,1,1,5,development_combined,Arnoldi FPLS,ok,ok,True,8,152,calibrate:153,calibrate,153,199.6999969482422,198.63227338545462,-1.0677235627875632,156
development_source_contiguous_cv,primary_instrument1_full,primary,1,1,5,development_combined,Arnoldi FPLS,ok,ok,True,8,153,calibrate:154,calibrate,154,201.5,193.98058370241887,-7.519416297581131,156
development_source_contiguous_cv,primary_instrument1_full,primary,1,1,5,development_combined,Arnoldi FPLS,ok,ok,True,8,154,calibrate:155,calibrate,155,195.3000030517578,195.43432241800727,0.13431936624945706,156
development_source_contiguous_cv,primary_instrument1_full,primary,1,1,5,development_combined,Arnoldi FPLS,ok,ok,True,8,187,validate:033,validate,33,194.1999969482422,197.42527179469732,3.225274846455136,156
development_source_contiguous_cv,primary_instrument1_full,primary,1,1,5,development_combined,Arnoldi FPLS,ok,ok,True,8,188,validate:034,validate,34,193.39999389648438,198.20997522853833,4.809981332053951,156
development_source_contiguous_cv,primary_instrument1_full,primary,1,1,5,development_combined,Arnoldi FPLS,ok,ok,True,8,189,validate:035,validate,35,196.6999969482422,197.00563337805377,0.30563642981158523,156
development_source_contiguous_cv,primary_instrument1_full,primary,1,1,5,development_combined,Arnoldi FPLS,ok,ok,True,8,190,validate:036,validate,36,194.6999969482422,198.44464968164633,3.7446527334041377,156
development_source_contiguous_cv,primary_instrument1_full,primary,1,1,5,development_combined,Arnoldi FPLS,ok,ok,True,8,191,validate:037,validate,37,197.0,198.2426535786389,1.2426535786389081,156
development_source_contiguous_cv,primary_instrument1_full,primary,1,1,5,development_combined,Arnoldi FPLS,ok,ok,True,8,192,validate:038,validate,38,197.39999389648438,196.0440604664193,-1.355933430065079,156
development_source_contiguous_cv,primary_instrument1_full,primary,1,1,5,development_combined,Arnoldi FPLS,ok,ok,True,8,193,validate:039,validate,39,196.60000610351562,197.83245759824007,1.2324514947244438,156
development_source_contiguous_cv,primary_instrument1_full,primary,1,1,5,development_combined,Arnoldi FPLS,ok,ok,True,8,194,validate:040,validate,40,197.5,197.7757680686865,0.27576806868648873,156
development_source_contiguous_cv,primary_instrument1_full,primary,1,1,5,development_combined,FPCR,ok,ok,True,46,124,calibrate:125,calibrate,125,154.8000030517578,151.65385241535938,-3.1461506363984313,156
development_source_contiguous_cv,primary_instrument1_full,primary,1,1,5,development_combined,FPCR,ok,ok,True,46,125,calibrate:126,calibrate,126,181.0,152.3006952315642,-28.69930476843581,156
development_source_contiguous_cv,primary_instrument1_full,primary,1,1,5,development_combined,FPCR,ok,ok,True,46,126,calibrate:127,calibrate,127,204.5,184.52560045971114,-19.974399540288857,156
development_source_contiguous_cv,primary_instrument1_full,primary,1,1,5,development_combined,FPCR,ok,ok,True,46,127,calibrate:128,calibrate,128,239.10000610351562,246.16350505241576,7.063498948900133,156
development_source_contiguous_cv,primary_instrument1_full,primary,1,1,5,development_combined,FPCR,ok,ok,True,46,128,calibrate:129,calibrate,129,231.10000610351562,224.00438978639156,-7.095616317124069,156
development_source_contiguous_cv,primary_instrument1_full,primary,1,1,5,development_combined,FPCR,ok,ok,True,46,129,calibrate:130,calibrate,130,154.60000610351562,156.40193461655107,1.801928513035449,156
development_source_contiguous_cv,primary_instrument1_full,primary,1,1,5,development_combined,FPCR,ok,ok,True,46,130,calibrate:131,calibrate,131,184.5,188.1903132867233,3.6903132867232955,156
development_source_contiguous_cv,primary_instrument1_full,primary,1,1,5,development_combined,FPCR,ok,ok,True,46,131,calibrate:132,calibrate,132,206.3000030517578,203.01586665807133,-3.284136393686481,156
development_source_contiguous_cv,primary_instrument1_full,primary,1,1,5,development_combined,FPCR,ok,ok,True,46,132,calibrate:133,calibrate,133,186.6999969482422,191.1406044018078,4.440607453565605,156
development_source_contiguous_cv,primary_instrument1_full,primary,1,1,5,development_combined,FPCR,ok,ok,True,46,133,calibrate:134,calibrate,134,192.8000030517578,195.90789288891665,3.1078898371588366,156
development_source_contiguous_cv,primary_instrument1_full,primary,1,1,5,development_combined,FPCR,ok,ok,True,46,134,calibrate:135,calibrate,135,188.6999969482422,191.7907670375365,3.090770089294324,156
development_source_contiguous_cv,primary_instrument1_full,primary,1,1,5,development_combined,FPCR,ok,ok,True,46,135,calibrate:136,calibrate,136,193.10000610351562,182.63433594272175,-10.465670160793877,156
development_source_contiguous_cv,primary_instrument1_full,primary,1,1,5,development_combined,FPCR,ok,ok,True,46,136,calibrate:137,calibrate,137,192.60000610351562,176.7144941868488,-15.885511916666815,156
development_source_contiguous_cv,primary_instrument1_full,primary,1,1,5,development_combined,FPCR,ok,ok,True,46,137,calibrate:138,calibrate,138,195.89999389648438,203.8262841373119,7.926290240827512,156
development_source_contiguous_cv,primary_instrument1_full,primary,1,1,5,development_combined,FPCR,ok,ok,True,46,138,calibrate:139,calibrate,139,191.1999969482422,197.15225819714036,5.952261248898168,156
development_source_contiguous_cv,primary_instrument1_full,primary,1,1,5,development_combined,FPCR,ok,ok,True,46,139,calibrate:140,calibrate,140,193.3000030517578,199.3323536756787,6.032350623920877,156
development_source_contiguous_cv,primary_instrument1_full,primary,1,1,5,development_combined,FPCR,ok,ok,True,46,140,calibrate:141,calibrate,141,197.1999969482422,191.22638723178466,-5.973609716457531,156
development_source_contiguous_cv,primary_instrument1_full,primary,1,1,5,development_combined,FPCR,ok,ok,True,46,141,calibrate:142,calibrate,142,196.3000030517578,198.10645479014553,1.8064517383877217,156
development_source_contiguous_cv,primary_instrument1_full,primary,1,1,5,development_combined,FPCR,ok,ok,True,46,142,calibrate:143,calibrate,143,196.60000610351562,195.5779305528823,-1.0220755506333319,156
development_source_contiguous_cv,primary_instrument1_full,primary,1,1,5,development_combined,FPCR,ok,ok,True,46,143,calibrate:144,calibrate,144,194.60000610351562,190.1724986181914,-4.427507485324213,156
development_source_contiguous_cv,primary_instrument1_full,primary,1,1,5,development_combined,FPCR,ok,ok,True,46,144,calibrate:145,calibrate,145,191.1999969482422,191.68375016970992,0.4837532214677367,156
development_source_contiguous_cv,primary_instrument1_full,primary,1,1,5,development_combined,FPCR,ok,ok,True,46,145,calibrate:146,calibrate,146,191.0,199.6732720124867,8.673272012486706,156
development_source_contiguous_cv,primary_instrument1_full,primary,1,1,5,development_combined,FPCR,ok,ok,True,46,146,calibrate:147,calibrate,147,198.60000610351562,182.78600019824805,-15.814005905267578,156
development_source_contiguous_cv,primary_instrument1_full,primary,1,1,5,development_combined,FPCR,ok,ok,True,46,147,calibrate:148,calibrate,148,197.8000030517578,197.700844700888,-0.09915835086979996,156
development_source_contiguous_cv,primary_instrument1_full,primary,1,1,5,development_combined,FPCR,ok,ok,True,46,148,calibrate:149,calibrate,149,194.10000610351562,182.79500676024327,-11.304999343272357,156
development_source_contiguous_cv,primary_instrument1_full,primary,1,1,5,development_combined,FPCR,ok,ok,True,46,149,calibrate:150,calibrate,150,181.3000030517578,189.98502823412448,8.685025182366672,156
development_source_contiguous_cv,primary_instrument1_full,primary,1,1,5,development_combined,FPCR,ok,ok,True,46,150,calibrate:151,calibrate,151,200.0,195.30363970280865,-4.696360297191347,156
development_source_contiguous_cv,primary_instrument1_full,primary,1,1,5,development_combined,FPCR,ok,ok,True,46,151,calibrate:152,calibrate,152,201.39999389648438,195.32254831790408,-6.077445578580296,156
development_source_contiguous_cv,primary_instrument1_full,primary,1,1,5,development_combined,FPCR,ok,ok,True,46,152,calibrate:153,calibrate,153,199.6999969482422,201.06340464708342,1.363407698841229,156
development_source_contiguous_cv,primary_instrument1_full,primary,1,1,5,development_combined,FPCR,ok,ok,True,46,153,calibrate:154,calibrate,154,201.5,196.85016848158713,-4.649831518412867,156
development_source_contiguous_cv,primary_instrument1_full,primary,1,1,5,development_combined,FPCR,ok,ok,True,46,154,calibrate:155,calibrate,155,195.3000030517578,197.05488477400655,1.75488172224874,156
development_source_contiguous_cv,primary_instrument1_full,primary,1,1,5,development_combined,FPCR,ok,ok,True,46,187,validate:033,validate,33,194.1999969482422,195.39370889175504,1.1937119435128523,156
development_source_contiguous_cv,primary_instrument1_full,primary,1,1,5,development_combined,FPCR,ok,ok,True,46,188,validate:034,validate,34,193.39999389648438,195.70701047194248,2.307016575458107,156
development_source_contiguous_cv,primary_instrument1_full,primary,1,1,5,development_combined,FPCR,ok,ok,True,46,189,validate:035,validate,35,196.6999969482422,195.3528665314912,-1.3471304167509857,156
development_source_contiguous_cv,primary_instrument1_full,primary,1,1,5,development_combined,FPCR,ok,ok,True,46,190,validate:036,validate,36,194.6999969482422,199.01094579175128,4.310948843509095,156
development_source_contiguous_cv,primary_instrument1_full,primary,1,1,5,development_combined,FPCR,ok,ok,True,46,191,validate:037,validate,37,197.0,198.93564934624254,1.935649346242542,156
development_source_contiguous_cv,primary_instrument1_full,primary,1,1,5,development_combined,FPCR,ok,ok,True,46,192,validate:038,validate,38,197.39999389648438,196.70569283207723,-0.6943010644071421,156
development_source_contiguous_cv,primary_instrument1_full,primary,1,1,5,development_combined,FPCR,ok,ok,True,46,193,validate:039,validate,39,196.60000610351562,199.96513091750677,3.3651248139911445,156
development_source_contiguous_cv,primary_instrument1_full,primary,1,1,5,development_combined,FPCR,ok,ok,True,46,194,validate:040,validate,40,197.5,200.19934499216168,2.6993449921616843,156
original_split_sensitivity,primary_instrument1_full,primary,1,1,1,validation_split_local,CG-FPLS-code,ok,ok,True,3,0,validate:001,validate,1,189.0,197.63636526853813,8.636365268538128,155
original_split_sensitivity,primary_instrument1_full,primary,1,1,1,validation_split_local,CG-FPLS-code,ok,ok,True,3,1,validate:002,validate,2,188.1999969482422,200.78315397765886,12.583157029416668,155
original_split_sensitivity,primary_instrument1_full,primary,1,1,1,validation_split_local,CG-FPLS-code,ok,ok,True,3,2,validate:003,validate,3,191.89999389648438,191.92780528127702,0.027811384792642002,155
original_split_sensitivity,primary_instrument1_full,primary,1,1,1,validation_split_local,CG-FPLS-code,ok,ok,True,3,3,validate:004,validate,4,189.39999389648438,199.88221137252683,10.48221747604245,155
original_split_sensitivity,primary_instrument1_full,primary,1,1,1,validation_split_local,CG-FPLS-code,ok,ok,True,3,4,validate:005,validate,5,195.1999969482422,201.21698016407117,6.016983215828986,155
original_split_sensitivity,primary_instrument1_full,primary,1,1,1,validation_split_local,CG-FPLS-code,ok,ok,True,3,5,validate:006,validate,6,194.5,199.00579590545786,4.505795905457859,155
original_split_sensitivity,primary_instrument1_full,primary,1,1,1,validation_split_local,CG-FPLS-code,ok,ok,True,3,6,validate:007,validate,7,195.89999389648438,197.12613239682975,1.226138500345371,155
original_split_sensitivity,primary_instrument1_full,primary,1,1,1,validation_split_local,CG-FPLS-code,ok,ok,True,3,7,validate:008,validate,8,194.89999389648438,198.5655264682208,3.665532571736435,155
original_split_sensitivity,primary_instrument1_full,primary,1,1,1,validation_split_local,CG-FPLS-code,ok,ok,True,3,8,validate:009,validate,9,195.8000030517578,191.60324223815178,-4.1967608136060335,155
original_split_sensitivity,primary_instrument1_full,primary,1,1,1,validation_split_local,CG-FPLS-code,ok,ok,True,3,9,validate:010,validate,10,193.8000030517578,202.66209900100893,8.862095949251113,155
original_split_sensitivity,primary_instrument1_full,primary,1,1,1,validation_split_local,CG-FPLS-code,ok,ok,True,3,10,validate:011,validate,11,195.10000610351562,190.14414474420389,-4.95586135931174,155
original_split_sensitivity,primary_instrument1_full,primary,1,1,1,validation_split_local,CG-FPLS-code,ok,ok,True,3,11,validate:012,validate,12,193.8000030517578,188.9327660598389,-4.867236991918901,155
original_split_sensitivity,primary_instrument1_full,primary,1,1,1,validation_split_local,CG-FPLS-code,ok,ok,True,3,12,validate:013,validate,13,194.5,205.49066418593893,10.990664185938925,155
original_split_sensitivity,primary_instrument1_full,primary,1,1,1,validation_split_local,CG-FPLS-code,ok,ok,True,3,13,validate:014,validate,14,197.5,200.38128147177108,2.881281471771075,155
original_split_sensitivity,primary_instrument1_full,primary,1,1,1,validation_split_local,CG-FPLS-code,ok,ok,True,3,14,validate:015,validate,15,195.10000610351562,201.75647828248364,6.656472178968016,155
original_split_sensitivity,primary_instrument1_full,primary,1,1,1,validation_split_local,CG-FPLS-code,ok,ok,True,3,15,validate:016,validate,16,193.60000610351562,200.96933815247596,7.369332048960331,155
original_split_sensitivity,primary_instrument1_full,primary,1,1,1,validation_split_local,CG-FPLS-code,ok,ok,True,3,16,validate:017,validate,17,194.6999969482422,200.58433013502878,5.884333186786591,155
original_split_sensitivity,primary_instrument1_full,primary,1,1,1,validation_split_local,CG-FPLS-code,ok,ok,True,3,17,validate:018,validate,18,195.39999389648438,196.47364297402382,1.073649077539443,155
original_split_sensitivity,primary_instrument1_full,primary,1,1,1,validation_split_local,CG-FPLS-code,ok,ok,True,3,18,validate:019,validate,19,191.8000030517578,202.72291043146552,10.92290737970771,155
original_split_sensitivity,primary_instrument1_full,primary,1,1,1,validation_split_local,CG-FPLS-code,ok,ok,True,3,19,validate:020,validate,20,196.3000030517578,198.09546267307974,1.7954596213219247,155
original_split_sensitivity,primary_instrument1_full,primary,1,1,1,validation_split_local,CG-FPLS-code,ok,ok,True,3,20,validate:021,validate,21,195.10000610351562,195.76020634842112,0.6602002449054964,155
original_split_sensitivity,primary_instrument1_full,primary,1,1,1,validation_split_local,CG-FPLS-code,ok,ok,True,3,21,validate:022,validate,22,194.0,193.42204445366707,-0.5779555463329302,155
original_split_sensitivity,primary_instrument1_full,primary,1,1,1,validation_split_local,CG-FPLS-code,ok,ok,True,3,22,validate:023,validate,23,194.5,199.343175474058,4.843175474058,155
original_split_sensitivity,primary_instrument1_full,primary,1,1,1,validation_split_local,CG-FPLS-code,ok,ok,True,3,23,validate:024,validate,24,193.60000610351562,203.21368391730118,9.613677813785557,155
original_split_sensitivity,primary_instrument1_full,primary,1,1,1,validation_split_local,CG-FPLS-code,ok,ok,True,3,24,validate:025,validate,25,195.5,190.3122884867991,-5.187711513200895,155
original_split_sensitivity,primary_instrument1_full,primary,1,1,1,validation_split_local,CG-FPLS-code,ok,ok,True,3,25,validate:026,validate,26,193.39999389648438,202.79090368756553,9.390909791081157,155
original_split_sensitivity,primary_instrument1_full,primary,1,1,1,validation_split_local,CG-FPLS-code,ok,ok,True,3,26,validate:027,validate,27,198.89999389648438,200.73136313448205,1.8313692379976771,155
original_split_sensitivity,primary_instrument1_full,primary,1,1,1,validation_split_local,CG-FPLS-code,ok,ok,True,3,27,validate:028,validate,28,195.0,196.1746926173725,1.1746926173725,155
original_split_sensitivity,primary_instrument1_full,primary,1,1,1,validation_split_local,CG-FPLS-code,ok,ok,True,3,28,validate:029,validate,29,199.5,192.84513241387623,-6.654867586123771,155
original_split_sensitivity,primary_instrument1_full,primary,1,1,1,validation_split_local,CG-FPLS-code,ok,ok,True,3,29,validate:030,validate,30,196.8000030517578,196.46428598991315,-0.33571706184466166,155
original_split_sensitivity,primary_instrument1_full,primary,1,1,1,validation_split_local,CG-FPLS-code,ok,ok,True,3,30,validate:031,validate,31,194.10000610351562,193.1132436597354,-0.9867624437802363,155
original_split_sensitivity,primary_instrument1_full,primary,1,1,1,validation_split_local,CG-FPLS-code,ok,ok,True,3,31,validate:032,validate,32,197.5,188.47923512780113,-9.020764872198868,155
original_split_sensitivity,primary_instrument1_full,primary,1,1,1,validation_split_local,CG-FPLS-code,ok,ok,True,3,32,validate:033,validate,33,194.1999969482422,195.0875856078819,0.8875886596397038,155
original_split_sensitivity,primary_instrument1_full,primary,1,1,1,validation_split_local,CG-FPLS-code,ok,ok,True,3,33,validate:034,validate,34,193.39999389648438,195.30438233225382,1.904388435769448,155
original_split_sensitivity,primary_instrument1_full,primary,1,1,1,validation_split_local,CG-FPLS-code,ok,ok,True,3,34,validate:035,validate,35,196.6999969482422,195.1265331932722,-1.5734637549699926,155
original_split_sensitivity,primary_instrument1_full,primary,1,1,1,validation_split_local,CG-FPLS-code,ok,ok,True,3,35,validate:036,validate,36,194.6999969482422,199.39382933050632,4.693832382264134,155
original_split_sensitivity,primary_instrument1_full,primary,1,1,1,validation_split_local,CG-FPLS-code,ok,ok,True,3,36,validate:037,validate,37,197.0,193.12303392523617,-3.8769660747638284,155
original_split_sensitivity,primary_instrument1_full,primary,1,1,1,validation_split_local,CG-FPLS-code,ok,ok,True,3,37,validate:038,validate,38,197.39999389648438,194.68171422443004,-2.7182796720543365,155
original_split_sensitivity,primary_instrument1_full,primary,1,1,1,validation_split_local,CG-FPLS-code,ok,ok,True,3,38,validate:039,validate,39,196.60000610351562,196.23936494301412,-0.3606411605015012,155
original_split_sensitivity,primary_instrument1_full,primary,1,1,1,validation_split_local,CG-FPLS-code,ok,ok,True,3,39,validate:040,validate,40,197.5,188.57834753283768,-8.921652467162318,155
original_split_sensitivity,primary_instrument1_full,primary,1,1,1,validation_split_local,Raw FPLS,ok,ok,True,49,0,validate:001,validate,1,189.0,191.60887166010772,2.6088716601077238,155
original_split_sensitivity,primary_instrument1_full,primary,1,1,1,validation_split_local,Raw FPLS,ok,ok,True,49,1,validate:002,validate,2,188.1999969482422,192.41778453172387,4.21778758348168,155
original_split_sensitivity,primary_instrument1_full,primary,1,1,1,validation_split_local,Raw FPLS,ok,ok,True,49,2,validate:003,validate,3,191.89999389648438,198.06496814356356,6.164974247079186,155
original_split_sensitivity,primary_instrument1_full,primary,1,1,1,validation_split_local,Raw FPLS,ok,ok,True,49,3,validate:004,validate,4,189.39999389648438,193.04130621172422,3.641312315239844,155
original_split_sensitivity,primary_instrument1_full,primary,1,1,1,validation_split_local,Raw FPLS,ok,ok,True,49,4,validate:005,validate,5,195.1999969482422,195.07499687680377,-0.1250000714384214,155
original_split_sensitivity,primary_instrument1_full,primary,1,1,1,validation_split_local,Raw FPLS,ok,ok,True,49,5,validate:006,validate,6,194.5,190.8831835974091,-3.6168164025908993,155
original_split_sensitivity,primary_instrument1_full,primary,1,1,1,validation_split_local,Raw FPLS,ok,ok,True,49,6,validate:007,validate,7,195.89999389648438,193.93757524586204,-1.9624186506223396,155
original_split_sensitivity,primary_instrument1_full,primary,1,1,1,validation_split_local,Raw FPLS,ok,ok,True,49,7,validate:008,validate,8,194.89999389648438,192.63395193746268,-2.266041959021692,155
original_split_sensitivity,primary_instrument1_full,primary,1,1,1,validation_split_local,Raw FPLS,ok,ok,True,49,8,validate:009,validate,9,195.8000030517578,194.1346197328323,-1.6653833189255067,155
original_split_sensitivity,primary_instrument1_full,primary,1,1,1,validation_split_local,Raw FPLS,ok,ok,True,49,9,validate:010,validate,10,193.8000030517578,189.71409009548026,-4.085912956277554,155
original_split_sensitivity,primary_instrument1_full,primary,1,1,1,validation_split_local,Raw FPLS,ok,ok,True,49,10,validate:011,validate,11,195.10000610351562,193.07265462054775,-2.027351482967873,155
original_split_sensitivity,primary_instrument1_full,primary,1,1,1,validation_split_local,Raw FPLS,ok,ok,True,49,11,validate:012,validate,12,193.8000030517578,190.3195251263399,-3.4804779254179152,155
original_split_sensitivity,primary_instrument1_full,primary,1,1,1,validation_split_local,Raw FPLS,ok,ok,True,49,12,validate:013,validate,13,194.5,194.78192136079315,0.2819213607931488,155
original_split_sensitivity,primary_instrument1_full,primary,1,1,1,validation_split_local,Raw FPLS,ok,ok,True,49,13,validate:014,validate,14,197.5,192.9547682220002,-4.545231777999788,155
original_split_sensitivity,primary_instrument1_full,primary,1,1,1,validation_split_local,Raw FPLS,ok,ok,True,49,14,validate:015,validate,15,195.10000610351562,190.62447732970622,-4.475528773809401,155
original_split_sensitivity,primary_instrument1_full,primary,1,1,1,validation_split_local,Raw FPLS,ok,ok,True,49,15,validate:016,validate,16,193.60000610351562,192.31567305469912,-1.2843330488165066,155
original_split_sensitivity,primary_instrument1_full,primary,1,1,1,validation_split_local,Raw FPLS,ok,ok,True,49,16,validate:017,validate,17,194.6999969482422,193.36937604077409,-1.3306209074681021,155
original_split_sensitivity,primary_instrument1_full,primary,1,1,1,validation_split_local,Raw FPLS,ok,ok,True,49,17,validate:018,validate,18,195.39999389648438,193.01346572614273,-2.3865281703416485,155
original_split_sensitivity,primary_instrument1_full,primary,1,1,1,validation_split_local,Raw FPLS,ok,ok,True,49,18,validate:019,validate,19,191.8000030517578,190.8402045720347,-0.959798479723105,155
original_split_sensitivity,primary_instrument1_full,primary,1,1,1,validation_split_local,Raw FPLS,ok,ok,True,49,19,validate:020,validate,20,196.3000030517578,191.55698613659692,-4.743016915160894,155
original_split_sensitivity,primary_instrument1_full,primary,1,1,1,validation_split_local,Raw FPLS,ok,ok,True,49,20,validate:021,validate,21,195.10000610351562,200.24484045024937,5.144834346733745,155
original_split_sensitivity,primary_instrument1_full,primary,1,1,1,validation_split_local,Raw FPLS,ok,ok,True,49,21,validate:022,validate,22,194.0,201.62449839559355,7.624498395593548,155
original_split_sensitivity,primary_instrument1_full,primary,1,1,1,validation_split_local,Raw FPLS,ok,ok,True,49,22,validate:023,validate,23,194.5,200.30462204214948,5.804622042149475,155
original_split_sensitivity,primary_instrument1_full,primary,1,1,1,validation_split_local,Raw FPLS,ok,ok,True,49,23,validate:024,validate,24,193.60000610351562,198.7549304103741,5.154924306858476,155
original_split_sensitivity,primary_instrument1_full,primary,1,1,1,validation_split_local,Raw FPLS,ok,ok,True,49,24,validate:025,validate,25,195.5,202.32985914382925,6.829859143829253,155
original_split_sensitivity,primary_instrument1_full,primary,1,1,1,validation_split_local,Raw FPLS,ok,ok,True,49,25,validate:026,validate,26,193.39999389648438,199.22927895625105,5.829285059766676,155
original_split_sensitivity,primary_instrument1_full,primary,1,1,1,validation_split_local,Raw FPLS,ok,ok,True,49,26,validate:027,validate,27,198.89999389648438,198.930778404654,0.030784508169631408,155
original_split_sensitivity,primary_instrument1_full,primary,1,1,1,validation_split_local,Raw FPLS,ok,ok,True,49,27,validate:028,validate,28,195.0,201.6507513653923,6.650751365392296,155
original_split_sensitivity,primary_instrument1_full,primary,1,1,1,validation_split_local,Raw FPLS,ok,ok,True,49,28,validate:029,validate,29,199.5,201.2481747760345,1.7481747760344888,155
original_split_sensitivity,primary_instrument1_full,primary,1,1,1,validation_split_local,Raw FPLS,ok,ok,True,49,29,validate:030,validate,30,196.8000030517578,200.4843050188642,3.684301967106393,155
original_split_sensitivity,primary_instrument1_full,primary,1,1,1,validation_split_local,Raw FPLS,ok,ok,True,49,30,validate:031,validate,31,194.10000610351562,200.06972142792733,5.969715324411709,155
original_split_sensitivity,primary_instrument1_full,primary,1,1,1,validation_split_local,Raw FPLS,ok,ok,True,49,31,validate:032,validate,32,197.5,198.8260758474439,1.3260758474438887,155
original_split_sensitivity,primary_instrument1_full,primary,1,1,1,validation_split_local,Raw FPLS,ok,ok,True,49,32,validate:033,validate,33,194.1999969482422,200.05985010113397,5.859853152891787,155
original_split_sensitivity,primary_instrument1_full,primary,1,1,1,validation_split_local,Raw FPLS,ok,ok,True,49,33,validate:034,validate,34,193.39999389648438,200.2009103098642,6.800916413379838,155
original_split_sensitivity,primary_instrument1_full,primary,1,1,1,validation_split_local,Raw FPLS,ok,ok,True,49,34,validate:035,validate,35,196.6999969482422,199.88254120489592,3.1825442566537276,155
original_split_sensitivity,primary_instrument1_full,primary,1,1,1,validation_split_local,Raw FPLS,ok,ok,True,49,35,validate:036,validate,36,194.6999969482422,200.02584715615328,5.325850207911088,155
original_split_sensitivity,primary_instrument1_full,primary,1,1,1,validation_split_local,Raw FPLS,ok,ok,True,49,36,validate:037,validate,37,197.0,200.92516179129123,3.925161791291231,155
original_split_sensitivity,primary_instrument1_full,primary,1,1,1,validation_split_local,Raw FPLS,ok,ok,True,49,37,validate:038,validate,38,197.39999389648438,199.48279782064375,2.0828039241593785,155
original_split_sensitivity,primary_instrument1_full,primary,1,1,1,validation_split_local,Raw FPLS,ok,ok,True,49,38,validate:039,validate,39,196.60000610351562,198.66284378801387,2.0628376844982483,155
original_split_sensitivity,primary_instrument1_full,primary,1,1,1,validation_split_local,Raw FPLS,ok,ok,True,49,39,validate:040,validate,40,197.5,200.49750120870257,2.997501208702573,155
original_split_sensitivity,primary_instrument1_full,primary,1,1,1,validation_split_local,Arnoldi FPLS,ok,ok,True,5,0,validate:001,validate,1,189.0,191.6107054022038,2.6107054022037914,155
original_split_sensitivity,primary_instrument1_full,primary,1,1,1,validation_split_local,Arnoldi FPLS,ok,ok,True,5,1,validate:002,validate,2,188.1999969482422,191.8945644991867,3.6945675509445266,155
original_split_sensitivity,primary_instrument1_full,primary,1,1,1,validation_split_local,Arnoldi FPLS,ok,ok,True,5,2,validate:003,validate,3,191.89999389648438,199.58802615697246,7.688032260488086,155
original_split_sensitivity,primary_instrument1_full,primary,1,1,1,validation_split_local,Arnoldi FPLS,ok,ok,True,5,3,validate:004,validate,4,189.39999389648438,192.95778304153356,3.5577891450491848,155
original_split_sensitivity,primary_instrument1_full,primary,1,1,1,validation_split_local,Arnoldi FPLS,ok,ok,True,5,4,validate:005,validate,5,195.1999969482422,195.00417118117056,-0.19582576707162502,155
original_split_sensitivity,primary_instrument1_full,primary,1,1,1,validation_split_local,Arnoldi FPLS,ok,ok,True,5,5,validate:006,validate,6,194.5,190.87999039596846,-3.6200096040315373,155
original_split_sensitivity,primary_instrument1_full,primary,1,1,1,validation_split_local,Arnoldi FPLS,ok,ok,True,5,6,validate:007,validate,7,195.89999389648438,193.2325740486514,-2.6674198478329743,155
original_split_sensitivity,primary_instrument1_full,primary,1,1,1,validation_split_local,Arnoldi FPLS,ok,ok,True,5,7,validate:008,validate,8,194.89999389648438,192.33215454768435,-2.567839348800021,155
original_split_sensitivity,primary_instrument1_full,primary,1,1,1,validation_split_local,Arnoldi FPLS,ok,ok,True,5,8,validate:009,validate,9,195.8000030517578,193.96421918778805,-1.8357838639697661,155
original_split_sensitivity,primary_instrument1_full,primary,1,1,1,validation_split_local,Arnoldi FPLS,ok,ok,True,5,9,validate:010,validate,10,193.8000030517578,189.52283691722502,-4.277166134532791,155
original_split_sensitivity,primary_instrument1_full,primary,1,1,1,validation_split_local,Arnoldi FPLS,ok,ok,True,5,10,validate:011,validate,11,195.10000610351562,194.2511378206921,-0.8488682828235312,155
original_split_sensitivity,primary_instrument1_full,primary,1,1,1,validation_split_local,Arnoldi FPLS,ok,ok,True,5,11,validate:012,validate,12,193.8000030517578,190.57737536730377,-3.2226276844540394,155
original_split_sensitivity,primary_instrument1_full,primary,1,1,1,validation_split_local,Arnoldi FPLS,ok,ok,True,5,12,validate:013,validate,13,194.5,194.4500014230245,-0.049998576975497144,155
original_split_sensitivity,primary_instrument1_full,primary,1,1,1,validation_split_local,Arnoldi FPLS,ok,ok,True,5,13,validate:014,validate,14,197.5,192.2715214654903,-5.228478534509691,155
original_split_sensitivity,primary_instrument1_full,primary,1,1,1,validation_split_local,Arnoldi FPLS,ok,ok,True,5,14,validate:015,validate,15,195.10000610351562,189.91609967751802,-5.1839064259976055,155
original_split_sensitivity,primary_instrument1_full,primary,1,1,1,validation_split_local,Arnoldi FPLS,ok,ok,True,5,15,validate:016,validate,16,193.60000610351562,191.95332136726296,-1.6466847362526664,155
original_split_sensitivity,primary_instrument1_full,primary,1,1,1,validation_split_local,Arnoldi FPLS,ok,ok,True,5,16,validate:017,validate,17,194.6999969482422,193.01099388887323,-1.6890030593689573,155
original_split_sensitivity,primary_instrument1_full,primary,1,1,1,validation_split_local,Arnoldi FPLS,ok,ok,True,5,17,validate:018,validate,18,195.39999389648438,191.93684414919667,-3.4631497472877015,155
original_split_sensitivity,primary_instrument1_full,primary,1,1,1,validation_split_local,Arnoldi FPLS,ok,ok,True,5,18,validate:019,validate,19,191.8000030517578,190.73531146650814,-1.064691585249676,155
original_split_sensitivity,primary_instrument1_full,primary,1,1,1,validation_split_local,Arnoldi FPLS,ok,ok,True,5,19,validate:020,validate,20,196.3000030517578,191.3515213020839,-4.948481749673903,155
original_split_sensitivity,primary_instrument1_full,primary,1,1,1,validation_split_local,Arnoldi FPLS,ok,ok,True,5,20,validate:021,validate,21,195.10000610351562,201.25788505150553,6.1578789479899,155
original_split_sensitivity,primary_instrument1_full,primary,1,1,1,validation_split_local,Arnoldi FPLS,ok,ok,True,5,21,validate:022,validate,22,194.0,200.49719745815716,6.49719745815716,155
original_split_sensitivity,primary_instrument1_full,primary,1,1,1,validation_split_local,Arnoldi FPLS,ok,ok,True,5,22,validate:023,validate,23,194.5,200.8870610238589,6.387061023858905,155
original_split_sensitivity,primary_instrument1_full,primary,1,1,1,validation_split_local,Arnoldi FPLS,ok,ok,True,5,23,validate:024,validate,24,193.60000610351562,197.9208590300886,4.320852926572968,155
original_split_sensitivity,primary_instrument1_full,primary,1,1,1,validation_split_local,Arnoldi FPLS,ok,ok,True,5,24,validate:025,validate,25,195.5,201.4856705266801,5.98567052668011,155
original_split_sensitivity,primary_instrument1_full,primary,1,1,1,validation_split_local,Arnoldi FPLS,ok,ok,True,5,25,validate:026,validate,26,193.39999389648438,199.6443171770869,6.244323280602515,155
original_split_sensitivity,primary_instrument1_full,primary,1,1,1,validation_split_local,Arnoldi FPLS,ok,ok,True,5,26,validate:027,validate,27,198.89999389648438,198.36006386285086,-0.5399300336335102,155
original_split_sensitivity,primary_instrument1_full,primary,1,1,1,validation_split_local,Arnoldi FPLS,ok,ok,True,5,27,validate:028,validate,28,195.0,200.424613661273,5.424613661273014,155
original_split_sensitivity,primary_instrument1_full,primary,1,1,1,validation_split_local,Arnoldi FPLS,ok,ok,True,5,28,validate:029,validate,29,199.5,199.6291748894724,0.1291748894724094,155
original_split_sensitivity,primary_instrument1_full,primary,1,1,1,validation_split_local,Arnoldi FPLS,ok,ok,True,5,29,validate:030,validate,30,196.8000030517578,201.696748652981,4.896745601223188,155
original_split_sensitivity,primary_instrument1_full,primary,1,1,1,validation_split_local,Arnoldi FPLS,ok,ok,True,5,30,validate:031,validate,31,194.10000610351562,198.65242122155962,4.552415118043996,155
original_split_sensitivity,primary_instrument1_full,primary,1,1,1,validation_split_local,Arnoldi FPLS,ok,ok,True,5,31,validate:032,validate,32,197.5,197.63998339042763,0.13998339042763064,155
original_split_sensitivity,primary_instrument1_full,primary,1,1,1,validation_split_local,Arnoldi FPLS,ok,ok,True,5,32,validate:033,validate,33,194.1999969482422,200.92473216181185,6.724735213569659,155
original_split_sensitivity,primary_instrument1_full,primary,1,1,1,validation_split_local,Arnoldi FPLS,ok,ok,True,5,33,validate:034,validate,34,193.39999389648438,198.99273400690967,5.5927401104252965,155
original_split_sensitivity,primary_instrument1_full,primary,1,1,1,validation_split_local,Arnoldi FPLS,ok,ok,True,5,34,validate:035,validate,35,196.6999969482422,200.76213634793584,4.062139399693649,155
original_split_sensitivity,primary_instrument1_full,primary,1,1,1,validation_split_local,Arnoldi FPLS,ok,ok,True,5,35,validate:036,validate,36,194.6999969482422,200.81958078008796,6.119583831845773,155
original_split_sensitivity,primary_instrument1_full,primary,1,1,1,validation_split_local,Arnoldi FPLS,ok,ok,True,5,36,validate:037,validate,37,197.0,199.87574614780286,2.8757461478028574,155
original_split_sensitivity,primary_instrument1_full,primary,1,1,1,validation_split_local,Arnoldi FPLS,ok,ok,True,5,37,validate:038,validate,38,197.39999389648438,198.54195386528568,1.1419599688013022,155
original_split_sensitivity,primary_instrument1_full,primary,1,1,1,validation_split_local,Arnoldi FPLS,ok,ok,True,5,38,validate:039,validate,39,196.60000610351562,199.47541679486017,2.875410691344541,155
original_split_sensitivity,primary_instrument1_full,primary,1,1,1,validation_split_local,Arnoldi FPLS,ok,ok,True,5,39,validate:040,validate,40,197.5,199.09827046276578,1.5982704627657824,155
original_split_sensitivity,primary_instrument1_full,primary,1,1,1,validation_split_local,FPCR,ok,ok,True,7,0,validate:001,validate,1,189.0,191.14896237059085,2.1489623705908514,155
original_split_sensitivity,primary_instrument1_full,primary,1,1,1,validation_split_local,FPCR,ok,ok,True,7,1,validate:002,validate,2,188.1999969482422,191.65499332795255,3.4549963797103658,155
original_split_sensitivity,primary_instrument1_full,primary,1,1,1,validation_split_local,FPCR,ok,ok,True,7,2,validate:003,validate,3,191.89999389648438,198.41192889192445,6.511934995440072,155
original_split_sensitivity,primary_instrument1_full,primary,1,1,1,validation_split_local,FPCR,ok,ok,True,7,3,validate:004,validate,4,189.39999389648438,192.88960478273893,3.489610886254553,155
original_split_sensitivity,primary_instrument1_full,primary,1,1,1,validation_split_local,FPCR,ok,ok,True,7,4,validate:005,validate,5,195.1999969482422,194.85253597738455,-0.3474609708576395,155
original_split_sensitivity,primary_instrument1_full,primary,1,1,1,validation_split_local,FPCR,ok,ok,True,7,5,validate:006,validate,6,194.5,191.3864685237801,-3.1135314762198902,155
original_split_sensitivity,primary_instrument1_full,primary,1,1,1,validation_split_local,FPCR,ok,ok,True,7,6,validate:007,validate,7,195.89999389648438,193.8656025116387,-2.0343913848456623,155
original_split_sensitivity,primary_instrument1_full,primary,1,1,1,validation_split_local,FPCR,ok,ok,True,7,7,validate:008,validate,8,194.89999389648438,192.7481704478585,-2.151823448625862,155
original_split_sensitivity,primary_instrument1_full,primary,1,1,1,validation_split_local,FPCR,ok,ok,True,7,8,validate:009,validate,9,195.8000030517578,194.67268797455685,-1.1273150772009615,155
original_split_sensitivity,primary_instrument1_full,primary,1,1,1,validation_split_local,FPCR,ok,ok,True,7,9,validate:010,validate,10,193.8000030517578,191.16147844101533,-2.638524610742479,155
original_split_sensitivity,primary_instrument1_full,primary,1,1,1,validation_split_local,FPCR,ok,ok,True,7,10,validate:011,validate,11,195.10000610351562,194.37092319071175,-0.7290829128038752,155
original_split_sensitivity,primary_instrument1_full,primary,1,1,1,validation_split_local,FPCR,ok,ok,True,7,11,validate:012,validate,12,193.8000030517578,188.15393802632502,-5.64606502543279,155
original_split_sensitivity,primary_instrument1_full,primary,1,1,1,validation_split_local,FPCR,ok,ok,True,7,12,validate:013,validate,13,194.5,194.63889441817753,0.13889441817752868,155
original_split_sensitivity,primary_instrument1_full,primary,1,1,1,validation_split_local,FPCR,ok,ok,True,7,13,validate:014,validate,14,197.5,192.64112841890974,-4.858871581090256,155
original_split_sensitivity,primary_instrument1_full,primary,1,1,1,validation_split_local,FPCR,ok,ok,True,7,14,validate:015,validate,15,195.10000610351562,191.471926348745,-3.6280797547706243,155
original_split_sensitivity,primary_instrument1_full,primary,1,1,1,validation_split_local,FPCR,ok,ok,True,7,15,validate:016,validate,16,193.60000610351562,191.83242231961347,-1.767583783902154,155
original_split_sensitivity,primary_instrument1_full,primary,1,1,1,validation_split_local,FPCR,ok,ok,True,7,16,validate:017,validate,17,194.6999969482422,194.02505719763877,-0.6749397506034143,155
original_split_sensitivity,primary_instrument1_full,primary,1,1,1,validation_split_local,FPCR,ok,ok,True,7,17,validate:018,validate,18,195.39999389648438,192.29266506052969,-3.1073288359546893,155
original_split_sensitivity,primary_instrument1_full,primary,1,1,1,validation_split_local,FPCR,ok,ok,True,7,18,validate:019,validate,19,191.8000030517578,191.1563874651169,-0.6436155866409194,155
original_split_sensitivity,primary_instrument1_full,primary,1,1,1,validation_split_local,FPCR,ok,ok,True,7,19,validate:020,validate,20,196.3000030517578,192.2805599502203,-4.019443101537519,155
original_split_sensitivity,primary_instrument1_full,primary,1,1,1,validation_split_local,FPCR,ok,ok,True,7,20,validate:021,validate,21,195.10000610351562,200.64497523521325,5.544969131697627,155
original_split_sensitivity,primary_instrument1_full,primary,1,1,1,validation_split_local,FPCR,ok,ok,True,7,21,validate:022,validate,22,194.0,200.78128958408342,6.781289584083424,155
original_split_sensitivity,primary_instrument1_full,primary,1,1,1,validation_split_local,FPCR,ok,ok,True,7,22,validate:023,validate,23,194.5,200.15669283687927,5.656692836879273,155
original_split_sensitivity,primary_instrument1_full,primary,1,1,1,validation_split_local,FPCR,ok,ok,True,7,23,validate:024,validate,24,193.60000610351562,199.202329135567,5.602323032051373,155
original_split_sensitivity,primary_instrument1_full,primary,1,1,1,validation_split_local,FPCR,ok,ok,True,7,24,validate:025,validate,25,195.5,201.7866176223156,6.286617622315589,155
original_split_sensitivity,primary_instrument1_full,primary,1,1,1,validation_split_local,FPCR,ok,ok,True,7,25,validate:026,validate,26,193.39999389648438,199.9568972849312,6.556903388446813,155
original_split_sensitivity,primary_instrument1_full,primary,1,1,1,validation_split_local,FPCR,ok,ok,True,7,26,validate:027,validate,27,198.89999389648438,197.00845205640977,-1.8915418400746091,155
original_split_sensitivity,primary_instrument1_full,primary,1,1,1,validation_split_local,FPCR,ok,ok,True,7,27,validate:028,validate,28,195.0,201.08368462186561,6.083684621865615,155
original_split_sensitivity,primary_instrument1_full,primary,1,1,1,validation_split_local,FPCR,ok,ok,True,7,28,validate:029,validate,29,199.5,200.1486791998054,0.6486791998054002,155
original_split_sensitivity,primary_instrument1_full,primary,1,1,1,validation_split_local,FPCR,ok,ok,True,7,29,validate:030,validate,30,196.8000030517578,200.51718966985226,3.717186618094445,155
original_split_sensitivity,primary_instrument1_full,primary,1,1,1,validation_split_local,FPCR,ok,ok,True,7,30,validate:031,validate,31,194.10000610351562,199.5486854219854,5.448679318469772,155
original_split_sensitivity,primary_instrument1_full,primary,1,1,1,validation_split_local,FPCR,ok,ok,True,7,31,validate:032,validate,32,197.5,199.35716591323586,1.8571659132358604,155
original_split_sensitivity,primary_instrument1_full,primary,1,1,1,validation_split_local,FPCR,ok,ok,True,7,32,validate:033,validate,33,194.1999969482422,200.23633454505332,6.036337596811137,155
original_split_sensitivity,primary_instrument1_full,primary,1,1,1,validation_split_local,FPCR,ok,ok,True,7,33,validate:034,validate,34,193.39999389648438,198.777987050323,5.3779931538386165,155
original_split_sensitivity,primary_instrument1_full,primary,1,1,1,validation_split_local,FPCR,ok,ok,True,7,34,validate:035,validate,35,196.6999969482422,200.05840612366836,3.358409175426175,155
original_split_sensitivity,primary_instrument1_full,primary,1,1,1,validation_split_local,FPCR,ok,ok,True,7,35,validate:036,validate,36,194.6999969482422,199.7640353288068,5.064038380564625,155
original_split_sensitivity,primary_instrument1_full,primary,1,1,1,validation_split_local,FPCR,ok,ok,True,7,36,validate:037,validate,37,197.0,200.2362836304309,3.236283630430904,155
original_split_sensitivity,primary_instrument1_full,primary,1,1,1,validation_split_local,FPCR,ok,ok,True,7,37,validate:038,validate,38,197.39999389648438,198.671975237873,1.2719813413886243,155
original_split_sensitivity,primary_instrument1_full,primary,1,1,1,validation_split_local,FPCR,ok,ok,True,7,38,validate:039,validate,39,196.60000610351562,199.43709494814001,2.8370888446243896,155
original_split_sensitivity,primary_instrument1_full,primary,1,1,1,validation_split_local,FPCR,ok,ok,True,7,39,validate:040,validate,40,197.5,199.23113641510304,1.7311364151030375,155
