analysis,repeat,assignment_level,index_scope,fold,data_index_zero_based,tablet_id,source_split,source_row_one_based
development_repeated_nested_cv,1,outer_validation,development_combined,1,2,calibrate:003,calibrate,3
development_repeated_nested_cv,1,outer_validation,development_combined,1,3,calibrate:004,calibrate,4
development_repeated_nested_cv,1,outer_validation,development_combined,1,5,calibrate:006,calibrate,6
development_repeated_nested_cv,1,outer_validation,development_combined,1,9,calibrate:010,calibrate,10
development_repeated_nested_cv,1,outer_validation,development_combined,1,11,calibrate:012,calibrate,12
development_repeated_nested_cv,1,outer_validation,development_combined,1,15,calibrate:016,calibrate,16
development_repeated_nested_cv,1,outer_validation,development_combined,1,16,calibrate:017,calibrate,17
development_repeated_nested_cv,1,outer_validation,development_combined,1,27,calibrate:028,calibrate,28
development_repeated_nested_cv,1,outer_validation,development_combined,1,35,calibrate:036,calibrate,36
development_repeated_nested_cv,1,outer_validation,development_combined,1,40,calibrate:041,calibrate,41
development_repeated_nested_cv,1,outer_validation,development_combined,1,42,calibrate:043,calibrate,43
development_repeated_nested_cv,1,outer_validation,development_combined,1,46,calibrate:047,calibrate,47
development_repeated_nested_cv,1,outer_validation,development_combined,1,49,calibrate:050,calibrate,50
development_repeated_nested_cv,1,outer_validation,development_combined,1,50,calibrate:051,calibrate,51
development_repeated_nested_cv,1,outer_validation,development_combined,1,51,calibrate:052,calibrate,52
development_repeated_nested_cv,1,outer_validation,development_combined,1,54,calibrate:055,calibrate,55
development_repeated_nested_cv,1,outer_validation,development_combined,1,73,calibrate:074,calibrate,74
development_repeated_nested_cv,1,outer_validation,development_combined,1,81,calibrate:082,calibrate,82
development_repeated_nested_cv,1,outer_validation,development_combined,1,88,calibrate:089,calibrate,89
development_repeated_nested_cv,1,outer_validation,development_combined,1,93,calibrate:094,calibrate,94
development_repeated_nested_cv,1,outer_validation,development_combined,1,100,calibrate:101,calibrate,101
development_repeated_nested_cv,1,outer_validation,development_combined,1,103,calibrate:104,calibrate,104
development_repeated_nested_cv,1,outer_validation,development_combined,1,104,calibrate:105,calibrate,105
development_repeated_nested_cv,1,outer_validation,development_combined,1,107,calibrate:108,calibrate,108
development_repeated_nested_cv,1,outer_validation,development_combined,1,111,calibrate:112,calibrate,112
development_repeated_nested_cv,1,outer_validation,development_combined,1,119,calibrate:120,calibrate,120
development_repeated_nested_cv,1,outer_validation,development_combined,1,125,calibrate:126,calibrate,126
development_repeated_nested_cv,1,outer_validation,development_combined,1,129,calibrate:130,calibrate,130
development_repeated_nested_cv,1,outer_validation,development_combined,1,130,calibrate:131,calibrate,131
development_repeated_nested_cv,1,outer_validation,development_combined,1,137,calibrate:138,calibrate,138
development_repeated_nested_cv,1,outer_validation,development_combined,1,144,calibrate:145,calibrate,145
development_repeated_nested_cv,1,outer_validation,development_combined,1,158,validate:004,validate,4
development_repeated_nested_cv,1,outer_validation,development_combined,1,166,validate:012,validate,12
development_repeated_nested_cv,1,outer_validation,development_combined,1,168,validate:014,validate,14
development_repeated_nested_cv,1,outer_validation,development_combined,1,169,validate:015,validate,15
development_repeated_nested_cv,1,outer_validation,development_combined,1,178,validate:024,validate,24
development_repeated_nested_cv,1,outer_validation,development_combined,1,179,validate:025,validate,25
development_repeated_nested_cv,1,outer_validation,development_combined,1,190,validate:036,validate,36
development_repeated_nested_cv,1,outer_validation,development_combined,1,191,validate:037,validate,37
development_repeated_nested_cv,1,outer_validation,development_combined,2,6,calibrate:007,calibrate,7
development_repeated_nested_cv,1,outer_validation,development_combined,2,8,calibrate:009,calibrate,9
development_repeated_nested_cv,1,outer_validation,development_combined,2,13,calibrate:014,calibrate,14
development_repeated_nested_cv,1,outer_validation,development_combined,2,20,calibrate:021,calibrate,21
development_repeated_nested_cv,1,outer_validation,development_combined,2,32,calibrate:033,calibrate,33
development_repeated_nested_cv,1,outer_validation,development_combined,2,33,calibrate:034,calibrate,34
development_repeated_nested_cv,1,outer_validation,development_combined,2,37,calibrate:038,calibrate,38
development_repeated_nested_cv,1,outer_validation,development_combined,2,39,calibrate:040,calibrate,40
development_repeated_nested_cv,1,outer_validation,development_combined,2,43,calibrate:044,calibrate,44
development_repeated_nested_cv,1,outer_validation,development_combined,2,47,calibrate:048,calibrate,48
development_repeated_nested_cv,1,outer_validation,development_combined,2,61,calibrate:062,calibrate,62
development_repeated_nested_cv,1,outer_validation,development_combined,2,67,calibrate:068,calibrate,68
development_repeated_nested_cv,1,outer_validation,development_combined,2,69,calibrate:070,calibrate,70
development_repeated_nested_cv,1,outer_validation,development_combined,2,71,calibrate:072,calibrate,72
development_repeated_nested_cv,1,outer_validation,development_combined,2,76,calibrate:077,calibrate,77
development_repeated_nested_cv,1,outer_validation,development_combined,2,79,calibrate:080,calibrate,80
development_repeated_nested_cv,1,outer_validation,development_combined,2,89,calibrate:090,calibrate,90
development_repeated_nested_cv,1,outer_validation,development_combined,2,90,calibrate:091,calibrate,91
development_repeated_nested_cv,1,outer_validation,development_combined,2,95,calibrate:096,calibrate,96
development_repeated_nested_cv,1,outer_validation,development_combined,2,96,calibrate:097,calibrate,97
development_repeated_nested_cv,1,outer_validation,development_combined,2,99,calibrate:100,calibrate,100
development_repeated_nested_cv,1,outer_validation,development_combined,2,108,calibrate:109,calibrate,109
development_repeated_nested_cv,1,outer_validation,development_combined,2,110,calibrate:111,calibrate,111
development_repeated_nested_cv,1,outer_validation,development_combined,2,120,calibrate:121,calibrate,121
development_repeated_nested_cv,1,outer_validation,development_combined,2,121,calibrate:122,calibrate,122
development_repeated_nested_cv,1,outer_validation,development_combined,2,127,calibrate:128,calibrate,128
development_repeated_nested_cv,1,outer_validation,development_combined,2,134,calibrate:135,calibrate,135
development_repeated_nested_cv,1,outer_validation,development_combined,2,135,calibrate:136,calibrate,136
development_repeated_nested_cv,1,outer_validation,development_combined,2,142,calibrate:143,calibrate,143
development_repeated_nested_cv,1,outer_validation,development_combined,2,148,calibrate:149,calibrate,149
development_repeated_nested_cv,1,outer_validation,development_combined,2,150,calibrate:151,calibrate,151
development_repeated_nested_cv,1,outer_validation,development_combined,2,156,validate:002,validate,2
development_repeated_nested_cv,1,outer_validation,development_combined,2,163,validate:009,validate,9
development_repeated_nested_cv,1,outer_validation,development_combined,2,167,validate:013,validate,13
development_repeated_nested_cv,1,outer_validation,development_combined,2,170,validate:016,validate,16
development_repeated_nested_cv,1,outer_validation,development_combined,2,175,validate:021,validate,21
development_repeated_nested_cv,1,outer_validation,development_combined,2,181,validate:027,validate,27
development_repeated_nested_cv,1,outer_validation,development_combined,2,185,validate:031,validate,31
development_repeated_nested_cv,1,outer_validation,development_combined,2,192,validate:038,validate,38
development_repeated_nested_cv,1,outer_validation,development_combined,3,0,calibrate:001,calibrate,1
development_repeated_nested_cv,1,outer_validation,development_combined,3,1,calibrate:002,calibrate,2
development_repeated_nested_cv,1,outer_validation,development_combined,3,22,calibrate:023,calibrate,23
development_repeated_nested_cv,1,outer_validation,development_combined,3,23,calibrate:024,calibrate,24
development_repeated_nested_cv,1,outer_validation,development_combined,3,24,calibrate:025,calibrate,25
development_repeated_nested_cv,1,outer_validation,development_combined,3,28,calibrate:029,calibrate,29
development_repeated_nested_cv,1,outer_validation,development_combined,3,30,calibrate:031,calibrate,31
development_repeated_nested_cv,1,outer_validation,development_combined,3,36,calibrate:037,calibrate,37
development_repeated_nested_cv,1,outer_validation,development_combined,3,38,calibrate:039,calibrate,39
development_repeated_nested_cv,1,outer_validation,development_combined,3,41,calibrate:042,calibrate,42
development_repeated_nested_cv,1,outer_validation,development_combined,3,48,calibrate:049,calibrate,49
development_repeated_nested_cv,1,outer_validation,development_combined,3,52,calibrate:053,calibrate,53
development_repeated_nested_cv,1,outer_validation,development_combined,3,58,calibrate:059,calibrate,59
development_repeated_nested_cv,1,outer_validation,development_combined,3,63,calibrate:064,calibrate,64
development_repeated_nested_cv,1,outer_validation,development_combined,3,64,calibrate:065,calibrate,65
development_repeated_nested_cv,1,outer_validation,development_combined,3,65,calibrate:066,calibrate,66
development_repeated_nested_cv,1,outer_validation,development_combined,3,70,calibrate:071,calibrate,71
development_repeated_nested_cv,1,outer_validation,development_combined,3,78,calibrate:079,calibrate,79
development_repeated_nested_cv,1,outer_validation,development_combined,3,80,calibrate:081,calibrate,81
development_repeated_nested_cv,1,outer_validation,development_combined,3,91,calibrate:092,calibrate,92
development_repeated_nested_cv,1,outer_validation,development_combined,3,98,calibrate:099,calibrate,99
development_repeated_nested_cv,1,outer_validation,development_combined,3,101,calibrate:102,calibrate,102
development_repeated_nested_cv,1,outer_validation,development_combined,3,116,calibrate:117,calibrate,117
development_repeated_nested_cv,1,outer_validation,development_combined,3,117,calibrate:118,calibrate,118
development_repeated_nested_cv,1,outer_validation,development_combined,3,118,calibrate:119,calibrate,119
development_repeated_nested_cv,1,outer_validation,development_combined,3,126,calibrate:127,calibrate,127
development_repeated_nested_cv,1,outer_validation,development_combined,3,131,calibrate:132,calibrate,132
development_repeated_nested_cv,1,outer_validation,development_combined,3,139,calibrate:140,calibrate,140
development_repeated_nested_cv,1,outer_validation,development_combined,3,141,calibrate:142,calibrate,142
development_repeated_nested_cv,1,outer_validation,development_combined,3,146,calibrate:147,calibrate,147
development_repeated_nested_cv,1,outer_validation,development_combined,3,149,calibrate:150,calibrate,150
development_repeated_nested_cv,1,outer_validation,development_combined,3,160,validate:006,validate,6
development_repeated_nested_cv,1,outer_validation,development_combined,3,161,validate:007,validate,7
development_repeated_nested_cv,1,outer_validation,development_combined,3,165,validate:011,validate,11
development_repeated_nested_cv,1,outer_validation,development_combined,3,173,validate:019,validate,19
development_repeated_nested_cv,1,outer_validation,development_combined,3,177,validate:023,validate,23
development_repeated_nested_cv,1,outer_validation,development_combined,3,183,validate:029,validate,29
development_repeated_nested_cv,1,outer_validation,development_combined,3,184,validate:030,validate,30
development_repeated_nested_cv,1,outer_validation,development_combined,3,188,validate:034,validate,34
development_repeated_nested_cv,1,outer_validation,development_combined,4,10,calibrate:011,calibrate,11
development_repeated_nested_cv,1,outer_validation,development_combined,4,18,calibrate:019,calibrate,19
development_repeated_nested_cv,1,outer_validation,development_combined,4,19,calibrate:020,calibrate,20
development_repeated_nested_cv,1,outer_validation,development_combined,4,26,calibrate:027,calibrate,27
development_repeated_nested_cv,1,outer_validation,development_combined,4,34,calibrate:035,calibrate,35
development_repeated_nested_cv,1,outer_validation,development_combined,4,44,calibrate:045,calibrate,45
development_repeated_nested_cv,1,outer_validation,development_combined,4,56,calibrate:057,calibrate,57
development_repeated_nested_cv,1,outer_validation,development_combined,4,57,calibrate:058,calibrate,58
development_repeated_nested_cv,1,outer_validation,development_combined,4,59,calibrate:060,calibrate,60
development_repeated_nested_cv,1,outer_validation,development_combined,4,62,calibrate:063,calibrate,63
development_repeated_nested_cv,1,outer_validation,development_combined,4,66,calibrate:067,calibrate,67
development_repeated_nested_cv,1,outer_validation,development_combined,4,68,calibrate:069,calibrate,69
development_repeated_nested_cv,1,outer_validation,development_combined,4,77,calibrate:078,calibrate,78
development_repeated_nested_cv,1,outer_validation,development_combined,4,82,calibrate:083,calibrate,83
development_repeated_nested_cv,1,outer_validation,development_combined,4,84,calibrate:085,calibrate,85
development_repeated_nested_cv,1,outer_validation,development_combined,4,86,calibrate:087,calibrate,87
development_repeated_nested_cv,1,outer_validation,development_combined,4,87,calibrate:088,calibrate,88
development_repeated_nested_cv,1,outer_validation,development_combined,4,92,calibrate:093,calibrate,93
development_repeated_nested_cv,1,outer_validation,development_combined,4,97,calibrate:098,calibrate,98
development_repeated_nested_cv,1,outer_validation,development_combined,4,112,calibrate:113,calibrate,113
development_repeated_nested_cv,1,outer_validation,development_combined,4,114,calibrate:115,calibrate,115
development_repeated_nested_cv,1,outer_validation,development_combined,4,122,calibrate:123,calibrate,123
development_repeated_nested_cv,1,outer_validation,development_combined,4,124,calibrate:125,calibrate,125
development_repeated_nested_cv,1,outer_validation,development_combined,4,128,calibrate:129,calibrate,129
development_repeated_nested_cv,1,outer_validation,development_combined,4,132,calibrate:133,calibrate,133
development_repeated_nested_cv,1,outer_validation,development_combined,4,136,calibrate:137,calibrate,137
development_repeated_nested_cv,1,outer_validation,development_combined,4,145,calibrate:146,calibrate,146
development_repeated_nested_cv,1,outer_validation,development_combined,4,147,calibrate:148,calibrate,148
development_repeated_nested_cv,1,outer_validation,development_combined,4,151,calibrate:152,calibrate,152
development_repeated_nested_cv,1,outer_validation,development_combined,4,152,calibrate:153,calibrate,153
development_repeated_nested_cv,1,outer_validation,development_combined,4,154,calibrate:155,calibrate,155
development_repeated_nested_cv,1,outer_validation,development_combined,4,155,validate:001,validate,1
development_repeated_nested_cv,1,outer_validation,development_combined,4,159,validate:005,validate,5
development_repeated_nested_cv,1,outer_validation,development_combined,4,171,validate:017,validate,17
development_repeated_nested_cv,1,outer_validation,development_combined,4,174,validate:020,validate,20
development_repeated_nested_cv,1,outer_validation,development_combined,4,176,validate:022,validate,22
development_repeated_nested_cv,1,outer_validation,development_combined,4,180,validate:026,validate,26
development_repeated_nested_cv,1,outer_validation,development_combined,4,189,validate:035,validate,35
development_repeated_nested_cv,1,outer_validation,development_combined,4,194,validate:040,validate,40
development_repeated_nested_cv,1,outer_validation,development_combined,5,4,calibrate:005,calibrate,5
development_repeated_nested_cv,1,outer_validation,development_combined,5,7,calibrate:008,calibrate,8
development_repeated_nested_cv,1,outer_validation,development_combined,5,12,calibrate:013,calibrate,13
development_repeated_nested_cv,1,outer_validation,development_combined,5,14,calibrate:015,calibrate,15
development_repeated_nested_cv,1,outer_validation,development_combined,5,17,calibrate:018,calibrate,18
development_repeated_nested_cv,1,outer_validation,development_combined,5,21,calibrate:022,calibrate,22
development_repeated_nested_cv,1,outer_validation,development_combined,5,25,calibrate:026,calibrate,26
development_repeated_nested_cv,1,outer_validation,development_combined,5,29,calibrate:030,calibrate,30
development_repeated_nested_cv,1,outer_validation,development_combined,5,31,calibrate:032,calibrate,32
development_repeated_nested_cv,1,outer_validation,development_combined,5,45,calibrate:046,calibrate,46
development_repeated_nested_cv,1,outer_validation,development_combined,5,53,calibrate:054,calibrate,54
development_repeated_nested_cv,1,outer_validation,development_combined,5,55,calibrate:056,calibrate,56
development_repeated_nested_cv,1,outer_validation,development_combined,5,60,calibrate:061,calibrate,61
development_repeated_nested_cv,1,outer_validation,development_combined,5,72,calibrate:073,calibrate,73
development_repeated_nested_cv,1,outer_validation,development_combined,5,74,calibrate:075,calibrate,75
development_repeated_nested_cv,1,outer_validation,development_combined,5,75,calibrate:076,calibrate,76
development_repeated_nested_cv,1,outer_validation,development_combined,5,83,calibrate:084,calibrate,84
development_repeated_nested_cv,1,outer_validation,development_combined,5,85,calibrate:086,calibrate,86
development_repeated_nested_cv,1,outer_validation,development_combined,5,94,calibrate:095,calibrate,95
development_repeated_nested_cv,1,outer_validation,development_combined,5,102,calibrate:103,calibrate,103
development_repeated_nested_cv,1,outer_validation,development_combined,5,105,calibrate:106,calibrate,106
development_repeated_nested_cv,1,outer_validation,development_combined,5,106,calibrate:107,calibrate,107
development_repeated_nested_cv,1,outer_validation,development_combined,5,109,calibrate:110,calibrate,110
development_repeated_nested_cv,1,outer_validation,development_combined,5,113,calibrate:114,calibrate,114
development_repeated_nested_cv,1,outer_validation,development_combined,5,115,calibrate:116,calibrate,116
development_repeated_nested_cv,1,outer_validation,development_combined,5,123,calibrate:124,calibrate,124
development_repeated_nested_cv,1,outer_validation,development_combined,5,133,calibrate:134,calibrate,134
development_repeated_nested_cv,1,outer_validation,development_combined,5,138,calibrate:139,calibrate,139
development_repeated_nested_cv,1,outer_validation,development_combined,5,140,calibrate:141,calibrate,141
development_repeated_nested_cv,1,outer_validation,development_combined,5,143,calibrate:144,calibrate,144
development_repeated_nested_cv,1,outer_validation,development_combined,5,153,calibrate:154,calibrate,154
development_repeated_nested_cv,1,outer_validation,development_combined,5,157,validate:003,validate,3
development_repeated_nested_cv,1,outer_validation,development_combined,5,162,validate:008,validate,8
development_repeated_nested_cv,1,outer_validation,development_combined,5,164,validate:010,validate,10
development_repeated_nested_cv,1,outer_validation,development_combined,5,172,validate:018,validate,18
development_repeated_nested_cv,1,outer_validation,development_combined,5,182,validate:028,validate,28
development_repeated_nested_cv,1,outer_validation,development_combined,5,186,validate:032,validate,32
development_repeated_nested_cv,1,outer_validation,development_combined,5,187,validate:033,validate,33
development_repeated_nested_cv,1,outer_validation,development_combined,5,193,validate:039,validate,39
development_repeated_nested_cv,2,outer_validation,development_combined,1,2,calibrate:003,calibrate,3
development_repeated_nested_cv,2,outer_validation,development_combined,1,7,calibrate:008,calibrate,8
development_repeated_nested_cv,2,outer_validation,development_combined,1,11,calibrate:012,calibrate,12
development_repeated_nested_cv,2,outer_validation,development_combined,1,14,calibrate:015,calibrate,15
development_repeated_nested_cv,2,outer_validation,development_combined,1,21,calibrate:022,calibrate,22
development_repeated_nested_cv,2,outer_validation,development_combined,1,22,calibrate:023,calibrate,23
development_repeated_nested_cv,2,outer_validation,development_combined,1,23,calibrate:024,calibrate,24
development_repeated_nested_cv,2,outer_validation,development_combined,1,26,calibrate:027,calibrate,27
development_repeated_nested_cv,2,outer_validation,development_combined,1,29,calibrate:030,calibrate,30
development_repeated_nested_cv,2,outer_validation,development_combined,1,31,calibrate:032,calibrate,32
development_repeated_nested_cv,2,outer_validation,development_combined,1,42,calibrate:043,calibrate,43
development_repeated_nested_cv,2,outer_validation,development_combined,1,44,calibrate:045,calibrate,45
development_repeated_nested_cv,2,outer_validation,development_combined,1,54,calibrate:055,calibrate,55
development_repeated_nested_cv,2,outer_validation,development_combined,1,55,calibrate:056,calibrate,56
development_repeated_nested_cv,2,outer_validation,development_combined,1,60,calibrate:061,calibrate,61
development_repeated_nested_cv,2,outer_validation,development_combined,1,85,calibrate:086,calibrate,86
development_repeated_nested_cv,2,outer_validation,development_combined,1,87,calibrate:088,calibrate,88
development_repeated_nested_cv,2,outer_validation,development_combined,1,88,calibrate:089,calibrate,89
development_repeated_nested_cv,2,outer_validation,development_combined,1,90,calibrate:091,calibrate,91
development_repeated_nested_cv,2,outer_validation,development_combined,1,98,calibrate:099,calibrate,99
development_repeated_nested_cv,2,outer_validation,development_combined,1,107,calibrate:108,calibrate,108
development_repeated_nested_cv,2,outer_validation,development_combined,1,108,calibrate:109,calibrate,109
development_repeated_nested_cv,2,outer_validation,development_combined,1,113,calibrate:114,calibrate,114
development_repeated_nested_cv,2,outer_validation,development_combined,1,117,calibrate:118,calibrate,118
development_repeated_nested_cv,2,outer_validation,development_combined,1,120,calibrate:121,calibrate,121
development_repeated_nested_cv,2,outer_validation,development_combined,1,125,calibrate:126,calibrate,126
development_repeated_nested_cv,2,outer_validation,development_combined,1,126,calibrate:127,calibrate,127
development_repeated_nested_cv,2,outer_validation,development_combined,1,139,calibrate:140,calibrate,140
development_repeated_nested_cv,2,outer_validation,development_combined,1,140,calibrate:141,calibrate,141
development_repeated_nested_cv,2,outer_validation,development_combined,1,150,calibrate:151,calibrate,151
development_repeated_nested_cv,2,outer_validation,development_combined,1,154,calibrate:155,calibrate,155
development_repeated_nested_cv,2,outer_validation,development_combined,1,155,validate:001,validate,1
development_repeated_nested_cv,2,outer_validation,development_combined,1,167,validate:013,validate,13
development_repeated_nested_cv,2,outer_validation,development_combined,1,169,validate:015,validate,15
development_repeated_nested_cv,2,outer_validation,development_combined,1,174,validate:020,validate,20
development_repeated_nested_cv,2,outer_validation,development_combined,1,176,validate:022,validate,22
development_repeated_nested_cv,2,outer_validation,development_combined,1,180,validate:026,validate,26
development_repeated_nested_cv,2,outer_validation,development_combined,1,183,validate:029,validate,29
development_repeated_nested_cv,2,outer_validation,development_combined,1,189,validate:035,validate,35
development_repeated_nested_cv,2,outer_validation,development_combined,2,8,calibrate:009,calibrate,9
development_repeated_nested_cv,2,outer_validation,development_combined,2,12,calibrate:013,calibrate,13
development_repeated_nested_cv,2,outer_validation,development_combined,2,19,calibrate:020,calibrate,20
development_repeated_nested_cv,2,outer_validation,development_combined,2,28,calibrate:029,calibrate,29
development_repeated_nested_cv,2,outer_validation,development_combined,2,35,calibrate:036,calibrate,36
development_repeated_nested_cv,2,outer_validation,development_combined,2,45,calibrate:046,calibrate,46
development_repeated_nested_cv,2,outer_validation,development_combined,2,47,calibrate:048,calibrate,48
development_repeated_nested_cv,2,outer_validation,development_combined,2,49,calibrate:050,calibrate,50
development_repeated_nested_cv,2,outer_validation,development_combined,2,58,calibrate:059,calibrate,59
development_repeated_nested_cv,2,outer_validation,development_combined,2,67,calibrate:068,calibrate,68
development_repeated_nested_cv,2,outer_validation,development_combined,2,72,calibrate:073,calibrate,73
development_repeated_nested_cv,2,outer_validation,development_combined,2,74,calibrate:075,calibrate,75
development_repeated_nested_cv,2,outer_validation,development_combined,2,78,calibrate:079,calibrate,79
development_repeated_nested_cv,2,outer_validation,development_combined,2,82,calibrate:083,calibrate,83
development_repeated_nested_cv,2,outer_validation,development_combined,2,91,calibrate:092,calibrate,92
development_repeated_nested_cv,2,outer_validation,development_combined,2,94,calibrate:095,calibrate,95
development_repeated_nested_cv,2,outer_validation,development_combined,2,96,calibrate:097,calibrate,97
development_repeated_nested_cv,2,outer_validation,development_combined,2,103,calibrate:104,calibrate,104
development_repeated_nested_cv,2,outer_validation,development_combined,2,105,calibrate:106,calibrate,106
development_repeated_nested_cv,2,outer_validation,development_combined,2,106,calibrate:107,calibrate,107
development_repeated_nested_cv,2,outer_validation,development_combined,2,112,calibrate:113,calibrate,113
development_repeated_nested_cv,2,outer_validation,development_combined,2,115,calibrate:116,calibrate,116
development_repeated_nested_cv,2,outer_validation,development_combined,2,118,calibrate:119,calibrate,119
development_repeated_nested_cv,2,outer_validation,development_combined,2,128,calibrate:129,calibrate,129
development_repeated_nested_cv,2,outer_validation,development_combined,2,131,calibrate:132,calibrate,132
development_repeated_nested_cv,2,outer_validation,development_combined,2,137,calibrate:138,calibrate,138
development_repeated_nested_cv,2,outer_validation,development_combined,2,144,calibrate:145,calibrate,145
development_repeated_nested_cv,2,outer_validation,development_combined,2,145,calibrate:146,calibrate,146
development_repeated_nested_cv,2,outer_validation,development_combined,2,146,calibrate:147,calibrate,147
development_repeated_nested_cv,2,outer_validation,development_combined,2,152,calibrate:153,calibrate,153
development_repeated_nested_cv,2,outer_validation,development_combined,2,153,calibrate:154,calibrate,154
development_repeated_nested_cv,2,outer_validation,development_combined,2,156,validate:002,validate,2
development_repeated_nested_cv,2,outer_validation,development_combined,2,159,validate:005,validate,5
development_repeated_nested_cv,2,outer_validation,development_combined,2,164,validate:010,validate,10
development_repeated_nested_cv,2,outer_validation,development_combined,2,166,validate:012,validate,12
development_repeated_nested_cv,2,outer_validation,development_combined,2,172,validate:018,validate,18
development_repeated_nested_cv,2,outer_validation,development_combined,2,177,validate:023,validate,23
development_repeated_nested_cv,2,outer_validation,development_combined,2,181,validate:027,validate,27
development_repeated_nested_cv,2,outer_validation,development_combined,2,184,validate:030,validate,30
development_repeated_nested_cv,2,outer_validation,development_combined,3,4,calibrate:005,calibrate,5
development_repeated_nested_cv,2,outer_validation,development_combined,3,10,calibrate:011,calibrate,11
development_repeated_nested_cv,2,outer_validation,development_combined,3,20,calibrate:021,calibrate,21
development_repeated_nested_cv,2,outer_validation,development_combined,3,27,calibrate:028,calibrate,28
development_repeated_nested_cv,2,outer_validation,development_combined,3,37,calibrate:038,calibrate,38
development_repeated_nested_cv,2,outer_validation,development_combined,3,39,calibrate:040,calibrate,40
development_repeated_nested_cv,2,outer_validation,development_combined,3,46,calibrate:047,calibrate,47
development_repeated_nested_cv,2,outer_validation,development_combined,3,50,calibrate:051,calibrate,51
development_repeated_nested_cv,2,outer_validation,development_combined,3,56,calibrate:057,calibrate,57
development_repeated_nested_cv,2,outer_validation,development_combined,3,57,calibrate:058,calibrate,58
development_repeated_nested_cv,2,outer_validation,development_combined,3,65,calibrate:066,calibrate,66
development_repeated_nested_cv,2,outer_validation,development_combined,3,77,calibrate:078,calibrate,78
development_repeated_nested_cv,2,outer_validation,development_combined,3,81,calibrate:082,calibrate,82
development_repeated_nested_cv,2,outer_validation,development_combined,3,83,calibrate:084,calibrate,84
development_repeated_nested_cv,2,outer_validation,development_combined,3,84,calibrate:085,calibrate,85
development_repeated_nested_cv,2,outer_validation,development_combined,3,86,calibrate:087,calibrate,87
development_repeated_nested_cv,2,outer_validation,development_combined,3,93,calibrate:094,calibrate,94
development_repeated_nested_cv,2,outer_validation,development_combined,3,95,calibrate:096,calibrate,96
development_repeated_nested_cv,2,outer_validation,development_combined,3,99,calibrate:100,calibrate,100
development_repeated_nested_cv,2,outer_validation,development_combined,3,110,calibrate:111,calibrate,111
development_repeated_nested_cv,2,outer_validation,development_combined,3,114,calibrate:115,calibrate,115
development_repeated_nested_cv,2,outer_validation,development_combined,3,116,calibrate:117,calibrate,117
development_repeated_nested_cv,2,outer_validation,development_combined,3,122,calibrate:123,calibrate,123
development_repeated_nested_cv,2,outer_validation,development_combined,3,124,calibrate:125,calibrate,125
development_repeated_nested_cv,2,outer_validation,development_combined,3,127,calibrate:128,calibrate,128
development_repeated_nested_cv,2,outer_validation,development_combined,3,130,calibrate:131,calibrate,131
development_repeated_nested_cv,2,outer_validation,development_combined,3,135,calibrate:136,calibrate,136
development_repeated_nested_cv,2,outer_validation,development_combined,3,142,calibrate:143,calibrate,143
development_repeated_nested_cv,2,outer_validation,development_combined,3,148,calibrate:149,calibrate,149
development_repeated_nested_cv,2,outer_validation,development_combined,3,149,calibrate:150,calibrate,150
development_repeated_nested_cv,2,outer_validation,development_combined,3,151,calibrate:152,calibrate,152
development_repeated_nested_cv,2,outer_validation,development_combined,3,163,validate:009,validate,9
development_repeated_nested_cv,2,outer_validation,development_combined,3,165,validate:011,validate,11
development_repeated_nested_cv,2,outer_validation,development_combined,3,171,validate:017,validate,17
development_repeated_nested_cv,2,outer_validation,development_combined,3,173,validate:019,validate,19
development_repeated_nested_cv,2,outer_validation,development_combined,3,178,validate:024,validate,24
development_repeated_nested_cv,2,outer_validation,development_combined,3,185,validate:031,validate,31
development_repeated_nested_cv,2,outer_validation,development_combined,3,193,validate:039,validate,39
development_repeated_nested_cv,2,outer_validation,development_combined,3,194,validate:040,validate,40
development_repeated_nested_cv,2,outer_validation,development_combined,4,0,calibrate:001,calibrate,1
development_repeated_nested_cv,2,outer_validation,development_combined,4,1,calibrate:002,calibrate,2
development_repeated_nested_cv,2,outer_validation,development_combined,4,5,calibrate:006,calibrate,6
development_repeated_nested_cv,2,outer_validation,development_combined,4,15,calibrate:016,calibrate,16
development_repeated_nested_cv,2,outer_validation,development_combined,4,16,calibrate:017,calibrate,17
development_repeated_nested_cv,2,outer_validation,development_combined,4,25,calibrate:026,calibrate,26
development_repeated_nested_cv,2,outer_validation,development_combined,4,30,calibrate:031,calibrate,31
development_repeated_nested_cv,2,outer_validation,development_combined,4,32,calibrate:033,calibrate,33
development_repeated_nested_cv,2,outer_validation,development_combined,4,33,calibrate:034,calibrate,34
development_repeated_nested_cv,2,outer_validation,development_combined,4,34,calibrate:035,calibrate,35
development_repeated_nested_cv,2,outer_validation,development_combined,4,36,calibrate:037,calibrate,37
development_repeated_nested_cv,2,outer_validation,development_combined,4,38,calibrate:039,calibrate,39
development_repeated_nested_cv,2,outer_validation,development_combined,4,40,calibrate:041,calibrate,41
development_repeated_nested_cv,2,outer_validation,development_combined,4,41,calibrate:042,calibrate,42
development_repeated_nested_cv,2,outer_validation,development_combined,4,48,calibrate:049,calibrate,49
development_repeated_nested_cv,2,outer_validation,development_combined,4,51,calibrate:052,calibrate,52
development_repeated_nested_cv,2,outer_validation,development_combined,4,53,calibrate:054,calibrate,54
development_repeated_nested_cv,2,outer_validation,development_combined,4,59,calibrate:060,calibrate,60
development_repeated_nested_cv,2,outer_validation,development_combined,4,62,calibrate:063,calibrate,63
development_repeated_nested_cv,2,outer_validation,development_combined,4,63,calibrate:064,calibrate,64
development_repeated_nested_cv,2,outer_validation,development_combined,4,64,calibrate:065,calibrate,65
development_repeated_nested_cv,2,outer_validation,development_combined,4,69,calibrate:070,calibrate,70
development_repeated_nested_cv,2,outer_validation,development_combined,4,71,calibrate:072,calibrate,72
development_repeated_nested_cv,2,outer_validation,development_combined,4,89,calibrate:090,calibrate,90
development_repeated_nested_cv,2,outer_validation,development_combined,4,92,calibrate:093,calibrate,93
development_repeated_nested_cv,2,outer_validation,development_combined,4,102,calibrate:103,calibrate,103
development_repeated_nested_cv,2,outer_validation,development_combined,4,111,calibrate:112,calibrate,112
development_repeated_nested_cv,2,outer_validation,development_combined,4,121,calibrate:122,calibrate,122
development_repeated_nested_cv,2,outer_validation,development_combined,4,136,calibrate:137,calibrate,137
development_repeated_nested_cv,2,outer_validation,development_combined,4,138,calibrate:139,calibrate,139
development_repeated_nested_cv,2,outer_validation,development_combined,4,141,calibrate:142,calibrate,142
development_repeated_nested_cv,2,outer_validation,development_combined,4,157,validate:003,validate,3
development_repeated_nested_cv,2,outer_validation,development_combined,4,161,validate:007,validate,7
development_repeated_nested_cv,2,outer_validation,development_combined,4,162,validate:008,validate,8
development_repeated_nested_cv,2,outer_validation,development_combined,4,168,validate:014,validate,14
development_repeated_nested_cv,2,outer_validation,development_combined,4,175,validate:021,validate,21
development_repeated_nested_cv,2,outer_validation,development_combined,4,187,validate:033,validate,33
development_repeated_nested_cv,2,outer_validation,development_combined,4,188,validate:034,validate,34
development_repeated_nested_cv,2,outer_validation,development_combined,4,191,validate:037,validate,37
development_repeated_nested_cv,2,outer_validation,development_combined,5,3,calibrate:004,calibrate,4
development_repeated_nested_cv,2,outer_validation,development_combined,5,6,calibrate:007,calibrate,7
development_repeated_nested_cv,2,outer_validation,development_combined,5,9,calibrate:010,calibrate,10
development_repeated_nested_cv,2,outer_validation,development_combined,5,13,calibrate:014,calibrate,14
development_repeated_nested_cv,2,outer_validation,development_combined,5,17,calibrate:018,calibrate,18
development_repeated_nested_cv,2,outer_validation,development_combined,5,18,calibrate:019,calibrate,19
development_repeated_nested_cv,2,outer_validation,development_combined,5,24,calibrate:025,calibrate,25
development_repeated_nested_cv,2,outer_validation,development_combined,5,43,calibrate:044,calibrate,44
development_repeated_nested_cv,2,outer_validation,development_combined,5,52,calibrate:053,calibrate,53
development_repeated_nested_cv,2,outer_validation,development_combined,5,61,calibrate:062,calibrate,62
development_repeated_nested_cv,2,outer_validation,development_combined,5,66,calibrate:067,calibrate,67
development_repeated_nested_cv,2,outer_validation,development_combined,5,68,calibrate:069,calibrate,69
development_repeated_nested_cv,2,outer_validation,development_combined,5,70,calibrate:071,calibrate,71
development_repeated_nested_cv,2,outer_validation,development_combined,5,73,calibrate:074,calibrate,74
development_repeated_nested_cv,2,outer_validation,development_combined,5,75,calibrate:076,calibrate,76
development_repeated_nested_cv,2,outer_validation,development_combined,5,76,calibrate:077,calibrate,77
development_repeated_nested_cv,2,outer_validation,development_combined,5,79,calibrate:080,calibrate,80
development_repeated_nested_cv,2,outer_validation,development_combined,5,80,calibrate:081,calibrate,81
development_repeated_nested_cv,2,outer_validation,development_combined,5,97,calibrate:098,calibrate,98
development_repeated_nested_cv,2,outer_validation,development_combined,5,100,calibrate:101,calibrate,101
development_repeated_nested_cv,2,outer_validation,development_combined,5,101,calibrate:102,calibrate,102
development_repeated_nested_cv,2,outer_validation,development_combined,5,104,calibrate:105,calibrate,105
development_repeated_nested_cv,2,outer_validation,development_combined,5,109,calibrate:110,calibrate,110
development_repeated_nested_cv,2,outer_validation,development_combined,5,119,calibrate:120,calibrate,120
development_repeated_nested_cv,2,outer_validation,development_combined,5,123,calibrate:124,calibrate,124
development_repeated_nested_cv,2,outer_validation,development_combined,5,129,calibrate:130,calibrate,130
development_repeated_nested_cv,2,outer_validation,development_combined,5,132,calibrate:133,calibrate,133
development_repeated_nested_cv,2,outer_validation,development_combined,5,133,calibrate:134,calibrate,134
development_repeated_nested_cv,2,outer_validation,development_combined,5,134,calibrate:135,calibrate,135
development_repeated_nested_cv,2,outer_validation,development_combined,5,143,calibrate:144,calibrate,144
development_repeated_nested_cv,2,outer_validation,development_combined,5,147,calibrate:148,calibrate,148
development_repeated_nested_cv,2,outer_validation,development_combined,5,158,validate:004,validate,4
development_repeated_nested_cv,2,outer_validation,development_combined,5,160,validate:006,validate,6
development_repeated_nested_cv,2,outer_validation,development_combined,5,170,validate:016,validate,16
development_repeated_nested_cv,2,outer_validation,development_combined,5,179,validate:025,validate,25
development_repeated_nested_cv,2,outer_validation,development_combined,5,182,validate:028,validate,28
development_repeated_nested_cv,2,outer_validation,development_combined,5,186,validate:032,validate,32
development_repeated_nested_cv,2,outer_validation,development_combined,5,190,validate:036,validate,36
development_repeated_nested_cv,2,outer_validation,development_combined,5,192,validate:038,validate,38
development_repeated_nested_cv,3,outer_validation,development_combined,1,4,calibrate:005,calibrate,5
development_repeated_nested_cv,3,outer_validation,development_combined,1,6,calibrate:007,calibrate,7
development_repeated_nested_cv,3,outer_validation,development_combined,1,13,calibrate:014,calibrate,14
development_repeated_nested_cv,3,outer_validation,development_combined,1,19,calibrate:020,calibrate,20
development_repeated_nested_cv,3,outer_validation,development_combined,1,21,calibrate:022,calibrate,22
development_repeated_nested_cv,3,outer_validation,development_combined,1,40,calibrate:041,calibrate,41
development_repeated_nested_cv,3,outer_validation,development_combined,1,41,calibrate:042,calibrate,42
development_repeated_nested_cv,3,outer_validation,development_combined,1,42,calibrate:043,calibrate,43
development_repeated_nested_cv,3,outer_validation,development_combined,1,72,calibrate:073,calibrate,73
development_repeated_nested_cv,3,outer_validation,development_combined,1,75,calibrate:076,calibrate,76
development_repeated_nested_cv,3,outer_validation,development_combined,1,84,calibrate:085,calibrate,85
development_repeated_nested_cv,3,outer_validation,development_combined,1,89,calibrate:090,calibrate,90
development_repeated_nested_cv,3,outer_validation,development_combined,1,90,calibrate:091,calibrate,91
development_repeated_nested_cv,3,outer_validation,development_combined,1,94,calibrate:095,calibrate,95
development_repeated_nested_cv,3,outer_validation,development_combined,1,97,calibrate:098,calibrate,98
development_repeated_nested_cv,3,outer_validation,development_combined,1,98,calibrate:099,calibrate,99
development_repeated_nested_cv,3,outer_validation,development_combined,1,104,calibrate:105,calibrate,105
development_repeated_nested_cv,3,outer_validation,development_combined,1,106,calibrate:107,calibrate,107
development_repeated_nested_cv,3,outer_validation,development_combined,1,107,calibrate:108,calibrate,108
development_repeated_nested_cv,3,outer_validation,development_combined,1,108,calibrate:109,calibrate,109
development_repeated_nested_cv,3,outer_validation,development_combined,1,112,calibrate:113,calibrate,113
development_repeated_nested_cv,3,outer_validation,development_combined,1,115,calibrate:116,calibrate,116
development_repeated_nested_cv,3,outer_validation,development_combined,1,118,calibrate:119,calibrate,119
development_repeated_nested_cv,3,outer_validation,development_combined,1,119,calibrate:120,calibrate,120
development_repeated_nested_cv,3,outer_validation,development_combined,1,123,calibrate:124,calibrate,124
development_repeated_nested_cv,3,outer_validation,development_combined,1,124,calibrate:125,calibrate,125
development_repeated_nested_cv,3,outer_validation,development_combined,1,135,calibrate:136,calibrate,136
development_repeated_nested_cv,3,outer_validation,development_combined,1,138,calibrate:139,calibrate,139
development_repeated_nested_cv,3,outer_validation,development_combined,1,147,calibrate:148,calibrate,148
development_repeated_nested_cv,3,outer_validation,development_combined,1,148,calibrate:149,calibrate,149
development_repeated_nested_cv,3,outer_validation,development_combined,1,149,calibrate:150,calibrate,150
development_repeated_nested_cv,3,outer_validation,development_combined,1,158,validate:004,validate,4
development_repeated_nested_cv,3,outer_validation,development_combined,1,164,validate:010,validate,10
development_repeated_nested_cv,3,outer_validation,development_combined,1,169,validate:015,validate,15
development_repeated_nested_cv,3,outer_validation,development_combined,1,179,validate:025,validate,25
development_repeated_nested_cv,3,outer_validation,development_combined,1,181,validate:027,validate,27
development_repeated_nested_cv,3,outer_validation,development_combined,1,184,validate:030,validate,30
development_repeated_nested_cv,3,outer_validation,development_combined,1,185,validate:031,validate,31
development_repeated_nested_cv,3,outer_validation,development_combined,1,190,validate:036,validate,36
development_repeated_nested_cv,3,outer_validation,development_combined,2,1,calibrate:002,calibrate,2
development_repeated_nested_cv,3,outer_validation,development_combined,2,2,calibrate:003,calibrate,3
development_repeated_nested_cv,3,outer_validation,development_combined,2,7,calibrate:008,calibrate,8
development_repeated_nested_cv,3,outer_validation,development_combined,2,9,calibrate:010,calibrate,10
development_repeated_nested_cv,3,outer_validation,development_combined,2,15,calibrate:016,calibrate,16
development_repeated_nested_cv,3,outer_validation,development_combined,2,17,calibrate:018,calibrate,18
development_repeated_nested_cv,3,outer_validation,development_combined,2,18,calibrate:019,calibrate,19
development_repeated_nested_cv,3,outer_validation,development_combined,2,22,calibrate:023,calibrate,23
development_repeated_nested_cv,3,outer_validation,development_combined,2,23,calibrate:024,calibrate,24
development_repeated_nested_cv,3,outer_validation,development_combined,2,27,calibrate:028,calibrate,28
development_repeated_nested_cv,3,outer_validation,development_combined,2,37,calibrate:038,calibrate,38
development_repeated_nested_cv,3,outer_validation,development_combined,2,48,calibrate:049,calibrate,49
development_repeated_nested_cv,3,outer_validation,development_combined,2,52,calibrate:053,calibrate,53
development_repeated_nested_cv,3,outer_validation,development_combined,2,55,calibrate:056,calibrate,56
development_repeated_nested_cv,3,outer_validation,development_combined,2,58,calibrate:059,calibrate,59
development_repeated_nested_cv,3,outer_validation,development_combined,2,64,calibrate:065,calibrate,65
development_repeated_nested_cv,3,outer_validation,development_combined,2,67,calibrate:068,calibrate,68
development_repeated_nested_cv,3,outer_validation,development_combined,2,81,calibrate:082,calibrate,82
development_repeated_nested_cv,3,outer_validation,development_combined,2,82,calibrate:083,calibrate,83
development_repeated_nested_cv,3,outer_validation,development_combined,2,88,calibrate:089,calibrate,89
development_repeated_nested_cv,3,outer_validation,development_combined,2,96,calibrate:097,calibrate,97
development_repeated_nested_cv,3,outer_validation,development_combined,2,103,calibrate:104,calibrate,104
development_repeated_nested_cv,3,outer_validation,development_combined,2,109,calibrate:110,calibrate,110
development_repeated_nested_cv,3,outer_validation,development_combined,2,111,calibrate:112,calibrate,112
development_repeated_nested_cv,3,outer_validation,development_combined,2,117,calibrate:118,calibrate,118
development_repeated_nested_cv,3,outer_validation,development_combined,2,121,calibrate:122,calibrate,122
development_repeated_nested_cv,3,outer_validation,development_combined,2,122,calibrate:123,calibrate,123
development_repeated_nested_cv,3,outer_validation,development_combined,2,127,calibrate:128,calibrate,128
development_repeated_nested_cv,3,outer_validation,development_combined,2,136,calibrate:137,calibrate,137
development_repeated_nested_cv,3,outer_validation,development_combined,2,137,calibrate:138,calibrate,138
development_repeated_nested_cv,3,outer_validation,development_combined,2,142,calibrate:143,calibrate,143
development_repeated_nested_cv,3,outer_validation,development_combined,2,156,validate:002,validate,2
development_repeated_nested_cv,3,outer_validation,development_combined,2,161,validate:007,validate,7
development_repeated_nested_cv,3,outer_validation,development_combined,2,166,validate:012,validate,12
development_repeated_nested_cv,3,outer_validation,development_combined,2,167,validate:013,validate,13
development_repeated_nested_cv,3,outer_validation,development_combined,2,170,validate:016,validate,16
development_repeated_nested_cv,3,outer_validation,development_combined,2,182,validate:028,validate,28
development_repeated_nested_cv,3,outer_validation,development_combined,2,183,validate:029,validate,29
development_repeated_nested_cv,3,outer_validation,development_combined,2,192,validate:038,validate,38
development_repeated_nested_cv,3,outer_validation,development_combined,3,3,calibrate:004,calibrate,4
development_repeated_nested_cv,3,outer_validation,development_combined,3,10,calibrate:011,calibrate,11
development_repeated_nested_cv,3,outer_validation,development_combined,3,14,calibrate:015,calibrate,15
development_repeated_nested_cv,3,outer_validation,development_combined,3,20,calibrate:021,calibrate,21
development_repeated_nested_cv,3,outer_validation,development_combined,3,24,calibrate:025,calibrate,25
development_repeated_nested_cv,3,outer_validation,development_combined,3,28,calibrate:029,calibrate,29
development_repeated_nested_cv,3,outer_validation,development_combined,3,29,calibrate:030,calibrate,30
development_repeated_nested_cv,3,outer_validation,development_combined,3,32,calibrate:033,calibrate,33
development_repeated_nested_cv,3,outer_validation,development_combined,3,34,calibrate:035,calibrate,35
development_repeated_nested_cv,3,outer_validation,development_combined,3,46,calibrate:047,calibrate,47
development_repeated_nested_cv,3,outer_validation,development_combined,3,47,calibrate:048,calibrate,48
development_repeated_nested_cv,3,outer_validation,development_combined,3,50,calibrate:051,calibrate,51
development_repeated_nested_cv,3,outer_validation,development_combined,3,54,calibrate:055,calibrate,55
development_repeated_nested_cv,3,outer_validation,development_combined,3,59,calibrate:060,calibrate,60
development_repeated_nested_cv,3,outer_validation,development_combined,3,61,calibrate:062,calibrate,62
development_repeated_nested_cv,3,outer_validation,development_combined,3,65,calibrate:066,calibrate,66
development_repeated_nested_cv,3,outer_validation,development_combined,3,73,calibrate:074,calibrate,74
development_repeated_nested_cv,3,outer_validation,development_combined,3,78,calibrate:079,calibrate,79
development_repeated_nested_cv,3,outer_validation,development_combined,3,87,calibrate:088,calibrate,88
development_repeated_nested_cv,3,outer_validation,development_combined,3,92,calibrate:093,calibrate,93
development_repeated_nested_cv,3,outer_validation,development_combined,3,93,calibrate:094,calibrate,94
development_repeated_nested_cv,3,outer_validation,development_combined,3,101,calibrate:102,calibrate,102
development_repeated_nested_cv,3,outer_validation,development_combined,3,125,calibrate:126,calibrate,126
development_repeated_nested_cv,3,outer_validation,development_combined,3,128,calibrate:129,calibrate,129
development_repeated_nested_cv,3,outer_validation,development_combined,3,129,calibrate:130,calibrate,130
development_repeated_nested_cv,3,outer_validation,development_combined,3,131,calibrate:132,calibrate,132
development_repeated_nested_cv,3,outer_validation,development_combined,3,132,calibrate:133,calibrate,133
development_repeated_nested_cv,3,outer_validation,development_combined,3,133,calibrate:134,calibrate,134
development_repeated_nested_cv,3,outer_validation,development_combined,3,140,calibrate:141,calibrate,141
development_repeated_nested_cv,3,outer_validation,development_combined,3,143,calibrate:144,calibrate,144
development_repeated_nested_cv,3,outer_validation,development_combined,3,151,calibrate:152,calibrate,152
development_repeated_nested_cv,3,outer_validation,development_combined,3,168,validate:014,validate,14
development_repeated_nested_cv,3,outer_validation,development_combined,3,171,validate:017,validate,17
development_repeated_nested_cv,3,outer_validation,development_combined,3,173,validate:019,validate,19
development_repeated_nested_cv,3,outer_validation,development_combined,3,174,validate:020,validate,20
development_repeated_nested_cv,3,outer_validation,development_combined,3,175,validate:021,validate,21
development_repeated_nested_cv,3,outer_validation,development_combined,3,176,validate:022,validate,22
development_repeated_nested_cv,3,outer_validation,development_combined,3,178,validate:024,validate,24
development_repeated_nested_cv,3,outer_validation,development_combined,3,189,validate:035,validate,35
development_repeated_nested_cv,3,outer_validation,development_combined,4,8,calibrate:009,calibrate,9
development_repeated_nested_cv,3,outer_validation,development_combined,4,12,calibrate:013,calibrate,13
development_repeated_nested_cv,3,outer_validation,development_combined,4,25,calibrate:026,calibrate,26
development_repeated_nested_cv,3,outer_validation,development_combined,4,30,calibrate:031,calibrate,31
development_repeated_nested_cv,3,outer_validation,development_combined,4,31,calibrate:032,calibrate,32
development_repeated_nested_cv,3,outer_validation,development_combined,4,38,calibrate:039,calibrate,39
development_repeated_nested_cv,3,outer_validation,development_combined,4,39,calibrate:040,calibrate,40
development_repeated_nested_cv,3,outer_validation,development_combined,4,43,calibrate:044,calibrate,44
development_repeated_nested_cv,3,outer_validation,development_combined,4,44,calibrate:045,calibrate,45
development_repeated_nested_cv,3,outer_validation,development_combined,4,49,calibrate:050,calibrate,50
development_repeated_nested_cv,3,outer_validation,development_combined,4,51,calibrate:052,calibrate,52
development_repeated_nested_cv,3,outer_validation,development_combined,4,56,calibrate:057,calibrate,57
development_repeated_nested_cv,3,outer_validation,development_combined,4,60,calibrate:061,calibrate,61
development_repeated_nested_cv,3,outer_validation,development_combined,4,63,calibrate:064,calibrate,64
development_repeated_nested_cv,3,outer_validation,development_combined,4,70,calibrate:071,calibrate,71
development_repeated_nested_cv,3,outer_validation,development_combined,4,71,calibrate:072,calibrate,72
development_repeated_nested_cv,3,outer_validation,development_combined,4,79,calibrate:080,calibrate,80
development_repeated_nested_cv,3,outer_validation,development_combined,4,83,calibrate:084,calibrate,84
development_repeated_nested_cv,3,outer_validation,development_combined,4,95,calibrate:096,calibrate,96
development_repeated_nested_cv,3,outer_validation,development_combined,4,105,calibrate:106,calibrate,106
development_repeated_nested_cv,3,outer_validation,development_combined,4,110,calibrate:111,calibrate,111
development_repeated_nested_cv,3,outer_validation,development_combined,4,113,calibrate:114,calibrate,114
development_repeated_nested_cv,3,outer_validation,development_combined,4,114,calibrate:115,calibrate,115
development_repeated_nested_cv,3,outer_validation,development_combined,4,116,calibrate:117,calibrate,117
development_repeated_nested_cv,3,outer_validation,development_combined,4,120,calibrate:121,calibrate,121
development_repeated_nested_cv,3,outer_validation,development_combined,4,139,calibrate:140,calibrate,140
development_repeated_nested_cv,3,outer_validation,development_combined,4,145,calibrate:146,calibrate,146
development_repeated_nested_cv,3,outer_validation,development_combined,4,146,calibrate:147,calibrate,147
development_repeated_nested_cv,3,outer_validation,development_combined,4,150,calibrate:151,calibrate,151
development_repeated_nested_cv,3,outer_validation,development_combined,4,153,calibrate:154,calibrate,154
development_repeated_nested_cv,3,outer_validation,development_combined,4,154,calibrate:155,calibrate,155
development_repeated_nested_cv,3,outer_validation,development_combined,4,155,validate:001,validate,1
development_repeated_nested_cv,3,outer_validation,development_combined,4,159,validate:005,validate,5
development_repeated_nested_cv,3,outer_validation,development_combined,4,163,validate:009,validate,9
development_repeated_nested_cv,3,outer_validation,development_combined,4,177,validate:023,validate,23
development_repeated_nested_cv,3,outer_validation,development_combined,4,180,validate:026,validate,26
development_repeated_nested_cv,3,outer_validation,development_combined,4,187,validate:033,validate,33
development_repeated_nested_cv,3,outer_validation,development_combined,4,191,validate:037,validate,37
development_repeated_nested_cv,3,outer_validation,development_combined,4,194,validate:040,validate,40
development_repeated_nested_cv,3,outer_validation,development_combined,5,0,calibrate:001,calibrate,1
development_repeated_nested_cv,3,outer_validation,development_combined,5,5,calibrate:006,calibrate,6
development_repeated_nested_cv,3,outer_validation,development_combined,5,11,calibrate:012,calibrate,12
development_repeated_nested_cv,3,outer_validation,development_combined,5,16,calibrate:017,calibrate,17
development_repeated_nested_cv,3,outer_validation,development_combined,5,26,calibrate:027,calibrate,27
development_repeated_nested_cv,3,outer_validation,development_combined,5,33,calibrate:034,calibrate,34
development_repeated_nested_cv,3,outer_validation,development_combined,5,35,calibrate:036,calibrate,36
development_repeated_nested_cv,3,outer_validation,development_combined,5,36,calibrate:037,calibrate,37
development_repeated_nested_cv,3,outer_validation,development_combined,5,45,calibrate:046,calibrate,46
development_repeated_nested_cv,3,outer_validation,development_combined,5,53,calibrate:054,calibrate,54
development_repeated_nested_cv,3,outer_validation,development_combined,5,57,calibrate:058,calibrate,58
development_repeated_nested_cv,3,outer_validation,development_combined,5,62,calibrate:063,calibrate,63
development_repeated_nested_cv,3,outer_validation,development_combined,5,66,calibrate:067,calibrate,67
development_repeated_nested_cv,3,outer_validation,development_combined,5,68,calibrate:069,calibrate,69
development_repeated_nested_cv,3,outer_validation,development_combined,5,69,calibrate:070,calibrate,70
development_repeated_nested_cv,3,outer_validation,development_combined,5,74,calibrate:075,calibrate,75
development_repeated_nested_cv,3,outer_validation,development_combined,5,76,calibrate:077,calibrate,77
development_repeated_nested_cv,3,outer_validation,development_combined,5,77,calibrate:078,calibrate,78
development_repeated_nested_cv,3,outer_validation,development_combined,5,80,calibrate:081,calibrate,81
development_repeated_nested_cv,3,outer_validation,development_combined,5,85,calibrate:086,calibrate,86
development_repeated_nested_cv,3,outer_validation,development_combined,5,86,calibrate:087,calibrate,87
development_repeated_nested_cv,3,outer_validation,development_combined,5,91,calibrate:092,calibrate,92
development_repeated_nested_cv,3,outer_validation,development_combined,5,99,calibrate:100,calibrate,100
development_repeated_nested_cv,3,outer_validation,development_combined,5,100,calibrate:101,calibrate,101
development_repeated_nested_cv,3,outer_validation,development_combined,5,102,calibrate:103,calibrate,103
development_repeated_nested_cv,3,outer_validation,development_combined,5,126,calibrate:127,calibrate,127
development_repeated_nested_cv,3,outer_validation,development_combined,5,130,calibrate:131,calibrate,131
development_repeated_nested_cv,3,outer_validation,development_combined,5,134,calibrate:135,calibrate,135
development_repeated_nested_cv,3,outer_validation,development_combined,5,141,calibrate:142,calibrate,142
development_repeated_nested_cv,3,outer_validation,development_combined,5,144,calibrate:145,calibrate,145
development_repeated_nested_cv,3,outer_validation,development_combined,5,152,calibrate:153,calibrate,153
development_repeated_nested_cv,3,outer_validation,development_combined,5,157,validate:003,validate,3
development_repeated_nested_cv,3,outer_validation,development_combined,5,160,validate:006,validate,6
development_repeated_nested_cv,3,outer_validation,development_combined,5,162,validate:008,validate,8
development_repeated_nested_cv,3,outer_validation,development_combined,5,165,validate:011,validate,11
development_repeated_nested_cv,3,outer_validation,development_combined,5,172,validate:018,validate,18
development_repeated_nested_cv,3,outer_validation,development_combined,5,186,validate:032,validate,32
development_repeated_nested_cv,3,outer_validation,development_combined,5,188,validate:034,validate,34
development_repeated_nested_cv,3,outer_validation,development_combined,5,193,validate:039,validate,39
development_repeated_nested_cv,4,outer_validation,development_combined,1,11,calibrate:012,calibrate,12
development_repeated_nested_cv,4,outer_validation,development_combined,1,12,calibrate:013,calibrate,13
development_repeated_nested_cv,4,outer_validation,development_combined,1,13,calibrate:014,calibrate,14
development_repeated_nested_cv,4,outer_validation,development_combined,1,14,calibrate:015,calibrate,15
development_repeated_nested_cv,4,outer_validation,development_combined,1,20,calibrate:021,calibrate,21
development_repeated_nested_cv,4,outer_validation,development_combined,1,21,calibrate:022,calibrate,22
development_repeated_nested_cv,4,outer_validation,development_combined,1,24,calibrate:025,calibrate,25
development_repeated_nested_cv,4,outer_validation,development_combined,1,26,calibrate:027,calibrate,27
development_repeated_nested_cv,4,outer_validation,development_combined,1,31,calibrate:032,calibrate,32
development_repeated_nested_cv,4,outer_validation,development_combined,1,39,calibrate:040,calibrate,40
development_repeated_nested_cv,4,outer_validation,development_combined,1,43,calibrate:044,calibrate,44
development_repeated_nested_cv,4,outer_validation,development_combined,1,47,calibrate:048,calibrate,48
development_repeated_nested_cv,4,outer_validation,development_combined,1,50,calibrate:051,calibrate,51
development_repeated_nested_cv,4,outer_validation,development_combined,1,56,calibrate:057,calibrate,57
development_repeated_nested_cv,4,outer_validation,development_combined,1,66,calibrate:067,calibrate,67
development_repeated_nested_cv,4,outer_validation,development_combined,1,69,calibrate:070,calibrate,70
development_repeated_nested_cv,4,outer_validation,development_combined,1,71,calibrate:072,calibrate,72
development_repeated_nested_cv,4,outer_validation,development_combined,1,75,calibrate:076,calibrate,76
development_repeated_nested_cv,4,outer_validation,development_combined,1,83,calibrate:084,calibrate,84
development_repeated_nested_cv,4,outer_validation,development_combined,1,102,calibrate:103,calibrate,103
development_repeated_nested_cv,4,outer_validation,development_combined,1,106,calibrate:107,calibrate,107
development_repeated_nested_cv,4,outer_validation,development_combined,1,113,calibrate:114,calibrate,114
development_repeated_nested_cv,4,outer_validation,development_combined,1,127,calibrate:128,calibrate,128
development_repeated_nested_cv,4,outer_validation,development_combined,1,128,calibrate:129,calibrate,129
development_repeated_nested_cv,4,outer_validation,development_combined,1,131,calibrate:132,calibrate,132
development_repeated_nested_cv,4,outer_validation,development_combined,1,139,calibrate:140,calibrate,140
development_repeated_nested_cv,4,outer_validation,development_combined,1,141,calibrate:142,calibrate,142
development_repeated_nested_cv,4,outer_validation,development_combined,1,147,calibrate:148,calibrate,148
development_repeated_nested_cv,4,outer_validation,development_combined,1,149,calibrate:150,calibrate,150
development_repeated_nested_cv,4,outer_validation,development_combined,1,151,calibrate:152,calibrate,152
development_repeated_nested_cv,4,outer_validation,development_combined,1,152,calibrate:153,calibrate,153
development_repeated_nested_cv,4,outer_validation,development_combined,1,161,validate:007,validate,7
development_repeated_nested_cv,4,outer_validation,development_combined,1,173,validate:019,validate,19
development_repeated_nested_cv,4,outer_validation,development_combined,1,180,validate:026,validate,26
development_repeated_nested_cv,4,outer_validation,development_combined,1,182,validate:028,validate,28
development_repeated_nested_cv,4,outer_validation,development_combined,1,186,validate:032,validate,32
development_repeated_nested_cv,4,outer_validation,development_combined,1,187,validate:033,validate,33
development_repeated_nested_cv,4,outer_validation,development_combined,1,189,validate:035,validate,35
development_repeated_nested_cv,4,outer_validation,development_combined,1,190,validate:036,validate,36
development_repeated_nested_cv,4,outer_validation,development_combined,2,3,calibrate:004,calibrate,4
development_repeated_nested_cv,4,outer_validation,development_combined,2,6,calibrate:007,calibrate,7
development_repeated_nested_cv,4,outer_validation,development_combined,2,9,calibrate:010,calibrate,10
development_repeated_nested_cv,4,outer_validation,development_combined,2,18,calibrate:019,calibrate,19
development_repeated_nested_cv,4,outer_validation,development_combined,2,22,calibrate:023,calibrate,23
development_repeated_nested_cv,4,outer_validation,development_combined,2,25,calibrate:026,calibrate,26
development_repeated_nested_cv,4,outer_validation,development_combined,2,28,calibrate:029,calibrate,29
development_repeated_nested_cv,4,outer_validation,development_combined,2,30,calibrate:031,calibrate,31
development_repeated_nested_cv,4,outer_validation,development_combined,2,33,calibrate:034,calibrate,34
development_repeated_nested_cv,4,outer_validation,development_combined,2,34,calibrate:035,calibrate,35
development_repeated_nested_cv,4,outer_validation,development_combined,2,35,calibrate:036,calibrate,36
development_repeated_nested_cv,4,outer_validation,development_combined,2,41,calibrate:042,calibrate,42
development_repeated_nested_cv,4,outer_validation,development_combined,2,55,calibrate:056,calibrate,56
development_repeated_nested_cv,4,outer_validation,development_combined,2,58,calibrate:059,calibrate,59
development_repeated_nested_cv,4,outer_validation,development_combined,2,59,calibrate:060,calibrate,60
development_repeated_nested_cv,4,outer_validation,development_combined,2,61,calibrate:062,calibrate,62
development_repeated_nested_cv,4,outer_validation,development_combined,2,64,calibrate:065,calibrate,65
development_repeated_nested_cv,4,outer_validation,development_combined,2,68,calibrate:069,calibrate,69
development_repeated_nested_cv,4,outer_validation,development_combined,2,77,calibrate:078,calibrate,78
development_repeated_nested_cv,4,outer_validation,development_combined,2,79,calibrate:080,calibrate,80
development_repeated_nested_cv,4,outer_validation,development_combined,2,89,calibrate:090,calibrate,90
development_repeated_nested_cv,4,outer_validation,development_combined,2,112,calibrate:113,calibrate,113
development_repeated_nested_cv,4,outer_validation,development_combined,2,114,calibrate:115,calibrate,115
development_repeated_nested_cv,4,outer_validation,development_combined,2,115,calibrate:116,calibrate,116
development_repeated_nested_cv,4,outer_validation,development_combined,2,123,calibrate:124,calibrate,124
development_repeated_nested_cv,4,outer_validation,development_combined,2,126,calibrate:127,calibrate,127
development_repeated_nested_cv,4,outer_validation,development_combined,2,130,calibrate:131,calibrate,131
development_repeated_nested_cv,4,outer_validation,development_combined,2,143,calibrate:144,calibrate,144
development_repeated_nested_cv,4,outer_validation,development_combined,2,144,calibrate:145,calibrate,145
development_repeated_nested_cv,4,outer_validation,development_combined,2,145,calibrate:146,calibrate,146
development_repeated_nested_cv,4,outer_validation,development_combined,2,146,calibrate:147,calibrate,147
development_repeated_nested_cv,4,outer_validation,development_combined,2,156,validate:002,validate,2
development_repeated_nested_cv,4,outer_validation,development_combined,2,162,validate:008,validate,8
development_repeated_nested_cv,4,outer_validation,development_combined,2,165,validate:011,validate,11
development_repeated_nested_cv,4,outer_validation,development_combined,2,168,validate:014,validate,14
development_repeated_nested_cv,4,outer_validation,development_combined,2,170,validate:016,validate,16
development_repeated_nested_cv,4,outer_validation,development_combined,2,174,validate:020,validate,20
development_repeated_nested_cv,4,outer_validation,development_combined,2,185,validate:031,validate,31
development_repeated_nested_cv,4,outer_validation,development_combined,2,193,validate:039,validate,39
development_repeated_nested_cv,4,outer_validation,development_combined,3,0,calibrate:001,calibrate,1
development_repeated_nested_cv,4,outer_validation,development_combined,3,4,calibrate:005,calibrate,5
development_repeated_nested_cv,4,outer_validation,development_combined,3,15,calibrate:016,calibrate,16
development_repeated_nested_cv,4,outer_validation,development_combined,3,27,calibrate:028,calibrate,28
development_repeated_nested_cv,4,outer_validation,development_combined,3,36,calibrate:037,calibrate,37
development_repeated_nested_cv,4,outer_validation,development_combined,3,40,calibrate:041,calibrate,41
development_repeated_nested_cv,4,outer_validation,development_combined,3,46,calibrate:047,calibrate,47
development_repeated_nested_cv,4,outer_validation,development_combined,3,48,calibrate:049,calibrate,49
development_repeated_nested_cv,4,outer_validation,development_combined,3,53,calibrate:054,calibrate,54
development_repeated_nested_cv,4,outer_validation,development_combined,3,60,calibrate:061,calibrate,61
development_repeated_nested_cv,4,outer_validation,development_combined,3,63,calibrate:064,calibrate,64
development_repeated_nested_cv,4,outer_validation,development_combined,3,73,calibrate:074,calibrate,74
development_repeated_nested_cv,4,outer_validation,development_combined,3,74,calibrate:075,calibrate,75
development_repeated_nested_cv,4,outer_validation,development_combined,3,81,calibrate:082,calibrate,82
development_repeated_nested_cv,4,outer_validation,development_combined,3,82,calibrate:083,calibrate,83
development_repeated_nested_cv,4,outer_validation,development_combined,3,95,calibrate:096,calibrate,96
development_repeated_nested_cv,4,outer_validation,development_combined,3,97,calibrate:098,calibrate,98
development_repeated_nested_cv,4,outer_validation,development_combined,3,101,calibrate:102,calibrate,102
development_repeated_nested_cv,4,outer_validation,development_combined,3,105,calibrate:106,calibrate,106
development_repeated_nested_cv,4,outer_validation,development_combined,3,108,calibrate:109,calibrate,109
development_repeated_nested_cv,4,outer_validation,development_combined,3,110,calibrate:111,calibrate,111
development_repeated_nested_cv,4,outer_validation,development_combined,3,111,calibrate:112,calibrate,112
development_repeated_nested_cv,4,outer_validation,development_combined,3,116,calibrate:117,calibrate,117
development_repeated_nested_cv,4,outer_validation,development_combined,3,118,calibrate:119,calibrate,119
development_repeated_nested_cv,4,outer_validation,development_combined,3,119,calibrate:120,calibrate,120
development_repeated_nested_cv,4,outer_validation,development_combined,3,122,calibrate:123,calibrate,123
development_repeated_nested_cv,4,outer_validation,development_combined,3,129,calibrate:130,calibrate,130
development_repeated_nested_cv,4,outer_validation,development_combined,3,134,calibrate:135,calibrate,135
development_repeated_nested_cv,4,outer_validation,development_combined,3,136,calibrate:137,calibrate,137
development_repeated_nested_cv,4,outer_validation,development_combined,3,137,calibrate:138,calibrate,138
development_repeated_nested_cv,4,outer_validation,development_combined,3,140,calibrate:141,calibrate,141
development_repeated_nested_cv,4,outer_validation,development_combined,3,158,validate:004,validate,4
development_repeated_nested_cv,4,outer_validation,development_combined,3,159,validate:005,validate,5
development_repeated_nested_cv,4,outer_validation,development_combined,3,163,validate:009,validate,9
development_repeated_nested_cv,4,outer_validation,development_combined,3,166,validate:012,validate,12
development_repeated_nested_cv,4,outer_validation,development_combined,3,167,validate:013,validate,13
development_repeated_nested_cv,4,outer_validation,development_combined,3,178,validate:024,validate,24
development_repeated_nested_cv,4,outer_validation,development_combined,3,183,validate:029,validate,29
development_repeated_nested_cv,4,outer_validation,development_combined,3,184,validate:030,validate,30
development_repeated_nested_cv,4,outer_validation,development_combined,4,2,calibrate:003,calibrate,3
development_repeated_nested_cv,4,outer_validation,development_combined,4,5,calibrate:006,calibrate,6
development_repeated_nested_cv,4,outer_validation,development_combined,4,17,calibrate:018,calibrate,18
development_repeated_nested_cv,4,outer_validation,development_combined,4,29,calibrate:030,calibrate,30
development_repeated_nested_cv,4,outer_validation,development_combined,4,37,calibrate:038,calibrate,38
development_repeated_nested_cv,4,outer_validation,development_combined,4,42,calibrate:043,calibrate,43
development_repeated_nested_cv,4,outer_validation,development_combined,4,44,calibrate:045,calibrate,45
development_repeated_nested_cv,4,outer_validation,development_combined,4,49,calibrate:050,calibrate,50
development_repeated_nested_cv,4,outer_validation,development_combined,4,54,calibrate:055,calibrate,55
development_repeated_nested_cv,4,outer_validation,development_combined,4,57,calibrate:058,calibrate,58
development_repeated_nested_cv,4,outer_validation,development_combined,4,76,calibrate:077,calibrate,77
development_repeated_nested_cv,4,outer_validation,development_combined,4,78,calibrate:079,calibrate,79
development_repeated_nested_cv,4,outer_validation,development_combined,4,80,calibrate:081,calibrate,81
development_repeated_nested_cv,4,outer_validation,development_combined,4,84,calibrate:085,calibrate,85
development_repeated_nested_cv,4,outer_validation,development_combined,4,86,calibrate:087,calibrate,87
development_repeated_nested_cv,4,outer_validation,development_combined,4,87,calibrate:088,calibrate,88
development_repeated_nested_cv,4,outer_validation,development_combined,4,88,calibrate:089,calibrate,89
development_repeated_nested_cv,4,outer_validation,development_combined,4,92,calibrate:093,calibrate,93
development_repeated_nested_cv,4,outer_validation,development_combined,4,94,calibrate:095,calibrate,95
development_repeated_nested_cv,4,outer_validation,development_combined,4,98,calibrate:099,calibrate,99
development_repeated_nested_cv,4,outer_validation,development_combined,4,99,calibrate:100,calibrate,100
development_repeated_nested_cv,4,outer_validation,development_combined,4,103,calibrate:104,calibrate,104
development_repeated_nested_cv,4,outer_validation,development_combined,4,109,calibrate:110,calibrate,110
development_repeated_nested_cv,4,outer_validation,development_combined,4,117,calibrate:118,calibrate,118
development_repeated_nested_cv,4,outer_validation,development_combined,4,124,calibrate:125,calibrate,125
development_repeated_nested_cv,4,outer_validation,development_combined,4,125,calibrate:126,calibrate,126
development_repeated_nested_cv,4,outer_validation,development_combined,4,132,calibrate:133,calibrate,133
development_repeated_nested_cv,4,outer_validation,development_combined,4,133,calibrate:134,calibrate,134
development_repeated_nested_cv,4,outer_validation,development_combined,4,138,calibrate:139,calibrate,139
development_repeated_nested_cv,4,outer_validation,development_combined,4,148,calibrate:149,calibrate,149
development_repeated_nested_cv,4,outer_validation,development_combined,4,150,calibrate:151,calibrate,151
development_repeated_nested_cv,4,outer_validation,development_combined,4,157,validate:003,validate,3
development_repeated_nested_cv,4,outer_validation,development_combined,4,160,validate:006,validate,6
development_repeated_nested_cv,4,outer_validation,development_combined,4,171,validate:017,validate,17
development_repeated_nested_cv,4,outer_validation,development_combined,4,175,validate:021,validate,21
development_repeated_nested_cv,4,outer_validation,development_combined,4,179,validate:025,validate,25
development_repeated_nested_cv,4,outer_validation,development_combined,4,188,validate:034,validate,34
development_repeated_nested_cv,4,outer_validation,development_combined,4,191,validate:037,validate,37
development_repeated_nested_cv,4,outer_validation,development_combined,4,194,validate:040,validate,40
development_repeated_nested_cv,4,outer_validation,development_combined,5,1,calibrate:002,calibrate,2
development_repeated_nested_cv,4,outer_validation,development_combined,5,7,calibrate:008,calibrate,8
development_repeated_nested_cv,4,outer_validation,development_combined,5,8,calibrate:009,calibrate,9
development_repeated_nested_cv,4,outer_validation,development_combined,5,10,calibrate:011,calibrate,11
development_repeated_nested_cv,4,outer_validation,development_combined,5,16,calibrate:017,calibrate,17
development_repeated_nested_cv,4,outer_validation,development_combined,5,19,calibrate:020,calibrate,20
development_repeated_nested_cv,4,outer_validation,development_combined,5,23,calibrate:024,calibrate,24
development_repeated_nested_cv,4,outer_validation,development_combined,5,32,calibrate:033,calibrate,33
development_repeated_nested_cv,4,outer_validation,development_combined,5,38,calibrate:039,calibrate,39
development_repeated_nested_cv,4,outer_validation,development_combined,5,45,calibrate:046,calibrate,46
development_repeated_nested_cv,4,outer_validation,development_combined,5,51,calibrate:052,calibrate,52
development_repeated_nested_cv,4,outer_validation,development_combined,5,52,calibrate:053,calibrate,53
development_repeated_nested_cv,4,outer_validation,development_combined,5,62,calibrate:063,calibrate,63
development_repeated_nested_cv,4,outer_validation,development_combined,5,65,calibrate:066,calibrate,66
development_repeated_nested_cv,4,outer_validation,development_combined,5,67,calibrate:068,calibrate,68
development_repeated_nested_cv,4,outer_validation,development_combined,5,70,calibrate:071,calibrate,71
development_repeated_nested_cv,4,outer_validation,development_combined,5,72,calibrate:073,calibrate,73
development_repeated_nested_cv,4,outer_validation,development_combined,5,85,calibrate:086,calibrate,86
development_repeated_nested_cv,4,outer_validation,development_combined,5,90,calibrate:091,calibrate,91
development_repeated_nested_cv,4,outer_validation,development_combined,5,91,calibrate:092,calibrate,92
development_repeated_nested_cv,4,outer_validation,development_combined,5,93,calibrate:094,calibrate,94
development_repeated_nested_cv,4,outer_validation,development_combined,5,96,calibrate:097,calibrate,97
development_repeated_nested_cv,4,outer_validation,development_combined,5,100,calibrate:101,calibrate,101
development_repeated_nested_cv,4,outer_validation,development_combined,5,104,calibrate:105,calibrate,105
development_repeated_nested_cv,4,outer_validation,development_combined,5,107,calibrate:108,calibrate,108
development_repeated_nested_cv,4,outer_validation,development_combined,5,120,calibrate:121,calibrate,121
development_repeated_nested_cv,4,outer_validation,development_combined,5,121,calibrate:122,calibrate,122
development_repeated_nested_cv,4,outer_validation,development_combined,5,135,calibrate:136,calibrate,136
development_repeated_nested_cv,4,outer_validation,development_combined,5,142,calibrate:143,calibrate,143
development_repeated_nested_cv,4,outer_validation,development_combined,5,153,calibrate:154,calibrate,154
development_repeated_nested_cv,4,outer_validation,development_combined,5,154,calibrate:155,calibrate,155
development_repeated_nested_cv,4,outer_validation,development_combined,5,155,validate:001,validate,1
development_repeated_nested_cv,4,outer_validation,development_combined,5,164,validate:010,validate,10
development_repeated_nested_cv,4,outer_validation,development_combined,5,169,validate:015,validate,15
development_repeated_nested_cv,4,outer_validation,development_combined,5,172,validate:018,validate,18
development_repeated_nested_cv,4,outer_validation,development_combined,5,176,validate:022,validate,22
development_repeated_nested_cv,4,outer_validation,development_combined,5,177,validate:023,validate,23
development_repeated_nested_cv,4,outer_validation,development_combined,5,181,validate:027,validate,27
development_repeated_nested_cv,4,outer_validation,development_combined,5,192,validate:038,validate,38
development_repeated_nested_cv,5,outer_validation,development_combined,1,4,calibrate:005,calibrate,5
development_repeated_nested_cv,5,outer_validation,development_combined,1,6,calibrate:007,calibrate,7
development_repeated_nested_cv,5,outer_validation,development_combined,1,17,calibrate:018,calibrate,18
development_repeated_nested_cv,5,outer_validation,development_combined,1,19,calibrate:020,calibrate,20
development_repeated_nested_cv,5,outer_validation,development_combined,1,23,calibrate:024,calibrate,24
development_repeated_nested_cv,5,outer_validation,development_combined,1,30,calibrate:031,calibrate,31
development_repeated_nested_cv,5,outer_validation,development_combined,1,42,calibrate:043,calibrate,43
development_repeated_nested_cv,5,outer_validation,development_combined,1,44,calibrate:045,calibrate,45
development_repeated_nested_cv,5,outer_validation,development_combined,1,45,calibrate:046,calibrate,46
development_repeated_nested_cv,5,outer_validation,development_combined,1,48,calibrate:049,calibrate,49
development_repeated_nested_cv,5,outer_validation,development_combined,1,49,calibrate:050,calibrate,50
development_repeated_nested_cv,5,outer_validation,development_combined,1,51,calibrate:052,calibrate,52
development_repeated_nested_cv,5,outer_validation,development_combined,1,52,calibrate:053,calibrate,53
development_repeated_nested_cv,5,outer_validation,development_combined,1,58,calibrate:059,calibrate,59
development_repeated_nested_cv,5,outer_validation,development_combined,1,78,calibrate:079,calibrate,79
development_repeated_nested_cv,5,outer_validation,development_combined,1,80,calibrate:081,calibrate,81
development_repeated_nested_cv,5,outer_validation,development_combined,1,83,calibrate:084,calibrate,84
development_repeated_nested_cv,5,outer_validation,development_combined,1,88,calibrate:089,calibrate,89
development_repeated_nested_cv,5,outer_validation,development_combined,1,98,calibrate:099,calibrate,99
development_repeated_nested_cv,5,outer_validation,development_combined,1,104,calibrate:105,calibrate,105
development_repeated_nested_cv,5,outer_validation,development_combined,1,106,calibrate:107,calibrate,107
development_repeated_nested_cv,5,outer_validation,development_combined,1,111,calibrate:112,calibrate,112
development_repeated_nested_cv,5,outer_validation,development_combined,1,115,calibrate:116,calibrate,116
development_repeated_nested_cv,5,outer_validation,development_combined,1,116,calibrate:117,calibrate,117
development_repeated_nested_cv,5,outer_validation,development_combined,1,121,calibrate:122,calibrate,122
development_repeated_nested_cv,5,outer_validation,development_combined,1,123,calibrate:124,calibrate,124
development_repeated_nested_cv,5,outer_validation,development_combined,1,125,calibrate:126,calibrate,126
development_repeated_nested_cv,5,outer_validation,development_combined,1,131,calibrate:132,calibrate,132
development_repeated_nested_cv,5,outer_validation,development_combined,1,135,calibrate:136,calibrate,136
development_repeated_nested_cv,5,outer_validation,development_combined,1,140,calibrate:141,calibrate,141
development_repeated_nested_cv,5,outer_validation,development_combined,1,143,calibrate:144,calibrate,144
development_repeated_nested_cv,5,outer_validation,development_combined,1,166,validate:012,validate,12
development_repeated_nested_cv,5,outer_validation,development_combined,1,168,validate:014,validate,14
development_repeated_nested_cv,5,outer_validation,development_combined,1,169,validate:015,validate,15
development_repeated_nested_cv,5,outer_validation,development_combined,1,170,validate:016,validate,16
development_repeated_nested_cv,5,outer_validation,development_combined,1,173,validate:019,validate,19
development_repeated_nested_cv,5,outer_validation,development_combined,1,177,validate:023,validate,23
development_repeated_nested_cv,5,outer_validation,development_combined,1,179,validate:025,validate,25
development_repeated_nested_cv,5,outer_validation,development_combined,1,189,validate:035,validate,35
development_repeated_nested_cv,5,outer_validation,development_combined,2,10,calibrate:011,calibrate,11
development_repeated_nested_cv,5,outer_validation,development_combined,2,16,calibrate:017,calibrate,17
development_repeated_nested_cv,5,outer_validation,development_combined,2,18,calibrate:019,calibrate,19
development_repeated_nested_cv,5,outer_validation,development_combined,2,21,calibrate:022,calibrate,22
development_repeated_nested_cv,5,outer_validation,development_combined,2,25,calibrate:026,calibrate,26
development_repeated_nested_cv,5,outer_validation,development_combined,2,26,calibrate:027,calibrate,27
development_repeated_nested_cv,5,outer_validation,development_combined,2,29,calibrate:030,calibrate,30
development_repeated_nested_cv,5,outer_validation,development_combined,2,40,calibrate:041,calibrate,41
development_repeated_nested_cv,5,outer_validation,development_combined,2,43,calibrate:044,calibrate,44
development_repeated_nested_cv,5,outer_validation,development_combined,2,46,calibrate:047,calibrate,47
development_repeated_nested_cv,5,outer_validation,development_combined,2,47,calibrate:048,calibrate,48
development_repeated_nested_cv,5,outer_validation,development_combined,2,50,calibrate:051,calibrate,51
development_repeated_nested_cv,5,outer_validation,development_combined,2,60,calibrate:061,calibrate,61
development_repeated_nested_cv,5,outer_validation,development_combined,2,61,calibrate:062,calibrate,62
development_repeated_nested_cv,5,outer_validation,development_combined,2,67,calibrate:068,calibrate,68
development_repeated_nested_cv,5,outer_validation,development_combined,2,72,calibrate:073,calibrate,73
development_repeated_nested_cv,5,outer_validation,development_combined,2,74,calibrate:075,calibrate,75
development_repeated_nested_cv,5,outer_validation,development_combined,2,87,calibrate:088,calibrate,88
development_repeated_nested_cv,5,outer_validation,development_combined,2,92,calibrate:093,calibrate,93
development_repeated_nested_cv,5,outer_validation,development_combined,2,94,calibrate:095,calibrate,95
development_repeated_nested_cv,5,outer_validation,development_combined,2,100,calibrate:101,calibrate,101
development_repeated_nested_cv,5,outer_validation,development_combined,2,103,calibrate:104,calibrate,104
development_repeated_nested_cv,5,outer_validation,development_combined,2,112,calibrate:113,calibrate,113
development_repeated_nested_cv,5,outer_validation,development_combined,2,113,calibrate:114,calibrate,114
development_repeated_nested_cv,5,outer_validation,development_combined,2,128,calibrate:129,calibrate,129
development_repeated_nested_cv,5,outer_validation,development_combined,2,129,calibrate:130,calibrate,130
development_repeated_nested_cv,5,outer_validation,development_combined,2,133,calibrate:134,calibrate,134
development_repeated_nested_cv,5,outer_validation,development_combined,2,146,calibrate:147,calibrate,147
development_repeated_nested_cv,5,outer_validation,development_combined,2,148,calibrate:149,calibrate,149
development_repeated_nested_cv,5,outer_validation,development_combined,2,152,calibrate:153,calibrate,153
development_repeated_nested_cv,5,outer_validation,development_combined,2,153,calibrate:154,calibrate,154
development_repeated_nested_cv,5,outer_validation,development_combined,2,158,validate:004,validate,4
development_repeated_nested_cv,5,outer_validation,development_combined,2,174,validate:020,validate,20
development_repeated_nested_cv,5,outer_validation,development_combined,2,181,validate:027,validate,27
development_repeated_nested_cv,5,outer_validation,development_combined,2,182,validate:028,validate,28
development_repeated_nested_cv,5,outer_validation,development_combined,2,185,validate:031,validate,31
development_repeated_nested_cv,5,outer_validation,development_combined,2,188,validate:034,validate,34
development_repeated_nested_cv,5,outer_validation,development_combined,2,190,validate:036,validate,36
development_repeated_nested_cv,5,outer_validation,development_combined,2,192,validate:038,validate,38
development_repeated_nested_cv,5,outer_validation,development_combined,3,13,calibrate:014,calibrate,14
development_repeated_nested_cv,5,outer_validation,development_combined,3,14,calibrate:015,calibrate,15
development_repeated_nested_cv,5,outer_validation,development_combined,3,24,calibrate:025,calibrate,25
development_repeated_nested_cv,5,outer_validation,development_combined,3,38,calibrate:039,calibrate,39
development_repeated_nested_cv,5,outer_validation,development_combined,3,54,calibrate:055,calibrate,55
development_repeated_nested_cv,5,outer_validation,development_combined,3,57,calibrate:058,calibrate,58
development_repeated_nested_cv,5,outer_validation,development_combined,3,62,calibrate:063,calibrate,63
development_repeated_nested_cv,5,outer_validation,development_combined,3,66,calibrate:067,calibrate,67
development_repeated_nested_cv,5,outer_validation,development_combined,3,71,calibrate:072,calibrate,72
development_repeated_nested_cv,5,outer_validation,development_combined,3,75,calibrate:076,calibrate,76
development_repeated_nested_cv,5,outer_validation,development_combined,3,76,calibrate:077,calibrate,77
development_repeated_nested_cv,5,outer_validation,development_combined,3,79,calibrate:080,calibrate,80
development_repeated_nested_cv,5,outer_validation,development_combined,3,85,calibrate:086,calibrate,86
development_repeated_nested_cv,5,outer_validation,development_combined,3,91,calibrate:092,calibrate,92
development_repeated_nested_cv,5,outer_validation,development_combined,3,93,calibrate:094,calibrate,94
development_repeated_nested_cv,5,outer_validation,development_combined,3,95,calibrate:096,calibrate,96
development_repeated_nested_cv,5,outer_validation,development_combined,3,102,calibrate:103,calibrate,103
development_repeated_nested_cv,5,outer_validation,development_combined,3,105,calibrate:106,calibrate,106
development_repeated_nested_cv,5,outer_validation,development_combined,3,107,calibrate:108,calibrate,108
development_repeated_nested_cv,5,outer_validation,development_combined,3,108,calibrate:109,calibrate,109
development_repeated_nested_cv,5,outer_validation,development_combined,3,110,calibrate:111,calibrate,111
development_repeated_nested_cv,5,outer_validation,development_combined,3,119,calibrate:120,calibrate,120
development_repeated_nested_cv,5,outer_validation,development_combined,3,127,calibrate:128,calibrate,128
development_repeated_nested_cv,5,outer_validation,development_combined,3,130,calibrate:131,calibrate,131
development_repeated_nested_cv,5,outer_validation,development_combined,3,137,calibrate:138,calibrate,138
development_repeated_nested_cv,5,outer_validation,development_combined,3,139,calibrate:140,calibrate,140
development_repeated_nested_cv,5,outer_validation,development_combined,3,145,calibrate:146,calibrate,146
development_repeated_nested_cv,5,outer_validation,development_combined,3,147,calibrate:148,calibrate,148
development_repeated_nested_cv,5,outer_validation,development_combined,3,149,calibrate:150,calibrate,150
development_repeated_nested_cv,5,outer_validation,development_combined,3,150,calibrate:151,calibrate,151
development_repeated_nested_cv,5,outer_validation,development_combined,3,151,calibrate:152,calibrate,152
development_repeated_nested_cv,5,outer_validation,development_combined,3,157,validate:003,validate,3
development_repeated_nested_cv,5,outer_validation,development_combined,3,161,validate:007,validate,7
development_repeated_nested_cv,5,outer_validation,development_combined,3,164,validate:010,validate,10
development_repeated_nested_cv,5,outer_validation,development_combined,3,171,validate:017,validate,17
development_repeated_nested_cv,5,outer_validation,development_combined,3,175,validate:021,validate,21
development_repeated_nested_cv,5,outer_validation,development_combined,3,186,validate:032,validate,32
development_repeated_nested_cv,5,outer_validation,development_combined,3,187,validate:033,validate,33
development_repeated_nested_cv,5,outer_validation,development_combined,3,193,validate:039,validate,39
development_repeated_nested_cv,5,outer_validation,development_combined,4,0,calibrate:001,calibrate,1
development_repeated_nested_cv,5,outer_validation,development_combined,4,1,calibrate:002,calibrate,2
development_repeated_nested_cv,5,outer_validation,development_combined,4,7,calibrate:008,calibrate,8
development_repeated_nested_cv,5,outer_validation,development_combined,4,9,calibrate:010,calibrate,10
development_repeated_nested_cv,5,outer_validation,development_combined,4,11,calibrate:012,calibrate,12
development_repeated_nested_cv,5,outer_validation,development_combined,4,15,calibrate:016,calibrate,16
development_repeated_nested_cv,5,outer_validation,development_combined,4,20,calibrate:021,calibrate,21
development_repeated_nested_cv,5,outer_validation,development_combined,4,22,calibrate:023,calibrate,23
development_repeated_nested_cv,5,outer_validation,development_combined,4,27,calibrate:028,calibrate,28
development_repeated_nested_cv,5,outer_validation,development_combined,4,55,calibrate:056,calibrate,56
development_repeated_nested_cv,5,outer_validation,development_combined,4,56,calibrate:057,calibrate,57
development_repeated_nested_cv,5,outer_validation,development_combined,4,64,calibrate:065,calibrate,65
development_repeated_nested_cv,5,outer_validation,development_combined,4,69,calibrate:070,calibrate,70
development_repeated_nested_cv,5,outer_validation,development_combined,4,73,calibrate:074,calibrate,74
development_repeated_nested_cv,5,outer_validation,development_combined,4,81,calibrate:082,calibrate,82
development_repeated_nested_cv,5,outer_validation,development_combined,4,82,calibrate:083,calibrate,83
development_repeated_nested_cv,5,outer_validation,development_combined,4,84,calibrate:085,calibrate,85
development_repeated_nested_cv,5,outer_validation,development_combined,4,99,calibrate:100,calibrate,100
development_repeated_nested_cv,5,outer_validation,development_combined,4,101,calibrate:102,calibrate,102
development_repeated_nested_cv,5,outer_validation,development_combined,4,109,calibrate:110,calibrate,110
development_repeated_nested_cv,5,outer_validation,development_combined,4,114,calibrate:115,calibrate,115
development_repeated_nested_cv,5,outer_validation,development_combined,4,117,calibrate:118,calibrate,118
development_repeated_nested_cv,5,outer_validation,development_combined,4,118,calibrate:119,calibrate,119
development_repeated_nested_cv,5,outer_validation,development_combined,4,120,calibrate:121,calibrate,121
development_repeated_nested_cv,5,outer_validation,development_combined,4,122,calibrate:123,calibrate,123
development_repeated_nested_cv,5,outer_validation,development_combined,4,126,calibrate:127,calibrate,127
development_repeated_nested_cv,5,outer_validation,development_combined,4,132,calibrate:133,calibrate,133
development_repeated_nested_cv,5,outer_validation,development_combined,4,136,calibrate:137,calibrate,137
development_repeated_nested_cv,5,outer_validation,development_combined,4,138,calibrate:139,calibrate,139
development_repeated_nested_cv,5,outer_validation,development_combined,4,141,calibrate:142,calibrate,142
development_repeated_nested_cv,5,outer_validation,development_combined,4,142,calibrate:143,calibrate,143
development_repeated_nested_cv,5,outer_validation,development_combined,4,156,validate:002,validate,2
development_repeated_nested_cv,5,outer_validation,development_combined,4,160,validate:006,validate,6
development_repeated_nested_cv,5,outer_validation,development_combined,4,162,validate:008,validate,8
development_repeated_nested_cv,5,outer_validation,development_combined,4,165,validate:011,validate,11
development_repeated_nested_cv,5,outer_validation,development_combined,4,172,validate:018,validate,18
development_repeated_nested_cv,5,outer_validation,development_combined,4,180,validate:026,validate,26
development_repeated_nested_cv,5,outer_validation,development_combined,4,183,validate:029,validate,29
development_repeated_nested_cv,5,outer_validation,development_combined,4,184,validate:030,validate,30
development_repeated_nested_cv,5,outer_validation,development_combined,5,2,calibrate:003,calibrate,3
development_repeated_nested_cv,5,outer_validation,development_combined,5,3,calibrate:004,calibrate,4
development_repeated_nested_cv,5,outer_validation,development_combined,5,5,calibrate:006,calibrate,6
development_repeated_nested_cv,5,outer_validation,development_combined,5,8,calibrate:009,calibrate,9
development_repeated_nested_cv,5,outer_validation,development_combined,5,12,calibrate:013,calibrate,13
development_repeated_nested_cv,5,outer_validation,development_combined,5,28,calibrate:029,calibrate,29
development_repeated_nested_cv,5,outer_validation,development_combined,5,31,calibrate:032,calibrate,32
development_repeated_nested_cv,5,outer_validation,development_combined,5,32,calibrate:033,calibrate,33
development_repeated_nested_cv,5,outer_validation,development_combined,5,33,calibrate:034,calibrate,34
development_repeated_nested_cv,5,outer_validation,development_combined,5,34,calibrate:035,calibrate,35
development_repeated_nested_cv,5,outer_validation,development_combined,5,35,calibrate:036,calibrate,36
development_repeated_nested_cv,5,outer_validation,development_combined,5,36,calibrate:037,calibrate,37
development_repeated_nested_cv,5,outer_validation,development_combined,5,37,calibrate:038,calibrate,38
development_repeated_nested_cv,5,outer_validation,development_combined,5,39,calibrate:040,calibrate,40
development_repeated_nested_cv,5,outer_validation,development_combined,5,41,calibrate:042,calibrate,42
development_repeated_nested_cv,5,outer_validation,development_combined,5,53,calibrate:054,calibrate,54
development_repeated_nested_cv,5,outer_validation,development_combined,5,59,calibrate:060,calibrate,60
development_repeated_nested_cv,5,outer_validation,development_combined,5,63,calibrate:064,calibrate,64
development_repeated_nested_cv,5,outer_validation,development_combined,5,65,calibrate:066,calibrate,66
development_repeated_nested_cv,5,outer_validation,development_combined,5,68,calibrate:069,calibrate,69
development_repeated_nested_cv,5,outer_validation,development_combined,5,70,calibrate:071,calibrate,71
development_repeated_nested_cv,5,outer_validation,development_combined,5,77,calibrate:078,calibrate,78
development_repeated_nested_cv,5,outer_validation,development_combined,5,86,calibrate:087,calibrate,87
development_repeated_nested_cv,5,outer_validation,development_combined,5,89,calibrate:090,calibrate,90
development_repeated_nested_cv,5,outer_validation,development_combined,5,90,calibrate:091,calibrate,91
development_repeated_nested_cv,5,outer_validation,development_combined,5,96,calibrate:097,calibrate,97
development_repeated_nested_cv,5,outer_validation,development_combined,5,97,calibrate:098,calibrate,98
development_repeated_nested_cv,5,outer_validation,development_combined,5,124,calibrate:125,calibrate,125
development_repeated_nested_cv,5,outer_validation,development_combined,5,134,calibrate:135,calibrate,135
development_repeated_nested_cv,5,outer_validation,development_combined,5,144,calibrate:145,calibrate,145
development_repeated_nested_cv,5,outer_validation,development_combined,5,154,calibrate:155,calibrate,155
development_repeated_nested_cv,5,outer_validation,development_combined,5,155,validate:001,validate,1
development_repeated_nested_cv,5,outer_validation,development_combined,5,159,validate:005,validate,5
development_repeated_nested_cv,5,outer_validation,development_combined,5,163,validate:009,validate,9
development_repeated_nested_cv,5,outer_validation,development_combined,5,167,validate:013,validate,13
development_repeated_nested_cv,5,outer_validation,development_combined,5,176,validate:022,validate,22
development_repeated_nested_cv,5,outer_validation,development_combined,5,178,validate:024,validate,24
development_repeated_nested_cv,5,outer_validation,development_combined,5,191,validate:037,validate,37
development_repeated_nested_cv,5,outer_validation,development_combined,5,194,validate:040,validate,40
development_source_contiguous_cv,1,outer_validation,development_combined,1,0,calibrate:001,calibrate,1
development_source_contiguous_cv,1,outer_validation,development_combined,1,1,calibrate:002,calibrate,2
development_source_contiguous_cv,1,outer_validation,development_combined,1,2,calibrate:003,calibrate,3
development_source_contiguous_cv,1,outer_validation,development_combined,1,3,calibrate:004,calibrate,4
development_source_contiguous_cv,1,outer_validation,development_combined,1,4,calibrate:005,calibrate,5
development_source_contiguous_cv,1,outer_validation,development_combined,1,5,calibrate:006,calibrate,6
development_source_contiguous_cv,1,outer_validation,development_combined,1,6,calibrate:007,calibrate,7
development_source_contiguous_cv,1,outer_validation,development_combined,1,7,calibrate:008,calibrate,8
development_source_contiguous_cv,1,outer_validation,development_combined,1,8,calibrate:009,calibrate,9
development_source_contiguous_cv,1,outer_validation,development_combined,1,9,calibrate:010,calibrate,10
development_source_contiguous_cv,1,outer_validation,development_combined,1,10,calibrate:011,calibrate,11
development_source_contiguous_cv,1,outer_validation,development_combined,1,11,calibrate:012,calibrate,12
development_source_contiguous_cv,1,outer_validation,development_combined,1,12,calibrate:013,calibrate,13
development_source_contiguous_cv,1,outer_validation,development_combined,1,13,calibrate:014,calibrate,14
development_source_contiguous_cv,1,outer_validation,development_combined,1,14,calibrate:015,calibrate,15
development_source_contiguous_cv,1,outer_validation,development_combined,1,15,calibrate:016,calibrate,16
development_source_contiguous_cv,1,outer_validation,development_combined,1,16,calibrate:017,calibrate,17
development_source_contiguous_cv,1,outer_validation,development_combined,1,17,calibrate:018,calibrate,18
development_source_contiguous_cv,1,outer_validation,development_combined,1,18,calibrate:019,calibrate,19
development_source_contiguous_cv,1,outer_validation,development_combined,1,19,calibrate:020,calibrate,20
development_source_contiguous_cv,1,outer_validation,development_combined,1,20,calibrate:021,calibrate,21
development_source_contiguous_cv,1,outer_validation,development_combined,1,21,calibrate:022,calibrate,22
development_source_contiguous_cv,1,outer_validation,development_combined,1,22,calibrate:023,calibrate,23
development_source_contiguous_cv,1,outer_validation,development_combined,1,23,calibrate:024,calibrate,24
development_source_contiguous_cv,1,outer_validation,development_combined,1,24,calibrate:025,calibrate,25
development_source_contiguous_cv,1,outer_validation,development_combined,1,25,calibrate:026,calibrate,26
development_source_contiguous_cv,1,outer_validation,development_combined,1,26,calibrate:027,calibrate,27
development_source_contiguous_cv,1,outer_validation,development_combined,1,27,calibrate:028,calibrate,28
development_source_contiguous_cv,1,outer_validation,development_combined,1,28,calibrate:029,calibrate,29
development_source_contiguous_cv,1,outer_validation,development_combined,1,29,calibrate:030,calibrate,30
development_source_contiguous_cv,1,outer_validation,development_combined,1,30,calibrate:031,calibrate,31
development_source_contiguous_cv,1,outer_validation,development_combined,1,155,validate:001,validate,1
development_source_contiguous_cv,1,outer_validation,development_combined,1,156,validate:002,validate,2
development_source_contiguous_cv,1,outer_validation,development_combined,1,157,validate:003,validate,3
development_source_contiguous_cv,1,outer_validation,development_combined,1,158,validate:004,validate,4
development_source_contiguous_cv,1,outer_validation,development_combined,1,159,validate:005,validate,5
development_source_contiguous_cv,1,outer_validation,development_combined,1,160,validate:006,validate,6
development_source_contiguous_cv,1,outer_validation,development_combined,1,161,validate:007,validate,7
development_source_contiguous_cv,1,outer_validation,development_combined,1,162,validate:008,validate,8
development_source_contiguous_cv,1,outer_validation,development_combined,2,31,calibrate:032,calibrate,32
development_source_contiguous_cv,1,outer_validation,development_combined,2,32,calibrate:033,calibrate,33
development_source_contiguous_cv,1,outer_validation,development_combined,2,33,calibrate:034,calibrate,34
development_source_contiguous_cv,1,outer_validation,development_combined,2,34,calibrate:035,calibrate,35
development_source_contiguous_cv,1,outer_validation,development_combined,2,35,calibrate:036,calibrate,36
development_source_contiguous_cv,1,outer_validation,development_combined,2,36,calibrate:037,calibrate,37
development_source_contiguous_cv,1,outer_validation,development_combined,2,37,calibrate:038,calibrate,38
development_source_contiguous_cv,1,outer_validation,development_combined,2,38,calibrate:039,calibrate,39
development_source_contiguous_cv,1,outer_validation,development_combined,2,39,calibrate:040,calibrate,40
development_source_contiguous_cv,1,outer_validation,development_combined,2,40,calibrate:041,calibrate,41
development_source_contiguous_cv,1,outer_validation,development_combined,2,41,calibrate:042,calibrate,42
development_source_contiguous_cv,1,outer_validation,development_combined,2,42,calibrate:043,calibrate,43
development_source_contiguous_cv,1,outer_validation,development_combined,2,43,calibrate:044,calibrate,44
development_source_contiguous_cv,1,outer_validation,development_combined,2,44,calibrate:045,calibrate,45
development_source_contiguous_cv,1,outer_validation,development_combined,2,45,calibrate:046,calibrate,46
development_source_contiguous_cv,1,outer_validation,development_combined,2,46,calibrate:047,calibrate,47
development_source_contiguous_cv,1,outer_validation,development_combined,2,47,calibrate:048,calibrate,48
development_source_contiguous_cv,1,outer_validation,development_combined,2,48,calibrate:049,calibrate,49
development_source_contiguous_cv,1,outer_validation,development_combined,2,49,calibrate:050,calibrate,50
development_source_contiguous_cv,1,outer_validation,development_combined,2,50,calibrate:051,calibrate,51
development_source_contiguous_cv,1,outer_validation,development_combined,2,51,calibrate:052,calibrate,52
development_source_contiguous_cv,1,outer_validation,development_combined,2,52,calibrate:053,calibrate,53
development_source_contiguous_cv,1,outer_validation,development_combined,2,53,calibrate:054,calibrate,54
development_source_contiguous_cv,1,outer_validation,development_combined,2,54,calibrate:055,calibrate,55
development_source_contiguous_cv,1,outer_validation,development_combined,2,55,calibrate:056,calibrate,56
development_source_contiguous_cv,1,outer_validation,development_combined,2,56,calibrate:057,calibrate,57
development_source_contiguous_cv,1,outer_validation,development_combined,2,57,calibrate:058,calibrate,58
development_source_contiguous_cv,1,outer_validation,development_combined,2,58,calibrate:059,calibrate,59
development_source_contiguous_cv,1,outer_validation,development_combined,2,59,calibrate:060,calibrate,60
development_source_contiguous_cv,1,outer_validation,development_combined,2,60,calibrate:061,calibrate,61
development_source_contiguous_cv,1,outer_validation,development_combined,2,61,calibrate:062,calibrate,62
development_source_contiguous_cv,1,outer_validation,development_combined,2,163,validate:009,validate,9
development_source_contiguous_cv,1,outer_validation,development_combined,2,164,validate:010,validate,10
development_source_contiguous_cv,1,outer_validation,development_combined,2,165,validate:011,validate,11
development_source_contiguous_cv,1,outer_validation,development_combined,2,166,validate:012,validate,12
development_source_contiguous_cv,1,outer_validation,development_combined,2,167,validate:013,validate,13
development_source_contiguous_cv,1,outer_validation,development_combined,2,168,validate:014,validate,14
development_source_contiguous_cv,1,outer_validation,development_combined,2,169,validate:015,validate,15
development_source_contiguous_cv,1,outer_validation,development_combined,2,170,validate:016,validate,16
development_source_contiguous_cv,1,outer_validation,development_combined,3,62,calibrate:063,calibrate,63
development_source_contiguous_cv,1,outer_validation,development_combined,3,63,calibrate:064,calibrate,64
development_source_contiguous_cv,1,outer_validation,development_combined,3,64,calibrate:065,calibrate,65
development_source_contiguous_cv,1,outer_validation,development_combined,3,65,calibrate:066,calibrate,66
development_source_contiguous_cv,1,outer_validation,development_combined,3,66,calibrate:067,calibrate,67
development_source_contiguous_cv,1,outer_validation,development_combined,3,67,calibrate:068,calibrate,68
development_source_contiguous_cv,1,outer_validation,development_combined,3,68,calibrate:069,calibrate,69
development_source_contiguous_cv,1,outer_validation,development_combined,3,69,calibrate:070,calibrate,70
development_source_contiguous_cv,1,outer_validation,development_combined,3,70,calibrate:071,calibrate,71
development_source_contiguous_cv,1,outer_validation,development_combined,3,71,calibrate:072,calibrate,72
development_source_contiguous_cv,1,outer_validation,development_combined,3,72,calibrate:073,calibrate,73
development_source_contiguous_cv,1,outer_validation,development_combined,3,73,calibrate:074,calibrate,74
development_source_contiguous_cv,1,outer_validation,development_combined,3,74,calibrate:075,calibrate,75
development_source_contiguous_cv,1,outer_validation,development_combined,3,75,calibrate:076,calibrate,76
development_source_contiguous_cv,1,outer_validation,development_combined,3,76,calibrate:077,calibrate,77
development_source_contiguous_cv,1,outer_validation,development_combined,3,77,calibrate:078,calibrate,78
development_source_contiguous_cv,1,outer_validation,development_combined,3,78,calibrate:079,calibrate,79
development_source_contiguous_cv,1,outer_validation,development_combined,3,79,calibrate:080,calibrate,80
development_source_contiguous_cv,1,outer_validation,development_combined,3,80,calibrate:081,calibrate,81
development_source_contiguous_cv,1,outer_validation,development_combined,3,81,calibrate:082,calibrate,82
development_source_contiguous_cv,1,outer_validation,development_combined,3,82,calibrate:083,calibrate,83
development_source_contiguous_cv,1,outer_validation,development_combined,3,83,calibrate:084,calibrate,84
development_source_contiguous_cv,1,outer_validation,development_combined,3,84,calibrate:085,calibrate,85
development_source_contiguous_cv,1,outer_validation,development_combined,3,85,calibrate:086,calibrate,86
development_source_contiguous_cv,1,outer_validation,development_combined,3,86,calibrate:087,calibrate,87
development_source_contiguous_cv,1,outer_validation,development_combined,3,87,calibrate:088,calibrate,88
development_source_contiguous_cv,1,outer_validation,development_combined,3,88,calibrate:089,calibrate,89
development_source_contiguous_cv,1,outer_validation,development_combined,3,89,calibrate:090,calibrate,90
development_source_contiguous_cv,1,outer_validation,development_combined,3,90,calibrate:091,calibrate,91
development_source_contiguous_cv,1,outer_validation,development_combined,3,91,calibrate:092,calibrate,92
development_source_contiguous_cv,1,outer_validation,development_combined,3,92,calibrate:093,calibrate,93
development_source_contiguous_cv,1,outer_validation,development_combined,3,171,validate:017,validate,17
development_source_contiguous_cv,1,outer_validation,development_combined,3,172,validate:018,validate,18
development_source_contiguous_cv,1,outer_validation,development_combined,3,173,validate:019,validate,19
development_source_contiguous_cv,1,outer_validation,development_combined,3,174,validate:020,validate,20
development_source_contiguous_cv,1,outer_validation,development_combined,3,175,validate:021,validate,21
development_source_contiguous_cv,1,outer_validation,development_combined,3,176,validate:022,validate,22
development_source_contiguous_cv,1,outer_validation,development_combined,3,177,validate:023,validate,23
development_source_contiguous_cv,1,outer_validation,development_combined,3,178,validate:024,validate,24
development_source_contiguous_cv,1,outer_validation,development_combined,4,93,calibrate:094,calibrate,94
development_source_contiguous_cv,1,outer_validation,development_combined,4,94,calibrate:095,calibrate,95
development_source_contiguous_cv,1,outer_validation,development_combined,4,95,calibrate:096,calibrate,96
development_source_contiguous_cv,1,outer_validation,development_combined,4,96,calibrate:097,calibrate,97
development_source_contiguous_cv,1,outer_validation,development_combined,4,97,calibrate:098,calibrate,98
development_source_contiguous_cv,1,outer_validation,development_combined,4,98,calibrate:099,calibrate,99
development_source_contiguous_cv,1,outer_validation,development_combined,4,99,calibrate:100,calibrate,100
development_source_contiguous_cv,1,outer_validation,development_combined,4,100,calibrate:101,calibrate,101
development_source_contiguous_cv,1,outer_validation,development_combined,4,101,calibrate:102,calibrate,102
development_source_contiguous_cv,1,outer_validation,development_combined,4,102,calibrate:103,calibrate,103
development_source_contiguous_cv,1,outer_validation,development_combined,4,103,calibrate:104,calibrate,104
development_source_contiguous_cv,1,outer_validation,development_combined,4,104,calibrate:105,calibrate,105
development_source_contiguous_cv,1,outer_validation,development_combined,4,105,calibrate:106,calibrate,106
development_source_contiguous_cv,1,outer_validation,development_combined,4,106,calibrate:107,calibrate,107
development_source_contiguous_cv,1,outer_validation,development_combined,4,107,calibrate:108,calibrate,108
development_source_contiguous_cv,1,outer_validation,development_combined,4,108,calibrate:109,calibrate,109
development_source_contiguous_cv,1,outer_validation,development_combined,4,109,calibrate:110,calibrate,110
development_source_contiguous_cv,1,outer_validation,development_combined,4,110,calibrate:111,calibrate,111
development_source_contiguous_cv,1,outer_validation,development_combined,4,111,calibrate:112,calibrate,112
development_source_contiguous_cv,1,outer_validation,development_combined,4,112,calibrate:113,calibrate,113
development_source_contiguous_cv,1,outer_validation,development_combined,4,113,calibrate:114,calibrate,114
development_source_contiguous_cv,1,outer_validation,development_combined,4,114,calibrate:115,calibrate,115
development_source_contiguous_cv,1,outer_validation,development_combined,4,115,calibrate:116,calibrate,116
development_source_contiguous_cv,1,outer_validation,development_combined,4,116,calibrate:117,calibrate,117
development_source_contiguous_cv,1,outer_validation,development_combined,4,117,calibrate:118,calibrate,118
development_source_contiguous_cv,1,outer_validation,development_combined,4,118,calibrate:119,calibrate,119
development_source_contiguous_cv,1,outer_validation,development_combined,4,119,calibrate:120,calibrate,120
development_source_contiguous_cv,1,outer_validation,development_combined,4,120,calibrate:121,calibrate,121
development_source_contiguous_cv,1,outer_validation,development_combined,4,121,calibrate:122,calibrate,122
development_source_contiguous_cv,1,outer_validation,development_combined,4,122,calibrate:123,calibrate,123
development_source_contiguous_cv,1,outer_validation,development_combined,4,123,calibrate:124,calibrate,124
development_source_contiguous_cv,1,outer_validation,development_combined,4,179,validate:025,validate,25
development_source_contiguous_cv,1,outer_validation,development_combined,4,180,validate:026,validate,26
development_source_contiguous_cv,1,outer_validation,development_combined,4,181,validate:027,validate,27
development_source_contiguous_cv,1,outer_validation,development_combined,4,182,validate:028,validate,28
development_source_contiguous_cv,1,outer_validation,development_combined,4,183,validate:029,validate,29
development_source_contiguous_cv,1,outer_validation,development_combined,4,184,validate:030,validate,30
development_source_contiguous_cv,1,outer_validation,development_combined,4,185,validate:031,validate,31
development_source_contiguous_cv,1,outer_validation,development_combined,4,186,validate:032,validate,32
development_source_contiguous_cv,1,outer_validation,development_combined,5,124,calibrate:125,calibrate,125
development_source_contiguous_cv,1,outer_validation,development_combined,5,125,calibrate:126,calibrate,126
development_source_contiguous_cv,1,outer_validation,development_combined,5,126,calibrate:127,calibrate,127
development_source_contiguous_cv,1,outer_validation,development_combined,5,127,calibrate:128,calibrate,128
development_source_contiguous_cv,1,outer_validation,development_combined,5,128,calibrate:129,calibrate,129
development_source_contiguous_cv,1,outer_validation,development_combined,5,129,calibrate:130,calibrate,130
development_source_contiguous_cv,1,outer_validation,development_combined,5,130,calibrate:131,calibrate,131
development_source_contiguous_cv,1,outer_validation,development_combined,5,131,calibrate:132,calibrate,132
development_source_contiguous_cv,1,outer_validation,development_combined,5,132,calibrate:133,calibrate,133
development_source_contiguous_cv,1,outer_validation,development_combined,5,133,calibrate:134,calibrate,134
development_source_contiguous_cv,1,outer_validation,development_combined,5,134,calibrate:135,calibrate,135
development_source_contiguous_cv,1,outer_validation,development_combined,5,135,calibrate:136,calibrate,136
development_source_contiguous_cv,1,outer_validation,development_combined,5,136,calibrate:137,calibrate,137
development_source_contiguous_cv,1,outer_validation,development_combined,5,137,calibrate:138,calibrate,138
development_source_contiguous_cv,1,outer_validation,development_combined,5,138,calibrate:139,calibrate,139
development_source_contiguous_cv,1,outer_validation,development_combined,5,139,calibrate:140,calibrate,140
development_source_contiguous_cv,1,outer_validation,development_combined,5,140,calibrate:141,calibrate,141
development_source_contiguous_cv,1,outer_validation,development_combined,5,141,calibrate:142,calibrate,142
development_source_contiguous_cv,1,outer_validation,development_combined,5,142,calibrate:143,calibrate,143
development_source_contiguous_cv,1,outer_validation,development_combined,5,143,calibrate:144,calibrate,144
development_source_contiguous_cv,1,outer_validation,development_combined,5,144,calibrate:145,calibrate,145
development_source_contiguous_cv,1,outer_validation,development_combined,5,145,calibrate:146,calibrate,146
development_source_contiguous_cv,1,outer_validation,development_combined,5,146,calibrate:147,calibrate,147
development_source_contiguous_cv,1,outer_validation,development_combined,5,147,calibrate:148,calibrate,148
development_source_contiguous_cv,1,outer_validation,development_combined,5,148,calibrate:149,calibrate,149
development_source_contiguous_cv,1,outer_validation,development_combined,5,149,calibrate:150,calibrate,150
development_source_contiguous_cv,1,outer_validation,development_combined,5,150,calibrate:151,calibrate,151
development_source_contiguous_cv,1,outer_validation,development_combined,5,151,calibrate:152,calibrate,152
development_source_contiguous_cv,1,outer_validation,development_combined,5,152,calibrate:153,calibrate,153
development_source_contiguous_cv,1,outer_validation,development_combined,5,153,calibrate:154,calibrate,154
development_source_contiguous_cv,1,outer_validation,development_combined,5,154,calibrate:155,calibrate,155
development_source_contiguous_cv,1,outer_validation,development_combined,5,187,validate:033,validate,33
development_source_contiguous_cv,1,outer_validation,development_combined,5,188,validate:034,validate,34
development_source_contiguous_cv,1,outer_validation,development_combined,5,189,validate:035,validate,35
development_source_contiguous_cv,1,outer_validation,development_combined,5,190,validate:036,validate,36
development_source_contiguous_cv,1,outer_validation,development_combined,5,191,validate:037,validate,37
development_source_contiguous_cv,1,outer_validation,development_combined,5,192,validate:038,validate,38
development_source_contiguous_cv,1,outer_validation,development_combined,5,193,validate:039,validate,39
development_source_contiguous_cv,1,outer_validation,development_combined,5,194,validate:040,validate,40
