analysis,repeat,outer_fold,assignment_level,index_scope,fold,data_index_zero_based,tablet_id,source_split,source_row_one_based
development_repeated_nested_cv,1,1,inner_validation,outer_training_local,1,1,calibrate:002,calibrate,2
development_repeated_nested_cv,1,1,inner_validation,outer_training_local,1,4,calibrate:008,calibrate,8
development_repeated_nested_cv,1,1,inner_validation,outer_training_local,1,6,calibrate:011,calibrate,11
development_repeated_nested_cv,1,1,inner_validation,outer_training_local,1,8,calibrate:014,calibrate,14
development_repeated_nested_cv,1,1,inner_validation,outer_training_local,1,17,calibrate:025,calibrate,25
development_repeated_nested_cv,1,1,inner_validation,outer_training_local,1,25,calibrate:034,calibrate,34
development_repeated_nested_cv,1,1,inner_validation,outer_training_local,1,33,calibrate:045,calibrate,45
development_repeated_nested_cv,1,1,inner_validation,outer_training_local,1,39,calibrate:056,calibrate,56
development_repeated_nested_cv,1,1,inner_validation,outer_training_local,1,43,calibrate:060,calibrate,60
development_repeated_nested_cv,1,1,inner_validation,outer_training_local,1,49,calibrate:066,calibrate,66
development_repeated_nested_cv,1,1,inner_validation,outer_training_local,1,52,calibrate:069,calibrate,69
development_repeated_nested_cv,1,1,inner_validation,outer_training_local,1,54,calibrate:071,calibrate,71
development_repeated_nested_cv,1,1,inner_validation,outer_training_local,1,55,calibrate:072,calibrate,72
development_repeated_nested_cv,1,1,inner_validation,outer_training_local,1,67,calibrate:086,calibrate,86
development_repeated_nested_cv,1,1,inner_validation,outer_training_local,1,71,calibrate:091,calibrate,91
development_repeated_nested_cv,1,1,inner_validation,outer_training_local,1,81,calibrate:103,calibrate,103
development_repeated_nested_cv,1,1,inner_validation,outer_training_local,1,88,calibrate:114,calibrate,114
development_repeated_nested_cv,1,1,inner_validation,outer_training_local,1,89,calibrate:115,calibrate,115
development_repeated_nested_cv,1,1,inner_validation,outer_training_local,1,97,calibrate:124,calibrate,124
development_repeated_nested_cv,1,1,inner_validation,outer_training_local,1,102,calibrate:132,calibrate,132
development_repeated_nested_cv,1,1,inner_validation,outer_training_local,1,103,calibrate:133,calibrate,133
development_repeated_nested_cv,1,1,inner_validation,outer_training_local,1,106,calibrate:136,calibrate,136
development_repeated_nested_cv,1,1,inner_validation,outer_training_local,1,113,calibrate:144,calibrate,144
development_repeated_nested_cv,1,1,inner_validation,outer_training_local,1,114,calibrate:146,calibrate,146
development_repeated_nested_cv,1,1,inner_validation,outer_training_local,1,122,calibrate:154,calibrate,154
development_repeated_nested_cv,1,1,inner_validation,outer_training_local,1,126,validate:003,validate,3
development_repeated_nested_cv,1,1,inner_validation,outer_training_local,1,127,validate:005,validate,5
development_repeated_nested_cv,1,1,inner_validation,outer_training_local,1,134,validate:013,validate,13
development_repeated_nested_cv,1,1,inner_validation,outer_training_local,1,139,validate:020,validate,20
development_repeated_nested_cv,1,1,inner_validation,outer_training_local,1,151,validate:034,validate,34
development_repeated_nested_cv,1,1,inner_validation,outer_training_local,1,153,validate:038,validate,38
development_repeated_nested_cv,1,1,inner_validation,outer_training_local,2,2,calibrate:005,calibrate,5
development_repeated_nested_cv,1,1,inner_validation,outer_training_local,2,3,calibrate:007,calibrate,7
development_repeated_nested_cv,1,1,inner_validation,outer_training_local,2,9,calibrate:015,calibrate,15
development_repeated_nested_cv,1,1,inner_validation,outer_training_local,2,12,calibrate:020,calibrate,20
development_repeated_nested_cv,1,1,inner_validation,outer_training_local,2,19,calibrate:027,calibrate,27
development_repeated_nested_cv,1,1,inner_validation,outer_training_local,2,22,calibrate:031,calibrate,31
development_repeated_nested_cv,1,1,inner_validation,outer_training_local,2,27,calibrate:037,calibrate,37
development_repeated_nested_cv,1,1,inner_validation,outer_training_local,2,29,calibrate:039,calibrate,39
development_repeated_nested_cv,1,1,inner_validation,outer_training_local,2,30,calibrate:040,calibrate,40
development_repeated_nested_cv,1,1,inner_validation,outer_training_local,2,34,calibrate:046,calibrate,46
development_repeated_nested_cv,1,1,inner_validation,outer_training_local,2,35,calibrate:048,calibrate,48
development_repeated_nested_cv,1,1,inner_validation,outer_training_local,2,37,calibrate:053,calibrate,53
development_repeated_nested_cv,1,1,inner_validation,outer_training_local,2,38,calibrate:054,calibrate,54
development_repeated_nested_cv,1,1,inner_validation,outer_training_local,2,44,calibrate:061,calibrate,61
development_repeated_nested_cv,1,1,inner_validation,outer_training_local,2,47,calibrate:064,calibrate,64
development_repeated_nested_cv,1,1,inner_validation,outer_training_local,2,57,calibrate:075,calibrate,75
development_repeated_nested_cv,1,1,inner_validation,outer_training_local,2,60,calibrate:078,calibrate,78
development_repeated_nested_cv,1,1,inner_validation,outer_training_local,2,64,calibrate:083,calibrate,83
development_repeated_nested_cv,1,1,inner_validation,outer_training_local,2,76,calibrate:097,calibrate,97
development_repeated_nested_cv,1,1,inner_validation,outer_training_local,2,85,calibrate:110,calibrate,110
development_repeated_nested_cv,1,1,inner_validation,outer_training_local,2,92,calibrate:118,calibrate,118
development_repeated_nested_cv,1,1,inner_validation,outer_training_local,2,93,calibrate:119,calibrate,119
development_repeated_nested_cv,1,1,inner_validation,outer_training_local,2,105,calibrate:135,calibrate,135
development_repeated_nested_cv,1,1,inner_validation,outer_training_local,2,109,calibrate:140,calibrate,140
development_repeated_nested_cv,1,1,inner_validation,outer_training_local,2,110,calibrate:141,calibrate,141
development_repeated_nested_cv,1,1,inner_validation,outer_training_local,2,125,validate:002,validate,2
development_repeated_nested_cv,1,1,inner_validation,outer_training_local,2,141,validate:022,validate,22
development_repeated_nested_cv,1,1,inner_validation,outer_training_local,2,144,validate:027,validate,27
development_repeated_nested_cv,1,1,inner_validation,outer_training_local,2,145,validate:028,validate,28
development_repeated_nested_cv,1,1,inner_validation,outer_training_local,2,150,validate:033,validate,33
development_repeated_nested_cv,1,1,inner_validation,outer_training_local,2,152,validate:035,validate,35
development_repeated_nested_cv,1,1,inner_validation,outer_training_local,2,154,validate:039,validate,39
development_repeated_nested_cv,1,1,inner_validation,outer_training_local,3,7,calibrate:013,calibrate,13
development_repeated_nested_cv,1,1,inner_validation,outer_training_local,3,16,calibrate:024,calibrate,24
development_repeated_nested_cv,1,1,inner_validation,outer_training_local,3,18,calibrate:026,calibrate,26
development_repeated_nested_cv,1,1,inner_validation,outer_training_local,3,23,calibrate:032,calibrate,32
development_repeated_nested_cv,1,1,inner_validation,outer_training_local,3,24,calibrate:033,calibrate,33
development_repeated_nested_cv,1,1,inner_validation,outer_training_local,3,26,calibrate:035,calibrate,35
development_repeated_nested_cv,1,1,inner_validation,outer_training_local,3,31,calibrate:042,calibrate,42
development_repeated_nested_cv,1,1,inner_validation,outer_training_local,3,40,calibrate:057,calibrate,57
development_repeated_nested_cv,1,1,inner_validation,outer_training_local,3,41,calibrate:058,calibrate,58
development_repeated_nested_cv,1,1,inner_validation,outer_training_local,3,45,calibrate:062,calibrate,62
development_repeated_nested_cv,1,1,inner_validation,outer_training_local,3,66,calibrate:085,calibrate,85
development_repeated_nested_cv,1,1,inner_validation,outer_training_local,3,68,calibrate:087,calibrate,87
development_repeated_nested_cv,1,1,inner_validation,outer_training_local,3,70,calibrate:090,calibrate,90
development_repeated_nested_cv,1,1,inner_validation,outer_training_local,3,74,calibrate:095,calibrate,95
development_repeated_nested_cv,1,1,inner_validation,outer_training_local,3,77,calibrate:098,calibrate,98
development_repeated_nested_cv,1,1,inner_validation,outer_training_local,3,79,calibrate:100,calibrate,100
development_repeated_nested_cv,1,1,inner_validation,outer_training_local,3,80,calibrate:102,calibrate,102
development_repeated_nested_cv,1,1,inner_validation,outer_training_local,3,90,calibrate:116,calibrate,116
development_repeated_nested_cv,1,1,inner_validation,outer_training_local,3,91,calibrate:117,calibrate,117
development_repeated_nested_cv,1,1,inner_validation,outer_training_local,3,94,calibrate:121,calibrate,121
development_repeated_nested_cv,1,1,inner_validation,outer_training_local,3,107,calibrate:137,calibrate,137
development_repeated_nested_cv,1,1,inner_validation,outer_training_local,3,115,calibrate:147,calibrate,147
development_repeated_nested_cv,1,1,inner_validation,outer_training_local,3,119,calibrate:151,calibrate,151
development_repeated_nested_cv,1,1,inner_validation,outer_training_local,3,123,calibrate:155,calibrate,155
development_repeated_nested_cv,1,1,inner_validation,outer_training_local,3,128,validate:006,validate,6
development_repeated_nested_cv,1,1,inner_validation,outer_training_local,3,131,validate:009,validate,9
development_repeated_nested_cv,1,1,inner_validation,outer_training_local,3,133,validate:011,validate,11
development_repeated_nested_cv,1,1,inner_validation,outer_training_local,3,138,validate:019,validate,19
development_repeated_nested_cv,1,1,inner_validation,outer_training_local,3,147,validate:030,validate,30
development_repeated_nested_cv,1,1,inner_validation,outer_training_local,3,148,validate:031,validate,31
development_repeated_nested_cv,1,1,inner_validation,outer_training_local,4,0,calibrate:001,calibrate,1
development_repeated_nested_cv,1,1,inner_validation,outer_training_local,4,10,calibrate:018,calibrate,18
development_repeated_nested_cv,1,1,inner_validation,outer_training_local,4,14,calibrate:022,calibrate,22
development_repeated_nested_cv,1,1,inner_validation,outer_training_local,4,15,calibrate:023,calibrate,23
development_repeated_nested_cv,1,1,inner_validation,outer_training_local,4,32,calibrate:044,calibrate,44
development_repeated_nested_cv,1,1,inner_validation,outer_training_local,4,42,calibrate:059,calibrate,59
development_repeated_nested_cv,1,1,inner_validation,outer_training_local,4,46,calibrate:063,calibrate,63
development_repeated_nested_cv,1,1,inner_validation,outer_training_local,4,53,calibrate:070,calibrate,70
development_repeated_nested_cv,1,1,inner_validation,outer_training_local,4,56,calibrate:073,calibrate,73
development_repeated_nested_cv,1,1,inner_validation,outer_training_local,4,58,calibrate:076,calibrate,76
development_repeated_nested_cv,1,1,inner_validation,outer_training_local,4,59,calibrate:077,calibrate,77
development_repeated_nested_cv,1,1,inner_validation,outer_training_local,4,61,calibrate:079,calibrate,79
development_repeated_nested_cv,1,1,inner_validation,outer_training_local,4,62,calibrate:080,calibrate,80
development_repeated_nested_cv,1,1,inner_validation,outer_training_local,4,69,calibrate:088,calibrate,88
development_repeated_nested_cv,1,1,inner_validation,outer_training_local,4,78,calibrate:099,calibrate,99
development_repeated_nested_cv,1,1,inner_validation,outer_training_local,4,82,calibrate:106,calibrate,106
development_repeated_nested_cv,1,1,inner_validation,outer_training_local,4,83,calibrate:107,calibrate,107
development_repeated_nested_cv,1,1,inner_validation,outer_training_local,4,99,calibrate:127,calibrate,127
development_repeated_nested_cv,1,1,inner_validation,outer_training_local,4,100,calibrate:128,calibrate,128
development_repeated_nested_cv,1,1,inner_validation,outer_training_local,4,101,calibrate:129,calibrate,129
development_repeated_nested_cv,1,1,inner_validation,outer_training_local,4,104,calibrate:134,calibrate,134
development_repeated_nested_cv,1,1,inner_validation,outer_training_local,4,108,calibrate:139,calibrate,139
development_repeated_nested_cv,1,1,inner_validation,outer_training_local,4,112,calibrate:143,calibrate,143
development_repeated_nested_cv,1,1,inner_validation,outer_training_local,4,116,calibrate:148,calibrate,148
development_repeated_nested_cv,1,1,inner_validation,outer_training_local,4,118,calibrate:150,calibrate,150
development_repeated_nested_cv,1,1,inner_validation,outer_training_local,4,129,validate:007,validate,7
development_repeated_nested_cv,1,1,inner_validation,outer_training_local,4,135,validate:016,validate,16
development_repeated_nested_cv,1,1,inner_validation,outer_training_local,4,136,validate:017,validate,17
development_repeated_nested_cv,1,1,inner_validation,outer_training_local,4,140,validate:021,validate,21
development_repeated_nested_cv,1,1,inner_validation,outer_training_local,4,143,validate:026,validate,26
development_repeated_nested_cv,1,1,inner_validation,outer_training_local,4,146,validate:029,validate,29
development_repeated_nested_cv,1,1,inner_validation,outer_training_local,4,149,validate:032,validate,32
development_repeated_nested_cv,1,1,inner_validation,outer_training_local,5,5,calibrate:009,calibrate,9
development_repeated_nested_cv,1,1,inner_validation,outer_training_local,5,11,calibrate:019,calibrate,19
development_repeated_nested_cv,1,1,inner_validation,outer_training_local,5,13,calibrate:021,calibrate,21
development_repeated_nested_cv,1,1,inner_validation,outer_training_local,5,20,calibrate:029,calibrate,29
development_repeated_nested_cv,1,1,inner_validation,outer_training_local,5,21,calibrate:030,calibrate,30
development_repeated_nested_cv,1,1,inner_validation,outer_training_local,5,28,calibrate:038,calibrate,38
development_repeated_nested_cv,1,1,inner_validation,outer_training_local,5,36,calibrate:049,calibrate,49
development_repeated_nested_cv,1,1,inner_validation,outer_training_local,5,48,calibrate:065,calibrate,65
development_repeated_nested_cv,1,1,inner_validation,outer_training_local,5,50,calibrate:067,calibrate,67
development_repeated_nested_cv,1,1,inner_validation,outer_training_local,5,51,calibrate:068,calibrate,68
development_repeated_nested_cv,1,1,inner_validation,outer_training_local,5,63,calibrate:081,calibrate,81
development_repeated_nested_cv,1,1,inner_validation,outer_training_local,5,65,calibrate:084,calibrate,84
development_repeated_nested_cv,1,1,inner_validation,outer_training_local,5,72,calibrate:092,calibrate,92
development_repeated_nested_cv,1,1,inner_validation,outer_training_local,5,73,calibrate:093,calibrate,93
development_repeated_nested_cv,1,1,inner_validation,outer_training_local,5,75,calibrate:096,calibrate,96
development_repeated_nested_cv,1,1,inner_validation,outer_training_local,5,84,calibrate:109,calibrate,109
development_repeated_nested_cv,1,1,inner_validation,outer_training_local,5,86,calibrate:111,calibrate,111
development_repeated_nested_cv,1,1,inner_validation,outer_training_local,5,87,calibrate:113,calibrate,113
development_repeated_nested_cv,1,1,inner_validation,outer_training_local,5,95,calibrate:122,calibrate,122
development_repeated_nested_cv,1,1,inner_validation,outer_training_local,5,96,calibrate:123,calibrate,123
development_repeated_nested_cv,1,1,inner_validation,outer_training_local,5,98,calibrate:125,calibrate,125
development_repeated_nested_cv,1,1,inner_validation,outer_training_local,5,111,calibrate:142,calibrate,142
development_repeated_nested_cv,1,1,inner_validation,outer_training_local,5,117,calibrate:149,calibrate,149
development_repeated_nested_cv,1,1,inner_validation,outer_training_local,5,120,calibrate:152,calibrate,152
development_repeated_nested_cv,1,1,inner_validation,outer_training_local,5,121,calibrate:153,calibrate,153
development_repeated_nested_cv,1,1,inner_validation,outer_training_local,5,124,validate:001,validate,1
development_repeated_nested_cv,1,1,inner_validation,outer_training_local,5,130,validate:008,validate,8
development_repeated_nested_cv,1,1,inner_validation,outer_training_local,5,132,validate:010,validate,10
development_repeated_nested_cv,1,1,inner_validation,outer_training_local,5,137,validate:018,validate,18
development_repeated_nested_cv,1,1,inner_validation,outer_training_local,5,142,validate:023,validate,23
development_repeated_nested_cv,1,1,inner_validation,outer_training_local,5,155,validate:040,validate,40
development_repeated_nested_cv,1,2,inner_validation,outer_training_local,1,2,calibrate:003,calibrate,3
development_repeated_nested_cv,1,2,inner_validation,outer_training_local,1,4,calibrate:005,calibrate,5
development_repeated_nested_cv,1,2,inner_validation,outer_training_local,1,10,calibrate:013,calibrate,13
development_repeated_nested_cv,1,2,inner_validation,outer_training_local,1,11,calibrate:015,calibrate,15
development_repeated_nested_cv,1,2,inner_validation,outer_training_local,1,14,calibrate:018,calibrate,18
development_repeated_nested_cv,1,2,inner_validation,outer_training_local,1,21,calibrate:026,calibrate,26
development_repeated_nested_cv,1,2,inner_validation,outer_training_local,1,37,calibrate:047,calibrate,47
development_repeated_nested_cv,1,2,inner_validation,outer_training_local,1,42,calibrate:053,calibrate,53
development_repeated_nested_cv,1,2,inner_validation,outer_training_local,1,44,calibrate:055,calibrate,55
development_repeated_nested_cv,1,2,inner_validation,outer_training_local,1,51,calibrate:063,calibrate,63
development_repeated_nested_cv,1,2,inner_validation,outer_training_local,1,52,calibrate:064,calibrate,64
development_repeated_nested_cv,1,2,inner_validation,outer_training_local,1,54,calibrate:066,calibrate,66
development_repeated_nested_cv,1,2,inner_validation,outer_training_local,1,72,calibrate:089,calibrate,89
development_repeated_nested_cv,1,2,inner_validation,outer_training_local,1,75,calibrate:094,calibrate,94
development_repeated_nested_cv,1,2,inner_validation,outer_training_local,1,79,calibrate:101,calibrate,101
development_repeated_nested_cv,1,2,inner_validation,outer_training_local,1,82,calibrate:104,calibrate,104
development_repeated_nested_cv,1,2,inner_validation,outer_training_local,1,87,calibrate:110,calibrate,110
development_repeated_nested_cv,1,2,inner_validation,outer_training_local,1,91,calibrate:115,calibrate,115
development_repeated_nested_cv,1,2,inner_validation,outer_training_local,1,92,calibrate:116,calibrate,116
development_repeated_nested_cv,1,2,inner_validation,outer_training_local,1,95,calibrate:119,calibrate,119
development_repeated_nested_cv,1,2,inner_validation,outer_training_local,1,96,calibrate:120,calibrate,120
development_repeated_nested_cv,1,2,inner_validation,outer_training_local,1,106,calibrate:133,calibrate,133
development_repeated_nested_cv,1,2,inner_validation,outer_training_local,1,107,calibrate:134,calibrate,134
development_repeated_nested_cv,1,2,inner_validation,outer_training_local,1,109,calibrate:138,calibrate,138
development_repeated_nested_cv,1,2,inner_validation,outer_training_local,1,119,calibrate:150,calibrate,150
development_repeated_nested_cv,1,2,inner_validation,outer_training_local,1,130,validate:008,validate,8
development_repeated_nested_cv,1,2,inner_validation,outer_training_local,1,136,validate:017,validate,17
development_repeated_nested_cv,1,2,inner_validation,outer_training_local,1,137,validate:018,validate,18
development_repeated_nested_cv,1,2,inner_validation,outer_training_local,1,142,validate:024,validate,24
development_repeated_nested_cv,1,2,inner_validation,outer_training_local,1,144,validate:026,validate,26
development_repeated_nested_cv,1,2,inner_validation,outer_training_local,1,146,validate:029,validate,29
development_repeated_nested_cv,1,2,inner_validation,outer_training_local,1,147,validate:030,validate,30
development_repeated_nested_cv,1,2,inner_validation,outer_training_local,2,0,calibrate:001,calibrate,1
development_repeated_nested_cv,1,2,inner_validation,outer_training_local,2,5,calibrate:006,calibrate,6
development_repeated_nested_cv,1,2,inner_validation,outer_training_local,2,8,calibrate:011,calibrate,11
development_repeated_nested_cv,1,2,inner_validation,outer_training_local,2,9,calibrate:012,calibrate,12
development_repeated_nested_cv,1,2,inner_validation,outer_training_local,2,19,calibrate:024,calibrate,24
development_repeated_nested_cv,1,2,inner_validation,outer_training_local,2,27,calibrate:032,calibrate,32
development_repeated_nested_cv,1,2,inner_validation,outer_training_local,2,28,calibrate:035,calibrate,35
development_repeated_nested_cv,1,2,inner_validation,outer_training_local,2,29,calibrate:036,calibrate,36
development_repeated_nested_cv,1,2,inner_validation,outer_training_local,2,31,calibrate:039,calibrate,39
development_repeated_nested_cv,1,2,inner_validation,outer_training_local,2,35,calibrate:045,calibrate,45
development_repeated_nested_cv,1,2,inner_validation,outer_training_local,2,36,calibrate:046,calibrate,46
development_repeated_nested_cv,1,2,inner_validation,outer_training_local,2,39,calibrate:050,calibrate,50
development_repeated_nested_cv,1,2,inner_validation,outer_training_local,2,41,calibrate:052,calibrate,52
development_repeated_nested_cv,1,2,inner_validation,outer_training_local,2,47,calibrate:058,calibrate,58
development_repeated_nested_cv,1,2,inner_validation,outer_training_local,2,58,calibrate:073,calibrate,73
development_repeated_nested_cv,1,2,inner_validation,outer_training_local,2,59,calibrate:074,calibrate,74
development_repeated_nested_cv,1,2,inner_validation,outer_training_local,2,64,calibrate:081,calibrate,81
development_repeated_nested_cv,1,2,inner_validation,outer_training_local,2,67,calibrate:084,calibrate,84
development_repeated_nested_cv,1,2,inner_validation,outer_training_local,2,68,calibrate:085,calibrate,85
development_repeated_nested_cv,1,2,inner_validation,outer_training_local,2,73,calibrate:092,calibrate,92
development_repeated_nested_cv,1,2,inner_validation,outer_training_local,2,93,calibrate:117,calibrate,117
development_repeated_nested_cv,1,2,inner_validation,outer_training_local,2,99,calibrate:125,calibrate,125
development_repeated_nested_cv,1,2,inner_validation,outer_training_local,2,104,calibrate:131,calibrate,131
development_repeated_nested_cv,1,2,inner_validation,outer_training_local,2,114,calibrate:144,calibrate,144
development_repeated_nested_cv,1,2,inner_validation,outer_training_local,2,118,calibrate:148,calibrate,148
development_repeated_nested_cv,1,2,inner_validation,outer_training_local,2,129,validate:007,validate,7
development_repeated_nested_cv,1,2,inner_validation,outer_training_local,2,133,validate:012,validate,12
development_repeated_nested_cv,1,2,inner_validation,outer_training_local,2,135,validate:015,validate,15
development_repeated_nested_cv,1,2,inner_validation,outer_training_local,2,138,validate:019,validate,19
development_repeated_nested_cv,1,2,inner_validation,outer_training_local,2,151,validate:035,validate,35
development_repeated_nested_cv,1,2,inner_validation,outer_training_local,2,152,validate:036,validate,36
development_repeated_nested_cv,1,2,inner_validation,outer_training_local,2,155,validate:040,validate,40
development_repeated_nested_cv,1,2,inner_validation,outer_training_local,3,12,calibrate:016,calibrate,16
development_repeated_nested_cv,1,2,inner_validation,outer_training_local,3,15,calibrate:019,calibrate,19
development_repeated_nested_cv,1,2,inner_validation,outer_training_local,3,20,calibrate:025,calibrate,25
development_repeated_nested_cv,1,2,inner_validation,outer_training_local,3,30,calibrate:037,calibrate,37
development_repeated_nested_cv,1,2,inner_validation,outer_training_local,3,32,calibrate:041,calibrate,41
development_repeated_nested_cv,1,2,inner_validation,outer_training_local,3,33,calibrate:042,calibrate,42
development_repeated_nested_cv,1,2,inner_validation,outer_training_local,3,46,calibrate:057,calibrate,57
development_repeated_nested_cv,1,2,inner_validation,outer_training_local,3,60,calibrate:075,calibrate,75
development_repeated_nested_cv,1,2,inner_validation,outer_training_local,3,65,calibrate:082,calibrate,82
development_repeated_nested_cv,1,2,inner_validation,outer_training_local,3,66,calibrate:083,calibrate,83
development_repeated_nested_cv,1,2,inner_validation,outer_training_local,3,69,calibrate:086,calibrate,86
development_repeated_nested_cv,1,2,inner_validation,outer_training_local,3,80,calibrate:102,calibrate,102
development_repeated_nested_cv,1,2,inner_validation,outer_training_local,3,81,calibrate:103,calibrate,103
development_repeated_nested_cv,1,2,inner_validation,outer_training_local,3,83,calibrate:105,calibrate,105
development_repeated_nested_cv,1,2,inner_validation,outer_training_local,3,84,calibrate:106,calibrate,106
development_repeated_nested_cv,1,2,inner_validation,outer_training_local,3,85,calibrate:107,calibrate,107
development_repeated_nested_cv,1,2,inner_validation,outer_training_local,3,86,calibrate:108,calibrate,108
development_repeated_nested_cv,1,2,inner_validation,outer_training_local,3,89,calibrate:113,calibrate,113
development_repeated_nested_cv,1,2,inner_validation,outer_training_local,3,101,calibrate:127,calibrate,127
development_repeated_nested_cv,1,2,inner_validation,outer_training_local,3,112,calibrate:141,calibrate,141
development_repeated_nested_cv,1,2,inner_validation,outer_training_local,3,115,calibrate:145,calibrate,145
development_repeated_nested_cv,1,2,inner_validation,outer_training_local,3,116,calibrate:146,calibrate,146
development_repeated_nested_cv,1,2,inner_validation,outer_training_local,3,120,calibrate:152,calibrate,152
development_repeated_nested_cv,1,2,inner_validation,outer_training_local,3,121,calibrate:153,calibrate,153
development_repeated_nested_cv,1,2,inner_validation,outer_training_local,3,124,validate:001,validate,1
development_repeated_nested_cv,1,2,inner_validation,outer_training_local,3,131,validate:010,validate,10
development_repeated_nested_cv,1,2,inner_validation,outer_training_local,3,139,validate:020,validate,20
development_repeated_nested_cv,1,2,inner_validation,outer_training_local,3,145,validate:028,validate,28
development_repeated_nested_cv,1,2,inner_validation,outer_training_local,3,148,validate:032,validate,32
development_repeated_nested_cv,1,2,inner_validation,outer_training_local,3,149,validate:033,validate,33
development_repeated_nested_cv,1,2,inner_validation,outer_training_local,4,3,calibrate:004,calibrate,4
development_repeated_nested_cv,1,2,inner_validation,outer_training_local,4,6,calibrate:008,calibrate,8
development_repeated_nested_cv,1,2,inner_validation,outer_training_local,4,13,calibrate:017,calibrate,17
development_repeated_nested_cv,1,2,inner_validation,outer_training_local,4,16,calibrate:020,calibrate,20
development_repeated_nested_cv,1,2,inner_validation,outer_training_local,4,18,calibrate:023,calibrate,23
development_repeated_nested_cv,1,2,inner_validation,outer_training_local,4,23,calibrate:028,calibrate,28
development_repeated_nested_cv,1,2,inner_validation,outer_training_local,4,26,calibrate:031,calibrate,31
development_repeated_nested_cv,1,2,inner_validation,outer_training_local,4,38,calibrate:049,calibrate,49
development_repeated_nested_cv,1,2,inner_validation,outer_training_local,4,40,calibrate:051,calibrate,51
development_repeated_nested_cv,1,2,inner_validation,outer_training_local,4,45,calibrate:056,calibrate,56
development_repeated_nested_cv,1,2,inner_validation,outer_training_local,4,49,calibrate:060,calibrate,60
development_repeated_nested_cv,1,2,inner_validation,outer_training_local,4,50,calibrate:061,calibrate,61
development_repeated_nested_cv,1,2,inner_validation,outer_training_local,4,56,calibrate:069,calibrate,69
development_repeated_nested_cv,1,2,inner_validation,outer_training_local,4,57,calibrate:071,calibrate,71
development_repeated_nested_cv,1,2,inner_validation,outer_training_local,4,61,calibrate:076,calibrate,76
development_repeated_nested_cv,1,2,inner_validation,outer_training_local,4,62,calibrate:078,calibrate,78
development_repeated_nested_cv,1,2,inner_validation,outer_training_local,4,63,calibrate:079,calibrate,79
development_repeated_nested_cv,1,2,inner_validation,outer_training_local,4,71,calibrate:088,calibrate,88
development_repeated_nested_cv,1,2,inner_validation,outer_training_local,4,77,calibrate:098,calibrate,98
development_repeated_nested_cv,1,2,inner_validation,outer_training_local,4,102,calibrate:129,calibrate,129
development_repeated_nested_cv,1,2,inner_validation,outer_training_local,4,103,calibrate:130,calibrate,130
development_repeated_nested_cv,1,2,inner_validation,outer_training_local,4,105,calibrate:132,calibrate,132
development_repeated_nested_cv,1,2,inner_validation,outer_training_local,4,111,calibrate:140,calibrate,140
development_repeated_nested_cv,1,2,inner_validation,outer_training_local,4,113,calibrate:142,calibrate,142
development_repeated_nested_cv,1,2,inner_validation,outer_training_local,4,117,calibrate:147,calibrate,147
development_repeated_nested_cv,1,2,inner_validation,outer_training_local,4,126,validate:004,validate,4
development_repeated_nested_cv,1,2,inner_validation,outer_training_local,4,127,validate:005,validate,5
development_repeated_nested_cv,1,2,inner_validation,outer_training_local,4,141,validate:023,validate,23
development_repeated_nested_cv,1,2,inner_validation,outer_training_local,4,143,validate:025,validate,25
development_repeated_nested_cv,1,2,inner_validation,outer_training_local,4,150,validate:034,validate,34
development_repeated_nested_cv,1,2,inner_validation,outer_training_local,4,153,validate:037,validate,37
development_repeated_nested_cv,1,2,inner_validation,outer_training_local,5,1,calibrate:002,calibrate,2
development_repeated_nested_cv,1,2,inner_validation,outer_training_local,5,7,calibrate:010,calibrate,10
development_repeated_nested_cv,1,2,inner_validation,outer_training_local,5,17,calibrate:022,calibrate,22
development_repeated_nested_cv,1,2,inner_validation,outer_training_local,5,22,calibrate:027,calibrate,27
development_repeated_nested_cv,1,2,inner_validation,outer_training_local,5,24,calibrate:029,calibrate,29
development_repeated_nested_cv,1,2,inner_validation,outer_training_local,5,25,calibrate:030,calibrate,30
development_repeated_nested_cv,1,2,inner_validation,outer_training_local,5,34,calibrate:043,calibrate,43
development_repeated_nested_cv,1,2,inner_validation,outer_training_local,5,43,calibrate:054,calibrate,54
development_repeated_nested_cv,1,2,inner_validation,outer_training_local,5,48,calibrate:059,calibrate,59
development_repeated_nested_cv,1,2,inner_validation,outer_training_local,5,53,calibrate:065,calibrate,65
development_repeated_nested_cv,1,2,inner_validation,outer_training_local,5,55,calibrate:067,calibrate,67
development_repeated_nested_cv,1,2,inner_validation,outer_training_local,5,70,calibrate:087,calibrate,87
development_repeated_nested_cv,1,2,inner_validation,outer_training_local,5,74,calibrate:093,calibrate,93
development_repeated_nested_cv,1,2,inner_validation,outer_training_local,5,76,calibrate:095,calibrate,95
development_repeated_nested_cv,1,2,inner_validation,outer_training_local,5,78,calibrate:099,calibrate,99
development_repeated_nested_cv,1,2,inner_validation,outer_training_local,5,88,calibrate:112,calibrate,112
development_repeated_nested_cv,1,2,inner_validation,outer_training_local,5,90,calibrate:114,calibrate,114
development_repeated_nested_cv,1,2,inner_validation,outer_training_local,5,94,calibrate:118,calibrate,118
development_repeated_nested_cv,1,2,inner_validation,outer_training_local,5,97,calibrate:123,calibrate,123
development_repeated_nested_cv,1,2,inner_validation,outer_training_local,5,98,calibrate:124,calibrate,124
development_repeated_nested_cv,1,2,inner_validation,outer_training_local,5,100,calibrate:126,calibrate,126
development_repeated_nested_cv,1,2,inner_validation,outer_training_local,5,108,calibrate:137,calibrate,137
development_repeated_nested_cv,1,2,inner_validation,outer_training_local,5,110,calibrate:139,calibrate,139
development_repeated_nested_cv,1,2,inner_validation,outer_training_local,5,122,calibrate:154,calibrate,154
development_repeated_nested_cv,1,2,inner_validation,outer_training_local,5,123,calibrate:155,calibrate,155
development_repeated_nested_cv,1,2,inner_validation,outer_training_local,5,125,validate:003,validate,3
development_repeated_nested_cv,1,2,inner_validation,outer_training_local,5,128,validate:006,validate,6
development_repeated_nested_cv,1,2,inner_validation,outer_training_local,5,132,validate:011,validate,11
development_repeated_nested_cv,1,2,inner_validation,outer_training_local,5,134,validate:014,validate,14
development_repeated_nested_cv,1,2,inner_validation,outer_training_local,5,140,validate:022,validate,22
development_repeated_nested_cv,1,2,inner_validation,outer_training_local,5,154,validate:039,validate,39
development_repeated_nested_cv,1,3,inner_validation,outer_training_local,1,3,calibrate:006,calibrate,6
development_repeated_nested_cv,1,3,inner_validation,outer_training_local,1,10,calibrate:013,calibrate,13
development_repeated_nested_cv,1,3,inner_validation,outer_training_local,1,24,calibrate:032,calibrate,32
development_repeated_nested_cv,1,3,inner_validation,outer_training_local,1,25,calibrate:033,calibrate,33
development_repeated_nested_cv,1,3,inner_validation,outer_training_local,1,29,calibrate:038,calibrate,38
development_repeated_nested_cv,1,3,inner_validation,outer_training_local,1,31,calibrate:041,calibrate,41
development_repeated_nested_cv,1,3,inner_validation,outer_training_local,1,33,calibrate:044,calibrate,44
development_repeated_nested_cv,1,3,inner_validation,outer_training_local,1,36,calibrate:047,calibrate,47
development_repeated_nested_cv,1,3,inner_validation,outer_training_local,1,39,calibrate:051,calibrate,51
development_repeated_nested_cv,1,3,inner_validation,outer_training_local,1,44,calibrate:057,calibrate,57
development_repeated_nested_cv,1,3,inner_validation,outer_training_local,1,52,calibrate:069,calibrate,69
development_repeated_nested_cv,1,3,inner_validation,outer_training_local,1,55,calibrate:073,calibrate,73
development_repeated_nested_cv,1,3,inner_validation,outer_training_local,1,63,calibrate:083,calibrate,83
development_repeated_nested_cv,1,3,inner_validation,outer_training_local,1,71,calibrate:091,calibrate,91
development_repeated_nested_cv,1,3,inner_validation,outer_training_local,1,75,calibrate:096,calibrate,96
development_repeated_nested_cv,1,3,inner_validation,outer_training_local,1,78,calibrate:100,calibrate,100
development_repeated_nested_cv,1,3,inner_validation,outer_training_local,1,87,calibrate:110,calibrate,110
development_repeated_nested_cv,1,3,inner_validation,outer_training_local,1,90,calibrate:113,calibrate,113
development_repeated_nested_cv,1,3,inner_validation,outer_training_local,1,95,calibrate:121,calibrate,121
development_repeated_nested_cv,1,3,inner_validation,outer_training_local,1,96,calibrate:122,calibrate,122
development_repeated_nested_cv,1,3,inner_validation,outer_training_local,1,100,calibrate:126,calibrate,126
development_repeated_nested_cv,1,3,inner_validation,outer_training_local,1,104,calibrate:131,calibrate,131
development_repeated_nested_cv,1,3,inner_validation,outer_training_local,1,109,calibrate:137,calibrate,137
development_repeated_nested_cv,1,3,inner_validation,outer_training_local,1,110,calibrate:138,calibrate,138
development_repeated_nested_cv,1,3,inner_validation,outer_training_local,1,119,calibrate:151,calibrate,151
development_repeated_nested_cv,1,3,inner_validation,outer_training_local,1,126,validate:003,validate,3
development_repeated_nested_cv,1,3,inner_validation,outer_training_local,1,136,validate:016,validate,16
development_repeated_nested_cv,1,3,inner_validation,outer_training_local,1,138,validate:018,validate,18
development_repeated_nested_cv,1,3,inner_validation,outer_training_local,1,140,validate:021,validate,21
development_repeated_nested_cv,1,3,inner_validation,outer_training_local,1,151,validate:036,validate,36
development_repeated_nested_cv,1,3,inner_validation,outer_training_local,1,152,validate:037,validate,37
development_repeated_nested_cv,1,3,inner_validation,outer_training_local,1,155,validate:040,validate,40
development_repeated_nested_cv,1,3,inner_validation,outer_training_local,2,1,calibrate:004,calibrate,4
development_repeated_nested_cv,1,3,inner_validation,outer_training_local,2,8,calibrate:011,calibrate,11
development_repeated_nested_cv,1,3,inner_validation,outer_training_local,2,13,calibrate:016,calibrate,16
development_repeated_nested_cv,1,3,inner_validation,outer_training_local,2,16,calibrate:019,calibrate,19
development_repeated_nested_cv,1,3,inner_validation,outer_training_local,2,18,calibrate:021,calibrate,21
development_repeated_nested_cv,1,3,inner_validation,outer_training_local,2,20,calibrate:026,calibrate,26
development_repeated_nested_cv,1,3,inner_validation,outer_training_local,2,21,calibrate:027,calibrate,27
development_repeated_nested_cv,1,3,inner_validation,outer_training_local,2,28,calibrate:036,calibrate,36
development_repeated_nested_cv,1,3,inner_validation,outer_training_local,2,42,calibrate:055,calibrate,55
development_repeated_nested_cv,1,3,inner_validation,outer_training_local,2,54,calibrate:072,calibrate,72
development_repeated_nested_cv,1,3,inner_validation,outer_training_local,2,58,calibrate:076,calibrate,76
development_repeated_nested_cv,1,3,inner_validation,outer_training_local,2,59,calibrate:077,calibrate,77
development_repeated_nested_cv,1,3,inner_validation,outer_training_local,2,68,calibrate:088,calibrate,88
development_repeated_nested_cv,1,3,inner_validation,outer_training_local,2,76,calibrate:097,calibrate,97
development_repeated_nested_cv,1,3,inner_validation,outer_training_local,2,80,calibrate:103,calibrate,103
development_repeated_nested_cv,1,3,inner_validation,outer_training_local,2,81,calibrate:104,calibrate,104
development_repeated_nested_cv,1,3,inner_validation,outer_training_local,2,83,calibrate:106,calibrate,106
development_repeated_nested_cv,1,3,inner_validation,outer_training_local,2,88,calibrate:111,calibrate,111
development_repeated_nested_cv,1,3,inner_validation,outer_training_local,2,89,calibrate:112,calibrate,112
development_repeated_nested_cv,1,3,inner_validation,outer_training_local,2,102,calibrate:129,calibrate,129
development_repeated_nested_cv,1,3,inner_validation,outer_training_local,2,105,calibrate:133,calibrate,133
development_repeated_nested_cv,1,3,inner_validation,outer_training_local,2,108,calibrate:136,calibrate,136
development_repeated_nested_cv,1,3,inner_validation,outer_training_local,2,112,calibrate:141,calibrate,141
development_repeated_nested_cv,1,3,inner_validation,outer_training_local,2,122,calibrate:154,calibrate,154
development_repeated_nested_cv,1,3,inner_validation,outer_training_local,2,124,validate:001,validate,1
development_repeated_nested_cv,1,3,inner_validation,outer_training_local,2,133,validate:013,validate,13
development_repeated_nested_cv,1,3,inner_validation,outer_training_local,2,135,validate:015,validate,15
development_repeated_nested_cv,1,3,inner_validation,outer_training_local,2,142,validate:024,validate,24
development_repeated_nested_cv,1,3,inner_validation,outer_training_local,2,143,validate:025,validate,25
development_repeated_nested_cv,1,3,inner_validation,outer_training_local,2,150,validate:035,validate,35
development_repeated_nested_cv,1,3,inner_validation,outer_training_local,3,2,calibrate:005,calibrate,5
development_repeated_nested_cv,1,3,inner_validation,outer_training_local,3,5,calibrate:008,calibrate,8
development_repeated_nested_cv,1,3,inner_validation,outer_training_local,3,11,calibrate:014,calibrate,14
development_repeated_nested_cv,1,3,inner_validation,outer_training_local,3,15,calibrate:018,calibrate,18
development_repeated_nested_cv,1,3,inner_validation,outer_training_local,3,17,calibrate:020,calibrate,20
development_repeated_nested_cv,1,3,inner_validation,outer_training_local,3,19,calibrate:022,calibrate,22
development_repeated_nested_cv,1,3,inner_validation,outer_training_local,3,23,calibrate:030,calibrate,30
development_repeated_nested_cv,1,3,inner_validation,outer_training_local,3,34,calibrate:045,calibrate,45
development_repeated_nested_cv,1,3,inner_validation,outer_training_local,3,43,calibrate:056,calibrate,56
development_repeated_nested_cv,1,3,inner_validation,outer_training_local,3,46,calibrate:060,calibrate,60
development_repeated_nested_cv,1,3,inner_validation,outer_training_local,3,48,calibrate:062,calibrate,62
development_repeated_nested_cv,1,3,inner_validation,outer_training_local,3,50,calibrate:067,calibrate,67
development_repeated_nested_cv,1,3,inner_validation,outer_training_local,3,60,calibrate:078,calibrate,78
development_repeated_nested_cv,1,3,inner_validation,outer_training_local,3,64,calibrate:084,calibrate,84
development_repeated_nested_cv,1,3,inner_validation,outer_training_local,3,65,calibrate:085,calibrate,85
development_repeated_nested_cv,1,3,inner_validation,outer_training_local,3,77,calibrate:098,calibrate,98
development_repeated_nested_cv,1,3,inner_validation,outer_training_local,3,79,calibrate:101,calibrate,101
development_repeated_nested_cv,1,3,inner_validation,outer_training_local,3,86,calibrate:109,calibrate,109
development_repeated_nested_cv,1,3,inner_validation,outer_training_local,3,91,calibrate:114,calibrate,114
development_repeated_nested_cv,1,3,inner_validation,outer_training_local,3,98,calibrate:124,calibrate,124
development_repeated_nested_cv,1,3,inner_validation,outer_training_local,3,99,calibrate:125,calibrate,125
development_repeated_nested_cv,1,3,inner_validation,outer_training_local,3,106,calibrate:134,calibrate,134
development_repeated_nested_cv,1,3,inner_validation,outer_training_local,3,114,calibrate:144,calibrate,144
development_repeated_nested_cv,1,3,inner_validation,outer_training_local,3,116,calibrate:146,calibrate,146
development_repeated_nested_cv,1,3,inner_validation,outer_training_local,3,120,calibrate:152,calibrate,152
development_repeated_nested_cv,1,3,inner_validation,outer_training_local,3,125,validate:002,validate,2
development_repeated_nested_cv,1,3,inner_validation,outer_training_local,3,128,validate:005,validate,5
development_repeated_nested_cv,1,3,inner_validation,outer_training_local,3,139,validate:020,validate,20
development_repeated_nested_cv,1,3,inner_validation,outer_training_local,3,141,validate:022,validate,22
development_repeated_nested_cv,1,3,inner_validation,outer_training_local,3,148,validate:032,validate,32
development_repeated_nested_cv,1,3,inner_validation,outer_training_local,3,149,validate:033,validate,33
development_repeated_nested_cv,1,3,inner_validation,outer_training_local,4,4,calibrate:007,calibrate,7
development_repeated_nested_cv,1,3,inner_validation,outer_training_local,4,6,calibrate:009,calibrate,9
development_repeated_nested_cv,1,3,inner_validation,outer_training_local,4,9,calibrate:012,calibrate,12
development_repeated_nested_cv,1,3,inner_validation,outer_training_local,4,26,calibrate:034,calibrate,34
development_repeated_nested_cv,1,3,inner_validation,outer_training_local,4,27,calibrate:035,calibrate,35
development_repeated_nested_cv,1,3,inner_validation,outer_training_local,4,30,calibrate:040,calibrate,40
development_repeated_nested_cv,1,3,inner_validation,outer_training_local,4,38,calibrate:050,calibrate,50
development_repeated_nested_cv,1,3,inner_validation,outer_training_local,4,40,calibrate:052,calibrate,52
development_repeated_nested_cv,1,3,inner_validation,outer_training_local,4,41,calibrate:054,calibrate,54
development_repeated_nested_cv,1,3,inner_validation,outer_training_local,4,45,calibrate:058,calibrate,58
development_repeated_nested_cv,1,3,inner_validation,outer_training_local,4,47,calibrate:061,calibrate,61
development_repeated_nested_cv,1,3,inner_validation,outer_training_local,4,51,calibrate:068,calibrate,68
development_repeated_nested_cv,1,3,inner_validation,outer_training_local,4,53,calibrate:070,calibrate,70
development_repeated_nested_cv,1,3,inner_validation,outer_training_local,4,57,calibrate:075,calibrate,75
development_repeated_nested_cv,1,3,inner_validation,outer_training_local,4,62,calibrate:082,calibrate,82
development_repeated_nested_cv,1,3,inner_validation,outer_training_local,4,70,calibrate:090,calibrate,90
development_repeated_nested_cv,1,3,inner_validation,outer_training_local,4,72,calibrate:093,calibrate,93
development_repeated_nested_cv,1,3,inner_validation,outer_training_local,4,93,calibrate:116,calibrate,116
development_repeated_nested_cv,1,3,inner_validation,outer_training_local,4,94,calibrate:120,calibrate,120
development_repeated_nested_cv,1,3,inner_validation,outer_training_local,4,97,calibrate:123,calibrate,123
development_repeated_nested_cv,1,3,inner_validation,outer_training_local,4,103,calibrate:130,calibrate,130
development_repeated_nested_cv,1,3,inner_validation,outer_training_local,4,107,calibrate:135,calibrate,135
development_repeated_nested_cv,1,3,inner_validation,outer_training_local,4,113,calibrate:143,calibrate,143
development_repeated_nested_cv,1,3,inner_validation,outer_training_local,4,115,calibrate:145,calibrate,145
development_repeated_nested_cv,1,3,inner_validation,outer_training_local,4,121,calibrate:153,calibrate,153
development_repeated_nested_cv,1,3,inner_validation,outer_training_local,4,127,validate:004,validate,4
development_repeated_nested_cv,1,3,inner_validation,outer_training_local,4,129,validate:008,validate,8
development_repeated_nested_cv,1,3,inner_validation,outer_training_local,4,130,validate:009,validate,9
development_repeated_nested_cv,1,3,inner_validation,outer_training_local,4,131,validate:010,validate,10
development_repeated_nested_cv,1,3,inner_validation,outer_training_local,4,134,validate:014,validate,14
development_repeated_nested_cv,1,3,inner_validation,outer_training_local,4,147,validate:031,validate,31
development_repeated_nested_cv,1,3,inner_validation,outer_training_local,5,0,calibrate:003,calibrate,3
development_repeated_nested_cv,1,3,inner_validation,outer_training_local,5,7,calibrate:010,calibrate,10
development_repeated_nested_cv,1,3,inner_validation,outer_training_local,5,12,calibrate:015,calibrate,15
development_repeated_nested_cv,1,3,inner_validation,outer_training_local,5,14,calibrate:017,calibrate,17
development_repeated_nested_cv,1,3,inner_validation,outer_training_local,5,22,calibrate:028,calibrate,28
development_repeated_nested_cv,1,3,inner_validation,outer_training_local,5,32,calibrate:043,calibrate,43
development_repeated_nested_cv,1,3,inner_validation,outer_training_local,5,35,calibrate:046,calibrate,46
development_repeated_nested_cv,1,3,inner_validation,outer_training_local,5,37,calibrate:048,calibrate,48
development_repeated_nested_cv,1,3,inner_validation,outer_training_local,5,49,calibrate:063,calibrate,63
development_repeated_nested_cv,1,3,inner_validation,outer_training_local,5,56,calibrate:074,calibrate,74
development_repeated_nested_cv,1,3,inner_validation,outer_training_local,5,61,calibrate:080,calibrate,80
development_repeated_nested_cv,1,3,inner_validation,outer_training_local,5,66,calibrate:086,calibrate,86
development_repeated_nested_cv,1,3,inner_validation,outer_training_local,5,67,calibrate:087,calibrate,87
development_repeated_nested_cv,1,3,inner_validation,outer_training_local,5,69,calibrate:089,calibrate,89
development_repeated_nested_cv,1,3,inner_validation,outer_training_local,5,73,calibrate:094,calibrate,94
development_repeated_nested_cv,1,3,inner_validation,outer_training_local,5,74,calibrate:095,calibrate,95
development_repeated_nested_cv,1,3,inner_validation,outer_training_local,5,82,calibrate:105,calibrate,105
development_repeated_nested_cv,1,3,inner_validation,outer_training_local,5,84,calibrate:107,calibrate,107
development_repeated_nested_cv,1,3,inner_validation,outer_training_local,5,85,calibrate:108,calibrate,108
development_repeated_nested_cv,1,3,inner_validation,outer_training_local,5,92,calibrate:115,calibrate,115
development_repeated_nested_cv,1,3,inner_validation,outer_training_local,5,101,calibrate:128,calibrate,128
development_repeated_nested_cv,1,3,inner_validation,outer_training_local,5,111,calibrate:139,calibrate,139
development_repeated_nested_cv,1,3,inner_validation,outer_training_local,5,117,calibrate:148,calibrate,148
development_repeated_nested_cv,1,3,inner_validation,outer_training_local,5,118,calibrate:149,calibrate,149
development_repeated_nested_cv,1,3,inner_validation,outer_training_local,5,123,calibrate:155,calibrate,155
development_repeated_nested_cv,1,3,inner_validation,outer_training_local,5,132,validate:012,validate,12
development_repeated_nested_cv,1,3,inner_validation,outer_training_local,5,137,validate:017,validate,17
development_repeated_nested_cv,1,3,inner_validation,outer_training_local,5,144,validate:026,validate,26
development_repeated_nested_cv,1,3,inner_validation,outer_training_local,5,145,validate:027,validate,27
development_repeated_nested_cv,1,3,inner_validation,outer_training_local,5,146,validate:028,validate,28
development_repeated_nested_cv,1,3,inner_validation,outer_training_local,5,153,validate:038,validate,38
development_repeated_nested_cv,1,3,inner_validation,outer_training_local,5,154,validate:039,validate,39
development_repeated_nested_cv,1,4,inner_validation,outer_training_local,1,0,calibrate:001,calibrate,1
development_repeated_nested_cv,1,4,inner_validation,outer_training_local,1,5,calibrate:006,calibrate,6
development_repeated_nested_cv,1,4,inner_validation,outer_training_local,1,7,calibrate:008,calibrate,8
development_repeated_nested_cv,1,4,inner_validation,outer_training_local,1,10,calibrate:012,calibrate,12
development_repeated_nested_cv,1,4,inner_validation,outer_training_local,1,14,calibrate:016,calibrate,16
development_repeated_nested_cv,1,4,inner_validation,outer_training_local,1,16,calibrate:018,calibrate,18
development_repeated_nested_cv,1,4,inner_validation,outer_training_local,1,26,calibrate:031,calibrate,31
development_repeated_nested_cv,1,4,inner_validation,outer_training_local,1,29,calibrate:034,calibrate,34
development_repeated_nested_cv,1,4,inner_validation,outer_training_local,1,35,calibrate:041,calibrate,41
development_repeated_nested_cv,1,4,inner_validation,outer_training_local,1,37,calibrate:043,calibrate,43
development_repeated_nested_cv,1,4,inner_validation,outer_training_local,1,39,calibrate:046,calibrate,46
development_repeated_nested_cv,1,4,inner_validation,outer_training_local,1,43,calibrate:050,calibrate,50
development_repeated_nested_cv,1,4,inner_validation,outer_training_local,1,56,calibrate:068,calibrate,68
development_repeated_nested_cv,1,4,inner_validation,outer_training_local,1,60,calibrate:073,calibrate,73
development_repeated_nested_cv,1,4,inner_validation,outer_training_local,1,64,calibrate:077,calibrate,77
development_repeated_nested_cv,1,4,inner_validation,outer_training_local,1,73,calibrate:091,calibrate,91
development_repeated_nested_cv,1,4,inner_validation,outer_training_local,1,79,calibrate:099,calibrate,99
development_repeated_nested_cv,1,4,inner_validation,outer_training_local,1,91,calibrate:111,calibrate,111
development_repeated_nested_cv,1,4,inner_validation,outer_training_local,1,97,calibrate:119,calibrate,119
development_repeated_nested_cv,1,4,inner_validation,outer_training_local,1,99,calibrate:121,calibrate,121
development_repeated_nested_cv,1,4,inner_validation,outer_training_local,1,101,calibrate:124,calibrate,124
development_repeated_nested_cv,1,4,inner_validation,outer_training_local,1,111,calibrate:138,calibrate,138
development_repeated_nested_cv,1,4,inner_validation,outer_training_local,1,112,calibrate:139,calibrate,139
development_repeated_nested_cv,1,4,inner_validation,outer_training_local,1,120,calibrate:149,calibrate,149
development_repeated_nested_cv,1,4,inner_validation,outer_training_local,1,121,calibrate:150,calibrate,150
development_repeated_nested_cv,1,4,inner_validation,outer_training_local,1,124,validate:002,validate,2
development_repeated_nested_cv,1,4,inner_validation,outer_training_local,1,136,validate:015,validate,15
development_repeated_nested_cv,1,4,inner_validation,outer_training_local,1,142,validate:024,validate,24
development_repeated_nested_cv,1,4,inner_validation,outer_training_local,1,143,validate:025,validate,25
development_repeated_nested_cv,1,4,inner_validation,outer_training_local,1,152,validate:036,validate,36
development_repeated_nested_cv,1,4,inner_validation,outer_training_local,1,154,validate:038,validate,38
development_repeated_nested_cv,1,4,inner_validation,outer_training_local,2,1,calibrate:002,calibrate,2
development_repeated_nested_cv,1,4,inner_validation,outer_training_local,2,6,calibrate:007,calibrate,7
development_repeated_nested_cv,1,4,inner_validation,outer_training_local,2,19,calibrate:023,calibrate,23
development_repeated_nested_cv,1,4,inner_validation,outer_training_local,2,20,calibrate:024,calibrate,24
development_repeated_nested_cv,1,4,inner_validation,outer_training_local,2,22,calibrate:026,calibrate,26
development_repeated_nested_cv,1,4,inner_validation,outer_training_local,2,23,calibrate:028,calibrate,28
development_repeated_nested_cv,1,4,inner_validation,outer_training_local,2,24,calibrate:029,calibrate,29
development_repeated_nested_cv,1,4,inner_validation,outer_training_local,2,28,calibrate:033,calibrate,33
development_repeated_nested_cv,1,4,inner_validation,outer_training_local,2,30,calibrate:036,calibrate,36
development_repeated_nested_cv,1,4,inner_validation,outer_training_local,2,32,calibrate:038,calibrate,38
development_repeated_nested_cv,1,4,inner_validation,outer_training_local,2,40,calibrate:047,calibrate,47
development_repeated_nested_cv,1,4,inner_validation,outer_training_local,2,42,calibrate:049,calibrate,49
development_repeated_nested_cv,1,4,inner_validation,outer_training_local,2,45,calibrate:052,calibrate,52
development_repeated_nested_cv,1,4,inner_validation,outer_training_local,2,46,calibrate:053,calibrate,53
development_repeated_nested_cv,1,4,inner_validation,outer_training_local,2,57,calibrate:070,calibrate,70
development_repeated_nested_cv,1,4,inner_validation,outer_training_local,2,59,calibrate:072,calibrate,72
development_repeated_nested_cv,1,4,inner_validation,outer_training_local,2,63,calibrate:076,calibrate,76
development_repeated_nested_cv,1,4,inner_validation,outer_training_local,2,72,calibrate:090,calibrate,90
development_repeated_nested_cv,1,4,inner_validation,outer_training_local,2,81,calibrate:101,calibrate,101
development_repeated_nested_cv,1,4,inner_validation,outer_training_local,2,89,calibrate:109,calibrate,109
development_repeated_nested_cv,1,4,inner_validation,outer_training_local,2,98,calibrate:120,calibrate,120
development_repeated_nested_cv,1,4,inner_validation,outer_training_local,2,105,calibrate:130,calibrate,130
development_repeated_nested_cv,1,4,inner_validation,outer_training_local,2,106,calibrate:131,calibrate,131
development_repeated_nested_cv,1,4,inner_validation,outer_training_local,2,113,calibrate:140,calibrate,140
development_repeated_nested_cv,1,4,inner_validation,outer_training_local,2,115,calibrate:142,calibrate,142
development_repeated_nested_cv,1,4,inner_validation,outer_training_local,2,126,validate:004,validate,4
development_repeated_nested_cv,1,4,inner_validation,outer_training_local,2,140,validate:021,validate,21
development_repeated_nested_cv,1,4,inner_validation,outer_training_local,2,148,validate:031,validate,31
development_repeated_nested_cv,1,4,inner_validation,outer_training_local,2,149,validate:032,validate,32
development_repeated_nested_cv,1,4,inner_validation,outer_training_local,2,150,validate:033,validate,33
development_repeated_nested_cv,1,4,inner_validation,outer_training_local,2,155,validate:039,validate,39
development_repeated_nested_cv,1,4,inner_validation,outer_training_local,3,9,calibrate:010,calibrate,10
development_repeated_nested_cv,1,4,inner_validation,outer_training_local,3,18,calibrate:022,calibrate,22
development_repeated_nested_cv,1,4,inner_validation,outer_training_local,3,21,calibrate:025,calibrate,25
development_repeated_nested_cv,1,4,inner_validation,outer_training_local,3,34,calibrate:040,calibrate,40
development_repeated_nested_cv,1,4,inner_validation,outer_training_local,3,41,calibrate:048,calibrate,48
development_repeated_nested_cv,1,4,inner_validation,outer_training_local,3,47,calibrate:054,calibrate,54
development_repeated_nested_cv,1,4,inner_validation,outer_training_local,3,48,calibrate:055,calibrate,55
development_repeated_nested_cv,1,4,inner_validation,outer_training_local,3,51,calibrate:061,calibrate,61
development_repeated_nested_cv,1,4,inner_validation,outer_training_local,3,54,calibrate:065,calibrate,65
development_repeated_nested_cv,1,4,inner_validation,outer_training_local,3,67,calibrate:081,calibrate,81
development_repeated_nested_cv,1,4,inner_validation,outer_training_local,3,68,calibrate:082,calibrate,82
development_repeated_nested_cv,1,4,inner_validation,outer_training_local,3,71,calibrate:089,calibrate,89
development_repeated_nested_cv,1,4,inner_validation,outer_training_local,3,77,calibrate:096,calibrate,96
development_repeated_nested_cv,1,4,inner_validation,outer_training_local,3,83,calibrate:103,calibrate,103
development_repeated_nested_cv,1,4,inner_validation,outer_training_local,3,84,calibrate:104,calibrate,104
development_repeated_nested_cv,1,4,inner_validation,outer_training_local,3,92,calibrate:112,calibrate,112
development_repeated_nested_cv,1,4,inner_validation,outer_training_local,3,94,calibrate:116,calibrate,116
development_repeated_nested_cv,1,4,inner_validation,outer_training_local,3,95,calibrate:117,calibrate,117
development_repeated_nested_cv,1,4,inner_validation,outer_training_local,3,96,calibrate:118,calibrate,118
development_repeated_nested_cv,1,4,inner_validation,outer_training_local,3,103,calibrate:127,calibrate,127
development_repeated_nested_cv,1,4,inner_validation,outer_training_local,3,116,calibrate:143,calibrate,143
development_repeated_nested_cv,1,4,inner_validation,outer_training_local,3,118,calibrate:145,calibrate,145
development_repeated_nested_cv,1,4,inner_validation,outer_training_local,3,119,calibrate:147,calibrate,147
development_repeated_nested_cv,1,4,inner_validation,outer_training_local,3,122,calibrate:151,calibrate,151
development_repeated_nested_cv,1,4,inner_validation,outer_training_local,3,128,validate:007,validate,7
development_repeated_nested_cv,1,4,inner_validation,outer_training_local,3,133,validate:012,validate,12
development_repeated_nested_cv,1,4,inner_validation,outer_training_local,3,134,validate:013,validate,13
development_repeated_nested_cv,1,4,inner_validation,outer_training_local,3,135,validate:014,validate,14
development_repeated_nested_cv,1,4,inner_validation,outer_training_local,3,139,validate:019,validate,19
development_repeated_nested_cv,1,4,inner_validation,outer_training_local,3,145,validate:028,validate,28
development_repeated_nested_cv,1,4,inner_validation,outer_training_local,3,146,validate:029,validate,29
development_repeated_nested_cv,1,4,inner_validation,outer_training_local,4,2,calibrate:003,calibrate,3
development_repeated_nested_cv,1,4,inner_validation,outer_training_local,4,4,calibrate:005,calibrate,5
development_repeated_nested_cv,1,4,inner_validation,outer_training_local,4,8,calibrate:009,calibrate,9
development_repeated_nested_cv,1,4,inner_validation,outer_training_local,4,11,calibrate:013,calibrate,13
development_repeated_nested_cv,1,4,inner_validation,outer_training_local,4,13,calibrate:015,calibrate,15
development_repeated_nested_cv,1,4,inner_validation,outer_training_local,4,15,calibrate:017,calibrate,17
development_repeated_nested_cv,1,4,inner_validation,outer_training_local,4,17,calibrate:021,calibrate,21
development_repeated_nested_cv,1,4,inner_validation,outer_training_local,4,25,calibrate:030,calibrate,30
development_repeated_nested_cv,1,4,inner_validation,outer_training_local,4,27,calibrate:032,calibrate,32
development_repeated_nested_cv,1,4,inner_validation,outer_training_local,4,31,calibrate:037,calibrate,37
development_repeated_nested_cv,1,4,inner_validation,outer_training_local,4,33,calibrate:039,calibrate,39
development_repeated_nested_cv,1,4,inner_validation,outer_training_local,4,38,calibrate:044,calibrate,44
development_repeated_nested_cv,1,4,inner_validation,outer_training_local,4,44,calibrate:051,calibrate,51
development_repeated_nested_cv,1,4,inner_validation,outer_training_local,4,50,calibrate:059,calibrate,59
development_repeated_nested_cv,1,4,inner_validation,outer_training_local,4,58,calibrate:071,calibrate,71
development_repeated_nested_cv,1,4,inner_validation,outer_training_local,4,61,calibrate:074,calibrate,74
development_repeated_nested_cv,1,4,inner_validation,outer_training_local,4,69,calibrate:084,calibrate,84
development_repeated_nested_cv,1,4,inner_validation,outer_training_local,4,75,calibrate:094,calibrate,94
development_repeated_nested_cv,1,4,inner_validation,outer_training_local,4,76,calibrate:095,calibrate,95
development_repeated_nested_cv,1,4,inner_validation,outer_training_local,4,78,calibrate:097,calibrate,97
development_repeated_nested_cv,1,4,inner_validation,outer_training_local,4,85,calibrate:105,calibrate,105
development_repeated_nested_cv,1,4,inner_validation,outer_training_local,4,88,calibrate:108,calibrate,108
development_repeated_nested_cv,1,4,inner_validation,outer_training_local,4,100,calibrate:122,calibrate,122
development_repeated_nested_cv,1,4,inner_validation,outer_training_local,4,108,calibrate:134,calibrate,134
development_repeated_nested_cv,1,4,inner_validation,outer_training_local,4,114,calibrate:141,calibrate,141
development_repeated_nested_cv,1,4,inner_validation,outer_training_local,4,129,validate:008,validate,8
development_repeated_nested_cv,1,4,inner_validation,outer_training_local,4,137,validate:016,validate,16
development_repeated_nested_cv,1,4,inner_validation,outer_training_local,4,138,validate:018,validate,18
development_repeated_nested_cv,1,4,inner_validation,outer_training_local,4,141,validate:023,validate,23
development_repeated_nested_cv,1,4,inner_validation,outer_training_local,4,151,validate:034,validate,34
development_repeated_nested_cv,1,4,inner_validation,outer_training_local,4,153,validate:037,validate,37
development_repeated_nested_cv,1,4,inner_validation,outer_training_local,5,3,calibrate:004,calibrate,4
development_repeated_nested_cv,1,4,inner_validation,outer_training_local,5,12,calibrate:014,calibrate,14
development_repeated_nested_cv,1,4,inner_validation,outer_training_local,5,36,calibrate:042,calibrate,42
development_repeated_nested_cv,1,4,inner_validation,outer_training_local,5,49,calibrate:056,calibrate,56
development_repeated_nested_cv,1,4,inner_validation,outer_training_local,5,52,calibrate:062,calibrate,62
development_repeated_nested_cv,1,4,inner_validation,outer_training_local,5,53,calibrate:064,calibrate,64
development_repeated_nested_cv,1,4,inner_validation,outer_training_local,5,55,calibrate:066,calibrate,66
development_repeated_nested_cv,1,4,inner_validation,outer_training_local,5,62,calibrate:075,calibrate,75
development_repeated_nested_cv,1,4,inner_validation,outer_training_local,5,65,calibrate:079,calibrate,79
development_repeated_nested_cv,1,4,inner_validation,outer_training_local,5,66,calibrate:080,calibrate,80
development_repeated_nested_cv,1,4,inner_validation,outer_training_local,5,70,calibrate:086,calibrate,86
development_repeated_nested_cv,1,4,inner_validation,outer_training_local,5,74,calibrate:092,calibrate,92
development_repeated_nested_cv,1,4,inner_validation,outer_training_local,5,80,calibrate:100,calibrate,100
development_repeated_nested_cv,1,4,inner_validation,outer_training_local,5,82,calibrate:102,calibrate,102
development_repeated_nested_cv,1,4,inner_validation,outer_training_local,5,86,calibrate:106,calibrate,106
development_repeated_nested_cv,1,4,inner_validation,outer_training_local,5,87,calibrate:107,calibrate,107
development_repeated_nested_cv,1,4,inner_validation,outer_training_local,5,90,calibrate:110,calibrate,110
development_repeated_nested_cv,1,4,inner_validation,outer_training_local,5,93,calibrate:114,calibrate,114
development_repeated_nested_cv,1,4,inner_validation,outer_training_local,5,102,calibrate:126,calibrate,126
development_repeated_nested_cv,1,4,inner_validation,outer_training_local,5,104,calibrate:128,calibrate,128
development_repeated_nested_cv,1,4,inner_validation,outer_training_local,5,107,calibrate:132,calibrate,132
development_repeated_nested_cv,1,4,inner_validation,outer_training_local,5,109,calibrate:135,calibrate,135
development_repeated_nested_cv,1,4,inner_validation,outer_training_local,5,110,calibrate:136,calibrate,136
development_repeated_nested_cv,1,4,inner_validation,outer_training_local,5,117,calibrate:144,calibrate,144
development_repeated_nested_cv,1,4,inner_validation,outer_training_local,5,123,calibrate:154,calibrate,154
development_repeated_nested_cv,1,4,inner_validation,outer_training_local,5,125,validate:003,validate,3
development_repeated_nested_cv,1,4,inner_validation,outer_training_local,5,127,validate:006,validate,6
development_repeated_nested_cv,1,4,inner_validation,outer_training_local,5,130,validate:009,validate,9
development_repeated_nested_cv,1,4,inner_validation,outer_training_local,5,131,validate:010,validate,10
development_repeated_nested_cv,1,4,inner_validation,outer_training_local,5,132,validate:011,validate,11
development_repeated_nested_cv,1,4,inner_validation,outer_training_local,5,144,validate:027,validate,27
development_repeated_nested_cv,1,4,inner_validation,outer_training_local,5,147,validate:030,validate,30
development_repeated_nested_cv,1,5,inner_validation,outer_training_local,1,1,calibrate:002,calibrate,2
development_repeated_nested_cv,1,5,inner_validation,outer_training_local,1,2,calibrate:003,calibrate,3
development_repeated_nested_cv,1,5,inner_validation,outer_training_local,1,33,calibrate:043,calibrate,43
development_repeated_nested_cv,1,5,inner_validation,outer_training_local,1,35,calibrate:045,calibrate,45
development_repeated_nested_cv,1,5,inner_validation,outer_training_local,1,44,calibrate:057,calibrate,57
development_repeated_nested_cv,1,5,inner_validation,outer_training_local,1,48,calibrate:062,calibrate,62
development_repeated_nested_cv,1,5,inner_validation,outer_training_local,1,55,calibrate:069,calibrate,69
development_repeated_nested_cv,1,5,inner_validation,outer_training_local,1,57,calibrate:071,calibrate,71
development_repeated_nested_cv,1,5,inner_validation,outer_training_local,1,60,calibrate:077,calibrate,77
development_repeated_nested_cv,1,5,inner_validation,outer_training_local,1,63,calibrate:080,calibrate,80
development_repeated_nested_cv,1,5,inner_validation,outer_training_local,1,64,calibrate:081,calibrate,81
development_repeated_nested_cv,1,5,inner_validation,outer_training_local,1,67,calibrate:085,calibrate,85
development_repeated_nested_cv,1,5,inner_validation,outer_training_local,1,72,calibrate:091,calibrate,91
development_repeated_nested_cv,1,5,inner_validation,outer_training_local,1,74,calibrate:093,calibrate,93
development_repeated_nested_cv,1,5,inner_validation,outer_training_local,1,76,calibrate:096,calibrate,96
development_repeated_nested_cv,1,5,inner_validation,outer_training_local,1,79,calibrate:099,calibrate,99
development_repeated_nested_cv,1,5,inner_validation,outer_training_local,1,80,calibrate:100,calibrate,100
development_repeated_nested_cv,1,5,inner_validation,outer_training_local,1,83,calibrate:104,calibrate,104
development_repeated_nested_cv,1,5,inner_validation,outer_training_local,1,91,calibrate:117,calibrate,117
development_repeated_nested_cv,1,5,inner_validation,outer_training_local,1,95,calibrate:121,calibrate,121
development_repeated_nested_cv,1,5,inner_validation,outer_training_local,1,100,calibrate:127,calibrate,127
development_repeated_nested_cv,1,5,inner_validation,outer_training_local,1,106,calibrate:133,calibrate,133
development_repeated_nested_cv,1,5,inner_validation,outer_training_local,1,109,calibrate:137,calibrate,137
development_repeated_nested_cv,1,5,inner_validation,outer_training_local,1,115,calibrate:146,calibrate,146
development_repeated_nested_cv,1,5,inner_validation,outer_training_local,1,123,calibrate:155,calibrate,155
development_repeated_nested_cv,1,5,inner_validation,outer_training_local,1,126,validate:004,validate,4
development_repeated_nested_cv,1,5,inner_validation,outer_training_local,1,135,validate:015,validate,15
development_repeated_nested_cv,1,5,inner_validation,outer_training_local,1,139,validate:020,validate,20
development_repeated_nested_cv,1,5,inner_validation,outer_training_local,1,149,validate:031,validate,31
development_repeated_nested_cv,1,5,inner_validation,outer_training_local,1,150,validate:034,validate,34
development_repeated_nested_cv,1,5,inner_validation,outer_training_local,1,154,validate:038,validate,38
development_repeated_nested_cv,1,5,inner_validation,outer_training_local,2,7,calibrate:010,calibrate,10
development_repeated_nested_cv,1,5,inner_validation,outer_training_local,2,9,calibrate:012,calibrate,12
development_repeated_nested_cv,1,5,inner_validation,outer_training_local,2,11,calibrate:016,calibrate,16
development_repeated_nested_cv,1,5,inner_validation,outer_training_local,2,13,calibrate:019,calibrate,19
development_repeated_nested_cv,1,5,inner_validation,outer_training_local,2,16,calibrate:023,calibrate,23
development_repeated_nested_cv,1,5,inner_validation,outer_training_local,2,21,calibrate:029,calibrate,29
development_repeated_nested_cv,1,5,inner_validation,outer_training_local,2,24,calibrate:034,calibrate,34
development_repeated_nested_cv,1,5,inner_validation,outer_training_local,2,25,calibrate:035,calibrate,35
development_repeated_nested_cv,1,5,inner_validation,outer_training_local,2,34,calibrate:044,calibrate,44
development_repeated_nested_cv,1,5,inner_validation,outer_training_local,2,37,calibrate:048,calibrate,48
development_repeated_nested_cv,1,5,inner_validation,outer_training_local,2,41,calibrate:052,calibrate,52
development_repeated_nested_cv,1,5,inner_validation,outer_training_local,2,43,calibrate:055,calibrate,55
development_repeated_nested_cv,1,5,inner_validation,outer_training_local,2,53,calibrate:067,calibrate,67
development_repeated_nested_cv,1,5,inner_validation,outer_training_local,2,54,calibrate:068,calibrate,68
development_repeated_nested_cv,1,5,inner_validation,outer_training_local,2,59,calibrate:074,calibrate,74
development_repeated_nested_cv,1,5,inner_validation,outer_training_local,2,61,calibrate:078,calibrate,78
development_repeated_nested_cv,1,5,inner_validation,outer_training_local,2,75,calibrate:094,calibrate,94
development_repeated_nested_cv,1,5,inner_validation,outer_training_local,2,78,calibrate:098,calibrate,98
development_repeated_nested_cv,1,5,inner_validation,outer_training_local,2,96,calibrate:122,calibrate,122
development_repeated_nested_cv,1,5,inner_validation,outer_training_local,2,98,calibrate:125,calibrate,125
development_repeated_nested_cv,1,5,inner_validation,outer_training_local,2,105,calibrate:132,calibrate,132
development_repeated_nested_cv,1,5,inner_validation,outer_training_local,2,111,calibrate:140,calibrate,140
development_repeated_nested_cv,1,5,inner_validation,outer_training_local,2,113,calibrate:143,calibrate,143
development_repeated_nested_cv,1,5,inner_validation,outer_training_local,2,121,calibrate:152,calibrate,152
development_repeated_nested_cv,1,5,inner_validation,outer_training_local,2,122,calibrate:153,calibrate,153
development_repeated_nested_cv,1,5,inner_validation,outer_training_local,2,132,validate:012,validate,12
development_repeated_nested_cv,1,5,inner_validation,outer_training_local,2,137,validate:017,validate,17
development_repeated_nested_cv,1,5,inner_validation,outer_training_local,2,138,validate:019,validate,19
development_repeated_nested_cv,1,5,inner_validation,outer_training_local,2,148,validate:030,validate,30
development_repeated_nested_cv,1,5,inner_validation,outer_training_local,2,151,validate:035,validate,35
development_repeated_nested_cv,1,5,inner_validation,outer_training_local,2,152,validate:036,validate,36
development_repeated_nested_cv,1,5,inner_validation,outer_training_local,3,4,calibrate:006,calibrate,6
development_repeated_nested_cv,1,5,inner_validation,outer_training_local,3,8,calibrate:011,calibrate,11
development_repeated_nested_cv,1,5,inner_validation,outer_training_local,3,18,calibrate:025,calibrate,25
development_repeated_nested_cv,1,5,inner_validation,outer_training_local,3,22,calibrate:031,calibrate,31
development_repeated_nested_cv,1,5,inner_validation,outer_training_local,3,23,calibrate:033,calibrate,33
development_repeated_nested_cv,1,5,inner_validation,outer_training_local,3,29,calibrate:039,calibrate,39
development_repeated_nested_cv,1,5,inner_validation,outer_training_local,3,31,calibrate:041,calibrate,41
development_repeated_nested_cv,1,5,inner_validation,outer_training_local,3,38,calibrate:049,calibrate,49
development_repeated_nested_cv,1,5,inner_validation,outer_training_local,3,47,calibrate:060,calibrate,60
development_repeated_nested_cv,1,5,inner_validation,outer_training_local,3,50,calibrate:064,calibrate,64
development_repeated_nested_cv,1,5,inner_validation,outer_training_local,3,51,calibrate:065,calibrate,65
development_repeated_nested_cv,1,5,inner_validation,outer_training_local,3,58,calibrate:072,calibrate,72
development_repeated_nested_cv,1,5,inner_validation,outer_training_local,3,69,calibrate:088,calibrate,88
development_repeated_nested_cv,1,5,inner_validation,outer_training_local,3,73,calibrate:092,calibrate,92
development_repeated_nested_cv,1,5,inner_validation,outer_training_local,3,84,calibrate:105,calibrate,105
development_repeated_nested_cv,1,5,inner_validation,outer_training_local,3,85,calibrate:108,calibrate,108
development_repeated_nested_cv,1,5,inner_validation,outer_training_local,3,87,calibrate:111,calibrate,111
development_repeated_nested_cv,1,5,inner_validation,outer_training_local,3,89,calibrate:113,calibrate,113
development_repeated_nested_cv,1,5,inner_validation,outer_training_local,3,94,calibrate:120,calibrate,120
development_repeated_nested_cv,1,5,inner_validation,outer_training_local,3,99,calibrate:126,calibrate,126
development_repeated_nested_cv,1,5,inner_validation,outer_training_local,3,101,calibrate:128,calibrate,128
development_repeated_nested_cv,1,5,inner_validation,outer_training_local,3,107,calibrate:135,calibrate,135
development_repeated_nested_cv,1,5,inner_validation,outer_training_local,3,112,calibrate:142,calibrate,142
development_repeated_nested_cv,1,5,inner_validation,outer_training_local,3,114,calibrate:145,calibrate,145
development_repeated_nested_cv,1,5,inner_validation,outer_training_local,3,120,calibrate:151,calibrate,151
development_repeated_nested_cv,1,5,inner_validation,outer_training_local,3,125,validate:002,validate,2
development_repeated_nested_cv,1,5,inner_validation,outer_training_local,3,128,validate:006,validate,6
development_repeated_nested_cv,1,5,inner_validation,outer_training_local,3,129,validate:007,validate,7
development_repeated_nested_cv,1,5,inner_validation,outer_training_local,3,136,validate:016,validate,16
development_repeated_nested_cv,1,5,inner_validation,outer_training_local,3,140,validate:021,validate,21
development_repeated_nested_cv,1,5,inner_validation,outer_training_local,3,146,validate:027,validate,27
development_repeated_nested_cv,1,5,inner_validation,outer_training_local,3,153,validate:037,validate,37
development_repeated_nested_cv,1,5,inner_validation,outer_training_local,4,0,calibrate:001,calibrate,1
development_repeated_nested_cv,1,5,inner_validation,outer_training_local,4,3,calibrate:004,calibrate,4
development_repeated_nested_cv,1,5,inner_validation,outer_training_local,4,6,calibrate:009,calibrate,9
development_repeated_nested_cv,1,5,inner_validation,outer_training_local,4,10,calibrate:014,calibrate,14
development_repeated_nested_cv,1,5,inner_validation,outer_training_local,4,17,calibrate:024,calibrate,24
development_repeated_nested_cv,1,5,inner_validation,outer_training_local,4,27,calibrate:037,calibrate,37
development_repeated_nested_cv,1,5,inner_validation,outer_training_local,4,28,calibrate:038,calibrate,38
development_repeated_nested_cv,1,5,inner_validation,outer_training_local,4,30,calibrate:040,calibrate,40
development_repeated_nested_cv,1,5,inner_validation,outer_training_local,4,32,calibrate:042,calibrate,42
development_repeated_nested_cv,1,5,inner_validation,outer_training_local,4,39,calibrate:050,calibrate,50
development_repeated_nested_cv,1,5,inner_validation,outer_training_local,4,42,calibrate:053,calibrate,53
development_repeated_nested_cv,1,5,inner_validation,outer_training_local,4,45,calibrate:058,calibrate,58
development_repeated_nested_cv,1,5,inner_validation,outer_training_local,4,46,calibrate:059,calibrate,59
development_repeated_nested_cv,1,5,inner_validation,outer_training_local,4,49,calibrate:063,calibrate,63
development_repeated_nested_cv,1,5,inner_validation,outer_training_local,4,56,calibrate:070,calibrate,70
development_repeated_nested_cv,1,5,inner_validation,outer_training_local,4,65,calibrate:082,calibrate,82
development_repeated_nested_cv,1,5,inner_validation,outer_training_local,4,68,calibrate:087,calibrate,87
development_repeated_nested_cv,1,5,inner_validation,outer_training_local,4,70,calibrate:089,calibrate,89
development_repeated_nested_cv,1,5,inner_validation,outer_training_local,4,71,calibrate:090,calibrate,90
development_repeated_nested_cv,1,5,inner_validation,outer_training_local,4,81,calibrate:101,calibrate,101
development_repeated_nested_cv,1,5,inner_validation,outer_training_local,4,86,calibrate:109,calibrate,109
development_repeated_nested_cv,1,5,inner_validation,outer_training_local,4,93,calibrate:119,calibrate,119
development_repeated_nested_cv,1,5,inner_validation,outer_training_local,4,110,calibrate:138,calibrate,138
development_repeated_nested_cv,1,5,inner_validation,outer_training_local,4,118,calibrate:149,calibrate,149
development_repeated_nested_cv,1,5,inner_validation,outer_training_local,4,119,calibrate:150,calibrate,150
development_repeated_nested_cv,1,5,inner_validation,outer_training_local,4,124,validate:001,validate,1
development_repeated_nested_cv,1,5,inner_validation,outer_training_local,4,127,validate:005,validate,5
development_repeated_nested_cv,1,5,inner_validation,outer_training_local,4,133,validate:013,validate,13
development_repeated_nested_cv,1,5,inner_validation,outer_training_local,4,134,validate:014,validate,14
development_repeated_nested_cv,1,5,inner_validation,outer_training_local,4,143,validate:024,validate,24
development_repeated_nested_cv,1,5,inner_validation,outer_training_local,4,144,validate:025,validate,25
development_repeated_nested_cv,1,5,inner_validation,outer_training_local,4,147,validate:029,validate,29
development_repeated_nested_cv,1,5,inner_validation,outer_training_local,5,5,calibrate:007,calibrate,7
development_repeated_nested_cv,1,5,inner_validation,outer_training_local,5,12,calibrate:017,calibrate,17
development_repeated_nested_cv,1,5,inner_validation,outer_training_local,5,14,calibrate:020,calibrate,20
development_repeated_nested_cv,1,5,inner_validation,outer_training_local,5,15,calibrate:021,calibrate,21
development_repeated_nested_cv,1,5,inner_validation,outer_training_local,5,19,calibrate:027,calibrate,27
development_repeated_nested_cv,1,5,inner_validation,outer_training_local,5,20,calibrate:028,calibrate,28
development_repeated_nested_cv,1,5,inner_validation,outer_training_local,5,26,calibrate:036,calibrate,36
development_repeated_nested_cv,1,5,inner_validation,outer_training_local,5,36,calibrate:047,calibrate,47
development_repeated_nested_cv,1,5,inner_validation,outer_training_local,5,40,calibrate:051,calibrate,51
development_repeated_nested_cv,1,5,inner_validation,outer_training_local,5,52,calibrate:066,calibrate,66
development_repeated_nested_cv,1,5,inner_validation,outer_training_local,5,62,calibrate:079,calibrate,79
development_repeated_nested_cv,1,5,inner_validation,outer_training_local,5,66,calibrate:083,calibrate,83
development_repeated_nested_cv,1,5,inner_validation,outer_training_local,5,77,calibrate:097,calibrate,97
development_repeated_nested_cv,1,5,inner_validation,outer_training_local,5,82,calibrate:102,calibrate,102
development_repeated_nested_cv,1,5,inner_validation,outer_training_local,5,88,calibrate:112,calibrate,112
development_repeated_nested_cv,1,5,inner_validation,outer_training_local,5,90,calibrate:115,calibrate,115
development_repeated_nested_cv,1,5,inner_validation,outer_training_local,5,92,calibrate:118,calibrate,118
development_repeated_nested_cv,1,5,inner_validation,outer_training_local,5,97,calibrate:123,calibrate,123
development_repeated_nested_cv,1,5,inner_validation,outer_training_local,5,102,calibrate:129,calibrate,129
development_repeated_nested_cv,1,5,inner_validation,outer_training_local,5,103,calibrate:130,calibrate,130
development_repeated_nested_cv,1,5,inner_validation,outer_training_local,5,104,calibrate:131,calibrate,131
development_repeated_nested_cv,1,5,inner_validation,outer_training_local,5,108,calibrate:136,calibrate,136
development_repeated_nested_cv,1,5,inner_validation,outer_training_local,5,116,calibrate:147,calibrate,147
development_repeated_nested_cv,1,5,inner_validation,outer_training_local,5,117,calibrate:148,calibrate,148
development_repeated_nested_cv,1,5,inner_validation,outer_training_local,5,130,validate:009,validate,9
development_repeated_nested_cv,1,5,inner_validation,outer_training_local,5,131,validate:011,validate,11
development_repeated_nested_cv,1,5,inner_validation,outer_training_local,5,141,validate:022,validate,22
development_repeated_nested_cv,1,5,inner_validation,outer_training_local,5,142,validate:023,validate,23
development_repeated_nested_cv,1,5,inner_validation,outer_training_local,5,145,validate:026,validate,26
development_repeated_nested_cv,1,5,inner_validation,outer_training_local,5,155,validate:040,validate,40
development_repeated_nested_cv,2,1,inner_validation,outer_training_local,1,3,calibrate:005,calibrate,5
development_repeated_nested_cv,2,1,inner_validation,outer_training_local,1,11,calibrate:016,calibrate,16
development_repeated_nested_cv,2,1,inner_validation,outer_training_local,1,22,calibrate:033,calibrate,33
development_repeated_nested_cv,2,1,inner_validation,outer_training_local,1,28,calibrate:039,calibrate,39
development_repeated_nested_cv,2,1,inner_validation,outer_training_local,1,29,calibrate:040,calibrate,40
development_repeated_nested_cv,2,1,inner_validation,outer_training_local,1,31,calibrate:042,calibrate,42
development_repeated_nested_cv,2,1,inner_validation,outer_training_local,1,34,calibrate:047,calibrate,47
development_repeated_nested_cv,2,1,inner_validation,outer_training_local,1,41,calibrate:054,calibrate,54
development_repeated_nested_cv,2,1,inner_validation,outer_training_local,1,47,calibrate:063,calibrate,63
development_repeated_nested_cv,2,1,inner_validation,outer_training_local,1,50,calibrate:066,calibrate,66
development_repeated_nested_cv,2,1,inner_validation,outer_training_local,1,52,calibrate:068,calibrate,68
development_repeated_nested_cv,2,1,inner_validation,outer_training_local,1,53,calibrate:069,calibrate,69
development_repeated_nested_cv,2,1,inner_validation,outer_training_local,1,55,calibrate:071,calibrate,71
development_repeated_nested_cv,2,1,inner_validation,outer_training_local,1,57,calibrate:073,calibrate,73
development_repeated_nested_cv,2,1,inner_validation,outer_training_local,1,64,calibrate:080,calibrate,80
development_repeated_nested_cv,2,1,inner_validation,outer_training_local,1,75,calibrate:095,calibrate,95
development_repeated_nested_cv,2,1,inner_validation,outer_training_local,1,90,calibrate:113,calibrate,113
development_repeated_nested_cv,2,1,inner_validation,outer_training_local,1,99,calibrate:125,calibrate,125
development_repeated_nested_cv,2,1,inner_validation,outer_training_local,1,101,calibrate:129,calibrate,129
development_repeated_nested_cv,2,1,inner_validation,outer_training_local,1,103,calibrate:131,calibrate,131
development_repeated_nested_cv,2,1,inner_validation,outer_training_local,1,104,calibrate:132,calibrate,132
development_repeated_nested_cv,2,1,inner_validation,outer_training_local,1,106,calibrate:134,calibrate,134
development_repeated_nested_cv,2,1,inner_validation,outer_training_local,1,107,calibrate:135,calibrate,135
development_repeated_nested_cv,2,1,inner_validation,outer_training_local,1,112,calibrate:142,calibrate,142
development_repeated_nested_cv,2,1,inner_validation,outer_training_local,1,121,calibrate:152,calibrate,152
development_repeated_nested_cv,2,1,inner_validation,outer_training_local,1,139,validate:019,validate,19
development_repeated_nested_cv,2,1,inner_validation,outer_training_local,1,140,validate:021,validate,21
development_repeated_nested_cv,2,1,inner_validation,outer_training_local,1,141,validate:023,validate,23
development_repeated_nested_cv,2,1,inner_validation,outer_training_local,1,142,validate:024,validate,24
development_repeated_nested_cv,2,1,inner_validation,outer_training_local,1,143,validate:025,validate,25
development_repeated_nested_cv,2,1,inner_validation,outer_training_local,1,146,validate:030,validate,30
development_repeated_nested_cv,2,1,inner_validation,outer_training_local,2,1,calibrate:002,calibrate,2
development_repeated_nested_cv,2,1,inner_validation,outer_training_local,2,2,calibrate:004,calibrate,4
development_repeated_nested_cv,2,1,inner_validation,outer_training_local,2,7,calibrate:010,calibrate,10
development_repeated_nested_cv,2,1,inner_validation,outer_training_local,2,13,calibrate:018,calibrate,18
development_repeated_nested_cv,2,1,inner_validation,outer_training_local,2,15,calibrate:020,calibrate,20
development_repeated_nested_cv,2,1,inner_validation,outer_training_local,2,21,calibrate:031,calibrate,31
development_repeated_nested_cv,2,1,inner_validation,outer_training_local,2,23,calibrate:034,calibrate,34
development_repeated_nested_cv,2,1,inner_validation,outer_training_local,2,25,calibrate:036,calibrate,36
development_repeated_nested_cv,2,1,inner_validation,outer_training_local,2,36,calibrate:049,calibrate,49
development_repeated_nested_cv,2,1,inner_validation,outer_training_local,2,37,calibrate:050,calibrate,50
development_repeated_nested_cv,2,1,inner_validation,outer_training_local,2,39,calibrate:052,calibrate,52
development_repeated_nested_cv,2,1,inner_validation,outer_training_local,2,43,calibrate:058,calibrate,58
development_repeated_nested_cv,2,1,inner_validation,outer_training_local,2,44,calibrate:059,calibrate,59
development_repeated_nested_cv,2,1,inner_validation,outer_training_local,2,45,calibrate:060,calibrate,60
development_repeated_nested_cv,2,1,inner_validation,outer_training_local,2,62,calibrate:078,calibrate,78
development_repeated_nested_cv,2,1,inner_validation,outer_training_local,2,63,calibrate:079,calibrate,79
development_repeated_nested_cv,2,1,inner_validation,outer_training_local,2,65,calibrate:081,calibrate,81
development_repeated_nested_cv,2,1,inner_validation,outer_training_local,2,69,calibrate:085,calibrate,85
development_repeated_nested_cv,2,1,inner_validation,outer_training_local,2,72,calibrate:092,calibrate,92
development_repeated_nested_cv,2,1,inner_validation,outer_training_local,2,77,calibrate:097,calibrate,97
development_repeated_nested_cv,2,1,inner_validation,outer_training_local,2,88,calibrate:111,calibrate,111
development_repeated_nested_cv,2,1,inner_validation,outer_training_local,2,92,calibrate:116,calibrate,116
development_repeated_nested_cv,2,1,inner_validation,outer_training_local,2,97,calibrate:123,calibrate,123
development_repeated_nested_cv,2,1,inner_validation,outer_training_local,2,110,calibrate:138,calibrate,138
development_repeated_nested_cv,2,1,inner_validation,outer_training_local,2,119,calibrate:149,calibrate,149
development_repeated_nested_cv,2,1,inner_validation,outer_training_local,2,124,validate:002,validate,2
development_repeated_nested_cv,2,1,inner_validation,outer_training_local,2,127,validate:005,validate,5
development_repeated_nested_cv,2,1,inner_validation,outer_training_local,2,147,validate:031,validate,31
development_repeated_nested_cv,2,1,inner_validation,outer_training_local,2,151,validate:036,validate,36
development_repeated_nested_cv,2,1,inner_validation,outer_training_local,2,153,validate:038,validate,38
development_repeated_nested_cv,2,1,inner_validation,outer_training_local,2,154,validate:039,validate,39
development_repeated_nested_cv,2,1,inner_validation,outer_training_local,3,0,calibrate:001,calibrate,1
development_repeated_nested_cv,2,1,inner_validation,outer_training_local,3,8,calibrate:011,calibrate,11
development_repeated_nested_cv,2,1,inner_validation,outer_training_local,3,14,calibrate:019,calibrate,19
development_repeated_nested_cv,2,1,inner_validation,outer_training_local,3,16,calibrate:021,calibrate,21
development_repeated_nested_cv,2,1,inner_validation,outer_training_local,3,19,calibrate:028,calibrate,28
development_repeated_nested_cv,2,1,inner_validation,outer_training_local,3,24,calibrate:035,calibrate,35
development_repeated_nested_cv,2,1,inner_validation,outer_training_local,3,46,calibrate:062,calibrate,62
development_repeated_nested_cv,2,1,inner_validation,outer_training_local,3,51,calibrate:067,calibrate,67
development_repeated_nested_cv,2,1,inner_validation,outer_training_local,3,58,calibrate:074,calibrate,74
development_repeated_nested_cv,2,1,inner_validation,outer_training_local,3,67,calibrate:083,calibrate,83
development_repeated_nested_cv,2,1,inner_validation,outer_training_local,3,70,calibrate:087,calibrate,87
development_repeated_nested_cv,2,1,inner_validation,outer_training_local,3,76,calibrate:096,calibrate,96
development_repeated_nested_cv,2,1,inner_validation,outer_training_local,3,78,calibrate:098,calibrate,98
development_repeated_nested_cv,2,1,inner_validation,outer_training_local,3,81,calibrate:102,calibrate,102
development_repeated_nested_cv,2,1,inner_validation,outer_training_local,3,84,calibrate:105,calibrate,105
development_repeated_nested_cv,2,1,inner_validation,outer_training_local,3,89,calibrate:112,calibrate,112
development_repeated_nested_cv,2,1,inner_validation,outer_training_local,3,91,calibrate:115,calibrate,115
development_repeated_nested_cv,2,1,inner_validation,outer_training_local,3,93,calibrate:117,calibrate,117
development_repeated_nested_cv,2,1,inner_validation,outer_training_local,3,100,calibrate:128,calibrate,128
development_repeated_nested_cv,2,1,inner_validation,outer_training_local,3,102,calibrate:130,calibrate,130
development_repeated_nested_cv,2,1,inner_validation,outer_training_local,3,105,calibrate:133,calibrate,133
development_repeated_nested_cv,2,1,inner_validation,outer_training_local,3,108,calibrate:136,calibrate,136
development_repeated_nested_cv,2,1,inner_validation,outer_training_local,3,111,calibrate:139,calibrate,139
development_repeated_nested_cv,2,1,inner_validation,outer_training_local,3,114,calibrate:144,calibrate,144
development_repeated_nested_cv,2,1,inner_validation,outer_training_local,3,117,calibrate:147,calibrate,147
development_repeated_nested_cv,2,1,inner_validation,outer_training_local,3,126,validate:004,validate,4
development_repeated_nested_cv,2,1,inner_validation,outer_training_local,3,129,validate:007,validate,7
development_repeated_nested_cv,2,1,inner_validation,outer_training_local,3,130,validate:008,validate,8
development_repeated_nested_cv,2,1,inner_validation,outer_training_local,3,136,validate:016,validate,16
development_repeated_nested_cv,2,1,inner_validation,outer_training_local,3,137,validate:017,validate,17
development_repeated_nested_cv,2,1,inner_validation,outer_training_local,3,152,validate:037,validate,37
development_repeated_nested_cv,2,1,inner_validation,outer_training_local,3,155,validate:040,validate,40
development_repeated_nested_cv,2,1,inner_validation,outer_training_local,4,5,calibrate:007,calibrate,7
development_repeated_nested_cv,2,1,inner_validation,outer_training_local,4,10,calibrate:014,calibrate,14
development_repeated_nested_cv,2,1,inner_validation,outer_training_local,4,17,calibrate:025,calibrate,25
development_repeated_nested_cv,2,1,inner_validation,outer_training_local,4,26,calibrate:037,calibrate,37
development_repeated_nested_cv,2,1,inner_validation,outer_training_local,4,30,calibrate:041,calibrate,41
development_repeated_nested_cv,2,1,inner_validation,outer_training_local,4,32,calibrate:044,calibrate,44
development_repeated_nested_cv,2,1,inner_validation,outer_training_local,4,38,calibrate:051,calibrate,51
development_repeated_nested_cv,2,1,inner_validation,outer_training_local,4,40,calibrate:053,calibrate,53
development_repeated_nested_cv,2,1,inner_validation,outer_training_local,4,42,calibrate:057,calibrate,57
development_repeated_nested_cv,2,1,inner_validation,outer_training_local,4,49,calibrate:065,calibrate,65
development_repeated_nested_cv,2,1,inner_validation,outer_training_local,4,59,calibrate:075,calibrate,75
development_repeated_nested_cv,2,1,inner_validation,outer_training_local,4,61,calibrate:077,calibrate,77
development_repeated_nested_cv,2,1,inner_validation,outer_training_local,4,66,calibrate:082,calibrate,82
development_repeated_nested_cv,2,1,inner_validation,outer_training_local,4,68,calibrate:084,calibrate,84
development_repeated_nested_cv,2,1,inner_validation,outer_training_local,4,71,calibrate:090,calibrate,90
development_repeated_nested_cv,2,1,inner_validation,outer_training_local,4,73,calibrate:093,calibrate,93
development_repeated_nested_cv,2,1,inner_validation,outer_training_local,4,82,calibrate:103,calibrate,103
development_repeated_nested_cv,2,1,inner_validation,outer_training_local,4,83,calibrate:104,calibrate,104
development_repeated_nested_cv,2,1,inner_validation,outer_training_local,4,86,calibrate:107,calibrate,107
development_repeated_nested_cv,2,1,inner_validation,outer_training_local,4,87,calibrate:110,calibrate,110
development_repeated_nested_cv,2,1,inner_validation,outer_training_local,4,94,calibrate:119,calibrate,119
development_repeated_nested_cv,2,1,inner_validation,outer_training_local,4,98,calibrate:124,calibrate,124
development_repeated_nested_cv,2,1,inner_validation,outer_training_local,4,109,calibrate:137,calibrate,137
development_repeated_nested_cv,2,1,inner_validation,outer_training_local,4,118,calibrate:148,calibrate,148
development_repeated_nested_cv,2,1,inner_validation,outer_training_local,4,122,calibrate:153,calibrate,153
development_repeated_nested_cv,2,1,inner_validation,outer_training_local,4,132,validate:010,validate,10
development_repeated_nested_cv,2,1,inner_validation,outer_training_local,4,133,validate:011,validate,11
development_repeated_nested_cv,2,1,inner_validation,outer_training_local,4,135,validate:014,validate,14
development_repeated_nested_cv,2,1,inner_validation,outer_training_local,4,138,validate:018,validate,18
development_repeated_nested_cv,2,1,inner_validation,outer_training_local,4,144,validate:027,validate,27
development_repeated_nested_cv,2,1,inner_validation,outer_training_local,4,149,validate:033,validate,33
development_repeated_nested_cv,2,1,inner_validation,outer_training_local,4,150,validate:034,validate,34
development_repeated_nested_cv,2,1,inner_validation,outer_training_local,5,4,calibrate:006,calibrate,6
development_repeated_nested_cv,2,1,inner_validation,outer_training_local,5,6,calibrate:009,calibrate,9
development_repeated_nested_cv,2,1,inner_validation,outer_training_local,5,9,calibrate:013,calibrate,13
development_repeated_nested_cv,2,1,inner_validation,outer_training_local,5,12,calibrate:017,calibrate,17
development_repeated_nested_cv,2,1,inner_validation,outer_training_local,5,18,calibrate:026,calibrate,26
development_repeated_nested_cv,2,1,inner_validation,outer_training_local,5,20,calibrate:029,calibrate,29
development_repeated_nested_cv,2,1,inner_validation,outer_training_local,5,27,calibrate:038,calibrate,38
development_repeated_nested_cv,2,1,inner_validation,outer_training_local,5,33,calibrate:046,calibrate,46
development_repeated_nested_cv,2,1,inner_validation,outer_training_local,5,35,calibrate:048,calibrate,48
development_repeated_nested_cv,2,1,inner_validation,outer_training_local,5,48,calibrate:064,calibrate,64
development_repeated_nested_cv,2,1,inner_validation,outer_training_local,5,54,calibrate:070,calibrate,70
development_repeated_nested_cv,2,1,inner_validation,outer_training_local,5,56,calibrate:072,calibrate,72
development_repeated_nested_cv,2,1,inner_validation,outer_training_local,5,60,calibrate:076,calibrate,76
development_repeated_nested_cv,2,1,inner_validation,outer_training_local,5,74,calibrate:094,calibrate,94
development_repeated_nested_cv,2,1,inner_validation,outer_training_local,5,79,calibrate:100,calibrate,100
development_repeated_nested_cv,2,1,inner_validation,outer_training_local,5,80,calibrate:101,calibrate,101
development_repeated_nested_cv,2,1,inner_validation,outer_training_local,5,85,calibrate:106,calibrate,106
development_repeated_nested_cv,2,1,inner_validation,outer_training_local,5,95,calibrate:120,calibrate,120
development_repeated_nested_cv,2,1,inner_validation,outer_training_local,5,96,calibrate:122,calibrate,122
development_repeated_nested_cv,2,1,inner_validation,outer_training_local,5,113,calibrate:143,calibrate,143
development_repeated_nested_cv,2,1,inner_validation,outer_training_local,5,115,calibrate:145,calibrate,145
development_repeated_nested_cv,2,1,inner_validation,outer_training_local,5,116,calibrate:146,calibrate,146
development_repeated_nested_cv,2,1,inner_validation,outer_training_local,5,120,calibrate:150,calibrate,150
development_repeated_nested_cv,2,1,inner_validation,outer_training_local,5,123,calibrate:154,calibrate,154
development_repeated_nested_cv,2,1,inner_validation,outer_training_local,5,125,validate:003,validate,3
development_repeated_nested_cv,2,1,inner_validation,outer_training_local,5,128,validate:006,validate,6
development_repeated_nested_cv,2,1,inner_validation,outer_training_local,5,131,validate:009,validate,9
development_repeated_nested_cv,2,1,inner_validation,outer_training_local,5,134,validate:012,validate,12
development_repeated_nested_cv,2,1,inner_validation,outer_training_local,5,145,validate:028,validate,28
development_repeated_nested_cv,2,1,inner_validation,outer_training_local,5,148,validate:032,validate,32
development_repeated_nested_cv,2,2,inner_validation,outer_training_local,1,1,calibrate:002,calibrate,2
development_repeated_nested_cv,2,2,inner_validation,outer_training_local,1,6,calibrate:007,calibrate,7
development_repeated_nested_cv,2,2,inner_validation,outer_training_local,1,11,calibrate:014,calibrate,14
development_repeated_nested_cv,2,2,inner_validation,outer_training_local,1,16,calibrate:019,calibrate,19
development_repeated_nested_cv,2,2,inner_validation,outer_training_local,1,17,calibrate:021,calibrate,21
development_repeated_nested_cv,2,2,inner_validation,outer_training_local,1,22,calibrate:026,calibrate,26
development_repeated_nested_cv,2,2,inner_validation,outer_training_local,1,26,calibrate:031,calibrate,31
development_repeated_nested_cv,2,2,inner_validation,outer_training_local,1,32,calibrate:038,calibrate,38
development_repeated_nested_cv,2,2,inner_validation,outer_training_local,1,34,calibrate:040,calibrate,40
development_repeated_nested_cv,2,2,inner_validation,outer_training_local,1,41,calibrate:049,calibrate,49
development_repeated_nested_cv,2,2,inner_validation,outer_training_local,1,42,calibrate:051,calibrate,51
development_repeated_nested_cv,2,2,inner_validation,outer_training_local,1,43,calibrate:052,calibrate,52
development_repeated_nested_cv,2,2,inner_validation,outer_training_local,1,48,calibrate:057,calibrate,57
development_repeated_nested_cv,2,2,inner_validation,outer_training_local,1,50,calibrate:060,calibrate,60
development_repeated_nested_cv,2,2,inner_validation,outer_training_local,1,51,calibrate:061,calibrate,61
development_repeated_nested_cv,2,2,inner_validation,outer_training_local,1,65,calibrate:078,calibrate,78
development_repeated_nested_cv,2,2,inner_validation,outer_training_local,1,86,calibrate:105,calibrate,105
development_repeated_nested_cv,2,2,inner_validation,outer_training_local,1,88,calibrate:109,calibrate,109
development_repeated_nested_cv,2,2,inner_validation,outer_training_local,1,90,calibrate:111,calibrate,111
development_repeated_nested_cv,2,2,inner_validation,outer_training_local,1,92,calibrate:114,calibrate,114
development_repeated_nested_cv,2,2,inner_validation,outer_training_local,1,97,calibrate:121,calibrate,121
development_repeated_nested_cv,2,2,inner_validation,outer_training_local,1,102,calibrate:126,calibrate,126
development_repeated_nested_cv,2,2,inner_validation,outer_training_local,1,103,calibrate:127,calibrate,127
development_repeated_nested_cv,2,2,inner_validation,outer_training_local,1,116,calibrate:143,calibrate,143
development_repeated_nested_cv,2,2,inner_validation,outer_training_local,1,119,calibrate:149,calibrate,149
development_repeated_nested_cv,2,2,inner_validation,outer_training_local,1,133,validate:014,validate,14
development_repeated_nested_cv,2,2,inner_validation,outer_training_local,1,134,validate:015,validate,15
development_repeated_nested_cv,2,2,inner_validation,outer_training_local,1,136,validate:017,validate,17
development_repeated_nested_cv,2,2,inner_validation,outer_training_local,1,143,validate:026,validate,26
development_repeated_nested_cv,2,2,inner_validation,outer_training_local,1,146,validate:031,validate,31
development_repeated_nested_cv,2,2,inner_validation,outer_training_local,1,154,validate:039,validate,39
development_repeated_nested_cv,2,2,inner_validation,outer_training_local,2,3,calibrate:004,calibrate,4
development_repeated_nested_cv,2,2,inner_validation,outer_training_local,2,15,calibrate:018,calibrate,18
development_repeated_nested_cv,2,2,inner_validation,outer_training_local,2,18,calibrate:022,calibrate,22
development_repeated_nested_cv,2,2,inner_validation,outer_training_local,2,20,calibrate:024,calibrate,24
development_repeated_nested_cv,2,2,inner_validation,outer_training_local,2,24,calibrate:028,calibrate,28
development_repeated_nested_cv,2,2,inner_validation,outer_training_local,2,28,calibrate:033,calibrate,33
development_repeated_nested_cv,2,2,inner_validation,outer_training_local,2,30,calibrate:035,calibrate,35
development_repeated_nested_cv,2,2,inner_validation,outer_training_local,2,37,calibrate:043,calibrate,43
development_repeated_nested_cv,2,2,inner_validation,outer_training_local,2,38,calibrate:044,calibrate,44
development_repeated_nested_cv,2,2,inner_validation,outer_training_local,2,49,calibrate:058,calibrate,58
development_repeated_nested_cv,2,2,inner_validation,outer_training_local,2,53,calibrate:063,calibrate,63
development_repeated_nested_cv,2,2,inner_validation,outer_training_local,2,54,calibrate:064,calibrate,64
development_repeated_nested_cv,2,2,inner_validation,outer_training_local,2,63,calibrate:076,calibrate,76
development_repeated_nested_cv,2,2,inner_validation,outer_training_local,2,66,calibrate:080,calibrate,80
development_repeated_nested_cv,2,2,inner_validation,outer_training_local,2,67,calibrate:081,calibrate,81
development_repeated_nested_cv,2,2,inner_validation,outer_training_local,2,68,calibrate:082,calibrate,82
development_repeated_nested_cv,2,2,inner_validation,outer_training_local,2,72,calibrate:087,calibrate,87
development_repeated_nested_cv,2,2,inner_validation,outer_training_local,2,74,calibrate:089,calibrate,89
development_repeated_nested_cv,2,2,inner_validation,outer_training_local,2,79,calibrate:096,calibrate,96
development_repeated_nested_cv,2,2,inner_validation,outer_training_local,2,89,calibrate:110,calibrate,110
development_repeated_nested_cv,2,2,inner_validation,outer_training_local,2,91,calibrate:112,calibrate,112
development_repeated_nested_cv,2,2,inner_validation,outer_training_local,2,113,calibrate:140,calibrate,140
development_repeated_nested_cv,2,2,inner_validation,outer_training_local,2,115,calibrate:142,calibrate,142
development_repeated_nested_cv,2,2,inner_validation,outer_training_local,2,122,calibrate:152,calibrate,152
development_repeated_nested_cv,2,2,inner_validation,outer_training_local,2,128,validate:007,validate,7
development_repeated_nested_cv,2,2,inner_validation,outer_training_local,2,129,validate:008,validate,8
development_repeated_nested_cv,2,2,inner_validation,outer_training_local,2,137,validate:019,validate,19
development_repeated_nested_cv,2,2,inner_validation,outer_training_local,2,141,validate:024,validate,24
development_repeated_nested_cv,2,2,inner_validation,outer_training_local,2,147,validate:032,validate,32
development_repeated_nested_cv,2,2,inner_validation,outer_training_local,2,151,validate:036,validate,36
development_repeated_nested_cv,2,2,inner_validation,outer_training_local,2,155,validate:040,validate,40
development_repeated_nested_cv,2,2,inner_validation,outer_training_local,3,0,calibrate:001,calibrate,1
development_repeated_nested_cv,2,2,inner_validation,outer_training_local,3,5,calibrate:006,calibrate,6
development_repeated_nested_cv,2,2,inner_validation,outer_training_local,3,7,calibrate:008,calibrate,8
development_repeated_nested_cv,2,2,inner_validation,outer_training_local,3,8,calibrate:010,calibrate,10
development_repeated_nested_cv,2,2,inner_validation,outer_training_local,3,9,calibrate:011,calibrate,11
development_repeated_nested_cv,2,2,inner_validation,outer_training_local,3,12,calibrate:015,calibrate,15
development_repeated_nested_cv,2,2,inner_validation,outer_training_local,3,13,calibrate:016,calibrate,16
development_repeated_nested_cv,2,2,inner_validation,outer_training_local,3,27,calibrate:032,calibrate,32
development_repeated_nested_cv,2,2,inner_validation,outer_training_local,3,33,calibrate:039,calibrate,39
development_repeated_nested_cv,2,2,inner_validation,outer_training_local,3,36,calibrate:042,calibrate,42
development_repeated_nested_cv,2,2,inner_validation,outer_training_local,3,46,calibrate:055,calibrate,55
development_repeated_nested_cv,2,2,inner_validation,outer_training_local,3,56,calibrate:066,calibrate,66
development_repeated_nested_cv,2,2,inner_validation,outer_training_local,3,64,calibrate:077,calibrate,77
development_repeated_nested_cv,2,2,inner_validation,outer_training_local,3,69,calibrate:084,calibrate,84
development_repeated_nested_cv,2,2,inner_validation,outer_training_local,3,70,calibrate:085,calibrate,85
development_repeated_nested_cv,2,2,inner_validation,outer_training_local,3,73,calibrate:088,calibrate,88
development_repeated_nested_cv,2,2,inner_validation,outer_training_local,3,77,calibrate:093,calibrate,93
development_repeated_nested_cv,2,2,inner_validation,outer_training_local,3,83,calibrate:101,calibrate,101
development_repeated_nested_cv,2,2,inner_validation,outer_training_local,3,85,calibrate:103,calibrate,103
development_repeated_nested_cv,2,2,inner_validation,outer_training_local,3,87,calibrate:108,calibrate,108
development_repeated_nested_cv,2,2,inner_validation,outer_training_local,3,98,calibrate:122,calibrate,122
development_repeated_nested_cv,2,2,inner_validation,outer_training_local,3,104,calibrate:128,calibrate,128
development_repeated_nested_cv,2,2,inner_validation,outer_training_local,3,106,calibrate:131,calibrate,131
development_repeated_nested_cv,2,2,inner_validation,outer_training_local,3,111,calibrate:137,calibrate,137
development_repeated_nested_cv,2,2,inner_validation,outer_training_local,3,123,calibrate:155,calibrate,155
development_repeated_nested_cv,2,2,inner_validation,outer_training_local,3,125,validate:003,validate,3
development_repeated_nested_cv,2,2,inner_validation,outer_training_local,3,130,validate:009,validate,9
development_repeated_nested_cv,2,2,inner_validation,outer_training_local,3,139,validate:021,validate,21
development_repeated_nested_cv,2,2,inner_validation,outer_training_local,3,140,validate:022,validate,22
development_repeated_nested_cv,2,2,inner_validation,outer_training_local,3,145,validate:029,validate,29
development_repeated_nested_cv,2,2,inner_validation,outer_training_local,3,148,validate:033,validate,33
development_repeated_nested_cv,2,2,inner_validation,outer_training_local,3,152,validate:037,validate,37
development_repeated_nested_cv,2,2,inner_validation,outer_training_local,4,14,calibrate:017,calibrate,17
development_repeated_nested_cv,2,2,inner_validation,outer_training_local,4,40,calibrate:047,calibrate,47
development_repeated_nested_cv,2,2,inner_validation,outer_training_local,4,44,calibrate:053,calibrate,53
development_repeated_nested_cv,2,2,inner_validation,outer_training_local,4,52,calibrate:062,calibrate,62
development_repeated_nested_cv,2,2,inner_validation,outer_training_local,4,55,calibrate:065,calibrate,65
development_repeated_nested_cv,2,2,inner_validation,outer_training_local,4,57,calibrate:067,calibrate,67
development_repeated_nested_cv,2,2,inner_validation,outer_training_local,4,58,calibrate:069,calibrate,69
development_repeated_nested_cv,2,2,inner_validation,outer_training_local,4,60,calibrate:071,calibrate,71
development_repeated_nested_cv,2,2,inner_validation,outer_training_local,4,62,calibrate:074,calibrate,74
development_repeated_nested_cv,2,2,inner_validation,outer_training_local,4,75,calibrate:090,calibrate,90
development_repeated_nested_cv,2,2,inner_validation,outer_training_local,4,80,calibrate:098,calibrate,98
development_repeated_nested_cv,2,2,inner_validation,outer_training_local,4,81,calibrate:099,calibrate,99
development_repeated_nested_cv,2,2,inner_validation,outer_training_local,4,82,calibrate:100,calibrate,100
development_repeated_nested_cv,2,2,inner_validation,outer_training_local,4,84,calibrate:102,calibrate,102
development_repeated_nested_cv,2,2,inner_validation,outer_training_local,4,93,calibrate:115,calibrate,115
development_repeated_nested_cv,2,2,inner_validation,outer_training_local,4,94,calibrate:117,calibrate,117
development_repeated_nested_cv,2,2,inner_validation,outer_training_local,4,96,calibrate:120,calibrate,120
development_repeated_nested_cv,2,2,inner_validation,outer_training_local,4,99,calibrate:123,calibrate,123
development_repeated_nested_cv,2,2,inner_validation,outer_training_local,4,105,calibrate:130,calibrate,130
development_repeated_nested_cv,2,2,inner_validation,outer_training_local,4,110,calibrate:136,calibrate,136
development_repeated_nested_cv,2,2,inner_validation,outer_training_local,4,112,calibrate:139,calibrate,139
development_repeated_nested_cv,2,2,inner_validation,outer_training_local,4,114,calibrate:141,calibrate,141
development_repeated_nested_cv,2,2,inner_validation,outer_training_local,4,118,calibrate:148,calibrate,148
development_repeated_nested_cv,2,2,inner_validation,outer_training_local,4,120,calibrate:150,calibrate,150
development_repeated_nested_cv,2,2,inner_validation,outer_training_local,4,121,calibrate:151,calibrate,151
development_repeated_nested_cv,2,2,inner_validation,outer_training_local,4,126,validate:004,validate,4
development_repeated_nested_cv,2,2,inner_validation,outer_training_local,4,127,validate:006,validate,6
development_repeated_nested_cv,2,2,inner_validation,outer_training_local,4,131,validate:011,validate,11
development_repeated_nested_cv,2,2,inner_validation,outer_training_local,4,135,validate:016,validate,16
development_repeated_nested_cv,2,2,inner_validation,outer_training_local,4,142,validate:025,validate,25
development_repeated_nested_cv,2,2,inner_validation,outer_training_local,4,153,validate:038,validate,38
development_repeated_nested_cv,2,2,inner_validation,outer_training_local,5,2,calibrate:003,calibrate,3
development_repeated_nested_cv,2,2,inner_validation,outer_training_local,5,4,calibrate:005,calibrate,5
development_repeated_nested_cv,2,2,inner_validation,outer_training_local,5,10,calibrate:012,calibrate,12
development_repeated_nested_cv,2,2,inner_validation,outer_training_local,5,19,calibrate:023,calibrate,23
development_repeated_nested_cv,2,2,inner_validation,outer_training_local,5,21,calibrate:025,calibrate,25
development_repeated_nested_cv,2,2,inner_validation,outer_training_local,5,23,calibrate:027,calibrate,27
development_repeated_nested_cv,2,2,inner_validation,outer_training_local,5,25,calibrate:030,calibrate,30
development_repeated_nested_cv,2,2,inner_validation,outer_training_local,5,29,calibrate:034,calibrate,34
development_repeated_nested_cv,2,2,inner_validation,outer_training_local,5,31,calibrate:037,calibrate,37
development_repeated_nested_cv,2,2,inner_validation,outer_training_local,5,35,calibrate:041,calibrate,41
development_repeated_nested_cv,2,2,inner_validation,outer_training_local,5,39,calibrate:045,calibrate,45
development_repeated_nested_cv,2,2,inner_validation,outer_training_local,5,45,calibrate:054,calibrate,54
development_repeated_nested_cv,2,2,inner_validation,outer_training_local,5,47,calibrate:056,calibrate,56
development_repeated_nested_cv,2,2,inner_validation,outer_training_local,5,59,calibrate:070,calibrate,70
development_repeated_nested_cv,2,2,inner_validation,outer_training_local,5,61,calibrate:072,calibrate,72
development_repeated_nested_cv,2,2,inner_validation,outer_training_local,5,71,calibrate:086,calibrate,86
development_repeated_nested_cv,2,2,inner_validation,outer_training_local,5,76,calibrate:091,calibrate,91
development_repeated_nested_cv,2,2,inner_validation,outer_training_local,5,78,calibrate:094,calibrate,94
development_repeated_nested_cv,2,2,inner_validation,outer_training_local,5,95,calibrate:118,calibrate,118
development_repeated_nested_cv,2,2,inner_validation,outer_training_local,5,100,calibrate:124,calibrate,124
development_repeated_nested_cv,2,2,inner_validation,outer_training_local,5,101,calibrate:125,calibrate,125
development_repeated_nested_cv,2,2,inner_validation,outer_training_local,5,107,calibrate:133,calibrate,133
development_repeated_nested_cv,2,2,inner_validation,outer_training_local,5,108,calibrate:134,calibrate,134
development_repeated_nested_cv,2,2,inner_validation,outer_training_local,5,109,calibrate:135,calibrate,135
development_repeated_nested_cv,2,2,inner_validation,outer_training_local,5,117,calibrate:144,calibrate,144
development_repeated_nested_cv,2,2,inner_validation,outer_training_local,5,124,validate:001,validate,1
development_repeated_nested_cv,2,2,inner_validation,outer_training_local,5,132,validate:013,validate,13
development_repeated_nested_cv,2,2,inner_validation,outer_training_local,5,138,validate:020,validate,20
development_repeated_nested_cv,2,2,inner_validation,outer_training_local,5,144,validate:028,validate,28
development_repeated_nested_cv,2,2,inner_validation,outer_training_local,5,149,validate:034,validate,34
development_repeated_nested_cv,2,2,inner_validation,outer_training_local,5,150,validate:035,validate,35
development_repeated_nested_cv,2,3,inner_validation,outer_training_local,1,2,calibrate:003,calibrate,3
development_repeated_nested_cv,2,3,inner_validation,outer_training_local,1,4,calibrate:006,calibrate,6
development_repeated_nested_cv,2,3,inner_validation,outer_training_local,1,8,calibrate:010,calibrate,10
development_repeated_nested_cv,2,3,inner_validation,outer_training_local,1,13,calibrate:016,calibrate,16
development_repeated_nested_cv,2,3,inner_validation,outer_training_local,1,17,calibrate:020,calibrate,20
development_repeated_nested_cv,2,3,inner_validation,outer_training_local,1,19,calibrate:023,calibrate,23
development_repeated_nested_cv,2,3,inner_validation,outer_training_local,1,20,calibrate:024,calibrate,24
development_repeated_nested_cv,2,3,inner_validation,outer_training_local,1,21,calibrate:025,calibrate,25
development_repeated_nested_cv,2,3,inner_validation,outer_training_local,1,23,calibrate:027,calibrate,27
development_repeated_nested_cv,2,3,inner_validation,outer_training_local,1,24,calibrate:029,calibrate,29
development_repeated_nested_cv,2,3,inner_validation,outer_training_local,1,26,calibrate:031,calibrate,31
development_repeated_nested_cv,2,3,inner_validation,outer_training_local,1,33,calibrate:039,calibrate,39
development_repeated_nested_cv,2,3,inner_validation,outer_training_local,1,35,calibrate:042,calibrate,42
development_repeated_nested_cv,2,3,inner_validation,outer_training_local,1,52,calibrate:063,calibrate,63
development_repeated_nested_cv,2,3,inner_validation,outer_training_local,1,65,calibrate:077,calibrate,77
development_repeated_nested_cv,2,3,inner_validation,outer_training_local,1,71,calibrate:088,calibrate,88
development_repeated_nested_cv,2,3,inner_validation,outer_training_local,1,72,calibrate:089,calibrate,89
development_repeated_nested_cv,2,3,inner_validation,outer_training_local,1,77,calibrate:095,calibrate,95
development_repeated_nested_cv,2,3,inner_validation,outer_training_local,1,83,calibrate:103,calibrate,103
development_repeated_nested_cv,2,3,inner_validation,outer_training_local,1,88,calibrate:108,calibrate,108
development_repeated_nested_cv,2,3,inner_validation,outer_training_local,1,95,calibrate:118,calibrate,118
development_repeated_nested_cv,2,3,inner_validation,outer_training_local,1,96,calibrate:119,calibrate,119
development_repeated_nested_cv,2,3,inner_validation,outer_training_local,1,102,calibrate:127,calibrate,127
development_repeated_nested_cv,2,3,inner_validation,outer_training_local,1,107,calibrate:134,calibrate,134
development_repeated_nested_cv,2,3,inner_validation,outer_training_local,1,123,calibrate:155,calibrate,155
development_repeated_nested_cv,2,3,inner_validation,outer_training_local,1,126,validate:003,validate,3
development_repeated_nested_cv,2,3,inner_validation,outer_training_local,1,135,validate:014,validate,14
development_repeated_nested_cv,2,3,inner_validation,outer_training_local,1,142,validate:023,validate,23
development_repeated_nested_cv,2,3,inner_validation,outer_training_local,1,146,validate:028,validate,28
development_repeated_nested_cv,2,3,inner_validation,outer_training_local,1,151,validate:034,validate,34
development_repeated_nested_cv,2,3,inner_validation,outer_training_local,1,152,validate:035,validate,35
development_repeated_nested_cv,2,3,inner_validation,outer_training_local,2,0,calibrate:001,calibrate,1
development_repeated_nested_cv,2,3,inner_validation,outer_training_local,2,15,calibrate:018,calibrate,18
development_repeated_nested_cv,2,3,inner_validation,outer_training_local,2,16,calibrate:019,calibrate,19
development_repeated_nested_cv,2,3,inner_validation,outer_training_local,2,31,calibrate:036,calibrate,36
development_repeated_nested_cv,2,3,inner_validation,outer_training_local,2,38,calibrate:045,calibrate,45
development_repeated_nested_cv,2,3,inner_validation,outer_training_local,2,39,calibrate:046,calibrate,46
development_repeated_nested_cv,2,3,inner_validation,outer_training_local,2,40,calibrate:048,calibrate,48
development_repeated_nested_cv,2,3,inner_validation,outer_training_local,2,44,calibrate:053,calibrate,53
development_repeated_nested_cv,2,3,inner_validation,outer_training_local,2,66,calibrate:079,calibrate,79
development_repeated_nested_cv,2,3,inner_validation,outer_training_local,2,67,calibrate:080,calibrate,80
development_repeated_nested_cv,2,3,inner_validation,outer_training_local,2,68,calibrate:081,calibrate,81
development_repeated_nested_cv,2,3,inner_validation,outer_training_local,2,75,calibrate:092,calibrate,92
development_repeated_nested_cv,2,3,inner_validation,outer_training_local,2,76,calibrate:093,calibrate,93
development_repeated_nested_cv,2,3,inner_validation,outer_training_local,2,78,calibrate:097,calibrate,97
development_repeated_nested_cv,2,3,inner_validation,outer_training_local,2,84,calibrate:104,calibrate,104
development_repeated_nested_cv,2,3,inner_validation,outer_training_local,2,87,calibrate:107,calibrate,107
development_repeated_nested_cv,2,3,inner_validation,outer_training_local,2,89,calibrate:109,calibrate,109
development_repeated_nested_cv,2,3,inner_validation,outer_training_local,2,91,calibrate:112,calibrate,112
development_repeated_nested_cv,2,3,inner_validation,outer_training_local,2,98,calibrate:121,calibrate,121
development_repeated_nested_cv,2,3,inner_validation,outer_training_local,2,101,calibrate:126,calibrate,126
development_repeated_nested_cv,2,3,inner_validation,outer_training_local,2,115,calibrate:144,calibrate,144
development_repeated_nested_cv,2,3,inner_validation,outer_training_local,2,117,calibrate:146,calibrate,146
development_repeated_nested_cv,2,3,inner_validation,outer_training_local,2,118,calibrate:147,calibrate,147
development_repeated_nested_cv,2,3,inner_validation,outer_training_local,2,119,calibrate:148,calibrate,148
development_repeated_nested_cv,2,3,inner_validation,outer_training_local,2,136,validate:015,validate,15
development_repeated_nested_cv,2,3,inner_validation,outer_training_local,2,137,validate:016,validate,16
development_repeated_nested_cv,2,3,inner_validation,outer_training_local,2,139,validate:020,validate,20
development_repeated_nested_cv,2,3,inner_validation,outer_training_local,2,144,validate:026,validate,26
development_repeated_nested_cv,2,3,inner_validation,outer_training_local,2,148,validate:030,validate,30
development_repeated_nested_cv,2,3,inner_validation,outer_training_local,2,150,validate:033,validate,33
development_repeated_nested_cv,2,3,inner_validation,outer_training_local,3,1,calibrate:002,calibrate,2
development_repeated_nested_cv,2,3,inner_validation,outer_training_local,3,6,calibrate:008,calibrate,8
development_repeated_nested_cv,2,3,inner_validation,outer_training_local,3,7,calibrate:009,calibrate,9
development_repeated_nested_cv,2,3,inner_validation,outer_training_local,3,10,calibrate:013,calibrate,13
development_repeated_nested_cv,2,3,inner_validation,outer_training_local,3,11,calibrate:014,calibrate,14
development_repeated_nested_cv,2,3,inner_validation,outer_training_local,3,25,calibrate:030,calibrate,30
development_repeated_nested_cv,2,3,inner_validation,outer_training_local,3,29,calibrate:034,calibrate,34
development_repeated_nested_cv,2,3,inner_validation,outer_training_local,3,37,calibrate:044,calibrate,44
development_repeated_nested_cv,2,3,inner_validation,outer_training_local,3,48,calibrate:059,calibrate,59
development_repeated_nested_cv,2,3,inner_validation,outer_training_local,3,49,calibrate:060,calibrate,60
development_repeated_nested_cv,2,3,inner_validation,outer_training_local,3,54,calibrate:065,calibrate,65
development_repeated_nested_cv,2,3,inner_validation,outer_training_local,3,56,calibrate:068,calibrate,68
development_repeated_nested_cv,2,3,inner_validation,outer_training_local,3,58,calibrate:070,calibrate,70
development_repeated_nested_cv,2,3,inner_validation,outer_training_local,3,59,calibrate:071,calibrate,71
development_repeated_nested_cv,2,3,inner_validation,outer_training_local,3,60,calibrate:072,calibrate,72
development_repeated_nested_cv,2,3,inner_validation,outer_training_local,3,69,calibrate:083,calibrate,83
development_repeated_nested_cv,2,3,inner_validation,outer_training_local,3,74,calibrate:091,calibrate,91
development_repeated_nested_cv,2,3,inner_validation,outer_training_local,3,79,calibrate:098,calibrate,98
development_repeated_nested_cv,2,3,inner_validation,outer_training_local,3,92,calibrate:113,calibrate,113
development_repeated_nested_cv,2,3,inner_validation,outer_training_local,3,97,calibrate:120,calibrate,120
development_repeated_nested_cv,2,3,inner_validation,outer_training_local,3,99,calibrate:122,calibrate,122
development_repeated_nested_cv,2,3,inner_validation,outer_training_local,3,111,calibrate:139,calibrate,139
development_repeated_nested_cv,2,3,inner_validation,outer_training_local,3,112,calibrate:140,calibrate,140
development_repeated_nested_cv,2,3,inner_validation,outer_training_local,3,113,calibrate:141,calibrate,141
development_repeated_nested_cv,2,3,inner_validation,outer_training_local,3,120,calibrate:151,calibrate,151
development_repeated_nested_cv,2,3,inner_validation,outer_training_local,3,125,validate:002,validate,2
development_repeated_nested_cv,2,3,inner_validation,outer_training_local,3,131,validate:008,validate,8
development_repeated_nested_cv,2,3,inner_validation,outer_training_local,3,133,validate:012,validate,12
development_repeated_nested_cv,2,3,inner_validation,outer_training_local,3,134,validate:013,validate,13
development_repeated_nested_cv,2,3,inner_validation,outer_training_local,3,138,validate:018,validate,18
development_repeated_nested_cv,2,3,inner_validation,outer_training_local,3,154,validate:037,validate,37
development_repeated_nested_cv,2,3,inner_validation,outer_training_local,4,3,calibrate:004,calibrate,4
development_repeated_nested_cv,2,3,inner_validation,outer_training_local,4,5,calibrate:007,calibrate,7
development_repeated_nested_cv,2,3,inner_validation,outer_training_local,4,9,calibrate:012,calibrate,12
development_repeated_nested_cv,2,3,inner_validation,outer_training_local,4,12,calibrate:015,calibrate,15
development_repeated_nested_cv,2,3,inner_validation,outer_training_local,4,22,calibrate:026,calibrate,26
development_repeated_nested_cv,2,3,inner_validation,outer_training_local,4,28,calibrate:033,calibrate,33
development_repeated_nested_cv,2,3,inner_validation,outer_training_local,4,30,calibrate:035,calibrate,35
development_repeated_nested_cv,2,3,inner_validation,outer_training_local,4,32,calibrate:037,calibrate,37
development_repeated_nested_cv,2,3,inner_validation,outer_training_local,4,34,calibrate:041,calibrate,41
development_repeated_nested_cv,2,3,inner_validation,outer_training_local,4,36,calibrate:043,calibrate,43
development_repeated_nested_cv,2,3,inner_validation,outer_training_local,4,45,calibrate:054,calibrate,54
development_repeated_nested_cv,2,3,inner_validation,outer_training_local,4,47,calibrate:056,calibrate,56
development_repeated_nested_cv,2,3,inner_validation,outer_training_local,4,51,calibrate:062,calibrate,62
development_repeated_nested_cv,2,3,inner_validation,outer_training_local,4,57,calibrate:069,calibrate,69
development_repeated_nested_cv,2,3,inner_validation,outer_training_local,4,61,calibrate:073,calibrate,73
development_repeated_nested_cv,2,3,inner_validation,outer_training_local,4,70,calibrate:086,calibrate,86
development_repeated_nested_cv,2,3,inner_validation,outer_training_local,4,93,calibrate:114,calibrate,114
development_repeated_nested_cv,2,3,inner_validation,outer_training_local,4,94,calibrate:116,calibrate,116
development_repeated_nested_cv,2,3,inner_validation,outer_training_local,4,100,calibrate:124,calibrate,124
development_repeated_nested_cv,2,3,inner_validation,outer_training_local,4,103,calibrate:129,calibrate,129
development_repeated_nested_cv,2,3,inner_validation,outer_training_local,4,104,calibrate:130,calibrate,130
development_repeated_nested_cv,2,3,inner_validation,outer_training_local,4,106,calibrate:133,calibrate,133
development_repeated_nested_cv,2,3,inner_validation,outer_training_local,4,108,calibrate:135,calibrate,135
development_repeated_nested_cv,2,3,inner_validation,outer_training_local,4,114,calibrate:142,calibrate,142
development_repeated_nested_cv,2,3,inner_validation,outer_training_local,4,116,calibrate:145,calibrate,145
development_repeated_nested_cv,2,3,inner_validation,outer_training_local,4,127,validate:004,validate,4
development_repeated_nested_cv,2,3,inner_validation,outer_training_local,4,128,validate:005,validate,5
development_repeated_nested_cv,2,3,inner_validation,outer_training_local,4,129,validate:006,validate,6
development_repeated_nested_cv,2,3,inner_validation,outer_training_local,4,141,validate:022,validate,22
development_repeated_nested_cv,2,3,inner_validation,outer_training_local,4,143,validate:025,validate,25
development_repeated_nested_cv,2,3,inner_validation,outer_training_local,4,147,validate:029,validate,29
development_repeated_nested_cv,2,3,inner_validation,outer_training_local,4,149,validate:032,validate,32
development_repeated_nested_cv,2,3,inner_validation,outer_training_local,5,14,calibrate:017,calibrate,17
development_repeated_nested_cv,2,3,inner_validation,outer_training_local,5,18,calibrate:022,calibrate,22
development_repeated_nested_cv,2,3,inner_validation,outer_training_local,5,27,calibrate:032,calibrate,32
development_repeated_nested_cv,2,3,inner_validation,outer_training_local,5,41,calibrate:049,calibrate,49
development_repeated_nested_cv,2,3,inner_validation,outer_training_local,5,42,calibrate:050,calibrate,50
development_repeated_nested_cv,2,3,inner_validation,outer_training_local,5,43,calibrate:052,calibrate,52
development_repeated_nested_cv,2,3,inner_validation,outer_training_local,5,46,calibrate:055,calibrate,55
development_repeated_nested_cv,2,3,inner_validation,outer_training_local,5,50,calibrate:061,calibrate,61
development_repeated_nested_cv,2,3,inner_validation,outer_training_local,5,53,calibrate:064,calibrate,64
development_repeated_nested_cv,2,3,inner_validation,outer_training_local,5,55,calibrate:067,calibrate,67
development_repeated_nested_cv,2,3,inner_validation,outer_training_local,5,62,calibrate:074,calibrate,74
development_repeated_nested_cv,2,3,inner_validation,outer_training_local,5,63,calibrate:075,calibrate,75
development_repeated_nested_cv,2,3,inner_validation,outer_training_local,5,64,calibrate:076,calibrate,76
development_repeated_nested_cv,2,3,inner_validation,outer_training_local,5,73,calibrate:090,calibrate,90
development_repeated_nested_cv,2,3,inner_validation,outer_training_local,5,80,calibrate:099,calibrate,99
development_repeated_nested_cv,2,3,inner_validation,outer_training_local,5,81,calibrate:101,calibrate,101
development_repeated_nested_cv,2,3,inner_validation,outer_training_local,5,82,calibrate:102,calibrate,102
development_repeated_nested_cv,2,3,inner_validation,outer_training_local,5,85,calibrate:105,calibrate,105
development_repeated_nested_cv,2,3,inner_validation,outer_training_local,5,86,calibrate:106,calibrate,106
development_repeated_nested_cv,2,3,inner_validation,outer_training_local,5,90,calibrate:110,calibrate,110
development_repeated_nested_cv,2,3,inner_validation,outer_training_local,5,105,calibrate:132,calibrate,132
development_repeated_nested_cv,2,3,inner_validation,outer_training_local,5,109,calibrate:137,calibrate,137
development_repeated_nested_cv,2,3,inner_validation,outer_training_local,5,110,calibrate:138,calibrate,138
development_repeated_nested_cv,2,3,inner_validation,outer_training_local,5,121,calibrate:153,calibrate,153
development_repeated_nested_cv,2,3,inner_validation,outer_training_local,5,122,calibrate:154,calibrate,154
development_repeated_nested_cv,2,3,inner_validation,outer_training_local,5,124,validate:001,validate,1
development_repeated_nested_cv,2,3,inner_validation,outer_training_local,5,130,validate:007,validate,7
development_repeated_nested_cv,2,3,inner_validation,outer_training_local,5,132,validate:010,validate,10
development_repeated_nested_cv,2,3,inner_validation,outer_training_local,5,140,validate:021,validate,21
development_repeated_nested_cv,2,3,inner_validation,outer_training_local,5,145,validate:027,validate,27
development_repeated_nested_cv,2,3,inner_validation,outer_training_local,5,153,validate:036,validate,36
development_repeated_nested_cv,2,3,inner_validation,outer_training_local,5,155,validate:038,validate,38
development_repeated_nested_cv,2,4,inner_validation,outer_training_local,1,4,calibrate:008,calibrate,8
development_repeated_nested_cv,2,4,inner_validation,outer_training_local,1,6,calibrate:010,calibrate,10
development_repeated_nested_cv,2,4,inner_validation,outer_training_local,1,17,calibrate:023,calibrate,23
development_repeated_nested_cv,2,4,inner_validation,outer_training_local,1,18,calibrate:024,calibrate,24
development_repeated_nested_cv,2,4,inner_validation,outer_training_local,1,21,calibrate:028,calibrate,28
development_repeated_nested_cv,2,4,inner_validation,outer_training_local,1,25,calibrate:036,calibrate,36
development_repeated_nested_cv,2,4,inner_validation,outer_training_local,1,28,calibrate:043,calibrate,43
development_repeated_nested_cv,2,4,inner_validation,outer_training_local,1,32,calibrate:047,calibrate,47
development_repeated_nested_cv,2,4,inner_validation,outer_training_local,1,33,calibrate:048,calibrate,48
development_repeated_nested_cv,2,4,inner_validation,outer_training_local,1,39,calibrate:057,calibrate,57
development_repeated_nested_cv,2,4,inner_validation,outer_training_local,1,46,calibrate:068,calibrate,68
development_repeated_nested_cv,2,4,inner_validation,outer_training_local,1,57,calibrate:081,calibrate,81
development_repeated_nested_cv,2,4,inner_validation,outer_training_local,1,63,calibrate:087,calibrate,87
development_repeated_nested_cv,2,4,inner_validation,outer_training_local,1,66,calibrate:091,calibrate,91
development_repeated_nested_cv,2,4,inner_validation,outer_training_local,1,69,calibrate:095,calibrate,95
development_repeated_nested_cv,2,4,inner_validation,outer_training_local,1,71,calibrate:097,calibrate,97
development_repeated_nested_cv,2,4,inner_validation,outer_training_local,1,90,calibrate:118,calibrate,118
development_repeated_nested_cv,2,4,inner_validation,outer_training_local,1,94,calibrate:123,calibrate,123
development_repeated_nested_cv,2,4,inner_validation,outer_training_local,1,100,calibrate:129,calibrate,129
development_repeated_nested_cv,2,4,inner_validation,outer_training_local,1,102,calibrate:131,calibrate,131
development_repeated_nested_cv,2,4,inner_validation,outer_training_local,1,110,calibrate:141,calibrate,141
development_repeated_nested_cv,2,4,inner_validation,outer_training_local,1,115,calibrate:147,calibrate,147
development_repeated_nested_cv,2,4,inner_validation,outer_training_local,1,117,calibrate:149,calibrate,149
development_repeated_nested_cv,2,4,inner_validation,outer_training_local,1,119,calibrate:151,calibrate,151
development_repeated_nested_cv,2,4,inner_validation,outer_training_local,1,126,validate:004,validate,4
development_repeated_nested_cv,2,4,inner_validation,outer_training_local,1,127,validate:005,validate,5
development_repeated_nested_cv,2,4,inner_validation,outer_training_local,1,132,validate:012,validate,12
development_repeated_nested_cv,2,4,inner_validation,outer_training_local,1,133,validate:013,validate,13
development_repeated_nested_cv,2,4,inner_validation,outer_training_local,1,143,validate:025,validate,25
development_repeated_nested_cv,2,4,inner_validation,outer_training_local,1,150,validate:032,validate,32
development_repeated_nested_cv,2,4,inner_validation,outer_training_local,2,11,calibrate:015,calibrate,15
development_repeated_nested_cv,2,4,inner_validation,outer_training_local,2,14,calibrate:020,calibrate,20
development_repeated_nested_cv,2,4,inner_validation,outer_training_local,2,19,calibrate:025,calibrate,25
development_repeated_nested_cv,2,4,inner_validation,outer_training_local,2,22,calibrate:029,calibrate,29
development_repeated_nested_cv,2,4,inner_validation,outer_training_local,2,26,calibrate:038,calibrate,38
development_repeated_nested_cv,2,4,inner_validation,outer_training_local,2,27,calibrate:040,calibrate,40
development_repeated_nested_cv,2,4,inner_validation,outer_training_local,2,30,calibrate:045,calibrate,45
development_repeated_nested_cv,2,4,inner_validation,outer_training_local,2,35,calibrate:051,calibrate,51
development_repeated_nested_cv,2,4,inner_validation,outer_training_local,2,36,calibrate:053,calibrate,53
development_repeated_nested_cv,2,4,inner_validation,outer_training_local,2,40,calibrate:058,calibrate,58
development_repeated_nested_cv,2,4,inner_validation,outer_training_local,2,41,calibrate:059,calibrate,59
development_repeated_nested_cv,2,4,inner_validation,outer_training_local,2,47,calibrate:069,calibrate,69
development_repeated_nested_cv,2,4,inner_validation,outer_training_local,2,55,calibrate:079,calibrate,79
development_repeated_nested_cv,2,4,inner_validation,outer_training_local,2,60,calibrate:084,calibrate,84
development_repeated_nested_cv,2,4,inner_validation,outer_training_local,2,65,calibrate:089,calibrate,89
development_repeated_nested_cv,2,4,inner_validation,outer_training_local,2,75,calibrate:101,calibrate,101
development_repeated_nested_cv,2,4,inner_validation,outer_training_local,2,77,calibrate:104,calibrate,104
development_repeated_nested_cv,2,4,inner_validation,outer_training_local,2,83,calibrate:110,calibrate,110
development_repeated_nested_cv,2,4,inner_validation,outer_training_local,2,86,calibrate:114,calibrate,114
development_repeated_nested_cv,2,4,inner_validation,outer_training_local,2,97,calibrate:126,calibrate,126
development_repeated_nested_cv,2,4,inner_validation,outer_training_local,2,104,calibrate:133,calibrate,133
development_repeated_nested_cv,2,4,inner_validation,outer_training_local,2,108,calibrate:138,calibrate,138
development_repeated_nested_cv,2,4,inner_validation,outer_training_local,2,113,calibrate:145,calibrate,145
development_repeated_nested_cv,2,4,inner_validation,outer_training_local,2,116,calibrate:148,calibrate,148
development_repeated_nested_cv,2,4,inner_validation,outer_training_local,2,120,calibrate:152,calibrate,152
development_repeated_nested_cv,2,4,inner_validation,outer_training_local,2,136,validate:017,validate,17
development_repeated_nested_cv,2,4,inner_validation,outer_training_local,2,140,validate:022,validate,22
development_repeated_nested_cv,2,4,inner_validation,outer_training_local,2,144,validate:026,validate,26
development_repeated_nested_cv,2,4,inner_validation,outer_training_local,2,146,validate:028,validate,28
development_repeated_nested_cv,2,4,inner_validation,outer_training_local,2,154,validate:039,validate,39
development_repeated_nested_cv,2,4,inner_validation,outer_training_local,2,155,validate:040,validate,40
development_repeated_nested_cv,2,4,inner_validation,outer_training_local,3,0,calibrate:003,calibrate,3
development_repeated_nested_cv,2,4,inner_validation,outer_training_local,3,2,calibrate:005,calibrate,5
development_repeated_nested_cv,2,4,inner_validation,outer_training_local,3,5,calibrate:009,calibrate,9
development_repeated_nested_cv,2,4,inner_validation,outer_training_local,3,9,calibrate:013,calibrate,13
development_repeated_nested_cv,2,4,inner_validation,outer_training_local,3,12,calibrate:018,calibrate,18
development_repeated_nested_cv,2,4,inner_validation,outer_training_local,3,13,calibrate:019,calibrate,19
development_repeated_nested_cv,2,4,inner_validation,outer_training_local,3,20,calibrate:027,calibrate,27
development_repeated_nested_cv,2,4,inner_validation,outer_training_local,3,29,calibrate:044,calibrate,44
development_repeated_nested_cv,2,4,inner_validation,outer_training_local,3,50,calibrate:074,calibrate,74
development_repeated_nested_cv,2,4,inner_validation,outer_training_local,3,51,calibrate:075,calibrate,75
development_repeated_nested_cv,2,4,inner_validation,outer_training_local,3,54,calibrate:078,calibrate,78
development_repeated_nested_cv,2,4,inner_validation,outer_training_local,3,59,calibrate:083,calibrate,83
development_repeated_nested_cv,2,4,inner_validation,outer_training_local,3,61,calibrate:085,calibrate,85
development_repeated_nested_cv,2,4,inner_validation,outer_training_local,3,70,calibrate:096,calibrate,96
development_repeated_nested_cv,2,4,inner_validation,outer_training_local,3,73,calibrate:099,calibrate,99
development_repeated_nested_cv,2,4,inner_validation,outer_training_local,3,74,calibrate:100,calibrate,100
development_repeated_nested_cv,2,4,inner_validation,outer_training_local,3,78,calibrate:105,calibrate,105
development_repeated_nested_cv,2,4,inner_validation,outer_training_local,3,80,calibrate:107,calibrate,107
development_repeated_nested_cv,2,4,inner_validation,outer_training_local,3,82,calibrate:109,calibrate,109
development_repeated_nested_cv,2,4,inner_validation,outer_training_local,3,92,calibrate:120,calibrate,120
development_repeated_nested_cv,2,4,inner_validation,outer_training_local,3,93,calibrate:121,calibrate,121
development_repeated_nested_cv,2,4,inner_validation,outer_training_local,3,99,calibrate:128,calibrate,128
development_repeated_nested_cv,2,4,inner_validation,outer_training_local,3,106,calibrate:135,calibrate,135
development_repeated_nested_cv,2,4,inner_validation,outer_training_local,3,109,calibrate:140,calibrate,140
development_repeated_nested_cv,2,4,inner_validation,outer_training_local,3,123,calibrate:155,calibrate,155
development_repeated_nested_cv,2,4,inner_validation,outer_training_local,3,125,validate:002,validate,2
development_repeated_nested_cv,2,4,inner_validation,outer_training_local,3,128,validate:006,validate,6
development_repeated_nested_cv,2,4,inner_validation,outer_training_local,3,129,validate:009,validate,9
development_repeated_nested_cv,2,4,inner_validation,outer_training_local,3,130,validate:010,validate,10
development_repeated_nested_cv,2,4,inner_validation,outer_training_local,3,148,validate:030,validate,30
development_repeated_nested_cv,2,4,inner_validation,outer_training_local,3,152,validate:036,validate,36
development_repeated_nested_cv,2,4,inner_validation,outer_training_local,4,1,calibrate:004,calibrate,4
development_repeated_nested_cv,2,4,inner_validation,outer_training_local,4,3,calibrate:007,calibrate,7
development_repeated_nested_cv,2,4,inner_validation,outer_training_local,4,7,calibrate:011,calibrate,11
development_repeated_nested_cv,2,4,inner_validation,outer_training_local,4,8,calibrate:012,calibrate,12
development_repeated_nested_cv,2,4,inner_validation,outer_training_local,4,15,calibrate:021,calibrate,21
development_repeated_nested_cv,2,4,inner_validation,outer_training_local,4,23,calibrate:030,calibrate,30
development_repeated_nested_cv,2,4,inner_validation,outer_training_local,4,24,calibrate:032,calibrate,32
development_repeated_nested_cv,2,4,inner_validation,outer_training_local,4,31,calibrate:046,calibrate,46
development_repeated_nested_cv,2,4,inner_validation,outer_training_local,4,34,calibrate:050,calibrate,50
development_repeated_nested_cv,2,4,inner_validation,outer_training_local,4,43,calibrate:062,calibrate,62
development_repeated_nested_cv,2,4,inner_validation,outer_training_local,4,48,calibrate:071,calibrate,71
development_repeated_nested_cv,2,4,inner_validation,outer_training_local,4,52,calibrate:076,calibrate,76
development_repeated_nested_cv,2,4,inner_validation,outer_training_local,4,53,calibrate:077,calibrate,77
development_repeated_nested_cv,2,4,inner_validation,outer_training_local,4,56,calibrate:080,calibrate,80
development_repeated_nested_cv,2,4,inner_validation,outer_training_local,4,58,calibrate:082,calibrate,82
development_repeated_nested_cv,2,4,inner_validation,outer_training_local,4,62,calibrate:086,calibrate,86
development_repeated_nested_cv,2,4,inner_validation,outer_training_local,4,64,calibrate:088,calibrate,88
development_repeated_nested_cv,2,4,inner_validation,outer_training_local,4,67,calibrate:092,calibrate,92
development_repeated_nested_cv,2,4,inner_validation,outer_training_local,4,76,calibrate:102,calibrate,102
development_repeated_nested_cv,2,4,inner_validation,outer_training_local,4,81,calibrate:108,calibrate,108
development_repeated_nested_cv,2,4,inner_validation,outer_training_local,4,101,calibrate:130,calibrate,130
development_repeated_nested_cv,2,4,inner_validation,outer_training_local,4,103,calibrate:132,calibrate,132
development_repeated_nested_cv,2,4,inner_validation,outer_training_local,4,107,calibrate:136,calibrate,136
development_repeated_nested_cv,2,4,inner_validation,outer_training_local,4,111,calibrate:143,calibrate,143
development_repeated_nested_cv,2,4,inner_validation,outer_training_local,4,114,calibrate:146,calibrate,146
development_repeated_nested_cv,2,4,inner_validation,outer_training_local,4,124,validate:001,validate,1
development_repeated_nested_cv,2,4,inner_validation,outer_training_local,4,134,validate:015,validate,15
development_repeated_nested_cv,2,4,inner_validation,outer_training_local,4,135,validate:016,validate,16
development_repeated_nested_cv,2,4,inner_validation,outer_training_local,4,137,validate:018,validate,18
development_repeated_nested_cv,2,4,inner_validation,outer_training_local,4,145,validate:027,validate,27
development_repeated_nested_cv,2,4,inner_validation,outer_training_local,4,149,validate:031,validate,31
development_repeated_nested_cv,2,4,inner_validation,outer_training_local,4,151,validate:035,validate,35
development_repeated_nested_cv,2,4,inner_validation,outer_training_local,5,10,calibrate:014,calibrate,14
development_repeated_nested_cv,2,4,inner_validation,outer_training_local,5,16,calibrate:022,calibrate,22
development_repeated_nested_cv,2,4,inner_validation,outer_training_local,5,37,calibrate:055,calibrate,55
development_repeated_nested_cv,2,4,inner_validation,outer_training_local,5,38,calibrate:056,calibrate,56
development_repeated_nested_cv,2,4,inner_validation,outer_training_local,5,42,calibrate:061,calibrate,61
development_repeated_nested_cv,2,4,inner_validation,outer_training_local,5,44,calibrate:066,calibrate,66
development_repeated_nested_cv,2,4,inner_validation,outer_training_local,5,45,calibrate:067,calibrate,67
development_repeated_nested_cv,2,4,inner_validation,outer_training_local,5,49,calibrate:073,calibrate,73
development_repeated_nested_cv,2,4,inner_validation,outer_training_local,5,68,calibrate:094,calibrate,94
development_repeated_nested_cv,2,4,inner_validation,outer_training_local,5,72,calibrate:098,calibrate,98
development_repeated_nested_cv,2,4,inner_validation,outer_training_local,5,79,calibrate:106,calibrate,106
development_repeated_nested_cv,2,4,inner_validation,outer_training_local,5,84,calibrate:111,calibrate,111
development_repeated_nested_cv,2,4,inner_validation,outer_training_local,5,85,calibrate:113,calibrate,113
development_repeated_nested_cv,2,4,inner_validation,outer_training_local,5,87,calibrate:115,calibrate,115
development_repeated_nested_cv,2,4,inner_validation,outer_training_local,5,88,calibrate:116,calibrate,116
development_repeated_nested_cv,2,4,inner_validation,outer_training_local,5,89,calibrate:117,calibrate,117
development_repeated_nested_cv,2,4,inner_validation,outer_training_local,5,91,calibrate:119,calibrate,119
development_repeated_nested_cv,2,4,inner_validation,outer_training_local,5,95,calibrate:124,calibrate,124
development_repeated_nested_cv,2,4,inner_validation,outer_training_local,5,96,calibrate:125,calibrate,125
development_repeated_nested_cv,2,4,inner_validation,outer_training_local,5,98,calibrate:127,calibrate,127
development_repeated_nested_cv,2,4,inner_validation,outer_training_local,5,105,calibrate:134,calibrate,134
development_repeated_nested_cv,2,4,inner_validation,outer_training_local,5,112,calibrate:144,calibrate,144
development_repeated_nested_cv,2,4,inner_validation,outer_training_local,5,118,calibrate:150,calibrate,150
development_repeated_nested_cv,2,4,inner_validation,outer_training_local,5,121,calibrate:153,calibrate,153
development_repeated_nested_cv,2,4,inner_validation,outer_training_local,5,122,calibrate:154,calibrate,154
development_repeated_nested_cv,2,4,inner_validation,outer_training_local,5,131,validate:011,validate,11
development_repeated_nested_cv,2,4,inner_validation,outer_training_local,5,138,validate:019,validate,19
development_repeated_nested_cv,2,4,inner_validation,outer_training_local,5,139,validate:020,validate,20
development_repeated_nested_cv,2,4,inner_validation,outer_training_local,5,141,validate:023,validate,23
development_repeated_nested_cv,2,4,inner_validation,outer_training_local,5,142,validate:024,validate,24
development_repeated_nested_cv,2,4,inner_validation,outer_training_local,5,147,validate:029,validate,29
development_repeated_nested_cv,2,4,inner_validation,outer_training_local,5,153,validate:038,validate,38
development_repeated_nested_cv,2,5,inner_validation,outer_training_local,1,2,calibrate:003,calibrate,3
development_repeated_nested_cv,2,5,inner_validation,outer_training_local,1,4,calibrate:006,calibrate,6
development_repeated_nested_cv,2,5,inner_validation,outer_training_local,1,7,calibrate:011,calibrate,11
development_repeated_nested_cv,2,5,inner_validation,outer_training_local,1,13,calibrate:020,calibrate,20
development_repeated_nested_cv,2,5,inner_validation,outer_training_local,1,23,calibrate:031,calibrate,31
development_repeated_nested_cv,2,5,inner_validation,outer_training_local,1,29,calibrate:037,calibrate,37
development_repeated_nested_cv,2,5,inner_validation,outer_training_local,1,31,calibrate:039,calibrate,39
development_repeated_nested_cv,2,5,inner_validation,outer_training_local,1,33,calibrate:041,calibrate,41
development_repeated_nested_cv,2,5,inner_validation,outer_training_local,1,37,calibrate:046,calibrate,46
development_repeated_nested_cv,2,5,inner_validation,outer_training_local,1,41,calibrate:050,calibrate,50
development_repeated_nested_cv,2,5,inner_validation,outer_training_local,1,45,calibrate:055,calibrate,55
development_repeated_nested_cv,2,5,inner_validation,outer_training_local,1,49,calibrate:059,calibrate,59
development_repeated_nested_cv,2,5,inner_validation,outer_training_local,1,54,calibrate:065,calibrate,65
development_repeated_nested_cv,2,5,inner_validation,outer_training_local,1,60,calibrate:075,calibrate,75
development_repeated_nested_cv,2,5,inner_validation,outer_training_local,1,64,calibrate:083,calibrate,83
development_repeated_nested_cv,2,5,inner_validation,outer_training_local,1,70,calibrate:089,calibrate,89
development_repeated_nested_cv,2,5,inner_validation,outer_training_local,1,73,calibrate:092,calibrate,92
development_repeated_nested_cv,2,5,inner_validation,outer_training_local,1,77,calibrate:096,calibrate,96
development_repeated_nested_cv,2,5,inner_validation,outer_training_local,1,78,calibrate:097,calibrate,97
development_repeated_nested_cv,2,5,inner_validation,outer_training_local,1,80,calibrate:100,calibrate,100
development_repeated_nested_cv,2,5,inner_validation,outer_training_local,1,93,calibrate:117,calibrate,117
development_repeated_nested_cv,2,5,inner_validation,outer_training_local,1,97,calibrate:122,calibrate,122
development_repeated_nested_cv,2,5,inner_validation,outer_training_local,1,106,calibrate:136,calibrate,136
development_repeated_nested_cv,2,5,inner_validation,outer_training_local,1,112,calibrate:142,calibrate,142
development_repeated_nested_cv,2,5,inner_validation,outer_training_local,1,127,validate:005,validate,5
development_repeated_nested_cv,2,5,inner_validation,outer_training_local,1,128,validate:007,validate,7
development_repeated_nested_cv,2,5,inner_validation,outer_training_local,1,134,validate:013,validate,13
development_repeated_nested_cv,2,5,inner_validation,outer_training_local,1,145,validate:026,validate,26
development_repeated_nested_cv,2,5,inner_validation,outer_training_local,1,148,validate:030,validate,30
development_repeated_nested_cv,2,5,inner_validation,outer_training_local,1,151,validate:034,validate,34
development_repeated_nested_cv,2,5,inner_validation,outer_training_local,2,3,calibrate:005,calibrate,5
development_repeated_nested_cv,2,5,inner_validation,outer_training_local,2,6,calibrate:009,calibrate,9
development_repeated_nested_cv,2,5,inner_validation,outer_training_local,2,19,calibrate:027,calibrate,27
development_repeated_nested_cv,2,5,inner_validation,outer_training_local,2,20,calibrate:028,calibrate,28
development_repeated_nested_cv,2,5,inner_validation,outer_training_local,2,28,calibrate:036,calibrate,36
development_repeated_nested_cv,2,5,inner_validation,outer_training_local,2,40,calibrate:049,calibrate,49
development_repeated_nested_cv,2,5,inner_validation,outer_training_local,2,42,calibrate:051,calibrate,51
development_repeated_nested_cv,2,5,inner_validation,outer_training_local,2,46,calibrate:056,calibrate,56
development_repeated_nested_cv,2,5,inner_validation,outer_training_local,2,47,calibrate:057,calibrate,57
development_repeated_nested_cv,2,5,inner_validation,outer_training_local,2,57,calibrate:070,calibrate,70
development_repeated_nested_cv,2,5,inner_validation,outer_training_local,2,58,calibrate:072,calibrate,72
development_repeated_nested_cv,2,5,inner_validation,outer_training_local,2,63,calibrate:082,calibrate,82
development_repeated_nested_cv,2,5,inner_validation,outer_training_local,2,75,calibrate:094,calibrate,94
development_repeated_nested_cv,2,5,inner_validation,outer_training_local,2,76,calibrate:095,calibrate,95
development_repeated_nested_cv,2,5,inner_validation,outer_training_local,2,89,calibrate:113,calibrate,113
development_repeated_nested_cv,2,5,inner_validation,outer_training_local,2,91,calibrate:115,calibrate,115
development_repeated_nested_cv,2,5,inner_validation,outer_training_local,2,94,calibrate:118,calibrate,118
development_repeated_nested_cv,2,5,inner_validation,outer_training_local,2,95,calibrate:119,calibrate,119
development_repeated_nested_cv,2,5,inner_validation,outer_training_local,2,96,calibrate:121,calibrate,121
development_repeated_nested_cv,2,5,inner_validation,outer_training_local,2,103,calibrate:129,calibrate,129
development_repeated_nested_cv,2,5,inner_validation,outer_training_local,2,105,calibrate:132,calibrate,132
development_repeated_nested_cv,2,5,inner_validation,outer_training_local,2,113,calibrate:143,calibrate,143
development_repeated_nested_cv,2,5,inner_validation,outer_training_local,2,117,calibrate:149,calibrate,149
development_repeated_nested_cv,2,5,inner_validation,outer_training_local,2,118,calibrate:150,calibrate,150
development_repeated_nested_cv,2,5,inner_validation,outer_training_local,2,122,calibrate:154,calibrate,154
development_repeated_nested_cv,2,5,inner_validation,outer_training_local,2,126,validate:003,validate,3
development_repeated_nested_cv,2,5,inner_validation,outer_training_local,2,129,validate:008,validate,8
development_repeated_nested_cv,2,5,inner_validation,outer_training_local,2,131,validate:010,validate,10
development_repeated_nested_cv,2,5,inner_validation,outer_training_local,2,143,validate:023,validate,23
development_repeated_nested_cv,2,5,inner_validation,outer_training_local,2,146,validate:027,validate,27
development_repeated_nested_cv,2,5,inner_validation,outer_training_local,2,152,validate:035,validate,35
development_repeated_nested_cv,2,5,inner_validation,outer_training_local,2,154,validate:039,validate,39
development_repeated_nested_cv,2,5,inner_validation,outer_training_local,3,0,calibrate:001,calibrate,1
development_repeated_nested_cv,2,5,inner_validation,outer_training_local,3,18,calibrate:026,calibrate,26
development_repeated_nested_cv,2,5,inner_validation,outer_training_local,3,25,calibrate:033,calibrate,33
development_repeated_nested_cv,2,5,inner_validation,outer_training_local,3,26,calibrate:034,calibrate,34
development_repeated_nested_cv,2,5,inner_validation,outer_training_local,3,30,calibrate:038,calibrate,38
development_repeated_nested_cv,2,5,inner_validation,outer_training_local,3,32,calibrate:040,calibrate,40
development_repeated_nested_cv,2,5,inner_validation,outer_training_local,3,34,calibrate:042,calibrate,42
development_repeated_nested_cv,2,5,inner_validation,outer_training_local,3,39,calibrate:048,calibrate,48
development_repeated_nested_cv,2,5,inner_validation,outer_training_local,3,44,calibrate:054,calibrate,54
development_repeated_nested_cv,2,5,inner_validation,outer_training_local,3,55,calibrate:066,calibrate,66
development_repeated_nested_cv,2,5,inner_validation,outer_training_local,3,61,calibrate:078,calibrate,78
development_repeated_nested_cv,2,5,inner_validation,outer_training_local,3,65,calibrate:084,calibrate,84
development_repeated_nested_cv,2,5,inner_validation,outer_training_local,3,71,calibrate:090,calibrate,90
development_repeated_nested_cv,2,5,inner_validation,outer_training_local,3,79,calibrate:099,calibrate,99
development_repeated_nested_cv,2,5,inner_validation,outer_training_local,3,81,calibrate:103,calibrate,103
development_repeated_nested_cv,2,5,inner_validation,outer_training_local,3,82,calibrate:104,calibrate,104
development_repeated_nested_cv,2,5,inner_validation,outer_training_local,3,83,calibrate:106,calibrate,106
development_repeated_nested_cv,2,5,inner_validation,outer_training_local,3,87,calibrate:111,calibrate,111
development_repeated_nested_cv,2,5,inner_validation,outer_training_local,3,88,calibrate:112,calibrate,112
development_repeated_nested_cv,2,5,inner_validation,outer_training_local,3,100,calibrate:126,calibrate,126
development_repeated_nested_cv,2,5,inner_validation,outer_training_local,3,102,calibrate:128,calibrate,128
development_repeated_nested_cv,2,5,inner_validation,outer_training_local,3,109,calibrate:139,calibrate,139
development_repeated_nested_cv,2,5,inner_validation,outer_training_local,3,110,calibrate:140,calibrate,140
development_repeated_nested_cv,2,5,inner_validation,outer_training_local,3,111,calibrate:141,calibrate,141
development_repeated_nested_cv,2,5,inner_validation,outer_training_local,3,116,calibrate:147,calibrate,147
development_repeated_nested_cv,2,5,inner_validation,outer_training_local,3,130,validate:009,validate,9
development_repeated_nested_cv,2,5,inner_validation,outer_training_local,3,139,validate:019,validate,19
development_repeated_nested_cv,2,5,inner_validation,outer_training_local,3,141,validate:021,validate,21
development_repeated_nested_cv,2,5,inner_validation,outer_training_local,3,144,validate:024,validate,24
development_repeated_nested_cv,2,5,inner_validation,outer_training_local,3,149,validate:031,validate,31
development_repeated_nested_cv,2,5,inner_validation,outer_training_local,3,155,validate:040,validate,40
development_repeated_nested_cv,2,5,inner_validation,outer_training_local,4,1,calibrate:002,calibrate,2
development_repeated_nested_cv,2,5,inner_validation,outer_training_local,4,9,calibrate:013,calibrate,13
development_repeated_nested_cv,2,5,inner_validation,outer_training_local,4,10,calibrate:015,calibrate,15
development_repeated_nested_cv,2,5,inner_validation,outer_training_local,4,15,calibrate:022,calibrate,22
development_repeated_nested_cv,2,5,inner_validation,outer_training_local,4,17,calibrate:024,calibrate,24
development_repeated_nested_cv,2,5,inner_validation,outer_training_local,4,21,calibrate:029,calibrate,29
development_repeated_nested_cv,2,5,inner_validation,outer_training_local,4,22,calibrate:030,calibrate,30
development_repeated_nested_cv,2,5,inner_validation,outer_training_local,4,24,calibrate:032,calibrate,32
development_repeated_nested_cv,2,5,inner_validation,outer_training_local,4,36,calibrate:045,calibrate,45
development_repeated_nested_cv,2,5,inner_validation,outer_training_local,4,38,calibrate:047,calibrate,47
development_repeated_nested_cv,2,5,inner_validation,outer_training_local,4,50,calibrate:060,calibrate,60
development_repeated_nested_cv,2,5,inner_validation,outer_training_local,4,51,calibrate:061,calibrate,61
development_repeated_nested_cv,2,5,inner_validation,outer_training_local,4,62,calibrate:079,calibrate,79
development_repeated_nested_cv,2,5,inner_validation,outer_training_local,4,66,calibrate:085,calibrate,85
development_repeated_nested_cv,2,5,inner_validation,outer_training_local,4,69,calibrate:088,calibrate,88
development_repeated_nested_cv,2,5,inner_validation,outer_training_local,4,74,calibrate:093,calibrate,93
development_repeated_nested_cv,2,5,inner_validation,outer_training_local,4,84,calibrate:107,calibrate,107
development_repeated_nested_cv,2,5,inner_validation,outer_training_local,4,86,calibrate:109,calibrate,109
development_repeated_nested_cv,2,5,inner_validation,outer_training_local,4,92,calibrate:116,calibrate,116
development_repeated_nested_cv,2,5,inner_validation,outer_training_local,4,99,calibrate:125,calibrate,125
development_repeated_nested_cv,2,5,inner_validation,outer_training_local,4,101,calibrate:127,calibrate,127
development_repeated_nested_cv,2,5,inner_validation,outer_training_local,4,104,calibrate:131,calibrate,131
development_repeated_nested_cv,2,5,inner_validation,outer_training_local,4,107,calibrate:137,calibrate,137
development_repeated_nested_cv,2,5,inner_validation,outer_training_local,4,108,calibrate:138,calibrate,138
development_repeated_nested_cv,2,5,inner_validation,outer_training_local,4,120,calibrate:152,calibrate,152
development_repeated_nested_cv,2,5,inner_validation,outer_training_local,4,125,validate:002,validate,2
development_repeated_nested_cv,2,5,inner_validation,outer_training_local,4,132,validate:011,validate,11
development_repeated_nested_cv,2,5,inner_validation,outer_training_local,4,138,validate:018,validate,18
development_repeated_nested_cv,2,5,inner_validation,outer_training_local,4,142,validate:022,validate,22
development_repeated_nested_cv,2,5,inner_validation,outer_training_local,4,147,validate:029,validate,29
development_repeated_nested_cv,2,5,inner_validation,outer_training_local,4,150,validate:033,validate,33
development_repeated_nested_cv,2,5,inner_validation,outer_training_local,4,153,validate:037,validate,37
development_repeated_nested_cv,2,5,inner_validation,outer_training_local,5,5,calibrate:008,calibrate,8
development_repeated_nested_cv,2,5,inner_validation,outer_training_local,5,8,calibrate:012,calibrate,12
development_repeated_nested_cv,2,5,inner_validation,outer_training_local,5,11,calibrate:016,calibrate,16
development_repeated_nested_cv,2,5,inner_validation,outer_training_local,5,12,calibrate:017,calibrate,17
development_repeated_nested_cv,2,5,inner_validation,outer_training_local,5,14,calibrate:021,calibrate,21
development_repeated_nested_cv,2,5,inner_validation,outer_training_local,5,16,calibrate:023,calibrate,23
development_repeated_nested_cv,2,5,inner_validation,outer_training_local,5,27,calibrate:035,calibrate,35
development_repeated_nested_cv,2,5,inner_validation,outer_training_local,5,35,calibrate:043,calibrate,43
development_repeated_nested_cv,2,5,inner_validation,outer_training_local,5,43,calibrate:052,calibrate,52
development_repeated_nested_cv,2,5,inner_validation,outer_training_local,5,48,calibrate:058,calibrate,58
development_repeated_nested_cv,2,5,inner_validation,outer_training_local,5,52,calibrate:063,calibrate,63
development_repeated_nested_cv,2,5,inner_validation,outer_training_local,5,53,calibrate:064,calibrate,64
development_repeated_nested_cv,2,5,inner_validation,outer_training_local,5,56,calibrate:068,calibrate,68
development_repeated_nested_cv,2,5,inner_validation,outer_training_local,5,59,calibrate:073,calibrate,73
development_repeated_nested_cv,2,5,inner_validation,outer_training_local,5,67,calibrate:086,calibrate,86
development_repeated_nested_cv,2,5,inner_validation,outer_training_local,5,68,calibrate:087,calibrate,87
development_repeated_nested_cv,2,5,inner_validation,outer_training_local,5,72,calibrate:091,calibrate,91
development_repeated_nested_cv,2,5,inner_validation,outer_training_local,5,85,calibrate:108,calibrate,108
development_repeated_nested_cv,2,5,inner_validation,outer_training_local,5,90,calibrate:114,calibrate,114
development_repeated_nested_cv,2,5,inner_validation,outer_training_local,5,98,calibrate:123,calibrate,123
development_repeated_nested_cv,2,5,inner_validation,outer_training_local,5,114,calibrate:145,calibrate,145
development_repeated_nested_cv,2,5,inner_validation,outer_training_local,5,115,calibrate:146,calibrate,146
development_repeated_nested_cv,2,5,inner_validation,outer_training_local,5,119,calibrate:151,calibrate,151
development_repeated_nested_cv,2,5,inner_validation,outer_training_local,5,121,calibrate:153,calibrate,153
development_repeated_nested_cv,2,5,inner_validation,outer_training_local,5,123,calibrate:155,calibrate,155
development_repeated_nested_cv,2,5,inner_validation,outer_training_local,5,124,validate:001,validate,1
development_repeated_nested_cv,2,5,inner_validation,outer_training_local,5,133,validate:012,validate,12
development_repeated_nested_cv,2,5,inner_validation,outer_training_local,5,135,validate:014,validate,14
development_repeated_nested_cv,2,5,inner_validation,outer_training_local,5,136,validate:015,validate,15
development_repeated_nested_cv,2,5,inner_validation,outer_training_local,5,137,validate:017,validate,17
development_repeated_nested_cv,2,5,inner_validation,outer_training_local,5,140,validate:020,validate,20
development_repeated_nested_cv,3,1,inner_validation,outer_training_local,1,6,calibrate:009,calibrate,9
development_repeated_nested_cv,3,1,inner_validation,outer_training_local,1,8,calibrate:011,calibrate,11
development_repeated_nested_cv,3,1,inner_validation,outer_training_local,1,11,calibrate:015,calibrate,15
development_repeated_nested_cv,3,1,inner_validation,outer_training_local,1,12,calibrate:016,calibrate,16
development_repeated_nested_cv,3,1,inner_validation,outer_training_local,1,15,calibrate:019,calibrate,19
development_repeated_nested_cv,3,1,inner_validation,outer_training_local,1,20,calibrate:026,calibrate,26
development_repeated_nested_cv,3,1,inner_validation,outer_training_local,1,30,calibrate:036,calibrate,36
development_repeated_nested_cv,3,1,inner_validation,outer_training_local,1,35,calibrate:044,calibrate,44
development_repeated_nested_cv,3,1,inner_validation,outer_training_local,1,39,calibrate:048,calibrate,48
development_repeated_nested_cv,3,1,inner_validation,outer_training_local,1,42,calibrate:051,calibrate,51
development_repeated_nested_cv,3,1,inner_validation,outer_training_local,1,51,calibrate:060,calibrate,60
development_repeated_nested_cv,3,1,inner_validation,outer_training_local,1,59,calibrate:068,calibrate,68
development_repeated_nested_cv,3,1,inner_validation,outer_training_local,1,60,calibrate:069,calibrate,69
development_repeated_nested_cv,3,1,inner_validation,outer_training_local,1,62,calibrate:071,calibrate,71
development_repeated_nested_cv,3,1,inner_validation,outer_training_local,1,65,calibrate:075,calibrate,75
development_repeated_nested_cv,3,1,inner_validation,outer_training_local,1,69,calibrate:080,calibrate,80
development_repeated_nested_cv,3,1,inner_validation,outer_training_local,1,82,calibrate:097,calibrate,97
development_repeated_nested_cv,3,1,inner_validation,outer_training_local,1,85,calibrate:102,calibrate,102
development_repeated_nested_cv,3,1,inner_validation,outer_training_local,1,92,calibrate:114,calibrate,114
development_repeated_nested_cv,3,1,inner_validation,outer_training_local,1,94,calibrate:117,calibrate,117
development_repeated_nested_cv,3,1,inner_validation,outer_training_local,1,103,calibrate:130,calibrate,130
development_repeated_nested_cv,3,1,inner_validation,outer_training_local,1,107,calibrate:134,calibrate,134
development_repeated_nested_cv,3,1,inner_validation,outer_training_local,1,110,calibrate:138,calibrate,138
development_repeated_nested_cv,3,1,inner_validation,outer_training_local,1,119,calibrate:151,calibrate,151
development_repeated_nested_cv,3,1,inner_validation,outer_training_local,1,121,calibrate:153,calibrate,153
development_repeated_nested_cv,3,1,inner_validation,outer_training_local,1,126,validate:003,validate,3
development_repeated_nested_cv,3,1,inner_validation,outer_training_local,1,131,validate:009,validate,9
development_repeated_nested_cv,3,1,inner_validation,outer_training_local,1,134,validate:013,validate,13
development_repeated_nested_cv,3,1,inner_validation,outer_training_local,1,136,validate:016,validate,16
development_repeated_nested_cv,3,1,inner_validation,outer_training_local,1,146,validate:028,validate,28
development_repeated_nested_cv,3,1,inner_validation,outer_training_local,1,148,validate:032,validate,32
development_repeated_nested_cv,3,1,inner_validation,outer_training_local,2,3,calibrate:004,calibrate,4
development_repeated_nested_cv,3,1,inner_validation,outer_training_local,2,10,calibrate:013,calibrate,13
development_repeated_nested_cv,3,1,inner_validation,outer_training_local,2,14,calibrate:018,calibrate,18
development_repeated_nested_cv,3,1,inner_validation,outer_training_local,2,21,calibrate:027,calibrate,27
development_repeated_nested_cv,3,1,inner_validation,outer_training_local,2,23,calibrate:029,calibrate,29
development_repeated_nested_cv,3,1,inner_validation,outer_training_local,2,36,calibrate:045,calibrate,45
development_repeated_nested_cv,3,1,inner_validation,outer_training_local,2,37,calibrate:046,calibrate,46
development_repeated_nested_cv,3,1,inner_validation,outer_training_local,2,38,calibrate:047,calibrate,47
development_repeated_nested_cv,3,1,inner_validation,outer_training_local,2,41,calibrate:050,calibrate,50
development_repeated_nested_cv,3,1,inner_validation,outer_training_local,2,43,calibrate:052,calibrate,52
development_repeated_nested_cv,3,1,inner_validation,outer_training_local,2,54,calibrate:063,calibrate,63
development_repeated_nested_cv,3,1,inner_validation,outer_training_local,2,56,calibrate:065,calibrate,65
development_repeated_nested_cv,3,1,inner_validation,outer_training_local,2,63,calibrate:072,calibrate,72
development_repeated_nested_cv,3,1,inner_validation,outer_training_local,2,68,calibrate:079,calibrate,79
development_repeated_nested_cv,3,1,inner_validation,outer_training_local,2,70,calibrate:081,calibrate,81
development_repeated_nested_cv,3,1,inner_validation,outer_training_local,2,81,calibrate:096,calibrate,96
development_repeated_nested_cv,3,1,inner_validation,outer_training_local,2,84,calibrate:101,calibrate,101
development_repeated_nested_cv,3,1,inner_validation,outer_training_local,2,93,calibrate:115,calibrate,115
development_repeated_nested_cv,3,1,inner_validation,outer_training_local,2,96,calibrate:121,calibrate,121
development_repeated_nested_cv,3,1,inner_validation,outer_training_local,2,100,calibrate:127,calibrate,127
development_repeated_nested_cv,3,1,inner_validation,outer_training_local,2,104,calibrate:131,calibrate,131
development_repeated_nested_cv,3,1,inner_validation,outer_training_local,2,108,calibrate:135,calibrate,135
development_repeated_nested_cv,3,1,inner_validation,outer_training_local,2,111,calibrate:140,calibrate,140
development_repeated_nested_cv,3,1,inner_validation,outer_training_local,2,112,calibrate:141,calibrate,141
development_repeated_nested_cv,3,1,inner_validation,outer_training_local,2,120,calibrate:152,calibrate,152
development_repeated_nested_cv,3,1,inner_validation,outer_training_local,2,124,validate:001,validate,1
development_repeated_nested_cv,3,1,inner_validation,outer_training_local,2,127,validate:005,validate,5
development_repeated_nested_cv,3,1,inner_validation,outer_training_local,2,137,validate:017,validate,17
development_repeated_nested_cv,3,1,inner_validation,outer_training_local,2,144,validate:024,validate,24
development_repeated_nested_cv,3,1,inner_validation,outer_training_local,2,152,validate:037,validate,37
development_repeated_nested_cv,3,1,inner_validation,outer_training_local,2,154,validate:039,validate,39
development_repeated_nested_cv,3,1,inner_validation,outer_training_local,3,0,calibrate:001,calibrate,1
development_repeated_nested_cv,3,1,inner_validation,outer_training_local,3,4,calibrate:006,calibrate,6
development_repeated_nested_cv,3,1,inner_validation,outer_training_local,3,9,calibrate:012,calibrate,12
development_repeated_nested_cv,3,1,inner_validation,outer_training_local,3,17,calibrate:023,calibrate,23
development_repeated_nested_cv,3,1,inner_validation,outer_training_local,3,24,calibrate:030,calibrate,30
development_repeated_nested_cv,3,1,inner_validation,outer_training_local,3,27,calibrate:033,calibrate,33
development_repeated_nested_cv,3,1,inner_validation,outer_training_local,3,28,calibrate:034,calibrate,34
development_repeated_nested_cv,3,1,inner_validation,outer_training_local,3,45,calibrate:054,calibrate,54
development_repeated_nested_cv,3,1,inner_validation,outer_training_local,3,46,calibrate:055,calibrate,55
development_repeated_nested_cv,3,1,inner_validation,outer_training_local,3,49,calibrate:058,calibrate,58
development_repeated_nested_cv,3,1,inner_validation,outer_training_local,3,55,calibrate:064,calibrate,64
development_repeated_nested_cv,3,1,inner_validation,outer_training_local,3,61,calibrate:070,calibrate,70
development_repeated_nested_cv,3,1,inner_validation,outer_training_local,3,64,calibrate:074,calibrate,74
development_repeated_nested_cv,3,1,inner_validation,outer_training_local,3,71,calibrate:082,calibrate,82
development_repeated_nested_cv,3,1,inner_validation,outer_training_local,3,73,calibrate:084,calibrate,84
development_repeated_nested_cv,3,1,inner_validation,outer_training_local,3,78,calibrate:092,calibrate,92
development_repeated_nested_cv,3,1,inner_validation,outer_training_local,3,79,calibrate:093,calibrate,93
development_repeated_nested_cv,3,1,inner_validation,outer_training_local,3,80,calibrate:094,calibrate,94
development_repeated_nested_cv,3,1,inner_validation,outer_training_local,3,87,calibrate:104,calibrate,104
development_repeated_nested_cv,3,1,inner_validation,outer_training_local,3,90,calibrate:111,calibrate,111
development_repeated_nested_cv,3,1,inner_validation,outer_training_local,3,97,calibrate:122,calibrate,122
development_repeated_nested_cv,3,1,inner_validation,outer_training_local,3,99,calibrate:126,calibrate,126
development_repeated_nested_cv,3,1,inner_validation,outer_training_local,3,106,calibrate:133,calibrate,133
development_repeated_nested_cv,3,1,inner_validation,outer_training_local,3,114,calibrate:143,calibrate,143
development_repeated_nested_cv,3,1,inner_validation,outer_training_local,3,115,calibrate:144,calibrate,144
development_repeated_nested_cv,3,1,inner_validation,outer_training_local,3,125,validate:002,validate,2
development_repeated_nested_cv,3,1,inner_validation,outer_training_local,3,140,validate:020,validate,20
development_repeated_nested_cv,3,1,inner_validation,outer_training_local,3,141,validate:021,validate,21
development_repeated_nested_cv,3,1,inner_validation,outer_training_local,3,142,validate:022,validate,22
development_repeated_nested_cv,3,1,inner_validation,outer_training_local,3,143,validate:023,validate,23
development_repeated_nested_cv,3,1,inner_validation,outer_training_local,3,151,validate:035,validate,35
development_repeated_nested_cv,3,1,inner_validation,outer_training_local,3,155,validate:040,validate,40
development_repeated_nested_cv,3,1,inner_validation,outer_training_local,4,2,calibrate:003,calibrate,3
development_repeated_nested_cv,3,1,inner_validation,outer_training_local,4,7,calibrate:010,calibrate,10
development_repeated_nested_cv,3,1,inner_validation,outer_training_local,4,22,calibrate:028,calibrate,28
development_repeated_nested_cv,3,1,inner_validation,outer_training_local,4,29,calibrate:035,calibrate,35
development_repeated_nested_cv,3,1,inner_validation,outer_training_local,4,31,calibrate:037,calibrate,37
development_repeated_nested_cv,3,1,inner_validation,outer_training_local,4,32,calibrate:038,calibrate,38
development_repeated_nested_cv,3,1,inner_validation,outer_training_local,4,40,calibrate:049,calibrate,49
development_repeated_nested_cv,3,1,inner_validation,outer_training_local,4,47,calibrate:056,calibrate,56
development_repeated_nested_cv,3,1,inner_validation,outer_training_local,4,48,calibrate:057,calibrate,57
development_repeated_nested_cv,3,1,inner_validation,outer_training_local,4,50,calibrate:059,calibrate,59
development_repeated_nested_cv,3,1,inner_validation,outer_training_local,4,52,calibrate:061,calibrate,61
development_repeated_nested_cv,3,1,inner_validation,outer_training_local,4,57,calibrate:066,calibrate,66
development_repeated_nested_cv,3,1,inner_validation,outer_training_local,4,58,calibrate:067,calibrate,67
development_repeated_nested_cv,3,1,inner_validation,outer_training_local,4,67,calibrate:078,calibrate,78
development_repeated_nested_cv,3,1,inner_validation,outer_training_local,4,74,calibrate:086,calibrate,86
development_repeated_nested_cv,3,1,inner_validation,outer_training_local,4,76,calibrate:088,calibrate,88
development_repeated_nested_cv,3,1,inner_validation,outer_training_local,4,88,calibrate:106,calibrate,106
development_repeated_nested_cv,3,1,inner_validation,outer_training_local,4,89,calibrate:110,calibrate,110
development_repeated_nested_cv,3,1,inner_validation,outer_training_local,4,91,calibrate:112,calibrate,112
development_repeated_nested_cv,3,1,inner_validation,outer_training_local,4,101,calibrate:128,calibrate,128
development_repeated_nested_cv,3,1,inner_validation,outer_training_local,4,105,calibrate:132,calibrate,132
development_repeated_nested_cv,3,1,inner_validation,outer_training_local,4,109,calibrate:137,calibrate,137
development_repeated_nested_cv,3,1,inner_validation,outer_training_local,4,113,calibrate:142,calibrate,142
development_repeated_nested_cv,3,1,inner_validation,outer_training_local,4,117,calibrate:146,calibrate,146
development_repeated_nested_cv,3,1,inner_validation,outer_training_local,4,118,calibrate:147,calibrate,147
development_repeated_nested_cv,3,1,inner_validation,outer_training_local,4,129,validate:007,validate,7
development_repeated_nested_cv,3,1,inner_validation,outer_training_local,4,130,validate:008,validate,8
development_repeated_nested_cv,3,1,inner_validation,outer_training_local,4,133,validate:012,validate,12
development_repeated_nested_cv,3,1,inner_validation,outer_training_local,4,139,validate:019,validate,19
development_repeated_nested_cv,3,1,inner_validation,outer_training_local,4,149,validate:033,validate,33
development_repeated_nested_cv,3,1,inner_validation,outer_training_local,4,153,validate:038,validate,38
development_repeated_nested_cv,3,1,inner_validation,outer_training_local,5,1,calibrate:002,calibrate,2
development_repeated_nested_cv,3,1,inner_validation,outer_training_local,5,5,calibrate:008,calibrate,8
development_repeated_nested_cv,3,1,inner_validation,outer_training_local,5,13,calibrate:017,calibrate,17
development_repeated_nested_cv,3,1,inner_validation,outer_training_local,5,16,calibrate:021,calibrate,21
development_repeated_nested_cv,3,1,inner_validation,outer_training_local,5,18,calibrate:024,calibrate,24
development_repeated_nested_cv,3,1,inner_validation,outer_training_local,5,19,calibrate:025,calibrate,25
development_repeated_nested_cv,3,1,inner_validation,outer_training_local,5,25,calibrate:031,calibrate,31
development_repeated_nested_cv,3,1,inner_validation,outer_training_local,5,26,calibrate:032,calibrate,32
development_repeated_nested_cv,3,1,inner_validation,outer_training_local,5,33,calibrate:039,calibrate,39
development_repeated_nested_cv,3,1,inner_validation,outer_training_local,5,34,calibrate:040,calibrate,40
development_repeated_nested_cv,3,1,inner_validation,outer_training_local,5,44,calibrate:053,calibrate,53
development_repeated_nested_cv,3,1,inner_validation,outer_training_local,5,53,calibrate:062,calibrate,62
development_repeated_nested_cv,3,1,inner_validation,outer_training_local,5,66,calibrate:077,calibrate,77
development_repeated_nested_cv,3,1,inner_validation,outer_training_local,5,72,calibrate:083,calibrate,83
development_repeated_nested_cv,3,1,inner_validation,outer_training_local,5,75,calibrate:087,calibrate,87
development_repeated_nested_cv,3,1,inner_validation,outer_training_local,5,77,calibrate:089,calibrate,89
development_repeated_nested_cv,3,1,inner_validation,outer_training_local,5,83,calibrate:100,calibrate,100
development_repeated_nested_cv,3,1,inner_validation,outer_training_local,5,86,calibrate:103,calibrate,103
development_repeated_nested_cv,3,1,inner_validation,outer_training_local,5,95,calibrate:118,calibrate,118
development_repeated_nested_cv,3,1,inner_validation,outer_training_local,5,98,calibrate:123,calibrate,123
development_repeated_nested_cv,3,1,inner_validation,outer_training_local,5,102,calibrate:129,calibrate,129
development_repeated_nested_cv,3,1,inner_validation,outer_training_local,5,116,calibrate:145,calibrate,145
development_repeated_nested_cv,3,1,inner_validation,outer_training_local,5,122,calibrate:154,calibrate,154
development_repeated_nested_cv,3,1,inner_validation,outer_training_local,5,123,calibrate:155,calibrate,155
development_repeated_nested_cv,3,1,inner_validation,outer_training_local,5,128,validate:006,validate,6
development_repeated_nested_cv,3,1,inner_validation,outer_training_local,5,132,validate:011,validate,11
development_repeated_nested_cv,3,1,inner_validation,outer_training_local,5,135,validate:014,validate,14
development_repeated_nested_cv,3,1,inner_validation,outer_training_local,5,138,validate:018,validate,18
development_repeated_nested_cv,3,1,inner_validation,outer_training_local,5,145,validate:026,validate,26
development_repeated_nested_cv,3,1,inner_validation,outer_training_local,5,147,validate:029,validate,29
development_repeated_nested_cv,3,1,inner_validation,outer_training_local,5,150,validate:034,validate,34
development_repeated_nested_cv,3,2,inner_validation,outer_training_local,1,3,calibrate:006,calibrate,6
development_repeated_nested_cv,3,2,inner_validation,outer_training_local,1,16,calibrate:026,calibrate,26
development_repeated_nested_cv,3,2,inner_validation,outer_training_local,1,18,calibrate:029,calibrate,29
development_repeated_nested_cv,3,2,inner_validation,outer_training_local,1,21,calibrate:032,calibrate,32
development_repeated_nested_cv,3,2,inner_validation,outer_training_local,1,22,calibrate:033,calibrate,33
development_repeated_nested_cv,3,2,inner_validation,outer_training_local,1,29,calibrate:041,calibrate,41
development_repeated_nested_cv,3,2,inner_validation,outer_training_local,1,32,calibrate:044,calibrate,44
development_repeated_nested_cv,3,2,inner_validation,outer_training_local,1,37,calibrate:050,calibrate,50
development_repeated_nested_cv,3,2,inner_validation,outer_training_local,1,46,calibrate:062,calibrate,62
development_repeated_nested_cv,3,2,inner_validation,outer_training_local,1,53,calibrate:071,calibrate,71
development_repeated_nested_cv,3,2,inner_validation,outer_training_local,1,59,calibrate:077,calibrate,77
development_repeated_nested_cv,3,2,inner_validation,outer_training_local,1,60,calibrate:078,calibrate,78
development_repeated_nested_cv,3,2,inner_validation,outer_training_local,1,64,calibrate:084,calibrate,84
development_repeated_nested_cv,3,2,inner_validation,outer_training_local,1,76,calibrate:098,calibrate,98
development_repeated_nested_cv,3,2,inner_validation,outer_training_local,1,77,calibrate:099,calibrate,99
development_repeated_nested_cv,3,2,inner_validation,outer_training_local,1,83,calibrate:106,calibrate,106
development_repeated_nested_cv,3,2,inner_validation,outer_training_local,1,85,calibrate:108,calibrate,108
development_repeated_nested_cv,3,2,inner_validation,outer_training_local,1,89,calibrate:114,calibrate,114
development_repeated_nested_cv,3,2,inner_validation,outer_training_local,1,90,calibrate:115,calibrate,115
development_repeated_nested_cv,3,2,inner_validation,outer_training_local,1,93,calibrate:119,calibrate,119
development_repeated_nested_cv,3,2,inner_validation,outer_training_local,1,101,calibrate:130,calibrate,130
development_repeated_nested_cv,3,2,inner_validation,outer_training_local,1,106,calibrate:135,calibrate,135
development_repeated_nested_cv,3,2,inner_validation,outer_training_local,1,112,calibrate:144,calibrate,144
development_repeated_nested_cv,3,2,inner_validation,outer_training_local,1,113,calibrate:145,calibrate,145
development_repeated_nested_cv,3,2,inner_validation,outer_training_local,1,120,calibrate:152,calibrate,152
development_repeated_nested_cv,3,2,inner_validation,outer_training_local,1,125,validate:003,validate,3
development_repeated_nested_cv,3,2,inner_validation,outer_training_local,1,127,validate:005,validate,5
development_repeated_nested_cv,3,2,inner_validation,outer_training_local,1,130,validate:009,validate,9
development_repeated_nested_cv,3,2,inner_validation,outer_training_local,1,133,validate:014,validate,14
development_repeated_nested_cv,3,2,inner_validation,outer_training_local,1,135,validate:017,validate,17
development_repeated_nested_cv,3,2,inner_validation,outer_training_local,1,140,validate:022,validate,22
development_repeated_nested_cv,3,2,inner_validation,outer_training_local,2,0,calibrate:001,calibrate,1
development_repeated_nested_cv,3,2,inner_validation,outer_training_local,2,1,calibrate:004,calibrate,4
development_repeated_nested_cv,3,2,inner_validation,outer_training_local,2,5,calibrate:009,calibrate,9
development_repeated_nested_cv,3,2,inner_validation,outer_training_local,2,11,calibrate:017,calibrate,17
development_repeated_nested_cv,3,2,inner_validation,outer_training_local,2,13,calibrate:021,calibrate,21
development_repeated_nested_cv,3,2,inner_validation,outer_training_local,2,17,calibrate:027,calibrate,27
development_repeated_nested_cv,3,2,inner_validation,outer_training_local,2,25,calibrate:036,calibrate,36
development_repeated_nested_cv,3,2,inner_validation,outer_training_local,2,27,calibrate:039,calibrate,39
development_repeated_nested_cv,3,2,inner_validation,outer_training_local,2,28,calibrate:040,calibrate,40
development_repeated_nested_cv,3,2,inner_validation,outer_training_local,2,34,calibrate:046,calibrate,46
development_repeated_nested_cv,3,2,inner_validation,outer_training_local,2,36,calibrate:048,calibrate,48
development_repeated_nested_cv,3,2,inner_validation,outer_training_local,2,39,calibrate:052,calibrate,52
development_repeated_nested_cv,3,2,inner_validation,outer_training_local,2,41,calibrate:055,calibrate,55
development_repeated_nested_cv,3,2,inner_validation,outer_training_local,2,44,calibrate:060,calibrate,60
development_repeated_nested_cv,3,2,inner_validation,outer_training_local,2,48,calibrate:064,calibrate,64
development_repeated_nested_cv,3,2,inner_validation,outer_training_local,2,49,calibrate:066,calibrate,66
development_repeated_nested_cv,3,2,inner_validation,outer_training_local,2,55,calibrate:073,calibrate,73
development_repeated_nested_cv,3,2,inner_validation,outer_training_local,2,63,calibrate:081,calibrate,81
development_repeated_nested_cv,3,2,inner_validation,outer_training_local,2,84,calibrate:107,calibrate,107
development_repeated_nested_cv,3,2,inner_validation,outer_training_local,2,86,calibrate:109,calibrate,109
development_repeated_nested_cv,3,2,inner_validation,outer_training_local,2,88,calibrate:113,calibrate,113
development_repeated_nested_cv,3,2,inner_validation,outer_training_local,2,98,calibrate:126,calibrate,126
development_repeated_nested_cv,3,2,inner_validation,outer_training_local,2,103,calibrate:132,calibrate,132
development_repeated_nested_cv,3,2,inner_validation,outer_training_local,2,105,calibrate:134,calibrate,134
development_repeated_nested_cv,3,2,inner_validation,outer_training_local,2,110,calibrate:141,calibrate,141
development_repeated_nested_cv,3,2,inner_validation,outer_training_local,2,126,validate:004,validate,4
development_repeated_nested_cv,3,2,inner_validation,outer_training_local,2,128,validate:006,validate,6
development_repeated_nested_cv,3,2,inner_validation,outer_training_local,2,139,validate:021,validate,21
development_repeated_nested_cv,3,2,inner_validation,outer_training_local,2,142,validate:024,validate,24
development_repeated_nested_cv,3,2,inner_validation,outer_training_local,2,143,validate:025,validate,25
development_repeated_nested_cv,3,2,inner_validation,outer_training_local,2,148,validate:032,validate,32
development_repeated_nested_cv,3,2,inner_validation,outer_training_local,2,155,validate:040,validate,40
development_repeated_nested_cv,3,2,inner_validation,outer_training_local,3,8,calibrate:013,calibrate,13
development_repeated_nested_cv,3,2,inner_validation,outer_training_local,3,10,calibrate:015,calibrate,15
development_repeated_nested_cv,3,2,inner_validation,outer_training_local,3,14,calibrate:022,calibrate,22
development_repeated_nested_cv,3,2,inner_validation,outer_training_local,3,20,calibrate:031,calibrate,31
development_repeated_nested_cv,3,2,inner_validation,outer_training_local,3,23,calibrate:034,calibrate,34
development_repeated_nested_cv,3,2,inner_validation,outer_training_local,3,31,calibrate:043,calibrate,43
development_repeated_nested_cv,3,2,inner_validation,outer_training_local,3,38,calibrate:051,calibrate,51
development_repeated_nested_cv,3,2,inner_validation,outer_training_local,3,40,calibrate:054,calibrate,54
development_repeated_nested_cv,3,2,inner_validation,outer_training_local,3,43,calibrate:058,calibrate,58
development_repeated_nested_cv,3,2,inner_validation,outer_training_local,3,45,calibrate:061,calibrate,61
development_repeated_nested_cv,3,2,inner_validation,outer_training_local,3,54,calibrate:072,calibrate,72
development_repeated_nested_cv,3,2,inner_validation,outer_training_local,3,56,calibrate:074,calibrate,74
development_repeated_nested_cv,3,2,inner_validation,outer_training_local,3,57,calibrate:075,calibrate,75
development_repeated_nested_cv,3,2,inner_validation,outer_training_local,3,58,calibrate:076,calibrate,76
development_repeated_nested_cv,3,2,inner_validation,outer_training_local,3,70,calibrate:091,calibrate,91
development_repeated_nested_cv,3,2,inner_validation,outer_training_local,3,73,calibrate:094,calibrate,94
development_repeated_nested_cv,3,2,inner_validation,outer_training_local,3,75,calibrate:096,calibrate,96
development_repeated_nested_cv,3,2,inner_validation,outer_training_local,3,79,calibrate:101,calibrate,101
development_repeated_nested_cv,3,2,inner_validation,outer_training_local,3,95,calibrate:121,calibrate,121
development_repeated_nested_cv,3,2,inner_validation,outer_training_local,3,99,calibrate:127,calibrate,127
development_repeated_nested_cv,3,2,inner_validation,outer_training_local,3,115,calibrate:147,calibrate,147
development_repeated_nested_cv,3,2,inner_validation,outer_training_local,3,116,calibrate:148,calibrate,148
development_repeated_nested_cv,3,2,inner_validation,outer_training_local,3,117,calibrate:149,calibrate,149
development_repeated_nested_cv,3,2,inner_validation,outer_training_local,3,119,calibrate:151,calibrate,151
development_repeated_nested_cv,3,2,inner_validation,outer_training_local,3,129,validate:008,validate,8
development_repeated_nested_cv,3,2,inner_validation,outer_training_local,3,136,validate:018,validate,18
development_repeated_nested_cv,3,2,inner_validation,outer_training_local,3,137,validate:019,validate,19
development_repeated_nested_cv,3,2,inner_validation,outer_training_local,3,150,validate:034,validate,34
development_repeated_nested_cv,3,2,inner_validation,outer_training_local,3,152,validate:036,validate,36
development_repeated_nested_cv,3,2,inner_validation,outer_training_local,3,153,validate:037,validate,37
development_repeated_nested_cv,3,2,inner_validation,outer_training_local,4,6,calibrate:011,calibrate,11
development_repeated_nested_cv,3,2,inner_validation,outer_training_local,4,7,calibrate:012,calibrate,12
development_repeated_nested_cv,3,2,inner_validation,outer_training_local,4,12,calibrate:020,calibrate,20
development_repeated_nested_cv,3,2,inner_validation,outer_training_local,4,26,calibrate:037,calibrate,37
development_repeated_nested_cv,3,2,inner_validation,outer_training_local,4,33,calibrate:045,calibrate,45
development_repeated_nested_cv,3,2,inner_validation,outer_training_local,4,47,calibrate:063,calibrate,63
development_repeated_nested_cv,3,2,inner_validation,outer_training_local,4,50,calibrate:067,calibrate,67
development_repeated_nested_cv,3,2,inner_validation,outer_training_local,4,51,calibrate:069,calibrate,69
development_repeated_nested_cv,3,2,inner_validation,outer_training_local,4,62,calibrate:080,calibrate,80
development_repeated_nested_cv,3,2,inner_validation,outer_training_local,4,66,calibrate:086,calibrate,86
development_repeated_nested_cv,3,2,inner_validation,outer_training_local,4,67,calibrate:087,calibrate,87
development_repeated_nested_cv,3,2,inner_validation,outer_training_local,4,69,calibrate:090,calibrate,90
development_repeated_nested_cv,3,2,inner_validation,outer_training_local,4,71,calibrate:092,calibrate,92
development_repeated_nested_cv,3,2,inner_validation,outer_training_local,4,78,calibrate:100,calibrate,100
development_repeated_nested_cv,3,2,inner_validation,outer_training_local,4,80,calibrate:102,calibrate,102
development_repeated_nested_cv,3,2,inner_validation,outer_training_local,4,82,calibrate:105,calibrate,105
development_repeated_nested_cv,3,2,inner_validation,outer_training_local,4,87,calibrate:111,calibrate,111
development_repeated_nested_cv,3,2,inner_validation,outer_training_local,4,97,calibrate:125,calibrate,125
development_repeated_nested_cv,3,2,inner_validation,outer_training_local,4,100,calibrate:129,calibrate,129
development_repeated_nested_cv,3,2,inner_validation,outer_training_local,4,104,calibrate:133,calibrate,133
development_repeated_nested_cv,3,2,inner_validation,outer_training_local,4,109,calibrate:140,calibrate,140
development_repeated_nested_cv,3,2,inner_validation,outer_training_local,4,111,calibrate:142,calibrate,142
development_repeated_nested_cv,3,2,inner_validation,outer_training_local,4,114,calibrate:146,calibrate,146
development_repeated_nested_cv,3,2,inner_validation,outer_training_local,4,121,calibrate:153,calibrate,153
development_repeated_nested_cv,3,2,inner_validation,outer_training_local,4,122,calibrate:154,calibrate,154
development_repeated_nested_cv,3,2,inner_validation,outer_training_local,4,124,validate:001,validate,1
development_repeated_nested_cv,3,2,inner_validation,outer_training_local,4,131,validate:010,validate,10
development_repeated_nested_cv,3,2,inner_validation,outer_training_local,4,134,validate:015,validate,15
development_repeated_nested_cv,3,2,inner_validation,outer_training_local,4,141,validate:023,validate,23
development_repeated_nested_cv,3,2,inner_validation,outer_training_local,4,151,validate:035,validate,35
development_repeated_nested_cv,3,2,inner_validation,outer_training_local,4,154,validate:039,validate,39
development_repeated_nested_cv,3,2,inner_validation,outer_training_local,5,2,calibrate:005,calibrate,5
development_repeated_nested_cv,3,2,inner_validation,outer_training_local,5,4,calibrate:007,calibrate,7
development_repeated_nested_cv,3,2,inner_validation,outer_training_local,5,9,calibrate:014,calibrate,14
development_repeated_nested_cv,3,2,inner_validation,outer_training_local,5,15,calibrate:025,calibrate,25
development_repeated_nested_cv,3,2,inner_validation,outer_training_local,5,19,calibrate:030,calibrate,30
development_repeated_nested_cv,3,2,inner_validation,outer_training_local,5,24,calibrate:035,calibrate,35
development_repeated_nested_cv,3,2,inner_validation,outer_training_local,5,30,calibrate:042,calibrate,42
development_repeated_nested_cv,3,2,inner_validation,outer_training_local,5,35,calibrate:047,calibrate,47
development_repeated_nested_cv,3,2,inner_validation,outer_training_local,5,42,calibrate:057,calibrate,57
development_repeated_nested_cv,3,2,inner_validation,outer_training_local,5,52,calibrate:070,calibrate,70
development_repeated_nested_cv,3,2,inner_validation,outer_training_local,5,61,calibrate:079,calibrate,79
development_repeated_nested_cv,3,2,inner_validation,outer_training_local,5,65,calibrate:085,calibrate,85
development_repeated_nested_cv,3,2,inner_validation,outer_training_local,5,68,calibrate:088,calibrate,88
development_repeated_nested_cv,3,2,inner_validation,outer_training_local,5,72,calibrate:093,calibrate,93
development_repeated_nested_cv,3,2,inner_validation,outer_training_local,5,74,calibrate:095,calibrate,95
development_repeated_nested_cv,3,2,inner_validation,outer_training_local,5,81,calibrate:103,calibrate,103
development_repeated_nested_cv,3,2,inner_validation,outer_training_local,5,91,calibrate:116,calibrate,116
development_repeated_nested_cv,3,2,inner_validation,outer_training_local,5,92,calibrate:117,calibrate,117
development_repeated_nested_cv,3,2,inner_validation,outer_training_local,5,94,calibrate:120,calibrate,120
development_repeated_nested_cv,3,2,inner_validation,outer_training_local,5,96,calibrate:124,calibrate,124
development_repeated_nested_cv,3,2,inner_validation,outer_training_local,5,102,calibrate:131,calibrate,131
development_repeated_nested_cv,3,2,inner_validation,outer_training_local,5,107,calibrate:136,calibrate,136
development_repeated_nested_cv,3,2,inner_validation,outer_training_local,5,108,calibrate:139,calibrate,139
development_repeated_nested_cv,3,2,inner_validation,outer_training_local,5,118,calibrate:150,calibrate,150
development_repeated_nested_cv,3,2,inner_validation,outer_training_local,5,123,calibrate:155,calibrate,155
development_repeated_nested_cv,3,2,inner_validation,outer_training_local,5,132,validate:011,validate,11
development_repeated_nested_cv,3,2,inner_validation,outer_training_local,5,138,validate:020,validate,20
development_repeated_nested_cv,3,2,inner_validation,outer_training_local,5,144,validate:026,validate,26
development_repeated_nested_cv,3,2,inner_validation,outer_training_local,5,145,validate:027,validate,27
development_repeated_nested_cv,3,2,inner_validation,outer_training_local,5,146,validate:030,validate,30
development_repeated_nested_cv,3,2,inner_validation,outer_training_local,5,147,validate:031,validate,31
development_repeated_nested_cv,3,2,inner_validation,outer_training_local,5,149,validate:033,validate,33
development_repeated_nested_cv,3,3,inner_validation,outer_training_local,1,8,calibrate:010,calibrate,10
development_repeated_nested_cv,3,3,inner_validation,outer_training_local,1,12,calibrate:016,calibrate,16
development_repeated_nested_cv,3,3,inner_validation,outer_training_local,1,24,calibrate:032,calibrate,32
development_repeated_nested_cv,3,3,inner_validation,outer_training_local,1,28,calibrate:038,calibrate,38
development_repeated_nested_cv,3,3,inner_validation,outer_training_local,1,37,calibrate:049,calibrate,49
development_repeated_nested_cv,3,3,inner_validation,outer_training_local,1,40,calibrate:053,calibrate,53
development_repeated_nested_cv,3,3,inner_validation,outer_training_local,1,41,calibrate:054,calibrate,54
development_repeated_nested_cv,3,3,inner_validation,outer_training_local,1,44,calibrate:058,calibrate,58
development_repeated_nested_cv,3,3,inner_validation,outer_training_local,1,45,calibrate:059,calibrate,59
development_repeated_nested_cv,3,3,inner_validation,outer_training_local,1,47,calibrate:063,calibrate,63
development_repeated_nested_cv,3,3,inner_validation,outer_training_local,1,50,calibrate:067,calibrate,67
development_repeated_nested_cv,3,3,inner_validation,outer_training_local,1,51,calibrate:068,calibrate,68
development_repeated_nested_cv,3,3,inner_validation,outer_training_local,1,52,calibrate:069,calibrate,69
development_repeated_nested_cv,3,3,inner_validation,outer_training_local,1,60,calibrate:078,calibrate,78
development_repeated_nested_cv,3,3,inner_validation,outer_training_local,1,81,calibrate:104,calibrate,104
development_repeated_nested_cv,3,3,inner_validation,outer_training_local,1,84,calibrate:107,calibrate,107
development_repeated_nested_cv,3,3,inner_validation,outer_training_local,1,89,calibrate:112,calibrate,112
development_repeated_nested_cv,3,3,inner_validation,outer_training_local,1,94,calibrate:117,calibrate,117
development_repeated_nested_cv,3,3,inner_validation,outer_training_local,1,97,calibrate:120,calibrate,120
development_repeated_nested_cv,3,3,inner_validation,outer_training_local,1,101,calibrate:124,calibrate,124
development_repeated_nested_cv,3,3,inner_validation,outer_training_local,1,108,calibrate:137,calibrate,137
development_repeated_nested_cv,3,3,inner_validation,outer_training_local,1,110,calibrate:139,calibrate,139
development_repeated_nested_cv,3,3,inner_validation,outer_training_local,1,116,calibrate:147,calibrate,147
development_repeated_nested_cv,3,3,inner_validation,outer_training_local,1,117,calibrate:148,calibrate,148
development_repeated_nested_cv,3,3,inner_validation,outer_training_local,1,122,calibrate:154,calibrate,154
development_repeated_nested_cv,3,3,inner_validation,outer_training_local,1,125,validate:002,validate,2
development_repeated_nested_cv,3,3,inner_validation,outer_training_local,1,128,validate:005,validate,5
development_repeated_nested_cv,3,3,inner_validation,outer_training_local,1,138,validate:016,validate,16
development_repeated_nested_cv,3,3,inner_validation,outer_training_local,1,146,validate:030,validate,30
development_repeated_nested_cv,3,3,inner_validation,outer_training_local,1,151,validate:036,validate,36
development_repeated_nested_cv,3,3,inner_validation,outer_training_local,1,154,validate:039,validate,39
development_repeated_nested_cv,3,3,inner_validation,outer_training_local,2,1,calibrate:002,calibrate,2
development_repeated_nested_cv,3,3,inner_validation,outer_training_local,2,14,calibrate:018,calibrate,18
development_repeated_nested_cv,3,3,inner_validation,outer_training_local,2,15,calibrate:019,calibrate,19
development_repeated_nested_cv,3,3,inner_validation,outer_training_local,2,25,calibrate:034,calibrate,34
development_repeated_nested_cv,3,3,inner_validation,outer_training_local,2,29,calibrate:039,calibrate,39
development_repeated_nested_cv,3,3,inner_validation,outer_training_local,2,31,calibrate:041,calibrate,41
development_repeated_nested_cv,3,3,inner_validation,outer_training_local,2,35,calibrate:045,calibrate,45
development_repeated_nested_cv,3,3,inner_validation,outer_training_local,2,36,calibrate:046,calibrate,46
development_repeated_nested_cv,3,3,inner_validation,outer_training_local,2,56,calibrate:073,calibrate,73
development_repeated_nested_cv,3,3,inner_validation,outer_training_local,2,59,calibrate:077,calibrate,77
development_repeated_nested_cv,3,3,inner_validation,outer_training_local,2,66,calibrate:085,calibrate,85
development_repeated_nested_cv,3,3,inner_validation,outer_training_local,2,67,calibrate:086,calibrate,86
development_repeated_nested_cv,3,3,inner_validation,outer_training_local,2,70,calibrate:090,calibrate,90
development_repeated_nested_cv,3,3,inner_validation,outer_training_local,2,72,calibrate:092,calibrate,92
development_repeated_nested_cv,3,3,inner_validation,outer_training_local,2,74,calibrate:096,calibrate,96
development_repeated_nested_cv,3,3,inner_validation,outer_training_local,2,77,calibrate:099,calibrate,99
development_repeated_nested_cv,3,3,inner_validation,outer_training_local,2,78,calibrate:100,calibrate,100
development_repeated_nested_cv,3,3,inner_validation,outer_training_local,2,88,calibrate:111,calibrate,111
development_repeated_nested_cv,3,3,inner_validation,outer_training_local,2,93,calibrate:116,calibrate,116
development_repeated_nested_cv,3,3,inner_validation,outer_training_local,2,98,calibrate:121,calibrate,121
development_repeated_nested_cv,3,3,inner_validation,outer_training_local,2,104,calibrate:128,calibrate,128
development_repeated_nested_cv,3,3,inner_validation,outer_training_local,2,106,calibrate:135,calibrate,135
development_repeated_nested_cv,3,3,inner_validation,outer_training_local,2,107,calibrate:136,calibrate,136
development_repeated_nested_cv,3,3,inner_validation,outer_training_local,2,113,calibrate:143,calibrate,143
development_repeated_nested_cv,3,3,inner_validation,outer_training_local,2,120,calibrate:151,calibrate,151
development_repeated_nested_cv,3,3,inner_validation,outer_training_local,2,136,validate:013,validate,13
development_repeated_nested_cv,3,3,inner_validation,outer_training_local,2,137,validate:015,validate,15
development_repeated_nested_cv,3,3,inner_validation,outer_training_local,2,141,validate:025,validate,25
development_repeated_nested_cv,3,3,inner_validation,outer_training_local,2,142,validate:026,validate,26
development_repeated_nested_cv,3,3,inner_validation,outer_training_local,2,147,validate:031,validate,31
development_repeated_nested_cv,3,3,inner_validation,outer_training_local,2,155,validate:040,validate,40
development_repeated_nested_cv,3,3,inner_validation,outer_training_local,3,0,calibrate:001,calibrate,1
development_repeated_nested_cv,3,3,inner_validation,outer_training_local,3,3,calibrate:005,calibrate,5
development_repeated_nested_cv,3,3,inner_validation,outer_training_local,3,7,calibrate:009,calibrate,9
development_repeated_nested_cv,3,3,inner_validation,outer_training_local,3,10,calibrate:013,calibrate,13
development_repeated_nested_cv,3,3,inner_validation,outer_training_local,3,13,calibrate:017,calibrate,17
development_repeated_nested_cv,3,3,inner_validation,outer_training_local,3,17,calibrate:022,calibrate,22
development_repeated_nested_cv,3,3,inner_validation,outer_training_local,3,18,calibrate:023,calibrate,23
development_repeated_nested_cv,3,3,inner_validation,outer_training_local,3,19,calibrate:024,calibrate,24
development_repeated_nested_cv,3,3,inner_validation,outer_training_local,3,20,calibrate:026,calibrate,26
development_repeated_nested_cv,3,3,inner_validation,outer_training_local,3,27,calibrate:037,calibrate,37
development_repeated_nested_cv,3,3,inner_validation,outer_training_local,3,33,calibrate:043,calibrate,43
development_repeated_nested_cv,3,3,inner_validation,outer_training_local,3,46,calibrate:061,calibrate,61
development_repeated_nested_cv,3,3,inner_validation,outer_training_local,3,48,calibrate:064,calibrate,64
development_repeated_nested_cv,3,3,inner_validation,outer_training_local,3,49,calibrate:065,calibrate,65
development_repeated_nested_cv,3,3,inner_validation,outer_training_local,3,61,calibrate:080,calibrate,80
development_repeated_nested_cv,3,3,inner_validation,outer_training_local,3,62,calibrate:081,calibrate,81
development_repeated_nested_cv,3,3,inner_validation,outer_training_local,3,65,calibrate:084,calibrate,84
development_repeated_nested_cv,3,3,inner_validation,outer_training_local,3,69,calibrate:089,calibrate,89
development_repeated_nested_cv,3,3,inner_validation,outer_training_local,3,73,calibrate:095,calibrate,95
development_repeated_nested_cv,3,3,inner_validation,outer_training_local,3,76,calibrate:098,calibrate,98
development_repeated_nested_cv,3,3,inner_validation,outer_training_local,3,79,calibrate:101,calibrate,101
development_repeated_nested_cv,3,3,inner_validation,outer_training_local,3,87,calibrate:110,calibrate,110
development_repeated_nested_cv,3,3,inner_validation,outer_training_local,3,112,calibrate:142,calibrate,142
development_repeated_nested_cv,3,3,inner_validation,outer_training_local,3,118,calibrate:149,calibrate,149
development_repeated_nested_cv,3,3,inner_validation,outer_training_local,3,126,validate:003,validate,3
development_repeated_nested_cv,3,3,inner_validation,outer_training_local,3,130,validate:007,validate,7
development_repeated_nested_cv,3,3,inner_validation,outer_training_local,3,131,validate:008,validate,8
development_repeated_nested_cv,3,3,inner_validation,outer_training_local,3,133,validate:010,validate,10
development_repeated_nested_cv,3,3,inner_validation,outer_training_local,3,145,validate:029,validate,29
development_repeated_nested_cv,3,3,inner_validation,outer_training_local,3,148,validate:032,validate,32
development_repeated_nested_cv,3,3,inner_validation,outer_training_local,3,149,validate:033,validate,33
development_repeated_nested_cv,3,3,inner_validation,outer_training_local,4,2,calibrate:003,calibrate,3
development_repeated_nested_cv,3,3,inner_validation,outer_training_local,4,4,calibrate:006,calibrate,6
development_repeated_nested_cv,3,3,inner_validation,outer_training_local,4,6,calibrate:008,calibrate,8
development_repeated_nested_cv,3,3,inner_validation,outer_training_local,4,9,calibrate:012,calibrate,12
development_repeated_nested_cv,3,3,inner_validation,outer_training_local,4,26,calibrate:036,calibrate,36
development_repeated_nested_cv,3,3,inner_validation,outer_training_local,4,30,calibrate:040,calibrate,40
development_repeated_nested_cv,3,3,inner_validation,outer_training_local,4,34,calibrate:044,calibrate,44
development_repeated_nested_cv,3,3,inner_validation,outer_training_local,4,39,calibrate:052,calibrate,52
development_repeated_nested_cv,3,3,inner_validation,outer_training_local,4,42,calibrate:056,calibrate,56
development_repeated_nested_cv,3,3,inner_validation,outer_training_local,4,43,calibrate:057,calibrate,57
development_repeated_nested_cv,3,3,inner_validation,outer_training_local,4,53,calibrate:070,calibrate,70
development_repeated_nested_cv,3,3,inner_validation,outer_training_local,4,58,calibrate:076,calibrate,76
development_repeated_nested_cv,3,3,inner_validation,outer_training_local,4,64,calibrate:083,calibrate,83
development_repeated_nested_cv,3,3,inner_validation,outer_training_local,4,71,calibrate:091,calibrate,91
development_repeated_nested_cv,3,3,inner_validation,outer_training_local,4,75,calibrate:097,calibrate,97
development_repeated_nested_cv,3,3,inner_validation,outer_training_local,4,85,calibrate:108,calibrate,108
development_repeated_nested_cv,3,3,inner_validation,outer_training_local,4,90,calibrate:113,calibrate,113
development_repeated_nested_cv,3,3,inner_validation,outer_training_local,4,95,calibrate:118,calibrate,118
development_repeated_nested_cv,3,3,inner_validation,outer_training_local,4,100,calibrate:123,calibrate,123
development_repeated_nested_cv,3,3,inner_validation,outer_training_local,4,102,calibrate:125,calibrate,125
development_repeated_nested_cv,3,3,inner_validation,outer_training_local,4,103,calibrate:127,calibrate,127
development_repeated_nested_cv,3,3,inner_validation,outer_training_local,4,105,calibrate:131,calibrate,131
development_repeated_nested_cv,3,3,inner_validation,outer_training_local,4,111,calibrate:140,calibrate,140
development_repeated_nested_cv,3,3,inner_validation,outer_training_local,4,119,calibrate:150,calibrate,150
development_repeated_nested_cv,3,3,inner_validation,outer_training_local,4,123,calibrate:155,calibrate,155
development_repeated_nested_cv,3,3,inner_validation,outer_training_local,4,127,validate:004,validate,4
development_repeated_nested_cv,3,3,inner_validation,outer_training_local,4,129,validate:006,validate,6
development_repeated_nested_cv,3,3,inner_validation,outer_training_local,4,134,validate:011,validate,11
development_repeated_nested_cv,3,3,inner_validation,outer_training_local,4,135,validate:012,validate,12
development_repeated_nested_cv,3,3,inner_validation,outer_training_local,4,139,validate:018,validate,18
development_repeated_nested_cv,3,3,inner_validation,outer_training_local,4,143,validate:027,validate,27
development_repeated_nested_cv,3,3,inner_validation,outer_training_local,4,153,validate:038,validate,38
development_repeated_nested_cv,3,3,inner_validation,outer_training_local,5,5,calibrate:007,calibrate,7
development_repeated_nested_cv,3,3,inner_validation,outer_training_local,5,11,calibrate:014,calibrate,14
development_repeated_nested_cv,3,3,inner_validation,outer_training_local,5,16,calibrate:020,calibrate,20
development_repeated_nested_cv,3,3,inner_validation,outer_training_local,5,21,calibrate:027,calibrate,27
development_repeated_nested_cv,3,3,inner_validation,outer_training_local,5,22,calibrate:028,calibrate,28
development_repeated_nested_cv,3,3,inner_validation,outer_training_local,5,23,calibrate:031,calibrate,31
development_repeated_nested_cv,3,3,inner_validation,outer_training_local,5,32,calibrate:042,calibrate,42
development_repeated_nested_cv,3,3,inner_validation,outer_training_local,5,38,calibrate:050,calibrate,50
development_repeated_nested_cv,3,3,inner_validation,outer_training_local,5,54,calibrate:071,calibrate,71
development_repeated_nested_cv,3,3,inner_validation,outer_training_local,5,55,calibrate:072,calibrate,72
development_repeated_nested_cv,3,3,inner_validation,outer_training_local,5,57,calibrate:075,calibrate,75
development_repeated_nested_cv,3,3,inner_validation,outer_training_local,5,63,calibrate:082,calibrate,82
development_repeated_nested_cv,3,3,inner_validation,outer_training_local,5,68,calibrate:087,calibrate,87
development_repeated_nested_cv,3,3,inner_validation,outer_training_local,5,80,calibrate:103,calibrate,103
development_repeated_nested_cv,3,3,inner_validation,outer_training_local,5,82,calibrate:105,calibrate,105
development_repeated_nested_cv,3,3,inner_validation,outer_training_local,5,83,calibrate:106,calibrate,106
development_repeated_nested_cv,3,3,inner_validation,outer_training_local,5,86,calibrate:109,calibrate,109
development_repeated_nested_cv,3,3,inner_validation,outer_training_local,5,91,calibrate:114,calibrate,114
development_repeated_nested_cv,3,3,inner_validation,outer_training_local,5,92,calibrate:115,calibrate,115
development_repeated_nested_cv,3,3,inner_validation,outer_training_local,5,96,calibrate:119,calibrate,119
development_repeated_nested_cv,3,3,inner_validation,outer_training_local,5,99,calibrate:122,calibrate,122
development_repeated_nested_cv,3,3,inner_validation,outer_training_local,5,109,calibrate:138,calibrate,138
development_repeated_nested_cv,3,3,inner_validation,outer_training_local,5,114,calibrate:145,calibrate,145
development_repeated_nested_cv,3,3,inner_validation,outer_training_local,5,115,calibrate:146,calibrate,146
development_repeated_nested_cv,3,3,inner_validation,outer_training_local,5,121,calibrate:153,calibrate,153
development_repeated_nested_cv,3,3,inner_validation,outer_training_local,5,124,validate:001,validate,1
development_repeated_nested_cv,3,3,inner_validation,outer_training_local,5,132,validate:009,validate,9
development_repeated_nested_cv,3,3,inner_validation,outer_training_local,5,140,validate:023,validate,23
development_repeated_nested_cv,3,3,inner_validation,outer_training_local,5,144,validate:028,validate,28
development_repeated_nested_cv,3,3,inner_validation,outer_training_local,5,150,validate:034,validate,34
development_repeated_nested_cv,3,3,inner_validation,outer_training_local,5,152,validate:037,validate,37
development_repeated_nested_cv,3,4,inner_validation,outer_training_local,1,1,calibrate:002,calibrate,2
development_repeated_nested_cv,3,4,inner_validation,outer_training_local,1,3,calibrate:004,calibrate,4
development_repeated_nested_cv,3,4,inner_validation,outer_training_local,1,7,calibrate:008,calibrate,8
development_repeated_nested_cv,3,4,inner_validation,outer_training_local,1,9,calibrate:011,calibrate,11
development_repeated_nested_cv,3,4,inner_validation,outer_training_local,1,11,calibrate:014,calibrate,14
development_repeated_nested_cv,3,4,inner_validation,outer_training_local,1,16,calibrate:019,calibrate,19
development_repeated_nested_cv,3,4,inner_validation,outer_training_local,1,26,calibrate:030,calibrate,30
development_repeated_nested_cv,3,4,inner_validation,outer_training_local,1,27,calibrate:033,calibrate,33
development_repeated_nested_cv,3,4,inner_validation,outer_training_local,1,37,calibrate:047,calibrate,47
development_repeated_nested_cv,3,4,inner_validation,outer_training_local,1,38,calibrate:048,calibrate,48
development_repeated_nested_cv,3,4,inner_validation,outer_training_local,1,40,calibrate:051,calibrate,51
development_repeated_nested_cv,3,4,inner_validation,outer_training_local,1,41,calibrate:053,calibrate,53
development_repeated_nested_cv,3,4,inner_validation,outer_training_local,1,48,calibrate:062,calibrate,62
development_repeated_nested_cv,3,4,inner_validation,outer_training_local,1,59,calibrate:076,calibrate,76
development_repeated_nested_cv,3,4,inner_validation,outer_training_local,1,61,calibrate:078,calibrate,78
development_repeated_nested_cv,3,4,inner_validation,outer_training_local,1,67,calibrate:086,calibrate,86
development_repeated_nested_cv,3,4,inner_validation,outer_training_local,1,68,calibrate:087,calibrate,87
development_repeated_nested_cv,3,4,inner_validation,outer_training_local,1,69,calibrate:088,calibrate,88
development_repeated_nested_cv,3,4,inner_validation,outer_training_local,1,72,calibrate:091,calibrate,91
development_repeated_nested_cv,3,4,inner_validation,outer_training_local,1,81,calibrate:101,calibrate,101
development_repeated_nested_cv,3,4,inner_validation,outer_training_local,1,89,calibrate:110,calibrate,110
development_repeated_nested_cv,3,4,inner_validation,outer_training_local,1,98,calibrate:124,calibrate,124
development_repeated_nested_cv,3,4,inner_validation,outer_training_local,1,107,calibrate:133,calibrate,133
development_repeated_nested_cv,3,4,inner_validation,outer_training_local,1,108,calibrate:134,calibrate,134
development_repeated_nested_cv,3,4,inner_validation,outer_training_local,1,114,calibrate:141,calibrate,141
development_repeated_nested_cv,3,4,inner_validation,outer_training_local,1,125,validate:003,validate,3
development_repeated_nested_cv,3,4,inner_validation,outer_training_local,1,128,validate:007,validate,7
development_repeated_nested_cv,3,4,inner_validation,outer_training_local,1,129,validate:008,validate,8
development_repeated_nested_cv,3,4,inner_validation,outer_training_local,1,130,validate:010,validate,10
development_repeated_nested_cv,3,4,inner_validation,outer_training_local,1,147,validate:029,validate,29
development_repeated_nested_cv,3,4,inner_validation,outer_training_local,1,152,validate:035,validate,35
development_repeated_nested_cv,3,4,inner_validation,outer_training_local,1,153,validate:036,validate,36
development_repeated_nested_cv,3,4,inner_validation,outer_training_local,2,2,calibrate:003,calibrate,3
development_repeated_nested_cv,3,4,inner_validation,outer_training_local,2,8,calibrate:010,calibrate,10
development_repeated_nested_cv,3,4,inner_validation,outer_training_local,2,10,calibrate:012,calibrate,12
development_repeated_nested_cv,3,4,inner_validation,outer_training_local,2,12,calibrate:015,calibrate,15
development_repeated_nested_cv,3,4,inner_validation,outer_training_local,2,15,calibrate:018,calibrate,18
development_repeated_nested_cv,3,4,inner_validation,outer_training_local,2,30,calibrate:036,calibrate,36
development_repeated_nested_cv,3,4,inner_validation,outer_training_local,2,33,calibrate:041,calibrate,41
development_repeated_nested_cv,3,4,inner_validation,outer_training_local,2,36,calibrate:046,calibrate,46
development_repeated_nested_cv,3,4,inner_validation,outer_training_local,2,45,calibrate:058,calibrate,58
development_repeated_nested_cv,3,4,inner_validation,outer_training_local,2,50,calibrate:065,calibrate,65
development_repeated_nested_cv,3,4,inner_validation,outer_training_local,2,52,calibrate:067,calibrate,67
development_repeated_nested_cv,3,4,inner_validation,outer_training_local,2,53,calibrate:068,calibrate,68
development_repeated_nested_cv,3,4,inner_validation,outer_training_local,2,56,calibrate:073,calibrate,73
development_repeated_nested_cv,3,4,inner_validation,outer_training_local,2,65,calibrate:083,calibrate,83
development_repeated_nested_cv,3,4,inner_validation,outer_training_local,2,77,calibrate:097,calibrate,97
development_repeated_nested_cv,3,4,inner_validation,outer_training_local,2,79,calibrate:099,calibrate,99
development_repeated_nested_cv,3,4,inner_validation,outer_training_local,2,84,calibrate:104,calibrate,104
development_repeated_nested_cv,3,4,inner_validation,outer_training_local,2,86,calibrate:107,calibrate,107
development_repeated_nested_cv,3,4,inner_validation,outer_training_local,2,87,calibrate:108,calibrate,108
development_repeated_nested_cv,3,4,inner_validation,outer_training_local,2,94,calibrate:119,calibrate,119
development_repeated_nested_cv,3,4,inner_validation,outer_training_local,2,104,calibrate:130,calibrate,130
development_repeated_nested_cv,3,4,inner_validation,outer_training_local,2,111,calibrate:137,calibrate,137
development_repeated_nested_cv,3,4,inner_validation,outer_training_local,2,113,calibrate:139,calibrate,139
development_repeated_nested_cv,3,4,inner_validation,outer_training_local,2,117,calibrate:144,calibrate,144
development_repeated_nested_cv,3,4,inner_validation,outer_training_local,2,123,calibrate:153,calibrate,153
development_repeated_nested_cv,3,4,inner_validation,outer_training_local,2,124,validate:002,validate,2
development_repeated_nested_cv,3,4,inner_validation,outer_training_local,2,132,validate:012,validate,12
development_repeated_nested_cv,3,4,inner_validation,outer_training_local,2,137,validate:017,validate,17
development_repeated_nested_cv,3,4,inner_validation,outer_training_local,2,144,validate:025,validate,25
development_repeated_nested_cv,3,4,inner_validation,outer_training_local,2,145,validate:027,validate,27
development_repeated_nested_cv,3,4,inner_validation,outer_training_local,2,146,validate:028,validate,28
development_repeated_nested_cv,3,4,inner_validation,outer_training_local,2,150,validate:032,validate,32
development_repeated_nested_cv,3,4,inner_validation,outer_training_local,3,5,calibrate:006,calibrate,6
development_repeated_nested_cv,3,4,inner_validation,outer_training_local,3,6,calibrate:007,calibrate,7
development_repeated_nested_cv,3,4,inner_validation,outer_training_local,3,13,calibrate:016,calibrate,16
development_repeated_nested_cv,3,4,inner_validation,outer_training_local,3,14,calibrate:017,calibrate,17
development_repeated_nested_cv,3,4,inner_validation,outer_training_local,3,17,calibrate:020,calibrate,20
development_repeated_nested_cv,3,4,inner_validation,outer_training_local,3,20,calibrate:023,calibrate,23
development_repeated_nested_cv,3,4,inner_validation,outer_training_local,3,23,calibrate:027,calibrate,27
development_repeated_nested_cv,3,4,inner_validation,outer_training_local,3,34,calibrate:042,calibrate,42
development_repeated_nested_cv,3,4,inner_validation,outer_training_local,3,43,calibrate:055,calibrate,55
development_repeated_nested_cv,3,4,inner_validation,outer_training_local,3,46,calibrate:059,calibrate,59
development_repeated_nested_cv,3,4,inner_validation,outer_training_local,3,47,calibrate:060,calibrate,60
development_repeated_nested_cv,3,4,inner_validation,outer_training_local,3,54,calibrate:069,calibrate,69
development_repeated_nested_cv,3,4,inner_validation,outer_training_local,3,58,calibrate:075,calibrate,75
development_repeated_nested_cv,3,4,inner_validation,outer_training_local,3,60,calibrate:077,calibrate,77
development_repeated_nested_cv,3,4,inner_validation,outer_training_local,3,64,calibrate:082,calibrate,82
development_repeated_nested_cv,3,4,inner_validation,outer_training_local,3,66,calibrate:085,calibrate,85
development_repeated_nested_cv,3,4,inner_validation,outer_training_local,3,71,calibrate:090,calibrate,90
development_repeated_nested_cv,3,4,inner_validation,outer_training_local,3,74,calibrate:093,calibrate,93
development_repeated_nested_cv,3,4,inner_validation,outer_training_local,3,80,calibrate:100,calibrate,100
development_repeated_nested_cv,3,4,inner_validation,outer_training_local,3,96,calibrate:122,calibrate,122
development_repeated_nested_cv,3,4,inner_validation,outer_training_local,3,103,calibrate:129,calibrate,129
development_repeated_nested_cv,3,4,inner_validation,outer_training_local,3,105,calibrate:131,calibrate,131
development_repeated_nested_cv,3,4,inner_validation,outer_training_local,3,106,calibrate:132,calibrate,132
development_repeated_nested_cv,3,4,inner_validation,outer_training_local,3,110,calibrate:136,calibrate,136
development_repeated_nested_cv,3,4,inner_validation,outer_training_local,3,112,calibrate:138,calibrate,138
development_repeated_nested_cv,3,4,inner_validation,outer_training_local,3,127,validate:006,validate,6
development_repeated_nested_cv,3,4,inner_validation,outer_training_local,3,134,validate:014,validate,14
development_repeated_nested_cv,3,4,inner_validation,outer_training_local,3,135,validate:015,validate,15
development_repeated_nested_cv,3,4,inner_validation,outer_training_local,3,140,validate:020,validate,20
development_repeated_nested_cv,3,4,inner_validation,outer_training_local,3,142,validate:022,validate,22
development_repeated_nested_cv,3,4,inner_validation,outer_training_local,3,151,validate:034,validate,34
development_repeated_nested_cv,3,4,inner_validation,outer_training_local,4,4,calibrate:005,calibrate,5
development_repeated_nested_cv,3,4,inner_validation,outer_training_local,4,18,calibrate:021,calibrate,21
development_repeated_nested_cv,3,4,inner_validation,outer_training_local,4,19,calibrate:022,calibrate,22
development_repeated_nested_cv,3,4,inner_validation,outer_training_local,4,22,calibrate:025,calibrate,25
development_repeated_nested_cv,3,4,inner_validation,outer_training_local,4,24,calibrate:028,calibrate,28
development_repeated_nested_cv,3,4,inner_validation,outer_training_local,4,28,calibrate:034,calibrate,34
development_repeated_nested_cv,3,4,inner_validation,outer_training_local,4,29,calibrate:035,calibrate,35
development_repeated_nested_cv,3,4,inner_validation,outer_training_local,4,31,calibrate:037,calibrate,37
development_repeated_nested_cv,3,4,inner_validation,outer_training_local,4,39,calibrate:049,calibrate,49
development_repeated_nested_cv,3,4,inner_validation,outer_training_local,4,42,calibrate:054,calibrate,54
development_repeated_nested_cv,3,4,inner_validation,outer_training_local,4,44,calibrate:056,calibrate,56
development_repeated_nested_cv,3,4,inner_validation,outer_training_local,4,55,calibrate:070,calibrate,70
development_repeated_nested_cv,3,4,inner_validation,outer_training_local,4,62,calibrate:079,calibrate,79
development_repeated_nested_cv,3,4,inner_validation,outer_training_local,4,63,calibrate:081,calibrate,81
development_repeated_nested_cv,3,4,inner_validation,outer_training_local,4,76,calibrate:095,calibrate,95
development_repeated_nested_cv,3,4,inner_validation,outer_training_local,4,82,calibrate:102,calibrate,102
development_repeated_nested_cv,3,4,inner_validation,outer_training_local,4,91,calibrate:113,calibrate,113
development_repeated_nested_cv,3,4,inner_validation,outer_training_local,4,92,calibrate:116,calibrate,116
development_repeated_nested_cv,3,4,inner_validation,outer_training_local,4,99,calibrate:125,calibrate,125
development_repeated_nested_cv,3,4,inner_validation,outer_training_local,4,101,calibrate:127,calibrate,127
development_repeated_nested_cv,3,4,inner_validation,outer_training_local,4,102,calibrate:128,calibrate,128
development_repeated_nested_cv,3,4,inner_validation,outer_training_local,4,109,calibrate:135,calibrate,135
development_repeated_nested_cv,3,4,inner_validation,outer_training_local,4,116,calibrate:143,calibrate,143
development_repeated_nested_cv,3,4,inner_validation,outer_training_local,4,120,calibrate:149,calibrate,149
development_repeated_nested_cv,3,4,inner_validation,outer_training_local,4,122,calibrate:152,calibrate,152
development_repeated_nested_cv,3,4,inner_validation,outer_training_local,4,138,validate:018,validate,18
development_repeated_nested_cv,3,4,inner_validation,outer_training_local,4,139,validate:019,validate,19
development_repeated_nested_cv,3,4,inner_validation,outer_training_local,4,141,validate:021,validate,21
development_repeated_nested_cv,3,4,inner_validation,outer_training_local,4,143,validate:024,validate,24
development_repeated_nested_cv,3,4,inner_validation,outer_training_local,4,148,validate:030,validate,30
development_repeated_nested_cv,3,4,inner_validation,outer_training_local,4,149,validate:031,validate,31
development_repeated_nested_cv,3,4,inner_validation,outer_training_local,5,0,calibrate:001,calibrate,1
development_repeated_nested_cv,3,4,inner_validation,outer_training_local,5,21,calibrate:024,calibrate,24
development_repeated_nested_cv,3,4,inner_validation,outer_training_local,5,25,calibrate:029,calibrate,29
development_repeated_nested_cv,3,4,inner_validation,outer_training_local,5,32,calibrate:038,calibrate,38
development_repeated_nested_cv,3,4,inner_validation,outer_training_local,5,35,calibrate:043,calibrate,43
development_repeated_nested_cv,3,4,inner_validation,outer_training_local,5,49,calibrate:063,calibrate,63
development_repeated_nested_cv,3,4,inner_validation,outer_training_local,5,51,calibrate:066,calibrate,66
development_repeated_nested_cv,3,4,inner_validation,outer_training_local,5,57,calibrate:074,calibrate,74
development_repeated_nested_cv,3,4,inner_validation,outer_training_local,5,70,calibrate:089,calibrate,89
development_repeated_nested_cv,3,4,inner_validation,outer_training_local,5,73,calibrate:092,calibrate,92
development_repeated_nested_cv,3,4,inner_validation,outer_training_local,5,75,calibrate:094,calibrate,94
development_repeated_nested_cv,3,4,inner_validation,outer_training_local,5,78,calibrate:098,calibrate,98
development_repeated_nested_cv,3,4,inner_validation,outer_training_local,5,83,calibrate:103,calibrate,103
development_repeated_nested_cv,3,4,inner_validation,outer_training_local,5,85,calibrate:105,calibrate,105
development_repeated_nested_cv,3,4,inner_validation,outer_training_local,5,88,calibrate:109,calibrate,109
development_repeated_nested_cv,3,4,inner_validation,outer_training_local,5,90,calibrate:112,calibrate,112
development_repeated_nested_cv,3,4,inner_validation,outer_training_local,5,93,calibrate:118,calibrate,118
development_repeated_nested_cv,3,4,inner_validation,outer_training_local,5,95,calibrate:120,calibrate,120
development_repeated_nested_cv,3,4,inner_validation,outer_training_local,5,97,calibrate:123,calibrate,123
development_repeated_nested_cv,3,4,inner_validation,outer_training_local,5,100,calibrate:126,calibrate,126
development_repeated_nested_cv,3,4,inner_validation,outer_training_local,5,115,calibrate:142,calibrate,142
development_repeated_nested_cv,3,4,inner_validation,outer_training_local,5,118,calibrate:145,calibrate,145
development_repeated_nested_cv,3,4,inner_validation,outer_training_local,5,119,calibrate:148,calibrate,148
development_repeated_nested_cv,3,4,inner_validation,outer_training_local,5,121,calibrate:150,calibrate,150
development_repeated_nested_cv,3,4,inner_validation,outer_training_local,5,126,validate:004,validate,4
development_repeated_nested_cv,3,4,inner_validation,outer_training_local,5,131,validate:011,validate,11
development_repeated_nested_cv,3,4,inner_validation,outer_training_local,5,133,validate:013,validate,13
development_repeated_nested_cv,3,4,inner_validation,outer_training_local,5,136,validate:016,validate,16
development_repeated_nested_cv,3,4,inner_validation,outer_training_local,5,154,validate:038,validate,38
development_repeated_nested_cv,3,4,inner_validation,outer_training_local,5,155,validate:039,validate,39
development_repeated_nested_cv,3,5,inner_validation,outer_training_local,1,1,calibrate:003,calibrate,3
development_repeated_nested_cv,3,5,inner_validation,outer_training_local,1,5,calibrate:008,calibrate,8
development_repeated_nested_cv,3,5,inner_validation,outer_training_local,1,6,calibrate:009,calibrate,9
development_repeated_nested_cv,3,5,inner_validation,outer_training_local,1,12,calibrate:016,calibrate,16
development_repeated_nested_cv,3,5,inner_validation,outer_training_local,1,13,calibrate:018,calibrate,18
development_repeated_nested_cv,3,5,inner_validation,outer_training_local,1,15,calibrate:020,calibrate,20
development_repeated_nested_cv,3,5,inner_validation,outer_training_local,1,16,calibrate:021,calibrate,21
development_repeated_nested_cv,3,5,inner_validation,outer_training_local,1,24,calibrate:030,calibrate,30
development_repeated_nested_cv,3,5,inner_validation,outer_training_local,1,30,calibrate:039,calibrate,39
development_repeated_nested_cv,3,5,inner_validation,outer_training_local,1,37,calibrate:047,calibrate,47
development_repeated_nested_cv,3,5,inner_validation,outer_training_local,1,39,calibrate:049,calibrate,49
development_repeated_nested_cv,3,5,inner_validation,outer_training_local,1,44,calibrate:055,calibrate,55
development_repeated_nested_cv,3,5,inner_validation,outer_training_local,1,50,calibrate:062,calibrate,62
development_repeated_nested_cv,3,5,inner_validation,outer_training_local,1,55,calibrate:071,calibrate,71
development_repeated_nested_cv,3,5,inner_validation,outer_training_local,1,56,calibrate:072,calibrate,72
development_repeated_nested_cv,3,5,inner_validation,outer_training_local,1,64,calibrate:084,calibrate,84
development_repeated_nested_cv,3,5,inner_validation,outer_training_local,1,72,calibrate:095,calibrate,95
development_repeated_nested_cv,3,5,inner_validation,outer_training_local,1,82,calibrate:108,calibrate,108
development_repeated_nested_cv,3,5,inner_validation,outer_training_local,1,86,calibrate:112,calibrate,112
development_repeated_nested_cv,3,5,inner_validation,outer_training_local,1,88,calibrate:114,calibrate,114
development_repeated_nested_cv,3,5,inner_validation,outer_training_local,1,89,calibrate:115,calibrate,115
development_repeated_nested_cv,3,5,inner_validation,outer_training_local,1,99,calibrate:125,calibrate,125
development_repeated_nested_cv,3,5,inner_validation,outer_training_local,1,107,calibrate:136,calibrate,136
development_repeated_nested_cv,3,5,inner_validation,outer_training_local,1,116,calibrate:147,calibrate,147
development_repeated_nested_cv,3,5,inner_validation,outer_training_local,1,123,calibrate:155,calibrate,155
development_repeated_nested_cv,3,5,inner_validation,outer_training_local,1,126,validate:004,validate,4
development_repeated_nested_cv,3,5,inner_validation,outer_training_local,1,129,validate:009,validate,9
development_repeated_nested_cv,3,5,inner_validation,outer_training_local,1,131,validate:012,validate,12
development_repeated_nested_cv,3,5,inner_validation,outer_training_local,1,136,validate:017,validate,17
development_repeated_nested_cv,3,5,inner_validation,outer_training_local,1,147,validate:029,validate,29
development_repeated_nested_cv,3,5,inner_validation,outer_training_local,1,152,validate:036,validate,36
development_repeated_nested_cv,3,5,inner_validation,outer_training_local,1,153,validate:037,validate,37
development_repeated_nested_cv,3,5,inner_validation,outer_training_local,2,3,calibrate:005,calibrate,5
development_repeated_nested_cv,3,5,inner_validation,outer_training_local,2,11,calibrate:015,calibrate,15
development_repeated_nested_cv,3,5,inner_validation,outer_training_local,2,19,calibrate:024,calibrate,24
development_repeated_nested_cv,3,5,inner_validation,outer_training_local,2,23,calibrate:029,calibrate,29
development_repeated_nested_cv,3,5,inner_validation,outer_training_local,2,25,calibrate:031,calibrate,31
development_repeated_nested_cv,3,5,inner_validation,outer_training_local,2,29,calibrate:038,calibrate,38
development_repeated_nested_cv,3,5,inner_validation,outer_training_local,2,34,calibrate:043,calibrate,43
development_repeated_nested_cv,3,5,inner_validation,outer_training_local,2,36,calibrate:045,calibrate,45
development_repeated_nested_cv,3,5,inner_validation,outer_training_local,2,42,calibrate:052,calibrate,52
development_repeated_nested_cv,3,5,inner_validation,outer_training_local,2,45,calibrate:056,calibrate,56
development_repeated_nested_cv,3,5,inner_validation,outer_training_local,2,47,calibrate:059,calibrate,59
development_repeated_nested_cv,3,5,inner_validation,outer_training_local,2,49,calibrate:061,calibrate,61
development_repeated_nested_cv,3,5,inner_validation,outer_training_local,2,62,calibrate:082,calibrate,82
development_repeated_nested_cv,3,5,inner_validation,outer_training_local,2,63,calibrate:083,calibrate,83
development_repeated_nested_cv,3,5,inner_validation,outer_training_local,2,77,calibrate:102,calibrate,102
development_repeated_nested_cv,3,5,inner_validation,outer_training_local,2,80,calibrate:106,calibrate,106
development_repeated_nested_cv,3,5,inner_validation,outer_training_local,2,81,calibrate:107,calibrate,107
development_repeated_nested_cv,3,5,inner_validation,outer_training_local,2,91,calibrate:117,calibrate,117
development_repeated_nested_cv,3,5,inner_validation,outer_training_local,2,94,calibrate:120,calibrate,120
development_repeated_nested_cv,3,5,inner_validation,outer_training_local,2,98,calibrate:124,calibrate,124
development_repeated_nested_cv,3,5,inner_validation,outer_training_local,2,100,calibrate:126,calibrate,126
development_repeated_nested_cv,3,5,inner_validation,outer_training_local,2,105,calibrate:133,calibrate,133
development_repeated_nested_cv,3,5,inner_validation,outer_training_local,2,106,calibrate:134,calibrate,134
development_repeated_nested_cv,3,5,inner_validation,outer_training_local,2,109,calibrate:138,calibrate,138
development_repeated_nested_cv,3,5,inner_validation,outer_training_local,2,121,calibrate:152,calibrate,152
development_repeated_nested_cv,3,5,inner_validation,outer_training_local,2,125,validate:002,validate,2
development_repeated_nested_cv,3,5,inner_validation,outer_training_local,2,128,validate:007,validate,7
development_repeated_nested_cv,3,5,inner_validation,outer_training_local,2,140,validate:022,validate,22
development_repeated_nested_cv,3,5,inner_validation,outer_training_local,2,146,validate:028,validate,28
development_repeated_nested_cv,3,5,inner_validation,outer_training_local,2,148,validate:030,validate,30
development_repeated_nested_cv,3,5,inner_validation,outer_training_local,2,150,validate:033,validate,33
development_repeated_nested_cv,3,5,inner_validation,outer_training_local,3,4,calibrate:007,calibrate,7
development_repeated_nested_cv,3,5,inner_validation,outer_training_local,3,9,calibrate:013,calibrate,13
development_repeated_nested_cv,3,5,inner_validation,outer_training_local,3,17,calibrate:022,calibrate,22
development_repeated_nested_cv,3,5,inner_validation,outer_training_local,3,26,calibrate:032,calibrate,32
development_repeated_nested_cv,3,5,inner_validation,outer_training_local,3,27,calibrate:033,calibrate,33
development_repeated_nested_cv,3,5,inner_validation,outer_training_local,3,32,calibrate:041,calibrate,41
development_repeated_nested_cv,3,5,inner_validation,outer_training_local,3,40,calibrate:050,calibrate,50
development_repeated_nested_cv,3,5,inner_validation,outer_training_local,3,41,calibrate:051,calibrate,51
development_repeated_nested_cv,3,5,inner_validation,outer_training_local,3,43,calibrate:053,calibrate,53
development_repeated_nested_cv,3,5,inner_validation,outer_training_local,3,46,calibrate:057,calibrate,57
development_repeated_nested_cv,3,5,inner_validation,outer_training_local,3,57,calibrate:073,calibrate,73
development_repeated_nested_cv,3,5,inner_validation,outer_training_local,3,60,calibrate:079,calibrate,79
development_repeated_nested_cv,3,5,inner_validation,outer_training_local,3,61,calibrate:080,calibrate,80
development_repeated_nested_cv,3,5,inner_validation,outer_training_local,3,65,calibrate:085,calibrate,85
development_repeated_nested_cv,3,5,inner_validation,outer_training_local,3,68,calibrate:090,calibrate,90
development_repeated_nested_cv,3,5,inner_validation,outer_training_local,3,79,calibrate:105,calibrate,105
development_repeated_nested_cv,3,5,inner_validation,outer_training_local,3,84,calibrate:110,calibrate,110
development_repeated_nested_cv,3,5,inner_validation,outer_training_local,3,92,calibrate:118,calibrate,118
development_repeated_nested_cv,3,5,inner_validation,outer_training_local,3,96,calibrate:122,calibrate,122
development_repeated_nested_cv,3,5,inner_validation,outer_training_local,3,97,calibrate:123,calibrate,123
development_repeated_nested_cv,3,5,inner_validation,outer_training_local,3,101,calibrate:128,calibrate,128
development_repeated_nested_cv,3,5,inner_validation,outer_training_local,3,103,calibrate:130,calibrate,130
development_repeated_nested_cv,3,5,inner_validation,outer_training_local,3,113,calibrate:143,calibrate,143
development_repeated_nested_cv,3,5,inner_validation,outer_training_local,3,117,calibrate:148,calibrate,148
development_repeated_nested_cv,3,5,inner_validation,outer_training_local,3,118,calibrate:149,calibrate,149
development_repeated_nested_cv,3,5,inner_validation,outer_training_local,3,134,validate:015,validate,15
development_repeated_nested_cv,3,5,inner_validation,outer_training_local,3,135,validate:016,validate,16
development_repeated_nested_cv,3,5,inner_validation,outer_training_local,3,137,validate:019,validate,19
development_repeated_nested_cv,3,5,inner_validation,outer_training_local,3,138,validate:020,validate,20
development_repeated_nested_cv,3,5,inner_validation,outer_training_local,3,141,validate:023,validate,23
development_repeated_nested_cv,3,5,inner_validation,outer_training_local,3,155,validate:040,validate,40
development_repeated_nested_cv,3,5,inner_validation,outer_training_local,4,0,calibrate:002,calibrate,2
development_repeated_nested_cv,3,5,inner_validation,outer_training_local,4,7,calibrate:010,calibrate,10
development_repeated_nested_cv,3,5,inner_validation,outer_training_local,4,10,calibrate:014,calibrate,14
development_repeated_nested_cv,3,5,inner_validation,outer_training_local,4,18,calibrate:023,calibrate,23
development_repeated_nested_cv,3,5,inner_validation,outer_training_local,4,28,calibrate:035,calibrate,35
development_repeated_nested_cv,3,5,inner_validation,outer_training_local,4,31,calibrate:040,calibrate,40
development_repeated_nested_cv,3,5,inner_validation,outer_training_local,4,33,calibrate:042,calibrate,42
development_repeated_nested_cv,3,5,inner_validation,outer_training_local,4,38,calibrate:048,calibrate,48
development_repeated_nested_cv,3,5,inner_validation,outer_training_local,4,48,calibrate:060,calibrate,60
development_repeated_nested_cv,3,5,inner_validation,outer_training_local,4,53,calibrate:066,calibrate,66
development_repeated_nested_cv,3,5,inner_validation,outer_training_local,4,54,calibrate:068,calibrate,68
development_repeated_nested_cv,3,5,inner_validation,outer_training_local,4,58,calibrate:074,calibrate,74
development_repeated_nested_cv,3,5,inner_validation,outer_training_local,4,66,calibrate:088,calibrate,88
development_repeated_nested_cv,3,5,inner_validation,outer_training_local,4,69,calibrate:091,calibrate,91
development_repeated_nested_cv,3,5,inner_validation,outer_training_local,4,70,calibrate:093,calibrate,93
development_repeated_nested_cv,3,5,inner_validation,outer_training_local,4,76,calibrate:099,calibrate,99
development_repeated_nested_cv,3,5,inner_validation,outer_training_local,4,78,calibrate:104,calibrate,104
development_repeated_nested_cv,3,5,inner_validation,outer_training_local,4,83,calibrate:109,calibrate,109
development_repeated_nested_cv,3,5,inner_validation,outer_training_local,4,93,calibrate:119,calibrate,119
development_repeated_nested_cv,3,5,inner_validation,outer_training_local,4,95,calibrate:121,calibrate,121
development_repeated_nested_cv,3,5,inner_validation,outer_training_local,4,104,calibrate:132,calibrate,132
development_repeated_nested_cv,3,5,inner_validation,outer_training_local,4,111,calibrate:140,calibrate,140
development_repeated_nested_cv,3,5,inner_validation,outer_training_local,4,114,calibrate:144,calibrate,144
development_repeated_nested_cv,3,5,inner_validation,outer_training_local,4,115,calibrate:146,calibrate,146
development_repeated_nested_cv,3,5,inner_validation,outer_training_local,4,122,calibrate:154,calibrate,154
development_repeated_nested_cv,3,5,inner_validation,outer_training_local,4,124,validate:001,validate,1
development_repeated_nested_cv,3,5,inner_validation,outer_training_local,4,127,validate:005,validate,5
development_repeated_nested_cv,3,5,inner_validation,outer_training_local,4,130,validate:010,validate,10
development_repeated_nested_cv,3,5,inner_validation,outer_training_local,4,133,validate:014,validate,14
development_repeated_nested_cv,3,5,inner_validation,outer_training_local,4,145,validate:027,validate,27
development_repeated_nested_cv,3,5,inner_validation,outer_training_local,4,149,validate:031,validate,31
development_repeated_nested_cv,3,5,inner_validation,outer_training_local,4,151,validate:035,validate,35
development_repeated_nested_cv,3,5,inner_validation,outer_training_local,5,2,calibrate:004,calibrate,4
development_repeated_nested_cv,3,5,inner_validation,outer_training_local,5,8,calibrate:011,calibrate,11
development_repeated_nested_cv,3,5,inner_validation,outer_training_local,5,14,calibrate:019,calibrate,19
development_repeated_nested_cv,3,5,inner_validation,outer_training_local,5,20,calibrate:025,calibrate,25
development_repeated_nested_cv,3,5,inner_validation,outer_training_local,5,21,calibrate:026,calibrate,26
development_repeated_nested_cv,3,5,inner_validation,outer_training_local,5,22,calibrate:028,calibrate,28
development_repeated_nested_cv,3,5,inner_validation,outer_training_local,5,35,calibrate:044,calibrate,44
development_repeated_nested_cv,3,5,inner_validation,outer_training_local,5,51,calibrate:064,calibrate,64
development_repeated_nested_cv,3,5,inner_validation,outer_training_local,5,52,calibrate:065,calibrate,65
development_repeated_nested_cv,3,5,inner_validation,outer_training_local,5,59,calibrate:076,calibrate,76
development_repeated_nested_cv,3,5,inner_validation,outer_training_local,5,67,calibrate:089,calibrate,89
development_repeated_nested_cv,3,5,inner_validation,outer_training_local,5,71,calibrate:094,calibrate,94
development_repeated_nested_cv,3,5,inner_validation,outer_training_local,5,73,calibrate:096,calibrate,96
development_repeated_nested_cv,3,5,inner_validation,outer_training_local,5,74,calibrate:097,calibrate,97
development_repeated_nested_cv,3,5,inner_validation,outer_training_local,5,75,calibrate:098,calibrate,98
development_repeated_nested_cv,3,5,inner_validation,outer_training_local,5,85,calibrate:111,calibrate,111
development_repeated_nested_cv,3,5,inner_validation,outer_training_local,5,87,calibrate:113,calibrate,113
development_repeated_nested_cv,3,5,inner_validation,outer_training_local,5,90,calibrate:116,calibrate,116
development_repeated_nested_cv,3,5,inner_validation,outer_training_local,5,102,calibrate:129,calibrate,129
development_repeated_nested_cv,3,5,inner_validation,outer_training_local,5,108,calibrate:137,calibrate,137
development_repeated_nested_cv,3,5,inner_validation,outer_training_local,5,110,calibrate:139,calibrate,139
development_repeated_nested_cv,3,5,inner_validation,outer_training_local,5,112,calibrate:141,calibrate,141
development_repeated_nested_cv,3,5,inner_validation,outer_training_local,5,119,calibrate:150,calibrate,150
development_repeated_nested_cv,3,5,inner_validation,outer_training_local,5,120,calibrate:151,calibrate,151
development_repeated_nested_cv,3,5,inner_validation,outer_training_local,5,132,validate:013,validate,13
development_repeated_nested_cv,3,5,inner_validation,outer_training_local,5,139,validate:021,validate,21
development_repeated_nested_cv,3,5,inner_validation,outer_training_local,5,142,validate:024,validate,24
development_repeated_nested_cv,3,5,inner_validation,outer_training_local,5,143,validate:025,validate,25
development_repeated_nested_cv,3,5,inner_validation,outer_training_local,5,144,validate:026,validate,26
development_repeated_nested_cv,3,5,inner_validation,outer_training_local,5,154,validate:038,validate,38
development_repeated_nested_cv,4,1,inner_validation,outer_training_local,1,0,calibrate:001,calibrate,1
development_repeated_nested_cv,4,1,inner_validation,outer_training_local,1,1,calibrate:002,calibrate,2
development_repeated_nested_cv,4,1,inner_validation,outer_training_local,1,8,calibrate:009,calibrate,9
development_repeated_nested_cv,4,1,inner_validation,outer_training_local,1,9,calibrate:010,calibrate,10
development_repeated_nested_cv,4,1,inner_validation,outer_training_local,1,10,calibrate:011,calibrate,11
development_repeated_nested_cv,4,1,inner_validation,outer_training_local,1,18,calibrate:026,calibrate,26
development_repeated_nested_cv,4,1,inner_validation,outer_training_local,1,19,calibrate:028,calibrate,28
development_repeated_nested_cv,4,1,inner_validation,outer_training_local,1,24,calibrate:034,calibrate,34
development_repeated_nested_cv,4,1,inner_validation,outer_training_local,1,34,calibrate:046,calibrate,46
development_repeated_nested_cv,4,1,inner_validation,outer_training_local,1,44,calibrate:059,calibrate,59
development_repeated_nested_cv,4,1,inner_validation,outer_training_local,1,45,calibrate:060,calibrate,60
development_repeated_nested_cv,4,1,inner_validation,outer_training_local,1,51,calibrate:066,calibrate,66
development_repeated_nested_cv,4,1,inner_validation,outer_training_local,1,58,calibrate:077,calibrate,77
development_repeated_nested_cv,4,1,inner_validation,outer_training_local,1,65,calibrate:085,calibrate,85
development_repeated_nested_cv,4,1,inner_validation,outer_training_local,1,67,calibrate:087,calibrate,87
development_repeated_nested_cv,4,1,inner_validation,outer_training_local,1,70,calibrate:090,calibrate,90
development_repeated_nested_cv,4,1,inner_validation,outer_training_local,1,81,calibrate:101,calibrate,101
development_repeated_nested_cv,4,1,inner_validation,outer_training_local,1,82,calibrate:102,calibrate,102
development_repeated_nested_cv,4,1,inner_validation,outer_training_local,1,91,calibrate:113,calibrate,113
development_repeated_nested_cv,4,1,inner_validation,outer_training_local,1,93,calibrate:116,calibrate,116
development_repeated_nested_cv,4,1,inner_validation,outer_training_local,1,96,calibrate:119,calibrate,119
development_repeated_nested_cv,4,1,inner_validation,outer_training_local,1,99,calibrate:122,calibrate,122
development_repeated_nested_cv,4,1,inner_validation,outer_training_local,1,109,calibrate:135,calibrate,135
development_repeated_nested_cv,4,1,inner_validation,outer_training_local,1,111,calibrate:137,calibrate,137
development_repeated_nested_cv,4,1,inner_validation,outer_training_local,1,112,calibrate:138,calibrate,138
development_repeated_nested_cv,4,1,inner_validation,outer_training_local,1,125,validate:002,validate,2
development_repeated_nested_cv,4,1,inner_validation,outer_training_local,1,137,validate:015,validate,15
development_repeated_nested_cv,4,1,inner_validation,outer_training_local,1,143,validate:022,validate,22
development_repeated_nested_cv,4,1,inner_validation,outer_training_local,1,146,validate:025,validate,25
development_repeated_nested_cv,4,1,inner_validation,outer_training_local,1,149,validate:030,validate,30
development_repeated_nested_cv,4,1,inner_validation,outer_training_local,1,150,validate:031,validate,31
development_repeated_nested_cv,4,1,inner_validation,outer_training_local,2,4,calibrate:005,calibrate,5
development_repeated_nested_cv,4,1,inner_validation,outer_training_local,2,6,calibrate:007,calibrate,7
development_repeated_nested_cv,4,1,inner_validation,outer_training_local,2,12,calibrate:017,calibrate,17
development_repeated_nested_cv,4,1,inner_validation,outer_training_local,2,14,calibrate:019,calibrate,19
development_repeated_nested_cv,4,1,inner_validation,outer_training_local,2,17,calibrate:024,calibrate,24
development_repeated_nested_cv,4,1,inner_validation,outer_training_local,2,22,calibrate:031,calibrate,31
development_repeated_nested_cv,4,1,inner_validation,outer_training_local,2,27,calibrate:037,calibrate,37
development_repeated_nested_cv,4,1,inner_validation,outer_training_local,2,30,calibrate:041,calibrate,41
development_repeated_nested_cv,4,1,inner_validation,outer_training_local,2,35,calibrate:047,calibrate,47
development_repeated_nested_cv,4,1,inner_validation,outer_training_local,2,46,calibrate:061,calibrate,61
development_repeated_nested_cv,4,1,inner_validation,outer_training_local,2,54,calibrate:071,calibrate,71
development_repeated_nested_cv,4,1,inner_validation,outer_training_local,2,61,calibrate:080,calibrate,80
development_repeated_nested_cv,4,1,inner_validation,outer_training_local,2,68,calibrate:088,calibrate,88
development_repeated_nested_cv,4,1,inner_validation,outer_training_local,2,69,calibrate:089,calibrate,89
development_repeated_nested_cv,4,1,inner_validation,outer_training_local,2,71,calibrate:091,calibrate,91
development_repeated_nested_cv,4,1,inner_validation,outer_training_local,2,75,calibrate:095,calibrate,95
development_repeated_nested_cv,4,1,inner_validation,outer_training_local,2,78,calibrate:098,calibrate,98
development_repeated_nested_cv,4,1,inner_validation,outer_training_local,2,79,calibrate:099,calibrate,99
development_repeated_nested_cv,4,1,inner_validation,outer_training_local,2,88,calibrate:110,calibrate,110
development_repeated_nested_cv,4,1,inner_validation,outer_training_local,2,90,calibrate:112,calibrate,112
development_repeated_nested_cv,4,1,inner_validation,outer_training_local,2,98,calibrate:121,calibrate,121
development_repeated_nested_cv,4,1,inner_validation,outer_training_local,2,100,calibrate:123,calibrate,123
development_repeated_nested_cv,4,1,inner_validation,outer_training_local,2,108,calibrate:134,calibrate,134
development_repeated_nested_cv,4,1,inner_validation,outer_training_local,2,115,calibrate:143,calibrate,143
development_repeated_nested_cv,4,1,inner_validation,outer_training_local,2,127,validate:004,validate,4
development_repeated_nested_cv,4,1,inner_validation,outer_training_local,2,128,validate:005,validate,5
development_repeated_nested_cv,4,1,inner_validation,outer_training_local,2,131,validate:009,validate,9
development_repeated_nested_cv,4,1,inner_validation,outer_training_local,2,136,validate:014,validate,14
development_repeated_nested_cv,4,1,inner_validation,outer_training_local,2,139,validate:017,validate,17
development_repeated_nested_cv,4,1,inner_validation,outer_training_local,2,145,validate:024,validate,24
development_repeated_nested_cv,4,1,inner_validation,outer_training_local,2,148,validate:029,validate,29
development_repeated_nested_cv,4,1,inner_validation,outer_training_local,3,5,calibrate:006,calibrate,6
development_repeated_nested_cv,4,1,inner_validation,outer_training_local,3,11,calibrate:016,calibrate,16
development_repeated_nested_cv,4,1,inner_validation,outer_training_local,3,15,calibrate:020,calibrate,20
development_repeated_nested_cv,4,1,inner_validation,outer_training_local,3,16,calibrate:023,calibrate,23
development_repeated_nested_cv,4,1,inner_validation,outer_training_local,3,31,calibrate:042,calibrate,42
development_repeated_nested_cv,4,1,inner_validation,outer_training_local,3,40,calibrate:054,calibrate,54
development_repeated_nested_cv,4,1,inner_validation,outer_training_local,3,48,calibrate:063,calibrate,63
development_repeated_nested_cv,4,1,inner_validation,outer_training_local,3,53,calibrate:069,calibrate,69
development_repeated_nested_cv,4,1,inner_validation,outer_training_local,3,55,calibrate:073,calibrate,73
development_repeated_nested_cv,4,1,inner_validation,outer_training_local,3,56,calibrate:074,calibrate,74
development_repeated_nested_cv,4,1,inner_validation,outer_training_local,3,57,calibrate:075,calibrate,75
development_repeated_nested_cv,4,1,inner_validation,outer_training_local,3,60,calibrate:079,calibrate,79
development_repeated_nested_cv,4,1,inner_validation,outer_training_local,3,64,calibrate:083,calibrate,83
development_repeated_nested_cv,4,1,inner_validation,outer_training_local,3,66,calibrate:086,calibrate,86
development_repeated_nested_cv,4,1,inner_validation,outer_training_local,3,76,calibrate:096,calibrate,96
development_repeated_nested_cv,4,1,inner_validation,outer_training_local,3,84,calibrate:105,calibrate,105
development_repeated_nested_cv,4,1,inner_validation,outer_training_local,3,94,calibrate:117,calibrate,117
development_repeated_nested_cv,4,1,inner_validation,outer_training_local,3,95,calibrate:118,calibrate,118
development_repeated_nested_cv,4,1,inner_validation,outer_training_local,3,97,calibrate:120,calibrate,120
development_repeated_nested_cv,4,1,inner_validation,outer_training_local,3,103,calibrate:126,calibrate,126
development_repeated_nested_cv,4,1,inner_validation,outer_training_local,3,105,calibrate:130,calibrate,130
development_repeated_nested_cv,4,1,inner_validation,outer_training_local,3,113,calibrate:139,calibrate,139
development_repeated_nested_cv,4,1,inner_validation,outer_training_local,3,116,calibrate:144,calibrate,144
development_repeated_nested_cv,4,1,inner_validation,outer_training_local,3,120,calibrate:149,calibrate,149
development_repeated_nested_cv,4,1,inner_validation,outer_training_local,3,121,calibrate:151,calibrate,151
development_repeated_nested_cv,4,1,inner_validation,outer_training_local,3,126,validate:003,validate,3
development_repeated_nested_cv,4,1,inner_validation,outer_training_local,3,132,validate:010,validate,10
development_repeated_nested_cv,4,1,inner_validation,outer_training_local,3,140,validate:018,validate,18
development_repeated_nested_cv,4,1,inner_validation,outer_training_local,3,142,validate:021,validate,21
development_repeated_nested_cv,4,1,inner_validation,outer_training_local,3,144,validate:023,validate,23
development_repeated_nested_cv,4,1,inner_validation,outer_training_local,3,153,validate:038,validate,38
development_repeated_nested_cv,4,1,inner_validation,outer_training_local,4,7,calibrate:008,calibrate,8
development_repeated_nested_cv,4,1,inner_validation,outer_training_local,4,13,calibrate:018,calibrate,18
development_repeated_nested_cv,4,1,inner_validation,outer_training_local,4,25,calibrate:035,calibrate,35
development_repeated_nested_cv,4,1,inner_validation,outer_training_local,4,33,calibrate:045,calibrate,45
development_repeated_nested_cv,4,1,inner_validation,outer_training_local,4,38,calibrate:052,calibrate,52
development_repeated_nested_cv,4,1,inner_validation,outer_training_local,4,39,calibrate:053,calibrate,53
development_repeated_nested_cv,4,1,inner_validation,outer_training_local,4,42,calibrate:056,calibrate,56
development_repeated_nested_cv,4,1,inner_validation,outer_training_local,4,47,calibrate:062,calibrate,62
development_repeated_nested_cv,4,1,inner_validation,outer_training_local,4,50,calibrate:065,calibrate,65
development_repeated_nested_cv,4,1,inner_validation,outer_training_local,4,52,calibrate:068,calibrate,68
development_repeated_nested_cv,4,1,inner_validation,outer_training_local,4,63,calibrate:082,calibrate,82
development_repeated_nested_cv,4,1,inner_validation,outer_training_local,4,73,calibrate:093,calibrate,93
development_repeated_nested_cv,4,1,inner_validation,outer_training_local,4,74,calibrate:094,calibrate,94
development_repeated_nested_cv,4,1,inner_validation,outer_training_local,4,77,calibrate:097,calibrate,97
development_repeated_nested_cv,4,1,inner_validation,outer_training_local,4,80,calibrate:100,calibrate,100
development_repeated_nested_cv,4,1,inner_validation,outer_training_local,4,86,calibrate:108,calibrate,108
development_repeated_nested_cv,4,1,inner_validation,outer_training_local,4,101,calibrate:124,calibrate,124
development_repeated_nested_cv,4,1,inner_validation,outer_training_local,4,102,calibrate:125,calibrate,125
development_repeated_nested_cv,4,1,inner_validation,outer_training_local,4,106,calibrate:131,calibrate,131
development_repeated_nested_cv,4,1,inner_validation,outer_training_local,4,107,calibrate:133,calibrate,133
development_repeated_nested_cv,4,1,inner_validation,outer_training_local,4,110,calibrate:136,calibrate,136
development_repeated_nested_cv,4,1,inner_validation,outer_training_local,4,118,calibrate:146,calibrate,146
development_repeated_nested_cv,4,1,inner_validation,outer_training_local,4,119,calibrate:147,calibrate,147
development_repeated_nested_cv,4,1,inner_validation,outer_training_local,4,122,calibrate:154,calibrate,154
development_repeated_nested_cv,4,1,inner_validation,outer_training_local,4,123,calibrate:155,calibrate,155
development_repeated_nested_cv,4,1,inner_validation,outer_training_local,4,130,validate:008,validate,8
development_repeated_nested_cv,4,1,inner_validation,outer_training_local,4,135,validate:013,validate,13
development_repeated_nested_cv,4,1,inner_validation,outer_training_local,4,138,validate:016,validate,16
development_repeated_nested_cv,4,1,inner_validation,outer_training_local,4,141,validate:020,validate,20
development_repeated_nested_cv,4,1,inner_validation,outer_training_local,4,147,validate:027,validate,27
development_repeated_nested_cv,4,1,inner_validation,outer_training_local,4,151,validate:034,validate,34
development_repeated_nested_cv,4,1,inner_validation,outer_training_local,4,152,validate:037,validate,37
development_repeated_nested_cv,4,1,inner_validation,outer_training_local,5,2,calibrate:003,calibrate,3
development_repeated_nested_cv,4,1,inner_validation,outer_training_local,5,3,calibrate:004,calibrate,4
development_repeated_nested_cv,4,1,inner_validation,outer_training_local,5,20,calibrate:029,calibrate,29
development_repeated_nested_cv,4,1,inner_validation,outer_training_local,5,21,calibrate:030,calibrate,30
development_repeated_nested_cv,4,1,inner_validation,outer_training_local,5,23,calibrate:033,calibrate,33
development_repeated_nested_cv,4,1,inner_validation,outer_training_local,5,26,calibrate:036,calibrate,36
development_repeated_nested_cv,4,1,inner_validation,outer_training_local,5,28,calibrate:038,calibrate,38
development_repeated_nested_cv,4,1,inner_validation,outer_training_local,5,29,calibrate:039,calibrate,39
development_repeated_nested_cv,4,1,inner_validation,outer_training_local,5,32,calibrate:043,calibrate,43
development_repeated_nested_cv,4,1,inner_validation,outer_training_local,5,36,calibrate:049,calibrate,49
development_repeated_nested_cv,4,1,inner_validation,outer_training_local,5,37,calibrate:050,calibrate,50
development_repeated_nested_cv,4,1,inner_validation,outer_training_local,5,41,calibrate:055,calibrate,55
development_repeated_nested_cv,4,1,inner_validation,outer_training_local,5,43,calibrate:058,calibrate,58
development_repeated_nested_cv,4,1,inner_validation,outer_training_local,5,49,calibrate:064,calibrate,64
development_repeated_nested_cv,4,1,inner_validation,outer_training_local,5,59,calibrate:078,calibrate,78
development_repeated_nested_cv,4,1,inner_validation,outer_training_local,5,62,calibrate:081,calibrate,81
development_repeated_nested_cv,4,1,inner_validation,outer_training_local,5,72,calibrate:092,calibrate,92
development_repeated_nested_cv,4,1,inner_validation,outer_training_local,5,83,calibrate:104,calibrate,104
development_repeated_nested_cv,4,1,inner_validation,outer_training_local,5,85,calibrate:106,calibrate,106
development_repeated_nested_cv,4,1,inner_validation,outer_training_local,5,87,calibrate:109,calibrate,109
development_repeated_nested_cv,4,1,inner_validation,outer_training_local,5,89,calibrate:111,calibrate,111
development_repeated_nested_cv,4,1,inner_validation,outer_training_local,5,92,calibrate:115,calibrate,115
development_repeated_nested_cv,4,1,inner_validation,outer_training_local,5,104,calibrate:127,calibrate,127
development_repeated_nested_cv,4,1,inner_validation,outer_training_local,5,114,calibrate:141,calibrate,141
development_repeated_nested_cv,4,1,inner_validation,outer_training_local,5,117,calibrate:145,calibrate,145
development_repeated_nested_cv,4,1,inner_validation,outer_training_local,5,124,validate:001,validate,1
development_repeated_nested_cv,4,1,inner_validation,outer_training_local,5,129,validate:006,validate,6
development_repeated_nested_cv,4,1,inner_validation,outer_training_local,5,133,validate:011,validate,11
development_repeated_nested_cv,4,1,inner_validation,outer_training_local,5,134,validate:012,validate,12
development_repeated_nested_cv,4,1,inner_validation,outer_training_local,5,154,validate:039,validate,39
development_repeated_nested_cv,4,1,inner_validation,outer_training_local,5,155,validate:040,validate,40
development_repeated_nested_cv,4,2,inner_validation,outer_training_local,1,0,calibrate:001,calibrate,1
development_repeated_nested_cv,4,2,inner_validation,outer_training_local,1,1,calibrate:002,calibrate,2
development_repeated_nested_cv,4,2,inner_validation,outer_training_local,1,11,calibrate:015,calibrate,15
development_repeated_nested_cv,4,2,inner_validation,outer_training_local,1,14,calibrate:018,calibrate,18
development_repeated_nested_cv,4,2,inner_validation,outer_training_local,1,31,calibrate:044,calibrate,44
development_repeated_nested_cv,4,2,inner_validation,outer_training_local,1,32,calibrate:045,calibrate,45
development_repeated_nested_cv,4,2,inner_validation,outer_training_local,1,34,calibrate:047,calibrate,47
development_repeated_nested_cv,4,2,inner_validation,outer_training_local,1,46,calibrate:063,calibrate,63
development_repeated_nested_cv,4,2,inner_validation,outer_training_local,1,51,calibrate:070,calibrate,70
development_repeated_nested_cv,4,2,inner_validation,outer_training_local,1,53,calibrate:072,calibrate,72
development_repeated_nested_cv,4,2,inner_validation,outer_training_local,1,55,calibrate:074,calibrate,74
development_repeated_nested_cv,4,2,inner_validation,outer_training_local,1,57,calibrate:076,calibrate,76
development_repeated_nested_cv,4,2,inner_validation,outer_training_local,1,67,calibrate:088,calibrate,88
development_repeated_nested_cv,4,2,inner_validation,outer_training_local,1,69,calibrate:091,calibrate,91
development_repeated_nested_cv,4,2,inner_validation,outer_training_local,1,70,calibrate:092,calibrate,92
development_repeated_nested_cv,4,2,inner_validation,outer_training_local,1,79,calibrate:101,calibrate,101
development_repeated_nested_cv,4,2,inner_validation,outer_training_local,1,82,calibrate:104,calibrate,104
development_repeated_nested_cv,4,2,inner_validation,outer_training_local,1,84,calibrate:106,calibrate,106
development_repeated_nested_cv,4,2,inner_validation,outer_training_local,1,87,calibrate:109,calibrate,109
development_repeated_nested_cv,4,2,inner_validation,outer_training_local,1,99,calibrate:125,calibrate,125
development_repeated_nested_cv,4,2,inner_validation,outer_training_local,1,104,calibrate:132,calibrate,132
development_repeated_nested_cv,4,2,inner_validation,outer_training_local,1,107,calibrate:135,calibrate,135
development_repeated_nested_cv,4,2,inner_validation,outer_training_local,1,109,calibrate:137,calibrate,137
development_repeated_nested_cv,4,2,inner_validation,outer_training_local,1,114,calibrate:142,calibrate,142
development_repeated_nested_cv,4,2,inner_validation,outer_training_local,1,126,validate:004,validate,4
development_repeated_nested_cv,4,2,inner_validation,outer_training_local,1,129,validate:007,validate,7
development_repeated_nested_cv,4,2,inner_validation,outer_training_local,1,132,validate:012,validate,12
development_repeated_nested_cv,4,2,inner_validation,outer_training_local,1,134,validate:015,validate,15
development_repeated_nested_cv,4,2,inner_validation,outer_training_local,1,135,validate:017,validate,17
development_repeated_nested_cv,4,2,inner_validation,outer_training_local,1,144,validate:027,validate,27
development_repeated_nested_cv,4,2,inner_validation,outer_training_local,1,155,validate:040,validate,40
development_repeated_nested_cv,4,2,inner_validation,outer_training_local,2,5,calibrate:008,calibrate,8
development_repeated_nested_cv,4,2,inner_validation,outer_training_local,2,7,calibrate:011,calibrate,11
development_repeated_nested_cv,4,2,inner_validation,outer_training_local,2,9,calibrate:013,calibrate,13
development_repeated_nested_cv,4,2,inner_validation,outer_training_local,2,24,calibrate:033,calibrate,33
development_repeated_nested_cv,4,2,inner_validation,outer_training_local,2,38,calibrate:051,calibrate,51
development_repeated_nested_cv,4,2,inner_validation,outer_training_local,2,39,calibrate:052,calibrate,52
development_repeated_nested_cv,4,2,inner_validation,outer_training_local,2,44,calibrate:058,calibrate,58
development_repeated_nested_cv,4,2,inner_validation,outer_training_local,2,48,calibrate:066,calibrate,66
development_repeated_nested_cv,4,2,inner_validation,outer_training_local,2,61,calibrate:082,calibrate,82
development_repeated_nested_cv,4,2,inner_validation,outer_training_local,2,62,calibrate:083,calibrate,83
development_repeated_nested_cv,4,2,inner_validation,outer_training_local,2,63,calibrate:084,calibrate,84
development_repeated_nested_cv,4,2,inner_validation,outer_training_local,2,73,calibrate:095,calibrate,95
development_repeated_nested_cv,4,2,inner_validation,outer_training_local,2,76,calibrate:098,calibrate,98
development_repeated_nested_cv,4,2,inner_validation,outer_training_local,2,80,calibrate:102,calibrate,102
development_repeated_nested_cv,4,2,inner_validation,outer_training_local,2,85,calibrate:107,calibrate,107
development_repeated_nested_cv,4,2,inner_validation,outer_training_local,2,88,calibrate:110,calibrate,110
development_repeated_nested_cv,4,2,inner_validation,outer_training_local,2,90,calibrate:112,calibrate,112
development_repeated_nested_cv,4,2,inner_validation,outer_training_local,2,96,calibrate:121,calibrate,121
development_repeated_nested_cv,4,2,inner_validation,outer_training_local,2,97,calibrate:122,calibrate,122
development_repeated_nested_cv,4,2,inner_validation,outer_training_local,2,100,calibrate:126,calibrate,126
development_repeated_nested_cv,4,2,inner_validation,outer_training_local,2,105,calibrate:133,calibrate,133
development_repeated_nested_cv,4,2,inner_validation,outer_training_local,2,112,calibrate:140,calibrate,140
development_repeated_nested_cv,4,2,inner_validation,outer_training_local,2,121,calibrate:153,calibrate,153
development_repeated_nested_cv,4,2,inner_validation,outer_training_local,2,122,calibrate:154,calibrate,154
development_repeated_nested_cv,4,2,inner_validation,outer_training_local,2,123,calibrate:155,calibrate,155
development_repeated_nested_cv,4,2,inner_validation,outer_training_local,2,124,validate:001,validate,1
development_repeated_nested_cv,4,2,inner_validation,outer_training_local,2,131,validate:010,validate,10
development_repeated_nested_cv,4,2,inner_validation,outer_training_local,2,148,validate:032,validate,32
development_repeated_nested_cv,4,2,inner_validation,outer_training_local,2,149,validate:033,validate,33
development_repeated_nested_cv,4,2,inner_validation,outer_training_local,2,151,validate:035,validate,35
development_repeated_nested_cv,4,2,inner_validation,outer_training_local,2,152,validate:036,validate,36
development_repeated_nested_cv,4,2,inner_validation,outer_training_local,3,3,calibrate:005,calibrate,5
development_repeated_nested_cv,4,2,inner_validation,outer_training_local,3,8,calibrate:012,calibrate,12
development_repeated_nested_cv,4,2,inner_validation,outer_training_local,3,17,calibrate:022,calibrate,22
development_repeated_nested_cv,4,2,inner_validation,outer_training_local,3,18,calibrate:024,calibrate,24
development_repeated_nested_cv,4,2,inner_validation,outer_training_local,3,19,calibrate:025,calibrate,25
development_repeated_nested_cv,4,2,inner_validation,outer_training_local,3,20,calibrate:027,calibrate,27
development_repeated_nested_cv,4,2,inner_validation,outer_training_local,3,21,calibrate:028,calibrate,28
development_repeated_nested_cv,4,2,inner_validation,outer_training_local,3,30,calibrate:043,calibrate,43
development_repeated_nested_cv,4,2,inner_validation,outer_training_local,3,33,calibrate:046,calibrate,46
development_repeated_nested_cv,4,2,inner_validation,outer_training_local,3,41,calibrate:054,calibrate,54
development_repeated_nested_cv,4,2,inner_validation,outer_training_local,3,50,calibrate:068,calibrate,68
development_repeated_nested_cv,4,2,inner_validation,outer_training_local,3,58,calibrate:077,calibrate,77
development_repeated_nested_cv,4,2,inner_validation,outer_training_local,3,59,calibrate:079,calibrate,79
development_repeated_nested_cv,4,2,inner_validation,outer_training_local,3,66,calibrate:087,calibrate,87
development_repeated_nested_cv,4,2,inner_validation,outer_training_local,3,71,calibrate:093,calibrate,93
development_repeated_nested_cv,4,2,inner_validation,outer_training_local,3,78,calibrate:100,calibrate,100
development_repeated_nested_cv,4,2,inner_validation,outer_training_local,3,81,calibrate:103,calibrate,103
development_repeated_nested_cv,4,2,inner_validation,outer_training_local,3,91,calibrate:114,calibrate,114
development_repeated_nested_cv,4,2,inner_validation,outer_training_local,3,92,calibrate:117,calibrate,117
development_repeated_nested_cv,4,2,inner_validation,outer_training_local,3,93,calibrate:118,calibrate,118
development_repeated_nested_cv,4,2,inner_validation,outer_training_local,3,101,calibrate:128,calibrate,128
development_repeated_nested_cv,4,2,inner_validation,outer_training_local,3,108,calibrate:136,calibrate,136
development_repeated_nested_cv,4,2,inner_validation,outer_training_local,3,110,calibrate:138,calibrate,138
development_repeated_nested_cv,4,2,inner_validation,outer_training_local,3,118,calibrate:150,calibrate,150
development_repeated_nested_cv,4,2,inner_validation,outer_training_local,3,119,calibrate:151,calibrate,151
development_repeated_nested_cv,4,2,inner_validation,outer_training_local,3,127,validate:005,validate,5
development_repeated_nested_cv,4,2,inner_validation,outer_training_local,3,128,validate:006,validate,6
development_repeated_nested_cv,4,2,inner_validation,outer_training_local,3,130,validate:009,validate,9
development_repeated_nested_cv,4,2,inner_validation,outer_training_local,3,141,validate:024,validate,24
development_repeated_nested_cv,4,2,inner_validation,outer_training_local,3,143,validate:026,validate,26
development_repeated_nested_cv,4,2,inner_validation,outer_training_local,3,147,validate:030,validate,30
development_repeated_nested_cv,4,2,inner_validation,outer_training_local,4,2,calibrate:003,calibrate,3
development_repeated_nested_cv,4,2,inner_validation,outer_training_local,4,6,calibrate:009,calibrate,9
development_repeated_nested_cv,4,2,inner_validation,outer_training_local,4,10,calibrate:014,calibrate,14
development_repeated_nested_cv,4,2,inner_validation,outer_training_local,4,13,calibrate:017,calibrate,17
development_repeated_nested_cv,4,2,inner_validation,outer_training_local,4,23,calibrate:032,calibrate,32
development_repeated_nested_cv,4,2,inner_validation,outer_training_local,4,27,calibrate:039,calibrate,39
development_repeated_nested_cv,4,2,inner_validation,outer_training_local,4,28,calibrate:040,calibrate,40
development_repeated_nested_cv,4,2,inner_validation,outer_training_local,4,29,calibrate:041,calibrate,41
development_repeated_nested_cv,4,2,inner_validation,outer_training_local,4,35,calibrate:048,calibrate,48
development_repeated_nested_cv,4,2,inner_validation,outer_training_local,4,36,calibrate:049,calibrate,49
development_repeated_nested_cv,4,2,inner_validation,outer_training_local,4,42,calibrate:055,calibrate,55
development_repeated_nested_cv,4,2,inner_validation,outer_training_local,4,45,calibrate:061,calibrate,61
development_repeated_nested_cv,4,2,inner_validation,outer_training_local,4,52,calibrate:071,calibrate,71
development_repeated_nested_cv,4,2,inner_validation,outer_training_local,4,56,calibrate:075,calibrate,75
development_repeated_nested_cv,4,2,inner_validation,outer_training_local,4,64,calibrate:085,calibrate,85
development_repeated_nested_cv,4,2,inner_validation,outer_training_local,4,68,calibrate:089,calibrate,89
development_repeated_nested_cv,4,2,inner_validation,outer_training_local,4,72,calibrate:094,calibrate,94
development_repeated_nested_cv,4,2,inner_validation,outer_training_local,4,74,calibrate:096,calibrate,96
development_repeated_nested_cv,4,2,inner_validation,outer_training_local,4,75,calibrate:097,calibrate,97
development_repeated_nested_cv,4,2,inner_validation,outer_training_local,4,86,calibrate:108,calibrate,108
development_repeated_nested_cv,4,2,inner_validation,outer_training_local,4,94,calibrate:119,calibrate,119
development_repeated_nested_cv,4,2,inner_validation,outer_training_local,4,103,calibrate:130,calibrate,130
development_repeated_nested_cv,4,2,inner_validation,outer_training_local,4,113,calibrate:141,calibrate,141
development_repeated_nested_cv,4,2,inner_validation,outer_training_local,4,116,calibrate:148,calibrate,148
development_repeated_nested_cv,4,2,inner_validation,outer_training_local,4,117,calibrate:149,calibrate,149
development_repeated_nested_cv,4,2,inner_validation,outer_training_local,4,125,validate:003,validate,3
development_repeated_nested_cv,4,2,inner_validation,outer_training_local,4,136,validate:018,validate,18
development_repeated_nested_cv,4,2,inner_validation,outer_training_local,4,138,validate:021,validate,21
development_repeated_nested_cv,4,2,inner_validation,outer_training_local,4,140,validate:023,validate,23
development_repeated_nested_cv,4,2,inner_validation,outer_training_local,4,146,validate:029,validate,29
development_repeated_nested_cv,4,2,inner_validation,outer_training_local,4,150,validate:034,validate,34
development_repeated_nested_cv,4,2,inner_validation,outer_training_local,4,154,validate:038,validate,38
development_repeated_nested_cv,4,2,inner_validation,outer_training_local,5,4,calibrate:006,calibrate,6
development_repeated_nested_cv,4,2,inner_validation,outer_training_local,5,12,calibrate:016,calibrate,16
development_repeated_nested_cv,4,2,inner_validation,outer_training_local,5,15,calibrate:020,calibrate,20
development_repeated_nested_cv,4,2,inner_validation,outer_training_local,5,16,calibrate:021,calibrate,21
development_repeated_nested_cv,4,2,inner_validation,outer_training_local,5,22,calibrate:030,calibrate,30
development_repeated_nested_cv,4,2,inner_validation,outer_training_local,5,25,calibrate:037,calibrate,37
development_repeated_nested_cv,4,2,inner_validation,outer_training_local,5,26,calibrate:038,calibrate,38
development_repeated_nested_cv,4,2,inner_validation,outer_training_local,5,37,calibrate:050,calibrate,50
development_repeated_nested_cv,4,2,inner_validation,outer_training_local,5,40,calibrate:053,calibrate,53
development_repeated_nested_cv,4,2,inner_validation,outer_training_local,5,43,calibrate:057,calibrate,57
development_repeated_nested_cv,4,2,inner_validation,outer_training_local,5,47,calibrate:064,calibrate,64
development_repeated_nested_cv,4,2,inner_validation,outer_training_local,5,49,calibrate:067,calibrate,67
development_repeated_nested_cv,4,2,inner_validation,outer_training_local,5,54,calibrate:073,calibrate,73
development_repeated_nested_cv,4,2,inner_validation,outer_training_local,5,60,calibrate:081,calibrate,81
development_repeated_nested_cv,4,2,inner_validation,outer_training_local,5,65,calibrate:086,calibrate,86
development_repeated_nested_cv,4,2,inner_validation,outer_training_local,5,77,calibrate:099,calibrate,99
development_repeated_nested_cv,4,2,inner_validation,outer_training_local,5,83,calibrate:105,calibrate,105
development_repeated_nested_cv,4,2,inner_validation,outer_training_local,5,89,calibrate:111,calibrate,111
development_repeated_nested_cv,4,2,inner_validation,outer_training_local,5,95,calibrate:120,calibrate,120
development_repeated_nested_cv,4,2,inner_validation,outer_training_local,5,98,calibrate:123,calibrate,123
development_repeated_nested_cv,4,2,inner_validation,outer_training_local,5,102,calibrate:129,calibrate,129
development_repeated_nested_cv,4,2,inner_validation,outer_training_local,5,106,calibrate:134,calibrate,134
development_repeated_nested_cv,4,2,inner_validation,outer_training_local,5,111,calibrate:139,calibrate,139
development_repeated_nested_cv,4,2,inner_validation,outer_training_local,5,115,calibrate:143,calibrate,143
development_repeated_nested_cv,4,2,inner_validation,outer_training_local,5,120,calibrate:152,calibrate,152
development_repeated_nested_cv,4,2,inner_validation,outer_training_local,5,133,validate:013,validate,13
development_repeated_nested_cv,4,2,inner_validation,outer_training_local,5,137,validate:019,validate,19
development_repeated_nested_cv,4,2,inner_validation,outer_training_local,5,139,validate:022,validate,22
development_repeated_nested_cv,4,2,inner_validation,outer_training_local,5,142,validate:025,validate,25
development_repeated_nested_cv,4,2,inner_validation,outer_training_local,5,145,validate:028,validate,28
development_repeated_nested_cv,4,2,inner_validation,outer_training_local,5,153,validate:037,validate,37
development_repeated_nested_cv,4,3,inner_validation,outer_training_local,1,0,calibrate:002,calibrate,2
development_repeated_nested_cv,4,3,inner_validation,outer_training_local,1,7,calibrate:010,calibrate,10
development_repeated_nested_cv,4,3,inner_validation,outer_training_local,1,14,calibrate:018,calibrate,18
development_repeated_nested_cv,4,3,inner_validation,outer_training_local,1,27,calibrate:032,calibrate,32
development_repeated_nested_cv,4,3,inner_validation,outer_training_local,1,29,calibrate:034,calibrate,34
development_repeated_nested_cv,4,3,inner_validation,outer_training_local,1,35,calibrate:042,calibrate,42
development_repeated_nested_cv,4,3,inner_validation,outer_training_local,1,41,calibrate:050,calibrate,50
development_repeated_nested_cv,4,3,inner_validation,outer_training_local,1,43,calibrate:052,calibrate,52
development_repeated_nested_cv,4,3,inner_validation,outer_training_local,1,51,calibrate:062,calibrate,62
development_repeated_nested_cv,4,3,inner_validation,outer_training_local,1,54,calibrate:066,calibrate,66
development_repeated_nested_cv,4,3,inner_validation,outer_training_local,1,56,calibrate:068,calibrate,68
development_repeated_nested_cv,4,3,inner_validation,outer_training_local,1,65,calibrate:079,calibrate,79
development_repeated_nested_cv,4,3,inner_validation,outer_training_local,1,66,calibrate:080,calibrate,80
development_repeated_nested_cv,4,3,inner_validation,outer_training_local,1,70,calibrate:086,calibrate,86
development_repeated_nested_cv,4,3,inner_validation,outer_training_local,1,72,calibrate:088,calibrate,88
development_repeated_nested_cv,4,3,inner_validation,outer_training_local,1,77,calibrate:093,calibrate,93
development_repeated_nested_cv,4,3,inner_validation,outer_training_local,1,86,calibrate:105,calibrate,105
development_repeated_nested_cv,4,3,inner_validation,outer_training_local,1,87,calibrate:107,calibrate,107
development_repeated_nested_cv,4,3,inner_validation,outer_training_local,1,97,calibrate:124,calibrate,124
development_repeated_nested_cv,4,3,inner_validation,outer_training_local,1,98,calibrate:125,calibrate,125
development_repeated_nested_cv,4,3,inner_validation,outer_training_local,1,100,calibrate:127,calibrate,127
development_repeated_nested_cv,4,3,inner_validation,outer_training_local,1,106,calibrate:134,calibrate,134
development_repeated_nested_cv,4,3,inner_validation,outer_training_local,1,108,calibrate:139,calibrate,139
development_repeated_nested_cv,4,3,inner_validation,outer_training_local,1,111,calibrate:143,calibrate,143
development_repeated_nested_cv,4,3,inner_validation,outer_training_local,1,120,calibrate:152,calibrate,152
development_repeated_nested_cv,4,3,inner_validation,outer_training_local,1,133,validate:015,validate,15
development_repeated_nested_cv,4,3,inner_validation,outer_training_local,1,143,validate:026,validate,26
development_repeated_nested_cv,4,3,inner_validation,outer_training_local,1,147,validate:032,validate,32
development_repeated_nested_cv,4,3,inner_validation,outer_training_local,1,149,validate:034,validate,34
development_repeated_nested_cv,4,3,inner_validation,outer_training_local,1,151,validate:036,validate,36
development_repeated_nested_cv,4,3,inner_validation,outer_training_local,1,154,validate:039,validate,39
development_repeated_nested_cv,4,3,inner_validation,outer_training_local,1,155,validate:040,validate,40
development_repeated_nested_cv,4,3,inner_validation,outer_training_local,2,8,calibrate:011,calibrate,11
development_repeated_nested_cv,4,3,inner_validation,outer_training_local,2,16,calibrate:020,calibrate,20
development_repeated_nested_cv,4,3,inner_validation,outer_training_local,2,21,calibrate:025,calibrate,25
development_repeated_nested_cv,4,3,inner_validation,outer_training_local,2,25,calibrate:030,calibrate,30
development_repeated_nested_cv,4,3,inner_validation,outer_training_local,2,38,calibrate:045,calibrate,45
development_repeated_nested_cv,4,3,inner_validation,outer_training_local,2,42,calibrate:051,calibrate,51
development_repeated_nested_cv,4,3,inner_validation,outer_training_local,2,49,calibrate:059,calibrate,59
development_repeated_nested_cv,4,3,inner_validation,outer_training_local,2,55,calibrate:067,calibrate,67
development_repeated_nested_cv,4,3,inner_validation,outer_training_local,2,61,calibrate:073,calibrate,73
development_repeated_nested_cv,4,3,inner_validation,outer_training_local,2,63,calibrate:077,calibrate,77
development_repeated_nested_cv,4,3,inner_validation,outer_training_local,2,67,calibrate:081,calibrate,81
development_repeated_nested_cv,4,3,inner_validation,outer_training_local,2,69,calibrate:085,calibrate,85
development_repeated_nested_cv,4,3,inner_validation,outer_training_local,2,79,calibrate:095,calibrate,95
development_repeated_nested_cv,4,3,inner_validation,outer_training_local,2,80,calibrate:097,calibrate,97
development_repeated_nested_cv,4,3,inner_validation,outer_training_local,2,81,calibrate:099,calibrate,99
development_repeated_nested_cv,4,3,inner_validation,outer_training_local,2,90,calibrate:113,calibrate,113
development_repeated_nested_cv,4,3,inner_validation,outer_training_local,2,93,calibrate:116,calibrate,116
development_repeated_nested_cv,4,3,inner_validation,outer_training_local,2,94,calibrate:118,calibrate,118
development_repeated_nested_cv,4,3,inner_validation,outer_training_local,2,102,calibrate:129,calibrate,129
development_repeated_nested_cv,4,3,inner_validation,outer_training_local,2,103,calibrate:131,calibrate,131
development_repeated_nested_cv,4,3,inner_validation,outer_training_local,2,105,calibrate:133,calibrate,133
development_repeated_nested_cv,4,3,inner_validation,outer_training_local,2,115,calibrate:147,calibrate,147
development_repeated_nested_cv,4,3,inner_validation,outer_training_local,2,116,calibrate:148,calibrate,148
development_repeated_nested_cv,4,3,inner_validation,outer_training_local,2,117,calibrate:149,calibrate,149
development_repeated_nested_cv,4,3,inner_validation,outer_training_local,2,122,calibrate:154,calibrate,154
development_repeated_nested_cv,4,3,inner_validation,outer_training_local,2,126,validate:003,validate,3
development_repeated_nested_cv,4,3,inner_validation,outer_training_local,2,131,validate:011,validate,11
development_repeated_nested_cv,4,3,inner_validation,outer_training_local,2,140,validate:022,validate,22
development_repeated_nested_cv,4,3,inner_validation,outer_training_local,2,141,validate:023,validate,23
development_repeated_nested_cv,4,3,inner_validation,outer_training_local,2,142,validate:025,validate,25
development_repeated_nested_cv,4,3,inner_validation,outer_training_local,2,150,validate:035,validate,35
development_repeated_nested_cv,4,3,inner_validation,outer_training_local,3,4,calibrate:007,calibrate,7
development_repeated_nested_cv,4,3,inner_validation,outer_training_local,3,5,calibrate:008,calibrate,8
development_repeated_nested_cv,4,3,inner_validation,outer_training_local,3,10,calibrate:013,calibrate,13
development_repeated_nested_cv,4,3,inner_validation,outer_training_local,3,12,calibrate:015,calibrate,15
development_repeated_nested_cv,4,3,inner_validation,outer_training_local,3,17,calibrate:021,calibrate,21
development_repeated_nested_cv,4,3,inner_validation,outer_training_local,3,24,calibrate:029,calibrate,29
development_repeated_nested_cv,4,3,inner_validation,outer_training_local,3,26,calibrate:031,calibrate,31
development_repeated_nested_cv,4,3,inner_validation,outer_training_local,3,31,calibrate:036,calibrate,36
development_repeated_nested_cv,4,3,inner_validation,outer_training_local,3,39,calibrate:046,calibrate,46
development_repeated_nested_cv,4,3,inner_validation,outer_training_local,3,44,calibrate:053,calibrate,53
development_repeated_nested_cv,4,3,inner_validation,outer_training_local,3,46,calibrate:056,calibrate,56
development_repeated_nested_cv,4,3,inner_validation,outer_training_local,3,47,calibrate:057,calibrate,57
development_repeated_nested_cv,4,3,inner_validation,outer_training_local,3,57,calibrate:069,calibrate,69
development_repeated_nested_cv,4,3,inner_validation,outer_training_local,3,58,calibrate:070,calibrate,70
development_repeated_nested_cv,4,3,inner_validation,outer_training_local,3,60,calibrate:072,calibrate,72
development_repeated_nested_cv,4,3,inner_validation,outer_training_local,3,75,calibrate:091,calibrate,91
development_repeated_nested_cv,4,3,inner_validation,outer_training_local,3,78,calibrate:094,calibrate,94
development_repeated_nested_cv,4,3,inner_validation,outer_training_local,3,83,calibrate:101,calibrate,101
development_repeated_nested_cv,4,3,inner_validation,outer_training_local,3,84,calibrate:103,calibrate,103
development_repeated_nested_cv,4,3,inner_validation,outer_training_local,3,92,calibrate:115,calibrate,115
development_repeated_nested_cv,4,3,inner_validation,outer_training_local,3,104,calibrate:132,calibrate,132
development_repeated_nested_cv,4,3,inner_validation,outer_training_local,3,107,calibrate:136,calibrate,136
development_repeated_nested_cv,4,3,inner_validation,outer_training_local,3,112,calibrate:144,calibrate,144
development_repeated_nested_cv,4,3,inner_validation,outer_training_local,3,114,calibrate:146,calibrate,146
development_repeated_nested_cv,4,3,inner_validation,outer_training_local,3,121,calibrate:153,calibrate,153
development_repeated_nested_cv,4,3,inner_validation,outer_training_local,3,125,validate:002,validate,2
development_repeated_nested_cv,4,3,inner_validation,outer_training_local,3,135,validate:017,validate,17
development_repeated_nested_cv,4,3,inner_validation,outer_training_local,3,138,validate:020,validate,20
development_repeated_nested_cv,4,3,inner_validation,outer_training_local,3,139,validate:021,validate,21
development_repeated_nested_cv,4,3,inner_validation,outer_training_local,3,146,validate:031,validate,31
development_repeated_nested_cv,4,3,inner_validation,outer_training_local,3,153,validate:038,validate,38
development_repeated_nested_cv,4,3,inner_validation,outer_training_local,4,2,calibrate:004,calibrate,4
development_repeated_nested_cv,4,3,inner_validation,outer_training_local,4,11,calibrate:014,calibrate,14
development_repeated_nested_cv,4,3,inner_validation,outer_training_local,4,15,calibrate:019,calibrate,19
development_repeated_nested_cv,4,3,inner_validation,outer_training_local,4,18,calibrate:022,calibrate,22
development_repeated_nested_cv,4,3,inner_validation,outer_training_local,4,20,calibrate:024,calibrate,24
development_repeated_nested_cv,4,3,inner_validation,outer_training_local,4,22,calibrate:026,calibrate,26
development_repeated_nested_cv,4,3,inner_validation,outer_training_local,4,28,calibrate:033,calibrate,33
development_repeated_nested_cv,4,3,inner_validation,outer_training_local,4,32,calibrate:038,calibrate,38
development_repeated_nested_cv,4,3,inner_validation,outer_training_local,4,34,calibrate:040,calibrate,40
development_repeated_nested_cv,4,3,inner_validation,outer_training_local,4,40,calibrate:048,calibrate,48
development_repeated_nested_cv,4,3,inner_validation,outer_training_local,4,48,calibrate:058,calibrate,58
development_repeated_nested_cv,4,3,inner_validation,outer_training_local,4,50,calibrate:060,calibrate,60
development_repeated_nested_cv,4,3,inner_validation,outer_training_local,4,59,calibrate:071,calibrate,71
development_repeated_nested_cv,4,3,inner_validation,outer_training_local,4,62,calibrate:076,calibrate,76
development_repeated_nested_cv,4,3,inner_validation,outer_training_local,4,64,calibrate:078,calibrate,78
development_repeated_nested_cv,4,3,inner_validation,outer_training_local,4,68,calibrate:084,calibrate,84
development_repeated_nested_cv,4,3,inner_validation,outer_training_local,4,82,calibrate:100,calibrate,100
development_repeated_nested_cv,4,3,inner_validation,outer_training_local,4,85,calibrate:104,calibrate,104
development_repeated_nested_cv,4,3,inner_validation,outer_training_local,4,88,calibrate:108,calibrate,108
development_repeated_nested_cv,4,3,inner_validation,outer_training_local,4,91,calibrate:114,calibrate,114
development_repeated_nested_cv,4,3,inner_validation,outer_training_local,4,96,calibrate:122,calibrate,122
development_repeated_nested_cv,4,3,inner_validation,outer_training_local,4,109,calibrate:140,calibrate,140
development_repeated_nested_cv,4,3,inner_validation,outer_training_local,4,110,calibrate:142,calibrate,142
development_repeated_nested_cv,4,3,inner_validation,outer_training_local,4,119,calibrate:151,calibrate,151
development_repeated_nested_cv,4,3,inner_validation,outer_training_local,4,127,validate:006,validate,6
development_repeated_nested_cv,4,3,inner_validation,outer_training_local,4,128,validate:007,validate,7
development_repeated_nested_cv,4,3,inner_validation,outer_training_local,4,129,validate:008,validate,8
development_repeated_nested_cv,4,3,inner_validation,outer_training_local,4,134,validate:016,validate,16
development_repeated_nested_cv,4,3,inner_validation,outer_training_local,4,137,validate:019,validate,19
development_repeated_nested_cv,4,3,inner_validation,outer_training_local,4,144,validate:027,validate,27
development_repeated_nested_cv,4,3,inner_validation,outer_training_local,4,152,validate:037,validate,37
development_repeated_nested_cv,4,3,inner_validation,outer_training_local,5,1,calibrate:003,calibrate,3
development_repeated_nested_cv,4,3,inner_validation,outer_training_local,5,3,calibrate:006,calibrate,6
development_repeated_nested_cv,4,3,inner_validation,outer_training_local,5,6,calibrate:009,calibrate,9
development_repeated_nested_cv,4,3,inner_validation,outer_training_local,5,9,calibrate:012,calibrate,12
development_repeated_nested_cv,4,3,inner_validation,outer_training_local,5,13,calibrate:017,calibrate,17
development_repeated_nested_cv,4,3,inner_validation,outer_training_local,5,19,calibrate:023,calibrate,23
development_repeated_nested_cv,4,3,inner_validation,outer_training_local,5,23,calibrate:027,calibrate,27
development_repeated_nested_cv,4,3,inner_validation,outer_training_local,5,30,calibrate:035,calibrate,35
development_repeated_nested_cv,4,3,inner_validation,outer_training_local,5,33,calibrate:039,calibrate,39
development_repeated_nested_cv,4,3,inner_validation,outer_training_local,5,36,calibrate:043,calibrate,43
development_repeated_nested_cv,4,3,inner_validation,outer_training_local,5,37,calibrate:044,calibrate,44
development_repeated_nested_cv,4,3,inner_validation,outer_training_local,5,45,calibrate:055,calibrate,55
development_repeated_nested_cv,4,3,inner_validation,outer_training_local,5,52,calibrate:063,calibrate,63
development_repeated_nested_cv,4,3,inner_validation,outer_training_local,5,53,calibrate:065,calibrate,65
development_repeated_nested_cv,4,3,inner_validation,outer_training_local,5,71,calibrate:087,calibrate,87
development_repeated_nested_cv,4,3,inner_validation,outer_training_local,5,73,calibrate:089,calibrate,89
development_repeated_nested_cv,4,3,inner_validation,outer_training_local,5,74,calibrate:090,calibrate,90
development_repeated_nested_cv,4,3,inner_validation,outer_training_local,5,76,calibrate:092,calibrate,92
development_repeated_nested_cv,4,3,inner_validation,outer_training_local,5,89,calibrate:110,calibrate,110
development_repeated_nested_cv,4,3,inner_validation,outer_training_local,5,95,calibrate:121,calibrate,121
development_repeated_nested_cv,4,3,inner_validation,outer_training_local,5,99,calibrate:126,calibrate,126
development_repeated_nested_cv,4,3,inner_validation,outer_training_local,5,101,calibrate:128,calibrate,128
development_repeated_nested_cv,4,3,inner_validation,outer_training_local,5,113,calibrate:145,calibrate,145
development_repeated_nested_cv,4,3,inner_validation,outer_training_local,5,118,calibrate:150,calibrate,150
development_repeated_nested_cv,4,3,inner_validation,outer_training_local,5,123,calibrate:155,calibrate,155
development_repeated_nested_cv,4,3,inner_validation,outer_training_local,5,124,validate:001,validate,1
development_repeated_nested_cv,4,3,inner_validation,outer_training_local,5,130,validate:010,validate,10
development_repeated_nested_cv,4,3,inner_validation,outer_training_local,5,132,validate:014,validate,14
development_repeated_nested_cv,4,3,inner_validation,outer_training_local,5,136,validate:018,validate,18
development_repeated_nested_cv,4,3,inner_validation,outer_training_local,5,145,validate:028,validate,28
development_repeated_nested_cv,4,3,inner_validation,outer_training_local,5,148,validate:033,validate,33
development_repeated_nested_cv,4,4,inner_validation,outer_training_local,1,1,calibrate:002,calibrate,2
development_repeated_nested_cv,4,4,inner_validation,outer_training_local,1,9,calibrate:012,calibrate,12
development_repeated_nested_cv,4,4,inner_validation,outer_training_local,1,18,calibrate:022,calibrate,22
development_repeated_nested_cv,4,4,inner_validation,outer_training_local,1,27,calibrate:032,calibrate,32
development_repeated_nested_cv,4,4,inner_validation,outer_training_local,1,40,calibrate:048,calibrate,48
development_repeated_nested_cv,4,4,inner_validation,outer_training_local,1,47,calibrate:057,calibrate,57
development_repeated_nested_cv,4,4,inner_validation,outer_training_local,1,51,calibrate:062,calibrate,62
development_repeated_nested_cv,4,4,inner_validation,outer_training_local,1,56,calibrate:067,calibrate,67
development_repeated_nested_cv,4,4,inner_validation,outer_training_local,1,63,calibrate:074,calibrate,74
development_repeated_nested_cv,4,4,inner_validation,outer_training_local,1,66,calibrate:078,calibrate,78
development_repeated_nested_cv,4,4,inner_validation,outer_training_local,1,70,calibrate:084,calibrate,84
development_repeated_nested_cv,4,4,inner_validation,outer_training_local,1,74,calibrate:092,calibrate,92
development_repeated_nested_cv,4,4,inner_validation,outer_training_local,1,75,calibrate:094,calibrate,94
development_repeated_nested_cv,4,4,inner_validation,outer_training_local,1,78,calibrate:098,calibrate,98
development_repeated_nested_cv,4,4,inner_validation,outer_training_local,1,81,calibrate:103,calibrate,103
development_repeated_nested_cv,4,4,inner_validation,outer_training_local,1,84,calibrate:107,calibrate,107
development_repeated_nested_cv,4,4,inner_validation,outer_training_local,1,85,calibrate:108,calibrate,108
development_repeated_nested_cv,4,4,inner_validation,outer_training_local,1,88,calibrate:112,calibrate,112
development_repeated_nested_cv,4,4,inner_validation,outer_training_local,1,91,calibrate:115,calibrate,115
development_repeated_nested_cv,4,4,inner_validation,outer_training_local,1,106,calibrate:135,calibrate,135
development_repeated_nested_cv,4,4,inner_validation,outer_training_local,1,107,calibrate:136,calibrate,136
development_repeated_nested_cv,4,4,inner_validation,outer_training_local,1,112,calibrate:142,calibrate,142
development_repeated_nested_cv,4,4,inner_validation,outer_training_local,1,119,calibrate:150,calibrate,150
development_repeated_nested_cv,4,4,inner_validation,outer_training_local,1,122,calibrate:154,calibrate,154
development_repeated_nested_cv,4,4,inner_validation,outer_training_local,1,126,validate:004,validate,4
development_repeated_nested_cv,4,4,inner_validation,outer_training_local,1,128,validate:007,validate,7
development_repeated_nested_cv,4,4,inner_validation,outer_training_local,1,129,validate:008,validate,8
development_repeated_nested_cv,4,4,inner_validation,outer_training_local,1,137,validate:016,validate,16
development_repeated_nested_cv,4,4,inner_validation,outer_training_local,1,142,validate:023,validate,23
development_repeated_nested_cv,4,4,inner_validation,outer_training_local,1,152,validate:035,validate,35
development_repeated_nested_cv,4,4,inner_validation,outer_training_local,2,0,calibrate:001,calibrate,1
development_repeated_nested_cv,4,4,inner_validation,outer_training_local,2,10,calibrate:013,calibrate,13
development_repeated_nested_cv,4,4,inner_validation,outer_training_local,2,11,calibrate:014,calibrate,14
development_repeated_nested_cv,4,4,inner_validation,outer_training_local,2,13,calibrate:016,calibrate,16
development_repeated_nested_cv,4,4,inner_validation,outer_training_local,2,15,calibrate:019,calibrate,19
development_repeated_nested_cv,4,4,inner_validation,outer_training_local,2,20,calibrate:024,calibrate,24
development_repeated_nested_cv,4,4,inner_validation,outer_training_local,2,23,calibrate:027,calibrate,27
development_repeated_nested_cv,4,4,inner_validation,outer_training_local,2,25,calibrate:029,calibrate,29
development_repeated_nested_cv,4,4,inner_validation,outer_training_local,2,28,calibrate:033,calibrate,33
development_repeated_nested_cv,4,4,inner_validation,outer_training_local,2,29,calibrate:034,calibrate,34
development_repeated_nested_cv,4,4,inner_validation,outer_training_local,2,35,calibrate:041,calibrate,41
development_repeated_nested_cv,4,4,inner_validation,outer_training_local,2,38,calibrate:046,calibrate,46
development_repeated_nested_cv,4,4,inner_validation,outer_training_local,2,39,calibrate:047,calibrate,47
development_repeated_nested_cv,4,4,inner_validation,outer_training_local,2,43,calibrate:052,calibrate,52
development_repeated_nested_cv,4,4,inner_validation,outer_training_local,2,44,calibrate:053,calibrate,53
development_repeated_nested_cv,4,4,inner_validation,outer_training_local,2,53,calibrate:064,calibrate,64
development_repeated_nested_cv,4,4,inner_validation,outer_training_local,2,57,calibrate:068,calibrate,68
development_repeated_nested_cv,4,4,inner_validation,outer_training_local,2,68,calibrate:082,calibrate,82
development_repeated_nested_cv,4,4,inner_validation,outer_training_local,2,71,calibrate:086,calibrate,86
development_repeated_nested_cv,4,4,inner_validation,outer_training_local,2,79,calibrate:101,calibrate,101
development_repeated_nested_cv,4,4,inner_validation,outer_training_local,2,80,calibrate:102,calibrate,102
development_repeated_nested_cv,4,4,inner_validation,outer_training_local,2,97,calibrate:122,calibrate,122
development_repeated_nested_cv,4,4,inner_validation,outer_training_local,2,108,calibrate:137,calibrate,137
development_repeated_nested_cv,4,4,inner_validation,outer_training_local,2,111,calibrate:141,calibrate,141
development_repeated_nested_cv,4,4,inner_validation,outer_training_local,2,118,calibrate:148,calibrate,148
development_repeated_nested_cv,4,4,inner_validation,outer_training_local,2,131,validate:010,validate,10
development_repeated_nested_cv,4,4,inner_validation,outer_training_local,2,134,validate:013,validate,13
development_repeated_nested_cv,4,4,inner_validation,outer_training_local,2,136,validate:015,validate,15
development_repeated_nested_cv,4,4,inner_validation,outer_training_local,2,138,validate:018,validate,18
development_repeated_nested_cv,4,4,inner_validation,outer_training_local,2,144,validate:026,validate,26
development_repeated_nested_cv,4,4,inner_validation,outer_training_local,2,147,validate:029,validate,29
development_repeated_nested_cv,4,4,inner_validation,outer_training_local,2,150,validate:032,validate,32
development_repeated_nested_cv,4,4,inner_validation,outer_training_local,3,2,calibrate:004,calibrate,4
development_repeated_nested_cv,4,4,inner_validation,outer_training_local,3,8,calibrate:011,calibrate,11
development_repeated_nested_cv,4,4,inner_validation,outer_training_local,3,12,calibrate:015,calibrate,15
development_repeated_nested_cv,4,4,inner_validation,outer_training_local,3,17,calibrate:021,calibrate,21
development_repeated_nested_cv,4,4,inner_validation,outer_training_local,3,22,calibrate:026,calibrate,26
development_repeated_nested_cv,4,4,inner_validation,outer_training_local,3,24,calibrate:028,calibrate,28
development_repeated_nested_cv,4,4,inner_validation,outer_training_local,3,26,calibrate:031,calibrate,31
development_repeated_nested_cv,4,4,inner_validation,outer_training_local,3,30,calibrate:035,calibrate,35
development_repeated_nested_cv,4,4,inner_validation,outer_training_local,3,36,calibrate:042,calibrate,42
development_repeated_nested_cv,4,4,inner_validation,outer_training_local,3,52,calibrate:063,calibrate,63
development_repeated_nested_cv,4,4,inner_validation,outer_training_local,3,54,calibrate:065,calibrate,65
development_repeated_nested_cv,4,4,inner_validation,outer_training_local,3,55,calibrate:066,calibrate,66
development_repeated_nested_cv,4,4,inner_validation,outer_training_local,3,62,calibrate:073,calibrate,73
development_repeated_nested_cv,4,4,inner_validation,outer_training_local,3,65,calibrate:076,calibrate,76
development_repeated_nested_cv,4,4,inner_validation,outer_training_local,3,69,calibrate:083,calibrate,83
development_repeated_nested_cv,4,4,inner_validation,outer_training_local,3,83,calibrate:106,calibrate,106
development_repeated_nested_cv,4,4,inner_validation,outer_training_local,3,92,calibrate:116,calibrate,116
development_repeated_nested_cv,4,4,inner_validation,outer_training_local,3,93,calibrate:117,calibrate,117
development_repeated_nested_cv,4,4,inner_validation,outer_training_local,3,94,calibrate:119,calibrate,119
development_repeated_nested_cv,4,4,inner_validation,outer_training_local,3,103,calibrate:130,calibrate,130
development_repeated_nested_cv,4,4,inner_validation,outer_training_local,3,105,calibrate:132,calibrate,132
development_repeated_nested_cv,4,4,inner_validation,outer_training_local,3,109,calibrate:138,calibrate,138
development_repeated_nested_cv,4,4,inner_validation,outer_training_local,3,115,calibrate:145,calibrate,145
development_repeated_nested_cv,4,4,inner_validation,outer_training_local,3,116,calibrate:146,calibrate,146
development_repeated_nested_cv,4,4,inner_validation,outer_training_local,3,121,calibrate:153,calibrate,153
development_repeated_nested_cv,4,4,inner_validation,outer_training_local,3,130,validate:009,validate,9
development_repeated_nested_cv,4,4,inner_validation,outer_training_local,3,132,validate:011,validate,11
development_repeated_nested_cv,4,4,inner_validation,outer_training_local,3,135,validate:014,validate,14
development_repeated_nested_cv,4,4,inner_validation,outer_training_local,3,139,validate:019,validate,19
development_repeated_nested_cv,4,4,inner_validation,outer_training_local,3,141,validate:022,validate,22
development_repeated_nested_cv,4,4,inner_validation,outer_training_local,3,153,validate:036,validate,36
development_repeated_nested_cv,4,4,inner_validation,outer_training_local,4,4,calibrate:007,calibrate,7
development_repeated_nested_cv,4,4,inner_validation,outer_training_local,4,5,calibrate:008,calibrate,8
development_repeated_nested_cv,4,4,inner_validation,outer_training_local,4,14,calibrate:017,calibrate,17
development_repeated_nested_cv,4,4,inner_validation,outer_training_local,4,16,calibrate:020,calibrate,20
development_repeated_nested_cv,4,4,inner_validation,outer_training_local,4,32,calibrate:037,calibrate,37
development_repeated_nested_cv,4,4,inner_validation,outer_training_local,4,33,calibrate:039,calibrate,39
development_repeated_nested_cv,4,4,inner_validation,outer_training_local,4,34,calibrate:040,calibrate,40
development_repeated_nested_cv,4,4,inner_validation,outer_training_local,4,41,calibrate:049,calibrate,49
development_repeated_nested_cv,4,4,inner_validation,outer_training_local,4,49,calibrate:060,calibrate,60
development_repeated_nested_cv,4,4,inner_validation,outer_training_local,4,50,calibrate:061,calibrate,61
development_repeated_nested_cv,4,4,inner_validation,outer_training_local,4,60,calibrate:071,calibrate,71
development_repeated_nested_cv,4,4,inner_validation,outer_training_local,4,64,calibrate:075,calibrate,75
development_repeated_nested_cv,4,4,inner_validation,outer_training_local,4,72,calibrate:090,calibrate,90
development_repeated_nested_cv,4,4,inner_validation,outer_training_local,4,77,calibrate:097,calibrate,97
development_repeated_nested_cv,4,4,inner_validation,outer_training_local,4,82,calibrate:105,calibrate,105
development_repeated_nested_cv,4,4,inner_validation,outer_training_local,4,89,calibrate:113,calibrate,113
development_repeated_nested_cv,4,4,inner_validation,outer_training_local,4,96,calibrate:121,calibrate,121
development_repeated_nested_cv,4,4,inner_validation,outer_training_local,4,98,calibrate:123,calibrate,123
development_repeated_nested_cv,4,4,inner_validation,outer_training_local,4,100,calibrate:127,calibrate,127
development_repeated_nested_cv,4,4,inner_validation,outer_training_local,4,101,calibrate:128,calibrate,128
development_repeated_nested_cv,4,4,inner_validation,outer_training_local,4,102,calibrate:129,calibrate,129
development_repeated_nested_cv,4,4,inner_validation,outer_training_local,4,104,calibrate:131,calibrate,131
development_repeated_nested_cv,4,4,inner_validation,outer_training_local,4,110,calibrate:140,calibrate,140
development_repeated_nested_cv,4,4,inner_validation,outer_training_local,4,113,calibrate:143,calibrate,143
development_repeated_nested_cv,4,4,inner_validation,outer_training_local,4,117,calibrate:147,calibrate,147
development_repeated_nested_cv,4,4,inner_validation,outer_training_local,4,124,validate:001,validate,1
development_repeated_nested_cv,4,4,inner_validation,outer_training_local,4,140,validate:020,validate,20
development_repeated_nested_cv,4,4,inner_validation,outer_training_local,4,143,validate:024,validate,24
development_repeated_nested_cv,4,4,inner_validation,outer_training_local,4,146,validate:028,validate,28
development_repeated_nested_cv,4,4,inner_validation,outer_training_local,4,151,validate:033,validate,33
development_repeated_nested_cv,4,4,inner_validation,outer_training_local,4,154,validate:038,validate,38
development_repeated_nested_cv,4,4,inner_validation,outer_training_local,5,3,calibrate:005,calibrate,5
development_repeated_nested_cv,4,4,inner_validation,outer_training_local,5,6,calibrate:009,calibrate,9
development_repeated_nested_cv,4,4,inner_validation,outer_training_local,5,7,calibrate:010,calibrate,10
development_repeated_nested_cv,4,4,inner_validation,outer_training_local,5,19,calibrate:023,calibrate,23
development_repeated_nested_cv,4,4,inner_validation,outer_training_local,5,21,calibrate:025,calibrate,25
development_repeated_nested_cv,4,4,inner_validation,outer_training_local,5,31,calibrate:036,calibrate,36
development_repeated_nested_cv,4,4,inner_validation,outer_training_local,5,37,calibrate:044,calibrate,44
development_repeated_nested_cv,4,4,inner_validation,outer_training_local,5,42,calibrate:051,calibrate,51
development_repeated_nested_cv,4,4,inner_validation,outer_training_local,5,45,calibrate:054,calibrate,54
development_repeated_nested_cv,4,4,inner_validation,outer_training_local,5,46,calibrate:056,calibrate,56
development_repeated_nested_cv,4,4,inner_validation,outer_training_local,5,48,calibrate:059,calibrate,59
development_repeated_nested_cv,4,4,inner_validation,outer_training_local,5,58,calibrate:069,calibrate,69
development_repeated_nested_cv,4,4,inner_validation,outer_training_local,5,59,calibrate:070,calibrate,70
development_repeated_nested_cv,4,4,inner_validation,outer_training_local,5,61,calibrate:072,calibrate,72
development_repeated_nested_cv,4,4,inner_validation,outer_training_local,5,67,calibrate:080,calibrate,80
development_repeated_nested_cv,4,4,inner_validation,outer_training_local,5,73,calibrate:091,calibrate,91
development_repeated_nested_cv,4,4,inner_validation,outer_training_local,5,76,calibrate:096,calibrate,96
development_repeated_nested_cv,4,4,inner_validation,outer_training_local,5,86,calibrate:109,calibrate,109
development_repeated_nested_cv,4,4,inner_validation,outer_training_local,5,87,calibrate:111,calibrate,111
development_repeated_nested_cv,4,4,inner_validation,outer_training_local,5,90,calibrate:114,calibrate,114
development_repeated_nested_cv,4,4,inner_validation,outer_training_local,5,95,calibrate:120,calibrate,120
development_repeated_nested_cv,4,4,inner_validation,outer_training_local,5,99,calibrate:124,calibrate,124
development_repeated_nested_cv,4,4,inner_validation,outer_training_local,5,114,calibrate:144,calibrate,144
development_repeated_nested_cv,4,4,inner_validation,outer_training_local,5,120,calibrate:152,calibrate,152
development_repeated_nested_cv,4,4,inner_validation,outer_training_local,5,123,calibrate:155,calibrate,155
development_repeated_nested_cv,4,4,inner_validation,outer_training_local,5,125,validate:002,validate,2
development_repeated_nested_cv,4,4,inner_validation,outer_training_local,5,127,validate:005,validate,5
development_repeated_nested_cv,4,4,inner_validation,outer_training_local,5,133,validate:012,validate,12
development_repeated_nested_cv,4,4,inner_validation,outer_training_local,5,145,validate:027,validate,27
development_repeated_nested_cv,4,4,inner_validation,outer_training_local,5,148,validate:030,validate,30
development_repeated_nested_cv,4,4,inner_validation,outer_training_local,5,149,validate:031,validate,31
development_repeated_nested_cv,4,4,inner_validation,outer_training_local,5,155,validate:039,validate,39
development_repeated_nested_cv,4,5,inner_validation,outer_training_local,1,4,calibrate:006,calibrate,6
development_repeated_nested_cv,4,5,inner_validation,outer_training_local,1,6,calibrate:010,calibrate,10
development_repeated_nested_cv,4,5,inner_validation,outer_training_local,1,19,calibrate:027,calibrate,27
development_repeated_nested_cv,4,5,inner_validation,outer_training_local,1,22,calibrate:030,calibrate,30
development_repeated_nested_cv,4,5,inner_validation,outer_training_local,1,30,calibrate:040,calibrate,40
development_repeated_nested_cv,4,5,inner_validation,outer_training_local,1,32,calibrate:042,calibrate,42
development_repeated_nested_cv,4,5,inner_validation,outer_training_local,1,37,calibrate:048,calibrate,48
development_repeated_nested_cv,4,5,inner_validation,outer_training_local,1,40,calibrate:051,calibrate,51
development_repeated_nested_cv,4,5,inner_validation,outer_training_local,1,44,calibrate:057,calibrate,57
development_repeated_nested_cv,4,5,inner_validation,outer_training_local,1,46,calibrate:059,calibrate,59
development_repeated_nested_cv,4,5,inner_validation,outer_training_local,1,49,calibrate:062,calibrate,62
development_repeated_nested_cv,4,5,inner_validation,outer_training_local,1,52,calibrate:067,calibrate,67
development_repeated_nested_cv,4,5,inner_validation,outer_training_local,1,54,calibrate:070,calibrate,70
development_repeated_nested_cv,4,5,inner_validation,outer_training_local,1,55,calibrate:072,calibrate,72
development_repeated_nested_cv,4,5,inner_validation,outer_training_local,1,65,calibrate:083,calibrate,83
development_repeated_nested_cv,4,5,inner_validation,outer_training_local,1,68,calibrate:087,calibrate,87
development_repeated_nested_cv,4,5,inner_validation,outer_training_local,1,73,calibrate:095,calibrate,95
development_repeated_nested_cv,4,5,inner_validation,outer_training_local,1,83,calibrate:109,calibrate,109
development_repeated_nested_cv,4,5,inner_validation,outer_training_local,1,87,calibrate:113,calibrate,113
development_repeated_nested_cv,4,5,inner_validation,outer_training_local,1,89,calibrate:115,calibrate,115
development_repeated_nested_cv,4,5,inner_validation,outer_training_local,1,92,calibrate:118,calibrate,118
development_repeated_nested_cv,4,5,inner_validation,outer_training_local,1,103,calibrate:131,calibrate,131
development_repeated_nested_cv,4,5,inner_validation,outer_training_local,1,109,calibrate:138,calibrate,138
development_repeated_nested_cv,4,5,inner_validation,outer_training_local,1,111,calibrate:140,calibrate,140
development_repeated_nested_cv,4,5,inner_validation,outer_training_local,1,121,calibrate:151,calibrate,151
development_repeated_nested_cv,4,5,inner_validation,outer_training_local,1,125,validate:003,validate,3
development_repeated_nested_cv,4,5,inner_validation,outer_training_local,1,132,validate:011,validate,11
development_repeated_nested_cv,4,5,inner_validation,outer_training_local,1,134,validate:013,validate,13
development_repeated_nested_cv,4,5,inner_validation,outer_training_local,1,139,validate:020,validate,20
development_repeated_nested_cv,4,5,inner_validation,outer_training_local,1,141,validate:024,validate,24
development_repeated_nested_cv,4,5,inner_validation,outer_training_local,1,146,validate:030,validate,30
development_repeated_nested_cv,4,5,inner_validation,outer_training_local,1,155,validate:040,validate,40
development_repeated_nested_cv,4,5,inner_validation,outer_training_local,2,0,calibrate:001,calibrate,1
development_repeated_nested_cv,4,5,inner_validation,outer_training_local,2,8,calibrate:013,calibrate,13
development_repeated_nested_cv,4,5,inner_validation,outer_training_local,2,15,calibrate:022,calibrate,22
development_repeated_nested_cv,4,5,inner_validation,outer_training_local,2,17,calibrate:025,calibrate,25
development_repeated_nested_cv,4,5,inner_validation,outer_training_local,2,21,calibrate:029,calibrate,29
development_repeated_nested_cv,4,5,inner_validation,outer_training_local,2,38,calibrate:049,calibrate,49
development_repeated_nested_cv,4,5,inner_validation,outer_training_local,2,39,calibrate:050,calibrate,50
development_repeated_nested_cv,4,5,inner_validation,outer_training_local,2,45,calibrate:058,calibrate,58
development_repeated_nested_cv,4,5,inner_validation,outer_training_local,2,51,calibrate:065,calibrate,65
development_repeated_nested_cv,4,5,inner_validation,outer_training_local,2,58,calibrate:076,calibrate,76
development_repeated_nested_cv,4,5,inner_validation,outer_training_local,2,62,calibrate:080,calibrate,80
development_repeated_nested_cv,4,5,inner_validation,outer_training_local,2,63,calibrate:081,calibrate,81
development_repeated_nested_cv,4,5,inner_validation,outer_training_local,2,64,calibrate:082,calibrate,82
development_repeated_nested_cv,4,5,inner_validation,outer_training_local,2,70,calibrate:089,calibrate,89
development_repeated_nested_cv,4,5,inner_validation,outer_training_local,2,77,calibrate:100,calibrate,100
development_repeated_nested_cv,4,5,inner_validation,outer_training_local,2,79,calibrate:103,calibrate,103
development_repeated_nested_cv,4,5,inner_validation,outer_training_local,2,81,calibrate:106,calibrate,106
development_repeated_nested_cv,4,5,inner_validation,outer_training_local,2,91,calibrate:117,calibrate,117
development_repeated_nested_cv,4,5,inner_validation,outer_training_local,2,100,calibrate:128,calibrate,128
development_repeated_nested_cv,4,5,inner_validation,outer_training_local,2,104,calibrate:132,calibrate,132
development_repeated_nested_cv,4,5,inner_validation,outer_training_local,2,116,calibrate:146,calibrate,146
development_repeated_nested_cv,4,5,inner_validation,outer_training_local,2,117,calibrate:147,calibrate,147
development_repeated_nested_cv,4,5,inner_validation,outer_training_local,2,118,calibrate:148,calibrate,148
development_repeated_nested_cv,4,5,inner_validation,outer_training_local,2,119,calibrate:149,calibrate,149
development_repeated_nested_cv,4,5,inner_validation,outer_training_local,2,120,calibrate:150,calibrate,150
development_repeated_nested_cv,4,5,inner_validation,outer_training_local,2,130,validate:008,validate,8
development_repeated_nested_cv,4,5,inner_validation,outer_training_local,2,143,validate:026,validate,26
development_repeated_nested_cv,4,5,inner_validation,outer_training_local,2,150,validate:034,validate,34
development_repeated_nested_cv,4,5,inner_validation,outer_training_local,2,152,validate:036,validate,36
development_repeated_nested_cv,4,5,inner_validation,outer_training_local,2,153,validate:037,validate,37
development_repeated_nested_cv,4,5,inner_validation,outer_training_local,2,154,validate:039,validate,39
development_repeated_nested_cv,4,5,inner_validation,outer_training_local,3,5,calibrate:007,calibrate,7
development_repeated_nested_cv,4,5,inner_validation,outer_training_local,3,9,calibrate:014,calibrate,14
development_repeated_nested_cv,4,5,inner_validation,outer_training_local,3,24,calibrate:032,calibrate,32
development_repeated_nested_cv,4,5,inner_validation,outer_training_local,3,25,calibrate:034,calibrate,34
development_repeated_nested_cv,4,5,inner_validation,outer_training_local,3,28,calibrate:037,calibrate,37
development_repeated_nested_cv,4,5,inner_validation,outer_training_local,3,31,calibrate:041,calibrate,41
development_repeated_nested_cv,4,5,inner_validation,outer_training_local,3,34,calibrate:044,calibrate,44
development_repeated_nested_cv,4,5,inner_validation,outer_training_local,3,35,calibrate:045,calibrate,45
development_repeated_nested_cv,4,5,inner_validation,outer_training_local,3,42,calibrate:055,calibrate,55
development_repeated_nested_cv,4,5,inner_validation,outer_training_local,3,43,calibrate:056,calibrate,56
development_repeated_nested_cv,4,5,inner_validation,outer_training_local,3,50,calibrate:064,calibrate,64
development_repeated_nested_cv,4,5,inner_validation,outer_training_local,3,61,calibrate:079,calibrate,79
development_repeated_nested_cv,4,5,inner_validation,outer_training_local,3,71,calibrate:090,calibrate,90
development_repeated_nested_cv,4,5,inner_validation,outer_training_local,3,72,calibrate:093,calibrate,93
development_repeated_nested_cv,4,5,inner_validation,outer_training_local,3,74,calibrate:096,calibrate,96
development_repeated_nested_cv,4,5,inner_validation,outer_training_local,3,75,calibrate:098,calibrate,98
development_repeated_nested_cv,4,5,inner_validation,outer_training_local,3,76,calibrate:099,calibrate,99
development_repeated_nested_cv,4,5,inner_validation,outer_training_local,3,85,calibrate:111,calibrate,111
development_repeated_nested_cv,4,5,inner_validation,outer_training_local,3,86,calibrate:112,calibrate,112
development_repeated_nested_cv,4,5,inner_validation,outer_training_local,3,93,calibrate:119,calibrate,119
development_repeated_nested_cv,4,5,inner_validation,outer_training_local,3,96,calibrate:124,calibrate,124
development_repeated_nested_cv,4,5,inner_validation,outer_training_local,3,99,calibrate:127,calibrate,127
development_repeated_nested_cv,4,5,inner_validation,outer_training_local,3,106,calibrate:134,calibrate,134
development_repeated_nested_cv,4,5,inner_validation,outer_training_local,3,112,calibrate:141,calibrate,141
development_repeated_nested_cv,4,5,inner_validation,outer_training_local,3,123,calibrate:153,calibrate,153
development_repeated_nested_cv,4,5,inner_validation,outer_training_local,3,133,validate:012,validate,12
development_repeated_nested_cv,4,5,inner_validation,outer_training_local,3,137,validate:017,validate,17
development_repeated_nested_cv,4,5,inner_validation,outer_training_local,3,138,validate:019,validate,19
development_repeated_nested_cv,4,5,inner_validation,outer_training_local,3,142,validate:025,validate,25
development_repeated_nested_cv,4,5,inner_validation,outer_training_local,3,144,validate:028,validate,28
development_repeated_nested_cv,4,5,inner_validation,outer_training_local,3,151,validate:035,validate,35
development_repeated_nested_cv,4,5,inner_validation,outer_training_local,4,2,calibrate:004,calibrate,4
development_repeated_nested_cv,4,5,inner_validation,outer_training_local,4,10,calibrate:015,calibrate,15
development_repeated_nested_cv,4,5,inner_validation,outer_training_local,4,11,calibrate:016,calibrate,16
development_repeated_nested_cv,4,5,inner_validation,outer_training_local,4,13,calibrate:019,calibrate,19
development_repeated_nested_cv,4,5,inner_validation,outer_training_local,4,18,calibrate:026,calibrate,26
development_repeated_nested_cv,4,5,inner_validation,outer_training_local,4,36,calibrate:047,calibrate,47
development_repeated_nested_cv,4,5,inner_validation,outer_training_local,4,41,calibrate:054,calibrate,54
development_repeated_nested_cv,4,5,inner_validation,outer_training_local,4,47,calibrate:060,calibrate,60
development_repeated_nested_cv,4,5,inner_validation,outer_training_local,4,48,calibrate:061,calibrate,61
development_repeated_nested_cv,4,5,inner_validation,outer_training_local,4,57,calibrate:075,calibrate,75
development_repeated_nested_cv,4,5,inner_validation,outer_training_local,4,78,calibrate:102,calibrate,102
development_repeated_nested_cv,4,5,inner_validation,outer_training_local,4,80,calibrate:104,calibrate,104
development_repeated_nested_cv,4,5,inner_validation,outer_training_local,4,82,calibrate:107,calibrate,107
development_repeated_nested_cv,4,5,inner_validation,outer_training_local,4,84,calibrate:110,calibrate,110
development_repeated_nested_cv,4,5,inner_validation,outer_training_local,4,88,calibrate:114,calibrate,114
development_repeated_nested_cv,4,5,inner_validation,outer_training_local,4,90,calibrate:116,calibrate,116
development_repeated_nested_cv,4,5,inner_validation,outer_training_local,4,94,calibrate:120,calibrate,120
development_repeated_nested_cv,4,5,inner_validation,outer_training_local,4,97,calibrate:125,calibrate,125
development_repeated_nested_cv,4,5,inner_validation,outer_training_local,4,98,calibrate:126,calibrate,126
development_repeated_nested_cv,4,5,inner_validation,outer_training_local,4,105,calibrate:133,calibrate,133
development_repeated_nested_cv,4,5,inner_validation,outer_training_local,4,110,calibrate:139,calibrate,139
development_repeated_nested_cv,4,5,inner_validation,outer_training_local,4,113,calibrate:142,calibrate,142
development_repeated_nested_cv,4,5,inner_validation,outer_training_local,4,115,calibrate:145,calibrate,145
development_repeated_nested_cv,4,5,inner_validation,outer_training_local,4,122,calibrate:152,calibrate,152
development_repeated_nested_cv,4,5,inner_validation,outer_training_local,4,126,validate:004,validate,4
development_repeated_nested_cv,4,5,inner_validation,outer_training_local,4,128,validate:006,validate,6
development_repeated_nested_cv,4,5,inner_validation,outer_training_local,4,129,validate:007,validate,7
development_repeated_nested_cv,4,5,inner_validation,outer_training_local,4,135,validate:014,validate,14
development_repeated_nested_cv,4,5,inner_validation,outer_training_local,4,140,validate:021,validate,21
development_repeated_nested_cv,4,5,inner_validation,outer_training_local,4,147,validate:031,validate,31
development_repeated_nested_cv,4,5,inner_validation,outer_training_local,5,1,calibrate:003,calibrate,3
development_repeated_nested_cv,4,5,inner_validation,outer_training_local,5,3,calibrate:005,calibrate,5
development_repeated_nested_cv,4,5,inner_validation,outer_training_local,5,7,calibrate:012,calibrate,12
development_repeated_nested_cv,4,5,inner_validation,outer_training_local,5,12,calibrate:018,calibrate,18
development_repeated_nested_cv,4,5,inner_validation,outer_training_local,5,14,calibrate:021,calibrate,21
development_repeated_nested_cv,4,5,inner_validation,outer_training_local,5,16,calibrate:023,calibrate,23
development_repeated_nested_cv,4,5,inner_validation,outer_training_local,5,20,calibrate:028,calibrate,28
development_repeated_nested_cv,4,5,inner_validation,outer_training_local,5,23,calibrate:031,calibrate,31
development_repeated_nested_cv,4,5,inner_validation,outer_training_local,5,26,calibrate:035,calibrate,35
development_repeated_nested_cv,4,5,inner_validation,outer_training_local,5,27,calibrate:036,calibrate,36
development_repeated_nested_cv,4,5,inner_validation,outer_training_local,5,29,calibrate:038,calibrate,38
development_repeated_nested_cv,4,5,inner_validation,outer_training_local,5,33,calibrate:043,calibrate,43
development_repeated_nested_cv,4,5,inner_validation,outer_training_local,5,53,calibrate:069,calibrate,69
development_repeated_nested_cv,4,5,inner_validation,outer_training_local,5,56,calibrate:074,calibrate,74
development_repeated_nested_cv,4,5,inner_validation,outer_training_local,5,59,calibrate:077,calibrate,77
development_repeated_nested_cv,4,5,inner_validation,outer_training_local,5,60,calibrate:078,calibrate,78
development_repeated_nested_cv,4,5,inner_validation,outer_training_local,5,66,calibrate:084,calibrate,84
development_repeated_nested_cv,4,5,inner_validation,outer_training_local,5,67,calibrate:085,calibrate,85
development_repeated_nested_cv,4,5,inner_validation,outer_training_local,5,69,calibrate:088,calibrate,88
development_repeated_nested_cv,4,5,inner_validation,outer_training_local,5,95,calibrate:123,calibrate,123
development_repeated_nested_cv,4,5,inner_validation,outer_training_local,5,101,calibrate:129,calibrate,129
development_repeated_nested_cv,4,5,inner_validation,outer_training_local,5,102,calibrate:130,calibrate,130
development_repeated_nested_cv,4,5,inner_validation,outer_training_local,5,107,calibrate:135,calibrate,135
development_repeated_nested_cv,4,5,inner_validation,outer_training_local,5,108,calibrate:137,calibrate,137
development_repeated_nested_cv,4,5,inner_validation,outer_training_local,5,114,calibrate:144,calibrate,144
development_repeated_nested_cv,4,5,inner_validation,outer_training_local,5,124,validate:002,validate,2
development_repeated_nested_cv,4,5,inner_validation,outer_training_local,5,127,validate:005,validate,5
development_repeated_nested_cv,4,5,inner_validation,outer_training_local,5,131,validate:009,validate,9
development_repeated_nested_cv,4,5,inner_validation,outer_training_local,5,136,validate:016,validate,16
development_repeated_nested_cv,4,5,inner_validation,outer_training_local,5,145,validate:029,validate,29
development_repeated_nested_cv,4,5,inner_validation,outer_training_local,5,148,validate:032,validate,32
development_repeated_nested_cv,4,5,inner_validation,outer_training_local,5,149,validate:033,validate,33
development_repeated_nested_cv,5,1,inner_validation,outer_training_local,1,8,calibrate:011,calibrate,11
development_repeated_nested_cv,5,1,inner_validation,outer_training_local,1,10,calibrate:013,calibrate,13
development_repeated_nested_cv,5,1,inner_validation,outer_training_local,1,15,calibrate:019,calibrate,19
development_repeated_nested_cv,5,1,inner_validation,outer_training_local,1,20,calibrate:026,calibrate,26
development_repeated_nested_cv,5,1,inner_validation,outer_training_local,1,21,calibrate:027,calibrate,27
development_repeated_nested_cv,5,1,inner_validation,outer_training_local,1,28,calibrate:035,calibrate,35
development_repeated_nested_cv,5,1,inner_validation,outer_training_local,1,30,calibrate:037,calibrate,37
development_repeated_nested_cv,5,1,inner_validation,outer_training_local,1,34,calibrate:041,calibrate,41
development_repeated_nested_cv,5,1,inner_validation,outer_training_local,1,42,calibrate:056,calibrate,56
development_repeated_nested_cv,5,1,inner_validation,outer_training_local,1,48,calibrate:063,calibrate,63
development_repeated_nested_cv,5,1,inner_validation,outer_training_local,1,58,calibrate:073,calibrate,73
development_repeated_nested_cv,5,1,inner_validation,outer_training_local,1,71,calibrate:090,calibrate,90
development_repeated_nested_cv,5,1,inner_validation,outer_training_local,1,79,calibrate:098,calibrate,98
development_repeated_nested_cv,5,1,inner_validation,outer_training_local,1,80,calibrate:100,calibrate,100
development_repeated_nested_cv,5,1,inner_validation,outer_training_local,1,83,calibrate:103,calibrate,103
development_repeated_nested_cv,5,1,inner_validation,outer_training_local,1,85,calibrate:106,calibrate,106
development_repeated_nested_cv,5,1,inner_validation,outer_training_local,1,88,calibrate:110,calibrate,110
development_repeated_nested_cv,5,1,inner_validation,outer_training_local,1,104,calibrate:133,calibrate,133
development_repeated_nested_cv,5,1,inner_validation,outer_training_local,1,106,calibrate:135,calibrate,135
development_repeated_nested_cv,5,1,inner_validation,outer_training_local,1,110,calibrate:140,calibrate,140
development_repeated_nested_cv,5,1,inner_validation,outer_training_local,1,115,calibrate:147,calibrate,147
development_repeated_nested_cv,5,1,inner_validation,outer_training_local,1,118,calibrate:150,calibrate,150
development_repeated_nested_cv,5,1,inner_validation,outer_training_local,1,120,calibrate:152,calibrate,152
development_repeated_nested_cv,5,1,inner_validation,outer_training_local,1,123,calibrate:155,calibrate,155
development_repeated_nested_cv,5,1,inner_validation,outer_training_local,1,130,validate:007,validate,7
development_repeated_nested_cv,5,1,inner_validation,outer_training_local,1,135,validate:013,validate,13
development_repeated_nested_cv,5,1,inner_validation,outer_training_local,1,139,validate:021,validate,21
development_repeated_nested_cv,5,1,inner_validation,outer_training_local,1,142,validate:026,validate,26
development_repeated_nested_cv,5,1,inner_validation,outer_training_local,1,150,validate:034,validate,34
development_repeated_nested_cv,5,1,inner_validation,outer_training_local,1,153,validate:038,validate,38
development_repeated_nested_cv,5,1,inner_validation,outer_training_local,2,1,calibrate:002,calibrate,2
development_repeated_nested_cv,5,1,inner_validation,outer_training_local,2,11,calibrate:014,calibrate,14
development_repeated_nested_cv,5,1,inner_validation,outer_training_local,2,14,calibrate:017,calibrate,17
development_repeated_nested_cv,5,1,inner_validation,outer_training_local,2,16,calibrate:021,calibrate,21
development_repeated_nested_cv,5,1,inner_validation,outer_training_local,2,19,calibrate:025,calibrate,25
development_repeated_nested_cv,5,1,inner_validation,outer_training_local,2,22,calibrate:028,calibrate,28
development_repeated_nested_cv,5,1,inner_validation,outer_training_local,2,31,calibrate:038,calibrate,38
development_repeated_nested_cv,5,1,inner_validation,outer_training_local,2,35,calibrate:042,calibrate,42
development_repeated_nested_cv,5,1,inner_validation,outer_training_local,2,37,calibrate:047,calibrate,47
development_repeated_nested_cv,5,1,inner_validation,outer_training_local,2,55,calibrate:070,calibrate,70
development_repeated_nested_cv,5,1,inner_validation,outer_training_local,2,56,calibrate:071,calibrate,71
development_repeated_nested_cv,5,1,inner_validation,outer_training_local,2,57,calibrate:072,calibrate,72
development_repeated_nested_cv,5,1,inner_validation,outer_training_local,2,61,calibrate:076,calibrate,76
development_repeated_nested_cv,5,1,inner_validation,outer_training_local,2,65,calibrate:082,calibrate,82
development_repeated_nested_cv,5,1,inner_validation,outer_training_local,2,68,calibrate:086,calibrate,86
development_repeated_nested_cv,5,1,inner_validation,outer_training_local,2,70,calibrate:088,calibrate,88
development_repeated_nested_cv,5,1,inner_validation,outer_training_local,2,76,calibrate:095,calibrate,95
development_repeated_nested_cv,5,1,inner_validation,outer_training_local,2,87,calibrate:109,calibrate,109
development_repeated_nested_cv,5,1,inner_validation,outer_training_local,2,96,calibrate:121,calibrate,121
development_repeated_nested_cv,5,1,inner_validation,outer_training_local,2,99,calibrate:127,calibrate,127
development_repeated_nested_cv,5,1,inner_validation,outer_training_local,2,100,calibrate:128,calibrate,128
development_repeated_nested_cv,5,1,inner_validation,outer_training_local,2,105,calibrate:134,calibrate,134
development_repeated_nested_cv,5,1,inner_validation,outer_training_local,2,111,calibrate:142,calibrate,142
development_repeated_nested_cv,5,1,inner_validation,outer_training_local,2,114,calibrate:146,calibrate,146
development_repeated_nested_cv,5,1,inner_validation,outer_training_local,2,122,calibrate:154,calibrate,154
development_repeated_nested_cv,5,1,inner_validation,outer_training_local,2,127,validate:004,validate,4
development_repeated_nested_cv,5,1,inner_validation,outer_training_local,2,129,validate:006,validate,6
development_repeated_nested_cv,5,1,inner_validation,outer_training_local,2,131,validate:008,validate,8
development_repeated_nested_cv,5,1,inner_validation,outer_training_local,2,138,validate:020,validate,20
development_repeated_nested_cv,5,1,inner_validation,outer_training_local,2,140,validate:022,validate,22
development_repeated_nested_cv,5,1,inner_validation,outer_training_local,2,148,validate:032,validate,32
development_repeated_nested_cv,5,1,inner_validation,outer_training_local,3,4,calibrate:006,calibrate,6
development_repeated_nested_cv,5,1,inner_validation,outer_training_local,3,6,calibrate:009,calibrate,9
development_repeated_nested_cv,5,1,inner_validation,outer_training_local,3,32,calibrate:039,calibrate,39
development_repeated_nested_cv,5,1,inner_validation,outer_training_local,3,36,calibrate:044,calibrate,44
development_repeated_nested_cv,5,1,inner_validation,outer_training_local,3,38,calibrate:048,calibrate,48
development_repeated_nested_cv,5,1,inner_validation,outer_training_local,3,41,calibrate:055,calibrate,55
development_repeated_nested_cv,5,1,inner_validation,outer_training_local,3,43,calibrate:057,calibrate,57
development_repeated_nested_cv,5,1,inner_validation,outer_training_local,3,45,calibrate:060,calibrate,60
development_repeated_nested_cv,5,1,inner_validation,outer_training_local,3,47,calibrate:062,calibrate,62
development_repeated_nested_cv,5,1,inner_validation,outer_training_local,3,50,calibrate:065,calibrate,65
development_repeated_nested_cv,5,1,inner_validation,outer_training_local,3,60,calibrate:075,calibrate,75
development_repeated_nested_cv,5,1,inner_validation,outer_training_local,3,64,calibrate:080,calibrate,80
development_repeated_nested_cv,5,1,inner_validation,outer_training_local,3,73,calibrate:092,calibrate,92
development_repeated_nested_cv,5,1,inner_validation,outer_training_local,3,75,calibrate:094,calibrate,94
development_repeated_nested_cv,5,1,inner_validation,outer_training_local,3,82,calibrate:102,calibrate,102
development_repeated_nested_cv,5,1,inner_validation,outer_training_local,3,90,calibrate:113,calibrate,113
development_repeated_nested_cv,5,1,inner_validation,outer_training_local,3,92,calibrate:115,calibrate,115
development_repeated_nested_cv,5,1,inner_validation,outer_training_local,3,93,calibrate:118,calibrate,118
development_repeated_nested_cv,5,1,inner_validation,outer_training_local,3,94,calibrate:119,calibrate,119
development_repeated_nested_cv,5,1,inner_validation,outer_training_local,3,95,calibrate:120,calibrate,120
development_repeated_nested_cv,5,1,inner_validation,outer_training_local,3,98,calibrate:125,calibrate,125
development_repeated_nested_cv,5,1,inner_validation,outer_training_local,3,101,calibrate:129,calibrate,129
development_repeated_nested_cv,5,1,inner_validation,outer_training_local,3,108,calibrate:138,calibrate,138
development_repeated_nested_cv,5,1,inner_validation,outer_training_local,3,117,calibrate:149,calibrate,149
development_repeated_nested_cv,5,1,inner_validation,outer_training_local,3,119,calibrate:151,calibrate,151
development_repeated_nested_cv,5,1,inner_validation,outer_training_local,3,126,validate:003,validate,3
development_repeated_nested_cv,5,1,inner_validation,outer_training_local,3,133,validate:010,validate,10
development_repeated_nested_cv,5,1,inner_validation,outer_training_local,3,136,validate:017,validate,17
development_repeated_nested_cv,5,1,inner_validation,outer_training_local,3,144,validate:028,validate,28
development_repeated_nested_cv,5,1,inner_validation,outer_training_local,3,145,validate:029,validate,29
development_repeated_nested_cv,5,1,inner_validation,outer_training_local,3,146,validate:030,validate,30
development_repeated_nested_cv,5,1,inner_validation,outer_training_local,3,154,validate:039,validate,39
development_repeated_nested_cv,5,1,inner_validation,outer_training_local,4,0,calibrate:001,calibrate,1
development_repeated_nested_cv,5,1,inner_validation,outer_training_local,4,9,calibrate:012,calibrate,12
development_repeated_nested_cv,5,1,inner_validation,outer_training_local,4,13,calibrate:016,calibrate,16
development_repeated_nested_cv,5,1,inner_validation,outer_training_local,4,17,calibrate:022,calibrate,22
development_repeated_nested_cv,5,1,inner_validation,outer_training_local,4,18,calibrate:023,calibrate,23
development_repeated_nested_cv,5,1,inner_validation,outer_training_local,4,23,calibrate:029,calibrate,29
development_repeated_nested_cv,5,1,inner_validation,outer_training_local,4,24,calibrate:030,calibrate,30
development_repeated_nested_cv,5,1,inner_validation,outer_training_local,4,25,calibrate:032,calibrate,32
development_repeated_nested_cv,5,1,inner_validation,outer_training_local,4,26,calibrate:033,calibrate,33
development_repeated_nested_cv,5,1,inner_validation,outer_training_local,4,27,calibrate:034,calibrate,34
development_repeated_nested_cv,5,1,inner_validation,outer_training_local,4,39,calibrate:051,calibrate,51
development_repeated_nested_cv,5,1,inner_validation,outer_training_local,4,44,calibrate:058,calibrate,58
development_repeated_nested_cv,5,1,inner_validation,outer_training_local,4,46,calibrate:061,calibrate,61
development_repeated_nested_cv,5,1,inner_validation,outer_training_local,4,49,calibrate:064,calibrate,64
development_repeated_nested_cv,5,1,inner_validation,outer_training_local,4,52,calibrate:067,calibrate,67
development_repeated_nested_cv,5,1,inner_validation,outer_training_local,4,53,calibrate:068,calibrate,68
development_repeated_nested_cv,5,1,inner_validation,outer_training_local,4,59,calibrate:074,calibrate,74
development_repeated_nested_cv,5,1,inner_validation,outer_training_local,4,63,calibrate:078,calibrate,78
development_repeated_nested_cv,5,1,inner_validation,outer_training_local,4,66,calibrate:083,calibrate,83
development_repeated_nested_cv,5,1,inner_validation,outer_training_local,4,69,calibrate:087,calibrate,87
development_repeated_nested_cv,5,1,inner_validation,outer_training_local,4,81,calibrate:101,calibrate,101
development_repeated_nested_cv,5,1,inner_validation,outer_training_local,4,84,calibrate:104,calibrate,104
development_repeated_nested_cv,5,1,inner_validation,outer_training_local,4,107,calibrate:137,calibrate,137
development_repeated_nested_cv,5,1,inner_validation,outer_training_local,4,116,calibrate:148,calibrate,148
development_repeated_nested_cv,5,1,inner_validation,outer_training_local,4,121,calibrate:153,calibrate,153
development_repeated_nested_cv,5,1,inner_validation,outer_training_local,4,125,validate:002,validate,2
development_repeated_nested_cv,5,1,inner_validation,outer_training_local,4,134,validate:011,validate,11
development_repeated_nested_cv,5,1,inner_validation,outer_training_local,4,137,validate:018,validate,18
development_repeated_nested_cv,5,1,inner_validation,outer_training_local,4,141,validate:024,validate,24
development_repeated_nested_cv,5,1,inner_validation,outer_training_local,4,143,validate:027,validate,27
development_repeated_nested_cv,5,1,inner_validation,outer_training_local,4,151,validate:036,validate,36
development_repeated_nested_cv,5,1,inner_validation,outer_training_local,4,152,validate:037,validate,37
development_repeated_nested_cv,5,1,inner_validation,outer_training_local,5,2,calibrate:003,calibrate,3
development_repeated_nested_cv,5,1,inner_validation,outer_training_local,5,3,calibrate:004,calibrate,4
development_repeated_nested_cv,5,1,inner_validation,outer_training_local,5,5,calibrate:008,calibrate,8
development_repeated_nested_cv,5,1,inner_validation,outer_training_local,5,7,calibrate:010,calibrate,10
development_repeated_nested_cv,5,1,inner_validation,outer_training_local,5,12,calibrate:015,calibrate,15
development_repeated_nested_cv,5,1,inner_validation,outer_training_local,5,29,calibrate:036,calibrate,36
development_repeated_nested_cv,5,1,inner_validation,outer_training_local,5,33,calibrate:040,calibrate,40
development_repeated_nested_cv,5,1,inner_validation,outer_training_local,5,40,calibrate:054,calibrate,54
development_repeated_nested_cv,5,1,inner_validation,outer_training_local,5,51,calibrate:066,calibrate,66
development_repeated_nested_cv,5,1,inner_validation,outer_training_local,5,54,calibrate:069,calibrate,69
development_repeated_nested_cv,5,1,inner_validation,outer_training_local,5,62,calibrate:077,calibrate,77
development_repeated_nested_cv,5,1,inner_validation,outer_training_local,5,67,calibrate:085,calibrate,85
development_repeated_nested_cv,5,1,inner_validation,outer_training_local,5,72,calibrate:091,calibrate,91
development_repeated_nested_cv,5,1,inner_validation,outer_training_local,5,74,calibrate:093,calibrate,93
development_repeated_nested_cv,5,1,inner_validation,outer_training_local,5,77,calibrate:096,calibrate,96
development_repeated_nested_cv,5,1,inner_validation,outer_training_local,5,78,calibrate:097,calibrate,97
development_repeated_nested_cv,5,1,inner_validation,outer_training_local,5,86,calibrate:108,calibrate,108
development_repeated_nested_cv,5,1,inner_validation,outer_training_local,5,89,calibrate:111,calibrate,111
development_repeated_nested_cv,5,1,inner_validation,outer_training_local,5,91,calibrate:114,calibrate,114
development_repeated_nested_cv,5,1,inner_validation,outer_training_local,5,97,calibrate:123,calibrate,123
development_repeated_nested_cv,5,1,inner_validation,outer_training_local,5,102,calibrate:130,calibrate,130
development_repeated_nested_cv,5,1,inner_validation,outer_training_local,5,103,calibrate:131,calibrate,131
development_repeated_nested_cv,5,1,inner_validation,outer_training_local,5,109,calibrate:139,calibrate,139
development_repeated_nested_cv,5,1,inner_validation,outer_training_local,5,112,calibrate:143,calibrate,143
development_repeated_nested_cv,5,1,inner_validation,outer_training_local,5,113,calibrate:145,calibrate,145
development_repeated_nested_cv,5,1,inner_validation,outer_training_local,5,124,validate:001,validate,1
development_repeated_nested_cv,5,1,inner_validation,outer_training_local,5,128,validate:005,validate,5
development_repeated_nested_cv,5,1,inner_validation,outer_training_local,5,132,validate:009,validate,9
development_repeated_nested_cv,5,1,inner_validation,outer_training_local,5,147,validate:031,validate,31
development_repeated_nested_cv,5,1,inner_validation,outer_training_local,5,149,validate:033,validate,33
development_repeated_nested_cv,5,1,inner_validation,outer_training_local,5,155,validate:040,validate,40
development_repeated_nested_cv,5,2,inner_validation,outer_training_local,1,3,calibrate:004,calibrate,4
development_repeated_nested_cv,5,2,inner_validation,outer_training_local,1,7,calibrate:008,calibrate,8
development_repeated_nested_cv,5,2,inner_validation,outer_training_local,1,10,calibrate:012,calibrate,12
development_repeated_nested_cv,5,2,inner_validation,outer_training_local,1,22,calibrate:029,calibrate,29
development_repeated_nested_cv,5,2,inner_validation,outer_training_local,1,26,calibrate:034,calibrate,34
development_repeated_nested_cv,5,2,inner_validation,outer_training_local,1,29,calibrate:037,calibrate,37
development_repeated_nested_cv,5,2,inner_validation,outer_training_local,1,36,calibrate:046,calibrate,46
development_repeated_nested_cv,5,2,inner_validation,outer_training_local,1,38,calibrate:050,calibrate,50
development_repeated_nested_cv,5,2,inner_validation,outer_training_local,1,54,calibrate:070,calibrate,70
development_repeated_nested_cv,5,2,inner_validation,outer_training_local,1,59,calibrate:077,calibrate,77
development_repeated_nested_cv,5,2,inner_validation,outer_training_local,1,64,calibrate:082,calibrate,82
development_repeated_nested_cv,5,2,inner_validation,outer_training_local,1,69,calibrate:087,calibrate,87
development_repeated_nested_cv,5,2,inner_validation,outer_training_local,1,74,calibrate:094,calibrate,94
development_repeated_nested_cv,5,2,inner_validation,outer_training_local,1,76,calibrate:097,calibrate,97
development_repeated_nested_cv,5,2,inner_validation,outer_training_local,1,77,calibrate:098,calibrate,98
development_repeated_nested_cv,5,2,inner_validation,outer_training_local,1,78,calibrate:099,calibrate,99
development_repeated_nested_cv,5,2,inner_validation,outer_training_local,1,84,calibrate:107,calibrate,107
development_repeated_nested_cv,5,2,inner_validation,outer_training_local,1,94,calibrate:119,calibrate,119
development_repeated_nested_cv,5,2,inner_validation,outer_training_local,1,99,calibrate:124,calibrate,124
development_repeated_nested_cv,5,2,inner_validation,outer_training_local,1,100,calibrate:125,calibrate,125
development_repeated_nested_cv,5,2,inner_validation,outer_training_local,1,113,calibrate:141,calibrate,141
development_repeated_nested_cv,5,2,inner_validation,outer_training_local,1,116,calibrate:144,calibrate,144
development_repeated_nested_cv,5,2,inner_validation,outer_training_local,1,118,calibrate:146,calibrate,146
development_repeated_nested_cv,5,2,inner_validation,outer_training_local,1,120,calibrate:150,calibrate,150
development_repeated_nested_cv,5,2,inner_validation,outer_training_local,1,121,calibrate:151,calibrate,151
development_repeated_nested_cv,5,2,inner_validation,outer_training_local,1,124,validate:001,validate,1
development_repeated_nested_cv,5,2,inner_validation,outer_training_local,1,138,validate:016,validate,16
development_repeated_nested_cv,5,2,inner_validation,outer_training_local,1,140,validate:018,validate,18
development_repeated_nested_cv,5,2,inner_validation,outer_training_local,1,142,validate:021,validate,21
development_repeated_nested_cv,5,2,inner_validation,outer_training_local,1,149,validate:030,validate,30
development_repeated_nested_cv,5,2,inner_validation,outer_training_local,1,151,validate:033,validate,33
development_repeated_nested_cv,5,2,inner_validation,outer_training_local,2,0,calibrate:001,calibrate,1
development_repeated_nested_cv,5,2,inner_validation,outer_training_local,2,4,calibrate:005,calibrate,5
development_repeated_nested_cv,5,2,inner_validation,outer_training_local,2,13,calibrate:015,calibrate,15
development_repeated_nested_cv,5,2,inner_validation,outer_training_local,2,15,calibrate:018,calibrate,18
development_repeated_nested_cv,5,2,inner_validation,outer_training_local,2,19,calibrate:024,calibrate,24
development_repeated_nested_cv,5,2,inner_validation,outer_training_local,2,24,calibrate:032,calibrate,32
development_repeated_nested_cv,5,2,inner_validation,outer_training_local,2,27,calibrate:035,calibrate,35
development_repeated_nested_cv,5,2,inner_validation,outer_training_local,2,28,calibrate:036,calibrate,36
development_repeated_nested_cv,5,2,inner_validation,outer_training_local,2,35,calibrate:045,calibrate,45
development_repeated_nested_cv,5,2,inner_validation,outer_training_local,2,39,calibrate:052,calibrate,52
development_repeated_nested_cv,5,2,inner_validation,outer_training_local,2,40,calibrate:053,calibrate,53
development_repeated_nested_cv,5,2,inner_validation,outer_training_local,2,45,calibrate:058,calibrate,58
development_repeated_nested_cv,5,2,inner_validation,outer_training_local,2,49,calibrate:064,calibrate,64
development_repeated_nested_cv,5,2,inner_validation,outer_training_local,2,52,calibrate:067,calibrate,67
development_repeated_nested_cv,5,2,inner_validation,outer_training_local,2,56,calibrate:072,calibrate,72
development_repeated_nested_cv,5,2,inner_validation,outer_training_local,2,65,calibrate:083,calibrate,83
development_repeated_nested_cv,5,2,inner_validation,outer_training_local,2,68,calibrate:086,calibrate,86
development_repeated_nested_cv,5,2,inner_validation,outer_training_local,2,73,calibrate:092,calibrate,92
development_repeated_nested_cv,5,2,inner_validation,outer_training_local,2,87,calibrate:110,calibrate,110
development_repeated_nested_cv,5,2,inner_validation,outer_training_local,2,91,calibrate:116,calibrate,116
development_repeated_nested_cv,5,2,inner_validation,outer_training_local,2,95,calibrate:120,calibrate,120
development_repeated_nested_cv,5,2,inner_validation,outer_training_local,2,98,calibrate:123,calibrate,123
development_repeated_nested_cv,5,2,inner_validation,outer_training_local,2,101,calibrate:126,calibrate,126
development_repeated_nested_cv,5,2,inner_validation,outer_training_local,2,109,calibrate:137,calibrate,137
development_repeated_nested_cv,5,2,inner_validation,outer_training_local,2,110,calibrate:138,calibrate,138
development_repeated_nested_cv,5,2,inner_validation,outer_training_local,2,129,validate:007,validate,7
development_repeated_nested_cv,5,2,inner_validation,outer_training_local,2,130,validate:008,validate,8
development_repeated_nested_cv,5,2,inner_validation,outer_training_local,2,139,validate:017,validate,17
development_repeated_nested_cv,5,2,inner_validation,outer_training_local,2,145,validate:024,validate,24
development_repeated_nested_cv,5,2,inner_validation,outer_training_local,2,147,validate:026,validate,26
development_repeated_nested_cv,5,2,inner_validation,outer_training_local,2,150,validate:032,validate,32
development_repeated_nested_cv,5,2,inner_validation,outer_training_local,3,5,calibrate:006,calibrate,6
development_repeated_nested_cv,5,2,inner_validation,outer_training_local,3,9,calibrate:010,calibrate,10
development_repeated_nested_cv,5,2,inner_validation,outer_training_local,3,11,calibrate:013,calibrate,13
development_repeated_nested_cv,5,2,inner_validation,outer_training_local,3,23,calibrate:031,calibrate,31
development_repeated_nested_cv,5,2,inner_validation,outer_training_local,3,34,calibrate:043,calibrate,43
development_repeated_nested_cv,5,2,inner_validation,outer_training_local,3,37,calibrate:049,calibrate,49
development_repeated_nested_cv,5,2,inner_validation,outer_training_local,3,41,calibrate:054,calibrate,54
development_repeated_nested_cv,5,2,inner_validation,outer_training_local,3,48,calibrate:063,calibrate,63
development_repeated_nested_cv,5,2,inner_validation,outer_training_local,3,58,calibrate:076,calibrate,76
development_repeated_nested_cv,5,2,inner_validation,outer_training_local,3,60,calibrate:078,calibrate,78
development_repeated_nested_cv,5,2,inner_validation,outer_training_local,3,62,calibrate:080,calibrate,80
development_repeated_nested_cv,5,2,inner_validation,outer_training_local,3,63,calibrate:081,calibrate,81
development_repeated_nested_cv,5,2,inner_validation,outer_training_local,3,66,calibrate:084,calibrate,84
development_repeated_nested_cv,5,2,inner_validation,outer_training_local,3,72,calibrate:091,calibrate,91
development_repeated_nested_cv,5,2,inner_validation,outer_training_local,3,75,calibrate:096,calibrate,96
development_repeated_nested_cv,5,2,inner_validation,outer_training_local,3,79,calibrate:100,calibrate,100
development_repeated_nested_cv,5,2,inner_validation,outer_training_local,3,81,calibrate:103,calibrate,103
development_repeated_nested_cv,5,2,inner_validation,outer_training_local,3,82,calibrate:105,calibrate,105
development_repeated_nested_cv,5,2,inner_validation,outer_training_local,3,92,calibrate:117,calibrate,117
development_repeated_nested_cv,5,2,inner_validation,outer_training_local,3,93,calibrate:118,calibrate,118
development_repeated_nested_cv,5,2,inner_validation,outer_training_local,3,107,calibrate:135,calibrate,135
development_repeated_nested_cv,5,2,inner_validation,outer_training_local,3,108,calibrate:136,calibrate,136
development_repeated_nested_cv,5,2,inner_validation,outer_training_local,3,122,calibrate:152,calibrate,152
development_repeated_nested_cv,5,2,inner_validation,outer_training_local,3,123,calibrate:155,calibrate,155
development_repeated_nested_cv,5,2,inner_validation,outer_training_local,3,125,validate:002,validate,2
development_repeated_nested_cv,5,2,inner_validation,outer_training_local,3,136,validate:014,validate,14
development_repeated_nested_cv,5,2,inner_validation,outer_training_local,3,137,validate:015,validate,15
development_repeated_nested_cv,5,2,inner_validation,outer_training_local,3,143,validate:022,validate,22
development_repeated_nested_cv,5,2,inner_validation,outer_training_local,3,144,validate:023,validate,23
development_repeated_nested_cv,5,2,inner_validation,outer_training_local,3,146,validate:025,validate,25
development_repeated_nested_cv,5,2,inner_validation,outer_training_local,3,148,validate:029,validate,29
development_repeated_nested_cv,5,2,inner_validation,outer_training_local,4,2,calibrate:003,calibrate,3
development_repeated_nested_cv,5,2,inner_validation,outer_training_local,4,16,calibrate:020,calibrate,20
development_repeated_nested_cv,5,2,inner_validation,outer_training_local,4,17,calibrate:021,calibrate,21
development_repeated_nested_cv,5,2,inner_validation,outer_training_local,4,18,calibrate:023,calibrate,23
development_repeated_nested_cv,5,2,inner_validation,outer_training_local,4,20,calibrate:025,calibrate,25
development_repeated_nested_cv,5,2,inner_validation,outer_training_local,4,32,calibrate:040,calibrate,40
development_repeated_nested_cv,5,2,inner_validation,outer_training_local,4,33,calibrate:042,calibrate,42
development_repeated_nested_cv,5,2,inner_validation,outer_training_local,4,43,calibrate:056,calibrate,56
development_repeated_nested_cv,5,2,inner_validation,outer_training_local,4,44,calibrate:057,calibrate,57
development_repeated_nested_cv,5,2,inner_validation,outer_training_local,4,46,calibrate:059,calibrate,59
development_repeated_nested_cv,5,2,inner_validation,outer_training_local,4,57,calibrate:074,calibrate,74
development_repeated_nested_cv,5,2,inner_validation,outer_training_local,4,61,calibrate:079,calibrate,79
development_repeated_nested_cv,5,2,inner_validation,outer_training_local,4,67,calibrate:085,calibrate,85
development_repeated_nested_cv,5,2,inner_validation,outer_training_local,4,70,calibrate:089,calibrate,89
development_repeated_nested_cv,5,2,inner_validation,outer_training_local,4,71,calibrate:090,calibrate,90
development_repeated_nested_cv,5,2,inner_validation,outer_training_local,4,83,calibrate:106,calibrate,106
development_repeated_nested_cv,5,2,inner_validation,outer_training_local,4,86,calibrate:109,calibrate,109
development_repeated_nested_cv,5,2,inner_validation,outer_training_local,4,88,calibrate:111,calibrate,111
development_repeated_nested_cv,5,2,inner_validation,outer_training_local,4,103,calibrate:128,calibrate,128
development_repeated_nested_cv,5,2,inner_validation,outer_training_local,4,104,calibrate:131,calibrate,131
development_repeated_nested_cv,5,2,inner_validation,outer_training_local,4,105,calibrate:132,calibrate,132
development_repeated_nested_cv,5,2,inner_validation,outer_training_local,4,111,calibrate:139,calibrate,139
development_repeated_nested_cv,5,2,inner_validation,outer_training_local,4,112,calibrate:140,calibrate,140
development_repeated_nested_cv,5,2,inner_validation,outer_training_local,4,115,calibrate:143,calibrate,143
development_repeated_nested_cv,5,2,inner_validation,outer_training_local,4,119,calibrate:148,calibrate,148
development_repeated_nested_cv,5,2,inner_validation,outer_training_local,4,126,validate:003,validate,3
development_repeated_nested_cv,5,2,inner_validation,outer_training_local,4,128,validate:006,validate,6
development_repeated_nested_cv,5,2,inner_validation,outer_training_local,4,131,validate:009,validate,9
development_repeated_nested_cv,5,2,inner_validation,outer_training_local,4,133,validate:011,validate,11
development_repeated_nested_cv,5,2,inner_validation,outer_training_local,4,134,validate:012,validate,12
development_repeated_nested_cv,5,2,inner_validation,outer_training_local,4,152,validate:035,validate,35
development_repeated_nested_cv,5,2,inner_validation,outer_training_local,4,155,validate:040,validate,40
development_repeated_nested_cv,5,2,inner_validation,outer_training_local,5,1,calibrate:002,calibrate,2
development_repeated_nested_cv,5,2,inner_validation,outer_training_local,5,6,calibrate:007,calibrate,7
development_repeated_nested_cv,5,2,inner_validation,outer_training_local,5,8,calibrate:009,calibrate,9
development_repeated_nested_cv,5,2,inner_validation,outer_training_local,5,12,calibrate:014,calibrate,14
development_repeated_nested_cv,5,2,inner_validation,outer_training_local,5,14,calibrate:016,calibrate,16
development_repeated_nested_cv,5,2,inner_validation,outer_training_local,5,21,calibrate:028,calibrate,28
development_repeated_nested_cv,5,2,inner_validation,outer_training_local,5,25,calibrate:033,calibrate,33
development_repeated_nested_cv,5,2,inner_validation,outer_training_local,5,30,calibrate:038,calibrate,38
development_repeated_nested_cv,5,2,inner_validation,outer_training_local,5,31,calibrate:039,calibrate,39
development_repeated_nested_cv,5,2,inner_validation,outer_training_local,5,42,calibrate:055,calibrate,55
development_repeated_nested_cv,5,2,inner_validation,outer_training_local,5,47,calibrate:060,calibrate,60
development_repeated_nested_cv,5,2,inner_validation,outer_training_local,5,50,calibrate:065,calibrate,65
development_repeated_nested_cv,5,2,inner_validation,outer_training_local,5,51,calibrate:066,calibrate,66
development_repeated_nested_cv,5,2,inner_validation,outer_training_local,5,53,calibrate:069,calibrate,69
development_repeated_nested_cv,5,2,inner_validation,outer_training_local,5,55,calibrate:071,calibrate,71
development_repeated_nested_cv,5,2,inner_validation,outer_training_local,5,80,calibrate:102,calibrate,102
development_repeated_nested_cv,5,2,inner_validation,outer_training_local,5,85,calibrate:108,calibrate,108
development_repeated_nested_cv,5,2,inner_validation,outer_training_local,5,89,calibrate:112,calibrate,112
development_repeated_nested_cv,5,2,inner_validation,outer_training_local,5,90,calibrate:115,calibrate,115
development_repeated_nested_cv,5,2,inner_validation,outer_training_local,5,96,calibrate:121,calibrate,121
development_repeated_nested_cv,5,2,inner_validation,outer_training_local,5,97,calibrate:122,calibrate,122
development_repeated_nested_cv,5,2,inner_validation,outer_training_local,5,102,calibrate:127,calibrate,127
development_repeated_nested_cv,5,2,inner_validation,outer_training_local,5,106,calibrate:133,calibrate,133
development_repeated_nested_cv,5,2,inner_validation,outer_training_local,5,114,calibrate:142,calibrate,142
development_repeated_nested_cv,5,2,inner_validation,outer_training_local,5,117,calibrate:145,calibrate,145
development_repeated_nested_cv,5,2,inner_validation,outer_training_local,5,127,validate:005,validate,5
development_repeated_nested_cv,5,2,inner_validation,outer_training_local,5,132,validate:010,validate,10
development_repeated_nested_cv,5,2,inner_validation,outer_training_local,5,135,validate:013,validate,13
development_repeated_nested_cv,5,2,inner_validation,outer_training_local,5,141,validate:019,validate,19
development_repeated_nested_cv,5,2,inner_validation,outer_training_local,5,153,validate:037,validate,37
development_repeated_nested_cv,5,2,inner_validation,outer_training_local,5,154,validate:039,validate,39
development_repeated_nested_cv,5,3,inner_validation,outer_training_local,1,1,calibrate:002,calibrate,2
development_repeated_nested_cv,5,3,inner_validation,outer_training_local,1,2,calibrate:003,calibrate,3
development_repeated_nested_cv,5,3,inner_validation,outer_training_local,1,12,calibrate:013,calibrate,13
development_repeated_nested_cv,5,3,inner_validation,outer_training_local,1,14,calibrate:017,calibrate,17
development_repeated_nested_cv,5,3,inner_validation,outer_training_local,1,19,calibrate:022,calibrate,22
development_repeated_nested_cv,5,3,inner_validation,outer_training_local,1,25,calibrate:029,calibrate,29
development_repeated_nested_cv,5,3,inner_validation,outer_training_local,1,34,calibrate:038,calibrate,38
development_repeated_nested_cv,5,3,inner_validation,outer_training_local,1,39,calibrate:044,calibrate,44
development_repeated_nested_cv,5,3,inner_validation,outer_training_local,1,40,calibrate:045,calibrate,45
development_repeated_nested_cv,5,3,inner_validation,outer_training_local,1,46,calibrate:051,calibrate,51
development_repeated_nested_cv,5,3,inner_validation,outer_training_local,1,54,calibrate:061,calibrate,61
development_repeated_nested_cv,5,3,inner_validation,outer_training_local,1,61,calibrate:070,calibrate,70
development_repeated_nested_cv,5,3,inner_validation,outer_training_local,1,64,calibrate:074,calibrate,74
development_repeated_nested_cv,5,3,inner_validation,outer_training_local,1,66,calibrate:078,calibrate,78
development_repeated_nested_cv,5,3,inner_validation,outer_training_local,1,68,calibrate:081,calibrate,81
development_repeated_nested_cv,5,3,inner_validation,outer_training_local,1,71,calibrate:084,calibrate,84
development_repeated_nested_cv,5,3,inner_validation,outer_training_local,1,79,calibrate:095,calibrate,95
development_repeated_nested_cv,5,3,inner_validation,outer_training_local,1,84,calibrate:101,calibrate,101
development_repeated_nested_cv,5,3,inner_validation,outer_training_local,1,87,calibrate:105,calibrate,105
development_repeated_nested_cv,5,3,inner_validation,outer_training_local,1,90,calibrate:112,calibrate,112
development_repeated_nested_cv,5,3,inner_validation,outer_training_local,1,98,calibrate:121,calibrate,121
development_repeated_nested_cv,5,3,inner_validation,outer_training_local,1,103,calibrate:126,calibrate,126
development_repeated_nested_cv,5,3,inner_validation,outer_training_local,1,109,calibrate:134,calibrate,134
development_repeated_nested_cv,5,3,inner_validation,outer_training_local,1,123,calibrate:155,calibrate,155
development_repeated_nested_cv,5,3,inner_validation,outer_training_local,1,125,validate:002,validate,2
development_repeated_nested_cv,5,3,inner_validation,outer_training_local,1,127,validate:005,validate,5
development_repeated_nested_cv,5,3,inner_validation,outer_training_local,1,139,validate:020,validate,20
development_repeated_nested_cv,5,3,inner_validation,outer_training_local,1,147,validate:029,validate,29
development_repeated_nested_cv,5,3,inner_validation,outer_training_local,1,149,validate:031,validate,31
development_repeated_nested_cv,5,3,inner_validation,outer_training_local,1,150,validate:034,validate,34
development_repeated_nested_cv,5,3,inner_validation,outer_training_local,1,153,validate:037,validate,37
development_repeated_nested_cv,5,3,inner_validation,outer_training_local,2,6,calibrate:007,calibrate,7
development_repeated_nested_cv,5,3,inner_validation,outer_training_local,2,8,calibrate:009,calibrate,9
development_repeated_nested_cv,5,3,inner_validation,outer_training_local,2,15,calibrate:018,calibrate,18
development_repeated_nested_cv,5,3,inner_validation,outer_training_local,2,18,calibrate:021,calibrate,21
development_repeated_nested_cv,5,3,inner_validation,outer_training_local,2,21,calibrate:024,calibrate,24
development_repeated_nested_cv,5,3,inner_validation,outer_training_local,2,26,calibrate:030,calibrate,30
development_repeated_nested_cv,5,3,inner_validation,outer_training_local,2,28,calibrate:032,calibrate,32
development_repeated_nested_cv,5,3,inner_validation,outer_training_local,2,30,calibrate:034,calibrate,34
development_repeated_nested_cv,5,3,inner_validation,outer_training_local,2,31,calibrate:035,calibrate,35
development_repeated_nested_cv,5,3,inner_validation,outer_training_local,2,44,calibrate:049,calibrate,49
development_repeated_nested_cv,5,3,inner_validation,outer_training_local,2,48,calibrate:053,calibrate,53
development_repeated_nested_cv,5,3,inner_validation,outer_training_local,2,56,calibrate:064,calibrate,64
development_repeated_nested_cv,5,3,inner_validation,outer_training_local,2,57,calibrate:065,calibrate,65
development_repeated_nested_cv,5,3,inner_validation,outer_training_local,2,59,calibrate:068,calibrate,68
development_repeated_nested_cv,5,3,inner_validation,outer_training_local,2,63,calibrate:073,calibrate,73
development_repeated_nested_cv,5,3,inner_validation,outer_training_local,2,69,calibrate:082,calibrate,82
development_repeated_nested_cv,5,3,inner_validation,outer_training_local,2,74,calibrate:088,calibrate,88
development_repeated_nested_cv,5,3,inner_validation,outer_training_local,2,83,calibrate:100,calibrate,100
development_repeated_nested_cv,5,3,inner_validation,outer_training_local,2,94,calibrate:116,calibrate,116
development_repeated_nested_cv,5,3,inner_validation,outer_training_local,2,99,calibrate:122,calibrate,122
development_repeated_nested_cv,5,3,inner_validation,outer_training_local,2,101,calibrate:124,calibrate,124
development_repeated_nested_cv,5,3,inner_validation,outer_training_local,2,107,calibrate:132,calibrate,132
development_repeated_nested_cv,5,3,inner_validation,outer_training_local,2,114,calibrate:141,calibrate,141
development_repeated_nested_cv,5,3,inner_validation,outer_training_local,2,118,calibrate:145,calibrate,145
development_repeated_nested_cv,5,3,inner_validation,outer_training_local,2,119,calibrate:147,calibrate,147
development_repeated_nested_cv,5,3,inner_validation,outer_training_local,2,126,validate:004,validate,4
development_repeated_nested_cv,5,3,inner_validation,outer_training_local,2,132,validate:012,validate,12
development_repeated_nested_cv,5,3,inner_validation,outer_training_local,2,134,validate:014,validate,14
development_repeated_nested_cv,5,3,inner_validation,outer_training_local,2,141,validate:023,validate,23
development_repeated_nested_cv,5,3,inner_validation,outer_training_local,2,143,validate:025,validate,25
development_repeated_nested_cv,5,3,inner_validation,outer_training_local,2,146,validate:028,validate,28
development_repeated_nested_cv,5,3,inner_validation,outer_training_local,3,3,calibrate:004,calibrate,4
development_repeated_nested_cv,5,3,inner_validation,outer_training_local,3,13,calibrate:016,calibrate,16
development_repeated_nested_cv,5,3,inner_validation,outer_training_local,3,16,calibrate:019,calibrate,19
development_repeated_nested_cv,5,3,inner_validation,outer_training_local,3,27,calibrate:031,calibrate,31
development_repeated_nested_cv,5,3,inner_validation,outer_training_local,3,29,calibrate:033,calibrate,33
development_repeated_nested_cv,5,3,inner_validation,outer_training_local,3,33,calibrate:037,calibrate,37
development_repeated_nested_cv,5,3,inner_validation,outer_training_local,3,36,calibrate:041,calibrate,41
development_repeated_nested_cv,5,3,inner_validation,outer_training_local,3,37,calibrate:042,calibrate,42
development_repeated_nested_cv,5,3,inner_validation,outer_training_local,3,42,calibrate:047,calibrate,47
development_repeated_nested_cv,5,3,inner_validation,outer_training_local,3,51,calibrate:057,calibrate,57
development_repeated_nested_cv,5,3,inner_validation,outer_training_local,3,52,calibrate:059,calibrate,59
development_repeated_nested_cv,5,3,inner_validation,outer_training_local,3,58,calibrate:066,calibrate,66
development_repeated_nested_cv,5,3,inner_validation,outer_training_local,3,60,calibrate:069,calibrate,69
development_repeated_nested_cv,5,3,inner_validation,outer_training_local,3,62,calibrate:071,calibrate,71
development_repeated_nested_cv,5,3,inner_validation,outer_training_local,3,67,calibrate:079,calibrate,79
development_repeated_nested_cv,5,3,inner_validation,outer_training_local,3,75,calibrate:089,calibrate,89
development_repeated_nested_cv,5,3,inner_validation,outer_training_local,3,76,calibrate:090,calibrate,90
development_repeated_nested_cv,5,3,inner_validation,outer_training_local,3,82,calibrate:099,calibrate,99
development_repeated_nested_cv,5,3,inner_validation,outer_training_local,3,89,calibrate:110,calibrate,110
development_repeated_nested_cv,5,3,inner_validation,outer_training_local,3,91,calibrate:113,calibrate,113
development_repeated_nested_cv,5,3,inner_validation,outer_training_local,3,104,calibrate:127,calibrate,127
development_repeated_nested_cv,5,3,inner_validation,outer_training_local,3,110,calibrate:135,calibrate,135
development_repeated_nested_cv,5,3,inner_validation,outer_training_local,3,111,calibrate:136,calibrate,136
development_repeated_nested_cv,5,3,inner_validation,outer_training_local,3,116,calibrate:143,calibrate,143
development_repeated_nested_cv,5,3,inner_validation,outer_training_local,3,121,calibrate:153,calibrate,153
development_repeated_nested_cv,5,3,inner_validation,outer_training_local,3,130,validate:009,validate,9
development_repeated_nested_cv,5,3,inner_validation,outer_training_local,3,131,validate:011,validate,11
development_repeated_nested_cv,5,3,inner_validation,outer_training_local,3,133,validate:013,validate,13
development_repeated_nested_cv,5,3,inner_validation,outer_training_local,3,136,validate:016,validate,16
development_repeated_nested_cv,5,3,inner_validation,outer_training_local,3,138,validate:019,validate,19
development_repeated_nested_cv,5,3,inner_validation,outer_training_local,3,145,validate:027,validate,27
development_repeated_nested_cv,5,3,inner_validation,outer_training_local,3,148,validate:030,validate,30
development_repeated_nested_cv,5,3,inner_validation,outer_training_local,4,4,calibrate:005,calibrate,5
development_repeated_nested_cv,5,3,inner_validation,outer_training_local,4,10,calibrate:011,calibrate,11
development_repeated_nested_cv,5,3,inner_validation,outer_training_local,4,11,calibrate:012,calibrate,12
development_repeated_nested_cv,5,3,inner_validation,outer_training_local,4,20,calibrate:023,calibrate,23
development_repeated_nested_cv,5,3,inner_validation,outer_training_local,4,23,calibrate:027,calibrate,27
development_repeated_nested_cv,5,3,inner_validation,outer_training_local,4,24,calibrate:028,calibrate,28
development_repeated_nested_cv,5,3,inner_validation,outer_training_local,4,38,calibrate:043,calibrate,43
development_repeated_nested_cv,5,3,inner_validation,outer_training_local,4,43,calibrate:048,calibrate,48
development_repeated_nested_cv,5,3,inner_validation,outer_training_local,4,55,calibrate:062,calibrate,62
development_repeated_nested_cv,5,3,inner_validation,outer_training_local,4,65,calibrate:075,calibrate,75
development_repeated_nested_cv,5,3,inner_validation,outer_training_local,4,77,calibrate:091,calibrate,91
development_repeated_nested_cv,5,3,inner_validation,outer_training_local,4,78,calibrate:093,calibrate,93
development_repeated_nested_cv,5,3,inner_validation,outer_training_local,4,80,calibrate:097,calibrate,97
development_repeated_nested_cv,5,3,inner_validation,outer_training_local,4,86,calibrate:104,calibrate,104
development_repeated_nested_cv,5,3,inner_validation,outer_training_local,4,88,calibrate:107,calibrate,107
development_repeated_nested_cv,5,3,inner_validation,outer_training_local,4,92,calibrate:114,calibrate,114
development_repeated_nested_cv,5,3,inner_validation,outer_training_local,4,93,calibrate:115,calibrate,115
development_repeated_nested_cv,5,3,inner_validation,outer_training_local,4,95,calibrate:117,calibrate,117
development_repeated_nested_cv,5,3,inner_validation,outer_training_local,4,97,calibrate:119,calibrate,119
development_repeated_nested_cv,5,3,inner_validation,outer_training_local,4,106,calibrate:130,calibrate,130
development_repeated_nested_cv,5,3,inner_validation,outer_training_local,4,108,calibrate:133,calibrate,133
development_repeated_nested_cv,5,3,inner_validation,outer_training_local,4,113,calibrate:139,calibrate,139
development_repeated_nested_cv,5,3,inner_validation,outer_training_local,4,117,calibrate:144,calibrate,144
development_repeated_nested_cv,5,3,inner_validation,outer_training_local,4,120,calibrate:149,calibrate,149
development_repeated_nested_cv,5,3,inner_validation,outer_training_local,4,122,calibrate:154,calibrate,154
development_repeated_nested_cv,5,3,inner_validation,outer_training_local,4,135,validate:015,validate,15
development_repeated_nested_cv,5,3,inner_validation,outer_training_local,4,142,validate:024,validate,24
development_repeated_nested_cv,5,3,inner_validation,outer_training_local,4,144,validate:026,validate,26
development_repeated_nested_cv,5,3,inner_validation,outer_training_local,4,151,validate:035,validate,35
development_repeated_nested_cv,5,3,inner_validation,outer_training_local,4,152,validate:036,validate,36
development_repeated_nested_cv,5,3,inner_validation,outer_training_local,4,155,validate:040,validate,40
development_repeated_nested_cv,5,3,inner_validation,outer_training_local,5,0,calibrate:001,calibrate,1
development_repeated_nested_cv,5,3,inner_validation,outer_training_local,5,5,calibrate:006,calibrate,6
development_repeated_nested_cv,5,3,inner_validation,outer_training_local,5,7,calibrate:008,calibrate,8
development_repeated_nested_cv,5,3,inner_validation,outer_training_local,5,9,calibrate:010,calibrate,10
development_repeated_nested_cv,5,3,inner_validation,outer_training_local,5,17,calibrate:020,calibrate,20
development_repeated_nested_cv,5,3,inner_validation,outer_training_local,5,22,calibrate:026,calibrate,26
development_repeated_nested_cv,5,3,inner_validation,outer_training_local,5,32,calibrate:036,calibrate,36
development_repeated_nested_cv,5,3,inner_validation,outer_training_local,5,35,calibrate:040,calibrate,40
development_repeated_nested_cv,5,3,inner_validation,outer_training_local,5,41,calibrate:046,calibrate,46
development_repeated_nested_cv,5,3,inner_validation,outer_training_local,5,45,calibrate:050,calibrate,50
development_repeated_nested_cv,5,3,inner_validation,outer_training_local,5,47,calibrate:052,calibrate,52
development_repeated_nested_cv,5,3,inner_validation,outer_training_local,5,49,calibrate:054,calibrate,54
development_repeated_nested_cv,5,3,inner_validation,outer_training_local,5,50,calibrate:056,calibrate,56
development_repeated_nested_cv,5,3,inner_validation,outer_training_local,5,53,calibrate:060,calibrate,60
development_repeated_nested_cv,5,3,inner_validation,outer_training_local,5,70,calibrate:083,calibrate,83
development_repeated_nested_cv,5,3,inner_validation,outer_training_local,5,72,calibrate:085,calibrate,85
development_repeated_nested_cv,5,3,inner_validation,outer_training_local,5,73,calibrate:087,calibrate,87
development_repeated_nested_cv,5,3,inner_validation,outer_training_local,5,81,calibrate:098,calibrate,98
development_repeated_nested_cv,5,3,inner_validation,outer_training_local,5,85,calibrate:102,calibrate,102
development_repeated_nested_cv,5,3,inner_validation,outer_training_local,5,96,calibrate:118,calibrate,118
development_repeated_nested_cv,5,3,inner_validation,outer_training_local,5,100,calibrate:123,calibrate,123
development_repeated_nested_cv,5,3,inner_validation,outer_training_local,5,102,calibrate:125,calibrate,125
development_repeated_nested_cv,5,3,inner_validation,outer_training_local,5,105,calibrate:129,calibrate,129
development_repeated_nested_cv,5,3,inner_validation,outer_training_local,5,112,calibrate:137,calibrate,137
development_repeated_nested_cv,5,3,inner_validation,outer_training_local,5,115,calibrate:142,calibrate,142
development_repeated_nested_cv,5,3,inner_validation,outer_training_local,5,124,validate:001,validate,1
development_repeated_nested_cv,5,3,inner_validation,outer_training_local,5,128,validate:006,validate,6
development_repeated_nested_cv,5,3,inner_validation,outer_training_local,5,129,validate:008,validate,8
development_repeated_nested_cv,5,3,inner_validation,outer_training_local,5,137,validate:018,validate,18
development_repeated_nested_cv,5,3,inner_validation,outer_training_local,5,140,validate:022,validate,22
development_repeated_nested_cv,5,3,inner_validation,outer_training_local,5,154,validate:038,validate,38
development_repeated_nested_cv,5,4,inner_validation,outer_training_local,1,1,calibrate:004,calibrate,4
development_repeated_nested_cv,5,4,inner_validation,outer_training_local,1,6,calibrate:011,calibrate,11
development_repeated_nested_cv,5,4,inner_validation,outer_training_local,1,26,calibrate:036,calibrate,36
development_repeated_nested_cv,5,4,inner_validation,outer_training_local,1,29,calibrate:039,calibrate,39
development_repeated_nested_cv,5,4,inner_validation,outer_training_local,1,32,calibrate:042,calibrate,42
development_repeated_nested_cv,5,4,inner_validation,outer_training_local,1,33,calibrate:043,calibrate,43
development_repeated_nested_cv,5,4,inner_validation,outer_training_local,1,45,calibrate:055,calibrate,55
development_repeated_nested_cv,5,4,inner_validation,outer_training_local,1,46,calibrate:058,calibrate,58
development_repeated_nested_cv,5,4,inner_validation,outer_training_local,1,48,calibrate:060,calibrate,60
development_repeated_nested_cv,5,4,inner_validation,outer_training_local,1,68,calibrate:086,calibrate,86
development_repeated_nested_cv,5,4,inner_validation,outer_training_local,1,71,calibrate:089,calibrate,89
development_repeated_nested_cv,5,4,inner_validation,outer_training_local,1,79,calibrate:097,calibrate,97
development_repeated_nested_cv,5,4,inner_validation,outer_training_local,1,87,calibrate:107,calibrate,107
development_repeated_nested_cv,5,4,inner_validation,outer_training_local,1,91,calibrate:112,calibrate,112
development_repeated_nested_cv,5,4,inner_validation,outer_training_local,1,93,calibrate:114,calibrate,114
development_repeated_nested_cv,5,4,inner_validation,outer_training_local,1,94,calibrate:116,calibrate,116
development_repeated_nested_cv,5,4,inner_validation,outer_training_local,1,98,calibrate:124,calibrate,124
development_repeated_nested_cv,5,4,inner_validation,outer_training_local,1,99,calibrate:125,calibrate,125
development_repeated_nested_cv,5,4,inner_validation,outer_training_local,1,100,calibrate:126,calibrate,126
development_repeated_nested_cv,5,4,inner_validation,outer_training_local,1,102,calibrate:129,calibrate,129
development_repeated_nested_cv,5,4,inner_validation,outer_training_local,1,108,calibrate:136,calibrate,136
development_repeated_nested_cv,5,4,inner_validation,outer_training_local,1,112,calibrate:144,calibrate,144
development_repeated_nested_cv,5,4,inner_validation,outer_training_local,1,118,calibrate:150,calibrate,150
development_repeated_nested_cv,5,4,inner_validation,outer_training_local,1,120,calibrate:152,calibrate,152
development_repeated_nested_cv,5,4,inner_validation,outer_training_local,1,125,validate:003,validate,3
development_repeated_nested_cv,5,4,inner_validation,outer_training_local,1,128,validate:007,validate,7
development_repeated_nested_cv,5,4,inner_validation,outer_training_local,1,131,validate:012,validate,12
development_repeated_nested_cv,5,4,inner_validation,outer_training_local,1,133,validate:014,validate,14
development_repeated_nested_cv,5,4,inner_validation,outer_training_local,1,146,validate:031,validate,31
development_repeated_nested_cv,5,4,inner_validation,outer_training_local,1,151,validate:036,validate,36
development_repeated_nested_cv,5,4,inner_validation,outer_training_local,2,4,calibrate:007,calibrate,7
development_repeated_nested_cv,5,4,inner_validation,outer_training_local,2,9,calibrate:015,calibrate,15
development_repeated_nested_cv,5,4,inner_validation,outer_training_local,2,11,calibrate:018,calibrate,18
development_repeated_nested_cv,5,4,inner_validation,outer_training_local,2,13,calibrate:020,calibrate,20
development_repeated_nested_cv,5,4,inner_validation,outer_training_local,2,23,calibrate:033,calibrate,33
development_repeated_nested_cv,5,4,inner_validation,outer_training_local,2,30,calibrate:040,calibrate,40
development_repeated_nested_cv,5,4,inner_validation,outer_training_local,2,31,calibrate:041,calibrate,41
development_repeated_nested_cv,5,4,inner_validation,outer_training_local,2,36,calibrate:046,calibrate,46
development_repeated_nested_cv,5,4,inner_validation,outer_training_local,2,42,calibrate:052,calibrate,52
development_repeated_nested_cv,5,4,inner_validation,outer_training_local,2,50,calibrate:062,calibrate,62
development_repeated_nested_cv,5,4,inner_validation,outer_training_local,2,54,calibrate:067,calibrate,67
development_repeated_nested_cv,5,4,inner_validation,outer_training_local,2,57,calibrate:071,calibrate,71
development_repeated_nested_cv,5,4,inner_validation,outer_training_local,2,58,calibrate:072,calibrate,72
development_repeated_nested_cv,5,4,inner_validation,outer_training_local,2,61,calibrate:076,calibrate,76
development_repeated_nested_cv,5,4,inner_validation,outer_training_local,2,66,calibrate:081,calibrate,81
development_repeated_nested_cv,5,4,inner_validation,outer_training_local,2,78,calibrate:096,calibrate,96
development_repeated_nested_cv,5,4,inner_validation,outer_training_local,2,83,calibrate:103,calibrate,103
development_repeated_nested_cv,5,4,inner_validation,outer_training_local,2,84,calibrate:104,calibrate,104
development_repeated_nested_cv,5,4,inner_validation,outer_training_local,2,85,calibrate:105,calibrate,105
development_repeated_nested_cv,5,4,inner_validation,outer_training_local,2,95,calibrate:117,calibrate,117
development_repeated_nested_cv,5,4,inner_validation,outer_training_local,2,105,calibrate:132,calibrate,132
development_repeated_nested_cv,5,4,inner_validation,outer_training_local,2,106,calibrate:134,calibrate,134
development_repeated_nested_cv,5,4,inner_validation,outer_training_local,2,107,calibrate:135,calibrate,135
development_repeated_nested_cv,5,4,inner_validation,outer_training_local,2,111,calibrate:141,calibrate,141
development_repeated_nested_cv,5,4,inner_validation,outer_training_local,2,121,calibrate:153,calibrate,153
development_repeated_nested_cv,5,4,inner_validation,outer_training_local,2,124,validate:001,validate,1
development_repeated_nested_cv,5,4,inner_validation,outer_training_local,2,132,validate:013,validate,13
development_repeated_nested_cv,5,4,inner_validation,outer_training_local,2,134,validate:015,validate,15
development_repeated_nested_cv,5,4,inner_validation,outer_training_local,2,138,validate:020,validate,20
development_repeated_nested_cv,5,4,inner_validation,outer_training_local,2,142,validate:024,validate,24
development_repeated_nested_cv,5,4,inner_validation,outer_training_local,2,150,validate:035,validate,35
development_repeated_nested_cv,5,4,inner_validation,outer_training_local,3,2,calibrate:005,calibrate,5
development_repeated_nested_cv,5,4,inner_validation,outer_training_local,3,5,calibrate:009,calibrate,9
development_repeated_nested_cv,5,4,inner_validation,outer_training_local,3,12,calibrate:019,calibrate,19
development_repeated_nested_cv,5,4,inner_validation,outer_training_local,3,14,calibrate:022,calibrate,22
development_repeated_nested_cv,5,4,inner_validation,outer_training_local,3,18,calibrate:027,calibrate,27
development_repeated_nested_cv,5,4,inner_validation,outer_training_local,3,19,calibrate:029,calibrate,29
development_repeated_nested_cv,5,4,inner_validation,outer_training_local,3,20,calibrate:030,calibrate,30
development_repeated_nested_cv,5,4,inner_validation,outer_training_local,3,37,calibrate:047,calibrate,47
development_repeated_nested_cv,5,4,inner_validation,outer_training_local,3,43,calibrate:053,calibrate,53
development_repeated_nested_cv,5,4,inner_validation,outer_training_local,3,51,calibrate:063,calibrate,63
development_repeated_nested_cv,5,4,inner_validation,outer_training_local,3,52,calibrate:064,calibrate,64
development_repeated_nested_cv,5,4,inner_validation,outer_training_local,3,55,calibrate:068,calibrate,68
development_repeated_nested_cv,5,4,inner_validation,outer_training_local,3,60,calibrate:075,calibrate,75
development_repeated_nested_cv,5,4,inner_validation,outer_training_local,3,64,calibrate:079,calibrate,79
development_repeated_nested_cv,5,4,inner_validation,outer_training_local,3,69,calibrate:087,calibrate,87
development_repeated_nested_cv,5,4,inner_validation,outer_training_local,3,70,calibrate:088,calibrate,88
development_repeated_nested_cv,5,4,inner_validation,outer_training_local,3,74,calibrate:092,calibrate,92
development_repeated_nested_cv,5,4,inner_validation,outer_training_local,3,75,calibrate:093,calibrate,93
development_repeated_nested_cv,5,4,inner_validation,outer_training_local,3,88,calibrate:108,calibrate,108
development_repeated_nested_cv,5,4,inner_validation,outer_training_local,3,90,calibrate:111,calibrate,111
development_repeated_nested_cv,5,4,inner_validation,outer_training_local,3,92,calibrate:113,calibrate,113
development_repeated_nested_cv,5,4,inner_validation,outer_training_local,3,113,calibrate:145,calibrate,145
development_repeated_nested_cv,5,4,inner_validation,outer_training_local,3,114,calibrate:146,calibrate,146
development_repeated_nested_cv,5,4,inner_validation,outer_training_local,3,122,calibrate:154,calibrate,154
development_repeated_nested_cv,5,4,inner_validation,outer_training_local,3,123,calibrate:155,calibrate,155
development_repeated_nested_cv,5,4,inner_validation,outer_training_local,3,127,validate:005,validate,5
development_repeated_nested_cv,5,4,inner_validation,outer_training_local,3,129,validate:009,validate,9
development_repeated_nested_cv,5,4,inner_validation,outer_training_local,3,130,validate:010,validate,10
development_repeated_nested_cv,5,4,inner_validation,outer_training_local,3,148,validate:033,validate,33
development_repeated_nested_cv,5,4,inner_validation,outer_training_local,3,149,validate:034,validate,34
development_repeated_nested_cv,5,4,inner_validation,outer_training_local,3,152,validate:037,validate,37
development_repeated_nested_cv,5,4,inner_validation,outer_training_local,4,0,calibrate:003,calibrate,3
development_repeated_nested_cv,5,4,inner_validation,outer_training_local,4,3,calibrate:006,calibrate,6
development_repeated_nested_cv,5,4,inner_validation,outer_training_local,4,7,calibrate:013,calibrate,13
development_repeated_nested_cv,5,4,inner_validation,outer_training_local,4,8,calibrate:014,calibrate,14
development_repeated_nested_cv,5,4,inner_validation,outer_training_local,4,15,calibrate:024,calibrate,24
development_repeated_nested_cv,5,4,inner_validation,outer_training_local,4,17,calibrate:026,calibrate,26
development_repeated_nested_cv,5,4,inner_validation,outer_training_local,4,24,calibrate:034,calibrate,34
development_repeated_nested_cv,5,4,inner_validation,outer_training_local,4,25,calibrate:035,calibrate,35
development_repeated_nested_cv,5,4,inner_validation,outer_training_local,4,27,calibrate:037,calibrate,37
development_repeated_nested_cv,5,4,inner_validation,outer_training_local,4,38,calibrate:048,calibrate,48
development_repeated_nested_cv,5,4,inner_validation,outer_training_local,4,39,calibrate:049,calibrate,49
development_repeated_nested_cv,5,4,inner_validation,outer_training_local,4,44,calibrate:054,calibrate,54
development_repeated_nested_cv,5,4,inner_validation,outer_training_local,4,49,calibrate:061,calibrate,61
development_repeated_nested_cv,5,4,inner_validation,outer_training_local,4,53,calibrate:066,calibrate,66
development_repeated_nested_cv,5,4,inner_validation,outer_training_local,4,56,calibrate:069,calibrate,69
development_repeated_nested_cv,5,4,inner_validation,outer_training_local,4,59,calibrate:073,calibrate,73
development_repeated_nested_cv,5,4,inner_validation,outer_training_local,4,65,calibrate:080,calibrate,80
development_repeated_nested_cv,5,4,inner_validation,outer_training_local,4,67,calibrate:084,calibrate,84
development_repeated_nested_cv,5,4,inner_validation,outer_training_local,4,76,calibrate:094,calibrate,94
development_repeated_nested_cv,5,4,inner_validation,outer_training_local,4,80,calibrate:098,calibrate,98
development_repeated_nested_cv,5,4,inner_validation,outer_training_local,4,86,calibrate:106,calibrate,106
development_repeated_nested_cv,5,4,inner_validation,outer_training_local,4,103,calibrate:130,calibrate,130
development_repeated_nested_cv,5,4,inner_validation,outer_training_local,4,104,calibrate:131,calibrate,131
development_repeated_nested_cv,5,4,inner_validation,outer_training_local,4,110,calibrate:140,calibrate,140
development_repeated_nested_cv,5,4,inner_validation,outer_training_local,4,116,calibrate:148,calibrate,148
development_repeated_nested_cv,5,4,inner_validation,outer_training_local,4,126,validate:004,validate,4
development_repeated_nested_cv,5,4,inner_validation,outer_training_local,4,140,validate:022,validate,22
development_repeated_nested_cv,5,4,inner_validation,outer_training_local,4,141,validate:023,validate,23
development_repeated_nested_cv,5,4,inner_validation,outer_training_local,4,144,validate:027,validate,27
development_repeated_nested_cv,5,4,inner_validation,outer_training_local,4,145,validate:028,validate,28
development_repeated_nested_cv,5,4,inner_validation,outer_training_local,4,153,validate:038,validate,38
development_repeated_nested_cv,5,4,inner_validation,outer_training_local,4,154,validate:039,validate,39
development_repeated_nested_cv,5,4,inner_validation,outer_training_local,5,10,calibrate:017,calibrate,17
development_repeated_nested_cv,5,4,inner_validation,outer_training_local,5,16,calibrate:025,calibrate,25
development_repeated_nested_cv,5,4,inner_validation,outer_training_local,5,21,calibrate:031,calibrate,31
development_repeated_nested_cv,5,4,inner_validation,outer_training_local,5,22,calibrate:032,calibrate,32
development_repeated_nested_cv,5,4,inner_validation,outer_training_local,5,28,calibrate:038,calibrate,38
development_repeated_nested_cv,5,4,inner_validation,outer_training_local,5,34,calibrate:044,calibrate,44
development_repeated_nested_cv,5,4,inner_validation,outer_training_local,5,35,calibrate:045,calibrate,45
development_repeated_nested_cv,5,4,inner_validation,outer_training_local,5,40,calibrate:050,calibrate,50
development_repeated_nested_cv,5,4,inner_validation,outer_training_local,5,41,calibrate:051,calibrate,51
development_repeated_nested_cv,5,4,inner_validation,outer_training_local,5,47,calibrate:059,calibrate,59
development_repeated_nested_cv,5,4,inner_validation,outer_training_local,5,62,calibrate:077,calibrate,77
development_repeated_nested_cv,5,4,inner_validation,outer_training_local,5,63,calibrate:078,calibrate,78
development_repeated_nested_cv,5,4,inner_validation,outer_training_local,5,72,calibrate:090,calibrate,90
development_repeated_nested_cv,5,4,inner_validation,outer_training_local,5,73,calibrate:091,calibrate,91
development_repeated_nested_cv,5,4,inner_validation,outer_training_local,5,77,calibrate:095,calibrate,95
development_repeated_nested_cv,5,4,inner_validation,outer_training_local,5,81,calibrate:099,calibrate,99
development_repeated_nested_cv,5,4,inner_validation,outer_training_local,5,82,calibrate:101,calibrate,101
development_repeated_nested_cv,5,4,inner_validation,outer_training_local,5,89,calibrate:109,calibrate,109
development_repeated_nested_cv,5,4,inner_validation,outer_training_local,5,96,calibrate:120,calibrate,120
development_repeated_nested_cv,5,4,inner_validation,outer_training_local,5,97,calibrate:122,calibrate,122
development_repeated_nested_cv,5,4,inner_validation,outer_training_local,5,101,calibrate:128,calibrate,128
development_repeated_nested_cv,5,4,inner_validation,outer_training_local,5,109,calibrate:138,calibrate,138
development_repeated_nested_cv,5,4,inner_validation,outer_training_local,5,115,calibrate:147,calibrate,147
development_repeated_nested_cv,5,4,inner_validation,outer_training_local,5,117,calibrate:149,calibrate,149
development_repeated_nested_cv,5,4,inner_validation,outer_training_local,5,119,calibrate:151,calibrate,151
development_repeated_nested_cv,5,4,inner_validation,outer_training_local,5,135,validate:016,validate,16
development_repeated_nested_cv,5,4,inner_validation,outer_training_local,5,136,validate:017,validate,17
development_repeated_nested_cv,5,4,inner_validation,outer_training_local,5,137,validate:019,validate,19
development_repeated_nested_cv,5,4,inner_validation,outer_training_local,5,139,validate:021,validate,21
development_repeated_nested_cv,5,4,inner_validation,outer_training_local,5,143,validate:025,validate,25
development_repeated_nested_cv,5,4,inner_validation,outer_training_local,5,147,validate:032,validate,32
development_repeated_nested_cv,5,4,inner_validation,outer_training_local,5,155,validate:040,validate,40
development_repeated_nested_cv,5,5,inner_validation,outer_training_local,1,1,calibrate:002,calibrate,2
development_repeated_nested_cv,5,5,inner_validation,outer_training_local,1,5,calibrate:010,calibrate,10
development_repeated_nested_cv,5,5,inner_validation,outer_training_local,1,11,calibrate:017,calibrate,17
development_repeated_nested_cv,5,5,inner_validation,outer_training_local,1,24,calibrate:031,calibrate,31
development_repeated_nested_cv,5,5,inner_validation,outer_training_local,1,25,calibrate:039,calibrate,39
development_repeated_nested_cv,5,5,inner_validation,outer_training_local,1,26,calibrate:041,calibrate,41
development_repeated_nested_cv,5,5,inner_validation,outer_training_local,1,31,calibrate:047,calibrate,47
development_repeated_nested_cv,5,5,inner_validation,outer_training_local,1,33,calibrate:049,calibrate,49
development_repeated_nested_cv,5,5,inner_validation,outer_training_local,1,36,calibrate:052,calibrate,52
development_repeated_nested_cv,5,5,inner_validation,outer_training_local,1,42,calibrate:059,calibrate,59
development_repeated_nested_cv,5,5,inner_validation,outer_training_local,1,45,calibrate:063,calibrate,63
development_repeated_nested_cv,5,5,inner_validation,outer_training_local,1,49,calibrate:070,calibrate,70
development_repeated_nested_cv,5,5,inner_validation,outer_training_local,1,50,calibrate:072,calibrate,72
development_repeated_nested_cv,5,5,inner_validation,outer_training_local,1,52,calibrate:074,calibrate,74
development_repeated_nested_cv,5,5,inner_validation,outer_training_local,1,60,calibrate:083,calibrate,83
development_repeated_nested_cv,5,5,inner_validation,outer_training_local,1,73,calibrate:101,calibrate,101
development_repeated_nested_cv,5,5,inner_validation,outer_training_local,1,78,calibrate:106,calibrate,106
development_repeated_nested_cv,5,5,inner_validation,outer_training_local,1,81,calibrate:109,calibrate,109
development_repeated_nested_cv,5,5,inner_validation,outer_training_local,1,85,calibrate:113,calibrate,113
development_repeated_nested_cv,5,5,inner_validation,outer_training_local,1,87,calibrate:115,calibrate,115
development_repeated_nested_cv,5,5,inner_validation,outer_training_local,1,96,calibrate:124,calibrate,124
development_repeated_nested_cv,5,5,inner_validation,outer_training_local,1,106,calibrate:136,calibrate,136
development_repeated_nested_cv,5,5,inner_validation,outer_training_local,1,108,calibrate:138,calibrate,138
development_repeated_nested_cv,5,5,inner_validation,outer_training_local,1,109,calibrate:139,calibrate,139
development_repeated_nested_cv,5,5,inner_validation,outer_training_local,1,120,calibrate:151,calibrate,151
development_repeated_nested_cv,5,5,inner_validation,outer_training_local,1,131,validate:011,validate,11
development_repeated_nested_cv,5,5,inner_validation,outer_training_local,1,135,validate:016,validate,16
development_repeated_nested_cv,5,5,inner_validation,outer_training_local,1,136,validate:017,validate,17
development_repeated_nested_cv,5,5,inner_validation,outer_training_local,1,139,validate:020,validate,20
development_repeated_nested_cv,5,5,inner_validation,outer_training_local,1,143,validate:026,validate,26
development_repeated_nested_cv,5,5,inner_validation,outer_training_local,1,154,validate:038,validate,38
development_repeated_nested_cv,5,5,inner_validation,outer_training_local,2,3,calibrate:007,calibrate,7
development_repeated_nested_cv,5,5,inner_validation,outer_training_local,2,9,calibrate:015,calibrate,15
development_repeated_nested_cv,5,5,inner_validation,outer_training_local,2,12,calibrate:018,calibrate,18
development_repeated_nested_cv,5,5,inner_validation,outer_training_local,2,20,calibrate:026,calibrate,26
development_repeated_nested_cv,5,5,inner_validation,outer_training_local,2,23,calibrate:030,calibrate,30
development_repeated_nested_cv,5,5,inner_validation,outer_training_local,2,27,calibrate:043,calibrate,43
development_repeated_nested_cv,5,5,inner_validation,outer_training_local,2,30,calibrate:046,calibrate,46
development_repeated_nested_cv,5,5,inner_validation,outer_training_local,2,32,calibrate:048,calibrate,48
development_repeated_nested_cv,5,5,inner_validation,outer_training_local,2,38,calibrate:055,calibrate,55
development_repeated_nested_cv,5,5,inner_validation,outer_training_local,2,41,calibrate:058,calibrate,58
development_repeated_nested_cv,5,5,inner_validation,outer_training_local,2,54,calibrate:076,calibrate,76
development_repeated_nested_cv,5,5,inner_validation,outer_training_local,2,58,calibrate:081,calibrate,81
development_repeated_nested_cv,5,5,inner_validation,outer_training_local,2,63,calibrate:086,calibrate,86
development_repeated_nested_cv,5,5,inner_validation,outer_training_local,2,67,calibrate:093,calibrate,93
development_repeated_nested_cv,5,5,inner_validation,outer_training_local,2,70,calibrate:096,calibrate,96
development_repeated_nested_cv,5,5,inner_validation,outer_training_local,2,71,calibrate:099,calibrate,99
development_repeated_nested_cv,5,5,inner_validation,outer_training_local,2,72,calibrate:100,calibrate,100
development_repeated_nested_cv,5,5,inner_validation,outer_training_local,2,82,calibrate:110,calibrate,110
development_repeated_nested_cv,5,5,inner_validation,outer_training_local,2,88,calibrate:116,calibrate,116
development_repeated_nested_cv,5,5,inner_validation,outer_training_local,2,94,calibrate:122,calibrate,122
development_repeated_nested_cv,5,5,inner_validation,outer_training_local,2,98,calibrate:127,calibrate,127
development_repeated_nested_cv,5,5,inner_validation,outer_training_local,2,114,calibrate:144,calibrate,144
development_repeated_nested_cv,5,5,inner_validation,outer_training_local,2,116,calibrate:147,calibrate,147
development_repeated_nested_cv,5,5,inner_validation,outer_training_local,2,118,calibrate:149,calibrate,149
development_repeated_nested_cv,5,5,inner_validation,outer_training_local,2,119,calibrate:150,calibrate,150
development_repeated_nested_cv,5,5,inner_validation,outer_training_local,2,124,validate:002,validate,2
development_repeated_nested_cv,5,5,inner_validation,outer_training_local,2,127,validate:006,validate,6
development_repeated_nested_cv,5,5,inner_validation,outer_training_local,2,137,validate:018,validate,18
development_repeated_nested_cv,5,5,inner_validation,outer_training_local,2,140,validate:021,validate,21
development_repeated_nested_cv,5,5,inner_validation,outer_training_local,2,144,validate:027,validate,27
development_repeated_nested_cv,5,5,inner_validation,outer_training_local,2,148,validate:031,validate,31
development_repeated_nested_cv,5,5,inner_validation,outer_training_local,2,152,validate:035,validate,35
development_repeated_nested_cv,5,5,inner_validation,outer_training_local,3,0,calibrate:001,calibrate,1
development_repeated_nested_cv,5,5,inner_validation,outer_training_local,3,8,calibrate:014,calibrate,14
development_repeated_nested_cv,5,5,inner_validation,outer_training_local,3,10,calibrate:016,calibrate,16
development_repeated_nested_cv,5,5,inner_validation,outer_training_local,3,14,calibrate:020,calibrate,20
development_repeated_nested_cv,5,5,inner_validation,outer_training_local,3,19,calibrate:025,calibrate,25
development_repeated_nested_cv,5,5,inner_validation,outer_training_local,3,21,calibrate:027,calibrate,27
development_repeated_nested_cv,5,5,inner_validation,outer_training_local,3,28,calibrate:044,calibrate,44
development_repeated_nested_cv,5,5,inner_validation,outer_training_local,3,39,calibrate:056,calibrate,56
development_repeated_nested_cv,5,5,inner_validation,outer_training_local,3,53,calibrate:075,calibrate,75
development_repeated_nested_cv,5,5,inner_validation,outer_training_local,3,56,calibrate:079,calibrate,79
development_repeated_nested_cv,5,5,inner_validation,outer_training_local,3,62,calibrate:085,calibrate,85
development_repeated_nested_cv,5,5,inner_validation,outer_training_local,3,68,calibrate:094,calibrate,94
development_repeated_nested_cv,5,5,inner_validation,outer_training_local,3,69,calibrate:095,calibrate,95
development_repeated_nested_cv,5,5,inner_validation,outer_training_local,3,74,calibrate:102,calibrate,102
development_repeated_nested_cv,5,5,inner_validation,outer_training_local,3,76,calibrate:104,calibrate,104
development_repeated_nested_cv,5,5,inner_validation,outer_training_local,3,80,calibrate:108,calibrate,108
development_repeated_nested_cv,5,5,inner_validation,outer_training_local,3,83,calibrate:111,calibrate,111
development_repeated_nested_cv,5,5,inner_validation,outer_training_local,3,84,calibrate:112,calibrate,112
development_repeated_nested_cv,5,5,inner_validation,outer_training_local,3,92,calibrate:120,calibrate,120
development_repeated_nested_cv,5,5,inner_validation,outer_training_local,3,99,calibrate:128,calibrate,128
development_repeated_nested_cv,5,5,inner_validation,outer_training_local,3,101,calibrate:130,calibrate,130
development_repeated_nested_cv,5,5,inner_validation,outer_training_local,3,105,calibrate:134,calibrate,134
development_repeated_nested_cv,5,5,inner_validation,outer_training_local,3,113,calibrate:143,calibrate,143
development_repeated_nested_cv,5,5,inner_validation,outer_training_local,3,115,calibrate:146,calibrate,146
development_repeated_nested_cv,5,5,inner_validation,outer_training_local,3,117,calibrate:148,calibrate,148
development_repeated_nested_cv,5,5,inner_validation,outer_training_local,3,126,validate:004,validate,4
development_repeated_nested_cv,5,5,inner_validation,outer_training_local,3,128,validate:007,validate,7
development_repeated_nested_cv,5,5,inner_validation,outer_training_local,3,130,validate:010,validate,10
development_repeated_nested_cv,5,5,inner_validation,outer_training_local,3,141,validate:023,validate,23
development_repeated_nested_cv,5,5,inner_validation,outer_training_local,3,145,validate:028,validate,28
development_repeated_nested_cv,5,5,inner_validation,outer_training_local,3,146,validate:029,validate,29
development_repeated_nested_cv,5,5,inner_validation,outer_training_local,3,147,validate:030,validate,30
development_repeated_nested_cv,5,5,inner_validation,outer_training_local,4,4,calibrate:008,calibrate,8
development_repeated_nested_cv,5,5,inner_validation,outer_training_local,4,15,calibrate:021,calibrate,21
development_repeated_nested_cv,5,5,inner_validation,outer_training_local,4,18,calibrate:024,calibrate,24
development_repeated_nested_cv,5,5,inner_validation,outer_training_local,4,22,calibrate:028,calibrate,28
development_repeated_nested_cv,5,5,inner_validation,outer_training_local,4,34,calibrate:050,calibrate,50
development_repeated_nested_cv,5,5,inner_validation,outer_training_local,4,37,calibrate:053,calibrate,53
development_repeated_nested_cv,5,5,inner_validation,outer_training_local,4,40,calibrate:057,calibrate,57
development_repeated_nested_cv,5,5,inner_validation,outer_training_local,4,44,calibrate:062,calibrate,62
development_repeated_nested_cv,5,5,inner_validation,outer_training_local,4,46,calibrate:065,calibrate,65
development_repeated_nested_cv,5,5,inner_validation,outer_training_local,4,59,calibrate:082,calibrate,82
development_repeated_nested_cv,5,5,inner_validation,outer_training_local,4,61,calibrate:084,calibrate,84
development_repeated_nested_cv,5,5,inner_validation,outer_training_local,4,65,calibrate:089,calibrate,89
development_repeated_nested_cv,5,5,inner_validation,outer_training_local,4,75,calibrate:103,calibrate,103
development_repeated_nested_cv,5,5,inner_validation,outer_training_local,4,77,calibrate:105,calibrate,105
development_repeated_nested_cv,5,5,inner_validation,outer_training_local,4,86,calibrate:114,calibrate,114
development_repeated_nested_cv,5,5,inner_validation,outer_training_local,4,89,calibrate:117,calibrate,117
development_repeated_nested_cv,5,5,inner_validation,outer_training_local,4,90,calibrate:118,calibrate,118
development_repeated_nested_cv,5,5,inner_validation,outer_training_local,4,97,calibrate:126,calibrate,126
development_repeated_nested_cv,5,5,inner_validation,outer_training_local,4,102,calibrate:131,calibrate,131
development_repeated_nested_cv,5,5,inner_validation,outer_training_local,4,104,calibrate:133,calibrate,133
development_repeated_nested_cv,5,5,inner_validation,outer_training_local,4,107,calibrate:137,calibrate,137
development_repeated_nested_cv,5,5,inner_validation,outer_training_local,4,111,calibrate:141,calibrate,141
development_repeated_nested_cv,5,5,inner_validation,outer_training_local,4,121,calibrate:152,calibrate,152
development_repeated_nested_cv,5,5,inner_validation,outer_training_local,4,122,calibrate:153,calibrate,153
development_repeated_nested_cv,5,5,inner_validation,outer_training_local,4,134,validate:015,validate,15
development_repeated_nested_cv,5,5,inner_validation,outer_training_local,4,138,validate:019,validate,19
development_repeated_nested_cv,5,5,inner_validation,outer_training_local,4,149,validate:032,validate,32
development_repeated_nested_cv,5,5,inner_validation,outer_training_local,4,150,validate:033,validate,33
development_repeated_nested_cv,5,5,inner_validation,outer_training_local,4,151,validate:034,validate,34
development_repeated_nested_cv,5,5,inner_validation,outer_training_local,4,155,validate:039,validate,39
development_repeated_nested_cv,5,5,inner_validation,outer_training_local,5,2,calibrate:005,calibrate,5
development_repeated_nested_cv,5,5,inner_validation,outer_training_local,5,6,calibrate:011,calibrate,11
development_repeated_nested_cv,5,5,inner_validation,outer_training_local,5,7,calibrate:012,calibrate,12
development_repeated_nested_cv,5,5,inner_validation,outer_training_local,5,13,calibrate:019,calibrate,19
development_repeated_nested_cv,5,5,inner_validation,outer_training_local,5,16,calibrate:022,calibrate,22
development_repeated_nested_cv,5,5,inner_validation,outer_training_local,5,17,calibrate:023,calibrate,23
development_repeated_nested_cv,5,5,inner_validation,outer_training_local,5,29,calibrate:045,calibrate,45
development_repeated_nested_cv,5,5,inner_validation,outer_training_local,5,35,calibrate:051,calibrate,51
development_repeated_nested_cv,5,5,inner_validation,outer_training_local,5,43,calibrate:061,calibrate,61
development_repeated_nested_cv,5,5,inner_validation,outer_training_local,5,47,calibrate:067,calibrate,67
development_repeated_nested_cv,5,5,inner_validation,outer_training_local,5,48,calibrate:068,calibrate,68
development_repeated_nested_cv,5,5,inner_validation,outer_training_local,5,51,calibrate:073,calibrate,73
development_repeated_nested_cv,5,5,inner_validation,outer_training_local,5,55,calibrate:077,calibrate,77
development_repeated_nested_cv,5,5,inner_validation,outer_training_local,5,57,calibrate:080,calibrate,80
development_repeated_nested_cv,5,5,inner_validation,outer_training_local,5,64,calibrate:088,calibrate,88
development_repeated_nested_cv,5,5,inner_validation,outer_training_local,5,66,calibrate:092,calibrate,92
development_repeated_nested_cv,5,5,inner_validation,outer_training_local,5,79,calibrate:107,calibrate,107
development_repeated_nested_cv,5,5,inner_validation,outer_training_local,5,91,calibrate:119,calibrate,119
development_repeated_nested_cv,5,5,inner_validation,outer_training_local,5,93,calibrate:121,calibrate,121
development_repeated_nested_cv,5,5,inner_validation,outer_training_local,5,95,calibrate:123,calibrate,123
development_repeated_nested_cv,5,5,inner_validation,outer_training_local,5,100,calibrate:129,calibrate,129
development_repeated_nested_cv,5,5,inner_validation,outer_training_local,5,103,calibrate:132,calibrate,132
development_repeated_nested_cv,5,5,inner_validation,outer_training_local,5,110,calibrate:140,calibrate,140
development_repeated_nested_cv,5,5,inner_validation,outer_training_local,5,112,calibrate:142,calibrate,142
development_repeated_nested_cv,5,5,inner_validation,outer_training_local,5,123,calibrate:154,calibrate,154
development_repeated_nested_cv,5,5,inner_validation,outer_training_local,5,125,validate:003,validate,3
development_repeated_nested_cv,5,5,inner_validation,outer_training_local,5,129,validate:008,validate,8
development_repeated_nested_cv,5,5,inner_validation,outer_training_local,5,132,validate:012,validate,12
development_repeated_nested_cv,5,5,inner_validation,outer_training_local,5,133,validate:014,validate,14
development_repeated_nested_cv,5,5,inner_validation,outer_training_local,5,142,validate:025,validate,25
development_repeated_nested_cv,5,5,inner_validation,outer_training_local,5,153,validate:036,validate,36
development_source_contiguous_cv,1,1,inner_validation,outer_training_local,1,5,calibrate:037,calibrate,37
development_source_contiguous_cv,1,1,inner_validation,outer_training_local,1,8,calibrate:040,calibrate,40
development_source_contiguous_cv,1,1,inner_validation,outer_training_local,1,11,calibrate:043,calibrate,43
development_source_contiguous_cv,1,1,inner_validation,outer_training_local,1,14,calibrate:046,calibrate,46
development_source_contiguous_cv,1,1,inner_validation,outer_training_local,1,23,calibrate:055,calibrate,55
development_source_contiguous_cv,1,1,inner_validation,outer_training_local,1,24,calibrate:056,calibrate,56
development_source_contiguous_cv,1,1,inner_validation,outer_training_local,1,25,calibrate:057,calibrate,57
development_source_contiguous_cv,1,1,inner_validation,outer_training_local,1,27,calibrate:059,calibrate,59
development_source_contiguous_cv,1,1,inner_validation,outer_training_local,1,31,calibrate:063,calibrate,63
development_source_contiguous_cv,1,1,inner_validation,outer_training_local,1,35,calibrate:067,calibrate,67
development_source_contiguous_cv,1,1,inner_validation,outer_training_local,1,36,calibrate:068,calibrate,68
development_source_contiguous_cv,1,1,inner_validation,outer_training_local,1,38,calibrate:070,calibrate,70
development_source_contiguous_cv,1,1,inner_validation,outer_training_local,1,39,calibrate:071,calibrate,71
development_source_contiguous_cv,1,1,inner_validation,outer_training_local,1,46,calibrate:078,calibrate,78
development_source_contiguous_cv,1,1,inner_validation,outer_training_local,1,50,calibrate:082,calibrate,82
development_source_contiguous_cv,1,1,inner_validation,outer_training_local,1,51,calibrate:083,calibrate,83
development_source_contiguous_cv,1,1,inner_validation,outer_training_local,1,52,calibrate:084,calibrate,84
development_source_contiguous_cv,1,1,inner_validation,outer_training_local,1,55,calibrate:087,calibrate,87
development_source_contiguous_cv,1,1,inner_validation,outer_training_local,1,72,calibrate:104,calibrate,104
development_source_contiguous_cv,1,1,inner_validation,outer_training_local,1,76,calibrate:108,calibrate,108
development_source_contiguous_cv,1,1,inner_validation,outer_training_local,1,96,calibrate:128,calibrate,128
development_source_contiguous_cv,1,1,inner_validation,outer_training_local,1,107,calibrate:139,calibrate,139
development_source_contiguous_cv,1,1,inner_validation,outer_training_local,1,110,calibrate:142,calibrate,142
development_source_contiguous_cv,1,1,inner_validation,outer_training_local,1,117,calibrate:149,calibrate,149
development_source_contiguous_cv,1,1,inner_validation,outer_training_local,1,119,calibrate:151,calibrate,151
development_source_contiguous_cv,1,1,inner_validation,outer_training_local,1,124,validate:009,validate,9
development_source_contiguous_cv,1,1,inner_validation,outer_training_local,1,127,validate:012,validate,12
development_source_contiguous_cv,1,1,inner_validation,outer_training_local,1,131,validate:016,validate,16
development_source_contiguous_cv,1,1,inner_validation,outer_training_local,1,132,validate:017,validate,17
development_source_contiguous_cv,1,1,inner_validation,outer_training_local,1,136,validate:021,validate,21
development_source_contiguous_cv,1,1,inner_validation,outer_training_local,1,152,validate:037,validate,37
development_source_contiguous_cv,1,1,inner_validation,outer_training_local,2,2,calibrate:034,calibrate,34
development_source_contiguous_cv,1,1,inner_validation,outer_training_local,2,3,calibrate:035,calibrate,35
development_source_contiguous_cv,1,1,inner_validation,outer_training_local,2,4,calibrate:036,calibrate,36
development_source_contiguous_cv,1,1,inner_validation,outer_training_local,2,7,calibrate:039,calibrate,39
development_source_contiguous_cv,1,1,inner_validation,outer_training_local,2,10,calibrate:042,calibrate,42
development_source_contiguous_cv,1,1,inner_validation,outer_training_local,2,15,calibrate:047,calibrate,47
development_source_contiguous_cv,1,1,inner_validation,outer_training_local,2,16,calibrate:048,calibrate,48
development_source_contiguous_cv,1,1,inner_validation,outer_training_local,2,41,calibrate:073,calibrate,73
development_source_contiguous_cv,1,1,inner_validation,outer_training_local,2,43,calibrate:075,calibrate,75
development_source_contiguous_cv,1,1,inner_validation,outer_training_local,2,48,calibrate:080,calibrate,80
development_source_contiguous_cv,1,1,inner_validation,outer_training_local,2,61,calibrate:093,calibrate,93
development_source_contiguous_cv,1,1,inner_validation,outer_training_local,2,63,calibrate:095,calibrate,95
development_source_contiguous_cv,1,1,inner_validation,outer_training_local,2,66,calibrate:098,calibrate,98
development_source_contiguous_cv,1,1,inner_validation,outer_training_local,2,74,calibrate:106,calibrate,106
development_source_contiguous_cv,1,1,inner_validation,outer_training_local,2,75,calibrate:107,calibrate,107
development_source_contiguous_cv,1,1,inner_validation,outer_training_local,2,77,calibrate:109,calibrate,109
development_source_contiguous_cv,1,1,inner_validation,outer_training_local,2,82,calibrate:114,calibrate,114
development_source_contiguous_cv,1,1,inner_validation,outer_training_local,2,87,calibrate:119,calibrate,119
development_source_contiguous_cv,1,1,inner_validation,outer_training_local,2,92,calibrate:124,calibrate,124
development_source_contiguous_cv,1,1,inner_validation,outer_training_local,2,93,calibrate:125,calibrate,125
development_source_contiguous_cv,1,1,inner_validation,outer_training_local,2,101,calibrate:133,calibrate,133
development_source_contiguous_cv,1,1,inner_validation,outer_training_local,2,112,calibrate:144,calibrate,144
development_source_contiguous_cv,1,1,inner_validation,outer_training_local,2,114,calibrate:146,calibrate,146
development_source_contiguous_cv,1,1,inner_validation,outer_training_local,2,115,calibrate:147,calibrate,147
development_source_contiguous_cv,1,1,inner_validation,outer_training_local,2,116,calibrate:148,calibrate,148
development_source_contiguous_cv,1,1,inner_validation,outer_training_local,2,125,validate:010,validate,10
development_source_contiguous_cv,1,1,inner_validation,outer_training_local,2,128,validate:013,validate,13
development_source_contiguous_cv,1,1,inner_validation,outer_training_local,2,129,validate:014,validate,14
development_source_contiguous_cv,1,1,inner_validation,outer_training_local,2,130,validate:015,validate,15
development_source_contiguous_cv,1,1,inner_validation,outer_training_local,2,135,validate:020,validate,20
development_source_contiguous_cv,1,1,inner_validation,outer_training_local,2,141,validate:026,validate,26
development_source_contiguous_cv,1,1,inner_validation,outer_training_local,2,142,validate:027,validate,27
development_source_contiguous_cv,1,1,inner_validation,outer_training_local,3,1,calibrate:033,calibrate,33
development_source_contiguous_cv,1,1,inner_validation,outer_training_local,3,9,calibrate:041,calibrate,41
development_source_contiguous_cv,1,1,inner_validation,outer_training_local,3,17,calibrate:049,calibrate,49
development_source_contiguous_cv,1,1,inner_validation,outer_training_local,3,20,calibrate:052,calibrate,52
development_source_contiguous_cv,1,1,inner_validation,outer_training_local,3,21,calibrate:053,calibrate,53
development_source_contiguous_cv,1,1,inner_validation,outer_training_local,3,22,calibrate:054,calibrate,54
development_source_contiguous_cv,1,1,inner_validation,outer_training_local,3,28,calibrate:060,calibrate,60
development_source_contiguous_cv,1,1,inner_validation,outer_training_local,3,45,calibrate:077,calibrate,77
development_source_contiguous_cv,1,1,inner_validation,outer_training_local,3,47,calibrate:079,calibrate,79
development_source_contiguous_cv,1,1,inner_validation,outer_training_local,3,57,calibrate:089,calibrate,89
development_source_contiguous_cv,1,1,inner_validation,outer_training_local,3,60,calibrate:092,calibrate,92
development_source_contiguous_cv,1,1,inner_validation,outer_training_local,3,67,calibrate:099,calibrate,99
development_source_contiguous_cv,1,1,inner_validation,outer_training_local,3,71,calibrate:103,calibrate,103
development_source_contiguous_cv,1,1,inner_validation,outer_training_local,3,73,calibrate:105,calibrate,105
development_source_contiguous_cv,1,1,inner_validation,outer_training_local,3,78,calibrate:110,calibrate,110
development_source_contiguous_cv,1,1,inner_validation,outer_training_local,3,79,calibrate:111,calibrate,111
development_source_contiguous_cv,1,1,inner_validation,outer_training_local,3,81,calibrate:113,calibrate,113
development_source_contiguous_cv,1,1,inner_validation,outer_training_local,3,83,calibrate:115,calibrate,115
development_source_contiguous_cv,1,1,inner_validation,outer_training_local,3,88,calibrate:120,calibrate,120
development_source_contiguous_cv,1,1,inner_validation,outer_training_local,3,90,calibrate:122,calibrate,122
development_source_contiguous_cv,1,1,inner_validation,outer_training_local,3,103,calibrate:135,calibrate,135
development_source_contiguous_cv,1,1,inner_validation,outer_training_local,3,105,calibrate:137,calibrate,137
development_source_contiguous_cv,1,1,inner_validation,outer_training_local,3,108,calibrate:140,calibrate,140
development_source_contiguous_cv,1,1,inner_validation,outer_training_local,3,109,calibrate:141,calibrate,141
development_source_contiguous_cv,1,1,inner_validation,outer_training_local,3,120,calibrate:152,calibrate,152
development_source_contiguous_cv,1,1,inner_validation,outer_training_local,3,133,validate:018,validate,18
development_source_contiguous_cv,1,1,inner_validation,outer_training_local,3,139,validate:024,validate,24
development_source_contiguous_cv,1,1,inner_validation,outer_training_local,3,145,validate:030,validate,30
development_source_contiguous_cv,1,1,inner_validation,outer_training_local,3,146,validate:031,validate,31
development_source_contiguous_cv,1,1,inner_validation,outer_training_local,3,151,validate:036,validate,36
development_source_contiguous_cv,1,1,inner_validation,outer_training_local,3,155,validate:040,validate,40
development_source_contiguous_cv,1,1,inner_validation,outer_training_local,4,6,calibrate:038,calibrate,38
development_source_contiguous_cv,1,1,inner_validation,outer_training_local,4,30,calibrate:062,calibrate,62
development_source_contiguous_cv,1,1,inner_validation,outer_training_local,4,32,calibrate:064,calibrate,64
development_source_contiguous_cv,1,1,inner_validation,outer_training_local,4,33,calibrate:065,calibrate,65
development_source_contiguous_cv,1,1,inner_validation,outer_training_local,4,40,calibrate:072,calibrate,72
development_source_contiguous_cv,1,1,inner_validation,outer_training_local,4,42,calibrate:074,calibrate,74
development_source_contiguous_cv,1,1,inner_validation,outer_training_local,4,44,calibrate:076,calibrate,76
development_source_contiguous_cv,1,1,inner_validation,outer_training_local,4,56,calibrate:088,calibrate,88
development_source_contiguous_cv,1,1,inner_validation,outer_training_local,4,59,calibrate:091,calibrate,91
development_source_contiguous_cv,1,1,inner_validation,outer_training_local,4,62,calibrate:094,calibrate,94
development_source_contiguous_cv,1,1,inner_validation,outer_training_local,4,64,calibrate:096,calibrate,96
development_source_contiguous_cv,1,1,inner_validation,outer_training_local,4,68,calibrate:100,calibrate,100
development_source_contiguous_cv,1,1,inner_validation,outer_training_local,4,80,calibrate:112,calibrate,112
development_source_contiguous_cv,1,1,inner_validation,outer_training_local,4,85,calibrate:117,calibrate,117
development_source_contiguous_cv,1,1,inner_validation,outer_training_local,4,89,calibrate:121,calibrate,121
development_source_contiguous_cv,1,1,inner_validation,outer_training_local,4,91,calibrate:123,calibrate,123
development_source_contiguous_cv,1,1,inner_validation,outer_training_local,4,94,calibrate:126,calibrate,126
development_source_contiguous_cv,1,1,inner_validation,outer_training_local,4,95,calibrate:127,calibrate,127
development_source_contiguous_cv,1,1,inner_validation,outer_training_local,4,99,calibrate:131,calibrate,131
development_source_contiguous_cv,1,1,inner_validation,outer_training_local,4,104,calibrate:136,calibrate,136
development_source_contiguous_cv,1,1,inner_validation,outer_training_local,4,111,calibrate:143,calibrate,143
development_source_contiguous_cv,1,1,inner_validation,outer_training_local,4,113,calibrate:145,calibrate,145
development_source_contiguous_cv,1,1,inner_validation,outer_training_local,4,118,calibrate:150,calibrate,150
development_source_contiguous_cv,1,1,inner_validation,outer_training_local,4,122,calibrate:154,calibrate,154
development_source_contiguous_cv,1,1,inner_validation,outer_training_local,4,134,validate:019,validate,19
development_source_contiguous_cv,1,1,inner_validation,outer_training_local,4,138,validate:023,validate,23
development_source_contiguous_cv,1,1,inner_validation,outer_training_local,4,140,validate:025,validate,25
development_source_contiguous_cv,1,1,inner_validation,outer_training_local,4,144,validate:029,validate,29
development_source_contiguous_cv,1,1,inner_validation,outer_training_local,4,148,validate:033,validate,33
development_source_contiguous_cv,1,1,inner_validation,outer_training_local,4,153,validate:038,validate,38
development_source_contiguous_cv,1,1,inner_validation,outer_training_local,4,154,validate:039,validate,39
development_source_contiguous_cv,1,1,inner_validation,outer_training_local,5,0,calibrate:032,calibrate,32
development_source_contiguous_cv,1,1,inner_validation,outer_training_local,5,12,calibrate:044,calibrate,44
development_source_contiguous_cv,1,1,inner_validation,outer_training_local,5,13,calibrate:045,calibrate,45
development_source_contiguous_cv,1,1,inner_validation,outer_training_local,5,18,calibrate:050,calibrate,50
development_source_contiguous_cv,1,1,inner_validation,outer_training_local,5,19,calibrate:051,calibrate,51
development_source_contiguous_cv,1,1,inner_validation,outer_training_local,5,26,calibrate:058,calibrate,58
development_source_contiguous_cv,1,1,inner_validation,outer_training_local,5,29,calibrate:061,calibrate,61
development_source_contiguous_cv,1,1,inner_validation,outer_training_local,5,34,calibrate:066,calibrate,66
development_source_contiguous_cv,1,1,inner_validation,outer_training_local,5,37,calibrate:069,calibrate,69
development_source_contiguous_cv,1,1,inner_validation,outer_training_local,5,49,calibrate:081,calibrate,81
development_source_contiguous_cv,1,1,inner_validation,outer_training_local,5,53,calibrate:085,calibrate,85
development_source_contiguous_cv,1,1,inner_validation,outer_training_local,5,54,calibrate:086,calibrate,86
development_source_contiguous_cv,1,1,inner_validation,outer_training_local,5,58,calibrate:090,calibrate,90
development_source_contiguous_cv,1,1,inner_validation,outer_training_local,5,65,calibrate:097,calibrate,97
development_source_contiguous_cv,1,1,inner_validation,outer_training_local,5,69,calibrate:101,calibrate,101
development_source_contiguous_cv,1,1,inner_validation,outer_training_local,5,70,calibrate:102,calibrate,102
development_source_contiguous_cv,1,1,inner_validation,outer_training_local,5,84,calibrate:116,calibrate,116
development_source_contiguous_cv,1,1,inner_validation,outer_training_local,5,86,calibrate:118,calibrate,118
development_source_contiguous_cv,1,1,inner_validation,outer_training_local,5,97,calibrate:129,calibrate,129
development_source_contiguous_cv,1,1,inner_validation,outer_training_local,5,98,calibrate:130,calibrate,130
development_source_contiguous_cv,1,1,inner_validation,outer_training_local,5,100,calibrate:132,calibrate,132
development_source_contiguous_cv,1,1,inner_validation,outer_training_local,5,102,calibrate:134,calibrate,134
development_source_contiguous_cv,1,1,inner_validation,outer_training_local,5,106,calibrate:138,calibrate,138
development_source_contiguous_cv,1,1,inner_validation,outer_training_local,5,121,calibrate:153,calibrate,153
development_source_contiguous_cv,1,1,inner_validation,outer_training_local,5,123,calibrate:155,calibrate,155
development_source_contiguous_cv,1,1,inner_validation,outer_training_local,5,126,validate:011,validate,11
development_source_contiguous_cv,1,1,inner_validation,outer_training_local,5,137,validate:022,validate,22
development_source_contiguous_cv,1,1,inner_validation,outer_training_local,5,143,validate:028,validate,28
development_source_contiguous_cv,1,1,inner_validation,outer_training_local,5,147,validate:032,validate,32
development_source_contiguous_cv,1,1,inner_validation,outer_training_local,5,149,validate:034,validate,34
development_source_contiguous_cv,1,1,inner_validation,outer_training_local,5,150,validate:035,validate,35
development_source_contiguous_cv,1,2,inner_validation,outer_training_local,1,13,calibrate:014,calibrate,14
development_source_contiguous_cv,1,2,inner_validation,outer_training_local,1,23,calibrate:024,calibrate,24
development_source_contiguous_cv,1,2,inner_validation,outer_training_local,1,25,calibrate:026,calibrate,26
development_source_contiguous_cv,1,2,inner_validation,outer_training_local,1,31,calibrate:063,calibrate,63
development_source_contiguous_cv,1,2,inner_validation,outer_training_local,1,32,calibrate:064,calibrate,64
development_source_contiguous_cv,1,2,inner_validation,outer_training_local,1,45,calibrate:077,calibrate,77
development_source_contiguous_cv,1,2,inner_validation,outer_training_local,1,46,calibrate:078,calibrate,78
development_source_contiguous_cv,1,2,inner_validation,outer_training_local,1,48,calibrate:080,calibrate,80
development_source_contiguous_cv,1,2,inner_validation,outer_training_local,1,53,calibrate:085,calibrate,85
development_source_contiguous_cv,1,2,inner_validation,outer_training_local,1,58,calibrate:090,calibrate,90
development_source_contiguous_cv,1,2,inner_validation,outer_training_local,1,63,calibrate:095,calibrate,95
development_source_contiguous_cv,1,2,inner_validation,outer_training_local,1,66,calibrate:098,calibrate,98
development_source_contiguous_cv,1,2,inner_validation,outer_training_local,1,70,calibrate:102,calibrate,102
development_source_contiguous_cv,1,2,inner_validation,outer_training_local,1,74,calibrate:106,calibrate,106
development_source_contiguous_cv,1,2,inner_validation,outer_training_local,1,78,calibrate:110,calibrate,110
development_source_contiguous_cv,1,2,inner_validation,outer_training_local,1,81,calibrate:113,calibrate,113
development_source_contiguous_cv,1,2,inner_validation,outer_training_local,1,86,calibrate:118,calibrate,118
development_source_contiguous_cv,1,2,inner_validation,outer_training_local,1,87,calibrate:119,calibrate,119
development_source_contiguous_cv,1,2,inner_validation,outer_training_local,1,94,calibrate:126,calibrate,126
development_source_contiguous_cv,1,2,inner_validation,outer_training_local,1,95,calibrate:127,calibrate,127
development_source_contiguous_cv,1,2,inner_validation,outer_training_local,1,103,calibrate:135,calibrate,135
development_source_contiguous_cv,1,2,inner_validation,outer_training_local,1,108,calibrate:140,calibrate,140
development_source_contiguous_cv,1,2,inner_validation,outer_training_local,1,115,calibrate:147,calibrate,147
development_source_contiguous_cv,1,2,inner_validation,outer_training_local,1,121,calibrate:153,calibrate,153
development_source_contiguous_cv,1,2,inner_validation,outer_training_local,1,123,calibrate:155,calibrate,155
development_source_contiguous_cv,1,2,inner_validation,outer_training_local,1,124,validate:001,validate,1
development_source_contiguous_cv,1,2,inner_validation,outer_training_local,1,136,validate:021,validate,21
development_source_contiguous_cv,1,2,inner_validation,outer_training_local,1,148,validate:033,validate,33
development_source_contiguous_cv,1,2,inner_validation,outer_training_local,1,149,validate:034,validate,34
development_source_contiguous_cv,1,2,inner_validation,outer_training_local,1,150,validate:035,validate,35
development_source_contiguous_cv,1,2,inner_validation,outer_training_local,1,152,validate:037,validate,37
development_source_contiguous_cv,1,2,inner_validation,outer_training_local,2,2,calibrate:003,calibrate,3
development_source_contiguous_cv,1,2,inner_validation,outer_training_local,2,3,calibrate:004,calibrate,4
development_source_contiguous_cv,1,2,inner_validation,outer_training_local,2,12,calibrate:013,calibrate,13
development_source_contiguous_cv,1,2,inner_validation,outer_training_local,2,14,calibrate:015,calibrate,15
development_source_contiguous_cv,1,2,inner_validation,outer_training_local,2,16,calibrate:017,calibrate,17
development_source_contiguous_cv,1,2,inner_validation,outer_training_local,2,18,calibrate:019,calibrate,19
development_source_contiguous_cv,1,2,inner_validation,outer_training_local,2,24,calibrate:025,calibrate,25
development_source_contiguous_cv,1,2,inner_validation,outer_training_local,2,33,calibrate:065,calibrate,65
development_source_contiguous_cv,1,2,inner_validation,outer_training_local,2,42,calibrate:074,calibrate,74
development_source_contiguous_cv,1,2,inner_validation,outer_training_local,2,49,calibrate:081,calibrate,81
development_source_contiguous_cv,1,2,inner_validation,outer_training_local,2,55,calibrate:087,calibrate,87
development_source_contiguous_cv,1,2,inner_validation,outer_training_local,2,59,calibrate:091,calibrate,91
development_source_contiguous_cv,1,2,inner_validation,outer_training_local,2,61,calibrate:093,calibrate,93
development_source_contiguous_cv,1,2,inner_validation,outer_training_local,2,69,calibrate:101,calibrate,101
development_source_contiguous_cv,1,2,inner_validation,outer_training_local,2,72,calibrate:104,calibrate,104
development_source_contiguous_cv,1,2,inner_validation,outer_training_local,2,85,calibrate:117,calibrate,117
development_source_contiguous_cv,1,2,inner_validation,outer_training_local,2,89,calibrate:121,calibrate,121
development_source_contiguous_cv,1,2,inner_validation,outer_training_local,2,91,calibrate:123,calibrate,123
development_source_contiguous_cv,1,2,inner_validation,outer_training_local,2,92,calibrate:124,calibrate,124
development_source_contiguous_cv,1,2,inner_validation,outer_training_local,2,96,calibrate:128,calibrate,128
development_source_contiguous_cv,1,2,inner_validation,outer_training_local,2,104,calibrate:136,calibrate,136
development_source_contiguous_cv,1,2,inner_validation,outer_training_local,2,105,calibrate:137,calibrate,137
development_source_contiguous_cv,1,2,inner_validation,outer_training_local,2,109,calibrate:141,calibrate,141
development_source_contiguous_cv,1,2,inner_validation,outer_training_local,2,116,calibrate:148,calibrate,148
development_source_contiguous_cv,1,2,inner_validation,outer_training_local,2,118,calibrate:150,calibrate,150
development_source_contiguous_cv,1,2,inner_validation,outer_training_local,2,125,validate:002,validate,2
development_source_contiguous_cv,1,2,inner_validation,outer_training_local,2,138,validate:023,validate,23
development_source_contiguous_cv,1,2,inner_validation,outer_training_local,2,142,validate:027,validate,27
development_source_contiguous_cv,1,2,inner_validation,outer_training_local,2,143,validate:028,validate,28
development_source_contiguous_cv,1,2,inner_validation,outer_training_local,2,146,validate:031,validate,31
development_source_contiguous_cv,1,2,inner_validation,outer_training_local,2,153,validate:038,validate,38
development_source_contiguous_cv,1,2,inner_validation,outer_training_local,2,154,validate:039,validate,39
development_source_contiguous_cv,1,2,inner_validation,outer_training_local,3,5,calibrate:006,calibrate,6
development_source_contiguous_cv,1,2,inner_validation,outer_training_local,3,6,calibrate:007,calibrate,7
development_source_contiguous_cv,1,2,inner_validation,outer_training_local,3,9,calibrate:010,calibrate,10
development_source_contiguous_cv,1,2,inner_validation,outer_training_local,3,15,calibrate:016,calibrate,16
development_source_contiguous_cv,1,2,inner_validation,outer_training_local,3,27,calibrate:028,calibrate,28
development_source_contiguous_cv,1,2,inner_validation,outer_training_local,3,28,calibrate:029,calibrate,29
development_source_contiguous_cv,1,2,inner_validation,outer_training_local,3,29,calibrate:030,calibrate,30
development_source_contiguous_cv,1,2,inner_validation,outer_training_local,3,30,calibrate:031,calibrate,31
development_source_contiguous_cv,1,2,inner_validation,outer_training_local,3,34,calibrate:066,calibrate,66
development_source_contiguous_cv,1,2,inner_validation,outer_training_local,3,44,calibrate:076,calibrate,76
development_source_contiguous_cv,1,2,inner_validation,outer_training_local,3,47,calibrate:079,calibrate,79
development_source_contiguous_cv,1,2,inner_validation,outer_training_local,3,62,calibrate:094,calibrate,94
development_source_contiguous_cv,1,2,inner_validation,outer_training_local,3,65,calibrate:097,calibrate,97
development_source_contiguous_cv,1,2,inner_validation,outer_training_local,3,73,calibrate:105,calibrate,105
development_source_contiguous_cv,1,2,inner_validation,outer_training_local,3,75,calibrate:107,calibrate,107
development_source_contiguous_cv,1,2,inner_validation,outer_training_local,3,77,calibrate:109,calibrate,109
development_source_contiguous_cv,1,2,inner_validation,outer_training_local,3,80,calibrate:112,calibrate,112
development_source_contiguous_cv,1,2,inner_validation,outer_training_local,3,84,calibrate:116,calibrate,116
development_source_contiguous_cv,1,2,inner_validation,outer_training_local,3,98,calibrate:130,calibrate,130
development_source_contiguous_cv,1,2,inner_validation,outer_training_local,3,100,calibrate:132,calibrate,132
development_source_contiguous_cv,1,2,inner_validation,outer_training_local,3,101,calibrate:133,calibrate,133
development_source_contiguous_cv,1,2,inner_validation,outer_training_local,3,102,calibrate:134,calibrate,134
development_source_contiguous_cv,1,2,inner_validation,outer_training_local,3,106,calibrate:138,calibrate,138
development_source_contiguous_cv,1,2,inner_validation,outer_training_local,3,114,calibrate:146,calibrate,146
development_source_contiguous_cv,1,2,inner_validation,outer_training_local,3,122,calibrate:154,calibrate,154
development_source_contiguous_cv,1,2,inner_validation,outer_training_local,3,126,validate:003,validate,3
development_source_contiguous_cv,1,2,inner_validation,outer_training_local,3,128,validate:005,validate,5
development_source_contiguous_cv,1,2,inner_validation,outer_training_local,3,129,validate:006,validate,6
development_source_contiguous_cv,1,2,inner_validation,outer_training_local,3,140,validate:025,validate,25
development_source_contiguous_cv,1,2,inner_validation,outer_training_local,3,141,validate:026,validate,26
development_source_contiguous_cv,1,2,inner_validation,outer_training_local,3,144,validate:029,validate,29
development_source_contiguous_cv,1,2,inner_validation,outer_training_local,3,147,validate:032,validate,32
development_source_contiguous_cv,1,2,inner_validation,outer_training_local,4,0,calibrate:001,calibrate,1
development_source_contiguous_cv,1,2,inner_validation,outer_training_local,4,4,calibrate:005,calibrate,5
development_source_contiguous_cv,1,2,inner_validation,outer_training_local,4,17,calibrate:018,calibrate,18
development_source_contiguous_cv,1,2,inner_validation,outer_training_local,4,21,calibrate:022,calibrate,22
development_source_contiguous_cv,1,2,inner_validation,outer_training_local,4,26,calibrate:027,calibrate,27
development_source_contiguous_cv,1,2,inner_validation,outer_training_local,4,36,calibrate:068,calibrate,68
development_source_contiguous_cv,1,2,inner_validation,outer_training_local,4,37,calibrate:069,calibrate,69
development_source_contiguous_cv,1,2,inner_validation,outer_training_local,4,38,calibrate:070,calibrate,70
development_source_contiguous_cv,1,2,inner_validation,outer_training_local,4,41,calibrate:073,calibrate,73
development_source_contiguous_cv,1,2,inner_validation,outer_training_local,4,43,calibrate:075,calibrate,75
development_source_contiguous_cv,1,2,inner_validation,outer_training_local,4,50,calibrate:082,calibrate,82
development_source_contiguous_cv,1,2,inner_validation,outer_training_local,4,51,calibrate:083,calibrate,83
development_source_contiguous_cv,1,2,inner_validation,outer_training_local,4,52,calibrate:084,calibrate,84
development_source_contiguous_cv,1,2,inner_validation,outer_training_local,4,56,calibrate:088,calibrate,88
development_source_contiguous_cv,1,2,inner_validation,outer_training_local,4,64,calibrate:096,calibrate,96
development_source_contiguous_cv,1,2,inner_validation,outer_training_local,4,68,calibrate:100,calibrate,100
development_source_contiguous_cv,1,2,inner_validation,outer_training_local,4,76,calibrate:108,calibrate,108
development_source_contiguous_cv,1,2,inner_validation,outer_training_local,4,79,calibrate:111,calibrate,111
development_source_contiguous_cv,1,2,inner_validation,outer_training_local,4,90,calibrate:122,calibrate,122
development_source_contiguous_cv,1,2,inner_validation,outer_training_local,4,93,calibrate:125,calibrate,125
development_source_contiguous_cv,1,2,inner_validation,outer_training_local,4,99,calibrate:131,calibrate,131
development_source_contiguous_cv,1,2,inner_validation,outer_training_local,4,107,calibrate:139,calibrate,139
development_source_contiguous_cv,1,2,inner_validation,outer_training_local,4,110,calibrate:142,calibrate,142
development_source_contiguous_cv,1,2,inner_validation,outer_training_local,4,117,calibrate:149,calibrate,149
development_source_contiguous_cv,1,2,inner_validation,outer_training_local,4,120,calibrate:152,calibrate,152
development_source_contiguous_cv,1,2,inner_validation,outer_training_local,4,127,validate:004,validate,4
development_source_contiguous_cv,1,2,inner_validation,outer_training_local,4,131,validate:008,validate,8
development_source_contiguous_cv,1,2,inner_validation,outer_training_local,4,132,validate:017,validate,17
development_source_contiguous_cv,1,2,inner_validation,outer_training_local,4,135,validate:020,validate,20
development_source_contiguous_cv,1,2,inner_validation,outer_training_local,4,137,validate:022,validate,22
development_source_contiguous_cv,1,2,inner_validation,outer_training_local,4,145,validate:030,validate,30
development_source_contiguous_cv,1,2,inner_validation,outer_training_local,5,1,calibrate:002,calibrate,2
development_source_contiguous_cv,1,2,inner_validation,outer_training_local,5,7,calibrate:008,calibrate,8
development_source_contiguous_cv,1,2,inner_validation,outer_training_local,5,8,calibrate:009,calibrate,9
development_source_contiguous_cv,1,2,inner_validation,outer_training_local,5,10,calibrate:011,calibrate,11
development_source_contiguous_cv,1,2,inner_validation,outer_training_local,5,11,calibrate:012,calibrate,12
development_source_contiguous_cv,1,2,inner_validation,outer_training_local,5,19,calibrate:020,calibrate,20
development_source_contiguous_cv,1,2,inner_validation,outer_training_local,5,20,calibrate:021,calibrate,21
development_source_contiguous_cv,1,2,inner_validation,outer_training_local,5,22,calibrate:023,calibrate,23
development_source_contiguous_cv,1,2,inner_validation,outer_training_local,5,35,calibrate:067,calibrate,67
development_source_contiguous_cv,1,2,inner_validation,outer_training_local,5,39,calibrate:071,calibrate,71
development_source_contiguous_cv,1,2,inner_validation,outer_training_local,5,40,calibrate:072,calibrate,72
development_source_contiguous_cv,1,2,inner_validation,outer_training_local,5,54,calibrate:086,calibrate,86
development_source_contiguous_cv,1,2,inner_validation,outer_training_local,5,57,calibrate:089,calibrate,89
development_source_contiguous_cv,1,2,inner_validation,outer_training_local,5,60,calibrate:092,calibrate,92
development_source_contiguous_cv,1,2,inner_validation,outer_training_local,5,67,calibrate:099,calibrate,99
development_source_contiguous_cv,1,2,inner_validation,outer_training_local,5,71,calibrate:103,calibrate,103
development_source_contiguous_cv,1,2,inner_validation,outer_training_local,5,82,calibrate:114,calibrate,114
development_source_contiguous_cv,1,2,inner_validation,outer_training_local,5,83,calibrate:115,calibrate,115
development_source_contiguous_cv,1,2,inner_validation,outer_training_local,5,88,calibrate:120,calibrate,120
development_source_contiguous_cv,1,2,inner_validation,outer_training_local,5,97,calibrate:129,calibrate,129
development_source_contiguous_cv,1,2,inner_validation,outer_training_local,5,111,calibrate:143,calibrate,143
development_source_contiguous_cv,1,2,inner_validation,outer_training_local,5,112,calibrate:144,calibrate,144
development_source_contiguous_cv,1,2,inner_validation,outer_training_local,5,113,calibrate:145,calibrate,145
development_source_contiguous_cv,1,2,inner_validation,outer_training_local,5,119,calibrate:151,calibrate,151
development_source_contiguous_cv,1,2,inner_validation,outer_training_local,5,130,validate:007,validate,7
development_source_contiguous_cv,1,2,inner_validation,outer_training_local,5,133,validate:018,validate,18
development_source_contiguous_cv,1,2,inner_validation,outer_training_local,5,134,validate:019,validate,19
development_source_contiguous_cv,1,2,inner_validation,outer_training_local,5,139,validate:024,validate,24
development_source_contiguous_cv,1,2,inner_validation,outer_training_local,5,151,validate:036,validate,36
development_source_contiguous_cv,1,2,inner_validation,outer_training_local,5,155,validate:040,validate,40
development_source_contiguous_cv,1,3,inner_validation,outer_training_local,1,5,calibrate:006,calibrate,6
development_source_contiguous_cv,1,3,inner_validation,outer_training_local,1,8,calibrate:009,calibrate,9
development_source_contiguous_cv,1,3,inner_validation,outer_training_local,1,11,calibrate:012,calibrate,12
development_source_contiguous_cv,1,3,inner_validation,outer_training_local,1,16,calibrate:017,calibrate,17
development_source_contiguous_cv,1,3,inner_validation,outer_training_local,1,26,calibrate:027,calibrate,27
development_source_contiguous_cv,1,3,inner_validation,outer_training_local,1,27,calibrate:028,calibrate,28
development_source_contiguous_cv,1,3,inner_validation,outer_training_local,1,32,calibrate:033,calibrate,33
development_source_contiguous_cv,1,3,inner_validation,outer_training_local,1,39,calibrate:040,calibrate,40
development_source_contiguous_cv,1,3,inner_validation,outer_training_local,1,47,calibrate:048,calibrate,48
development_source_contiguous_cv,1,3,inner_validation,outer_training_local,1,50,calibrate:051,calibrate,51
development_source_contiguous_cv,1,3,inner_validation,outer_training_local,1,51,calibrate:052,calibrate,52
development_source_contiguous_cv,1,3,inner_validation,outer_training_local,1,53,calibrate:054,calibrate,54
development_source_contiguous_cv,1,3,inner_validation,outer_training_local,1,66,calibrate:098,calibrate,98
development_source_contiguous_cv,1,3,inner_validation,outer_training_local,1,74,calibrate:106,calibrate,106
development_source_contiguous_cv,1,3,inner_validation,outer_training_local,1,75,calibrate:107,calibrate,107
development_source_contiguous_cv,1,3,inner_validation,outer_training_local,1,81,calibrate:113,calibrate,113
development_source_contiguous_cv,1,3,inner_validation,outer_training_local,1,90,calibrate:122,calibrate,122
development_source_contiguous_cv,1,3,inner_validation,outer_training_local,1,95,calibrate:127,calibrate,127
development_source_contiguous_cv,1,3,inner_validation,outer_training_local,1,97,calibrate:129,calibrate,129
development_source_contiguous_cv,1,3,inner_validation,outer_training_local,1,98,calibrate:130,calibrate,130
development_source_contiguous_cv,1,3,inner_validation,outer_training_local,1,114,calibrate:146,calibrate,146
development_source_contiguous_cv,1,3,inner_validation,outer_training_local,1,117,calibrate:149,calibrate,149
development_source_contiguous_cv,1,3,inner_validation,outer_training_local,1,119,calibrate:151,calibrate,151
development_source_contiguous_cv,1,3,inner_validation,outer_training_local,1,120,calibrate:152,calibrate,152
development_source_contiguous_cv,1,3,inner_validation,outer_training_local,1,123,calibrate:155,calibrate,155
development_source_contiguous_cv,1,3,inner_validation,outer_training_local,1,127,validate:004,validate,4
development_source_contiguous_cv,1,3,inner_validation,outer_training_local,1,129,validate:006,validate,6
development_source_contiguous_cv,1,3,inner_validation,outer_training_local,1,139,validate:016,validate,16
development_source_contiguous_cv,1,3,inner_validation,outer_training_local,1,142,validate:027,validate,27
development_source_contiguous_cv,1,3,inner_validation,outer_training_local,1,143,validate:028,validate,28
development_source_contiguous_cv,1,3,inner_validation,outer_training_local,1,150,validate:035,validate,35
development_source_contiguous_cv,1,3,inner_validation,outer_training_local,1,153,validate:038,validate,38
development_source_contiguous_cv,1,3,inner_validation,outer_training_local,2,1,calibrate:002,calibrate,2
development_source_contiguous_cv,1,3,inner_validation,outer_training_local,2,3,calibrate:004,calibrate,4
development_source_contiguous_cv,1,3,inner_validation,outer_training_local,2,6,calibrate:007,calibrate,7
development_source_contiguous_cv,1,3,inner_validation,outer_training_local,2,10,calibrate:011,calibrate,11
development_source_contiguous_cv,1,3,inner_validation,outer_training_local,2,18,calibrate:019,calibrate,19
development_source_contiguous_cv,1,3,inner_validation,outer_training_local,2,20,calibrate:021,calibrate,21
development_source_contiguous_cv,1,3,inner_validation,outer_training_local,2,21,calibrate:022,calibrate,22
development_source_contiguous_cv,1,3,inner_validation,outer_training_local,2,35,calibrate:036,calibrate,36
development_source_contiguous_cv,1,3,inner_validation,outer_training_local,2,37,calibrate:038,calibrate,38
development_source_contiguous_cv,1,3,inner_validation,outer_training_local,2,56,calibrate:057,calibrate,57
development_source_contiguous_cv,1,3,inner_validation,outer_training_local,2,57,calibrate:058,calibrate,58
development_source_contiguous_cv,1,3,inner_validation,outer_training_local,2,61,calibrate:062,calibrate,62
development_source_contiguous_cv,1,3,inner_validation,outer_training_local,2,63,calibrate:095,calibrate,95
development_source_contiguous_cv,1,3,inner_validation,outer_training_local,2,78,calibrate:110,calibrate,110
development_source_contiguous_cv,1,3,inner_validation,outer_training_local,2,80,calibrate:112,calibrate,112
development_source_contiguous_cv,1,3,inner_validation,outer_training_local,2,82,calibrate:114,calibrate,114
development_source_contiguous_cv,1,3,inner_validation,outer_training_local,2,86,calibrate:118,calibrate,118
development_source_contiguous_cv,1,3,inner_validation,outer_training_local,2,88,calibrate:120,calibrate,120
development_source_contiguous_cv,1,3,inner_validation,outer_training_local,2,89,calibrate:121,calibrate,121
development_source_contiguous_cv,1,3,inner_validation,outer_training_local,2,91,calibrate:123,calibrate,123
development_source_contiguous_cv,1,3,inner_validation,outer_training_local,2,94,calibrate:126,calibrate,126
development_source_contiguous_cv,1,3,inner_validation,outer_training_local,2,102,calibrate:134,calibrate,134
development_source_contiguous_cv,1,3,inner_validation,outer_training_local,2,112,calibrate:144,calibrate,144
development_source_contiguous_cv,1,3,inner_validation,outer_training_local,2,113,calibrate:145,calibrate,145
development_source_contiguous_cv,1,3,inner_validation,outer_training_local,2,124,validate:001,validate,1
development_source_contiguous_cv,1,3,inner_validation,outer_training_local,2,132,validate:009,validate,9
development_source_contiguous_cv,1,3,inner_validation,outer_training_local,2,136,validate:013,validate,13
development_source_contiguous_cv,1,3,inner_validation,outer_training_local,2,138,validate:015,validate,15
development_source_contiguous_cv,1,3,inner_validation,outer_training_local,2,144,validate:029,validate,29
development_source_contiguous_cv,1,3,inner_validation,outer_training_local,2,147,validate:032,validate,32
development_source_contiguous_cv,1,3,inner_validation,outer_training_local,2,149,validate:034,validate,34
development_source_contiguous_cv,1,3,inner_validation,outer_training_local,3,0,calibrate:001,calibrate,1
development_source_contiguous_cv,1,3,inner_validation,outer_training_local,3,7,calibrate:008,calibrate,8
development_source_contiguous_cv,1,3,inner_validation,outer_training_local,3,9,calibrate:010,calibrate,10
development_source_contiguous_cv,1,3,inner_validation,outer_training_local,3,17,calibrate:018,calibrate,18
development_source_contiguous_cv,1,3,inner_validation,outer_training_local,3,25,calibrate:026,calibrate,26
development_source_contiguous_cv,1,3,inner_validation,outer_training_local,3,29,calibrate:030,calibrate,30
development_source_contiguous_cv,1,3,inner_validation,outer_training_local,3,30,calibrate:031,calibrate,31
development_source_contiguous_cv,1,3,inner_validation,outer_training_local,3,31,calibrate:032,calibrate,32
development_source_contiguous_cv,1,3,inner_validation,outer_training_local,3,34,calibrate:035,calibrate,35
development_source_contiguous_cv,1,3,inner_validation,outer_training_local,3,46,calibrate:047,calibrate,47
development_source_contiguous_cv,1,3,inner_validation,outer_training_local,3,49,calibrate:050,calibrate,50
development_source_contiguous_cv,1,3,inner_validation,outer_training_local,3,52,calibrate:053,calibrate,53
development_source_contiguous_cv,1,3,inner_validation,outer_training_local,3,54,calibrate:055,calibrate,55
development_source_contiguous_cv,1,3,inner_validation,outer_training_local,3,58,calibrate:059,calibrate,59
development_source_contiguous_cv,1,3,inner_validation,outer_training_local,3,60,calibrate:061,calibrate,61
development_source_contiguous_cv,1,3,inner_validation,outer_training_local,3,62,calibrate:094,calibrate,94
development_source_contiguous_cv,1,3,inner_validation,outer_training_local,3,65,calibrate:097,calibrate,97
development_source_contiguous_cv,1,3,inner_validation,outer_training_local,3,76,calibrate:108,calibrate,108
development_source_contiguous_cv,1,3,inner_validation,outer_training_local,3,83,calibrate:115,calibrate,115
development_source_contiguous_cv,1,3,inner_validation,outer_training_local,3,101,calibrate:133,calibrate,133
development_source_contiguous_cv,1,3,inner_validation,outer_training_local,3,103,calibrate:135,calibrate,135
development_source_contiguous_cv,1,3,inner_validation,outer_training_local,3,105,calibrate:137,calibrate,137
development_source_contiguous_cv,1,3,inner_validation,outer_training_local,3,111,calibrate:143,calibrate,143
development_source_contiguous_cv,1,3,inner_validation,outer_training_local,3,115,calibrate:147,calibrate,147
development_source_contiguous_cv,1,3,inner_validation,outer_training_local,3,122,calibrate:154,calibrate,154
development_source_contiguous_cv,1,3,inner_validation,outer_training_local,3,126,validate:003,validate,3
development_source_contiguous_cv,1,3,inner_validation,outer_training_local,3,128,validate:005,validate,5
development_source_contiguous_cv,1,3,inner_validation,outer_training_local,3,145,validate:030,validate,30
development_source_contiguous_cv,1,3,inner_validation,outer_training_local,3,146,validate:031,validate,31
development_source_contiguous_cv,1,3,inner_validation,outer_training_local,3,151,validate:036,validate,36
development_source_contiguous_cv,1,3,inner_validation,outer_training_local,3,155,validate:040,validate,40
development_source_contiguous_cv,1,3,inner_validation,outer_training_local,4,2,calibrate:003,calibrate,3
development_source_contiguous_cv,1,3,inner_validation,outer_training_local,4,14,calibrate:015,calibrate,15
development_source_contiguous_cv,1,3,inner_validation,outer_training_local,4,22,calibrate:023,calibrate,23
development_source_contiguous_cv,1,3,inner_validation,outer_training_local,4,24,calibrate:025,calibrate,25
development_source_contiguous_cv,1,3,inner_validation,outer_training_local,4,40,calibrate:041,calibrate,41
development_source_contiguous_cv,1,3,inner_validation,outer_training_local,4,41,calibrate:042,calibrate,42
development_source_contiguous_cv,1,3,inner_validation,outer_training_local,4,42,calibrate:043,calibrate,43
development_source_contiguous_cv,1,3,inner_validation,outer_training_local,4,48,calibrate:049,calibrate,49
development_source_contiguous_cv,1,3,inner_validation,outer_training_local,4,59,calibrate:060,calibrate,60
development_source_contiguous_cv,1,3,inner_validation,outer_training_local,4,67,calibrate:099,calibrate,99
development_source_contiguous_cv,1,3,inner_validation,outer_training_local,4,73,calibrate:105,calibrate,105
development_source_contiguous_cv,1,3,inner_validation,outer_training_local,4,77,calibrate:109,calibrate,109
development_source_contiguous_cv,1,3,inner_validation,outer_training_local,4,79,calibrate:111,calibrate,111
development_source_contiguous_cv,1,3,inner_validation,outer_training_local,4,84,calibrate:116,calibrate,116
development_source_contiguous_cv,1,3,inner_validation,outer_training_local,4,85,calibrate:117,calibrate,117
development_source_contiguous_cv,1,3,inner_validation,outer_training_local,4,92,calibrate:124,calibrate,124
development_source_contiguous_cv,1,3,inner_validation,outer_training_local,4,93,calibrate:125,calibrate,125
development_source_contiguous_cv,1,3,inner_validation,outer_training_local,4,96,calibrate:128,calibrate,128
development_source_contiguous_cv,1,3,inner_validation,outer_training_local,4,99,calibrate:131,calibrate,131
development_source_contiguous_cv,1,3,inner_validation,outer_training_local,4,106,calibrate:138,calibrate,138
development_source_contiguous_cv,1,3,inner_validation,outer_training_local,4,107,calibrate:139,calibrate,139
development_source_contiguous_cv,1,3,inner_validation,outer_training_local,4,108,calibrate:140,calibrate,140
development_source_contiguous_cv,1,3,inner_validation,outer_training_local,4,116,calibrate:148,calibrate,148
development_source_contiguous_cv,1,3,inner_validation,outer_training_local,4,118,calibrate:150,calibrate,150
development_source_contiguous_cv,1,3,inner_validation,outer_training_local,4,121,calibrate:153,calibrate,153
development_source_contiguous_cv,1,3,inner_validation,outer_training_local,4,130,validate:007,validate,7
development_source_contiguous_cv,1,3,inner_validation,outer_training_local,4,135,validate:012,validate,12
development_source_contiguous_cv,1,3,inner_validation,outer_training_local,4,140,validate:025,validate,25
development_source_contiguous_cv,1,3,inner_validation,outer_training_local,4,141,validate:026,validate,26
development_source_contiguous_cv,1,3,inner_validation,outer_training_local,4,148,validate:033,validate,33
development_source_contiguous_cv,1,3,inner_validation,outer_training_local,4,152,validate:037,validate,37
development_source_contiguous_cv,1,3,inner_validation,outer_training_local,5,4,calibrate:005,calibrate,5
development_source_contiguous_cv,1,3,inner_validation,outer_training_local,5,12,calibrate:013,calibrate,13
development_source_contiguous_cv,1,3,inner_validation,outer_training_local,5,13,calibrate:014,calibrate,14
development_source_contiguous_cv,1,3,inner_validation,outer_training_local,5,15,calibrate:016,calibrate,16
development_source_contiguous_cv,1,3,inner_validation,outer_training_local,5,19,calibrate:020,calibrate,20
development_source_contiguous_cv,1,3,inner_validation,outer_training_local,5,23,calibrate:024,calibrate,24
development_source_contiguous_cv,1,3,inner_validation,outer_training_local,5,28,calibrate:029,calibrate,29
development_source_contiguous_cv,1,3,inner_validation,outer_training_local,5,33,calibrate:034,calibrate,34
development_source_contiguous_cv,1,3,inner_validation,outer_training_local,5,36,calibrate:037,calibrate,37
development_source_contiguous_cv,1,3,inner_validation,outer_training_local,5,38,calibrate:039,calibrate,39
development_source_contiguous_cv,1,3,inner_validation,outer_training_local,5,43,calibrate:044,calibrate,44
development_source_contiguous_cv,1,3,inner_validation,outer_training_local,5,44,calibrate:045,calibrate,45
development_source_contiguous_cv,1,3,inner_validation,outer_training_local,5,45,calibrate:046,calibrate,46
development_source_contiguous_cv,1,3,inner_validation,outer_training_local,5,55,calibrate:056,calibrate,56
development_source_contiguous_cv,1,3,inner_validation,outer_training_local,5,64,calibrate:096,calibrate,96
development_source_contiguous_cv,1,3,inner_validation,outer_training_local,5,68,calibrate:100,calibrate,100
development_source_contiguous_cv,1,3,inner_validation,outer_training_local,5,69,calibrate:101,calibrate,101
development_source_contiguous_cv,1,3,inner_validation,outer_training_local,5,70,calibrate:102,calibrate,102
development_source_contiguous_cv,1,3,inner_validation,outer_training_local,5,71,calibrate:103,calibrate,103
development_source_contiguous_cv,1,3,inner_validation,outer_training_local,5,72,calibrate:104,calibrate,104
development_source_contiguous_cv,1,3,inner_validation,outer_training_local,5,87,calibrate:119,calibrate,119
development_source_contiguous_cv,1,3,inner_validation,outer_training_local,5,100,calibrate:132,calibrate,132
development_source_contiguous_cv,1,3,inner_validation,outer_training_local,5,104,calibrate:136,calibrate,136
development_source_contiguous_cv,1,3,inner_validation,outer_training_local,5,109,calibrate:141,calibrate,141
development_source_contiguous_cv,1,3,inner_validation,outer_training_local,5,110,calibrate:142,calibrate,142
development_source_contiguous_cv,1,3,inner_validation,outer_training_local,5,125,validate:002,validate,2
development_source_contiguous_cv,1,3,inner_validation,outer_training_local,5,131,validate:008,validate,8
development_source_contiguous_cv,1,3,inner_validation,outer_training_local,5,133,validate:010,validate,10
development_source_contiguous_cv,1,3,inner_validation,outer_training_local,5,134,validate:011,validate,11
development_source_contiguous_cv,1,3,inner_validation,outer_training_local,5,137,validate:014,validate,14
development_source_contiguous_cv,1,3,inner_validation,outer_training_local,5,154,validate:039,validate,39
development_source_contiguous_cv,1,4,inner_validation,outer_training_local,1,3,calibrate:004,calibrate,4
development_source_contiguous_cv,1,4,inner_validation,outer_training_local,1,6,calibrate:007,calibrate,7
development_source_contiguous_cv,1,4,inner_validation,outer_training_local,1,7,calibrate:008,calibrate,8
development_source_contiguous_cv,1,4,inner_validation,outer_training_local,1,9,calibrate:010,calibrate,10
development_source_contiguous_cv,1,4,inner_validation,outer_training_local,1,17,calibrate:018,calibrate,18
development_source_contiguous_cv,1,4,inner_validation,outer_training_local,1,19,calibrate:020,calibrate,20
development_source_contiguous_cv,1,4,inner_validation,outer_training_local,1,24,calibrate:025,calibrate,25
development_source_contiguous_cv,1,4,inner_validation,outer_training_local,1,25,calibrate:026,calibrate,26
development_source_contiguous_cv,1,4,inner_validation,outer_training_local,1,30,calibrate:031,calibrate,31
development_source_contiguous_cv,1,4,inner_validation,outer_training_local,1,33,calibrate:034,calibrate,34
development_source_contiguous_cv,1,4,inner_validation,outer_training_local,1,40,calibrate:041,calibrate,41
development_source_contiguous_cv,1,4,inner_validation,outer_training_local,1,43,calibrate:044,calibrate,44
development_source_contiguous_cv,1,4,inner_validation,outer_training_local,1,51,calibrate:052,calibrate,52
development_source_contiguous_cv,1,4,inner_validation,outer_training_local,1,59,calibrate:060,calibrate,60
development_source_contiguous_cv,1,4,inner_validation,outer_training_local,1,63,calibrate:064,calibrate,64
development_source_contiguous_cv,1,4,inner_validation,outer_training_local,1,72,calibrate:073,calibrate,73
development_source_contiguous_cv,1,4,inner_validation,outer_training_local,1,76,calibrate:077,calibrate,77
development_source_contiguous_cv,1,4,inner_validation,outer_training_local,1,85,calibrate:086,calibrate,86
development_source_contiguous_cv,1,4,inner_validation,outer_training_local,1,89,calibrate:090,calibrate,90
development_source_contiguous_cv,1,4,inner_validation,outer_training_local,1,90,calibrate:091,calibrate,91
development_source_contiguous_cv,1,4,inner_validation,outer_training_local,1,91,calibrate:092,calibrate,92
development_source_contiguous_cv,1,4,inner_validation,outer_training_local,1,109,calibrate:141,calibrate,141
development_source_contiguous_cv,1,4,inner_validation,outer_training_local,1,113,calibrate:145,calibrate,145
development_source_contiguous_cv,1,4,inner_validation,outer_training_local,1,114,calibrate:146,calibrate,146
development_source_contiguous_cv,1,4,inner_validation,outer_training_local,1,117,calibrate:149,calibrate,149
development_source_contiguous_cv,1,4,inner_validation,outer_training_local,1,126,validate:003,validate,3
development_source_contiguous_cv,1,4,inner_validation,outer_training_local,1,134,validate:011,validate,11
development_source_contiguous_cv,1,4,inner_validation,outer_training_local,1,144,validate:021,validate,21
development_source_contiguous_cv,1,4,inner_validation,outer_training_local,1,147,validate:024,validate,24
development_source_contiguous_cv,1,4,inner_validation,outer_training_local,1,148,validate:033,validate,33
development_source_contiguous_cv,1,4,inner_validation,outer_training_local,1,154,validate:039,validate,39
development_source_contiguous_cv,1,4,inner_validation,outer_training_local,1,155,validate:040,validate,40
development_source_contiguous_cv,1,4,inner_validation,outer_training_local,2,5,calibrate:006,calibrate,6
development_source_contiguous_cv,1,4,inner_validation,outer_training_local,2,13,calibrate:014,calibrate,14
development_source_contiguous_cv,1,4,inner_validation,outer_training_local,2,26,calibrate:027,calibrate,27
development_source_contiguous_cv,1,4,inner_validation,outer_training_local,2,29,calibrate:030,calibrate,30
development_source_contiguous_cv,1,4,inner_validation,outer_training_local,2,32,calibrate:033,calibrate,33
development_source_contiguous_cv,1,4,inner_validation,outer_training_local,2,35,calibrate:036,calibrate,36
development_source_contiguous_cv,1,4,inner_validation,outer_training_local,2,39,calibrate:040,calibrate,40
development_source_contiguous_cv,1,4,inner_validation,outer_training_local,2,42,calibrate:043,calibrate,43
development_source_contiguous_cv,1,4,inner_validation,outer_training_local,2,48,calibrate:049,calibrate,49
development_source_contiguous_cv,1,4,inner_validation,outer_training_local,2,50,calibrate:051,calibrate,51
development_source_contiguous_cv,1,4,inner_validation,outer_training_local,2,55,calibrate:056,calibrate,56
development_source_contiguous_cv,1,4,inner_validation,outer_training_local,2,56,calibrate:057,calibrate,57
development_source_contiguous_cv,1,4,inner_validation,outer_training_local,2,58,calibrate:059,calibrate,59
development_source_contiguous_cv,1,4,inner_validation,outer_training_local,2,62,calibrate:063,calibrate,63
development_source_contiguous_cv,1,4,inner_validation,outer_training_local,2,66,calibrate:067,calibrate,67
development_source_contiguous_cv,1,4,inner_validation,outer_training_local,2,70,calibrate:071,calibrate,71
development_source_contiguous_cv,1,4,inner_validation,outer_training_local,2,71,calibrate:072,calibrate,72
development_source_contiguous_cv,1,4,inner_validation,outer_training_local,2,75,calibrate:076,calibrate,76
development_source_contiguous_cv,1,4,inner_validation,outer_training_local,2,80,calibrate:081,calibrate,81
development_source_contiguous_cv,1,4,inner_validation,outer_training_local,2,86,calibrate:087,calibrate,87
development_source_contiguous_cv,1,4,inner_validation,outer_training_local,2,101,calibrate:133,calibrate,133
development_source_contiguous_cv,1,4,inner_validation,outer_training_local,2,104,calibrate:136,calibrate,136
development_source_contiguous_cv,1,4,inner_validation,outer_training_local,2,112,calibrate:144,calibrate,144
development_source_contiguous_cv,1,4,inner_validation,outer_training_local,2,121,calibrate:153,calibrate,153
development_source_contiguous_cv,1,4,inner_validation,outer_training_local,2,122,calibrate:154,calibrate,154
development_source_contiguous_cv,1,4,inner_validation,outer_training_local,2,127,validate:004,validate,4
development_source_contiguous_cv,1,4,inner_validation,outer_training_local,2,128,validate:005,validate,5
development_source_contiguous_cv,1,4,inner_validation,outer_training_local,2,135,validate:012,validate,12
development_source_contiguous_cv,1,4,inner_validation,outer_training_local,2,136,validate:013,validate,13
development_source_contiguous_cv,1,4,inner_validation,outer_training_local,2,150,validate:035,validate,35
development_source_contiguous_cv,1,4,inner_validation,outer_training_local,2,151,validate:036,validate,36
development_source_contiguous_cv,1,4,inner_validation,outer_training_local,3,8,calibrate:009,calibrate,9
development_source_contiguous_cv,1,4,inner_validation,outer_training_local,3,10,calibrate:011,calibrate,11
development_source_contiguous_cv,1,4,inner_validation,outer_training_local,3,11,calibrate:012,calibrate,12
development_source_contiguous_cv,1,4,inner_validation,outer_training_local,3,14,calibrate:015,calibrate,15
development_source_contiguous_cv,1,4,inner_validation,outer_training_local,3,16,calibrate:017,calibrate,17
development_source_contiguous_cv,1,4,inner_validation,outer_training_local,3,23,calibrate:024,calibrate,24
development_source_contiguous_cv,1,4,inner_validation,outer_training_local,3,31,calibrate:032,calibrate,32
development_source_contiguous_cv,1,4,inner_validation,outer_training_local,3,37,calibrate:038,calibrate,38
development_source_contiguous_cv,1,4,inner_validation,outer_training_local,3,54,calibrate:055,calibrate,55
development_source_contiguous_cv,1,4,inner_validation,outer_training_local,3,61,calibrate:062,calibrate,62
development_source_contiguous_cv,1,4,inner_validation,outer_training_local,3,64,calibrate:065,calibrate,65
development_source_contiguous_cv,1,4,inner_validation,outer_training_local,3,67,calibrate:068,calibrate,68
development_source_contiguous_cv,1,4,inner_validation,outer_training_local,3,74,calibrate:075,calibrate,75
development_source_contiguous_cv,1,4,inner_validation,outer_training_local,3,81,calibrate:082,calibrate,82
development_source_contiguous_cv,1,4,inner_validation,outer_training_local,3,84,calibrate:085,calibrate,85
development_source_contiguous_cv,1,4,inner_validation,outer_training_local,3,87,calibrate:088,calibrate,88
development_source_contiguous_cv,1,4,inner_validation,outer_training_local,3,92,calibrate:093,calibrate,93
development_source_contiguous_cv,1,4,inner_validation,outer_training_local,3,98,calibrate:130,calibrate,130
development_source_contiguous_cv,1,4,inner_validation,outer_training_local,3,100,calibrate:132,calibrate,132
development_source_contiguous_cv,1,4,inner_validation,outer_training_local,3,102,calibrate:134,calibrate,134
development_source_contiguous_cv,1,4,inner_validation,outer_training_local,3,111,calibrate:143,calibrate,143
development_source_contiguous_cv,1,4,inner_validation,outer_training_local,3,119,calibrate:151,calibrate,151
development_source_contiguous_cv,1,4,inner_validation,outer_training_local,3,120,calibrate:152,calibrate,152
development_source_contiguous_cv,1,4,inner_validation,outer_training_local,3,123,calibrate:155,calibrate,155
development_source_contiguous_cv,1,4,inner_validation,outer_training_local,3,124,validate:001,validate,1
development_source_contiguous_cv,1,4,inner_validation,outer_training_local,3,129,validate:006,validate,6
development_source_contiguous_cv,1,4,inner_validation,outer_training_local,3,130,validate:007,validate,7
development_source_contiguous_cv,1,4,inner_validation,outer_training_local,3,131,validate:008,validate,8
development_source_contiguous_cv,1,4,inner_validation,outer_training_local,3,139,validate:016,validate,16
development_source_contiguous_cv,1,4,inner_validation,outer_training_local,3,152,validate:037,validate,37
development_source_contiguous_cv,1,4,inner_validation,outer_training_local,4,1,calibrate:002,calibrate,2
development_source_contiguous_cv,1,4,inner_validation,outer_training_local,4,2,calibrate:003,calibrate,3
development_source_contiguous_cv,1,4,inner_validation,outer_training_local,4,22,calibrate:023,calibrate,23
development_source_contiguous_cv,1,4,inner_validation,outer_training_local,4,27,calibrate:028,calibrate,28
development_source_contiguous_cv,1,4,inner_validation,outer_training_local,4,45,calibrate:046,calibrate,46
development_source_contiguous_cv,1,4,inner_validation,outer_training_local,4,47,calibrate:048,calibrate,48
development_source_contiguous_cv,1,4,inner_validation,outer_training_local,4,49,calibrate:050,calibrate,50
development_source_contiguous_cv,1,4,inner_validation,outer_training_local,4,52,calibrate:053,calibrate,53
development_source_contiguous_cv,1,4,inner_validation,outer_training_local,4,57,calibrate:058,calibrate,58
development_source_contiguous_cv,1,4,inner_validation,outer_training_local,4,60,calibrate:061,calibrate,61
development_source_contiguous_cv,1,4,inner_validation,outer_training_local,4,69,calibrate:070,calibrate,70
development_source_contiguous_cv,1,4,inner_validation,outer_training_local,4,77,calibrate:078,calibrate,78
development_source_contiguous_cv,1,4,inner_validation,outer_training_local,4,78,calibrate:079,calibrate,79
development_source_contiguous_cv,1,4,inner_validation,outer_training_local,4,79,calibrate:080,calibrate,80
development_source_contiguous_cv,1,4,inner_validation,outer_training_local,4,82,calibrate:083,calibrate,83
development_source_contiguous_cv,1,4,inner_validation,outer_training_local,4,83,calibrate:084,calibrate,84
development_source_contiguous_cv,1,4,inner_validation,outer_training_local,4,94,calibrate:126,calibrate,126
development_source_contiguous_cv,1,4,inner_validation,outer_training_local,4,96,calibrate:128,calibrate,128
development_source_contiguous_cv,1,4,inner_validation,outer_training_local,4,97,calibrate:129,calibrate,129
development_source_contiguous_cv,1,4,inner_validation,outer_training_local,4,99,calibrate:131,calibrate,131
development_source_contiguous_cv,1,4,inner_validation,outer_training_local,4,105,calibrate:137,calibrate,137
development_source_contiguous_cv,1,4,inner_validation,outer_training_local,4,106,calibrate:138,calibrate,138
development_source_contiguous_cv,1,4,inner_validation,outer_training_local,4,107,calibrate:139,calibrate,139
development_source_contiguous_cv,1,4,inner_validation,outer_training_local,4,115,calibrate:147,calibrate,147
development_source_contiguous_cv,1,4,inner_validation,outer_training_local,4,118,calibrate:150,calibrate,150
development_source_contiguous_cv,1,4,inner_validation,outer_training_local,4,133,validate:010,validate,10
development_source_contiguous_cv,1,4,inner_validation,outer_training_local,4,138,validate:015,validate,15
development_source_contiguous_cv,1,4,inner_validation,outer_training_local,4,141,validate:018,validate,18
development_source_contiguous_cv,1,4,inner_validation,outer_training_local,4,142,validate:019,validate,19
development_source_contiguous_cv,1,4,inner_validation,outer_training_local,4,145,validate:022,validate,22
development_source_contiguous_cv,1,4,inner_validation,outer_training_local,4,153,validate:038,validate,38
development_source_contiguous_cv,1,4,inner_validation,outer_training_local,5,0,calibrate:001,calibrate,1
development_source_contiguous_cv,1,4,inner_validation,outer_training_local,5,4,calibrate:005,calibrate,5
development_source_contiguous_cv,1,4,inner_validation,outer_training_local,5,12,calibrate:013,calibrate,13
development_source_contiguous_cv,1,4,inner_validation,outer_training_local,5,15,calibrate:016,calibrate,16
development_source_contiguous_cv,1,4,inner_validation,outer_training_local,5,18,calibrate:019,calibrate,19
development_source_contiguous_cv,1,4,inner_validation,outer_training_local,5,20,calibrate:021,calibrate,21
development_source_contiguous_cv,1,4,inner_validation,outer_training_local,5,21,calibrate:022,calibrate,22
development_source_contiguous_cv,1,4,inner_validation,outer_training_local,5,28,calibrate:029,calibrate,29
development_source_contiguous_cv,1,4,inner_validation,outer_training_local,5,34,calibrate:035,calibrate,35
development_source_contiguous_cv,1,4,inner_validation,outer_training_local,5,36,calibrate:037,calibrate,37
development_source_contiguous_cv,1,4,inner_validation,outer_training_local,5,38,calibrate:039,calibrate,39
development_source_contiguous_cv,1,4,inner_validation,outer_training_local,5,41,calibrate:042,calibrate,42
development_source_contiguous_cv,1,4,inner_validation,outer_training_local,5,44,calibrate:045,calibrate,45
development_source_contiguous_cv,1,4,inner_validation,outer_training_local,5,46,calibrate:047,calibrate,47
development_source_contiguous_cv,1,4,inner_validation,outer_training_local,5,53,calibrate:054,calibrate,54
development_source_contiguous_cv,1,4,inner_validation,outer_training_local,5,65,calibrate:066,calibrate,66
development_source_contiguous_cv,1,4,inner_validation,outer_training_local,5,68,calibrate:069,calibrate,69
development_source_contiguous_cv,1,4,inner_validation,outer_training_local,5,73,calibrate:074,calibrate,74
development_source_contiguous_cv,1,4,inner_validation,outer_training_local,5,88,calibrate:089,calibrate,89
development_source_contiguous_cv,1,4,inner_validation,outer_training_local,5,93,calibrate:125,calibrate,125
development_source_contiguous_cv,1,4,inner_validation,outer_training_local,5,95,calibrate:127,calibrate,127
development_source_contiguous_cv,1,4,inner_validation,outer_training_local,5,103,calibrate:135,calibrate,135
development_source_contiguous_cv,1,4,inner_validation,outer_training_local,5,108,calibrate:140,calibrate,140
development_source_contiguous_cv,1,4,inner_validation,outer_training_local,5,110,calibrate:142,calibrate,142
development_source_contiguous_cv,1,4,inner_validation,outer_training_local,5,116,calibrate:148,calibrate,148
development_source_contiguous_cv,1,4,inner_validation,outer_training_local,5,125,validate:002,validate,2
development_source_contiguous_cv,1,4,inner_validation,outer_training_local,5,132,validate:009,validate,9
development_source_contiguous_cv,1,4,inner_validation,outer_training_local,5,137,validate:014,validate,14
development_source_contiguous_cv,1,4,inner_validation,outer_training_local,5,140,validate:017,validate,17
development_source_contiguous_cv,1,4,inner_validation,outer_training_local,5,143,validate:020,validate,20
development_source_contiguous_cv,1,4,inner_validation,outer_training_local,5,146,validate:023,validate,23
development_source_contiguous_cv,1,4,inner_validation,outer_training_local,5,149,validate:034,validate,34
development_source_contiguous_cv,1,5,inner_validation,outer_training_local,1,1,calibrate:002,calibrate,2
development_source_contiguous_cv,1,5,inner_validation,outer_training_local,1,7,calibrate:008,calibrate,8
development_source_contiguous_cv,1,5,inner_validation,outer_training_local,1,11,calibrate:012,calibrate,12
development_source_contiguous_cv,1,5,inner_validation,outer_training_local,1,16,calibrate:017,calibrate,17
development_source_contiguous_cv,1,5,inner_validation,outer_training_local,1,18,calibrate:019,calibrate,19
development_source_contiguous_cv,1,5,inner_validation,outer_training_local,1,27,calibrate:028,calibrate,28
development_source_contiguous_cv,1,5,inner_validation,outer_training_local,1,30,calibrate:031,calibrate,31
development_source_contiguous_cv,1,5,inner_validation,outer_training_local,1,44,calibrate:045,calibrate,45
development_source_contiguous_cv,1,5,inner_validation,outer_training_local,1,48,calibrate:049,calibrate,49
development_source_contiguous_cv,1,5,inner_validation,outer_training_local,1,49,calibrate:050,calibrate,50
development_source_contiguous_cv,1,5,inner_validation,outer_training_local,1,51,calibrate:052,calibrate,52
development_source_contiguous_cv,1,5,inner_validation,outer_training_local,1,55,calibrate:056,calibrate,56
development_source_contiguous_cv,1,5,inner_validation,outer_training_local,1,63,calibrate:064,calibrate,64
development_source_contiguous_cv,1,5,inner_validation,outer_training_local,1,75,calibrate:076,calibrate,76
development_source_contiguous_cv,1,5,inner_validation,outer_training_local,1,77,calibrate:078,calibrate,78
development_source_contiguous_cv,1,5,inner_validation,outer_training_local,1,78,calibrate:079,calibrate,79
development_source_contiguous_cv,1,5,inner_validation,outer_training_local,1,82,calibrate:083,calibrate,83
development_source_contiguous_cv,1,5,inner_validation,outer_training_local,1,88,calibrate:089,calibrate,89
development_source_contiguous_cv,1,5,inner_validation,outer_training_local,1,106,calibrate:107,calibrate,107
development_source_contiguous_cv,1,5,inner_validation,outer_training_local,1,109,calibrate:110,calibrate,110
development_source_contiguous_cv,1,5,inner_validation,outer_training_local,1,111,calibrate:112,calibrate,112
development_source_contiguous_cv,1,5,inner_validation,outer_training_local,1,113,calibrate:114,calibrate,114
development_source_contiguous_cv,1,5,inner_validation,outer_training_local,1,115,calibrate:116,calibrate,116
development_source_contiguous_cv,1,5,inner_validation,outer_training_local,1,121,calibrate:122,calibrate,122
development_source_contiguous_cv,1,5,inner_validation,outer_training_local,1,122,calibrate:123,calibrate,123
development_source_contiguous_cv,1,5,inner_validation,outer_training_local,1,127,validate:004,validate,4
development_source_contiguous_cv,1,5,inner_validation,outer_training_local,1,131,validate:008,validate,8
development_source_contiguous_cv,1,5,inner_validation,outer_training_local,1,132,validate:009,validate,9
development_source_contiguous_cv,1,5,inner_validation,outer_training_local,1,145,validate:022,validate,22
development_source_contiguous_cv,1,5,inner_validation,outer_training_local,1,147,validate:024,validate,24
development_source_contiguous_cv,1,5,inner_validation,outer_training_local,1,153,validate:030,validate,30
development_source_contiguous_cv,1,5,inner_validation,outer_training_local,2,6,calibrate:007,calibrate,7
development_source_contiguous_cv,1,5,inner_validation,outer_training_local,2,10,calibrate:011,calibrate,11
development_source_contiguous_cv,1,5,inner_validation,outer_training_local,2,20,calibrate:021,calibrate,21
development_source_contiguous_cv,1,5,inner_validation,outer_training_local,2,21,calibrate:022,calibrate,22
development_source_contiguous_cv,1,5,inner_validation,outer_training_local,2,22,calibrate:023,calibrate,23
development_source_contiguous_cv,1,5,inner_validation,outer_training_local,2,23,calibrate:024,calibrate,24
development_source_contiguous_cv,1,5,inner_validation,outer_training_local,2,37,calibrate:038,calibrate,38
development_source_contiguous_cv,1,5,inner_validation,outer_training_local,2,39,calibrate:040,calibrate,40
development_source_contiguous_cv,1,5,inner_validation,outer_training_local,2,40,calibrate:041,calibrate,41
development_source_contiguous_cv,1,5,inner_validation,outer_training_local,2,46,calibrate:047,calibrate,47
development_source_contiguous_cv,1,5,inner_validation,outer_training_local,2,50,calibrate:051,calibrate,51
development_source_contiguous_cv,1,5,inner_validation,outer_training_local,2,52,calibrate:053,calibrate,53
development_source_contiguous_cv,1,5,inner_validation,outer_training_local,2,58,calibrate:059,calibrate,59
development_source_contiguous_cv,1,5,inner_validation,outer_training_local,2,64,calibrate:065,calibrate,65
development_source_contiguous_cv,1,5,inner_validation,outer_training_local,2,68,calibrate:069,calibrate,69
development_source_contiguous_cv,1,5,inner_validation,outer_training_local,2,74,calibrate:075,calibrate,75
development_source_contiguous_cv,1,5,inner_validation,outer_training_local,2,80,calibrate:081,calibrate,81
development_source_contiguous_cv,1,5,inner_validation,outer_training_local,2,81,calibrate:082,calibrate,82
development_source_contiguous_cv,1,5,inner_validation,outer_training_local,2,84,calibrate:085,calibrate,85
development_source_contiguous_cv,1,5,inner_validation,outer_training_local,2,87,calibrate:088,calibrate,88
development_source_contiguous_cv,1,5,inner_validation,outer_training_local,2,98,calibrate:099,calibrate,99
development_source_contiguous_cv,1,5,inner_validation,outer_training_local,2,101,calibrate:102,calibrate,102
development_source_contiguous_cv,1,5,inner_validation,outer_training_local,2,112,calibrate:113,calibrate,113
development_source_contiguous_cv,1,5,inner_validation,outer_training_local,2,116,calibrate:117,calibrate,117
development_source_contiguous_cv,1,5,inner_validation,outer_training_local,2,117,calibrate:118,calibrate,118
development_source_contiguous_cv,1,5,inner_validation,outer_training_local,2,125,validate:002,validate,2
development_source_contiguous_cv,1,5,inner_validation,outer_training_local,2,128,validate:005,validate,5
development_source_contiguous_cv,1,5,inner_validation,outer_training_local,2,129,validate:006,validate,6
development_source_contiguous_cv,1,5,inner_validation,outer_training_local,2,130,validate:007,validate,7
development_source_contiguous_cv,1,5,inner_validation,outer_training_local,2,135,validate:012,validate,12
development_source_contiguous_cv,1,5,inner_validation,outer_training_local,2,151,validate:028,validate,28
development_source_contiguous_cv,1,5,inner_validation,outer_training_local,3,0,calibrate:001,calibrate,1
development_source_contiguous_cv,1,5,inner_validation,outer_training_local,3,5,calibrate:006,calibrate,6
development_source_contiguous_cv,1,5,inner_validation,outer_training_local,3,17,calibrate:018,calibrate,18
development_source_contiguous_cv,1,5,inner_validation,outer_training_local,3,31,calibrate:032,calibrate,32
development_source_contiguous_cv,1,5,inner_validation,outer_training_local,3,33,calibrate:034,calibrate,34
development_source_contiguous_cv,1,5,inner_validation,outer_training_local,3,35,calibrate:036,calibrate,36
development_source_contiguous_cv,1,5,inner_validation,outer_training_local,3,42,calibrate:043,calibrate,43
development_source_contiguous_cv,1,5,inner_validation,outer_training_local,3,45,calibrate:046,calibrate,46
development_source_contiguous_cv,1,5,inner_validation,outer_training_local,3,53,calibrate:054,calibrate,54
development_source_contiguous_cv,1,5,inner_validation,outer_training_local,3,54,calibrate:055,calibrate,55
development_source_contiguous_cv,1,5,inner_validation,outer_training_local,3,57,calibrate:058,calibrate,58
development_source_contiguous_cv,1,5,inner_validation,outer_training_local,3,59,calibrate:060,calibrate,60
development_source_contiguous_cv,1,5,inner_validation,outer_training_local,3,60,calibrate:061,calibrate,61
development_source_contiguous_cv,1,5,inner_validation,outer_training_local,3,66,calibrate:067,calibrate,67
development_source_contiguous_cv,1,5,inner_validation,outer_training_local,3,79,calibrate:080,calibrate,80
development_source_contiguous_cv,1,5,inner_validation,outer_training_local,3,93,calibrate:094,calibrate,94
development_source_contiguous_cv,1,5,inner_validation,outer_training_local,3,96,calibrate:097,calibrate,97
development_source_contiguous_cv,1,5,inner_validation,outer_training_local,3,97,calibrate:098,calibrate,98
development_source_contiguous_cv,1,5,inner_validation,outer_training_local,3,99,calibrate:100,calibrate,100
development_source_contiguous_cv,1,5,inner_validation,outer_training_local,3,100,calibrate:101,calibrate,101
development_source_contiguous_cv,1,5,inner_validation,outer_training_local,3,102,calibrate:103,calibrate,103
development_source_contiguous_cv,1,5,inner_validation,outer_training_local,3,114,calibrate:115,calibrate,115
development_source_contiguous_cv,1,5,inner_validation,outer_training_local,3,119,calibrate:120,calibrate,120
development_source_contiguous_cv,1,5,inner_validation,outer_training_local,3,123,calibrate:124,calibrate,124
development_source_contiguous_cv,1,5,inner_validation,outer_training_local,3,133,validate:010,validate,10
development_source_contiguous_cv,1,5,inner_validation,outer_training_local,3,138,validate:015,validate,15
development_source_contiguous_cv,1,5,inner_validation,outer_training_local,3,141,validate:018,validate,18
development_source_contiguous_cv,1,5,inner_validation,outer_training_local,3,142,validate:019,validate,19
development_source_contiguous_cv,1,5,inner_validation,outer_training_local,3,143,validate:020,validate,20
development_source_contiguous_cv,1,5,inner_validation,outer_training_local,3,146,validate:023,validate,23
development_source_contiguous_cv,1,5,inner_validation,outer_training_local,3,150,validate:027,validate,27
development_source_contiguous_cv,1,5,inner_validation,outer_training_local,4,2,calibrate:003,calibrate,3
development_source_contiguous_cv,1,5,inner_validation,outer_training_local,4,3,calibrate:004,calibrate,4
development_source_contiguous_cv,1,5,inner_validation,outer_training_local,4,8,calibrate:009,calibrate,9
development_source_contiguous_cv,1,5,inner_validation,outer_training_local,4,9,calibrate:010,calibrate,10
development_source_contiguous_cv,1,5,inner_validation,outer_training_local,4,12,calibrate:013,calibrate,13
development_source_contiguous_cv,1,5,inner_validation,outer_training_local,4,13,calibrate:014,calibrate,14
development_source_contiguous_cv,1,5,inner_validation,outer_training_local,4,15,calibrate:016,calibrate,16
development_source_contiguous_cv,1,5,inner_validation,outer_training_local,4,24,calibrate:025,calibrate,25
development_source_contiguous_cv,1,5,inner_validation,outer_training_local,4,26,calibrate:027,calibrate,27
development_source_contiguous_cv,1,5,inner_validation,outer_training_local,4,28,calibrate:029,calibrate,29
development_source_contiguous_cv,1,5,inner_validation,outer_training_local,4,32,calibrate:033,calibrate,33
development_source_contiguous_cv,1,5,inner_validation,outer_training_local,4,38,calibrate:039,calibrate,39
development_source_contiguous_cv,1,5,inner_validation,outer_training_local,4,43,calibrate:044,calibrate,44
development_source_contiguous_cv,1,5,inner_validation,outer_training_local,4,47,calibrate:048,calibrate,48
development_source_contiguous_cv,1,5,inner_validation,outer_training_local,4,62,calibrate:063,calibrate,63
development_source_contiguous_cv,1,5,inner_validation,outer_training_local,4,65,calibrate:066,calibrate,66
development_source_contiguous_cv,1,5,inner_validation,outer_training_local,4,69,calibrate:070,calibrate,70
development_source_contiguous_cv,1,5,inner_validation,outer_training_local,4,70,calibrate:071,calibrate,71
development_source_contiguous_cv,1,5,inner_validation,outer_training_local,4,86,calibrate:087,calibrate,87
development_source_contiguous_cv,1,5,inner_validation,outer_training_local,4,92,calibrate:093,calibrate,93
development_source_contiguous_cv,1,5,inner_validation,outer_training_local,4,94,calibrate:095,calibrate,95
development_source_contiguous_cv,1,5,inner_validation,outer_training_local,4,104,calibrate:105,calibrate,105
development_source_contiguous_cv,1,5,inner_validation,outer_training_local,4,107,calibrate:108,calibrate,108
development_source_contiguous_cv,1,5,inner_validation,outer_training_local,4,110,calibrate:111,calibrate,111
development_source_contiguous_cv,1,5,inner_validation,outer_training_local,4,118,calibrate:119,calibrate,119
development_source_contiguous_cv,1,5,inner_validation,outer_training_local,4,124,validate:001,validate,1
development_source_contiguous_cv,1,5,inner_validation,outer_training_local,4,134,validate:011,validate,11
development_source_contiguous_cv,1,5,inner_validation,outer_training_local,4,148,validate:025,validate,25
development_source_contiguous_cv,1,5,inner_validation,outer_training_local,4,149,validate:026,validate,26
development_source_contiguous_cv,1,5,inner_validation,outer_training_local,4,154,validate:031,validate,31
development_source_contiguous_cv,1,5,inner_validation,outer_training_local,4,155,validate:032,validate,32
development_source_contiguous_cv,1,5,inner_validation,outer_training_local,5,4,calibrate:005,calibrate,5
development_source_contiguous_cv,1,5,inner_validation,outer_training_local,5,14,calibrate:015,calibrate,15
development_source_contiguous_cv,1,5,inner_validation,outer_training_local,5,19,calibrate:020,calibrate,20
development_source_contiguous_cv,1,5,inner_validation,outer_training_local,5,25,calibrate:026,calibrate,26
development_source_contiguous_cv,1,5,inner_validation,outer_training_local,5,29,calibrate:030,calibrate,30
development_source_contiguous_cv,1,5,inner_validation,outer_training_local,5,34,calibrate:035,calibrate,35
development_source_contiguous_cv,1,5,inner_validation,outer_training_local,5,36,calibrate:037,calibrate,37
development_source_contiguous_cv,1,5,inner_validation,outer_training_local,5,41,calibrate:042,calibrate,42
development_source_contiguous_cv,1,5,inner_validation,outer_training_local,5,56,calibrate:057,calibrate,57
development_source_contiguous_cv,1,5,inner_validation,outer_training_local,5,61,calibrate:062,calibrate,62
development_source_contiguous_cv,1,5,inner_validation,outer_training_local,5,67,calibrate:068,calibrate,68
development_source_contiguous_cv,1,5,inner_validation,outer_training_local,5,71,calibrate:072,calibrate,72
development_source_contiguous_cv,1,5,inner_validation,outer_training_local,5,72,calibrate:073,calibrate,73
development_source_contiguous_cv,1,5,inner_validation,outer_training_local,5,73,calibrate:074,calibrate,74
development_source_contiguous_cv,1,5,inner_validation,outer_training_local,5,76,calibrate:077,calibrate,77
development_source_contiguous_cv,1,5,inner_validation,outer_training_local,5,83,calibrate:084,calibrate,84
development_source_contiguous_cv,1,5,inner_validation,outer_training_local,5,85,calibrate:086,calibrate,86
development_source_contiguous_cv,1,5,inner_validation,outer_training_local,5,89,calibrate:090,calibrate,90
development_source_contiguous_cv,1,5,inner_validation,outer_training_local,5,90,calibrate:091,calibrate,91
development_source_contiguous_cv,1,5,inner_validation,outer_training_local,5,91,calibrate:092,calibrate,92
development_source_contiguous_cv,1,5,inner_validation,outer_training_local,5,95,calibrate:096,calibrate,96
development_source_contiguous_cv,1,5,inner_validation,outer_training_local,5,103,calibrate:104,calibrate,104
development_source_contiguous_cv,1,5,inner_validation,outer_training_local,5,105,calibrate:106,calibrate,106
development_source_contiguous_cv,1,5,inner_validation,outer_training_local,5,108,calibrate:109,calibrate,109
development_source_contiguous_cv,1,5,inner_validation,outer_training_local,5,120,calibrate:121,calibrate,121
development_source_contiguous_cv,1,5,inner_validation,outer_training_local,5,126,validate:003,validate,3
development_source_contiguous_cv,1,5,inner_validation,outer_training_local,5,136,validate:013,validate,13
development_source_contiguous_cv,1,5,inner_validation,outer_training_local,5,137,validate:014,validate,14
development_source_contiguous_cv,1,5,inner_validation,outer_training_local,5,139,validate:016,validate,16
development_source_contiguous_cv,1,5,inner_validation,outer_training_local,5,140,validate:017,validate,17
development_source_contiguous_cv,1,5,inner_validation,outer_training_local,5,144,validate:021,validate,21
development_source_contiguous_cv,1,5,inner_validation,outer_training_local,5,152,validate:029,validate,29
original_split_sensitivity,1,1,inner_validation,calibration_split_local,1,12,calibrate:013,calibrate,13
original_split_sensitivity,1,1,inner_validation,calibration_split_local,1,28,calibrate:029,calibrate,29
original_split_sensitivity,1,1,inner_validation,calibration_split_local,1,30,calibrate:031,calibrate,31
original_split_sensitivity,1,1,inner_validation,calibration_split_local,1,32,calibrate:033,calibrate,33
original_split_sensitivity,1,1,inner_validation,calibration_split_local,1,34,calibrate:035,calibrate,35
original_split_sensitivity,1,1,inner_validation,calibration_split_local,1,35,calibrate:036,calibrate,36
original_split_sensitivity,1,1,inner_validation,calibration_split_local,1,43,calibrate:044,calibrate,44
original_split_sensitivity,1,1,inner_validation,calibration_split_local,1,46,calibrate:047,calibrate,47
original_split_sensitivity,1,1,inner_validation,calibration_split_local,1,48,calibrate:049,calibrate,49
original_split_sensitivity,1,1,inner_validation,calibration_split_local,1,49,calibrate:050,calibrate,50
original_split_sensitivity,1,1,inner_validation,calibration_split_local,1,51,calibrate:052,calibrate,52
original_split_sensitivity,1,1,inner_validation,calibration_split_local,1,55,calibrate:056,calibrate,56
original_split_sensitivity,1,1,inner_validation,calibration_split_local,1,58,calibrate:059,calibrate,59
original_split_sensitivity,1,1,inner_validation,calibration_split_local,1,69,calibrate:070,calibrate,70
original_split_sensitivity,1,1,inner_validation,calibration_split_local,1,73,calibrate:074,calibrate,74
original_split_sensitivity,1,1,inner_validation,calibration_split_local,1,75,calibrate:076,calibrate,76
original_split_sensitivity,1,1,inner_validation,calibration_split_local,1,77,calibrate:078,calibrate,78
original_split_sensitivity,1,1,inner_validation,calibration_split_local,1,82,calibrate:083,calibrate,83
original_split_sensitivity,1,1,inner_validation,calibration_split_local,1,87,calibrate:088,calibrate,88
original_split_sensitivity,1,1,inner_validation,calibration_split_local,1,90,calibrate:091,calibrate,91
original_split_sensitivity,1,1,inner_validation,calibration_split_local,1,95,calibrate:096,calibrate,96
original_split_sensitivity,1,1,inner_validation,calibration_split_local,1,96,calibrate:097,calibrate,97
original_split_sensitivity,1,1,inner_validation,calibration_split_local,1,112,calibrate:113,calibrate,113
original_split_sensitivity,1,1,inner_validation,calibration_split_local,1,116,calibrate:117,calibrate,117
original_split_sensitivity,1,1,inner_validation,calibration_split_local,1,131,calibrate:132,calibrate,132
original_split_sensitivity,1,1,inner_validation,calibration_split_local,1,134,calibrate:135,calibrate,135
original_split_sensitivity,1,1,inner_validation,calibration_split_local,1,135,calibrate:136,calibrate,136
original_split_sensitivity,1,1,inner_validation,calibration_split_local,1,147,calibrate:148,calibrate,148
original_split_sensitivity,1,1,inner_validation,calibration_split_local,1,150,calibrate:151,calibrate,151
original_split_sensitivity,1,1,inner_validation,calibration_split_local,1,151,calibrate:152,calibrate,152
original_split_sensitivity,1,1,inner_validation,calibration_split_local,1,154,calibrate:155,calibrate,155
original_split_sensitivity,1,1,inner_validation,calibration_split_local,2,1,calibrate:002,calibrate,2
original_split_sensitivity,1,1,inner_validation,calibration_split_local,2,5,calibrate:006,calibrate,6
original_split_sensitivity,1,1,inner_validation,calibration_split_local,2,10,calibrate:011,calibrate,11
original_split_sensitivity,1,1,inner_validation,calibration_split_local,2,14,calibrate:015,calibrate,15
original_split_sensitivity,1,1,inner_validation,calibration_split_local,2,15,calibrate:016,calibrate,16
original_split_sensitivity,1,1,inner_validation,calibration_split_local,2,16,calibrate:017,calibrate,17
original_split_sensitivity,1,1,inner_validation,calibration_split_local,2,25,calibrate:026,calibrate,26
original_split_sensitivity,1,1,inner_validation,calibration_split_local,2,31,calibrate:032,calibrate,32
original_split_sensitivity,1,1,inner_validation,calibration_split_local,2,33,calibrate:034,calibrate,34
original_split_sensitivity,1,1,inner_validation,calibration_split_local,2,36,calibrate:037,calibrate,37
original_split_sensitivity,1,1,inner_validation,calibration_split_local,2,41,calibrate:042,calibrate,42
original_split_sensitivity,1,1,inner_validation,calibration_split_local,2,44,calibrate:045,calibrate,45
original_split_sensitivity,1,1,inner_validation,calibration_split_local,2,47,calibrate:048,calibrate,48
original_split_sensitivity,1,1,inner_validation,calibration_split_local,2,65,calibrate:066,calibrate,66
original_split_sensitivity,1,1,inner_validation,calibration_split_local,2,68,calibrate:069,calibrate,69
original_split_sensitivity,1,1,inner_validation,calibration_split_local,2,79,calibrate:080,calibrate,80
original_split_sensitivity,1,1,inner_validation,calibration_split_local,2,84,calibrate:085,calibrate,85
original_split_sensitivity,1,1,inner_validation,calibration_split_local,2,85,calibrate:086,calibrate,86
original_split_sensitivity,1,1,inner_validation,calibration_split_local,2,89,calibrate:090,calibrate,90
original_split_sensitivity,1,1,inner_validation,calibration_split_local,2,94,calibrate:095,calibrate,95
original_split_sensitivity,1,1,inner_validation,calibration_split_local,2,98,calibrate:099,calibrate,99
original_split_sensitivity,1,1,inner_validation,calibration_split_local,2,101,calibrate:102,calibrate,102
original_split_sensitivity,1,1,inner_validation,calibration_split_local,2,106,calibrate:107,calibrate,107
original_split_sensitivity,1,1,inner_validation,calibration_split_local,2,115,calibrate:116,calibrate,116
original_split_sensitivity,1,1,inner_validation,calibration_split_local,2,120,calibrate:121,calibrate,121
original_split_sensitivity,1,1,inner_validation,calibration_split_local,2,126,calibrate:127,calibrate,127
original_split_sensitivity,1,1,inner_validation,calibration_split_local,2,132,calibrate:133,calibrate,133
original_split_sensitivity,1,1,inner_validation,calibration_split_local,2,136,calibrate:137,calibrate,137
original_split_sensitivity,1,1,inner_validation,calibration_split_local,2,141,calibrate:142,calibrate,142
original_split_sensitivity,1,1,inner_validation,calibration_split_local,2,145,calibrate:146,calibrate,146
original_split_sensitivity,1,1,inner_validation,calibration_split_local,2,153,calibrate:154,calibrate,154
original_split_sensitivity,1,1,inner_validation,calibration_split_local,3,4,calibrate:005,calibrate,5
original_split_sensitivity,1,1,inner_validation,calibration_split_local,3,6,calibrate:007,calibrate,7
original_split_sensitivity,1,1,inner_validation,calibration_split_local,3,9,calibrate:010,calibrate,10
original_split_sensitivity,1,1,inner_validation,calibration_split_local,3,19,calibrate:020,calibrate,20
original_split_sensitivity,1,1,inner_validation,calibration_split_local,3,22,calibrate:023,calibrate,23
original_split_sensitivity,1,1,inner_validation,calibration_split_local,3,26,calibrate:027,calibrate,27
original_split_sensitivity,1,1,inner_validation,calibration_split_local,3,39,calibrate:040,calibrate,40
original_split_sensitivity,1,1,inner_validation,calibration_split_local,3,40,calibrate:041,calibrate,41
original_split_sensitivity,1,1,inner_validation,calibration_split_local,3,42,calibrate:043,calibrate,43
original_split_sensitivity,1,1,inner_validation,calibration_split_local,3,50,calibrate:051,calibrate,51
original_split_sensitivity,1,1,inner_validation,calibration_split_local,3,52,calibrate:053,calibrate,53
original_split_sensitivity,1,1,inner_validation,calibration_split_local,3,61,calibrate:062,calibrate,62
original_split_sensitivity,1,1,inner_validation,calibration_split_local,3,63,calibrate:064,calibrate,64
original_split_sensitivity,1,1,inner_validation,calibration_split_local,3,70,calibrate:071,calibrate,71
original_split_sensitivity,1,1,inner_validation,calibration_split_local,3,72,calibrate:073,calibrate,73
original_split_sensitivity,1,1,inner_validation,calibration_split_local,3,78,calibrate:079,calibrate,79
original_split_sensitivity,1,1,inner_validation,calibration_split_local,3,83,calibrate:084,calibrate,84
original_split_sensitivity,1,1,inner_validation,calibration_split_local,3,97,calibrate:098,calibrate,98
original_split_sensitivity,1,1,inner_validation,calibration_split_local,3,108,calibrate:109,calibrate,109
original_split_sensitivity,1,1,inner_validation,calibration_split_local,3,109,calibrate:110,calibrate,110
original_split_sensitivity,1,1,inner_validation,calibration_split_local,3,113,calibrate:114,calibrate,114
original_split_sensitivity,1,1,inner_validation,calibration_split_local,3,114,calibrate:115,calibrate,115
original_split_sensitivity,1,1,inner_validation,calibration_split_local,3,117,calibrate:118,calibrate,118
original_split_sensitivity,1,1,inner_validation,calibration_split_local,3,121,calibrate:122,calibrate,122
original_split_sensitivity,1,1,inner_validation,calibration_split_local,3,122,calibrate:123,calibrate,123
original_split_sensitivity,1,1,inner_validation,calibration_split_local,3,127,calibrate:128,calibrate,128
original_split_sensitivity,1,1,inner_validation,calibration_split_local,3,129,calibrate:130,calibrate,130
original_split_sensitivity,1,1,inner_validation,calibration_split_local,3,130,calibrate:131,calibrate,131
original_split_sensitivity,1,1,inner_validation,calibration_split_local,3,133,calibrate:134,calibrate,134
original_split_sensitivity,1,1,inner_validation,calibration_split_local,3,140,calibrate:141,calibrate,141
original_split_sensitivity,1,1,inner_validation,calibration_split_local,3,148,calibrate:149,calibrate,149
original_split_sensitivity,1,1,inner_validation,calibration_split_local,4,0,calibrate:001,calibrate,1
original_split_sensitivity,1,1,inner_validation,calibration_split_local,4,8,calibrate:009,calibrate,9
original_split_sensitivity,1,1,inner_validation,calibration_split_local,4,11,calibrate:012,calibrate,12
original_split_sensitivity,1,1,inner_validation,calibration_split_local,4,13,calibrate:014,calibrate,14
original_split_sensitivity,1,1,inner_validation,calibration_split_local,4,23,calibrate:024,calibrate,24
original_split_sensitivity,1,1,inner_validation,calibration_split_local,4,24,calibrate:025,calibrate,25
original_split_sensitivity,1,1,inner_validation,calibration_split_local,4,37,calibrate:038,calibrate,38
original_split_sensitivity,1,1,inner_validation,calibration_split_local,4,45,calibrate:046,calibrate,46
original_split_sensitivity,1,1,inner_validation,calibration_split_local,4,56,calibrate:057,calibrate,57
original_split_sensitivity,1,1,inner_validation,calibration_split_local,4,62,calibrate:063,calibrate,63
original_split_sensitivity,1,1,inner_validation,calibration_split_local,4,64,calibrate:065,calibrate,65
original_split_sensitivity,1,1,inner_validation,calibration_split_local,4,66,calibrate:067,calibrate,67
original_split_sensitivity,1,1,inner_validation,calibration_split_local,4,67,calibrate:068,calibrate,68
original_split_sensitivity,1,1,inner_validation,calibration_split_local,4,71,calibrate:072,calibrate,72
original_split_sensitivity,1,1,inner_validation,calibration_split_local,4,74,calibrate:075,calibrate,75
original_split_sensitivity,1,1,inner_validation,calibration_split_local,4,86,calibrate:087,calibrate,87
original_split_sensitivity,1,1,inner_validation,calibration_split_local,4,93,calibrate:094,calibrate,94
original_split_sensitivity,1,1,inner_validation,calibration_split_local,4,100,calibrate:101,calibrate,101
original_split_sensitivity,1,1,inner_validation,calibration_split_local,4,102,calibrate:103,calibrate,103
original_split_sensitivity,1,1,inner_validation,calibration_split_local,4,103,calibrate:104,calibrate,104
original_split_sensitivity,1,1,inner_validation,calibration_split_local,4,104,calibrate:105,calibrate,105
original_split_sensitivity,1,1,inner_validation,calibration_split_local,4,105,calibrate:106,calibrate,106
original_split_sensitivity,1,1,inner_validation,calibration_split_local,4,111,calibrate:112,calibrate,112
original_split_sensitivity,1,1,inner_validation,calibration_split_local,4,118,calibrate:119,calibrate,119
original_split_sensitivity,1,1,inner_validation,calibration_split_local,4,119,calibrate:120,calibrate,120
original_split_sensitivity,1,1,inner_validation,calibration_split_local,4,123,calibrate:124,calibrate,124
original_split_sensitivity,1,1,inner_validation,calibration_split_local,4,128,calibrate:129,calibrate,129
original_split_sensitivity,1,1,inner_validation,calibration_split_local,4,137,calibrate:138,calibrate,138
original_split_sensitivity,1,1,inner_validation,calibration_split_local,4,139,calibrate:140,calibrate,140
original_split_sensitivity,1,1,inner_validation,calibration_split_local,4,142,calibrate:143,calibrate,143
original_split_sensitivity,1,1,inner_validation,calibration_split_local,4,152,calibrate:153,calibrate,153
original_split_sensitivity,1,1,inner_validation,calibration_split_local,5,2,calibrate:003,calibrate,3
original_split_sensitivity,1,1,inner_validation,calibration_split_local,5,3,calibrate:004,calibrate,4
original_split_sensitivity,1,1,inner_validation,calibration_split_local,5,7,calibrate:008,calibrate,8
original_split_sensitivity,1,1,inner_validation,calibration_split_local,5,17,calibrate:018,calibrate,18
original_split_sensitivity,1,1,inner_validation,calibration_split_local,5,18,calibrate:019,calibrate,19
original_split_sensitivity,1,1,inner_validation,calibration_split_local,5,20,calibrate:021,calibrate,21
original_split_sensitivity,1,1,inner_validation,calibration_split_local,5,21,calibrate:022,calibrate,22
original_split_sensitivity,1,1,inner_validation,calibration_split_local,5,27,calibrate:028,calibrate,28
original_split_sensitivity,1,1,inner_validation,calibration_split_local,5,29,calibrate:030,calibrate,30
original_split_sensitivity,1,1,inner_validation,calibration_split_local,5,38,calibrate:039,calibrate,39
original_split_sensitivity,1,1,inner_validation,calibration_split_local,5,53,calibrate:054,calibrate,54
original_split_sensitivity,1,1,inner_validation,calibration_split_local,5,54,calibrate:055,calibrate,55
original_split_sensitivity,1,1,inner_validation,calibration_split_local,5,57,calibrate:058,calibrate,58
original_split_sensitivity,1,1,inner_validation,calibration_split_local,5,59,calibrate:060,calibrate,60
original_split_sensitivity,1,1,inner_validation,calibration_split_local,5,60,calibrate:061,calibrate,61
original_split_sensitivity,1,1,inner_validation,calibration_split_local,5,76,calibrate:077,calibrate,77
original_split_sensitivity,1,1,inner_validation,calibration_split_local,5,80,calibrate:081,calibrate,81
original_split_sensitivity,1,1,inner_validation,calibration_split_local,5,81,calibrate:082,calibrate,82
original_split_sensitivity,1,1,inner_validation,calibration_split_local,5,88,calibrate:089,calibrate,89
original_split_sensitivity,1,1,inner_validation,calibration_split_local,5,91,calibrate:092,calibrate,92
original_split_sensitivity,1,1,inner_validation,calibration_split_local,5,92,calibrate:093,calibrate,93
original_split_sensitivity,1,1,inner_validation,calibration_split_local,5,99,calibrate:100,calibrate,100
original_split_sensitivity,1,1,inner_validation,calibration_split_local,5,107,calibrate:108,calibrate,108
original_split_sensitivity,1,1,inner_validation,calibration_split_local,5,110,calibrate:111,calibrate,111
original_split_sensitivity,1,1,inner_validation,calibration_split_local,5,124,calibrate:125,calibrate,125
original_split_sensitivity,1,1,inner_validation,calibration_split_local,5,125,calibrate:126,calibrate,126
original_split_sensitivity,1,1,inner_validation,calibration_split_local,5,138,calibrate:139,calibrate,139
original_split_sensitivity,1,1,inner_validation,calibration_split_local,5,143,calibrate:144,calibrate,144
original_split_sensitivity,1,1,inner_validation,calibration_split_local,5,144,calibrate:145,calibrate,145
original_split_sensitivity,1,1,inner_validation,calibration_split_local,5,146,calibrate:147,calibrate,147
original_split_sensitivity,1,1,inner_validation,calibration_split_local,5,149,calibrate:150,calibrate,150
