method,iteration,matvecs,relative_residual,relative_objective_gap,relative_A_norm_error
Conjugate Gradient,0,1,1.0,1.0,1.0
Conjugate Gradient,1,2,0.329816008230294,0.1975551206414921,0.4444717321062072
Conjugate Gradient,2,3,0.15785691229320456,0.07537810758346217,0.274550737721577
Conjugate Gradient,3,4,0.1100919323211288,0.048049718704497126,0.21920246053476938
Conjugate Gradient,4,5,0.08679246043018557,0.03163323877028748,0.177857355120016
Conjugate Gradient,5,6,0.06726691014925505,0.01900988231088376,0.13787632977013767
Conjugate Gradient,6,7,0.04331425470445882,0.012960977604898323,0.11384628937694158
Conjugate Gradient,7,8,0.03512991774429874,0.009652672249364285,0.09824801397160293
Conjugate Gradient,8,9,0.030548371607662862,0.00779165338269825,0.088270342599869
Conjugate Gradient,9,10,0.0231199799385692,0.006159535432979538,0.07848270785962688
Conjugate Gradient,10,11,0.019500089235728425,0.004963407984392781,0.07045145835532989
Conjugate Gradient,11,12,0.014674084639165832,0.003984018415808529,0.06311908123387514
Conjugate Gradient,12,13,0.011384864100019675,0.003584043707744892,0.05986688323058827
Conjugate Gradient,13,14,0.014318453934473743,0.003099823778693462,0.055676061091760626
Conjugate Gradient,14,15,0.011789093083460767,0.002478699868586648,0.049786543047159314
Conjugate Gradient,15,16,0.008721217519320416,0.0021156176049141762,0.04599584334387376
Conjugate Gradient,16,17,0.009252953846498838,0.001686158411635238,0.04106285927252556
Conjugate Gradient,17,18,0.006383191752712422,0.0014472698069263586,0.03804299944702518
Conjugate Gradient,18,19,0.006821027804997423,0.0012443007459630178,0.03527464735419785
Conjugate Gradient,19,20,0.006124687575906884,0.0010254300938143898,0.032022337419594926
Conjugate Gradient,20,21,0.005280483623619844,0.0008123591117945078,0.028501914177726864
Conjugate Gradient,21,22,0.0044768009482748375,0.0006361776359740208,0.025222562042227604
Conjugate Gradient,22,23,0.004204335321573892,0.00047750956926160106,0.021851992340782132
Conjugate Gradient,23,24,0.0032921097951385788,0.0003631866912565341,0.019057457628354684
Conjugate Gradient,24,25,0.0030961028385370726,0.00022881735711739504,0.015126710055970365
Conjugate Gradient,25,26,0.0034618704497052445,0.000179080020667105,0.0133820783388495
Conjugate Gradient,26,27,0.0029765514713936255,0.00016797267817059215,0.012960427391509592
Conjugate Gradient,27,28,0.0017961135766333147,0.0001239371598554007,0.011132706762301822
Conjugate Gradient,28,29,0.0013246523504967366,8.823791944464319e-05,0.00939350410893843
Conjugate Gradient,29,30,0.0022325424821422264,5.98601630546852e-05,0.0077369349909822294
Conjugate Gradient,30,31,0.0015320138380501486,5.558829423761795e-05,0.0074557557791023405
Conjugate Gradient,31,32,0.0009524116743930952,3.770345937476804e-05,0.00614031427328993
Conjugate Gradient,32,33,0.0016607846780576636,3.49300249682691e-05,0.005910162854631765
Conjugate Gradient,33,34,0.0008982813536442925,2.8015725503416196e-05,0.005292988333958066
Conjugate Gradient,34,35,0.001398931359218443,1.9615895937758652e-05,0.004428983623559546
Conjugate Gradient,35,36,0.0008858439246790688,1.7465447617286027e-05,0.00417916829252975
Conjugate Gradient,36,37,0.0006140451862905699,1.1154053443279928e-05,0.003339768471508156
Conjugate Gradient,37,38,0.0010424213710990412,6.7114162431342365e-06,0.0025906401222736894
Conjugate Gradient,38,39,0.0003128200123423117,5.614120212952636e-06,0.0023694134744600055
Conjugate Gradient,39,40,0.0002543163358390925,3.3587934393089895e-06,0.0018327011320204364
Conjugate Gradient,40,41,0.0005154742244271784,2.9894938699046808e-06,0.0017290152890893362
Conjugate Gradient,41,42,0.00019715835952607914,2.1296312951555424e-06,0.001459325630267468
Conjugate Gradient,42,43,0.0004457618769487898,1.824973661646875e-06,0.0013509158603136151
Conjugate Gradient,43,44,0.00016235066867200767,1.150590335599724e-06,0.001072655739554739
Conjugate Gradient,44,45,0.0003985513273765379,9.91211550131158e-07,0.000995596077800208
Conjugate Gradient,45,46,0.0003540378128985923,7.455428637730167e-07,0.0008634482403555043
Conjugate Gradient,46,47,9.223785521935588e-05,5.766142984808872e-07,0.0007593512352534149
Conjugate Gradient,47,48,7.919449820781527e-05,3.6390012424989483e-07,0.0006032413482594631
Conjugate Gradient,48,49,0.00012322840670502284,3.3166064288947273e-07,0.0005758998549135715
Conjugate Gradient,49,50,6.726838171297851e-05,2.1396068224358704e-07,0.00046255884192563767
Conjugate Gradient,50,51,6.52507446085567e-05,2.0259585123414374e-07,0.0004501064887714281
Conjugate Gradient,51,52,0.0001982903665946565,1.6121204704346352e-07,0.0004015122003668923
Conjugate Gradient,52,53,3.633133871647057e-05,1.1474826441398493e-07,0.0003387451319413829
Conjugate Gradient,53,54,9.389320604186237e-05,8.481516392879003e-08,0.0002912304309799888
Conjugate Gradient,54,55,2.45498001061107e-05,5.7832323388130605e-08,0.00024048351999280657
Conjugate Gradient,55,56,8.006676049461053e-05,5.1514578130246244e-08,0.00022696823154407807
Conjugate Gradient,56,57,6.75550067466183e-05,3.7341710865329055e-08,0.00019324003432345238
Conjugate Gradient,57,58,1.548738927456968e-05,2.4622672947857598e-08,0.00015691613348492117
Conjugate Gradient,58,59,3.1002929133641274e-05,2.2708951769557718e-08,0.00015069489629565336
Conjugate Gradient,59,60,5.0225561342988566e-05,1.952166944646937e-08,0.00013971996795901926
Conjugate Gradient,60,61,1.0113762374298124e-05,1.1741204346687258e-08,0.0001083568380245901
Conjugate Gradient,61,62,1.8559677987936748e-05,6.145393528878647e-09,7.8392560417929e-05
Conjugate Gradient,62,63,1.4981633676825188e-05,5.8429971842236885e-09,7.643950015681479e-05
Conjugate Gradient,63,64,1.1193806720139102e-05,5.288891808420714e-09,7.272476750338026e-05
Conjugate Gradient,64,65,2.5093111887408486e-05,2.586882493730886e-09,5.0861404755776116e-05
Conjugate Gradient,65,66,5.380995156151635e-06,1.982847887141532e-09,4.4529180175942295e-05
Conjugate Gradient,66,67,1.1684244334340998e-05,1.3415761517200289e-09,3.66275327004158e-05
Conjugate Gradient,67,68,4.096990756152266e-06,5.185818505724245e-10,2.2772392289182632e-05
Conjugate Gradient,68,69,3.5330033263821087e-06,4.920604500492504e-10,2.2182435620311184e-05
Conjugate Gradient,69,70,4.992918900668502e-06,3.797974110918442e-10,1.9488391701006117e-05
Conjugate Gradient,70,71,7.4822445354782776e-06,1.2863239718607276e-10,1.1341622334836968e-05
Conjugate Gradient,71,72,1.3783791152319434e-06,9.348401432497465e-11,9.668713167995763e-06
Conjugate Gradient,72,73,1.407753426982807e-06,8.464156934801822e-11,9.200085290257814e-06
Conjugate Gradient,73,74,2.0574490267112986e-06,7.754025982519195e-11,8.805694738360622e-06
Conjugate Gradient,74,75,8.296823830991176e-07,3.693403863040528e-11,6.07733812046074e-06
Conjugate Gradient,75,76,5.907672601508298e-07,3.580920938559149e-11,5.9840796606990024e-06
Conjugate Gradient,76,77,4.0205289730984635e-07,1.3799813199664947e-11,3.7148099816363344e-06
Conjugate Gradient,77,78,7.067848781875664e-07,1.307623310398498e-11,3.6161074519412412e-06
Conjugate Gradient,78,79,4.299131049644083e-07,1.2396602588272762e-11,3.520880939235628e-06
Conjugate Gradient,79,80,6.598945352339768e-07,3.4597209993902515e-12,1.8600325264334092e-06
Conjugate Gradient,80,81,3.7219176026340393e-07,3.1665894518162526e-12,1.7794913463729607e-06
Conjugate Gradient,81,82,2.4031920291351814e-07,2.81248931612983e-12,1.6770477978071553e-06
Conjugate Gradient,82,83,2.049993756858453e-07,2.705764533353265e-12,1.6449208289012772e-06
Conjugate Gradient,83,84,2.5627823768513634e-07,2.608905778892428e-12,1.615210753707524e-06
Conjugate Gradient,84,85,4.270809155652073e-07,1.3585656331241942e-12,1.1655752370071157e-06
Conjugate Gradient,85,86,2.971595775582104e-07,9.224104536059089e-13,9.604220184928647e-07
Conjugate Gradient,86,87,7.67055754131739e-08,5.623498009884483e-13,7.498998606403712e-07
Conjugate Gradient,87,88,1.11222657993117e-07,4.56234696675611e-13,6.75451476181384e-07
Conjugate Gradient,88,89,2.7038569746882176e-07,3.0386476024550243e-13,5.512392949033137e-07
Conjugate Gradient,89,90,1.175636102975631e-07,1.938664544108715e-13,4.4030268499166736e-07
Conjugate Gradient,90,91,3.956005277827708e-08,1.7151505867800217e-13,4.141437657118626e-07
Conjugate Gradient,91,92,8.112245200890076e-08,1.6677066990406908e-13,4.0837564803017957e-07
Conjugate Gradient,92,93,7.32464247529604e-08,1.2735393650992987e-13,3.5686683302028765e-07
Conjugate Gradient,93,94,4.19473482126245e-08,2.962074549976971e-14,1.7210678516482058e-07
Conjugate Gradient,94,95,2.155147362001278e-08,2.5451432242575043e-14,1.5953505020081023e-07
Conjugate Gradient,95,96,2.292904448034537e-08,2.2425221375538112e-14,1.4975053046830288e-07
Conjugate Gradient,96,97,1.7305391568377578e-08,2.162480491461832e-14,1.4705374838683412e-07
Conjugate Gradient,97,98,4.9228876835599694e-08,1.0706702956752898e-14,1.0347319921966701e-07
Conjugate Gradient,98,99,5.2669369722618956e-08,6.903486486753218e-15,8.30872221629368e-08
Conjugate Gradient,99,100,1.1736065586486007e-08,4.112318093217893e-15,6.412735838328204e-08
Conjugate Gradient,100,101,5.090820857090772e-09,3.038140502203858e-15,5.511932966032749e-08
Steepest Descent,0,1,1.0,1.0,1.0
Steepest Descent,1,2,0.329816008230294,0.1975551206414921,0.4444717321062072
Steepest Descent,2,3,0.19033850393047377,0.0915222446001287,0.30252643620042313
Steepest Descent,3,4,0.12130842074318027,0.06078432930199684,0.2465447815347079
Steepest Descent,4,5,0.10174051291414711,0.04661135373235562,0.21589662742237456
Steepest Descent,5,6,0.07950904286760808,0.03798581972349814,0.19489951186059482
Steepest Descent,6,7,0.07379456480839158,0.03193993488111832,0.17871747223234305
Steepest Descent,7,8,0.06079769706070839,0.027390359091475542,0.16550032958116895
Steepest Descent,8,9,0.05817975742282155,0.02383357565759715,0.15438126718484063
Steepest Descent,9,10,0.04889894391585755,0.020989649687574857,0.14487805108978674
Steepest Descent,10,11,0.047542832698758856,0.01867472941912148,0.13665551367991516
Steepest Descent,11,12,0.04045659037494869,0.016766313306259686,0.12948479951816616
Steepest Descent,12,13,0.03978644777991084,0.015173488701168561,0.12318071562208331
Steepest Descent,13,14,0.03418101228479581,0.01383138760537249,0.11760691988727741
Steepest Descent,14,15,0.03392779165484775,0.012689318919072247,0.11264687709418422
Steepest Descent,15,16,0.029379818884450886,0.011709855901969463,0.10821208759639313
Steepest Descent,16,17,0.029391409604599225,0.010862839537983986,0.10422494681209477
Steepest Descent,17,18,0.025623759536457076,0.010125499416000697,0.10062554057494895
Steepest Descent,18,19,0.025806102907495937,0.0094790655624345,0.09736049282144425
Steepest Descent,19,20,0.02262843934407103,0.00890911353952713,0.0943881006246398
Steepest Descent,20,21,0.022921026281344258,0.008403525289801143,0.09167074391429984
Steepest Descent,21,22,0.020198947627128247,0.007952842094629972,0.0891787087517529
Steepest Descent,22,23,0.020562261592743335,0.007548982578868707,0.08688488118694015
Steepest Descent,23,24,0.018198866832257434,0.0071855489599182394,0.08476761740144782
Steepest Descent,24,25,0.018606968293983818,0.00685699089819078,0.08280694957665558
Steepest Descent,25,26,0.01653101794724264,0.006558858215038632,0.08098677802603725
Steepest Descent,26,27,0.016966829279258924,0.0062872362411409395,0.07929209444289474
Steepest Descent,27,28,0.01512489857661435,0.0060389513367053275,0.07771068997702521
Steepest Descent,28,29,0.015577126119512591,0.005811176527964942,0.07623107324421545
Steepest Descent,29,30,0.013928340106373047,0.005601598458631946,0.07484382712443255
Steepest Descent,30,31,0.014389459248607957,0.005408133096170414,0.07354001017249327
Steepest Descent,31,32,0.012901937150908377,0.0052290618751463435,0.07231225259350135
Steepest Descent,32,33,0.013366880697285621,0.0050628208427209356,0.07115350197088639
Steepest Descent,33,34,0.012015316722022745,0.004908112245844203,0.07005792065030336
Steepest Descent,34,35,0.012480627025534277,0.0047637442962551345,0.06901988333991252
Steepest Descent,35,36,0.011244626004285361,0.004628723068262543,0.06803471957950985
Steepest Descent,36,37,0.011707909816343568,0.004502128276755591,0.06709790068814069
Steepest Descent,37,38,0.010570824218599657,0.004383189257887903,0.06620565880563309
Steepest Descent,38,39,0.011030402972728727,0.004271187123666483,0.06535431985466976
Steepest Descent,39,40,0.009978504102129315,0.004165517775615364,0.06454082255143145
Steepest Descent,40,41,0.010433189127284885,0.004065613870801024,0.06376216645316425
Steepest Descent,41,42,0.009455062887819289,0.003970997207058687,0.06301584885613051
Steepest Descent,42,43,0.009904009833905955,0.003881215881676888,0.06229940514705488
Steepest Descent,43,44,0.008990105430131408,0.0037958879274083914,0.06161077768871605
Steepest Descent,44,45,0.009432718624585185,0.0037146503150053663,0.060947931179043034
Steepest Descent,45,46,0.008575003363257509,0.003637195367237952,0.06030916486934595
Steepest Descent,46,47,0.009010871562231968,0.0035632291120256555,0.059692789447517484
Steepest Descent,47,48,0.008202560997489033,0.0034925017257835334,0.0590973918695532
Steepest Descent,48,49,0.008631412928327122,0.0034247733395347964,0.058521563030517185
Steepest Descent,49,50,0.00786675595184519,0.003359839542131023,0.05796412288761922
Steepest Descent,50,51,0.00828842845945842,0.003297503169714001,0.0574238902349362
Steepest Descent,51,52,0.007562533590682571,0.003237595719817273,0.0568998745149519
Steepest Descent,52,53,0.007976947974211829,0.0031799539708769154,0.05639108059681881
Steepest Descent,53,54,0.00728564137859508,0.003124438010602363,0.055896672625500375
Steepest Descent,54,55,0.007692785220686597,0.003070911771649467,0.05541580795810403
Steepest Descent,55,56,0.007032493740271452,0.0030192582555028167,0.05494777753014962
Steepest Descent,56,57,0.007432406575822447,0.002969363255048591,0.054491864117945085
Steepest Descent,57,58,0.006800060854794458,0.002921128253868319,0.0540474629734673
Steepest Descent,58,59,0.007192822651662017,0.0028744567508368576,0.05361396040992362
Steepest Descent,59,60,0.006585776636202896,0.0028292652306302632,0.053190837844785475
Steepest Descent,60,61,0.006971498429871105,0.0027854716195400138,0.052777567389374946
Steepest Descent,61,62,0.006387462341445627,0.0027430046533048363,0.05237370192477171
Steepest Descent,62,63,0.0067662785820186595,0.002701794084079093,0.05197878494231173
Steepest Descent,63,64,0.0062032630458442395,0.002661778714067271,0.05159242884442707
Steepest Descent,64,65,0.006575325342767006,0.002622898046123061,0.051214236752323665
Steepest Descent,65,66,0.006031594784344711,0.0025850992041256725,0.050843870860957
Steepest Descent,66,67,0.006397066810467631,0.0025483297778551134,0.050480984319396086
Steepest Descent,67,68,0.00587110056475261,0.00251254381192876,0.05012528116558309
Steepest Descent,68,69,0.006230153929340277,0.0024776956423462025,0.04977645670742547
Steepest Descent,69,70,0.005720613770852384,0.002443745103680006,0.04943425030967907
Steepest Descent,70,71,0.006073424703712203,0.002410652192312625,0.049098392970774764
Steepest Descent,71,72,0.0055791277207903394,0.002378381615241383,0.048768654023269735
Steepest Descent,72,73,0.005925874433856249,0.002346898145357963,0.0484447948221268
Steepest Descent,73,74,0.0054457703482404494,0.0023161706136676364,0.048126610244932436
Steepest Descent,74,75,0.005786630960360177,0.0022861678464348063,0.047813887589640794
Steepest Descent,75,76,0.005319783142064665,0.002256862184978386,0.047506443615349545
Steepest Descent,76,77,0.00565493406921458,0.0022282259142797274,0.04720408789797476
Steepest Descent,77,78,0.005200503621554621,0.0022002343800899327,0.04690665603184619
Steepest Descent,78,79,0.005530118349100256,0.0021728628345943205,0.04661397681591135
Steepest Descent,79,80,0.005087350743671765,0.002146089208765939,0.04632590213655789
Steepest Descent,80,81,0.005411598909996593,0.0021198913136443506,0.04604227745935631
Steepest Descent,81,82,0.004979812739465367,0.0020942493162083337,0.045762968830795205
Steepest Descent,82,83,0.0052988594714793846,0.002069143245351734,0.04548783623510502
Steepest Descent,83,84,0.004877436961763046,0.0020445552116298005,0.045216758084031194
Steepest Descent,84,85,0.005191442412590132,0.00202046717557687,0.04494960706810316
Steepest Descent,85,86,0.004779821397567819,0.001996862945181447,0.04468627244670836
Steepest Descent,86,87,0.005088940445186717,0.001973726171172108,0.04442663808090938
Steepest Descent,87,88,0.0046866075583151205,0.0019510421507310347,0.0441706027888576
Steepest Descent,88,89,0.004990989631197163,0.0019287960200825515,0.043918060295083064
Steepest Descent,89,90,0.004597474510955839,0.0019069743885484292,0.043668917877002965
Steepest Descent,90,91,0.0048972635129153445,0.0018855637034534904,0.04342307800528989
Steepest Descent,91,92,0.004512133854240794,0.0018645517349845265,0.04318045547449131
Steepest Descent,92,93,0.004807468165904697,0.0018439260922759214,0.04294096054207359
Steepest Descent,93,94,0.0044303254788984284,0.0018236755765162083,0.0427045147088245
Steepest Descent,94,95,0.0047213380175366755,0.001803788830252136,0.04247103519167075
Steepest Descent,95,96,0.004351813978766147,0.001784255573677791,0.042240449496635225
Steepest Descent,96,97,0.004638632301813602,0.0017650653718247569,0.04201268108351045
Steepest Descent,97,98,0.0042763856033322225,0.0017462087668757911,0.041787662854911985
Steepest Descent,98,99,0.004559132043886819,0.0017276761500937285,0.041565323890157865
Steepest Descent,99,100,0.004203845661408399,0.0017094588012494985,0.041345601957759645
Steepest Descent,100,101,0.004482637486408524,0.0016915478539652592,0.041128431212061306
Steepest Descent,101,102,0.0041340163014950086,0.0016739352518743936,0.04091375382282092
Steepest Descent,102,103,0.00440896588524338,0.0016566127975807744,0.0407015085418314
Steepest Descent,103,104,0.0040667346074113615,0.0016395730339268852,0.04049164153164064
Steepest Descent,104,105,0.004337949614706394,0.0016228083680546754,0.04028409572095017
Steepest Descent,105,106,0.004001850958449051,0.0016063118851066145,0.04007882090464507
Steepest Descent,106,107,0.004269434532866997,0.0015900765399573921,0.03987576381660158
Steepest Descent,107,108,0.003939227612074996,0.0015740959097792066,0.039674877564766425
Steepest Descent,108,109,0.004203278565974308,0.0015583634469322728,0.03947611235839052
Steepest Descent,109,110,0.0038787374744099204,0.001542873176062824,0.03927942433466692
Steepest Descent,110,111,0.00413935047805349,0.0015276190024229952,0.039084766884593225
Steepest Descent,111,112,0.0038202630296217785,0.0015125953585163495,0.03889209892145639
Steepest Descent,112,113,0.004077528797464049,0.0014977965627864561,0.03870137675569767
Steepest Descent,113,114,0.0037636954042320763,0.001483217420262348,0.03851256185015933
Steepest Descent,114,115,0.004017700876936927,0.0014688526271296005,0.038325613199655405
Steepest Descent,115,116,0.003708933546329642,0.0014546973293423477,0.038140494613236826
Steepest Descent,116,117,0.0039597620674923254,0.0014407465690855431,0.037957167558783186
Steepest Descent,117,118,0.003655883502979581,0.001426995804898929,0.03777559800848861
Steepest Descent,118,119,0.003903614989844462,0.0014134403964678468,0.03759574971280459
Steepest Descent,119,120,0.003604457781828258,0.0014000760894377117,0.03741759064180524
Steepest Descent,120,121,0.0038491688895449802,0.0013868985353431647,0.037241086656315016
Steepest Descent,121,122,0.0035545747851500878,0.0013739037439711166,0.037066207574704975
Steepest Descent,122,123,0.0037963390643005255,0.0013610876355628885,0.03689292121210908
Steepest Descent,123,124,0.0035061583064345528,0.0013484464633028337,0.036721199099468874
Steepest Descent,124,125,0.0037450463537133495,0.0013359763952127369,0.036551010864444455
Steepest Descent,125,126,0.003459137081154237,0.001323673909095508,0.03638232962710755
Steepest Descent,126,127,0.0036952166831950546,0.0013115354017911166,0.0362151266985374
Steepest Descent,127,128,0.003413444384630151,0.0012995575586864853,0.03604937667542235
Steepest Descent,128,129,0.0036467806550560195,0.0012877369882226847,0.03588505243444246
Steepest Descent,129,130,0.0033690176709772895,0.0012760705678885823,0.035722129946135384
Steepest Descent,130,131,0.0035996731808139518,0.00126455510206424,0.03556058354504661
Steepest Descent,131,132,0.0033257982480016917,0.001253187646243706,0.03540039048151455
Steepest Descent,132,133,0.0035538331496377256,0.0012419651864727357,0.03524152644924359
Steepest Descent,133,134,0.00328373098366454,0.001230884943392898,0.03508396989214444
Steepest Descent,134,135,0.003509203128572948,0.0012199440716860032,0.03492769777248427
Steepest Descent,135,136,0.0032427640403525607,0.0012091399453943294,0.03477268964854933
Steepest Descent,136,137,0.003465729090809356,0.0011984698759220586,0.03461892366787359
Steepest Descent,137,138,0.0032028486337198707,0.0011879313799635835,0.034466380430262525
Steepest Descent,138,139,0.0034233601687667526,0.0011775219147354813,0.034315039191810365
Steepest Descent,139,140,0.0031639388133087223,0.001167239129734312,0.03416488152671266
Steepest Descent,140,141,0.0033820484292145813,0.001157080617983642,0.03401588772887813
Steepest Descent,141,142,0.003125991262532863,0.0011470441527430487,0.03386804028495077
Steepest Descent,142,143,0.00334174866800827,0.001137127453654486,0.0337213204613118
Steepest Descent,143,144,0.0030889651159238035,0.0011273284094342876,0.03357571159982
Steepest Descent,144,145,0.0033024182223424688,0.0011176448578931063,0.0334311958788959
Steepest Descent,145,146,0.00305282179181175,0.0011080747955613326,0.033287757442659494
Steepest Descent,146,147,0.003264016798686614,0.001098616170638364,0.03314537932560682
Steepest Descent,147,148,0.0030175248388439975,0.0010892670804278726,0.0330040464250654
Steepest Descent,148,149,0.003226506314800804,0.0010800255763459925,0.03286374257971834
Steepest Descent,149,150,0.002983039794940026,0.0010708898499757517,0.032724453394606175
Steepest Descent,150,151,0.0031898507544224444,0.0010618580493308297,0.03258616346443425
Steepest Descent,151,152,0.0029493340574554333,0.0010529284542772847,0.03244885905971556
Steepest Descent,152,153,0.0031540160333853665,0.0010440993033105994,0.032312525486420884
Steepest Descent,153,154,0.002916376763467179,0.001035368959037012,0.03217714964127512
Steepest Descent,154,155,0.003118969876078634,0.0010267357447771707,0.03204271749988085
Steepest Descent,155,156,0.002884138679224893,0.0010181981007484754,0.03190921654864743
Steepest Descent,156,157,0.003084681701276084,0.0010097544298594454,0.031776633394043574
Steepest Descent,157,158,0.0028525920979178073,0.001001403245187791,0.03164495607814602
Steepest Descent,158,159,0.0030511225164790053,0.0009931430243760927,0.031514171802160575
Steepest Descent,159,160,0.0028217107450025877,0.0009849723489575083,0.03138426913212267
Steepest Descent,160,161,0.003018264820006611,0.0009768897668060207,0.03125523583027363
Steepest Descent,161,162,0.002791469690420796,0.0009688939238224142,0.031127060957026026
Steepest Descent,162,163,0.0029860825101537245,0.0009609834339313317,0.030999732804192548
Steepest Descent,163,164,0.002761845267105409,0.0009531570036041083,0.03087324089894205
Steepest Descent,164,165,0.002954550800805848,0.0009454133089308139,0.03074757403326015
Steepest Descent,165,166,0.002732814995238667,0.0009377511134232402,0.030622722175261297
Steepest Descent,166,167,0.002923646142965357,0.000930169151723212,0.030498674589614742
Steepest Descent,167,168,0.0027043575117800356,0.000922666241098372,0.030375421661244014
Steepest Descent,168,169,0.002893346151697907,0.0009152411713783176,0.03025295310177698
Steepest Descent,169,170,0.0026764525048296284,0.0009078928105278304,0.03013125969035862
Steepest Descent,170,171,0.00286362953805796,0.0009006200004303715,0.030010331561486813
Steepest Descent,171,172,0.0026490806524365465,0.0008934216568971823,0.029890159867374116
Steepest Descent,172,173,0.0028344760455929936,0.0008862966709436831,0.02977073514281572
Steepest Descent,173,174,0.0026222235654997923,0.0008792440035687795,0.029652048893268397
Steepest Descent,174,175,0.0028058663910679486,0.0008722625921935559,0.029534092032658728
Steepest Descent,175,176,0.0025958637344406523,0.0008653514405228389,0.029416856401098316
Steepest Descent,176,177,0.0027777822090811503,0.0008585095298377375,0.029300333271786133
Steepest Descent,177,178,0.0025699844793580845,0.0008517359042308556,0.02918451480204623
Steepest Descent,178,179,0.0027502060002760845,0.0008450295864646611,0.029069392605705763
Steepest Descent,179,180,0.0025445699034028755,0.0008383896588526225,0.02895495914092476
Steepest Descent,180,181,0.002723121082879681,0.0008318151834143638,0.02884120634464453
Steepest Descent,181,182,0.0025196048491305852,0.0008253052786572659,0.02872812696047666
Steepest Descent,182,183,0.0026965115473194124,0.0008188590437769258,0.028615713232015127
Steepest Descent,183,184,0.0024950748576155314,0.0008124756315773101,0.028503958173862625
Steepest Descent,184,185,0.0026703622136966423,0.00080615417648133,0.028392854320785185
Steepest Descent,185,186,0.0024709661301246526,0.0007998938638123243,0.028282394944776586
Steepest Descent,186,187,0.002644658591909758,0.0007936938613947556,0.028172572857209113
Steepest Descent,187,188,0.0024472654921691914,0.0007875533854055795,0.02806338157467092
Steepest Descent,188,189,0.0026193868442392952,0.0007814716353590826,0.027954814171428193
Steepest Descent,189,190,0.002423960359766995,0.0007754478567234968,0.027846864396615583
Steepest Descent,190,191,0.0025945337502232524,0.0007694812790971202,0.027739525574478018
Steepest Descent,191,192,0.0024010387077595626,0.0007635711757732392,0.027632791675349037
Steepest Descent,192,193,0.0025700866736633075,0.0007577168049268083,0.027526656261282593
Steepest Descent,193,194,0.002378489040045213,0.000751917466299204,0.0274211135131162
Steepest Descent,194,195,0.002546033531616311,0.0007461724452262024,0.027316157219239353
Steepest Descent,195,196,0.002356300361595833,0.0007404810666034721,0.02721178176091143
Steepest Descent,196,197,0.002522362765237715,0.0007348426415969378,0.027107981142035234
Steepest Descent,197,198,0.0023344621521383902,0.0007292565190400692,0.02700474993478127
Steepest Descent,198,199,0.0024990633123521465,0.000723722034677622,0.026902082348354037
Steepest Descent,199,200,0.002312964341390346,0.0007182385601364081,0.02679997313685982
Steepest Descent,200,201,0.0024761245816368508,0.0007128054545626369,0.026698416705165064
Steepest Descent,201,202,0.0022917972857457725,0.0007074221112991167,0.026597407980837467
Steepest Descent,202,203,0.002453536428312928,0.0007020879117850371,0.026496941555301003
Steepest Descent,203,204,0.002270951746318952,0.0006968022700645192,0.026397012521581286
Steepest Descent,204,205,0.0024312891312459244,0.0006915645888255497,0.02629761564905742
Steepest Descent,205,206,0.002250418868256305,0.0006863743018572773,0.02619874618864951
Steepest Descent,206,207,0.00240937337136555,0.0006812308321123381,0.0261003990795608
Steepest Descent,207,208,0.002230190161236835,0.0006761336322231979,0.02600256972345614
Steepest Descent,208,209,0.002387780211319828,0.000671082144479043,0.025905253221673842
Steepest Descent,209,210,0.0022102574810836753,0.000666075839504935,0.02580844511986212
Steepest Descent,210,211,0.002366501076286612,0.0006611141780508992,0.0257121406742204
Steepest Descent,211,212,0.0021906130124194688,0.0006561966479314865,0.025616335567982523
Steepest Descent,212,213,0.002345527735868476,0.000651322727530883,0.025521025205325957
Steepest Descent,213,214,0.002171249252297602,0.0006464919210945913,0.025426205401014743
Steepest Descent,214,215,0.0023248522870051498,0.0006417037238600799,0.025331871700687257
Steepest Descent,215,216,0.0021521589947509833,0.0006369576557870062,0.025238020044904594
Steepest Descent,216,217,0.002304467137839729,0.0006322532282281481,0.02514464611459362
Steepest Descent,217,218,0.0021333353162001473,0.0006275899761795532,0.025051745970681428
Steepest Descent,218,219,0.0022843649924799455,0.0006229674264115283,0.02495931542353532
Steepest Descent,219,220,0.0021147715616702096,0.0006183851283153275,0.024867350649301734
Steepest Descent,220,221,0.0022645388366010987,0.0006138426234186925,0.02477584758224615
Steepest Descent,221,222,0.002096461331765025,0.0006093394749011741,0.024684802508855002
Steepest Descent,222,223,0.0022449819238387916,0.0006048752384231368,0.024594211482036513
Steepest Descent,223,224,0.002078398470355642,0.0006004494903777052,0.024504070893990353
Steepest Descent,224,225,0.002225687762924161,0.000596061799966162,0.024414376911282457
Steepest Descent,225,226,0.002060577052937939,0.0005917117562506745,0.024325126027436618
Steepest Descent,226,227,0.002206650105517745,0.0005873989414128011,0.02423631451794602
Steepest Descent,227,228,0.0020429913756209502,0.0005831229566675262,0.02414793897349267
Steepest Descent,228,229,0.002187862934700227,0.0005788833966452701,0.024059995774007734
Steepest Descent,229,230,0.0020256359447088338,0.0005746798742241987,0.023972481603375957
Steepest Descent,230,231,0.002169320454080979,0.0005705119959795643,0.023885392941703183
Steepest Descent,231,232,0.0020085054668397538,0.0005663793859881077,0.023798726562320672
Steepest Descent,232,233,0.0021510170774890194,0.000562281662291644,0.023712479041459244
Steepest Descent,233,234,0.001991594839651351,0.0005582184597243717,0.023626647238327567
Steepest Descent,234,235,0.002132947419211463,0.0005541894073406411,0.023541227821433638
Steepest Descent,235,236,0.001974899142940712,0.0005501941503130995,0.023456217732471266
Steepest Descent,236,237,0.0021151062847486117,0.0005462323282773836,0.0233716137285679
Steepest Descent,237,238,0.001958413630290635,0.0005423035963463829,0.023287412830677066
Steepest Descent,238,239,0.0020974886620550325,0.0005384076043272214,0.023203611881067596
Steepest Descent,239,240,0.0019421337211352704,0.0005345440168944281,0.023120207976885243
Steepest Descent,240,241,0.0020800897132391616,0.00053071249363699,0.02303719804223139
Steepest Descent,241,242,0.0019260549932406715,0.000526912708430925,0.022954579247525426
Steepest Descent,242,243,0.0020629047666953855,0.0005231443302764949,0.022872348595552986
Steepest Descent,243,244,0.0019101731755750272,0.0005194070419084205,0.022790503327228658
Steepest Descent,244,245,0.002045929309643862,0.0005157005213856063,0.022709040521026118
Steepest Descent,245,246,0.0018944841415484723,0.000512024459975071,0.022627957485709376
Steepest Descent,246,247,0.002029158981054755,0.0005083785444586077,0.022547251372586584
Steepest Descent,247,248,0.0018789839025997448,0.0005047624743246252,0.022466919555751856
Steepest Descent,248,249,0.00201258956493589,0.0005011759447579805,0.022386959256629303
Steepest Descent,249,250,0.001863668602112108,0.0004976186631721511,0.022307367912242606
Steepest Descent,250,251,0.0019962169839623533,0.0004940903328502981,0.022228142811541816
Steepest Descent,251,252,0.0018485345096376966,0.0004905906688483905,0.02214928145219141
Steepest Descent,252,253,0.00198003729343079,0.00048711938225735543,0.022070781188198923
Steepest Descent,253,254,0.0018335780154163529,0.00048367619550610696,0.021992639575687745
Steepest Descent,254,255,0.001964046675517862,0.0004802608272161882,0.021914854031368503
Steepest Descent,255,256,0.0018187956251689596,0.0004768730069322025,0.02183742216774229
Steepest Descent,256,257,0.001948241433829005,0.00047351246054185735,0.021760341461977507
Steepest Descent,257,258,0.00180418395515346,0.0004701789244597959,0.021683609580966812
Steepest Descent,258,259,0.0019326179882186124,0.00046687213158742917,0.02160722406019406
Steepest Descent,259,260,0.001789739727466722,0.0004635918249747882,0.021531182619047847
Steepest Descent,260,261,0.0019171728698689358,0.0004603377442958473,0.021455482849282306
Steepest Descent,261,262,0.0017754597655805957,0.00045710963901178097,0.02138012252097216
Steepest Descent,262,263,0.001901902716612497,0.00045390725533871,0.021305099280189
Steepest Descent,263,264,0.0017613409900975663,0.0004507303489345448,0.021230410945964867
Steepest Descent,264,265,0.0018868042684851943,0.0004475786723372918,0.021156055216823663
Steepest Descent,265,266,0.0017473804147161763,0.0004444519871965084,0.02108202995910281
Steepest Descent,266,267,0.0018718743634973305,0.00044135005216144673,0.021008332921996612
Steepest Descent,267,268,0.001733575142392989,0.0004382726346770374,0.020934962017568535
Steepest Descent,268,269,0.0018571099336110555,0.0004352194993022486,0.020861915043980227
Steepest Descent,269,270,0.0017199223616918614,0.0004321904190895001,0.020789189957511573
Steepest Descent,270,271,0.0018425080009132427,0.0004291851643145416,0.020716784603662355
Steepest Descent,271,272,0.0017064193433098639,0.0004262035134573459,0.020644696981485244
Steepest Descent,272,273,0.0018280656739728554,0.0004232452423257244,0.02057292498226065
Steepest Descent,273,274,0.0016930634367703984,0.00042031013465475183,0.02050146664643171
Steepest Descent,274,275,0.0018137801443738036,0.00041739797160734624,0.02043031990956936
Steepest Descent,275,276,0.0016798520672750802,0.0004145085420083986,0.020359482852184595
Steepest Descent,276,277,0.0017996486834129404,0.00041164163220633305,0.020288953452712467
Steepest Descent,277,278,0.0016667827327056033,0.0004087970359573461,0.020218729830465267
Steepest Descent,278,279,0.001785668638955723,0.00040597454463277256,0.020148810005376806
Steepest Descent,279,280,0.0016538530007677167,0.0004031739567680433,0.02007919213434752
Steepest Descent,280,281,0.0017718374324399715,0.00040039506860141915,0.020009874277501574
Steepest Descent,281,282,0.0016410605062701538,0.0003976376833016335,0.0199408546281656
Steepest Descent,282,283,0.001758152556021113,0.00039490160182422296,0.019872131285401242
Steepest Descent,283,284,0.0016284029485306756,0.00039218663183108245,0.019803702477846973
Steepest Descent,284,285,0.0017446115698504716,0.00038949257885135695,0.019735566342300823
Steepest Descent,285,286,0.0016158780889044173,0.0003868192549055153,0.019667721141645143
Steepest Descent,286,287,0.0017312120994807374,0.00038416646995833827,0.019600165049262677
Steepest Descent,287,288,0.0016034837484252397,0.00038153404025953843,0.019532896361255242
Steepest Descent,288,289,0.0017179518333915835,0.00037892178007699996,0.0194659132864862
Steepest Descent,289,290,0.0015912178055575723,0.0003763295097653374,0.01939921415329336
Steepest Descent,290,291,0.0017048285206283473,0.00037375704776816557,0.01933279720496146
Steepest Descent,291,292,0.0015790781940506864,0.00037120421842544795,0.01926666080112088
Steepest Descent,292,293,0.0016918399685498064,0.00036867084423405927,0.01920080321846092
Steepest Descent,293,294,0.0015670629008907842,0.0003661567534042959,0.019135222846998565
Steepest Descent,294,295,0.0016789840406783532,0.00036366177236849955,0.019069917995851463
Steepest Descent,295,296,0.0015551699643465932,0.00036118573309661817,0.01900488708455323
Steepest Descent,296,297,0.0016662586546467347,0.00035872846584312997,0.018940128453712502
Steepest Descent,297,298,0.001543397472103091,0.00035628980623106626,0.01887564055154331
Steepest Descent,298,299,0.0016536617802379644,0.000353869588227964,0.018811421749244897
Steepest Descent,299,300,0.0015317435594785459,0.00035146765100731436,0.018747470522908264
Steepest Descent,300,301,0.0016411914375128757,0.0003490838321446783,0.018683785273457792
Steepest Descent,301,302,0.001520206407721889,0.0003467179742651256,0.018620364504088677
Steepest Descent,302,303,0.0016288456950207262,0.00034436991845108203,0.018557206644618744
Steepest Descent,303,304,0.0015087842423846913,0.0003420395106839081,0.018494310224604432
Steepest Descent,304,305,0.0016166226680889868,0.0003397265954554045,0.01843167370195676
Steepest Descent,305,306,0.0014974753317660023,0.0003374310220113556,0.018369295631878637
Steepest Descent,306,307,0.001604520517188696,0.00033515263815897897,0.018307174499604763
Steepest Descent,307,308,0.0014862779854245335,0.0003328912963198736,0.01824530888529634
Steepest Descent,308,309,0.0015925374463707802,0.00033064684752607865,0.018183697300771334
Steepest Descent,309,310,0.0014751905527561606,0.00032841914728952534,0.01812233835048682
Steepest Descent,310,311,0.001580671701770732,0.00032620804977969006,0.01806123057213129
Steepest Descent,311,312,0.0014642114216329928,0.0003240134135163262,0.018000372593819446
Steepest Descent,312,313,0.0015689215701775391,0.0003218350957220332,0.017939762978424024
Steepest Descent,313,314,0.0014533390171007294,0.0003196729578447452,0.01787940037710284
Steepest Descent,314,315,0.0015572853776643358,0.0003175268600787981,0.017819283377251683
Steepest Descent,315,316,0.0014425718001321738,0.0003153966667233887,0.017759410652479112
Steepest Descent,316,317,0.0015457614882774038,0.0003132822408660082,0.01769978081406683
Steepest Descent,317,318,0.0014319082664335492,0.0003111834495828152,0.017640392557503225
Steepest Descent,318,319,0.001534348302780303,0.000309100158778567,0.017581244517341967
Steepest Descent,319,320,0.001421346945301377,0.0003070322382345671,0.017522335410400266
Steepest Descent,320,321,0.0015230442574515547,0.0003049795565995195,0.017463663893911824
Steepest Descent,321,322,0.0014108863985270795,0.00030294198629047555,0.017405228705491792
Steepest Descent,322,323,0.0015118478229323112,0.00030091939862920514,0.017347028524482375
Steepest Descent,323,324,0.0014005252193477157,0.0002989116686013946,0.01728906210878411
Steepest Descent,324,325,0.0015007575031220544,0.0002969186701333885,0.017231328159297198
Steepest Descent,325,326,0.001390262031439814,0.00029494028071457305,0.0171738254537122
Steepest Descent,326,327,0.0014897718341194564,0.0002929763768096264,0.017116552713955763
Steepest Descent,327,328,0.0013800954879547292,0.00029102683834882916,0.017059508737030767
Steepest Descent,328,329,0.0014788893832076587,0.0002890915442711023,0.017002692265376748
Steepest Descent,329,330,0.0013700242705939115,0.0002871703768868343,0.016946102114847362
Steepest Descent,330,331,0.0014681087478798783,0.0002852632175471854,0.016889737047899395
Steepest Descent,331,332,0.0013600470887206763,0.0002833699508838007,0.016833595898791222
Steepest Descent,332,333,0.0014574285549050906,0.00028149046060006494,0.016777677449518004
Steepest Descent,333,334,0.0013501626785092612,0.0002796246335918894,0.01672198055231166
Steepest Descent,334,335,0.0014468474594312582,0.0002777723558567779,0.016666504008242936
Steepest Descent,335,336,0.0013403698021268375,0.00027593351649970977,0.016611246687100574
Steepest Descent,336,337,0.0014363641441240357,0.0002741080037560344,0.016556207408583476
Steepest Descent,337,338,0.0013306672469482132,0.0002722957088863148,0.01650138505963408
Steepest Descent,338,339,0.00142597731833992,0.00027049652230923894,0.016446778478146986
Steepest Descent,339,340,0.0013210538248026541,0.0002687103373891147,0.01639238656782821
Steepest Descent,340,341,0.001415685717331796,0.0002669370466751497,0.016338208184349643
Steepest Descent,341,342,0.0013115283712486498,0.00026517654558514563,0.016284242247803414
Steepest Descent,342,343,0.0014054881014859881,0.00026342872874763896,0.016230487631233973
Steepest Descent,343,344,0.001302089744878294,0.00026169349358519926,0.01617694327075419
Steepest Descent,344,345,0.001395383255588116,0.00025997073675605405,0.016123608056389054
Steepest Descent,345,346,0.0012927368266476384,0.00025826035764028735,0.01607048093991861
Steepest Descent,346,347,0.0013853699881181305,0.00025656225487768564,0.016017560827968957
Steepest Descent,347,348,0.001283468519233601,0.0002548763297599908,0.01596484668764441
Steepest Descent,348,349,0.001375447130571752,0.00025320248286187104,0.015912337441805053
Steepest Descent,349,350,0.0012742837464144437,0.00025154061734223134,0.015860032072547374
Steepest Descent,350,351,0.001365613536807875,0.00024989063566532464,0.01580792951860947
Steepest Descent,351,352,0.0012651814524750032,0.0002482524428140302,0.01575602877675813
Steepest Descent,352,353,0.0013558680824205204,0.00024662594309823264,0.01570432880126472
Steepest Descent,353,354,0.0012561606016326778,0.00024501104328285257,0.01565282860325419
Steepest Descent,354,355,0.0013462096641345637,0.00024340764948074006,0.015601527152196995
Steepest Descent,355,356,0.0012472201774862063,0.00024181567019814068,0.015550423473273668
Steepest Descent,356,357,0.001336637199223426,0.0002402350133094374,0.015499516550829493
Steepest Descent,357,358,0.0012383591824841624,0.00023866558902265074,0.015448805423807069
Steepest Descent,358,359,0.001327149624948739,0.0002371073069334711,0.015398289091112396
Steepest Descent,359,360,0.0012295766374130818,0.00023556007891326343,0.01534796660516511
Steepest Descent,360,361,0.0013177458980202397,0.00023402381623994277,0.01529783697912691
Steepest Descent,361,362,0.0012208715809040936,0.000232498432410885,0.015247899278618185
Steepest Descent,362,363,0.0013084249940751701,0.00023098384034825556,0.015198152530760295
Steepest Descent,363,364,0.001212243068957932,0.00022947995513914956,0.01514859581410599
Steepest Descent,364,365,0.0012991859071766758,0.00022798669131308816,0.015099228169449197
Steepest Descent,365,366,0.0012036901744864911,0.00022650396551159133,0.015050048688013979
Steepest Descent,366,367,0.0012900276493301697,0.00022503169383567768,0.015001056423988201
Steepest Descent,367,368,0.0011952119868707067,0.000223569794446986,0.014952250481014085
Steepest Descent,368,369,0.0012809492500166642,0.00022211818498315568,0.014903629926402347
Steepest Descent,369,370,0.0011868076115344485,0.00022067678509258044,0.014855193875967437
Steepest Descent,370,371,0.0012719497557423418,0.00021924551391560952,0.014806941409879674
Steepest Descent,371,372,0.001178476169532996,0.00021782429255493252,0.014758871655886588
Steepest Descent,372,373,0.0012630282296044663,0.00021641304162063857,0.014710983706762732
Steepest Descent,373,374,0.001170216797156017,0.00021501168363812116,0.014663276701955849
Steepest Descent,374,375,0.0012541837508716108,0.00021362014065512362,0.014615749746596088
Steepest Descent,375,376,0.001162028645544003,0.0002122383365890146,0.014568401991605482
Steepest Descent,376,377,0.001245415414579051,0.00021086619489397835,0.01452123255422825
Steepest Descent,377,378,0.0011539108803184628,0.00020950364084944457,0.014474240596640797
Steepest Descent,378,379,0.0012367223311370032,0.0002081505992856525,0.014427425247966197
Steepest Descent,379,380,0.0011458626812233946,0.00020680699681496873,0.01438078568142119
Steepest Descent,380,381,0.0012281036259532633,0.00020547275961412296,0.014334321037779325
Steepest Descent,381,382,0.0011378832417804554,0.00020414781560006094,0.014288030501089396
Steepest Descent,382,383,0.0012195584390673293,0.00020283209226721878,0.014241913223553174
Steepest Descent,383,384,0.0011299717689542668,0.00020152551880949732,0.014195968399848503
Steepest Descent,384,385,0.0012110859247976206,0.00020022802401100385,0.014150195193388811
Steepest Descent,385,386,0.0011221274828297591,0.0001989395383157061,0.014104592809284005
Steepest Descent,386,387,0.001202685251399813,0.0001976599917700794,0.014059160421948368
Steepest Descent,387,388,0.0011143496162993375,0.00019638931604194738,0.014013897246731452
Steepest Descent,388,389,0.0011943556007364543,0.0001951274424135658,0.01396880246884341
Steepest Descent,389,390,0.0011066374147610514,0.0001938743037510765,0.013923875313686074
Steepest Descent,390,391,0.0011860961679572388,0.00019262983254660676,0.013879114977065603
Steepest Descent,391,392,0.0010989901358256675,0.00019139396283973873,0.013834520694253874
Steepest Descent,392,393,0.001177906161189759,0.00019016662830722664,0.013790091671458409
Steepest Descent,393,394,0.0010914070490337846,0.0001889477641378252,0.013745827153642854
Steepest Descent,394,395,0.0011697848012402565,0.00018773730516832344,0.013701726357226794
Steepest Descent,395,396,0.0010838874355817054,0.0001865351877130087,0.013657788536692486
Steepest Descent,396,397,0.0011617313213031365,0.000185341347744714,0.013614012918486377
Steepest Descent,397,398,0.0010764305880557694,0.00018415572268020634,0.013570398766440369
Steepest Descent,398,399,0.001153744966680225,0.0001829782496049889,0.013526945316847736
Steepest Descent,399,400,0.001069035810175325,0.00018180886701582637,0.013483651842725188
Steepest Descent,400,401,0.0011458249945087854,0.00018064751308809852,0.013440517590037167
Steepest Descent,401,402,0.0010617024165432772,0.00017949412737663394,0.013397541840824156
Steepest Descent,402,403,0.0011379706734974528,0.00017834864912446294,0.01335472385055052
Steepest Descent,403,404,0.0010544297324047102,0.00017721101892309538,0.013312062910123861
Steepest Descent,404,405,0.001130181283670584,0.0001760811770615285,0.013269558284341211
Steepest Descent,405,406,0.00104721709341247,0.00017495906514708462,0.013227209272824128
Steepest Descent,406,407,0.001122456116120347,0.00017384462449358045,0.013185015149539285
Steepest Descent,407,408,0.0010400638454002543,0.00017273779770379368,0.013142975222672897
Steepest Descent,408,409,0.0011147944727663078,0.0001716385270957242,0.013101088775202012
Steepest Descent,409,410,0.0010329693441619317,0.0001705467562477345,0.013059355123731587
Steepest Descent,410,411,0.0011071956661215616,0.00016946242846188357,0.013017773560094042
Steepest Descent,411,412,0.0010259329552380731,0.00016838548827271846,0.012976343409170338
Steepest Descent,412,413,0.001099659019067067,0.00016731587994670637,0.01293506397149648
Steepest Descent,413,414,0.0010189540537080238,0.00016625354895566076,0.012893934580090778
Steepest Descent,414,415,0.0010921838646313082,0.00016519844051127833,0.012852954544044662
Steepest Descent,415,416,0.0010120320239888337,0.00016415050100414996,0.012812123204377562
Steepest Descent,416,417,0.001084769545776789,0.00016310967657249027,0.012771439878592009
Steepest Descent,417,418,0.0010051662596395048,0.00016207591450762175,0.01273090391557574
Steepest Descent,418,419,0.001077415415193144,0.0001610491618560032,0.01269051464110117
Steepest Descent,419,420,0.000998356163170758,0.00016002936679206824,0.01265027141179462
Steepest Descent,420,421,0.0010701208350955864,0.000159016477252673,0.012610173561560245
Steepest Descent,421,422,0.0009916011458607657,0.00015801044227815617,0.012570220454636273
Steepest Descent,422,423,0.0010628851770292155,0.00015701121067834687,0.012530411432923775
Steepest Descent,423,424,0.0009849006275754542,0.00015601873234267607,0.012490745868148788
Steepest Descent,424,425,0.0010557078216789544,0.0001550329569369297,0.012451223110077566
Steepest Descent,425,426,0.0009782540365943224,0.00015405383518321216,0.012411842537802843
Steepest Descent,426,427,0.001048588158684624,0.00015308131758664213,0.012372603508827159
Steepest Descent,427,428,0.0009716608094407781,0.00015211535568595162,0.012333505409491317
Steepest Descent,428,429,0.0010415255864612667,0.00015115590080935567,0.012294547604908269
Steepest Descent,429,430,0.0009651203907174392,0.00015020290529653985,0.012255729488551054
Steepest Descent,430,431,0.0010345195120243038,0.00014925632128294828,0.012217050433019759
Steepest Descent,431,432,0.0009586322329454679,0.00014831610189389876,0.012178509838806173
Steepest Descent,432,433,0.0010275693508193806,0.0001473822000565657,0.012140107085877195
Steepest Descent,433,434,0.0009521957964088005,0.0001464545696669253,0.01210184158163233
Steepest Descent,434,435,0.0010206745265570407,0.00014553316442873334,0.012063712713287452
Steepest Descent,435,436,0.0009458105490020251,0.00014461793899399295,0.012025719895041333
Steepest Descent,436,437,0.0010138344710514848,0.000143708847828231,0.011987862521243352
Steepest Descent,437,438,0.0009394759660829501,0.0001428058463251719,0.011950140012785283
Steepest Descent,438,439,0.0010070486240639188,0.0001419088896976441,0.011912551771037307
Steepest Descent,439,440,0.0009331915303284324,0.0001410179340671055,0.01187509722348013
Steepest Descent,440,441,0.001000316433149681,0.00014013293537953832,0.01183777577839428
Steepest Descent,441,442,0.0009269567315941163,0.00013925385047045902,0.01180058686974758
Steepest Descent,442,443,0.0009936373535099532,0.00013838063600517473,0.01176352991262294
Steepest Descent,443,444,0.0009207710667782891,0.00013751324951988687,0.011726604347375536
Steepest Descent,444,445,0.0009870108478462565,0.00013665164838569992,0.011689809595784695
Steepest Descent,445,446,0.0009146340396886468,0.00013579579082642583,0.011653145104495432
Steepest Descent,446,447,0.0009804363862199424,0.000134945634905742,0.01161661030187989
Steepest Descent,447,448,0.0009085451609127441,0.00013410113952227784,0.0115802046407772
Steepest Descent,448,449,0.0009739134459142418,0.00013326226341935416,0.011543927556051024
Steepest Descent,449,450,0.0009025039476917849,0.0001324289661579047,0.011507778506640831
Steepest Descent,450,451,0.0009674415113004911,0.00013160120714824362,0.011471756933802407
Steepest Descent,451,452,0.0008965099237972919,0.0001307789466013702,0.011435862302483805
Steepest Descent,452,453,0.0009610200737070542,0.00012996214458222,0.011400094060235642
Steepest Descent,453,454,0.000890562619411343,0.00012915076193988214,0.01136445167792455
Steepest Descent,454,455,0.0009546486312922501,0.00012834475938180748,0.011328934609300534
Steepest Descent,455,456,0.0008846615710091604,0.00012754409838346421,0.011293542331060887
Steepest Descent,456,457,0.0009483266889197034,0.0001267487402829748,0.011258274303061495
Steepest Descent,457,458,0.0008788063212453312,0.00012595864717071832,0.011223130007743755
Steepest Descent,458,459,0.0009420537580371633,0.00012517378100390696,0.011188108910978071
Steepest Descent,459,460,0.0008729964188418529,0.00012439410447661036,0.011153210500865225
Steepest Descent,460,461,0.0009358293565583745,0.00012361958015379103,0.011118434249200336
Steepest Descent,461,462,0.0008672314184796849,0.00012285017132223069,0.01108377964966061
Steepest Descent,462,463,0.0009296530087471417,0.00012208584114354603,0.011049246179877884
Steepest Descent,463,464,0.0008615108806928027,0.00012132655348648188,0.01101483333902433
Steepest Descent,464,465,0.0009235242451050043,0.0001205722720984525,0.010980540610482368
Steepest Descent,465,466,0.0008558343717642387,0.00011982296141964717,0.010946367498839382
Steepest Descent,466,467,0.000917442602260933,0.00011907858577264587,0.010912313493143689
Steepest Descent,467,468,0.000850201463625078,0.00011833911015878278,0.010878378103319574
Steepest Descent,468,469,0.0009114076228639585,0.00011760449946540126,0.010844560823998418
Steepest Descent,469,470,0.0008446117337559074,0.00011687471924489767,0.010810861170364628
Steepest Descent,470,471,0.0009054188554782556,0.00011614973493919333,0.010777278642551342
Steepest Descent,471,472,0.00083906476508994,0.00011542951264187328,0.010743812760927719
Steepest Descent,472,473,0.0008994758544803375,0.00011471401833946633,0.010710463031048952
Steepest Descent,473,474,0.0008335601459188958,0.00011400321865707923,0.01067722897839506
Steepest Descent,474,475,0.0008935781799594883,0.0001132970801160831,0.010644110113864996
Steepest Descent,475,476,0.0008280974698010922,0.00011259556986364137,0.010611105967977201
Steepest Descent,476,477,0.0008877253976191217,0.000111898654946406,0.01057821605689759
Steepest Descent,477,478,0.0008226763354714531,0.00011120630302432465,0.010545439916111829
Steepest Descent,478,479,0.0008819170786817331,0.00011051848165997166,0.01051277706697767
Steepest Descent,479,480,0.0008172963467531653,0.00010983515901699511,0.010480227049878029
Steepest Descent,480,481,0.0008761527997951852,0.0001091563031647225,0.010447789391288594
Steepest Descent,481,482,0.0008119571124722167,0.00010848188276160932,0.010415463636421055
Steepest Descent,482,483,0.0008704321429410166,0.0001078118663747563,0.010383249316796562
Steepest Descent,483,484,0.0008066582463729832,0.00010714622314871185,0.010351145982388224
Steepest Descent,484,485,0.0008647546953457963,0.00010648492213955259,0.010319153169691423
Steepest Descent,485,486,0.000801399367036131,0.0001058279329693859,0.010287270433374728
Steepest Descent,486,487,0.0008591200493928224,0.00010517522517464908,0.010255497314837983
Steepest Descent,487,488,0.0007961800977982743,0.00010452676884664399,0.010223833373380259
Steepest Descent,488,489,0.0008535278025373604,0.00010388253399372401,0.010192278155237131
Steepest Descent,489,490,0.0007910000666732053,0.00010324249116819617,0.010160831224274722
Steepest Descent,490,491,0.0008479775572225083,0.00010260661084206089,0.01012949213149706
Steepest Descent,491,492,0.0007858589062751763,0.00010197486402059607,0.010098260445274525
Steepest Descent,492,493,0.0008424689207978207,0.00010134722163134948,0.010067135721313658
Steepest Descent,493,494,0.0007807562537433622,0.00010072365512470469,0.0100361175324278
Steepest Descent,494,495,0.0008370015054387973,0.00010010413587581042,0.01000520543896078
Steepest Descent,495,496,0.0007756917506684434,9.948863577244763e-05,0.00997439901810869
Steepest Descent,496,497,0.0008315749280687222,9.887712662959067e-05,0.009943697834789161
Steepest Descent,497,498,0.0007706650430202778,9.8269580764854e-05,0.009913101470521423
Steepest Descent,498,499,0.000826188810282231,9.766597042541426e-05,0.009882609494734388
Steepest Descent,499,500,0.000765675781077544,9.706626835131644e-05,0.009852221493212403
Steepest Descent,500,501,0.000820842778269733,9.647044721446285e-05,0.009821937039833988
Steepest Descent,501,502,0.00076072361935849,9.58784801700682e-05,0.009791755724591386
Steepest Descent,502,503,0.0008155364627441616,9.529034030743726e-05,0.009761677125752379
Steepest Descent,503,504,0.0007558082165532664,9.470600118983714e-05,0.009731700837460897
Steepest Descent,504,505,0.0008102694988689405,9.412543631679607e-05,0.009701826442314668
Steepest Descent,505,506,0.0007509292354579206,9.354861965265691e-05,0.0096720535385541
Steepest Descent,506,507,0.000805041526187721,9.297552510013038e-05,0.009642381713048409
Steepest Descent,507,508,0.0007460863429091672,9.240612701779619e-05,0.009612810568080294
Steepest Descent,508,509,0.0007998521885548477,9.184039970465104e-05,0.009583339694733305
Steepest Descent,509,510,0.0007412792097210947,9.127831790679967e-05,0.009553968699278832
Steepest Descent,510,511,0.0007947011340681824,9.07198563127626e-05,0.009524697176958571
Steepest Descent,511,512,0.0007365075106226929,9.016499004959596e-05,0.009495524737980305
Steepest Descent,512,513,0.0007895880150025489,8.961369418870946e-05,0.009466450981688409
Steepest Descent,513,514,0.0007317709241971118,8.906594423166215e-05,0.009437475522175522
Steepest Descent,514,515,0.0007845124877448212,8.852171562624755e-05,0.009408597962834183
Steepest Descent,515,516,0.0007270691328214841,8.798098424220817e-05,0.009379817921591451
Steepest Descent,516,517,0.0007794742127305052,8.744372589734592e-05,0.009351135005834635
Steepest Descent,517,518,0.0007224018226088326,8.690991682337936e-05,0.009322548837275102
Steepest Descent,518,519,0.0007744728543811561,8.63795332018684e-05,0.00929405902724253
Steepest Descent,519,520,0.0007177686833503345,8.585255162042663e-05,0.009265665201183703
Steepest Descent,520,521,0.0007695080810434147,8.532894861823788e-05,0.00923736697431892
Steepest Descent,521,522,0.0007131694084588833,8.480870113284452e-05,0.009209163975782194
Steepest Descent,522,523,0.0007645795649287287,8.429178605504104e-05,0.009181055824633735
Steepest Descent,523,524,0.0007086036949144706,8.37781806664465e-05,0.009153042153647414
Steepest Descent,524,525,0.0007596869820552329,8.326786220356508e-05,0.009125122585673304
Steepest Descent,525,526,0.0007040712432095182,8.276080828635445e-05,0.00909729675707869
Steepest Descent,526,527,0.0007548300121894283,8.225699649124273e-05,0.009069564294454432
Steepest Descent,527,528,0.0006995717572959452,8.175640477089257e-05,0.009041924837715284
Steepest Descent,528,529,0.0007500083387902175,8.125901103598086e-05,0.009014378017144657
Steepest Descent,529,530,0.0006951049445336945,8.076479356635238e-05,0.008986923476159814
Steepest Descent,530,531,0.000745221648953408,8.027373060136267e-05,0.008959560848689107
Steepest Descent,531,532,0.0006906705156386491,7.978580074261835e-05,0.00893228978160798
Steepest Descent,532,533,0.0007404696333570314,7.930098255269351e-05,0.008905109912443164
Steepest Descent,533,534,0.0006862681846336161,7.881925494963716e-05,0.008878020891484609
Steepest Descent,534,535,0.0007357519862085143,7.834059681388125e-05,0.008851022359811393
Steepest Descent,535,536,0.0006818976687984943,7.786498737469975e-05,0.008824113971085127
Steepest Descent,536,537,0.0007310684051921351,7.739240582512542e-05,0.008797295369892126
Steepest Descent,537,538,0.0006775586886227939,7.692283170053606e-05,0.008770566213223412
Steepest Descent,538,539,0.0007264185914176129,7.645624450140565e-05,0.00874392614912807
Steepest Descent,539,540,0.0006732509677576934,7.599262406419144e-05,0.008717374837885051
Steepest Descent,540,541,0.0007218022493699154,7.553195019174543e-05,0.008690911930962447
Steepest Descent,541,542,0.000668974232969914,7.507420301667195e-05,0.008664537091886209
Steepest Descent,542,543,0.0007172190868600667,7.461936263923435e-05,0.008638249975500499
Steepest Descent,543,544,0.0006647282140965263,7.416740948334373e-05,0.008612050248538018
Steepest Descent,544,545,0.000712668814976071,7.371832394179924e-05,0.00858593756917666
Steepest Descent,545,546,0.0006605126439996807,7.327208672507073e-05,0.00855991160731644
Steepest Descent,546,547,0.0007081511480359539,7.28286785137047e-05,0.008533972024427117
Steepest Descent,547,548,0.0006563272585231885,7.238808030006811e-05,0.008508118493537106
Steepest Descent,548,549,0.0007036658035406563,7.19502730477605e-05,0.008482350679367158
Steepest Descent,549,550,0.0006521717964494195,7.151523802646682e-05,0.008456668258035597
Steepest Descent,550,551,0.0006992125021283419,7.108295647823296e-05,0.008431070897473995
Steepest Descent,551,552,0.0006480459994569235,7.065340994556934e-05,0.008405558276852843
Steepest Descent,552,553,0.0006947909675292097,7.022657994443873e-05,0.008380130067274536
Steepest Descent,553,554,0.0006439496120789158,6.980244828577164e-05,0.008354785950924874
Steepest Descent,554,555,0.0006904009265215561,6.938099675500776e-05,0.008329525602038075
Steepest Descent,555,556,0.0006398823816629005,6.896220742716341e-05,0.0083043487057784
Steepest Descent,556,557,0.0006860421088881897,6.854606235279601e-05,0.00827925493947348
Steepest Descent,557,558,0.0006358440583299907,6.813254386675933e-05,0.008254243991230167
Steepest Descent,558,559,0.0006817142473735935,6.772163428044763e-05,0.008229315541431597
Steepest Descent,559,560,0.0006318343949364131,6.731331618437744e-05,0.008204469281091704
Steepest Descent,560,561,0.0006774170776425274,6.690757214657911e-05,0.008179704893611939
Steepest Descent,561,562,0.0006278531470343023,6.650438500913342e-05,0.008155022072878368
Steepest Descent,562,563,0.0006731503382386355,6.61037375925802e-05,0.008130420505274016
Steepest Descent,563,564,0.0006239000728340369,6.570561298654186e-05,0.008105899887522782
Steepest Descent,564,565,0.0006689137705439317,6.530999426001593e-05,0.00808145990895308
Steepest Descent,565,566,0.0006199749331670367,6.491686474621657e-05,0.008057100269092881
Steepest Descent,566,567,0.0006647071187393727,6.452620775862118e-05,0.008032820660180405
Steepest Descent,567,568,0.0006160774914491721,6.413800687015271e-05,0.00800862078451419
Steepest Descent,568,569,0.0006605301297657559,6.375224563486489e-05,0.007984500337207387
Steepest Descent,569,570,0.0006122075136447339,6.336890786158065e-05,0.007960459023296373
Steepest Descent,570,571,0.0006563825532854737,6.29879773410921e-05,0.007936496540734589
Steepest Descent,571,572,0.0006083647682312146,6.260943811437886e-05,0.007912612597263868
Steepest Descent,572,573,0.0006522641416447629,6.223327420520655e-05,0.007888806893644093
Steepest Descent,573,574,0.0006045490261647004,6.1859469883037e-05,0.007865079140290769
Steepest Descent,574,575,0.0006481746498367742,6.148800940090717e-05,0.00784142904073659
Steepest Descent,575,576,0.0006007600608454842,6.111887725315173e-05,0.007817856308039418
Steepest Descent,576,577,0.0006441138354653342,6.075205791844784e-05,0.007794360648471934
Steepest Descent,577,578,0.0005969976480850043,6.038753611245509e-05,0.007770941777703336
Steepest Descent,578,579,0.0006400814587089995,6.0025296535923e-05,0.007747599404713888
Steepest Descent,579,580,0.00059326156607235,5.966532412235281e-05,0.0077243332477536725
Steepest Descent,580,581,0.0006360772822863524,5.9307603791060105e-05,0.007701143018478496
Steepest Descent,581,582,0.000589551595342464,5.8952120689969304e-05,0.007678028437689541
Steepest Descent,582,583,0.0006321010714209127,5.859885995351771e-05,0.007654989219686576
Steepest Descent,583,584,0.0005858675187438877,5.824780694068961e-05,0.007632025087792204
Steepest Descent,584,585,0.0006281525938078166,5.7898946997663664e-05,0.007609135758919252
Steepest Descent,585,586,0.0005822091214077793,5.7552265691182536e-05,0.007586320958882674
Steepest Descent,586,587,0.0006242316195799273,5.72077485758435e-05,0.007563580407177774
Steepest Descent,587,588,0.0005785761907170685,5.6865381422902525e-05,0.007540913832083119
Steepest Descent,588,589,0.0006203379212756164,5.652514999211236e-05,0.007518320955646436
Steepest Descent,589,590,0.0005749685162761337,5.6187040256055924e-05,0.007495801508581716
Steepest Descent,590,591,0.0006164712738059501,5.58510381764328e-05,0.007473355215459304
Steepest Descent,591,592,0.0005713858898811771,5.5517129924021144e-05,0.0074509818094007675
Steepest Descent,592,593,0.0006126314544234631,5.518530165931875e-05,0.007428681017469975
Steepest Descent,593,594,0.0005678281054909074,5.4855539748221245e-05,0.007406452575168577
Steepest Descent,594,595,0.0006088182426906903,5.452783054692879e-05,0.007384296212025137
Steepest Descent,595,596,0.0005642949591979421,5.420216061343082e-05,0.007362211665894347
Steepest Descent,596,597,0.0006050314204495744,5.3878516496588664e-05,0.0073401986687411025
Steepest Descent,597,598,0.000560786249200511,5.355688494351396e-05,0.007318256960746456
Steepest Descent,598,599,0.0006012707717915855,5.3237252692740415e-05,0.0072963862762836515
Steepest Descent,599,600,0.0005573017757744257,5.2919606677583874e-05,0.007274586357833954
Steepest Descent,600,601,0.0005975360830277033,5.260393382331317e-05,0.007252856942151359
Steepest Descent,601,602,0.0005538413412462335,5.229022124657651e-05,0.007231197773991284
Steepest Descent,602,603,0.0005938271426593643,5.197845605649381e-05,0.007209608592461439
Steepest Descent,603,604,0.0005504047499654617,5.166862555022671e-05,0.007188089144565941
Steepest Descent,604,605,0.0005901437413499282,5.136071701790861e-05,0.007166639171739332
Steepest Descent,605,606,0.0005469918082793957,5.1054717934442754e-05,0.007145258423209251
Steepest Descent,606,607,0.0005864856718964679,5.075061576819034e-05,0.00712394664271079
Steepest Descent,607,608,0.0005436023245059257,5.044839816907158e-05,0.0071027035816702624
Steepest Descent,608,609,0.0005828527292016356,5.014805278093595e-05,0.007081528986097279
Steepest Descent,609,610,0.0005402361089084649,4.9849567426043425e-05,0.00706042260959239
Steepest Descent,610,611,0.0005792447102468788,4.9552929921039385e-05,0.00703938420041408
Steepest Descent,611,612,0.0005368929736706517,4.9258128257891546e-05,0.0070184135143130134
Steepest Descent,612,613,0.0005756614140653391,4.896515042339588e-05,0.006997510301771329
Steepest Descent,613,614,0.000533572732871794,4.86739845766407e-05,0.006976674320666022
Steepest Descent,614,615,0.0005721026417150459,4.838461887197031e-05,0.006955905323677882
Steepest Descent,615,616,0.0005302752024620115,4.8097041633052214e-05,0.006935203070786911
Steepest Descent,616,617,0.0005685681962537387,4.781124117922186e-05,0.006914567316847949
Steepest Descent,617,618,0.0005270002002387336,4.752720599622554e-05,0.006893997823920858
Steepest Descent,618,619,0.0005650578827124451,4.7244924565878275e-05,0.006873494349010426
Steepest Descent,619,620,0.0005237475458227717,4.696438553354584e-05,0.006853056656233468
Steepest Descent,620,621,0.0005615715080708551,4.66855775410523e-05,0.006832684504720842
Steepest Descent,621,622,0.0005205170606351441,4.640848939096811e-05,0.00681237766062394
Steepest Descent,622,623,0.0005581088812320671,4.6133109882696495e-05,0.006792135885176068
Steepest Descent,623,624,0.0005173085678743956,4.5859427973637035e-05,0.006771958946541025
Steepest Descent,624,625,0.0005546698129986229,4.5587432618386036e-05,0.006751846608031468
Steepest Descent,625,626,0.0005141218924937887,4.531711292683545e-05,0.006731798639801658
Steepest Descent,626,627,0.0005512541160482375,4.504845800642679e-05,0.006711814807220681
Steepest Descent,627,628,0.0005109568611792489,4.478145711724848e-05,0.006691894882411744
Steepest Descent,628,629,0.000547861604910277,4.451609951727981e-05,0.006672038632777827
Steepest Descent,629,630,0.0005078133023276674,4.425237461454734e-05,0.00665224583238979
Steepest Descent,630,631,0.0005444920959423074,4.399027181529841e-05,0.006632516250662217
Steepest Descent,631,632,0.0005046910460253618,4.3729780673278336e-05,0.006612849663592719
Steepest Descent,632,633,0.0005411454073073455,4.347089074077076e-05,0.0065932458425854825
Steepest Descent,633,634,0.000501589924026986,4.321359171505639e-05,0.006573704565544179
Steepest Descent,634,635,0.000537821358951425,4.2957873292261756e-05,0.006554225605840995
Steepest Descent,635,636,0.0004985097697343926,4.2703725311055094e-05,0.006534808743265184
Steepest Descent,636,637,0.0005345197725810812,4.2451137609249385e-05,0.006515453753135647
Steepest Descent,637,638,0.0004954504181768702,4.2200100164789334e-05,0.006496160417107119
Steepest Descent,638,639,0.000531240471641698,4.1950602955051695e-05,0.006476928512424056
Steepest Descent,639,640,0.000492411705990066,4.1702636095181886e-05,0.006457757822586867
Steepest Descent,640,641,0.0005279832812960507,4.1456189700034656e-05,0.0064386481267448255
Steepest Descent,641,642,0.0004893934713969802,4.12112540199129e-05,0.006419599210224334
Steepest Descent,642,643,0.0005247480284028094,4.096781930509815e-05,0.006400610854059021
Steepest Descent,643,644,0.0004863955541877026,4.072587593904334e-05,0.006381682845382034
Steepest Descent,644,645,0.0005215345414960526,4.048541430543911e-05,0.006362814967091146
Steepest Descent,645,646,0.00048341779570082276,4.02464249189115e-05,0.006344007008107061
Steepest Descent,646,647,0.000518342650764306,4.000889829457613e-05,0.006325258753171773
Steepest Descent,647,648,0.00048046003880375556,3.977282507629038e-05,0.006306569992974817
Steepest Descent,648,649,0.0005151721880308108,3.9538195908642593e-05,0.006287940514082698
Steepest Descent,649,650,0.0004775221278745347,3.930500156280986e-05,0.006269370108935177
Steepest Descent,650,651,0.0005120229867331306,3.907323281093466e-05,0.00625085856590394
Steepest Descent,651,652,0.0004746039087834508,3.884288054963315e-05,0.006232405679160588
Steepest Descent,652,653,0.000508894881903808,3.861393567671348e-05,0.006214011238862824
Steepest Descent,653,654,0.00047170522887463495,3.838638921238344e-05,0.006195675040896144
Steepest Descent,654,655,0.0005057877101507008,3.816023217825773e-05,0.006177396877185222
Steepest Descent,655,656,0.0004688259369484531,3.7935455716316885e-05,0.006159176545311628
Steepest Descent,656,657,0.0005027013096385403,3.771205097015656e-05,0.006141013838948464
Steepest Descent,657,658,0.00046596588324379965,3.749000920173958e-05,0.006122908557355693
Steepest Descent,658,659,0.0004996355200694324,3.726932167484583e-05,0.006104860495936481
Steepest Descent,659,660,0.0004631249194208323,3.704997976965934e-05,0.006086869455611754
Steepest Descent,660,661,0.0004965901826649743,3.683197486837741e-05,0.00606893523349668
Steepest Descent,661,662,0.00046030289854393343,3.661529846767325e-05,0.006051057632155989
Steepest Descent,662,663,0.0004935651401476425,3.639994206642076e-05,0.006033236450398803
Steepest Descent,663,664,0.0004574996750649579,3.6185897276080774e-05,0.00601547149241693
Steepest Descent,664,665,0.0004905602367231431,3.597315571049233e-05,0.005997762558695728
Steepest Descent,665,666,0.0004547151048063732,3.576170909422485e-05,0.005980109455037161
Steepest Descent,666,667,0.0004875753180626062,3.555154915440169e-05,0.005962511983585584
Steepest Descent,667,668,0.0004519490449455157,3.534266772705222e-05,0.005944969951736696
Steepest Descent,668,669,0.000484610231285177,3.513505665092601e-05,0.005927483163276469
Steepest Descent,669,670,0.00044920135399789137,3.4928707871889714e-05,0.005910051427178085
Steepest Descent,670,671,0.0004816648249409589,3.47236133386908e-05,0.005892674548852227
Steepest Descent,671,672,0.0004464718918018431,3.4519765105435766e-05,0.005875352338833456
Steepest Descent,672,673,0.0004787389489939462,3.431715522926577e-05,0.005858084604140313
Steepest Descent,673,674,0.0004437605195026258,3.411577587095711e-05,0.005840871156852983
Steepest Descent,674,675,0.0004758324548054444,3.391561919446743e-05,0.005823711805581336
Steepest Descent,675,676,0.0004410670995373484,3.371667746569485e-05,0.005806606363935379
Steepest Descent,676,677,0.00047294519511779665,3.3518942953862345e-05,0.005789554642100059
Steepest Descent,677,678,0.00043839149561937,3.3322408028469245e-05,0.005772556455199832
Steepest Descent,678,679,0.00047007702403799274,3.312706506247498e-05,0.005755611614978462
Steepest Descent,679,680,0.0004357335727238168,3.293290652748299e-05,0.0057387199380596185
Steepest Descent,680,681,0.0004672277970218518,3.273992489868691e-05,0.0057218812377300265
Steepest Descent,681,682,0.00043309319707266646,3.2548112748319694e-05,0.005705095332097413
Steepest Descent,682,683,0.000464397370858257,3.235746265233141e-05,0.005688362035975858
Steepest Descent,683,684,0.0004304702361201283,3.216796728213347e-05,0.005671681168942191
Steepest Descent,684,685,0.00046158560365381306,3.197961931297632e-05,0.005655052547322291
Steepest Descent,685,686,0.0004278645585387217,3.1792411514023856e-05,0.00563847599214751
Steepest Descent,686,687,0.0004587923548174113,3.160633665839389e-05,0.0056219513212401526
Steepest Descent,687,688,0.0004252760342046734,3.142138761159766e-05,0.005605478357071559
Steepest Descent,688,689,0.0004560174850452066,3.1237557243211046e-05,0.005589056918945364
Steepest Descent,689,690,0.0004227045341845724,3.105483851371075e-05,0.0055726868307586375
Steepest Descent,690,691,0.00045326085630597527,3.087322438774271e-05,0.005556367913281365
Steepest Descent,691,692,0.0004201499307211957,3.0692707919387305e-05,0.005540099991822106
Steepest Descent,692,693,0.0004505223318262319,3.05132821669964e-05,0.005523882888602581
Steepest Descent,693,694,0.00041761209722054155,3.0334940276914707e-05,0.00550771643032888
Steepest Descent,694,695,0.0004478017760760532,3.015767539985482e-05,0.005491600440659792
Steepest Descent,695,696,0.0004150909082377662,2.998148077310818e-05,0.005475534747685214
Steepest Descent,696,697,0.0004450990547547789,2.9806349638425727e-05,0.005459519176486674
Steepest Descent,697,698,0.00041258623946494575,2.963227532274699e-05,0.005443553556524174
Steepest Descent,698,699,0.000442414034776878,2.9459251157559275e-05,0.005427637714287798
Steepest Descent,699,700,0.00041009796771754184,2.9287270558173084e-05,0.005411771480594232
Steepest Descent,700,701,0.0004397465842584822,2.9116326944530474e-05,0.0053959546833281
Steepest Descent,701,702,0.0004076259709219725,2.8946413819055273e-05,0.00538018715464948
Steepest Descent,702,703,0.0004370965725034078,2.8777524688882344e-05,0.005364468723823669
Steepest Descent,703,704,0.00040517012810274526,2.8609653142311408e-05,0.005348799224341049
Steepest Descent,704,705,0.0004344638699900692,2.8442792772427854e-05,0.005333178486833893
Steepest Descent,705,706,0.00040273031937034345,2.8276937252188578e-05,0.005317606346109928
Steepest Descent,706,707,0.0004318483483578854,2.8112080259407194e-05,0.005302082634154921
Steepest Descent,707,708,0.0004003064259088777,2.794821555049735e-05,0.005286607187081082
Steepest Descent,708,709,0.0004292498803945298,2.778533688679854e-05,0.005271179838214453
Steepest Descent,709,710,0.00039789832996403607,2.7623438106999748e-05,0.005255800424959051
Steepest Descent,710,711,0.00042666834002291304,2.7462513054780056e-05,0.005240468781967893
Steepest Descent,711,712,0.00039550591483134966,2.7302555649941928e-05,0.005225184747924414
Steepest Descent,712,713,0.0004241036022885874,2.714355981733818e-05,0.00520994815879565
Steepest Descent,713,714,0.00039312906484427094,2.6985519556738632e-05,0.005194758854532001
Steepest Descent,714,715,0.0004215555433471963,2.6828428873022112e-05,0.005179616672401743
Steepest Descent,715,716,0.0003907676653625625,2.66722818447983e-05,0.005164521453610034
Steepest Descent,716,717,0.0004190240404520344,2.6517072555841042e-05,0.005149473036713663
Steepest Descent,717,718,0.0003884216027613938,2.6362795162490756e-05,0.00513447126416058
Steepest Descent,718,719,0.00041650897194205863,2.6209443826302315e-05,0.005119515975783483
Steepest Descent,719,720,0.0003860907644193941,2.6057012780254273e-05,0.005104607015261241
Steepest Descent,720,721,0.000414010217229808,2.590549626258692e-05,0.005089744223690117
Steepest Descent,721,722,0.0003837750387081062,2.5754888581839617e-05,0.005074927445968032
Steepest Descent,722,723,0.0004115276567894595,2.560518405185959e-05,0.0050601565244426565
Steepest Descent,723,724,0.00038147431498089426,2.5456377055687672e-05,0.005045431305219373
Steepest Descent,724,725,0.00040906117214523335,2.530846198171482e-05,0.005030751631885122
Steepest Descent,725,726,0.0003791884835619624,2.516143328644028e-05,0.005016117351741313
Steepest Descent,726,727,0.00040661064586004005,2.5015285431752236e-05,0.0050015283096022
Steepest Descent,727,728,0.0003769174357360817,2.4870012946580305e-05,0.0049869843539538305
Steepest Descent,728,729,0.00040417596152381527,2.472561036528006e-05,0.004972485330826031
Steepest Descent,729,730,0.0003746610637378227,2.4582072288199735e-05,0.004958031089878292
Steepest Descent,730,731,0.00040175700374253095,2.443939332114738e-05,0.00494362147834433
Steepest Descent,731,732,0.0003724192607414151,2.4297568134893136e-05,0.004929256347045986
Steepest Descent,732,733,0.0003993536581268627,2.4156591405698835e-05,0.0049149355444093904
Steepest Descent,733,734,0.00037019192085006414,2.4016457873775213e-05,0.004900658922407803
Steepest Descent,734,735,0.0003969658112819603,2.3877162284853757e-05,0.004886426330648377
Steepest Descent,735,736,0.0003679789390865909,2.3738699447619217e-05,0.004872237622244959
Steepest Descent,736,737,0.00039459335079569717,2.3601064176303394e-05,0.004858092647974449
Steepest Descent,737,738,0.00036578021138286635,2.3464251347113506e-05,0.004843991262080631
Steepest Descent,738,739,0.0003922361652287434,2.3328255841828548e-05,0.0048299333164991565
Steepest Descent,739,740,0.00036359563457052246,2.319307260323945e-05,0.0048159186665930566
Steepest Descent,740,741,0.00038989414410397377,2.3058696579731818e-05,0.0048019471654456814
Steepest Descent,741,742,0.00036142510637067314,2.2925122779758733e-05,0.004788018669529049
Steepest Descent,742,743,0.0003875671778961763,2.2792346217386375e-05,0.00477413303306332
Steepest Descent,743,744,0.0003592685253849431,2.266036196581959e-05,0.004760290113619083
Steepest Descent,744,745,0.00038525515802148043,2.2529165103894512e-05,0.004746489766542693
Steepest Descent,745,746,0.00035712579108587505,2.2398750768671625e-05,0.004732731850493077
Steepest Descent,746,747,0.000382957976827741,2.226911410285877e-05,0.004719016221932148
Steepest Descent,747,748,0.0003549968038071245,2.2140250306490753e-05,0.004705342740597198
Steepest Descent,748,749,0.0003806755275843172,2.2012154585262528e-05,0.004691711264055209
Steepest Descent,749,750,0.00035288146473539544,2.1884822201313027e-05,0.004678121653111752
Steepest Descent,750,751,0.00037840770447248456,2.1758248422454094e-05,0.004664573766428621
Steepest Descent,751,752,0.0003507796759001511,2.1632428572073072e-05,0.004651067465869859
Steepest Descent,752,753,0.0003761544025755767,2.1507357979240363e-05,0.004637602611181812
Steepest Descent,753,754,0.0003486913401656781,2.1383032027748375e-05,0.004624179065277249
Steepest Descent,754,755,0.00037391551786959947,2.1259446107080998e-05,0.00461079668897697
Steepest Descent,755,756,0.0003466163612215387,2.1136595660604743e-05,0.0045974553462328205
Steepest Descent,756,757,0.0003716909472137661,2.1014476137384544e-05,0.0045841548989300675
Steepest Descent,757,758,0.0003445546435742501,2.0893083039543687e-05,0.0045708952120502265
Steepest Descent,758,759,0.0003694805883410274,2.0772411874907326e-05,0.004557676148533079
Steepest Descent,759,760,0.0003425060925387358,2.0652458203548964e-05,0.004544497574380358
Steepest Descent,760,761,0.0003672843398493049,2.0533217591246587e-05,0.004531359353576648
Steepest Descent,761,762,0.0003404706142295844,2.041468565522973e-05,0.004518261353134602
Steepest Descent,762,763,0.0003651021011918629,2.029685801843394e-05,0.0045052034380740165
Steepest Descent,763,764,0.0003384481155530542,2.017973035446183e-05,0.004492185476409208
Steepest Descent,764,765,0.0003629337726689172,2.006329834262247e-05,0.004479207334185644
Steepest Descent,765,766,0.000336438504198394,1.994755771212119e-05,0.004466268880410268
Steepest Descent,766,767,0.00036077925541859457,1.9832504197867836e-05,0.004453369982144739
Steepest Descent,767,768,0.0003344416886299829,1.9718133583911097e-05,0.004440510509379647
Steepest Descent,768,769,0.00035863845140801366,1.9604441660001246e-05,0.004427690330183587
Steepest Descent,769,770,0.0003324575780791918,1.949142426428188e-05,0.00441490931552188
Steepest Descent,770,771,0.00035651126342503493,1.9379077240593548e-05,0.004402167334460782
Steepest Descent,771,772,0.0003304860825364355,1.926739648043831e-05,0.004389464258931642
Steepest Descent,772,773,0.00035439759506968515,1.9156377881008718e-05,0.0043767999589892975
Steepest Descent,773,774,0.000328527112743403,1.904601738643795e-05,0.004364174307522323
Steepest Descent,774,775,0.00035229735074546615,1.8936310946543507e-05,0.004351587175565199
Steepest Descent,775,776,0.00032658058018525594,1.8827254557374326e-05,0.004339038436955165
Steepest Descent,776,777,0.0003502104356516502,1.8718844220655604e-05,0.004326527963697403
Steepest Descent,777,778,0.00032464639708291684,1.8611075983647205e-05,0.00431405563056936
Steepest Descent,778,779,0.0003481367557745939,1.8503945899275412e-05,0.004301621310538087
Steepest Descent,779,780,0.0003227244763856352,1.839745006531601e-05,0.004289224879312812
Steepest Descent,780,781,0.0003460762178799494,1.8291584585201042e-05,0.004276866210813829
Steepest Descent,781,782,0.0003208147317635188,1.8186345606537405e-05,0.004264545181673821
Steepest Descent,782,783,0.0003440287295046822,1.8081729282576665e-05,0.004252261666757663
Steepest Descent,783,784,0.0003189170776002415,1.7977731810082647e-05,0.00424001554361333
Steepest Descent,784,785,0.0003419941989489364,1.787434939145104e-05,0.004227806688041807
Steepest Descent,785,786,0.0003170314289856536,1.7771578271937113e-05,0.004215634978498152
Steepest Descent,786,787,0.0003399725352689235,1.7669414702415176e-05,0.004203500291711085
Steepest Descent,787,788,0.00031515770170844454,1.756785497597731e-05,0.004191402507034764
Steepest Descent,788,789,0.0003379636482684527,1.7466895391319623e-05,0.004179341502117244
Steepest Descent,789,790,0.0003132958122495919,1.7366532288725723e-05,0.0041673171572038665
Steepest Descent,790,791,0.0003359674484921793,1.72667620140673e-05,0.004155329350853829
Steepest Descent,791,792,0.00031144567777489283,1.716758095418318e-05,0.0041433779641957815
Steepest Descent,792,793,0.0003339838472171246,1.7068985501483293e-05,0.004131462876691898
Steepest Descent,793,794,0.0003096072161282764,1.6970972088734756e-05,0.00411958397034637
Steepest Descent,794,795,0.00033201275644643703,1.687353715425859e-05,0.004107741125516381
Steepest Descent,795,796,0.00030778034582501984,1.6776677176131806e-05,0.004095934225073909
Steepest Descent,796,797,0.0003300540889012421,1.6680388637967402e-05,0.0040841631502631474
Steepest Descent,797,798,0.00030596498604471716,1.658466806254406e-05,0.004072427784816333
Steepest Descent,798,799,0.0003281077580138459,1.6489511978157092e-05,0.004060728010856808
Steepest Descent,799,800,0.0003041610566249284,1.6394916951686373e-05,0.004049063712969502
Steepest Descent,800,801,0.00032617367792058736,1.630087955550863e-05,0.004037434774149129
Steepest Descent,801,802,0.00030236847805468234,1.6207396400013494e-05,0.004025841079825866
Steepest Descent,802,803,0.00032425176345461985,1.6114464101067254e-05,0.004014282513858143
Steepest Descent,803,804,0.0003005871714676098,1.6022079311986256e-05,0.004002758962514012
Steepest Descent,804,805,0.00032234193013932116,1.5930238691542312e-05,0.00399127031050796
Steepest Descent,805,806,0.0002988170586359288,1.583893893540445e-05,0.0039798164449386915
Steepest Descent,806,807,0.0003204440941811264,1.5748176744674542e-05,0.00396839725136919
Steepest Descent,807,808,0.0002970580619637525,1.5657948856807917e-05,0.003957012617721595
Steepest Descent,808,809,0.0003185581724628961,1.5568252014669977e-05,0.0039456624303999925
Steepest Descent,809,810,0.00029531010448127234,1.5479082996944006e-05,0.003934346578142805
Steepest Descent,810,811,0.00031668408253731137,1.539043858770007e-05,0.003923064948187841
Steepest Descent,811,812,0.00029357310983820775,1.530231560629929e-05,0.00391181743008276
Steepest Descent,812,813,0.00031482174262008236,1.52147108774657e-05,0.003900603911891811
Steepest Descent,813,814,0.0002918470022978386,1.5127621260695977e-05,0.003889424283964913
Steepest Descent,814,815,0.00031297107158365464,1.5041043620825378e-05,0.0038782784351855627
Steepest Descent,815,816,0.0002901317067310728,1.4954974856951615e-05,0.0038671662566990336
Steepest Descent,816,817,0.00031113198895058486,1.4869411873486029e-05,0.00385608763820093
Steepest Descent,817,818,0.00028842714861027427,1.4784351608600555e-05,0.0038450424716250605
Steepest Descent,818,819,0.000309304414887196,1.4699791005755067e-05,0.003834030647472065
Steepest Descent,819,820,0.00028673325400374285,1.4615727041676596e-05,0.0038230520584575612
Steepest Descent,820,821,0.00030748827019756606,1.4532156698353663e-05,0.003812106595880244
Steepest Descent,821,822,0.00028504994956938867,1.44490769905562e-05,0.0038011941532308234
Steepest Descent,822,823,0.0003056834763169557,1.4366484938289185e-05,0.0037903146225991826
Steepest Descent,823,824,0.0002833771625494496,1.4284377593860675e-05,0.003779467898244497
Steepest Descent,824,825,0.0003038899553057221,1.4202752014786821e-05,0.0037686538730409853
Steepest Descent,825,826,0.0002817148207646634,1.4121605290416614e-05,0.003757872442009789
Steepest Descent,826,827,0.00030210762984352827,1.4040934515279423e-05,0.003747123498802704
Steepest Descent,827,828,0.00028006285260878764,1.3960736815274269e-05,0.0037364069391963004
Steepest Descent,828,829,0.00030033642322310354,1.3881009321453333e-05,0.0037257226576133296
Steepest Descent,829,830,0.0002784211870425675,1.380174919578215e-05,0.003715070550579376
Steepest Descent,830,831,0.0002985762593443783,1.372295360535146e-05,0.003704450513281485
Steepest Descent,831,832,0.00027678975358902896,1.3644619747717003e-05,0.0036938624429879627
Steepest Descent,832,833,0.0002968270627088013,1.3566744825530933e-05,0.003683306235643587
Steepest Descent,833,834,0.00027516848232753604,1.3489326071469402e-05,0.003672781789253127
Steepest Descent,834,835,0.00029508875841323726,1.341236072327558e-05,0.0036622890005126
Steepest Descent,835,836,0.0002735573038884943,1.3335846048282497e-05,0.003651827768156994
Steepest Descent,836,837,0.00029336127214457875,1.3259779318861205e-05,0.003641397989627226
Steepest Descent,837,838,0.0002719561494482813,1.3184157836544713e-05,0.0036309995643823353
Steepest Descent,838,839,0.0002916445301739718,1.310897890787467e-05,0.0036206323906017674
Steepest Descent,839,840,0.00027036495072400017,1.3034239868134047e-05,0.003610296368462573
Steepest Descent,840,841,0.0002899384593512513,1.2959938057584313e-05,0.00359999139687643
Steepest Descent,841,842,0.0002687836399682303,1.2886070844814353e-05,0.0035897173767323732
Steepest Descent,842,843,0.0002882429870993458,1.2812635603361371e-05,0.0035794742076681275
Steepest Descent,843,844,0.00026721214996376896,1.2739629734682267e-05,0.003569261791278733
Steepest Descent,844,845,0.0002865580414090038,1.2667050645152093e-05,0.003559080027921835
Steepest Descent,845,846,0.0002656504140190615,1.2594895768664214e-05,0.00354892881989259
Steepest Descent,846,847,0.00028488355083326815,1.252316254399927e-05,0.00353880806826243
Steepest Descent,847,848,0.000264098365962817,1.2451848437061804e-05,0.0035287176760208233
Steepest Descent,848,849,0.0002832194444823452,1.2380950918612641e-05,0.0035186575449470273
Steepest Descent,849,850,0.00026255594013940115,1.2310467486147504e-05,0.0035086275787189927
Steepest Descent,850,851,0.00028156565201800356,1.2240395641987545e-05,0.0034986276798178373
Steepest Descent,851,852,0.0002610230714034666,1.2170732914806003e-05,0.003488657752604288
Steepest Descent,852,853,0.0002799221036488143,1.2101476838070358e-05,0.0034787177002554197
Steepest Descent,853,854,0.0002594996951159727,1.203262497122378e-05,0.0034688074278091275
Steepest Descent,854,855,0.0002782887301246999,1.196417487847159e-05,0.0034589268391325635
Steepest Descent,855,856,0.00025798574713850587,1.1896124149624408e-05,0.003449075839935157
Steepest Descent,856,857,0.00027666546273197464,1.1828470379223433e-05,0.0034392543347684297
Steepest Descent,857,858,0.0002564811638293395,1.1761211187050137e-05,0.003429462230007809
Steepest Descent,858,859,0.0002750522332883475,1.1694344197584433e-05,0.0034196994308834266
Steepest Descent,859,860,0.000254985882038559,1.162786706018738e-05,0.0034099658444311986
Steepest Descent,860,861,0.0002734489741378205,1.1561777428886699e-05,0.003400261376554264
Steepest Descent,861,862,0.000253499839103208,1.1496072982237248e-05,0.003390585934943582
Steepest Descent,862,863,0.0002718556181461071,1.1430751403428654e-05,0.003380939426169693
Steepest Descent,863,864,0.0002520229728429661,1.13658103998292e-05,0.0033713217585732156
Steepest Descent,864,865,0.00027027209869537165,1.1301247683409836e-05,0.0033617328393865317
Steepest Descent,865,866,0.0002505552215559966,1.1237060989977585e-05,0.0033521725775946536
Steepest Descent,866,867,0.0002686983496798442,1.1173248059909297e-05,0.003342640881086285
Steepest Descent,867,868,0.0002490965240139202,1.1109806657080742e-05,0.0033331376594855394
Steepest Descent,868,869,0.00026713430550077353,1.1046734549904792e-05,0.00332366282133203
Steepest Descent,869,870,0.00024764681945777385,1.0984029529961184e-05,0.0033142162768837495
Steepest Descent,870,871,0.000265579901061917,1.0921689393334248e-05,0.0033047979353258874
Steepest Descent,871,872,0.0002462060475936999,1.0859711958947479e-05,0.003295407707545074
Steepest Descent,872,873,0.00026403507176477785,1.0798095050197097e-05,0.0032860455033667892
Steepest Descent,873,874,0.00024477414858851265,1.0736836512995837e-05,0.0032767112343012215
Steepest Descent,874,875,0.00026249975350417753,1.0675934197696596e-05,0.0032674048108088157
Steepest Descent,875,876,0.00024335106306575953,1.0615385976851823e-05,0.0032581261450183017
Steepest Descent,876,877,0.0002609738826636919,1.0555189727420935e-05,0.00324887514801984
Steepest Descent,877,878,0.00024193673210097343,1.0495343348250973e-05,0.003239651732555673
Steepest Descent,878,879,0.0002594573961112007,1.0435844742563078e-05,0.0032304558103405587
Steepest Descent,879,880,0.00024053109721826126,1.0376691835158495e-05,0.003221287294725277
Steepest Descent,880,881,0.0002579502311942101,1.0317882555179694e-05,0.003212146098044062
Steepest Descent,881,882,0.00023913410038567105,1.0259414853046468e-05,0.0032030321342513047
Steepest Descent,882,883,0.0002564523257360221,1.0201286683487086e-05,0.0031939453162956755
Steepest Descent,883,884,0.00023774568401140045,1.0143496022208895e-05,0.003184885558730312
Steepest Descent,884,885,0.0002549636180308899,1.008604084919477e-05,0.003175852775113287
Steepest Descent,885,886,0.0002363657909394208,1.0028919165113088e-05,0.003166846880591653
Steepest Descent,886,887,0.0002534840468398842,9.97212897487512e-06,0.00315786778932797
Steepest Descent,887,888,0.00023499436444638242,9.915668303788204e-06,0.00314891541705842
Steepest Descent,888,889,0.00025201355138679564,9.859535181369866e-06,0.0031399896785451165
Steepest Descent,889,890,0.00023363134823684757,9.803727657248867e-06,0.0031310904901086564
Steepest Descent,890,891,0.0002505520713538925,9.748243785231477e-06,0.003122217767105856
Steepest Descent,891,892,0.0002322766864397583,9.693081638954513e-06,0.0031133714264370243
Steepest Descent,892,893,0.0002490995468777341,9.638239296199734e-06,0.0031045513840488666
Steepest Descent,893,894,0.00023093032360450128,9.583714854303225e-06,0.003095757557416799
Steepest Descent,894,895,0.00024765591854518333,9.529506414713134e-06,0.003086989863072623
Steepest Descent,895,896,0.00022959220469738324,9.475612098160093e-06,0.0030782482190622787
Steepest Descent,896,897,0.00024622112738913974,9.42203002945392e-06,0.0030695325424979483
Steepest Descent,897,898,0.00022826227509776972,9.368758352419058e-06,0.003060842751991526
Steepest Descent,898,899,0.0002447951148849867,9.31579521492656e-06,0.003052178765230922
Steepest Descent,899,900,0.00022694048059417139,9.263138783598154e-06,0.0030435405013894846
Steepest Descent,900,901,0.0002433778229459921,9.21078722906965e-06,0.0030349278787262226
Steepest Descent,901,902,0.00022562676738071828,9.158738740467517e-06,0.003026340816971465
Steepest Descent,902,903,0.00024196919392002901,9.106991510899862e-06,0.0030177792349507376
Steepest Descent,903,904,0.00022432108205385054,9.055543751709546e-06,0.0030092430529469606
Steepest Descent,904,905,0.0002405691705853455,9.004393678188231e-06,0.0030007321903475874
Steepest Descent,905,906,0.00022302337160823757,8.953539523610787e-06,0.002992246567983793
Steepest Descent,906,907,0.00023917769614698766,8.902979525168102e-06,0.002983786105800498
Steepest Descent,907,908,0.00022173358343356665,8.852711937785798e-06,0.0029753507251727143
Steepest Descent,908,909,0.00023779471423248036,8.80273502027368e-06,0.0029669403465984417
Steepest Descent,909,910,0.0002204516653109059,8.753047048931192e-06,0.0029585548919922357
Steepest Descent,910,911,0.00023642016888882812,8.703646303909834e-06,0.0029501942824007085
Steepest Descent,911,912,0.0002191775654095261,8.654531082610017e-06,0.0029418584402737696
Steepest Descent,912,913,0.000235054004578264,8.60569968625182e-06,0.002933547287202273
Steepest Descent,913,914,0.00021791123228290723,8.557150433066926e-06,0.002925260746167241
Steepest Descent,914,915,0.00023369616617481087,8.508881645074757e-06,0.0029169987392994798
Steepest Descent,915,916,0.0002166526148658415,8.460891661072303e-06,0.0029087611901069334
Steepest Descent,916,917,0.0002323465989605923,8.413178823612558e-06,0.002900548021256079
Steepest Descent,917,918,0.00021540166247108119,8.365741491795626e-06,0.0028923591567776683
Steepest Descent,918,919,0.00023100524862227826,8.318578028445728e-06,0.0028841945198695815
Steepest Descent,919,920,0.00021415832478558424,8.271686812707538e-06,0.002876054035081319
Steepest Descent,920,921,0.00022967206124768395,8.22506622741767e-06,0.0028679376261379307
Steepest Descent,921,922,0.0002129225518676086,8.178714671510113e-06,0.0028598452181036143
Steepest Descent,922,923,0.00022834698332189191,8.132630547578966e-06,0.0028517767352264738
Steepest Descent,923,924,0.00021169429414349874,8.08681227409546e-06,0.0028437321030813467
Steepest Descent,924,925,0.0002270299617240906,8.041258273159627e-06,0.002835711246435297
Steepest Descent,925,926,0.0002104735024043456,7.995966982531249e-06,0.002827714091369785
Steepest Descent,926,927,0.00022572094372410838,7.950936843567934e-06,0.0028197405631667487
Steepest Descent,927,928,0.00020926012780272555,7.906166313073328e-06,0.002811790588410404
Steepest Descent,928,929,0.00022441987697884686,7.861653851417433e-06,0.00280386409289349
Steepest Descent,929,930,0.0002080541218497622,7.817397934205788e-06,0.0027959610036990476
Steepest Descent,930,931,0.0002231267095291223,7.773397040579044e-06,0.0027880812471266047
Steepest Descent,931,932,0.00020685543641174809,7.72964966470616e-06,0.0027802247507541828
Steepest Descent,932,933,0.00022184138979631463,7.686154304259991e-06,0.002772391441384133
Steepest Descent,933,934,0.00020566402370748987,7.642909471737518e-06,0.002764581247085626
Steepest Descent,934,935,0.0002205638665789375,7.599913683108469e-06,0.0027567940951598955
Steepest Descent,935,936,0.00020447983630475424,7.557165468965612e-06,0.0027490299141634694
Steepest Descent,936,937,0.0002192940890493791,7.5146633633436536e-06,0.002741288631892609
Steepest Descent,937,938,0.0002033028271177742,7.47240591470171e-06,0.002733570177387387
Steepest Descent,938,939,0.00021803200675097763,7.430391674910363e-06,0.002725874478935221
Steepest Descent,939,940,0.00020213294940385287,7.388619210069336e-06,0.002718201466056064
Steepest Descent,940,941,0.00021677756959448887,7.347087089659079e-06,0.002710551067524661
Steepest Descent,941,942,0.00020097015676048458,7.305793897196535e-06,0.002702923213337096
Steepest Descent,942,943,0.00021553072785500887,7.2647382195493906e-06,0.0026953178327517127
Steepest Descent,943,944,0.0001998144031228424,7.223918657431738e-06,0.0026877348562370762
Steepest Descent,944,945,0.00021429143216905662,7.1833338148781635e-06,0.0026801742135313077
Steepest Descent,945,946,0.00019866564276043106,7.1429823095830595e-06,0.002672635835571891
Steepest Descent,946,947,0.00021305963353138513,7.102862762530896e-06,0.002665119652573012
Steepest Descent,947,948,0.0001975238302741343,7.062973808181918e-06,0.0026576255959374555
Steepest Descent,948,949,0.0002118352832915797,7.023314084256481e-06,0.002650153596351819
Steepest Descent,949,950,0.00019638892059402072,6.983882241769072e-06,0.0026427035856805945
Steepest Descent,950,951,0.00021061833315172296,6.944676934964725e-06,0.0026352754950791624
Steepest Descent,951,952,0.0001952608689759688,6.9056968312036604e-06,0.0026278692568702236
Steepest Descent,952,953,0.00020940873516283877,6.866940601046941e-06,0.0026204848026742953
Steepest Descent,953,954,0.00019413963099899298,6.828406927994585e-06,0.002613122065268782
Steepest Descent,954,955,0.0002082064417220662,6.790094498718162e-06,0.0026057809767357962
Steepest Descent,955,956,0.0001930251625628827,6.752002012654357e-06,0.0025984614703039866
Steepest Descent,956,957,0.00020701140556985342,6.714128172382073e-06,0.002591163478513479
Steepest Descent,957,958,0.00019191741988509414,6.676471693074369e-06,0.0025838869350407667
Steepest Descent,958,959,0.00020582357978693252,6.639031293017092e-06,0.002576631772880458
Steepest Descent,959,960,0.00019081635949797114,6.601805702921764e-06,0.0025693979261534722
Steepest Descent,960,961,0.0002046429177915182,6.564793656583853e-06,0.0025621853283054785
Steepest Descent,961,962,0.00018972193824666825,6.527993900057935e-06,0.0025549939138984137
Steepest Descent,962,963,0.0002034693733365072,6.491405182454032e-06,0.002547823616825551
Steepest Descent,963,964,0.000188634113285859,6.455026264977253e-06,0.0025406743720865236
Steepest Descent,964,965,0.0002023029005064444,6.4188559118596846e-06,0.0025335461140187847
Steepest Descent,965,966,0.0001875528420775662,6.382892899266957e-06,0.0025264387780563682
Steepest Descent,966,967,0.00020114345371515814,6.34713600636323e-06,0.0025193522989775032
Steepest Descent,967,968,0.00018647808238848954,6.311584024087143e-06,0.0025122866126473594
Steepest Descent,968,969,0.00019999098770236736,6.2762357463475215e-06,0.002505241654281583
Steepest Descent,969,970,0.0001854097922872647,6.241089978670779e-06,0.002498217360173205
Steepest Descent,970,971,0.0001988454575317167,6.206145529525653e-06,0.002491213665972
Steepest Descent,971,972,0.00018434793014233014,6.171401218843669e-06,0.0024842305083956416
Steepest Descent,972,973,0.00019770681858743158,6.136855869470808e-06,0.0024772678235247007
Steepest Descent,973,974,0.00018329245461901574,6.102508315563579e-06,0.0024703255484983307
Steepest Descent,974,975,0.00019657502657204062,6.068357394165035e-06,0.0024634036198246186
Steepest Descent,975,976,0.0001822433246772822,6.034401953478792e-06,0.0024565019750610404
Steepest Descent,976,977,0.00019545003750337647,6.0006408445673945e-06,0.002449620551139991
Steepest Descent,977,978,0.00018120049956939512,5.967072929505761e-06,0.0024427592860340862
Steepest Descent,978,979,0.00019433180771259205,5.933697073200582e-06,0.0024359181170968336
Steepest Descent,979,980,0.00018016393883705476,5.900512151424967e-06,0.00242909698271291
Steepest Descent,980,981,0.0001932202938407283,5.867517042756564e-06,0.0024222958206537373
Steepest Descent,981,982,0.00017913360230948164,5.83471063649565e-06,0.002415514569712973
Steepest Descent,982,983,0.0001921154528368615,5.802091824720071e-06,0.0024087531680768103
Steepest Descent,983,984,0.00017810945010101795,5.769659510088493e-06,0.0024020115549448326
Steepest Descent,984,985,0.00019101724195504986,5.737412598010321e-06,0.002395289668914873
Steepest Descent,985,986,0.00017709144260827727,5.7053500043361145e-06,0.002388587449589425
Steepest Descent,986,987,0.00018992561875224692,5.673470647640521e-06,0.0023819048359748803
Steepest Descent,987,988,0.00017607954050825617,5.641773456801539e-06,0.002375241768073629
Steepest Descent,988,989,0.00018884054108552162,5.610257363394828e-06,0.002368598185297546
Steepest Descent,989,990,0.0001750737047561279,5.578921309163648e-06,0.0023619740280459577
Steepest Descent,990,991,0.0001877619671096486,5.547764238522677e-06,0.0023553692361331963
Steepest Descent,991,992,0.00017407389658255333,5.5167851059202335e-06,0.0023487837503525593
Steepest Descent,992,993,0.00018668985527472068,5.485982868450049e-06,0.0023422175109178156
Steepest Descent,993,994,0.0001730800774916341,5.455356493107659e-06,0.0023356704590133553
Steepest Descent,994,995,0.0001856241643236598,5.424904949507798e-06,0.002329142535249356
Steepest Descent,995,996,0.00017209220925879816,5.39462721703724e-06,0.0023226336811984017
Steepest Descent,996,997,0.00018456485329010388,5.364522277676179e-06,0.0023161438378641727
Steepest Descent,997,998,0.000171110253928505,5.334589123048503e-06,0.0023096729472045392
Steepest Descent,998,999,0.00018351188149540146,5.304826747346078e-06,0.002303220950613744
Steepest Descent,999,1000,0.00017013417381166394,5.2752341542779944e-06,0.0022967877904321054
Steepest Descent,1000,1001,0.00018246520854700693,5.245810350096107e-06,0.0022903734084415376
Steepest Descent,1001,1002,0.0001691639314842623,5.216554350444695e-06,0.002283977747361978
Steepest Descent,1002,1003,0.00018142479433565668,5.187465173485806e-06,0.0022776007493601255
Steepest Descent,1003,1004,0.00016819948978449105,5.1585418466509315e-06,0.0022712423575327514
Steepest Descent,1004,1005,0.0001803905990333582,5.12978339986441e-06,0.0022649025144284704
Steepest Descent,1005,1006,0.0001672408118110009,5.101188872198883e-06,0.002258581163518124
Steepest Descent,1006,1007,0.0001793625830909469,5.07275730519506e-06,0.00225227824772941
Steepest Descent,1007,1008,0.00016628786092048588,5.0444877494225535e-06,0.0022459937109044967
Steepest Descent,1008,1009,0.0001783407072357055,5.016379257894445e-06,0.002239727496347367
Steepest Descent,1009,1010,0.0001653406007260825,4.988430892534869e-06,0.00223347954826877
Steepest Descent,1010,1011,0.00017732493246959004,4.960641717687135e-06,0.002227249810346189
Steepest Descent,1011,1012,0.00016439899509485952,4.933010806489513e-06,0.00222103822715628
Steepest Descent,1012,1013,0.0001763152200665124,4.905537234475236e-06,0.0022148447427472735
Steepest Descent,1013,1014,0.00016346300814593307,4.878220085857904e-06,0.0022086693020590257
Steepest Descent,1014,1015,0.00017531153157042552,4.851058447222223e-06,0.002202511849507789
Steepest Descent,1015,1016,0.00016253260424844195,4.824051413720292e-06,0.002196372330393982
Steepest Descent,1016,1017,0.0001743138287931062,4.797198082851417e-06,0.0021902506894991305
Steepest Descent,1017,1018,0.00016160774801952889,4.770497560571274e-06,0.002184146872481627
Steepest Descent,1018,1019,0.00017332207381204706,4.743948955158904e-06,0.0021780608244856025
Steepest Descent,1019,1020,0.00016068840432252165,4.7175513832399076e-06,0.0021719924915247534
Steepest Descent,1020,1021,0.00017233622896811846,4.691303963739973e-06,0.0021659418191031753
Steepest Descent,1021,1022,0.0001597745382644556,4.66520582382295e-06,0.0021599087535872784
Steepest Descent,1022,1023,0.0001713562568637536,4.639256092929752e-06,0.002153893240838494
Steepest Descent,1023,1024,0.00015886611519471723,4.613453908632596e-06,0.002147895227573402
Steepest Descent,1024,1025,0.00017038212036059208,4.587798410757687e-06,0.002141914660008117
Steepest Descent,1025,1026,0.00015796310070292444,4.562288747157353e-06,0.002135951485206851
Steepest Descent,1026,1027,0.00016941378257790256,4.53692406791501e-06,0.0021300056497378147
Steepest Descent,1027,1028,0.0001570654606167326,4.511703531036468e-06,0.002124077101010335
Steepest Descent,1028,1029,0.0001684512068896777,4.486626296735892e-06,0.0021181657859421416
Steepest Descent,1029,1030,0.000156173161000282,4.4616915330475445e-06,0.0021122716522851753
Steepest Descent,1030,1031,0.00016749435692348477,4.436898410191486e-06,0.002106394647304129
Steepest Descent,1031,1032,0.00015528616815224465,4.412246106107023e-06,0.002100534719091075
Steepest Descent,1032,1033,0.0001665431965578736,4.387733800896967e-06,0.0020946918152551625
Steepest Descent,1033,1034,0.00015440444860387415,4.363360682283832e-06,0.0020888658842261347
Steepest Descent,1034,1035,0.00016559768992087216,4.3391259401314826e-06,0.002083056873955073
Steepest Descent,1035,1036,0.0001535279691172385,4.3150287718253155e-06,0.0020772647332069436
Steepest Descent,1036,1037,0.0001646578013873393,4.29106837687029e-06,0.002071489410272302
Steepest Descent,1037,1038,0.00015265669668323333,4.267243962196001e-06,0.002065730854248927
Steepest Descent,1038,1039,0.00016372349557773925,4.24355473682978e-06,0.0020599890137643403
Steepest Descent,1039,1040,0.00015179059852021693,4.21999991712837e-06,0.0020542638382467743
Steepest Descent,1040,1041,0.00016279473735583903,4.1965787215244624e-06,0.0020485552766582754
Steepest Descent,1041,1042,0.00015092964207159154,4.173290375686135e-06,0.002042863278755124
Steepest Descent,1042,1043,0.00016187149182669844,4.150134107336028e-06,0.0020371877938314934
Steepest Descent,1043,1044,0.00015007379500457676,4.127109151339266e-06,0.0020315287719693425
Steepest Descent,1044,1045,0.00016095372433508754,4.10421474459436e-06,0.002025886162792559
Steepest Descent,1045,1046,0.00014922302520807348,4.081450131050866e-06,0.0020202599167064785
Steepest Descent,1046,1047,0.00016004140046331128,4.058814556670533e-06,0.002014649983662307
Steepest Descent,1047,1048,0.0001483773007913302,4.03630727437584e-06,0.0020090563143863936
Steepest Descent,1048,1049,0.00015913448602949574,4.013927539080845e-06,0.002003478859154956
Steepest Descent,1049,1050,0.00014753659008185684,3.991674612571125e-06,0.001997917569013077
Steepest Descent,1050,1051,0.00015823294708573803,3.969547758603051e-06,0.001992372394559574
Steepest Descent,1051,1052,0.00014670086162369594,3.947546247716892e-06,0.001986843287156008
Steepest Descent,1052,1053,0.00015733674991633362,3.925669352403201e-06,0.001981330197721521
Steepest Descent,1053,1054,0.00014587008417605757,3.903916351849608e-06,0.00197583307793184
Steepest Descent,1054,1055,0.00015644586103580785,3.882286527173863e-06,0.0019703518790241156
Steepest Descent,1055,1056,0.0001450442267113961,3.8607791661054145e-06,0.0019648865529860535
Steepest Descent,1056,1057,0.00015556024718714633,3.8393935582835745e-06,0.001959437051370514
Steepest Descent,1057,1058,0.00014422325841385294,3.818128999875109e-06,0.0019540033264749345
Steepest Descent,1058,1059,0.00015467987534028134,3.79698478893671e-06,0.0019485853301656332
Steepest Descent,1059,1060,0.0001434071486775479,3.77596022996936e-06,0.0019431830150475687
Steepest Descent,1060,1061,0.00015380471269006726,3.7550546293442472e-06,0.0019377963332982769
Steepest Descent,1061,1062,0.00014259586710512154,3.734267299794907e-06,0.0019324252378280788
Steepest Descent,1062,1063,0.0001529347266543518,3.7135975559052703e-06,0.001927069681123459
Steepest Descent,1063,1064,0.00014178938350565862,3.693044718540934e-06,0.0019217296163979295
Steepest Descent,1064,1065,0.0001520698848729783,3.6726081103983958e-06,0.0019164049964447481
Steepest Descent,1065,1066,0.0001409876678937464,3.65228706037606e-06,0.001911095774778454
Steepest Descent,1066,1067,0.00015121015520504409,3.6320808991839355e-06,0.00190580190449688
Steepest Descent,1067,1068,0.00014019069048729012,3.611988963655292e-06,0.0019005233394134605
Steepest Descent,1068,1069,0.00015035550572841454,3.5920105924159516e-06,0.0018952600329284507
Steepest Descent,1069,1070,0.0001393984217065455,3.5721451301373007e-06,0.0018900119391520522
Steepest Descent,1070,1071,0.00014950590473666625,3.5523919232643786e-06,0.001884779011784771
Steepest Descent,1071,1072,0.0001386108321718472,3.532750324211233e-06,0.001879561205231485
Steepest Descent,1072,1073,0.0001486613207386473,3.5132196871468836e-06,0.0018743584734908323
Steepest Descent,1073,1074,0.00013782789270268717,3.4937993721337623e-06,0.0018691707712602831
Steepest Descent,1074,1075,0.0001478217224561458,3.474488740970702e-06,0.0018639980528344716
Steepest Descent,1075,1076,0.00013704957431584549,3.4552871612755234e-06,0.0018588402732014181
Steepest Descent,1076,1077,0.00014698707882248463,3.436194002383905e-06,0.001853697386949635
Steepest Descent,1077,1078,0.0001362758482241601,3.417208639377106e-06,0.0018485693493556323
Steepest Descent,1078,1079,0.00014615735898076124,3.3983304490360133e-06,0.0018434561152997414
Steepest Descent,1079,1080,0.0001355066858345196,3.3795588138146015e-06,0.001838357640344936
Steepest Descent,1080,1081,0.00014533253228243349,3.3608931178483596e-06,0.0018332738796612903
Steepest Descent,1081,1082,0.0001347420587470616,3.3423327508743173e-06,0.0018282047890962098
Steepest Descent,1082,1083,0.00014451256828555668,3.3238771042931687e-06,0.0018231503241074689
Steepest Descent,1083,1084,0.00013398193875302546,3.3055255750365898e-06,0.0018181104408249214
Steepest Descent,1084,1085,0.00014369743675328702,3.2872775616821848e-06,0.0018130850949920096
Steepest Descent,1085,1086,0.00013322629783392778,3.269132468268875e-06,0.00180807424301904
Steepest Descent,1086,1087,0.00014288710765228066,3.25108970046396e-06,0.0018030778409330974
Steepest Descent,1087,1088,0.00013247510815954342,3.2331486693274624e-06,0.0017980958454230024
Steepest Descent,1088,1089,0.0001420815511513313,3.2153087875302246e-06,0.0017931282127974632
Steepest Descent,1089,1090,0.0001317283420868375,3.1975694730682016e-06,0.0017881749000218633
Steepest Descent,1090,1091,0.0001412807376194782,3.179930145530845e-06,0.0017832358636845672
Steepest Descent,1091,1092,0.00013098597215840404,3.1623902297659092e-06,0.0017783110610255755
Steepest Descent,1092,1093,0.00014048463762479185,3.1449491521974685e-06,0.0017734004489109243
Steepest Descent,1093,1094,0.00013024797110122,3.127606344442127e-06,0.0017685039848533356
Steepest Descent,1094,1095,0.00013969322193271491,3.110361239675751e-06,0.0017636216259945758
Steepest Descent,1095,1096,0.00012951431182496803,3.0932132762016643e-06,0.0017587533301181447
Steepest Descent,1096,1097,0.0001389064615046832,3.076161893865783e-06,0.0017538990546396285
Steepest Descent,1097,1098,0.00012878496742090123,3.0592065375772095e-06,0.0017490587576114212
Steepest Descent,1098,1099,0.00013812432749639867,3.042346653771089e-06,0.0017442323967210014
Steepest Descent,1099,1100,0.00012805991116035946,3.0255816938823803e-06,0.0017394199302877898
Steepest Descent,1100,1101,0.00013734679125682552,3.0089111108555655e-06,0.001734621316269221
Steepest Descent,1101,1102,0.00012733911649345008,2.992334362572626e-06,0.0017298365132499159
Steepest Descent,1102,1103,0.00013657382432635595,2.975850908408632e-06,0.0017250654794553834
Steepest Descent,1103,1104,0.00012662255704752297,2.959460212614543e-06,0.0017203081737335734
Steepest Descent,1104,1105,0.000135805398435269,2.9431617409182724e-06,0.0017155645545762106
Steepest Descent,1105,1106,0.00012591020662634848,2.9269549638627843e-06,0.0017108345810927436
Steepest Descent,1106,1107,0.00013504148550278587,2.910839353451997e-06,0.001706118212039247
Steepest Descent,1107,1108,0.00012520203920807614,2.894814386444878e-06,0.001701415406784856
Steepest Descent,1108,1109,0.00013428205763515901,2.878879541045504e-06,0.001696726124348153
Steepest Descent,1109,1110,0.00012449802894465027,2.863034300153798e-06,0.0016920503243561635
Steepest Descent,1110,1111,0.00013352708712458937,2.847278148099083e-06,0.001687387966088144
Steepest Descent,1111,1112,0.0001237981501598616,2.8316105738480924e-06,0.001682739009427217
Steepest Descent,1112,1113,0.0001327765464476705,2.81603106778145e-06,0.0016781034139115053
Steepest Descent,1113,1114,0.00012310237734855406,2.800539124859487e-06,0.001673481139678451
Steepest Descent,1114,1115,0.00013203040826415178,2.7851342414411333e-06,0.0016688721465232539
Steepest Descent,1115,1116,0.0001224106851750974,2.7698159184080845e-06,0.001664276394835931
Steepest Descent,1116,1117,0.00013128864541542872,2.7545836580253073e-06,0.0016596938446669335
Steepest Descent,1117,1118,0.00012172304847202491,2.7394369670245414e-06,0.0016551244566571244
Steepest Descent,1118,1119,0.00013055123092324135,2.724375353505652e-06,0.0016505681911104587
Steepest Descent,1119,1120,0.00012103944223916557,2.709398329979817e-06,0.0016460250089168804
Steepest Descent,1120,1121,0.00012981813798830234,2.6945054103114885e-06,0.001641494870632098
Steepest Descent,1121,1122,0.00012035984164210236,2.6796961127217655e-06,0.0016369777373934457
Steepest Descent,1122,1123,0.00012908933998917287,2.664969956770138e-06,0.0016324735700066135
Steepest Descent,1123,1124,0.00011968422201090533,2.650326466318937e-06,0.0016279823298546387
Steepest Descent,1124,1125,0.0001283648104806379,2.635765166554124e-06,0.001623503977991469
Steepest Descent,1125,1126,0.00011901255883920877,2.621285586911257e-06,0.001619038476044117
Steepest Descent,1126,1127,0.00012764452319246112,2.606887258135129e-06,0.0016145857853131027
Steepest Descent,1127,1128,0.00011834482778249701,2.592569715167506e-06,0.001610145867667742
Steepest Descent,1128,1129,0.00012692845202830926,2.5783324942450575e-06,0.0016057186846534038
Steepest Descent,1129,1130,0.00011768100465752677,2.564175135749619e-06,0.001601304198380064
Steepest Descent,1130,1131,0.00012621657106433909,2.5500971813436224e-06,0.0015969023706362334
Steepest Descent,1131,1132,0.00011702106544062149,2.5360981767835973e-06,0.0015925131637708986
Steepest Descent,1132,1133,0.00012550885454777643,2.5221776690925654e-06,0.0015881365398140567
Steepest Descent,1133,1134,0.00011636498626683323,2.50833520933713e-06,0.0015837724613520497
Steepest Descent,1134,1135,0.0001248052768957981,2.4945703498364625e-06,0.0015794208906546928
Steepest Descent,1135,1136,0.00011571274342857249,2.4808826469035154e-06,0.0015750817905440704
Steepest Descent,1136,1137,0.00012410581269438868,2.467271658089958e-06,0.0015707551235281576
Steepest Descent,1137,1138,0.00011506431337441182,2.4537369448921557e-06,0.0015664408526631815
Steepest Descent,1138,1139,0.0001234104366969416,2.4402780700314364e-06,0.0015621389406936363
Steepest Descent,1139,1140,0.00011441967270821517,2.4268946001253074e-06,0.0015578493509082665
Steepest Descent,1140,1141,0.0001227191238228844,2.413586103002773e-06,0.0015535720462864838
Steepest Descent,1141,1142,0.0001137787981877839,2.400352150341108e-06,0.0015493069903479773
Steepest Descent,1142,1143,0.00012203184915686757,2.387192315015673e-06,0.0015450541463054531
Steepest Descent,1143,1144,0.00011314166672358302,2.3741061737027935e-06,0.00154081347790795
Steepest Descent,1144,1145,0.00012134858794721209,2.3610933042636907e-06,0.0015365849485998782
Steepest Descent,1145,1146,0.00011250825537807677,2.348153288313866e-06,0.0015323685223580736
Steepest Descent,1146,1147,0.00012066931560475849,2.3352857086406578e-06,0.0015281641628570727
Steepest Descent,1147,1148,0.00011187854136414098,2.3224901517395302e-06,0.001523971834299942
Steepest Descent,1148,1149,0.00011999400770192927,2.3097662052648414e-06,0.0015197915005897488
Steepest Descent,1149,1150,0.00011125250204423398,2.2971134605336787e-06,0.001515623126154282
Steepest Descent,1150,1151,0.00011932263997114402,2.2845315100091535e-06,0.0015114666751235878
Steepest Descent,1151,1152,0.00011063011492930892,2.2720199497722025e-06,0.0015073221121486282
Steepest Descent,1152,1153,0.00011865518830421717,2.2595783770370557e-06,0.001503189401584862
Steepest Descent,1153,1154,0.00011001135767739752,2.247206392591602e-06,0.0014990685083049412
Steepest Descent,1154,1155,0.0001179916287504702,2.234903598344331e-06,0.0014949593968882
Steepest Descent,1155,1156,0.00010939620809311916,2.222669599733733e-06,0.0014908620324274584
Steepest Descent,1156,1157,0.00011733193751606648,2.210504003306385e-06,0.0014867763797243973
Steepest Descent,1157,1158,0.00010878464412621177,2.1984064190957864e-06,0.0014827024040905128
Steepest Descent,1158,1159,0.00011667609096293889,2.1863764582312297e-06,0.00147864007054835
Steepest Descent,1159,1160,0.00010817664387040963,2.174413735286231e-06,0.0014745893446265746
Steepest Descent,1160,1161,0.00011602406560730339,2.1625178659179177e-06,0.0014705501915670601
Steepest Descent,1161,1162,0.00010757218556269233,2.150688469185767e-06,0.0014665225771142312
Steepest Descent,1162,1163,0.00011537583811886264,2.138925165220617e-06,0.0014625064667277941
Steepest Descent,1163,1164,0.00010697124758210746,2.1272275775141987e-06,0.0014585018263664254
Steepest Descent,1164,1165,0.0001147313853194245,2.115595330617722e-06,0.001454508621706218
Steepest Descent,1165,1166,0.00010637380844862266,2.104028052402291e-06,0.0014505268189186613
Steepest Descent,1166,1167,0.00011409068418210512,2.092525371786643e-06,0.0014465563838947457
Steepest Descent,1167,1168,0.00010577984682240078,2.0810869209690284e-06,0.001442597283017346
Steepest Descent,1168,1169,0.00011345371182992225,2.0697123331835927e-06,0.0014386494823908959
Steepest Descent,1169,1170,0.0001051893415024715,2.058401244904083e-06,0.0014347129486082164
Steepest Descent,1170,1171,0.00011282044553490595,2.0471532936285966e-06,0.0014307876479857508
Steepest Descent,1171,1172,0.00010460227142596092,2.035968120055456e-06,0.0014268735473248694
Steepest Descent,1172,1173,0.00011219086271704767,2.0248453658957727e-06,0.00142297061315256
Steepest Descent,1173,1174,0.00010401861566688285,2.013784676022095e-06,0.001419078812477339
Steepest Descent,1174,1175,0.00011156494094304171,2.002785696308378e-06,0.0014151981120353353
Steepest Descent,1175,1176,0.00010343835343540514,1.9918480757516165e-06,0.0014113284790407993
Steepest Descent,1176,1177,0.00011094265792543543,1.9809714643390326e-06,0.0014074698804376002
Steepest Descent,1177,1178,0.00010286146407674974,1.9701555151429964e-06,0.0014036222836443558
Steepest Descent,1178,1179,0.00011032399152157762,1.959399882214898e-06,0.001399785655811238
Steepest Descent,1179,1180,0.00010228792707012532,1.9487042226539797e-06,0.001395959964559865
Steepest Descent,1180,1181,0.00010970891973214515,1.9380681945274632e-06,0.0013921451772453415
Steepest Descent,1181,1182,0.00010171772202787095,1.9274914589135186e-06,0.0013883412616909137
Steepest Descent,1182,1183,0.00010909742070102526,1.9169736778473914e-06,0.0013845481854552375
Steepest Descent,1183,1184,0.00010115082869445125,1.9065145163388568e-06,0.0013807659165618396
Steepest Descent,1184,1185,0.00010848947271334226,1.8961136403439357e-06,0.0013769944227715431
Steepest Descent,1185,1186,0.00010058722694572146,1.8857707187573107e-06,0.0013732336723068332
Steepest Descent,1186,1187,0.00010788505419486493,1.875485421409096e-06,0.0013694836331293251
Steepest Descent,1187,1188,0.00010002689678768362,1.8652574210326652e-06,0.0013657442736591154
Steepest Descent,1188,1189,0.00010728414371119825,1.8550863912862814e-06,0.0013620155620573068
Steepest Descent,1189,1190,9.946981835564239e-05,1.8449720086963547e-06,0.0013582974669402704
Steepest Descent,1190,1191,0.00010668671996637631,1.8349139507037577e-06,0.0013545899566672409
Steepest Descent,1191,1192,9.89159719134412e-05,1.8249118975828382e-06,0.001350893000049537
Steepest Descent,1192,1193,0.00010609276180201867,1.8149655305121924e-06,0.0013472065656432175
Steepest Descent,1193,1194,9.836533785239332e-05,1.8050745334696858e-06,0.0013435306224532752
Steepest Descent,1194,1195,0.00010550224819663202,1.795238591327123e-06,0.0013398651392312298
Steepest Descent,1195,1196,9.781789669045648e-05,1.7854573917219846e-06,0.0013362100851744775
Steepest Descent,1196,1197,0.00010491515826426647,1.7757306231754159e-06,0.00133256542922868
Steepest Descent,1197,1198,9.727362907109231e-05,1.7660579769410618e-06,0.0013289311407823437
Steepest Descent,1198,1199,0.00010433147125367217,1.7564391451462022e-06,0.0013253071889740137
Steepest Descent,1199,1200,9.673251576290139e-05,1.746873822617654e-06,0.0013216935433819953
Steepest Descent,1200,1201,0.00010375116654729119,1.7373617050460474e-06,0.0013180901733364251
Steepest Descent,1201,1202,9.619453765816877e-05,1.7279024907890963e-06,0.0013144970486041786
Steepest Descent,1202,1203,0.00010317422366053481,1.7184958790584227e-06,0.0013109141387056677
Steepest Descent,1203,1204,9.56596757722145e-05,1.7091415717008272e-06,0.0013073414135950972
Steepest Descent,1204,1205,0.00010260062224066055,1.6998392714072372e-06,0.0013037788429819056
Steepest Descent,1205,1206,9.512791124275469e-05,1.6905886834720964e-06,0.0013002263970063428
Steepest Descent,1206,1207,0.00010203034206574414,1.6813895140244418e-06,0.001296684045565627
Steepest Descent,1207,1208,9.459922532869122e-05,1.672241471765604e-06,0.001293151758984847
Steepest Descent,1208,1209,0.00010146336304397693,1.6631442662218873e-06,0.0012896295073477062
Steepest Descent,1209,1210,9.407359940917254e-05,1.654097609461182e-06,0.0012861172611629088
Steepest Descent,1210,1211,0.00010089966521272636,1.6451012143669496e-06,0.0012826149906994496
Steepest Descent,1211,1212,9.35510149834554e-05,1.6361547963336774e-06,0.0012791226666483855
Steepest Descent,1212,1213,0.0001003392287372945,1.6272580715622123e-06,0.001275640259462758
Steepest Descent,1213,1214,9.303145366902334e-05,1.6184107587343965e-06,0.0012721677400148127
Steepest Descent,1214,1215,9.978203391047538e-05,1.6096125773291642e-06,0.0012687050789403989
Steepest Descent,1215,1216,9.251489720166988e-05,1.6008632492767947e-06,0.0012652522472917384
Steepest Descent,1216,1217,9.922806115139048e-05,1.592162497295538e-06,0.0012618092158862757
Steepest Descent,1217,1218,9.200132743403015e-05,1.5835100465257228e-06,0.001258375955955025
Steepest Descent,1218,1219,9.867729100470481e-05,1.574905622886605e-06,0.00125495243849582
Steepest Descent,1219,1220,9.149072633516186e-05,1.5663489546905936e-06,0.0012515386349172739
Steepest Descent,1220,1221,9.812970413958068e-05,1.5578397710201455e-06,0.0012481345163964281
Steepest Descent,1221,1222,9.098307598963099e-05,1.549377803322298e-06,0.0012447400545183313
Steepest Descent,1222,1223,9.758528134909258e-05,1.5409627838052413e-06,0.0012413552206380096
Steepest Descent,1223,1224,9.047835859643791e-05,1.5325944470136415e-06,0.0012379799865157924
Steepest Descent,1224,1225,9.70440035489071e-05,1.524272528244571e-06,0.0012346143236835424
Steepest Descent,1225,1226,8.997655646868707e-05,1.5159967651036863e-06,0.001231258204075687
Steepest Descent,1226,1227,9.650585177709345e-05,1.507766895940467e-06,0.001227911599399756
Steepest Descent,1227,1228,8.947765203226753e-05,1.499582661385434e-06,0.0012245744817631283
Steepest Descent,1228,1229,9.597080719263742e-05,1.491443802804437e-06,0.0012212468230478378
Steepest Descent,1229,1230,8.898162782564716e-05,1.4833500638172018e-06,0.0012179285955330886
Steepest Descent,1230,1231,9.54388510748204e-05,1.4753011887703294e-06,0.0012146197712742572
Steepest Descent,1231,1232,8.84884664983471e-05,1.4672969242374775e-06,0.0012113203227212353
Steepest Descent,1232,1233,9.49099648224526e-05,1.4593370175108463e-06,0.001208030222101602
Steepest Descent,1233,1234,8.799815081110568e-05,1.4514212180832022e-06,0.0012047494420348167
Steepest Descent,1234,1235,9.43841299530851e-05,1.4435492761575952e-06,0.0012014779549195211
Steepest Descent,1235,1236,8.751066363411802e-05,1.4357209441114984e-06,0.0011982157335436294
Steepest Descent,1236,1237,9.386132810195159e-05,1.4279359750244838e-06,0.001194962750475714
Steepest Descent,1237,1238,8.702598794711058e-05,1.4201941241247716e-06,0.0011917189786710505
Steepest Descent,1238,1239,9.334154102134441e-05,1.4124951473345222e-06,0.0011884843908670077
Steepest Descent,1239,1240,8.654410683776981e-05,1.404838802699105e-06,0.001185258960185117
Steepest Descent,1240,1241,9.282475057973711e-05,1.3972248489498488e-06,0.0011820426595304623
Steepest Descent,1241,1242,8.606500350182861e-05,1.3896530469160561e-06,0.001178835462189722
Steepest Descent,1242,1243,9.231093876091148e-05,1.3821231581051244e-06,0.001175637341234585
Steepest Descent,1243,1244,8.558866124189796e-05,1.3746349460975308e-06,0.0011724482701157995
Steepest Descent,1244,1245,9.180008766333476e-05,1.367188175144048e-06,0.0011692682220705596
Steepest Descent,1245,1246,8.51150634664537e-05,1.3597826115439997e-06,0.0011660971707126296
Steepest Descent,1246,1247,9.129217949917264e-05,1.3524180222591943e-06,0.0011629350894436
Steepest Descent,1247,1248,8.464419368970967e-05,1.3450941762758199e-06,0.0011597819520391837
Steepest Descent,1248,1249,9.078719659364068e-05,1.337810843234858e-06,0.0011566377320643046
Steepest Descent,1249,1250,8.417603553039777e-05,1.3305677947777445e-06,0.0011535024034555561
Steepest Descent,1250,1251,9.028512138398773e-05,1.3233648031931267e-06,0.0011503759399401252
Steepest Descent,1251,1252,8.371057271128211e-05,1.316201642746446e-06,0.001147258315614424
Steepest Descent,1252,1253,8.978593641930957e-05,1.3090780883428834e-06,0.001144149504366839
Steepest Descent,1253,1254,8.324778905823083e-05,1.301993916841102e-06,0.0011410494804525795
Steepest Descent,1254,1255,8.928962435887897e-05,1.2949489057320386e-06,0.0011379582179201653
Steepest Descent,1255,1256,8.27876684999393e-05,1.287942834437085e-06,0.0011348756911825563
Steepest Descent,1256,1257,8.879616797218356e-05,1.280975483002564e-06,0.0011318018744473626
Steepest Descent,1257,1258,8.233019506672568e-05,1.2740466333824858e-06,0.0011287367422842607
Steepest Descent,1258,1259,8.830555013778589e-05,1.267156068148557e-06,0.0011256802690589175
Steepest Descent,1259,1260,8.187535289008362e-05,1.2603035717576781e-06,0.0011226324294967066
Steepest Descent,1260,1261,8.781775384253126e-05,1.253488929277275e-06,0.001119593198120315
Steepest Descent,1261,1262,8.142312620187651e-05,1.2467119276377595e-06,0.0011165625498097988
Steepest Descent,1262,1263,8.733276218110666e-05,1.239972354372972e-06,0.0011135404592438353
Steepest Descent,1263,1264,8.097349933389389e-05,1.2332699988578177e-06,0.001110526901456159
Steepest Descent,1264,1265,8.685055835490007e-05,1.2266046510636402e-06,0.0011075218512804341
Steepest Descent,1265,1266,8.052645671678456e-05,1.2199761027811085e-06,0.0011045252839030479
Steepest Descent,1266,1267,8.637112567163223e-05,1.2133841463904735e-06,0.0011015371743116405
Steepest Descent,1267,1268,8.008198287969804e-05,1.2068285760699195e-06,0.0010985574978442955
Steepest Descent,1268,1269,8.589444754442471e-05,1.2003091865802712e-06,0.0010955862296415883
Steepest Descent,1269,1270,7.964006244946323e-05,1.1938257744592513e-06,0.001092623345192318
Steepest Descent,1270,1271,8.542050749109233e-05,1.187378136820391e-06,0.0010896688197890177
Steepest Descent,1271,1272,7.920068014988448e-05,1.180966072533264e-06,0.0010867226290702074
Steepest Descent,1272,1273,8.494928913342898e-05,1.1745893810365491e-06,0.0010837847484793967
Steepest Descent,1273,1274,7.876382080107769e-05,1.1682478635043496e-06,0.0010808551538038526
Steepest Descent,1274,1275,8.448077619659069e-05,1.161941321673248e-06,0.0010779338206370777
Steepest Descent,1275,1276,7.832946931920595e-05,1.1556695589948822e-06,0.001075020724914121
Steepest Descent,1276,1277,8.401495250824304e-05,1.1494323794768063e-06,0.0010721158423774952
Steepest Descent,1277,1278,7.78976107150655e-05,1.1432295888215712e-06,0.0010692191491090922
Steepest Descent,1278,1279,8.355180199807236e-05,1.1370609932810897e-06,0.001066330620999458
Steepest Descent,1279,1280,7.746823009408723e-05,1.1309264007824417e-06,0.0010634502342763584
Steepest Descent,1280,1281,8.309130869668952e-05,1.1248256197956952e-06,0.0010605779649774435
Steepest Descent,1281,1282,7.704131265550134e-05,1.1187584604464061e-06,0.0010577137894753979
Steepest Descent,1282,1283,8.263345673558314e-05,1.1127247333967974e-06,0.0010548576839540002
Steepest Descent,1283,1284,7.661684369142206e-05,1.106724250945239e-06,0.0010520096249299429
Steepest Descent,1284,1285,8.217823034568706e-05,1.1007568259204371e-06,0.001049169588732173
Steepest Descent,1285,1286,7.619480858673246e-05,1.094822272768157e-06,0.0010463375520204544
Steepest Descent,1286,1287,8.17256138573589e-05,1.0889204064582922e-06,0.0010435134912679816
Steepest Descent,1287,1288,7.577519281810186e-05,1.0830510435588806e-06,0.0010406973832766567
Steepest Descent,1288,1289,8.127559169929481e-05,1.07721400115594e-06,0.0010378892046629736
Steepest Descent,1289,1290,7.535798195317767e-05,1.071409097915004e-06,0.0010350889323700666
Steepest Descent,1290,1291,8.082814839789977e-05,1.0656361530134898e-06,0.0010322965431568052
Steepest Descent,1291,1292,7.494316165063484e-05,1.0598949871899164e-06,0.0010295120141066427
Steepest Descent,1292,1293,8.038326857686215e-05,1.0541854216886536e-06,0.0010267353221198993
Steepest Descent,1293,1294,7.4530717658866e-05,1.0485072792969888e-06,0.0010239664444194395
Steepest Descent,1294,1295,7.994093695622454e-05,1.0428603833021252e-06,0.0010212053580461304
Steepest Descent,1295,1296,7.41206358156846e-05,1.0372445585161821e-06,0.0010184520403613427
Steepest Descent,1296,1297,7.950113835194215e-05,1.0316596302453273e-06,0.001015706468545577
Steepest Descent,1297,1298,7.371290204785745e-05,1.026105425302899e-06,0.0010129686200978285
Steepest Descent,1298,1299,7.906385767503493e-05,1.0205817709904565e-06,0.0010102384723373271
Steepest Descent,1299,1300,7.330750237011642e-05,1.0150884960991973e-06,0.0010075160028998036
Steepest Descent,1300,1301,7.86290799311564e-05,1.009625429902808e-06,0.0010048011892423337
Steepest Descent,1301,1302,7.290442288500218e-05,1.0041924031472454e-06,0.0010020940091364909
Steepest Descent,1302,1303,7.819679021973577e-05,9.98789247055295e-07,0.0009993944401762973
Steepest Descent,1303,1304,7.250364978180998e-05,9.934157943049194e-07,0.0009967024602683186
Steepest Descent,1304,1305,7.776697373353444e-05,9.880718780452603e-07,0.0009940180471426363
Steepest Descent,1305,1306,7.210516933643337e-05,9.827573328637597e-07,0.000991341178839939
Steepest Descent,1306,1307,7.733961575781773e-05,9.77471993813457e-07,0.000988671833225493
Steepest Descent,1307,1308,7.170896791047632e-05,9.722156973689892e-07,0.000986009988473235
Steepest Descent,1308,1309,7.691470167005347e-05,9.669882804651239e-07,0.0009833556225827581
Steepest Descent,1309,1310,7.13150319510232e-05,9.6178958144171e-07,0.000980708713860395
Steepest Descent,1310,1311,7.649221693892792e-05,9.566194390932892e-07,0.0009780692404391875
Steepest Descent,1311,1312,7.092334798935318e-05,9.514776936032292e-07,0.0009754371807570332
Steepest Descent,1312,1313,7.60721471238643e-05,9.463641856041788e-07,0.0009728125130795649
Steepest Descent,1313,1314,7.053390264129362e-05,9.4127875710151e-07,0.0009701952159753777
Steepest Descent,1314,1315,7.565447787461651e-05,9.362212505446196e-07,0.0009675852678418679
Steepest Descent,1315,1316,7.014668260605725e-05,9.311915097396565e-07,0.0009649826473774834
Steepest Descent,1316,1317,7.523919493020786e-05,9.261893789315836e-07,0.0009623873331105223
Steepest Descent,1317,1318,6.976167466587366e-05,9.21214703706431e-07,0.0009597993038684864
Steepest Descent,1318,1319,7.482628411889614e-05,9.162673300837864e-07,0.0009572185383097144
Steepest Descent,1319,1320,6.937886568527723e-05,9.11347105408848e-07,0.0009546450153899344
Steepest Descent,1320,1321,7.44157313570357e-05,9.06453877455198e-07,0.0009520787138967019
Steepest Descent,1321,1322,6.899824261076251e-05,9.015874953067199e-07,0.0009495196129131403
Steepest Descent,1322,1323,7.400752264899639e-05,8.967478084706202e-07,0.000946967691355212
Steepest Descent,1323,1324,6.861979247000218e-05,8.919346677492108e-07,0.0009444229284326015
Steepest Descent,1324,1325,7.360164408603069e-05,8.871479243631697e-07,0.0009418853031888594
Steepest Descent,1325,1326,6.824350237178777e-05,8.823874308132921e-07,0.0009393547949594402
Steepest Descent,1326,1327,7.319808184617118e-05,8.776530400137753e-07,0.0009368313829146497
Steepest Descent,1327,1328,6.786935950483441e-05,8.729446061441483e-07,0.0009343150465149046
Steepest Descent,1328,1329,7.279682219329562e-05,8.68261983792467e-07,0.0009318057650564666
Steepest Descent,1329,1330,6.749735113754848e-05,8.636050287974981e-07,0.0009293035181239216
Steepest Descent,1330,1331,7.239785147701229e-05,8.589735974016869e-07,0.0009268082851386724
Steepest Descent,1331,1332,6.712746461758901e-05,8.543675470837627e-07,0.0009243200458086814
Steepest Descent,1332,1333,7.20011561312977e-05,8.497867357213534e-07,0.0009218387796796972
Steepest Descent,1333,1334,6.675968737135405e-05,8.452310224140958e-07,0.0009193644665822667
Steepest Descent,1334,1335,7.160672267494058e-05,8.407002666558305e-07,0.0009168970861857019
Steepest Descent,1335,1336,6.639400690315886e-05,8.361943291482854e-07,0.0009144366184423529
Steepest Descent,1336,1337,7.121453771008684e-05,8.317130709827114e-07,0.0009119830431442852
Steepest Descent,1337,1338,6.603041079506722e-05,8.272563544443698e-07,0.0009095363403648969
Steepest Descent,1338,1339,7.08245879221624e-05,8.228240422033746e-07,0.0009070964900182199
Steepest Descent,1339,1340,6.566888670598501e-05,8.184159981101343e-07,0.0009046634722979226
Steepest Descent,1340,1341,7.043686007934629e-05,8.140320863953237e-07,0.0009022372672392355
Steepest Descent,1341,1342,6.530942237166071e-05,8.09672172456343e-07,0.0008998178551553325
Steepest Descent,1342,1343,7.005134103176276e-05,8.053361220663231e-07,0.0008974052162018689
Steepest Descent,1343,1344,6.495200560369898e-05,8.010238021517157e-07,0.0008949993308107641
Steepest Descent,1344,1345,6.96680177109678e-05,7.967350800102097e-07,0.0008926001792573256
Steepest Descent,1345,1346,6.459662428931788e-05,7.92469824079562e-07,0.0008902077420914524
Steepest Descent,1346,1347,6.92868771296816e-05,7.882279031644e-07,0.0008878219997073738
Steepest Descent,1347,1348,6.424326639080254e-05,7.840091871962632e-07,0.000885442932772216
Steepest Descent,1348,1349,6.89079063808664e-05,7.798135464692052e-07,0.0008830705217983472
Steepest Descent,1349,1350,6.389191994498017e-05,7.756408523912611e-07,0.0008807047475693889
Steepest Descent,1350,1351,6.853109263761259e-05,7.714909767286638e-07,0.0008783455907151033
Steepest Descent,1351,1352,6.354257306262784e-05,7.673637923488431e-07,0.0008759930321348697
Steepest Descent,1352,1353,6.815642315231481e-05,7.632591724731444e-07,0.0008736470525750913
Steepest Descent,1353,1354,6.319521392820613e-05,7.591769914114973e-07,0.0008713076330501743
Steepest Descent,1354,1355,6.778388525604921e-05,7.55117123823508e-07,0.0008689747544224216
Steepest Descent,1355,1356,6.284983079913922e-05,7.510794454448887e-07,0.0008666483978205283
Steepest Descent,1356,1357,6.741346635852042e-05,7.470638323568817e-07,0.0008643285442219767
Steepest Descent,1357,1358,6.250641200552567e-05,7.430701617044822e-07,0.0008620151748690286
Steepest Descent,1358,1359,6.704515394695245e-05,7.390983109740927e-07,0.0008597082708536034
Steepest Descent,1359,1360,6.21649459495867e-05,7.351481587036991e-07,0.0008574078135308186
Steepest Descent,1360,1361,6.66789355860879e-05,7.31219583768587e-07,0.0008551137841062948
Steepest Descent,1361,1362,6.182542110505031e-05,7.273124660836222e-07,0.000852826164047294
Steepest Descent,1362,1363,6.63147989173929e-05,7.234266858969264e-07,0.0008505449346724289
Steepest Descent,1363,1364,6.148782601699224e-05,7.195621244843076e-07,0.0008482700775603885
Steepest Descent,1364,1365,6.595273165854436e-05,7.157186634508584e-07,0.0008460015741420687
Steepest Descent,1365,1366,6.115214930092968e-05,7.118961854175823e-07,0.000843739406106875
Steepest Descent,1366,1367,6.559272160306073e-05,7.080945733308451e-07,0.0008414835549972708
Steepest Descent,1367,1368,6.081837964292e-05,7.04313711141312e-07,0.0008392340026126873
Steepest Descent,1368,1369,6.52347566197476e-05,7.005534831211177e-07,0.0008369907306064492
Steepest Descent,1369,1370,6.048650579844835e-05,6.96813774535215e-07,0.0008347537208873135
Steepest Descent,1370,1371,6.487882465223938e-05,6.93094470966198e-07,0.0008325229552187723
Steepest Descent,1371,1372,6.0156516592575186e-05,6.893954589781199e-07,0.000830298415618216
Steepest Descent,1372,1373,6.452491371822845e-05,6.857166254488816e-07,0.0008280800839585996
Steepest Descent,1373,1374,5.982840091910263e-05,6.820578582266532e-07,0.000825867942365275
Steepest Descent,1374,1375,6.417301190947376e-05,6.784190454696814e-07,0.0008236619728199678
Steepest Descent,1375,1376,5.950214774015333e-05,6.748000762954054e-07,0.000821462157555298
Steepest Descent,1376,1377,6.382310739099317e-05,6.712008401276387e-07,0.0008192684786610789
Steepest Descent,1377,1378,5.917774608588306e-05,6.676212273384591e-07,0.0008170809184765356
Steepest Descent,1378,1379,6.34751884005359e-05,6.640611286026254e-07,0.0008148994591988789
Steepest Descent,1379,1380,5.885518505396055e-05,6.605204355323671e-07,0.0008127240832732637
Steepest Descent,1380,1381,6.312924324835655e-05,6.569990400389501e-07,0.0008105547730036201
Steepest Descent,1381,1382,5.8534453809008274e-05,6.534968349604634e-07,0.0008083915109403755
Steepest Descent,1382,1383,6.27852603164368e-05,6.500137134304173e-07,0.0008062342794935087
Steepest Descent,1383,1384,5.8215541582341e-05,6.465495694986001e-07,0.0008040830613180457
Steepest Descent,1384,1385,6.244322805835537e-05,6.431042975066743e-07,0.0008019378389293488
Steepest Descent,1385,1386,5.7898437671450785e-05,6.396777927021469e-07,0.0007997985950863798
Steepest Descent,1386,1387,6.210313499831312e-05,6.362699506209229e-07,0.0007976653124092351
Steepest Descent,1387,1388,5.758313143954842e-05,6.328806676944202e-07,0.0007955379737601594
Steepest Descent,1388,1389,6.176496973139157e-05,6.295098406389826e-07,0.0007934165618633017
Steepest Descent,1389,1390,5.726961231523807e-05,6.261573670563314e-07,0.000791301059683564
Steepest Descent,1390,1391,6.142872092249395e-05,6.228231448296371e-07,0.0007891914500484892
Steepest Descent,1391,1392,5.695786979189881e-05,6.195070727174112e-07,0.0007870877160249747
Steepest Descent,1392,1393,6.10943773060208e-05,6.162090497562334e-07,0.0007849898405433241
Steepest Descent,1393,1394,5.664789342740415e-05,6.129289758480902e-07,0.000782897806771797
Steepest Descent,1394,1395,6.076192768557177e-05,6.09666751169656e-07,0.0007808115977427947
Steepest Descent,1395,1396,5.633967284369389e-05,6.064222767532219e-07,0.0007787311967253026
Steepest Descent,1396,1397,6.043136093346442e-05,6.031954539024552e-07,0.0007766565868531954
Steepest Descent,1397,1398,5.6033197726371866e-05,5.999861847669309e-07,0.0007745877514955492
Steepest Descent,1398,1399,6.010266599005425e-05,5.967943717643081e-07,0.0007725246738870598
Steepest Descent,1399,1400,5.572845782414767e-05,5.936199181485861e-07,0.0007704673374962666
Steepest Descent,1400,1401,5.977583186356439e-05,5.904627274386341e-07,0.0007684157256580802
Steepest Descent,1401,1402,5.542544294865454e-05,5.873227039801288e-07,0.0007663698219398575
Steepest Descent,1402,1403,5.945084762951715e-05,5.841997523804713e-07,0.0007643296097760908
Steepest Descent,1403,1404,5.512414297385938e-05,5.810937780644929e-07,0.0007622950728323599
Steepest Descent,1404,1405,5.9127702430370466e-05,5.78004686715577e-07,0.0007602661946420983
Steepest Descent,1405,1406,5.4824547835664774e-05,5.749323848252979e-07,0.0007582429589684945
Steepest Descent,1406,1407,5.880638547494284e-05,5.718767791406456e-07,0.000756225349443303
Steepest Descent,1407,1408,5.4526647531669987e-05,5.688377772076719e-07,0.0007542133499267113
Steepest Descent,1408,1409,5.848688603806916e-05,5.658152868247518e-07,0.0007522069441481857
Steepest Descent,1409,1410,5.423043212043765e-05,5.628092165802824e-07,0.0007502061160643003
Steepest Descent,1410,1411,5.8169193460382105e-05,5.598194753119354e-07,0.0007482108495016196
Steepest Descent,1411,1412,5.393589172156217e-05,5.56845972638481e-07,0.000746221128512508
Steepest Descent,1412,1413,5.7853297147325066e-05,5.538886184249362e-07,0.0007442369370200166
Steepest Descent,1413,1414,5.364301651497855e-05,5.509473233086099e-07,0.0007422582591717049
Steepest Descent,1414,1415,5.7539186569328664e-05,5.480219981700492e-07,0.0007402850789865003
Steepest Descent,1415,1416,5.335179674041429e-05,5.451125546533982e-07,0.0007383173807065618
Steepest Descent,1416,1417,5.722685126107773e-05,5.422189046430991e-07,0.0007363551484461143
Steepest Descent,1417,1418,5.3062222697408875e-05,5.393409607785456e-07,0.0007343983665413107
Steepest Descent,1418,1419,5.6916280821096224e-05,5.364786359365268e-07,0.000732447019201066
Steepest Descent,1419,1420,5.277428474472263e-05,5.336318437402759e-07,0.0007305010908549527
Steepest Descent,1420,1421,5.660746491155399e-05,5.308004980475517e-07,0.0007285605658059951
Steepest Descent,1421,1422,5.248797329976307e-05,5.279845134541222e-07,0.0007266254285765963
Steepest Descent,1422,1423,5.630039325757225e-05,5.251838047874374e-07,0.0007246956635632901
Steepest Descent,1423,1424,5.2203278838641455e-05,5.223982876046491e-07,0.0007227712553807387
Steepest Descent,1424,1425,5.5995055646910096e-05,5.196278776917717e-07,0.0007208521885184033
Steepest Descent,1425,1426,5.1920191895466176e-05,5.168724915563226e-07,0.0007189384476826389
Steepest Descent,1426,1427,5.5691441929730284e-05,5.141320459318697e-07,0.0007170300174552455
Steepest Descent,1427,1428,5.1638703061782995e-05,5.114064582653792e-07,0.0007151268826336898
Steepest Descent,1428,1429,5.538954201789242e-05,5.086956462271347e-07,0.0007132290278915565
Steepest Descent,1429,1430,5.135880298695593e-05,5.059995281927695e-07,0.0007113364381168517
Steepest Descent,1430,1431,5.508934588479408e-05,5.033180227585199e-07,0.0007094490980743579
Steepest Descent,1431,1432,5.108048237692389e-05,5.006510492180544e-07,0.0007075669927420684
Steepest Descent,1432,1433,5.479084356501693e-05,4.979985270829405e-07,0.0007056901069753921
Steepest Descent,1433,1434,5.08037319942924e-05,4.953603765543646e-07,0.000703818425841754
Steepest Descent,1434,1435,5.4494025153635106e-05,4.927365180487478e-07,0.0007019519342866345
Steepest Descent,1435,1436,5.0528542658084085e-05,4.901268726643644e-07,0.0007000906174663136
Steepest Descent,1436,1437,5.4198880805995826e-05,4.875313617121287e-07,0.0006982344604157894
Steepest Descent,1437,1438,5.025490524301559e-05,4.849499071771324e-07,0.0006963834483796498
Steepest Descent,1438,1439,5.3905400737493515e-05,4.823824312545342e-07,0.0006945375664818529
Steepest Descent,1439,1440,4.998281067926704e-05,4.798288568060887e-07,0.0006926968000547487
Steepest Descent,1440,1441,5.3613575222849736e-05,4.772891069010578e-07,0.0006908611343106933
Steepest Descent,1441,1442,4.971224995235317e-05,4.74763105267829e-07,0.0006890305546692606
Steepest Descent,1442,1443,5.3323394596135204e-05,4.7225077583976537e-07,0.0006872050464306599
Steepest Descent,1443,1444,4.9443214102376406e-05,4.6975204320194714e-07,0.0006853845951011352
Steepest Descent,1444,1445,5.3034849249913476e-05,4.672668321419523e-07,0.000683569186068208
Steepest Descent,1445,1446,4.917569422401691e-05,4.647950680917624e-07,0.0006817588049242653
Steepest Descent,1446,1447,5.274792963525171e-05,4.623366766833705e-07,0.0006799534371435815
Steepest Descent,1447,1448,4.8909681466030485e-05,4.5989158418598297e-07,0.0006781530684041642
Steepest Descent,1448,1449,5.246262626126823e-05,4.574597170663484e-07,0.0006763576842665043
Steepest Descent,1449,1450,4.8645167030849275e-05,4.5504100242129816e-07,0.0006745672704936834
Steepest Descent,1450,1451,5.217892969444701e-05,4.5263536754281115e-07,0.0006727818127318923
Steepest Descent,1451,1452,4.838214217446623e-05,4.502427403458764e-07,0.000671001296828759
Steepest Descent,1452,1453,5.189683055883415e-05,4.4786304893823434e-07,0.0006692257085156205
Steepest Descent,1453,1454,4.812059820565486e-05,4.454962220437102e-07,0.000667455033724153
Steepest Descent,1454,1455,5.161631953516846e-05,4.43142188576466e-07,0.0006656892582703028
Steepest Descent,1455,1456,4.7860526486130706e-05,4.4080087805990957e-07,0.0006639283681692699
Steepest Descent,1456,1457,5.1337387360744e-05,4.384722202054249e-07,0.0006621723493211
Steepest Descent,1457,1458,4.7601918429881294e-05,4.361561453268288e-07,0.0006604211878239739
Steepest Descent,1458,1459,5.106002482905047e-05,4.338525839236342e-07,0.0006586748696615304
Steepest Descent,1459,1460,4.734476550301227e-05,4.3156146709105234e-07,0.0006569333810144315
Steepest Descent,1460,1461,5.078422278930109e-05,4.292827261076965e-07,0.0006551967079493733
Steepest Descent,1461,1462,4.708905922337299e-05,4.270162928412494e-07,0.0006534648367289929
Steepest Descent,1462,1463,5.0509972146213044e-05,4.2476209934053635e-07,0.000651737753502539
Steepest Descent,1463,1464,4.6834791160046756e-05,4.225200782368717e-07,0.0006500154446141043
Steepest Descent,1464,1465,5.0237263859491406e-05,4.202901623405e-07,0.0006482978962949826
Steepest Descent,1465,1466,4.658195293317463e-05,4.1807228503764883e-07,0.0006465850949702202
Steepest Descent,1466,1467,4.996608894374393e-05,4.158663798912967e-07,0.0006448770269526561
Steepest Descent,1467,1468,4.633053621382456e-05,4.1367238103396023e-07,0.0006431736787477859
Steepest Descent,1468,1469,4.969643846769335e-05,4.114902227727582e-07,0.0006414750367494889
Steepest Descent,1469,1470,4.6080532723321476e-05,4.093198399779689e-07,0.0006397810875432071
Steepest Descent,1470,1471,4.942830355445649e-05,4.071611676923589e-07,0.0006380918176033594
Steepest Descent,1471,1472,4.5831934233038466e-05,4.050141415155649e-07,0.000636407213594853
Steepest Descent,1472,1473,4.916167538045928e-05,4.028786972176038e-07,0.0006347272620721468
Steepest Descent,1473,1474,4.558473256405736e-05,4.00754771119145e-07,0.0006330519497791195
Steepest Descent,1474,1475,4.889654517578157e-05,3.986422997091543e-07,0.0006313812633497721
Steepest Descent,1475,1476,4.5338919587274e-05,3.9654122002111273e-07,0.0006297151896064703
Steepest Descent,1476,1477,4.863290422340241e-05,3.9445146925474047e-07,0.0006280537152622699
Steepest Descent,1477,1478,4.5094487222294376e-05,3.923729851481982e-07,0.0006263968272175379
Steepest Descent,1478,1479,4.837074385873913e-05,3.9030570560385137e-07,0.0006247445122638945
Steepest Descent,1479,1480,4.4851427437567527e-05,3.882495690565105e-07,0.0006230967573792296
Steepest Descent,1480,1481,4.8110055469993025e-05,3.8620451410317514e-07,0.0006214535494332421
Steepest Descent,1481,1482,4.460973225031429e-05,3.8417047986737044e-07,0.0006198148754808733
Steepest Descent,1482,1483,4.785083049703288e-05,3.8214740563281194e-07,0.0006181807224694181
Steepest Descent,1483,1484,4.43693937257051e-05,3.8013523120388694e-07,0.0006165510775303915
Steepest Descent,1484,1485,4.759306043158005e-05,3.781338965431947e-07,0.000614925927688201
Steepest Descent,1485,1486,4.4130403976964706e-05,3.7614334212824236e-07,0.0006133052601504755
Steepest Descent,1486,1487,4.733673681660445e-05,3.741635085927765e-07,0.0006116890620182582
Steepest Descent,1487,1488,4.389275516470435e-05,3.7219433707973667e-07,0.0006100773205748076
Steepest Descent,1488,1489,4.708185124608493e-05,3.702357688864e-07,0.0006084700229973536
Steepest Descent,1489,1490,4.36564394971077e-05,3.682877458135528e-07,0.0006068671566443127
Steepest Descent,1490,1491,4.6828395364715826e-05,3.6635020981443987e-07,0.0006052687087686261
Steepest Descent,1491,1492,4.3421449229053306e-05,3.644231033402104e-07,0.0006036746668034119
Steepest Descent,1492,1493,4.657636086751802e-05,3.625063689926052e-07,0.0006020850180768535
Steepest Descent,1493,1494,4.318777666235885e-05,3.605999498657298e-07,0.0006004997500963092
Steepest Descent,1494,1495,4.63257394996718e-05,3.587037892024496e-07,0.0005989188502647496
Steepest Descent,1495,1496,4.295541414501394e-05,3.568178307325137e-07,0.0005973423061633201
Steepest Descent,1496,1497,4.6076523055962885e-05,3.5494201833259843e-07,0.0005957701052693047
Steepest Descent,1497,1498,4.272435407123527e-05,3.530762963608747e-07,0.0005942022352371914
Steepest Descent,1498,1499,4.582870338078023e-05,3.512206093206193e-07,0.0005926386836181209
Steepest Descent,1499,1500,4.2494588880937804e-05,3.493749021912781e-07,0.0005910794381394754
Steepest Descent,1500,1501,4.55822723673712e-05,3.4753912009559623e-07,0.0005895244864257941
Steepest Descent,1501,1502,4.226611105966211e-05,3.45713208627228e-07,0.0005879738162769052
Steepest Descent,1502,1503,4.533722195797541e-05,3.4389711352135493e-07,0.0005864274153903064
Steepest Descent,1503,1504,4.20389131380604e-05,3.420907809788496e-07,0.0005848852716378225
Steepest Descent,1504,1505,4.509354414328677e-05,3.4029415734035915e-07,0.0005833473727894548
Steepest Descent,1505,1506,4.181298769185616e-05,3.3850718940707694e-07,0.0005818137067885879
Steepest Descent,1506,1507,4.485123096213801e-05,3.367298241182418e-07,0.0005802842614772882
Steepest Descent,1507,1508,4.158832734132572e-05,3.349620088685369e-07,0.0005787590248700549
Steepest Descent,1508,1509,4.461027450113443e-05,3.3320369118898267e-07,0.0005772379848805713
Steepest Descent,1509,1510,4.136492475109738e-05,3.3145481906102235e-07,0.0005757211295940269
Steepest Descent,1510,1511,4.437066689469028e-05,3.297153406007352e-07,0.0005742084469952833
Steepest Descent,1511,1512,4.1142772630027076e-05,3.2798520436964945e-07,0.0005726999252397798
Steepest Descent,1512,1513,4.4132400324305115e-05,3.2626435906226083e-07,0.0005711955523831228
Steepest Descent,1513,1514,4.0921863730592376e-05,3.2455275381359787e-07,0.0005696953166505741
Steepest Descent,1514,1515,4.3895467018551014e-05,3.2285033789000734e-07,0.0005681992061680544
Steepest Descent,1515,1516,4.070219084896339e-05,3.211570609934923e-07,0.0005667072092302093
Steepest Descent,1516,1517,4.365985925262838e-05,3.194728729557691e-07,0.0005652193140328532
Steepest Descent,1517,1518,4.0483746824633736e-05,3.177977240393827e-07,0.0005637355089395937
Steepest Descent,1518,1519,4.34255693481452e-05,3.1613156463498e-07,0.0005622557822156923
Steepest Descent,1519,1520,4.0266524539799505e-05,3.1447434555930106e-07,0.0005607801222933112
Steepest Descent,1520,1521,4.3192589672746174e-05,3.128260177555919e-07,0.0005593085175067441
Steepest Descent,1521,1522,4.005051691962077e-05,3.111865325884819e-07,0.0005578409563562735
Steepest Descent,1522,1523,4.2960912640003475e-05,3.09555841547553e-07,0.0005563774272448092
Steepest Descent,1523,1524,3.983571693163088e-05,3.0793389653910437e-07,0.0005549179187403344
Steepest Descent,1524,1525,4.2730530708831643e-05,3.0632064959284697e-07,0.0005534624193139466
Steepest Descent,1525,1526,3.962211758566551e-05,3.0471605315062837e-07,0.0005520109176009369
Steepest Descent,1526,1527,4.250143638350068e-05,3.0312005977615453e-07,0.0005505634021401663
Steepest Descent,1527,1528,3.9409711933293055e-05,3.0153262244074053e-07,0.0005491198616338153
Steepest Descent,1528,1529,4.2273622213170506e-05,2.999536942360363e-07,0.0005476802846880982
Steepest Descent,1529,1530,3.9198493067712656e-05,2.9838322865682626e-07,0.0005462446600716809
Steepest Descent,1530,1531,4.204708079168997e-05,2.9682117931671443e-07,0.0005448129764577147
Steepest Descent,1531,1532,3.898845412374187e-05,2.9526750022801656e-07,0.0005433852226809416
Steepest Descent,1532,1533,4.182180475734284e-05,2.9372214552038995e-07,0.0005419613874810547
Steepest Descent,1533,1534,3.877958827714424e-05,2.921850697178051e-07,0.0005405414597584584
Steepest Descent,1534,1535,4.159778679233753e-05,2.906562274601248e-07,0.0005391254283189811
Steepest Descent,1535,1536,3.857188874457694e-05,2.8913557377717913e-07,0.000537713282128291
Steepest Descent,1536,1537,4.137501962286643e-05,2.87623063813259e-07,0.000536305010057951
Steepest Descent,1537,1538,3.836534878352218e-05,2.861186530983264e-07,0.0005349006011384979
Steepest Descent,1538,1539,4.115349601856748e-05,2.846222972753809e-07,0.0005335000443068219
Steepest Descent,1539,1540,3.8159961691492674e-05,2.8313395236885104e-07,0.0005321033286579317
Steepest Descent,1540,1541,4.0933208792452135e-05,2.8165357451479897e-07,0.0005307104431936485
Steepest Descent,1541,1542,3.795572080633477e-05,2.80181120226531e-07,0.0005293213770730698
Steepest Descent,1542,1543,4.071415080041023e-05,2.7871654612758456e-07,0.0005279361193625461
Steepest Descent,1543,1544,3.775261950575788e-05,2.77259809214596e-07,0.0005265546592848609
Steepest Descent,1544,1545,4.049631494121392e-05,2.7581086659306886e-07,0.0005251769859705096
Steepest Descent,1545,1546,3.75506512069519e-05,2.743696757375113e-07,0.0005238030887055853
Steepest Descent,1546,1547,4.027969415601913e-05,2.7293619422992806e-07,0.0005224329566843271
Steepest Descent,1547,1548,3.734980936646867e-05,2.7151038001728564e-07,0.0005210665792557469
Steepest Descent,1548,1549,4.006428142812577e-05,2.7009219115270724e-07,0.0005197039456774474
Steepest Descent,1549,1550,3.7150087480169635e-05,2.6868158605027456e-07,0.0005183450453609781
Steepest Descent,1550,1551,3.9850069782959535e-05,2.6727852322889375e-07,0.0005169898676269136
Steepest Descent,1551,1552,3.695147908252927e-05,2.658829615644836e-07,0.0005156384019489662
Steepest Descent,1552,1553,3.963705228742013e-05,2.6449486003646615e-07,0.0005142906377102991
Steepest Descent,1553,1554,3.6753977746858465e-05,2.6311417797736966e-07,0.0005129465644464047
Steepest Descent,1554,1555,3.942522204999587e-05,2.6174087482192494e-07,0.0005116061716026547
Steepest Descent,1555,1556,3.655757708479102e-05,2.6037491035411014e-07,0.0005102694487759483
Steepest Descent,1556,1557,3.9214572220036695e-05,2.5901624445882603e-07,0.0005089363854734951
Steepest Descent,1557,1558,3.636227074599482e-05,2.5766483736638184e-07,0.0005076069713532132
Steepest Descent,1558,1559,3.9005095988234685e-05,2.5632064940676495e-07,0.0005062811959837783
Steepest Descent,1559,1560,3.616805241817666e-05,2.5498364125158165e-07,0.0005049590490837665
Steepest Descent,1560,1561,3.879678658555306e-05,2.536537736708691e-07,0.0005036405202829387
Steepest Descent,1561,1562,3.597491582666905e-05,2.5233100777254025e-07,0.0005023255993601563
Steepest Descent,1562,1563,3.858963728344171e-05,2.5101530476171814e-07,0.000501014276005902
Steepest Descent,1563,1564,3.578285473432706e-05,2.497066261776953e-07,0.0004997065400589583
Steepest Descent,1564,1565,3.8383641393561765e-05,2.484049336557553e-07,0.0004984023812701494
Steepest Descent,1565,1566,3.5591862941084175e-05,2.4711018916170843e-07,0.0004971017895378253
Steepest Descent,1566,1567,3.81787922674922e-05,2.458223547561442e-07,0.0004958047546727886
Steepest Descent,1567,1568,3.540193428371635e-05,2.445413928265646e-07,0.000494511266632586
Steepest Descent,1568,1569,3.7975083296285927e-05,2.4326726585406667e-07,0.000493221315287637
Steepest Descent,1569,1570,3.521306263611819e-05,2.419999366430838e-07,0.0004919348906543261
Steepest Descent,1570,1571,3.777250791060406e-05,2.407393680904784e-07,0.0004906519826623331
Steepest Descent,1571,1572,3.502524190837959e-05,2.3948552341290643e-07,0.0004893725813865203
Steepest Descent,1572,1573,3.7571059579959384e-05,2.382383659183011e-07,0.00048809667681546563
Steepest Descent,1573,1574,3.4838466047082444e-05,2.369978592308956e-07,0.0004868242590821616
Steepest Descent,1574,1575,3.737073181307397e-05,2.3576396706504936e-07,0.00048555531823372023
Steepest Descent,1575,1576,3.46527290346393e-05,2.34536653447972e-07,0.00048428984446090956
Steepest Descent,1576,1577,3.717151815713583e-05,2.3331588249587598e-07,0.00048302782786903273
Steepest Descent,1577,1578,3.446802488949782e-05,2.3210161863439206e-07,0.00048176925870627326
Steepest Descent,1578,1579,3.697341219790203e-05,2.3089382637705866e-07,0.000480514127135778
Steepest Descent,1579,1580,3.4284347665672034e-05,2.2969247054343432e-07,0.00047926242346279797
Steepest Descent,1580,1581,3.6776407559098525e-05,2.2849751603990105e-07,0.0004780141379079713
Steepest Descent,1581,1582,3.410169145250529e-05,2.273089280755065e-07,0.000476769260833274
Steepest Descent,1582,1583,3.6580497902549985e-05,2.2612667194504164e-07,0.000475527782516481
Steepest Descent,1583,1584,3.392005037444627e-05,2.2495071324266023e-07,0.00047428969337595797
Steepest Descent,1584,1585,3.638567692785954e-05,2.2378101764718232e-07,0.0004730549837462684
Steepest Descent,1585,1586,3.373941859109097e-05,2.226175511335249e-07,0.0004718236441018242
Steepest Descent,1586,1587,3.61919383719782e-05,2.214602797602107e-07,0.0004705956648336347
Steepest Descent,1587,1588,3.3559790296655715e-05,2.203091698786304e-07,0.0004693710364718198
Steepest Descent,1588,1589,3.599927600908184e-05,2.191641879227332e-07,0.000468149749463495
Steepest Descent,1589,1590,3.338115971998371e-05,2.1802530061613886e-07,0.0004669317943941479
Steepest Descent,1590,1591,3.5807683650423e-05,2.1689247476399347e-07,0.00046571716176666006
Steepest Descent,1591,1592,3.320352112391622e-05,2.1576567745795754e-07,0.0004645058422215565
Steepest Descent,1592,1593,3.56171551440838e-05,2.1464487587019623e-07,0.00046329782631715017
Steepest Descent,1593,1594,3.30268688057088e-05,2.1353003745625904e-07,0.0004620931047486632
Steepest Descent,1594,1595,3.5427684374563223e-05,2.1242112975120582e-07,0.00046089166812951374
Steepest Descent,1595,1596,3.285119709645116e-05,2.1131812057036623e-07,0.0004596935072092777
Steepest Descent,1596,1597,3.523926526277418e-05,2.1022097780761593e-07,0.00045849861265615183
Steepest Descent,1597,1598,3.267650036076726e-05,2.0912966963402807e-07,0.000457306975273752
Steepest Descent,1598,1599,3.505189176578648e-05,2.0804416429823376e-07,0.0004561185857846989
Steepest Descent,1599,1600,3.2502772996840055e-05,2.0696443032305423e-07,0.00045493343504633097
Steepest Descent,1600,1601,3.4865557876412085e-05,2.0589043630789623e-07,0.0004537515138353769
Steepest Descent,1601,1602,3.2330009436146645e-05,2.0482215112335746e-07,0.00045257281306255835
Steepest Descent,1602,1603,3.468025762315472e-05,2.0375954371567185e-07,0.00045139732355838335
Steepest Descent,1603,1604,3.215820414308776e-05,2.0270258329931623e-07,0.000450225036286651
Steepest Descent,1604,1605,3.4495985070035546e-05,2.0165123916344128e-07,0.0004490559421313132
Steepest Descent,1605,1606,3.19873516149978e-05,2.0060548086253313e-07,0.0004478900321089242
Steepest Descent,1606,1607,3.431273431625438e-05,1.9956527802480867e-07,0.0004467272971565636
Steepest Descent,1607,1608,3.1817446381761595e-05,1.9853060054093938e-07,0.0004455677283432221
Steepest Descent,1608,1609,3.41304994960338e-05,1.975014183743924e-07,0.0004444113166587822
Steepest Descent,1609,1610,3.1648483005916377e-05,1.9647770174824344e-07,0.000443258053224353
Steepest Descent,1610,1611,3.394927477835525e-05,1.9545942095744998e-07,0.00044210792908231126
Steepest Descent,1611,1612,3.148045608197737e-05,1.9444654655375683e-07,0.00044096093540557175
Steepest Descent,1612,1613,3.376905436676903e-05,1.934390491598748e-07,0.0004398170632886755
Steepest Descent,1613,1614,3.131336023670564e-05,1.9243689965252736e-07,0.00043867630395603464
Steepest Descent,1614,1615,3.358983249913787e-05,1.9144006897850276e-07,0.00043753864855404804
Steepest Descent,1615,1616,3.114719012861894e-05,1.904485283358454e-07,0.0004364040883583074
Steepest Descent,1616,1617,3.341160344746046e-05,1.8946224899178887e-07,0.00043527261456676646
Steepest Descent,1617,1618,3.098194044779711e-05,1.8848120246208418e-07,0.0004341442185058833
Steepest Descent,1618,1619,3.323436151776185e-05,1.8750536033080538e-07,0.0004330188914248492
Steepest Descent,1619,1620,3.0817605915945754e-05,1.8653469442784814e-07,0.00043189662470068937
Steepest Descent,1620,1621,3.305810104979428e-05,1.8556917665057008e-07,0.0004307774096335253
Steepest Descent,1621,1622,3.065418128592409e-05,1.8460877913948264e-07,0.0004296612376506434
Steepest Descent,1622,1623,3.288281641680241e-05,1.8365347410170876e-07,0.0004285481001027875
Steepest Descent,1623,1624,3.0491661341696104e-05,1.8270323398488482e-07,0.00042743798846719836
Steepest Descent,1624,1625,3.270850202519038e-05,1.817580313024295e-07,0.0004263308941449464
Steepest Descent,1625,1626,3.033004089806266e-05,1.8081783880565877e-07,0.00042522680866292846
Steepest Descent,1626,1627,3.2535152314655605e-05,1.7988262931084325e-07,0.0004241257234722309
Steepest Descent,1627,1628,3.016931480056601e-05,1.789523758695699e-07,0.0004230276301491073
Steepest Descent,1628,1629,3.236276175778012e-05,1.7802705159756765e-07,0.0004219325201943643
Steepest Descent,1629,1630,3.0009477925153107e-05,1.7710662984332567e-07,0.0004208403852333158
Steepest Descent,1630,1631,3.2191324859648524e-05,1.7619108401866745e-07,0.00041975121681618436
Steepest Descent,1631,1632,2.9850525178192232e-05,1.7528038776566018e-07,0.0004186650066170567
Steepest Descent,1632,1633,3.202083615810259e-05,1.743745147888967e-07,0.00041758174623526904
Steepest Descent,1633,1634,2.9692451496074634e-05,1.7347343902072617e-07,0.00041650142739338376
Steepest Descent,1634,1635,3.1851290223168425e-05,1.7257713445523945e-07,0.00041542404173956933
Steepest Descent,1635,1636,2.953525184523437e-05,1.7168557531180748e-07,0.00041434958104456614
Steepest Descent,1636,1637,3.16826816568838e-05,1.7079873587076478e-07,0.00041327803700507093
Steepest Descent,1637,1638,2.937892122168494e-05,1.6991659063529673e-07,0.0004122094014397254
Steepest Descent,1638,1639,3.1515005093385693e-05,1.6903911416877454e-07,0.0004111436660934648
Steepest Descent,1639,1640,2.922345465113333e-05,1.6816628125501074e-07,0.0004100808228325372
Steepest Descent,1640,1641,3.1348255198350874e-05,1.672980667372438e-07,0.00040902086344982917
Steepest Descent,1641,1642,2.9068847188789143e-05,1.664344456767667e-07,0.0004079637798589069
Steepest Descent,1642,1643,3.11824266689965e-05,1.6557539319355274e-07,0.0004069095639003251
Steepest Descent,1643,1644,2.8915093918708582e-05,1.647208846232676e-07,0.00040585820753468517
Steepest Descent,1644,1645,3.101751423395435e-05,1.6387089535951531e-07,0.00040480970264991834
Steepest Descent,1645,1646,2.876218995438667e-05,1.6302540100926134e-07,0.0004037640412533802
Steepest Descent,1646,1647,3.0853512652774585e-05,1.6218437723668185e-07,0.00040272121528010145
Steepest Descent,1647,1648,2.8610130437921273e-05,1.6134779991699767e-07,0.00040168121678390396
Steepest Descent,1648,1649,3.069041671616487e-05,1.6051564498192896e-07,0.0004006440377466373
Steepest Descent,1649,1650,2.845891054020607e-05,1.5968788857195162e-07,0.00039960967026831523
Steepest Descent,1650,1651,3.052822124545956e-05,1.588645068833258e-07,0.0003985781063773144
Steepest Descent,1651,1652,2.830852546043058e-05,1.5804547631882129e-07,0.000397549338219574
Steepest Descent,1652,1653,3.0366921092604574e-05,1.5723077333627625e-07,0.00039652335786971766
Steepest Descent,1653,1654,2.8158970426479348e-05,1.5642037459781714e-07,0.0003955001575193329
Steepest Descent,1654,1655,3.020651113986454e-05,1.5561425681993513e-07,0.0003944797292890157
Steepest Descent,1655,1656,2.8010240693949704e-05,1.548123969212089e-07,0.00039346206541572576
Steepest Descent,1656,1657,3.0046986299720464e-05,1.5401477187388912e-07,0.0003924471580657568
Steepest Descent,1657,1658,2.7862331546684433e-05,1.5322135885013533e-07,0.00039143499952116616
Steepest Descent,1658,1659,2.9888341514583353e-05,1.5243213507509827e-07,0.00039042558199367294
Steepest Descent,1659,1660,2.771523829631412e-05,1.5164707797168536e-07,0.000389418897810167
Steepest Descent,1660,1661,2.9730571756817762e-05,1.508661650151191e-07,0.00038841493922752134
Steepest Descent,1661,1662,2.756895628197727e-05,1.5008937387624446e-07,0.0003874136986171816
Steepest Descent,1662,1663,2.9573672028297773e-05,1.4931668227755946e-07,0.0003864151682809041
Steepest Descent,1663,1664,2.7423480870452244e-05,1.4854806813508333e-07,0.0003854193406344359
Steepest Descent,1664,1665,2.9417637360385386e-05,1.4778350941582437e-07,0.0003844262080241465
Steepest Descent,1665,1666,2.7278807455630694e-05,1.4702298427822174e-07,0.0003834357629098018
Steepest Descent,1666,1667,2.9262462813688353e-05,1.4626647093107048e-07,0.00038244799768212995
Steepest Descent,1667,1668,2.7134931458686787e-05,1.4551394777252648e-07,0.0003814629048446604
Steepest Descent,1668,1669,2.910814347806026e-05,1.4476539325046305e-07,0.00038048047683220625
Steepest Descent,1669,1670,2.6991848327740625e-05,1.4402078600007068e-07,0.00037950070619179445
Steepest Descent,1670,1671,2.8954674471947132e-05,1.4328010470563057e-07,0.0003785235854020599
Steepest Descent,1671,1672,2.684955353765608e-05,1.4254332823672777e-07,0.00037754910705327827
Steepest Descent,1672,1673,2.8802050942853044e-05,1.418104355114072e-07,0.0003765772636676399
Steepest Descent,1673,1674,2.670804258995483e-05,1.4108140563102245e-07,0.00037560804787839996
Steepest Descent,1674,1675,2.8650268066660122e-05,1.4035621774477427e-07,0.00037464145225104796
Steepest Descent,1675,1676,2.6567311012573092e-05,1.3963485118320693e-07,0.0003736774694615758
Steepest Descent,1676,1677,2.8499321047715705e-05,1.3891728532409087e-07,0.0003727160921185063
Steepest Descent,1677,1678,2.642735435987353e-05,1.382034997245956e-07,0.0003717573129403046
Steepest Descent,1678,1679,2.8349205118595577e-05,1.3749347398851227e-07,0.0003708011245782734
Steepest Descent,1679,1680,2.6288168212368994e-05,1.367871878971089e-07,0.00036984751979310187
Steepest Descent,1680,1681,2.819991553983752e-05,1.3608462127767444e-07,0.00036889649127861654
Steepest Descent,1681,1682,2.6149748176474503e-05,1.353857541330708e-07,0.00036794803183747406
Steepest Descent,1682,1683,2.8051447599877345e-05,1.3469056651159145e-07,0.00036700213420577194
Steepest Descent,1683,1684,2.601208988446522e-05,1.3399903863522298e-07,0.0003660587912278886
Steepest Descent,1684,1685,2.7903796614917132e-05,1.3331115077079414e-07,0.00036511799568193586
Steepest Descent,1685,1686,2.5875188994331885e-05,1.3262688335697374e-07,0.00036417974045376786
Steepest Descent,1686,1687,2.7756957928729842e-05,1.319462168766862e-07,0.00036324401836325697
Steepest Descent,1687,1688,2.5739041189418177e-05,1.3126913198286078e-07,0.00036231082233747965
Steepest Descent,1688,1689,2.761092691226316e-05,1.3059560937212256e-07,0.00036138014523784027
Steepest Descent,1689,1690,2.5603642178798777e-05,1.2992562990926263e-07,0.0003604519800323791
Steepest Descent,1690,1691,2.7465698963781292e-05,1.2925917450221857e-07,0.0003595263196237774
Steepest Descent,1691,1692,2.5468987696422948e-05,1.2859622422528396e-07,0.0003586031570207992
Steepest Descent,1692,1693,2.7321269508546507e-05,1.279367601953597e-07,0.0003576824851671657
Steepest Descent,1693,1694,2.533507350149379e-05,1.27280763693901e-07,0.00035676429711211435
Steepest Descent,1694,1695,2.7177633998783032e-05,1.2662821604443895e-07,0.0003558485858401561
Steepest Descent,1695,1696,2.5201895378015358e-05,1.25979098733293e-07,0.00035493534444077697
Steepest Descent,1696,1697,2.7034787913279016e-05,1.253333932883129e-07,0.0003540245659390219
Steepest Descent,1697,1698,2.506944913468265e-05,1.2469108139840083e-07,0.0003531162434643878
Steepest Descent,1698,1699,2.6892726757541747e-05,1.2405214479345107e-07,0.00035221037008221524
Steepest Descent,1699,1700,2.4937730605006183e-05,1.2341656536268845e-07,0.0003513069389617695
Steepest Descent,1700,1701,2.6751446063235372e-05,1.2278432503580407e-07,0.0003504059432084508
Steepest Descent,1701,1702,2.4806735646700138e-05,1.2215540590011072e-07,0.0003495073760310513
Steepest Descent,1702,1703,2.6610941388427936e-05,1.2152979008287273e-07,0.00034861123057479474
Steepest Descent,1703,1704,2.4676460142025206e-05,1.2090745986728612e-07,0.0003477175000877668
Steepest Descent,1704,1705,2.6471208317114536e-05,1.2028839757598967e-07,0.00034682617775477916
Steepest Descent,1705,1706,2.454689999721591e-05,1.1967258568588008e-07,0.0003459372568629751
Steepest Descent,1706,1707,2.6332242459454787e-05,1.1906000671278778e-07,0.0003450507306365077
Steepest Descent,1707,1708,2.441805114259307e-05,1.184506433251608e-07,0.00034416659240135553
Steepest Descent,1708,1709,2.6194039450975815e-05,1.1784447822987816e-07,0.00034328483542078893
Steepest Descent,1709,1710,2.4289909532383955e-05,1.1724149428479789e-07,0.00034240545305937794
Steepest Descent,1710,1711,2.6056594952987913e-05,1.1664167438571883e-07,0.00034152843861927346
Steepest Descent,1711,1712,2.4162471144410127e-05,1.160450015778094e-07,0.000340653785503419
Steepest Descent,1712,1713,2.5919904652338176e-05,1.1545145894368467e-07,0.0003397814870526124
Steepest Descent,1713,1714,2.4035731980271764e-05,1.1486102971373108e-07,0.0003389115367079307
Steepest Descent,1714,1715,2.5783964260912495e-05,1.1427369715530833e-07,0.0003380439278485983
Steepest Descent,1715,1716,2.3909688064665974e-05,1.1368944468196882e-07,0.00033717865395361076
Steepest Descent,1716,1717,2.564876951600987e-05,1.1310825574375088e-07,0.00033631570844037435
Steepest Descent,1717,1718,2.378433544597364e-05,1.1253011393533044e-07,0.0003354550848255701
Steepest Descent,1718,1719,2.5514316179711997e-05,1.1195500288740732e-07,0.0003345967765645797
Steepest Descent,1719,1720,2.365967019548321e-05,1.1138290637376401e-07,0.0003337407772115419
Steepest Descent,1720,1721,2.5380600038917144e-05,1.108138082037465e-07,0.0003328870802595776
Steepest Descent,1721,1722,2.3535688407589367e-05,1.1024769232825546e-07,0.0003320356793000647
Steepest Descent,1722,1723,2.52476169052118e-05,1.0968454273329932e-07,0.00033118656786364285
Steepest Descent,1723,1724,2.3412386199409067e-05,1.0912434354492618e-07,0.0003303397395787043
Steepest Descent,1724,1725,2.5115362614820907e-05,1.0856707892384393e-07,0.0003294951880131847
Steepest Descent,1725,1726,2.328975971097501e-05,1.0801273316930628e-07,0.0003286529068322784
Steepest Descent,1726,1727,2.498383302823481e-05,1.0746129061477445e-07,0.0003278128896409878
Steepest Descent,1727,1728,2.316780510495053e-05,1.0691273573078299e-07,0.0003269751301410903
Steepest Descent,1728,1729,2.485302403017924e-05,1.0636705302162881e-07,0.0003261396219744372
Steepest Descent,1729,1730,2.3046518566155785e-05,1.0582422712722265e-07,0.00032530635887916893
Steepest Descent,1730,1731,2.4722931529448496e-05,1.05284242720805e-07,0.00032447533453377466
Steepest Descent,1731,1732,2.2925896302043014e-05,1.0474708460977774e-07,0.0003236465427125365
Steepest Descent,1732,1733,2.459355145884439e-05,1.0421273763444686e-07,0.00032281997713036107
Steepest Descent,1733,1734,2.280593454207449e-05,1.0368118676784978e-07,0.00032199563159746405
Steepest Descent,1734,1735,2.4464879774950263e-05,1.031524170155042e-07,0.0003211734998649549
Steepest Descent,1735,1736,2.2686629537907907e-05,1.026264135142397e-07,0.00032035357577876305
Steepest Descent,1736,1737,2.4336912457879462e-05,1.021031614329487e-07,0.00031953585312598134
Steepest Descent,1737,1738,2.2567977562910706e-05,1.015826460704425e-07,0.00031872032578805277
Steepest Descent,1738,1739,2.4209645511402924e-05,1.0106485275717536e-07,0.00031790698758784046
Steepest Descent,1739,1740,2.2449974912452296e-05,1.0054976695213607e-07,0.0003170958324420806
Steepest Descent,1740,1741,2.408307496255544e-05,1.0003737414555262e-07,0.00031628685420920135
Steepest Descent,1741,1742,2.23326179034756e-05,9.952765995481467e-08,0.000315480046841024
Steepest Descent,1742,1743,2.3957196861711148e-05,9.902061002815044e-08,0.0003146754042313292
Steepest Descent,1743,1744,2.2215902874404635e-05,9.851621013958985e-08,0.00031387292036681
Steepest Descent,1744,1745,2.38320072820039e-05,9.801444609360852e-08,0.0003130725891763897
Steepest Descent,1745,1746,2.20998261850948e-05,9.751530381914522e-08,0.0003122744046814359
Steepest Descent,1746,1747,2.3707502319927426e-05,9.701876927518928e-08,0.0003114783608458046
Steepest Descent,1747,1748,2.1984384216670877e-05,9.652482854386928e-08,0.00031068445172533057
Steepest Descent,1748,1749,2.3583678094455326e-05,9.603346773696983e-08,0.000309892671318587
Steepest Descent,1749,1750,2.1869573371391673e-05,9.554467308811791e-08,0.0003091030137156833
Steepest Descent,1750,1751,2.3460530747574832e-05,9.505843086020021e-08,0.0003083154729497049
Steepest Descent,1751,1752,2.1755390072535932e-05,9.45747274366545e-08,0.0003075300431448194
Steepest Descent,1752,1753,2.3338056443375767e-05,9.409354922980258e-08,0.00030674671836843266
Steepest Descent,1753,1754,2.164183076417999e-05,9.361488277123042e-08,0.0003059654927785655
Steepest Descent,1754,1755,2.3216251368654362e-05,9.313871462103846e-08,0.00030518636047673965
Steepest Descent,1755,1756,2.1528891911247323e-05,9.266503145732162e-08,0.0003044093156546324
Steepest Descent,1756,1757,2.309511173234168e-05,9.219381998631922e-08,0.00030363435244767543
Steepest Descent,1757,1758,2.1416569999329233e-05,9.172506703101022e-08,0.0003028614650810007
Steepest Descent,1758,1759,2.2974633765485266e-05,9.125875944215966e-08,0.000302090647723758
Steepest Descent,1759,1760,2.130486153443771e-05,9.07948841860241e-08,0.00030132189463433304
Steepest Descent,1760,1761,2.2854813721191687e-05,9.033342825628852e-08,0.0003005552000153857
Steepest Descent,1761,1762,2.1193763042942364e-05,8.9874378760904e-08,0.00029979055815836493
Steepest Descent,1762,1763,2.273564787429146e-05,8.941772283489675e-08,0.0002990279632992486
Steepest Descent,1763,1764,2.1083271071711282e-05,8.896344772634137e-08,0.0002982674097623496
Steepest Descent,1764,1765,2.261713252150191e-05,8.851154071003449e-08,0.00029750889181675644
Steepest Descent,1765,1766,2.0973382187429904e-05,8.80619891726301e-08,0.00029675240381946377
Steepest Descent,1766,1767,2.2499263981081947e-05,8.761478052714962e-08,0.0002959979400724769
Steepest Descent,1767,1768,2.0864092976906832e-05,8.716990229728471e-08,0.00029524549496526563
Steepest Descent,1768,1769,2.2382038592764005e-05,8.672734203275588e-08,0.00029449506283256405
Steepest Descent,1769,1770,2.075540004698329e-05,8.628708739277948e-08,0.00029374663809613117
Steepest Descent,1770,1771,2.22654527174914e-05,8.584912606226121e-08,0.00029300021512323365
Steepest Descent,1771,1772,2.0647300024163805e-05,8.54134458344402e-08,0.0002922557883677245
Steepest Descent,1772,1773,2.2149502737611426e-05,8.49800345279111e-08,0.00029151335222920937
Steepest Descent,1773,1774,2.0539789554625796e-05,8.454888006845748e-08,0.00029077290119345283
Steepest Descent,1774,1775,2.2034185056369865e-05,8.411997040688546e-08,0.00029003442969220987
Steepest Descent,1775,1776,2.043286530398082e-05,8.36932936000496e-08,0.00028929793224295535
Steepest Descent,1776,1777,2.191949609815303e-05,8.326883772951087e-08,0.0002885634033094128
Steepest Descent,1777,1778,2.0326523957503783e-05,8.284659098174643e-08,0.00028783083744058144
Steepest Descent,1778,1779,2.180543230794967e-05,8.242654156762473e-08,0.0002871002291319614
Steepest Descent,1779,1780,2.022076221960341e-05,8.200867780181377e-08,0.0002863715729638921
Steepest Descent,1780,1781,2.1691990151631956e-05,8.159298802305795e-08,0.00028564486346345866
Steepest Descent,1781,1782,2.0115576813960558e-05,8.117946067280128e-08,0.00028492009524215957
Steepest Descent,1782,1783,2.1579166115665312e-05,8.076808421625036e-08,0.00028419726285847715
Steepest Descent,1783,1784,2.001096448318477e-05,8.035884722022522e-08,0.0002834763609548867
Steepest Descent,1784,1785,2.1466956706838433e-05,7.995173827499833e-08,0.00028275738412108413
Steepest Descent,1785,1786,1.990692198904046e-05,7.954674607137478e-08,0.0002820403270303287
Steepest Descent,1786,1787,2.135535845232374e-05,7.914385932331624e-08,0.00028132518430335423
Steepest Descent,1787,1788,1.980344611204114e-05,7.874306684424263e-08,0.00028061195064402124
Steepest Descent,1788,1789,2.124436789948033e-05,7.834435747043937e-08,0.00027990062070391944
Steepest Descent,1789,1790,1.9700533651434092e-05,7.794772013658934e-08,0.00027919118921733427
Steepest Descent,1790,1791,2.113398161585576e-05,7.755314379994311e-08,0.00027848365086651514
Steepest Descent,1791,1792,1.959818142509417e-05,7.716061751511174e-08,0.0002777780004160008
Steepest Descent,1792,1793,2.10241961888227e-05,7.677013035897935e-08,0.0002770742325785264
Steepest Descent,1793,1794,1.9496386269425877e-05,7.638167150475554e-08,0.0002763723421486953
Steepest Descent,1794,1795,2.0915008225748982e-05,7.599523014763868e-08,0.0002756723238695511
Steepest Descent,1795,1796,1.9395145039235267e-05,7.561079557813336e-08,0.00027497417256559456
Steepest Descent,1796,1797,2.080641435363936e-05,7.522835710843994e-08,0.00027427788300998665
Steepest Descent,1797,1798,1.9294454607567223e-05,7.484790414506374e-08,0.00027358345005695014
Steepest Descent,1798,1799,2.0698411219115994e-05,7.44694261159198e-08,0.0002728908685095926
Steepest Descent,1799,1800,1.9194311865609847e-05,7.409291254223252e-08,0.00027220013325168025
Steepest Descent,1800,1801,2.0590995488303374e-05,7.371835296635387e-08,0.0002715112391160887
Steepest Descent,1801,1802,1.9094713722828482e-05,7.33457370229615e-08,0.0002708241810159527
Steepest Descent,1802,1803,2.0484163846711056e-05,7.297505436758877e-08,0.0002701389538137526
Steepest Descent,1803,1804,1.8995657106355745e-05,7.260629474710916e-08,0.0002694555524518082
Steepest Descent,1804,1805,2.0377912999123445e-05,7.223944792898661e-08,0.00026877397182202485
Steepest Descent,1805,1806,1.8897138961531307e-05,7.18745037710599e-08,0.0002680942068957475
Steepest Descent,1806,1807,2.0272239669504205e-05,7.151145215148604e-08,0.0002674162525941272
Steepest Descent,1807,1808,1.8799156250995633e-05,7.115028303784422e-08,0.00026674010391736035
Steepest Descent,1808,1809,2.0167140600667294e-05,7.079098641777019e-08,0.00026606575581568213
Steepest Descent,1809,1810,1.87017059555971e-05,7.043355236736893e-08,0.00026539320331796164
Steepest Descent,1810,1811,2.0062612554600317e-05,7.007797098254751e-08,0.00026472244140334514
Steepest Descent,1811,1812,1.8604785073063802e-05,6.972423244674505e-08,0.000264053465129214
Steepest Descent,1812,1813,1.9958652311829607e-05,6.93723269629427e-08,0.0002633862695034475
Steepest Descent,1813,1814,1.8508390619065085e-05,6.902224482073318e-08,0.00026272084961177555
Steepest Descent,1814,1815,1.985525667185816e-05,6.86739763289929e-08,0.0002620572004906427
Steepest Descent,1815,1816,1.8412519626461443e-05,6.832751188229701e-08,0.0002613953172539573
Steepest Descent,1816,1817,1.9752422452486492e-05,6.79828418942529e-08,0.00026073519496656546
Steepest Descent,1817,1818,1.831716914524688e-05,6.763995686325886e-08,0.0002600768287703825
Steepest Descent,1818,1819,1.9650146490236072e-05,6.729884730650006e-08,0.00025942021375848883
Steepest Descent,1819,1820,1.822233624256794e-05,6.695950382505752e-08,0.0002587653451006481
Steepest Descent,1820,1821,1.9548425639764723e-05,6.662191703855144e-08,0.00025811221791800445
Steepest Descent,1821,1822,1.812801800263845e-05,6.628607764961766e-08,0.000257460827408011
Steepest Descent,1822,1823,1.944725677418243e-05,6.595197637918057e-08,0.00025681116871970457
Steepest Descent,1823,1824,1.803421152648899e-05,6.561960403031324e-08,0.0002561632370780656
Steepest Descent,1824,1825,1.934663678461854e-05,6.528895142413367e-08,0.0002555170276598678
Steepest Descent,1825,1826,1.7940913932085015e-05,6.496000946304124e-08,0.00025487253571744687
Steepest Descent,1826,1827,1.9246562580217466e-05,6.4632769067248e-08,0.00025422975645515613
Steepest Descent,1827,1828,1.784812235405677e-05,6.430722123738292e-08,0.000253588685152518
Steepest Descent,1828,1829,1.9147031088081336e-05,6.398335699166576e-08,0.00025294931704131115
Steepest Descent,1829,1830,1.7755833943698154e-05,6.366116742787777e-08,0.0002523116474280919
Steepest Descent,1830,1831,1.9048039253085264e-05,6.334064366116016e-08,0.0002516756715718866
Steepest Descent,1831,1832,1.7664045868702732e-05,6.302177688538271e-08,0.00025104138480613647
Steepest Descent,1832,1833,1.89495840379456e-05,6.27045583115418e-08,0.00025040878241695477
Steepest Descent,1833,1834,1.7572755313193755e-05,6.238897922853667e-08,0.0002497778597645049
Steepest Descent,1834,1835,1.8851662422903354e-05,6.207503094216769e-08,0.0002491486121618334
Steepest Descent,1835,1836,1.748195947779738e-05,6.176270483531775e-08,0.0002485210349956674
Steepest Descent,1836,1837,1.8754271405603663e-05,6.145199230754804e-08,0.00024789512360582657
Steepest Descent,1837,1838,1.7391655579167338e-05,6.114288483469404e-08,0.0002472708734054499
Steepest Descent,1838,1839,1.8657408001242107e-05,6.083537390904598e-08,0.0002466482797609705
Steepest Descent,1839,1840,1.7301840850141016e-05,6.052945109836895e-08,0.0002460273381117817
Steepest Descent,1840,1841,1.8561069242289217e-05,6.022510798666489e-08,0.000245408043850777
Steepest Descent,1841,1842,1.7212512539536387e-05,5.992233623261818e-08,0.0002447903924434498
Steepest Descent,1842,1843,1.8465252178211347e-05,5.962112751093551e-08,0.0002441743793090002
Steepest Descent,1843,1844,1.7123667912244133e-05,5.932147357021993e-08,0.00024355999993886502
Steepest Descent,1844,1845,1.836995387582614e-05,5.9023366174885876e-08,0.00024294724977839505
Steepest Descent,1845,1846,1.7035304248851555e-05,5.8726797162470235e-08,0.00024233612434482445
Steepest Descent,1846,1847,1.827517141877578e-05,5.843175838610935e-08,0.0002417266191095001
Steepest Descent,1847,1848,1.6947418845700855e-05,5.813824177129335e-08,0.0002411187296152942
Steepest Descent,1848,1849,1.8180901907606052e-05,5.784623925891205e-08,0.00024051245135940893
Steepest Descent,1849,1850,1.6860009014951865e-05,5.7555742861440375e-08,0.00023990777991019877
Steepest Descent,1850,1851,1.8087142459706837e-05,5.726674460655485e-08,0.0002393047107905627
Steepest Descent,1851,1852,1.677307208412285e-05,5.6979236592763867e-08,0.00023870323959419542
Steepest Descent,1852,1853,1.799389020905023e-05,5.669321093358197e-08,0.0002381033618695502
Steepest Descent,1853,1854,1.6686605396243108e-05,5.640865981260016e-08,0.00023750507323549986
Steepest Descent,1854,1855,1.7901142306246106e-05,5.612557542822934e-08,0.00023690836926590272
Steepest Descent,1855,1856,1.660060630982958e-05,5.5843950048213034e-08,0.0002363132456046699
Steepest Descent,1856,1857,1.7808895918479395e-05,5.556377595492488e-08,0.0002357196978509112
Steepest Descent,1857,1858,1.6515072198474477e-05,5.5285045499336404e-08,0.00023512772167342668
Steepest Descent,1858,1859,1.7717148229045083e-05,5.5007751046866666e-08,0.00023453731269643783
Steepest Descent,1859,1860,1.6430000451217162e-05,5.4731885030800794e-08,0.00023394846661348474
Steepest Descent,1860,1861,1.7625896437851065e-05,5.445743989868914e-08,0.00023336117907374638
Steepest Descent,1861,1862,1.6345388471980282e-05,5.418440816523169e-08,0.00023277544579536667
Steepest Descent,1862,1863,1.753513776078255e-05,5.391278235920722e-08,0.00023219126245233092
Steepest Descent,1863,1864,1.626123367980226e-05,5.364255507583973e-08,0.00023160862478724693
Steepest Descent,1864,1865,1.744486943000278e-05,5.337371892424393e-08,0.00023102752849875688
Steepest Descent,1865,1866,1.617753350853661e-05,5.310626657928483e-08,0.00023044796935378889
Steepest Descent,1866,1867,1.7355088693470336e-05,5.284019072953331e-08,0.00022986994307549934
Steepest Descent,1867,1868,1.6094285407039672e-05,5.257548412862359e-08,0.0002292934454549968
Steepest Descent,1868,1869,1.72657928152268e-05,5.23121395437109e-08,0.00022871847223980598
Steepest Descent,1869,1870,1.6011486838701645e-05,5.2050149806332886e-08,0.00022814501924506894
Steepest Descent,1870,1871,1.7176979074918632e-05,5.178950776137365e-08,0.0002275730822425483
Steepest Descent,1871,1872,1.5929135281846095e-05,5.1530206317418104e-08,0.00022700265707127328
Steepest Descent,1872,1873,1.7088644768218484e-05,5.1272238396224656e-08,0.0002264337395270958
Steepest Descent,1873,1874,1.5847228229074314e-05,5.101559698258299e-08,0.0002258663254727959
Steepest Descent,1874,1875,1.700078720610214e-05,5.076027507428498e-08,0.00022530041072817635
Steepest Descent,1875,1876,1.5765763187692828e-05,5.050626573149265e-08,0.00022473599117963424
Steepest Descent,1876,1877,1.6913403715131606e-05,5.025356202719589e-08,0.0002241730626707765
Steepest Descent,1877,1878,1.5684737679217337e-05,5.0002157096103386e-08,0.00022361162111147844
Steepest Descent,1878,1879,1.682649163757226e-05,4.975204408557859e-08,0.00022305166236900946
Steepest Descent,1879,1880,1.5604149239642744e-05,4.9503216204062386e-08,0.00022249318237658965
Steepest Descent,1880,1881,1.6740048330819e-05,4.925566667248062e-08,0.00022193617702501913
Steepest Descent,1881,1882,1.5523995419044166e-05,4.900938877219415e-08,0.0002213806422707147
Steepest Descent,1882,1883,1.6654071167469992e-05,4.876437579688826e-08,0.0002208265740278743
Steepest Descent,1883,1884,1.5444273781716475e-05,4.852062110004472e-08,0.0002202739682759738
Steepest Descent,1884,1885,1.6568557535456443e-05,4.827811804731353e-08,0.0002197228209524753
Steepest Descent,1885,1886,1.5364981906096803e-05,4.803686006350955e-08,0.00021917312805978188
Steepest Descent,1886,1887,1.6483504837639145e-05,4.779684058545794e-08,0.00021862488555847876
Steepest Descent,1887,1888,1.5286117384459472e-05,4.755805310852525e-08,0.00021807808947375994
Steepest Descent,1888,1889,1.639891049184609e-05,4.732049113993475e-08,0.00021753273578920194
Steepest Descent,1889,1890,1.5207677823004915e-05,4.7084148244834e-08,0.00021698882055265888
Steepest Descent,1890,1891,1.6314771931080143e-05,4.684901800007213e-08,0.00021644633977055863
Steepest Descent,1891,1892,1.5129660841778098e-05,4.661509403981696e-08,0.00021590528951328855
Steepest Descent,1892,1893,1.6231086602837712e-05,4.6382370009780746e-08,0.00021536566580999104
Steepest Descent,1893,1894,1.5052064074533013e-05,4.615083961239635e-08,0.0002148274647534536
Steepest Descent,1894,1895,1.6147851969427085e-05,4.59204965614876e-08,0.00021429068239540327
Steepest Descent,1895,1896,1.4974885168576426e-05,4.5691334627005984e-08,0.00021375531485089667
Steepest Descent,1896,1897,1.6065065507903636e-05,4.546334759014393e-08,0.00021322135819411693
Steepest Descent,1897,1898,1.4898121785038956e-05,4.523652928763011e-08,0.0002126888085622516
Steepest Descent,1898,1899,1.5982724709670245e-05,4.5010873567289505e-08,0.00021215766205180878
Steepest Descent,1899,1900,1.4821771598174666e-05,4.478637433190241e-08,0.00021162791482198752
Steepest Descent,1900,1901,1.5900827080834315e-05,4.456302549519726e-08,0.0002110995629914881
Steepest Descent,1901,1902,1.4745832296029156e-05,4.4340821025280663e-08,0.00021057260274138384
Steepest Descent,1902,1903,1.5819370141615544e-05,4.411975490106641e-08,0.00021004703021244172
Steepest Descent,1903,1904,1.4670301579627099e-05,4.389982115527595e-08,0.00020952284160748668
Steepest Descent,1904,1905,1.5738351426722186e-05,4.368101383129565e-08,0.0002090000330892214
Steepest Descent,1905,1906,1.4595177163460765e-05,4.3463327025753784e-08,0.00020847860088209
Steepest Descent,1906,1907,1.5657768485040587e-05,4.3246754845806335e-08,0.00020795854117060527
Steepest Descent,1907,1908,1.4520456775121438e-05,4.303129145129205e-08,0.00020743985020070768
Steepest Descent,1908,1909,1.5577618879432578e-05,4.281693101243973e-08,0.00020692252417859136
Steepest Descent,1909,1910,1.4446138155265016e-05,4.260366775160931e-08,0.00020640655937156964
Steepest Descent,1910,1911,1.5497900186987185e-05,4.239149590141306e-08,0.0002058919520073892
Steepest Descent,1911,1912,1.4372219057649357e-05,4.218040974604762e-08,0.00020537869837460656
Steepest Descent,1912,1913,1.541860999859527e-05,4.1970403579830313e-08,0.00020486679472240082
Steepest Descent,1913,1914,1.4298697248853683e-05,4.176147174812158e-08,0.00020435623736045244
Steepest Descent,1914,1915,1.53397459191423e-05,4.155360860626741e-08,0.00020384702255924026
Steepest Descent,1915,1916,1.4225570508344581e-05,4.1346808560123914e-08,0.00020333914664944356
Steepest Descent,1916,1917,1.5261305567216114e-05,4.114106602540244e-08,0.00020283260592272246
Steepest Descent,1917,1918,1.4152836628437651e-05,4.093637546779382e-08,0.00020232739673063018
Steepest Descent,1918,1919,1.5183286575184903e-05,4.0732731362717635e-08,0.00020182351538588765
Steepest Descent,1919,1920,1.408049341414549e-05,4.053012823504745e-08,0.00020132095826080166
Steepest Descent,1920,1921,1.5105686588939249e-05,4.0328560619255897e-08,0.0002008197216890211
Steepest Descent,1921,1922,1.4008538683029434e-05,4.0128023098757435e-08,0.00020031980206349406
Steepest Descent,1922,1923,1.5028503268069097e-05,3.992851026643437e-08,0.00019982119573867623
Steepest Descent,1923,1924,1.393697026532564e-05,3.973001676360072e-08,0.0001993238991280291
Steepest Descent,1924,1925,1.495173428546299e-05,3.953253724091418e-08,0.00019882790860669983
Steepest Descent,1925,1926,1.3865786003607475e-05,3.93360663969569e-08,0.00019833322060854277
Steepest Descent,1926,1927,1.4875377327505669e-05,3.914059893953145e-08,0.00019783983152927382
Steepest Descent,1927,1928,1.3794983753090965e-05,3.894612962386523e-08,0.00019734773782302453
Steepest Descent,1928,1929,1.4799430093900654e-05,3.8752653214282066e-08,0.000196856935905957
Steepest Descent,1929,1930,1.3724561381016744e-05,3.8560164522037544e-08,0.00019636742225236225
Steepest Descent,1930,1931,1.4723890297518462e-05,3.836865836736242e-08,0.00019587919329873302
Steepest Descent,1931,1932,1.3654516767149895e-05,3.817812961692865e-08,0.00019539224553939864
Steepest Descent,1932,1933,1.4648755664526456e-05,3.7988573146265236e-08,0.0001949065754310645
Steepest Descent,1933,1934,1.3584847803268835e-05,3.779998387685645e-08,0.00019442217948798034
Steepest Descent,1934,1935,1.4574023933817674e-05,3.761235673892922e-08,0.00019393905418695127
Steepest Descent,1935,1936,1.3515552393508128e-05,3.7425686708181834e-08,0.0001934571960620277
Steepest Descent,1936,1937,1.449969285768322e-05,3.723996876894209e-08,0.00019297660160999335
Steepest Descent,1937,1938,1.3446628453798538e-05,3.7055197950535586e-08,0.00019249726738459325
Steepest Descent,1938,1939,1.4425760201042915e-05,3.687136929080028e-08,0.00019201918990246854
Steepest Descent,1939,1940,1.337807391203646e-05,3.668847787210306e-08,0.00019154236573693832
Steepest Descent,1940,1941,1.4352223741906788e-05,3.6506518785215876e-08,0.0001910667914244018
Steepest Descent,1941,1942,1.3309886708350475e-05,3.632548716496446e-08,0.00019059246355762459
Steepest Descent,1942,1943,1.4279081270910044e-05,3.614537815447855e-08,0.0001901193786926481
Steepest Descent,1943,1944,1.3242064794422094e-05,3.5966186940475424e-08,0.00018964753344158055
Steepest Descent,1944,1945,1.4206330591262504e-05,3.5787908717869694e-08,0.00018917692437998268
Steepest Descent,1945,1946,1.3174606133746476e-05,3.561053872470781e-08,0.00018870754813919818
Steepest Descent,1946,1947,1.4133969519030717e-05,3.5434072207124465e-08,0.00018823940131418944
Steepest Descent,1947,1948,1.3107508701552494e-05,3.525850445393854e-08,0.00018777248055542784
Steepest Descent,1948,1949,1.4061995882785559e-05,3.5083830761948015e-08,0.000187306782477165
Steepest Descent,1949,1950,1.3040770484708622e-05,3.491004647019058e-08,0.0001868423037488849
Steepest Descent,1950,1951,1.3990407523408758e-05,3.473714692557679e-08,0.0001863790410040163
Steepest Descent,1951,1952,1.2974389481469464e-05,3.45651275168166e-08,0.00018591699093094366
Steepest Descent,1952,1953,1.3919202294267883e-05,3.4393983640391274e-08,0.00018545615018216913
Steepest Descent,1953,1954,1.2908363701997771e-05,3.422371073414216e-08,0.00018499651546486533
Steepest Descent,1954,1955,1.3848378061149705e-05,3.405430424357911e-08,0.00018453808345048756
Steepest Descent,1955,1956,1.2842691167441502e-05,3.3885759655144815e-08,0.00018408085086489797
Steepest Descent,1956,1957,1.3777932701919652e-05,3.371807246284361e-08,0.00018362481439839116
Steepest Descent,1957,1958,1.2777369910400303e-05,3.355123820118914e-08,0.00018316997079540395
Steepest Descent,1958,1959,1.3707864106767844e-05,3.338525241215865e-08,0.00018271631676497488
Steepest Descent,1959,1960,1.271239797507021e-05,3.322011067781144e-08,0.00018226384906999918
Steepest Descent,1960,1961,1.363817017788052e-05,3.3055808587574215e-08,0.00018181256443814385
Steepest Descent,1961,1962,1.2647773416466404e-05,3.2892341770540036e-08,0.0001813624596506676
Steepest Descent,1962,1963,1.356884882957368e-05,3.2729705863067345e-08,0.00018091353145375096
Steepest Descent,1963,1964,1.2583494300939879e-05,3.256789654077143e-08,0.00018046577664690728
Steepest Descent,1964,1965,1.3499897988022717e-05,3.24069094864352e-08,0.0001800191919947293
Steepest Descent,1965,1966,1.2519558706088875e-05,3.224674042168901e-08,0.00017957377431487316
Steepest Descent,1966,1967,1.3431315591406228e-05,3.20873850752371e-08,0.00017912952039023913
Steepest Descent,1967,1968,1.2455964720186325e-05,3.1928839214227304e-08,0.0001786864270565263
Steepest Descent,1968,1969,1.3363099589681026e-05,3.1771098612784475e-08,0.00017824449111482932
Steepest Descent,1969,1970,1.2392710442737487e-05,3.161415908307819e-08,0.00017780370941878064
Steepest Descent,1970,1971,1.3295247944606723e-05,3.145801644416499e-08,0.00017736407878757467
Steepest Descent,1971,1972,1.2329793984070326e-05,3.130266655274642e-08,0.00017692559609266948
Steepest Descent,1972,1973,1.3227758629428693e-05,3.114810527232159e-08,0.0001764882581712494
Steepest Descent,1973,1974,1.2267213465335658e-05,3.099432850364361e-08,0.0001760520619125025
Steepest Descent,1974,1975,1.3160629629269523e-05,3.08413321541702e-08,0.00017561700417149302
Steepest Descent,1975,1976,1.2204967018520013e-05,3.0689112168226905e-08,0.00017518308185503214
Steepest Descent,1976,1977,1.3093858940657513e-05,3.0537664496756286e-08,0.00017475029183596885
Steepest Descent,1977,1978,1.21430527861598e-05,3.038698512718394e-08,0.00017431863103863548
Steepest Descent,1978,1979,1.3027444571705805e-05,3.023707005346275e-08,0.0001738880963535536
Steepest Descent,1979,1980,1.2081468921642122e-05,3.0087915305652296e-08,0.00017345868472247878
Steepest Descent,1980,1981,1.2961384541728003e-05,2.993951692025177e-08,0.00017303039305350886
Steepest Descent,1981,1982,1.2020213588706058e-05,2.979187096948963e-08,0.000172603218305713
Steepest Descent,1982,1983,1.28956768817193e-05,2.9644973531951385e-08,0.00017217715740466672
Steepest Descent,1983,1984,1.1959284961787846e-05,2.94988207215784e-08,0.00017175220732665533
Steepest Descent,1984,1985,1.2830319633646139e-05,2.9353408658584603e-08,0.00017132836501462505
Steepest Descent,1985,1986,1.1898681225761534e-05,2.920873349817291e-08,0.00017090562746197946
Steepest Descent,1986,1987,1.2765310850700226e-05,2.9064791401735093e-08,0.00017048399162893592
Steepest Descent,1987,1988,1.1838400575782698e-05,2.892157856528908e-08,0.00017006345452591826
Steepest Descent,1988,1989,1.2700648597560012e-05,2.8779091190957535e-08,0.00016964401313031218
Steepest Descent,1989,1990,1.17784412173906e-05,2.863732551513054e-08,0.0001692256644694608
Steepest Descent,1990,1991,1.2636330949593411e-05,2.8496277780222166e-08,0.00016880840553782316
Steepest Descent,1991,1992,1.1718801366534856e-05,2.835594426255816e-08,0.0001683922333795658
Steepest Descent,1992,1993,1.2572355993358008e-05,2.8216321244404686e-08,0.00016797714500611292
Steepest Descent,1993,1994,1.1659479249220776e-05,2.8077405041592114e-08,0.00016756313747836102
Steepest Descent,1994,1995,1.250872182638372e-05,2.7939191975809035e-08,0.00016715020782460615
Steepest Descent,1995,1996,1.1600473101611617e-05,2.780167840196114e-08,0.00016673835312237294
Steepest Descent,1996,1997,1.2445426557083966e-05,2.7664860680732753e-08,0.00016632757041673142
Steepest Descent,1997,1998,1.1541781169994317e-05,2.7528735205682105e-08,0.0001659178568017382
Steepest Descent,1998,1999,1.2382468304692311e-05,2.739329837606768e-08,0.00016550920933914123
Steepest Descent,1999,2000,1.1483401710770795e-05,2.7258546623682152e-08,0.0001651016251394339
Steepest Descent,2000,2001,1.2319845199026654e-05,2.7124476385940816e-08,0.00016469510128094527
Steepest Descent,2001,2002,1.1425332990187829e-05,2.6991084132455542e-08,0.00016428963489050532
Steepest Descent,2002,2003,1.2257555380941153e-05,2.6858366338387104e-08,0.00016388522306293236
Steepest Descent,2003,2004,1.136757328442285e-05,2.6726319510757925e-08,0.00016348186294129979
Steepest Descent,2004,2005,1.2195597001559517e-05,2.6594940162066475e-08,0.0001630795516368207
Steepest Descent,2005,2006,1.1310120879681405e-05,2.646422483633881e-08,0.00016267828630871055
Steepest Descent,2006,2007,1.213396822291185e-05,2.633417008300887e-08,0.00016227806408448698
Steepest Descent,2007,2008,1.1252974071711222e-05,2.620477248270704e-08,0.00016187888213941632
Steepest Descent,2008,2009,1.2072667217300812e-05,2.6076028621401707e-08,0.00016148073761722078
Steepest Descent,2009,2010,1.1196131166279443e-05,2.594793511593269e-08,0.00016108362770912715
Steepest Descent,2010,2011,1.2011692167573573e-05,2.582048858840725e-08,0.0001606875495749663
Steepest Descent,2011,2012,1.113959047867963e-05,2.569368569148472e-08,0.0001602925004218373
Steepest Descent,2012,2013,1.1951041266953297e-05,2.5567523083021416e-08,0.00015989847742558844
Steepest Descent,2013,2014,1.1083350333800204e-05,2.544199745110715e-08,0.00015950547780909326
Steepest Descent,2014,2015,1.1890712719026071e-05,2.531710548896079e-08,0.00015911349876412368
Steepest Descent,2015,2016,1.1027409066204275e-05,2.5192843919720466e-08,0.00015872253752923833
Steepest Descent,2016,2017,1.1830704737567899e-05,2.5069209471586528e-08,0.0001583325913120433
Steepest Descent,2017,2018,1.0971765019776073e-05,2.4946198902367238e-08,0.00015794365736669273
Steepest Descent,2018,2019,1.1771015546588505e-05,2.482380897486446e-08,0.00015755573291652847
Steepest Descent,2019,2020,1.0916416548188739e-05,2.4702036481182655e-08,0.00015716881523121135
Steepest Descent,2020,2021,1.1711643380336637e-05,2.4580878218353534e-08,0.00015678290154973382
Steepest Descent,2021,2022,1.0861362014301843e-05,2.4460331012406788e-08,0.00015639798915717166
Steepest Descent,2022,2023,1.1652586482942763e-05,2.4340391694232727e-08,0.0001560140753080719
Steepest Descent,2023,2024,1.0806599790410956e-05,2.4221057123421145e-08,0.00015563115730283942
Steepest Descent,2024,2025,1.1593843108794115e-05,2.4102324164355997e-08,0.0001552492324114873
Steepest Descent,2025,2026,1.0752128257944926e-05,2.398418970982427e-08,0.00015486829794965871
Steepest Descent,2026,2027,1.153541152215749e-05,2.386665065734337e-08,0.0001544883512027472
Steepest Descent,2027,2028,1.0697945807724557e-05,2.374970393253764e-08,0.00015410938950154087
Steepest Descent,2028,2029,1.1477289997115308e-05,2.3633346465700976e-08,0.00015373141014672628
Steepest Descent,2029,2030,1.0644050839872429e-05,2.351757521494132e-08,0.00015335441048415046
Steepest Descent,2030,2031,1.1419476817782158e-05,2.3402387142974888e-08,0.00015297838782970255
Steepest Descent,2031,2032,1.0590441763336971e-05,2.3287779240044375e-08,0.00015260333954420646
Steepest Descent,2032,2033,1.1361970277932186e-05,2.317374850093623e-08,0.00015222926295865792
Steepest Descent,2033,2034,1.0537116996382996e-05,2.306029194768109e-08,0.0001518561554487703
Steepest Descent,2034,2035,1.1304768681015843e-05,2.294740660679377e-08,0.0001514840143605713
Steepest Descent,2035,2036,1.0484074966217412e-05,2.283508953174805e-08,0.00015111283708457086
Steepest Descent,2036,2037,1.1247870340456801e-05,2.2723337780443316e-08,0.000150742620981736
Steepest Descent,2037,2038,1.0431314109044268e-05,2.2612148437458697e-08,0.00015037336345729153
Steepest Descent,2038,2039,1.1191273578942032e-05,2.25015185917403e-08,0.00015000506188705864
Steepest Descent,2039,2040,1.037883287003765e-05,2.2391445358639115e-08,0.00014963771369089782
Steepest Descent,2040,2041,1.1134976728957881e-05,2.228192585781035e-08,0.0001492713162593884
Steepest Descent,2041,2042,1.032662970314067e-05,2.2172957235045478e-08,0.00014890586702694247
Steepest Descent,2042,2043,1.107897813255718e-05,2.206453664037943e-08,0.00014854136339881706
Steepest Descent,2043,2044,1.0274703071146253e-05,2.1956661249714816e-08,0.00014817780282388727
Steepest Descent,2044,2045,1.1023276140951413e-05,2.1849328243141937e-08,0.00014781518272201247
Steepest Descent,2045,2046,1.0223051445613073e-05,2.1742534826348894e-08,0.00014745350055644287
Steepest Descent,2046,2047,1.0967869115067077e-05,2.1636278209154648e-08,0.00014709275376154546
Steepest Descent,2047,2048,1.017167330685997e-05,2.1530555626714235e-08,0.0001467329398148699
Steepest Descent,2048,2049,1.0912755425081794e-05,2.1425364318257455e-08,0.0001463740561652148
Steepest Descent,2049,2050,1.0120567143869035e-05,2.1320701548085874e-08,0.00014601610030433586
Steepest Descent,2050,2051,1.0857933450223353e-05,2.1216564584524395e-08,0.00014565906969538282
Steepest Descent,2051,2052,1.0069731454151452e-05,2.111295072070706e-08,0.00014530296184423445
Steepest Descent,2052,2053,1.0803401579435929e-05,2.1009857253742664e-08,0.00014494777422831528
Steepest Descent,2053,2054,1.0019164743904254e-05,2.0907281505285888e-08,0.00014459350436754026
Steepest Descent,2054,2055,1.0749158210413227e-05,2.080522080091878e-08,0.00014424014975352313
Steepest Descent,2055,2056,9.968865527768252e-06,2.0703672490511376e-08,0.0001438877079201395
Steepest Descent,2056,2057,1.0695201750094248e-05,2.0602633927812198e-08,0.00014353617637310882
Steepest Descent,2057,2058,9.91883232882447e-06,2.0502102490603253e-08,0.00014318555266018725
Steepest Descent,2058,2059,1.064153061466189e-05,2.040207556049544e-08,0.0001428358343011145
Steepest Descent,2059,2060,9.869063678581278e-06,2.030255054288353e-08,0.00014248701885745076
Steepest Descent,2060,2061,1.0588143229143741e-05,2.020352484694161e-08,0.00014213910386287655
Steepest Descent,2061,2062,9.819558117015057e-06,2.0104995905379487e-08,0.00014179208689267354
Steepest Descent,2062,2063,1.0535038027630386e-05,2.000696115463902e-08,0.00014144596549438594
Steepest Descent,2063,2064,9.77031419218814e-06,1.9909418054449654e-08,0.00014110073725693163
Steepest Descent,2064,2065,1.048221345307753e-05,1.981236406822835e-08,0.00014075639974163998
Steepest Descent,2065,2066,9.72133046077547e-06,1.9715796682436238e-08,0.00014041295055099525
Steepest Descent,2066,2067,1.0429667957301374e-05,1.961971338717228e-08,0.0001400703872600211
Steepest Descent,2067,2068,9.672605487310941e-06,1.9524111695343113e-08,0.00013972870748469376
Steepest Descent,2068,2069,1.0377400001113393e-05,1.9428989123444575e-08,0.00013938790881365778
Steepest Descent,2069,2070,9.62413784473153e-06,1.93343432105423e-08,0.00013904798887629514
Steepest Descent,2070,2071,1.0325408053752336e-05,1.9240171499245597e-08,0.00013870894527479328
Steepest Descent,2071,2072,9.5759261139681e-06,1.914647155449913e-08,0.00013837077565186635
Steepest Descent,2072,2073,1.0273690593481292e-05,1.9053240944745933e-08,0.00013803347762316912
Steepest Descent,2073,2074,9.527968884214068e-06,1.8960477260530955e-08,0.00013769704884466824
Steepest Descent,2074,2075,1.0222246106946808e-05,1.886817809585276e-08,0.00013736148694540532
Steepest Descent,2075,2076,9.480264752461862e-06,1.8776341066581764e-08,0.0001370267895945233
Steepest Descent,2076,2077,1.0171073089748136e-05,1.8684963791998536e-08,0.00013669295443437653
Steepest Descent,2077,2078,9.432812323849004e-06,1.8594043913026844e-08,0.00013635997914720742
Steepest Descent,2078,2079,1.0120170045711344e-05,1.850357907395727e-08,0.00013602786138860402
Steepest Descent,2079,2080,9.385610211320425e-06,1.8413566940498847e-08,0.00013569659885383586
Steepest Descent,2080,2081,1.0069535487453402e-05,1.8324005181683608e-08,0.0001353661892116477
Steepest Descent,2081,2082,9.33865703584408e-06,1.8234891487738726e-08,0.00013503663017025685
Steepest Descent,2082,2083,1.0019167935747013e-05,1.814622355217481e-08,0.00013470791941149862
Steepest Descent,2083,2084,9.291951426202699e-06,1.805799908947253e-08,0.00013438005465645758
Steepest Descent,2084,2085,9.969065920071223e-06,1.7970215817356377e-08,0.00013405303359997632
Steepest Descent,2085,2086,9.245492018857575e-06,1.788287147430288e-08,0.00013372685397594185
Steepest Descent,2086,2087,9.919227978107076e-06,1.7795963801991326e-08,0.00013340151349213142
Steepest Descent,2087,2088,9.199277458226516e-06,1.7709490562635733e-08,0.00013307700989515704
Steepest Descent,2088,2089,9.869652655923187e-06,1.762344952161212e-08,0.00013275334090565147
Steepest Descent,2089,2090,9.153306396288988e-06,1.7537838464617777e-08,0.00013243050428287954
Steepest Descent,2090,2091,9.820338507759869e-06,1.745265518047328e-08,0.00013210849776026248
Steepest Descent,2091,2092,9.10757749258791e-06,1.736789747810808e-08,0.00013178731910964755
Steepest Descent,2092,2093,9.771284096094779e-06,1.7283563169532623e-08,0.00013146696607715805
Steepest Descent,2093,2094,9.062089414627294e-06,1.719965008666043e-08,0.00013114743644715448
Steepest Descent,2094,2095,9.722487991784905e-06,1.7116156064444347e-08,0.00013082872797839297
Steepest Descent,2095,2096,9.016840837179461e-06,1.7033078957536025e-08,0.0001305108384676768
Steepest Descent,2096,2097,9.673948773471123e-06,1.695041662358375e-08,0.00013019376568631754
Steepest Descent,2097,2098,8.971830442583666e-06,1.6868166939734072e-08,0.00012987750744349104
Steepest Descent,2098,2099,9.625665028170255e-06,1.678632778608814e-08,0.00012956206152299422
Steepest Descent,2099,2100,8.927056920743849e-06,1.670489706204495e-08,0.00012924742574629852
Steepest Descent,2100,2101,9.577635350661502e-06,1.6623872669920723e-08,0.00012893359790962447
Steepest Descent,2101,2102,8.882518969081902e-06,1.6543252531126463e-08,0.00012862057584666018
Steepest Descent,2102,2103,9.529858343980209e-06,1.6463034569955153e-08,0.00012830835736597657
Steepest Descent,2103,2104,8.838215292179855e-06,1.638321672959539e-08,0.00012799694031341292
Steepest Descent,2104,2105,9.482332618861224e-06,1.6303796956081245e-08,0.00012768632250981796
Steepest Descent,2105,2106,8.794144602303272e-06,1.6224773214146984e-08,0.00012737650181311692
Steepest Descent,2106,2107,9.435056794018644e-06,1.6146143471332748e-08,0.00012706747605635655
Steepest Descent,2107,2108,8.750305618782712e-06,1.606790571368876e-08,0.000126759243109482
Steepest Descent,2108,2109,9.38802949612306e-06,1.5990057930032218e-08,0.0001264518008176721
Steepest Descent,2109,2110,8.706697068095014e-06,1.5912598127498916e-08,0.00012614514706281376
Steepest Descent,2110,2111,9.34124935938874e-06,1.5835524315958378e-08,0.00012583927970215967
Steepest Descent,2111,2112,8.663317684418803e-06,1.5758834523404937e-08,0.00012553419662946402
Steepest Descent,2112,2113,9.294715026038959e-06,1.568252678053399e-08,0.0001252298957139787
Steepest Descent,2113,2114,8.620166208686155e-06,1.560659913597798e-08,0.0001249263748612677
Steepest Descent,2114,2115,9.248425145759382e-06,1.5531049641033817e-08,0.00012462363195250658
Steepest Descent,2115,2116,8.577241389109279e-06,1.5455876364750436e-08,0.0001243216649049973
Steepest Descent,2116,2117,9.202378376220602e-06,1.5381077378807347e-08,0.00012402047161177602
Steepest Descent,2117,2118,8.534541981070446e-06,1.5306650772452097e-08,0.000123720050001817
Steepest Descent,2118,2119,9.156573382390917e-06,1.523259463752841e-08,0.0001234203979799466
Steepest Descent,2119,2120,8.492066746872113e-06,1.5158907083265245e-08,0.00012312151348673896
Steepest Descent,2120,2121,9.111008837012984e-06,1.5085586221457165e-08,0.0001228233944387516
Steepest Descent,2121,2122,8.449814456152268e-06,1.5012630181099838e-08,0.00012252603878808713
Steepest Descent,2122,2123,9.065683420151444e-06,1.4940037093724697e-08,0.00012222944446296357
Steepest Descent,2123,2124,8.407783885095577e-06,1.486780510788529e-08,0.00012193360942695532
Steepest Descent,2124,2125,9.020595819662386e-06,1.4795932374636575e-08,0.00012163853161986368
Steepest Descent,2125,2126,8.365973817126716e-06,1.4724417061882069e-08,0.00012134420901667316
Steepest Descent,2126,2127,8.97574473058251e-06,1.4653257339992629e-08,0.00012105063956870541
Steepest Descent,2127,2128,8.324383042447099e-06,1.4582451396013336e-08,0.00012075782126228235
Steepest Descent,2128,2129,8.931128855435365e-06,1.45119974194256e-08,0.00012046575206018346
Steepest Descent,2129,2130,8.283010358089103e-06,1.4441893616212395e-08,0.00012017442996000603
Steepest Descent,2130,2131,8.886746904198874e-06,1.4372138194760118e-08,0.00011988385293591508
Steepest Descent,2131,2132,8.241854568064937e-06,1.4302729379787683e-08,0.0001195940189967194
Steepest Descent,2132,2133,8.842597593909947e-06,1.423366539838591e-08,0.00011930492612790937
Steepest Descent,2133,2134,8.20091448299944e-06,1.4164944493809104e-08,0.00011901657234943839
Steepest Descent,2134,2135,8.798679649173266e-06,1.4096564911652381e-08,0.00011872895565805495
Steepest Descent,2135,2136,8.160188920354246e-06,1.4028524913507626e-08,0.00011844207408479314
Steepest Descent,2136,2137,8.75499180167499e-06,1.3960822763277566e-08,0.0001181559256375979
Steepest Descent,2137,2138,8.119676704241075e-06,1.3893456740695398e-08,0.00011787050835851772
Steepest Descent,2138,2139,8.711532790197398e-06,1.3826425127776969e-08,0.0001175858202666332
Steepest Descent,2139,2140,8.07937666550263e-06,1.3759726222202081e-08,0.00011730185941493887
Steepest Descent,2140,2141,8.668301360909347e-06,1.369335832390679e-08,0.00011701862383358808
Steepest Descent,2141,2142,8.039287641475995e-06,1.3627319748326852e-08,0.00011673611158646175
Steepest Descent,2142,2143,8.625296266825395e-06,1.3561608813126491e-08,0.0001164543207147184
Steepest Descent,2143,2144,7.999408476329585e-06,1.3496223851308876e-08,0.00011617324929306606
Steepest Descent,2144,2145,8.582516268194877e-06,1.3431163198077785e-08,0.00011589289537360685
Steepest Descent,2145,2146,7.959738020362276e-06,1.3366425203815614e-08,0.00011561325704180993
Steepest Descent,2146,2147,8.539960132183537e-06,1.3302008221078698e-08,0.00011533433236065789
Steepest Descent,2147,2148,7.920275130888396e-06,1.323791061744387e-08,0.0001150561194263211
Steepest Descent,2148,2149,8.497626633108167e-06,1.3174130762634407e-08,0.00011477861631259721
Steepest Descent,2149,2150,7.881018671251516e-06,1.3110667041238746e-08,0.00011450182112629801
Steepest Descent,2150,2151,8.455514551981418e-06,1.3047517839965634e-08,0.00011422573195198021
Steepest Descent,2151,2152,7.841967511506881e-06,1.298468156023248e-08,0.00011395034690702998
Steepest Descent,2152,2153,8.413622676870097e-06,1.292215660555128e-08,0.0001136756640866957
Steepest Descent,2153,2154,7.803120527986508e-06,1.2859941393991231e-08,0.00011340168161888619
Steepest Descent,2154,2155,8.371949802665346e-06,1.2798034345688721e-08,0.00011312839760948053
Steepest Descent,2155,2156,7.764476603448897e-06,1.2736433895186052e-08,0.00011285581019684388
Steepest Descent,2156,2157,8.330494731114304e-06,1.2675138479067456e-08,0.00011258391749742701
Steepest Descent,2157,2158,7.726034626935657e-06,1.2614146548173942e-08,0.00011231271765999585
Steepest Descent,2158,2159,8.289256270664733e-06,1.2553456555360945e-08,0.00011204220881150525
Steepest Descent,2159,2160,7.687793493741975e-06,1.2493066967595283e-08,0.00011177238911106482
Steepest Descent,2160,2161,8.248233236618946e-06,1.2432976253830876e-08,0.00011150325669607536
Steepest Descent,2161,2162,7.649752105506481e-06,1.2373182896987957e-08,0.00011123480973592734
Steepest Descent,2162,2163,8.207424450826233e-06,1.2313685381948324e-08,0.00011096704637841058
Steepest Descent,2163,2164,7.611909369863845e-06,1.225448220741606e-08,0.00011069996480313829
Steepest Descent,2164,2165,8.166828742071456e-06,1.219557187403131e-08,0.00011043356316822938
Steepest Descent,2165,2166,7.574264200967084e-06,1.2136952896112611e-08,0.00011016783966345447
Steepest Descent,2166,2167,8.126444945261858e-06,1.2078623789892046e-08,0.0001099027924572076
Steepest Descent,2167,2168,7.536815518882289e-06,1.2020583085137328e-08,0.00010963841974936216
Steepest Descent,2168,2169,8.086271902544735e-06,1.1962829313504105e-08,0.00010937471971851677
Steepest Descent,2169,2170,7.499562249816991e-06,1.1905361020047864e-08,0.00010911169057460278
Steepest Descent,2170,2171,8.04630846210324e-06,1.1848176751683535e-08,0.0001088493305063634
Steepest Descent,2171,2172,7.462503325974296e-06,1.1791275068590178e-08,0.0001085876377337226
Steepest Descent,2172,2173,8.00655347885475e-06,1.1734654532780552e-08,0.00010832661045551342
Steepest Descent,2173,2174,7.425637685786851e-06,1.1678313719396492e-08,0.000108066246901595
Steepest Descent,2174,2175,7.967005814193933e-06,1.1622251205388774e-08,0.0001078065452808352
Steepest Descent,2175,2176,7.388964273543389e-06,1.1566465580701784e-08,0.00010754750383296576
Steepest Descent,2176,2177,7.927664335761941e-06,1.1510955437066551e-08,0.00010728912077683623
Steepest Descent,2177,2178,7.352482039512083e-06,1.1455719379072602e-08,0.00010703139436199362
Steepest Descent,2178,2179,7.888527917894971e-06,1.1400756013074657e-08,0.00010677432281721414
Steepest Descent,2179,2180,7.316189939945601e-06,1.1346063958150799e-08,0.00010651790440179904
Steepest Descent,2180,2181,7.849595440984573e-06,1.1291641835124105e-08,0.00010626213735439403
Steepest Descent,2181,2182,7.2800869369266685e-06,1.1237488277409008e-08,0.00010600701994400657
Steepest Descent,2182,2183,7.810865792032033e-06,1.118360192014096e-08,0.00010575255041908425
Steepest Descent,2183,2184,7.2441719985446366e-06,1.112998141091994e-08,0.00010549872705829174
Steepest Descent,2184,2185,7.772337864083468e-06,1.1076625399042714e-08,0.00010524554811982649
Steepest Descent,2185,2186,7.2084440984784575e-06,1.10235325461419e-08,0.00010499301189194402
Steepest Descent,2186,2187,7.734010556586271e-06,1.0970701515526476e-08,0.00010474111664254146
Steepest Descent,2187,2188,7.172902216368731e-06,1.0918130982713676e-08,0.0001044898606694146
Steepest Descent,2188,2189,7.69588277520862e-06,1.0865819624875104e-08,0.00010423924225010033
Steepest Descent,2189,2190,7.1375453375563925e-06,1.0813766131264722e-08,0.0001039892596918774
Steepest Descent,2190,2191,7.657953431667678e-06,1.0761969192770475e-08,0.00010373991128187105
Steepest Descent,2191,2192,7.102372453177842e-06,1.0710427512237052e-08,0.00010349119533678723
Steepest Descent,2192,2193,7.620221443864239e-06,1.0659139794123723e-08,0.00010324311015328684
Steepest Descent,2193,2194,7.0673825600583925e-06,1.0608104754721207e-08,0.00010299565405744655
Steepest Descent,2194,2195,7.5826857359553726e-06,1.0557321111916231e-08,0.00010274882535540848
Steepest Descent,2195,2196,7.032574660655365e-06,1.0506787595303955e-08,0.00010250262238257103
Steepest Descent,2196,2197,7.545345237944696e-06,1.0456502936054005e-08,0.00010225704345449268
Steepest Descent,2197,2198,6.9979477629659985e-06,1.0406465876926328e-08,0.00010201208691584701
Steepest Descent,2198,2199,7.508198886032657e-06,1.0356675162233126e-08,0.00010176775109155712
Steepest Descent,2199,2200,6.963500880707111e-06,1.0307129547758835e-08,0.00010152403433551503
Steepest Descent,2200,2201,7.471245622442826e-06,1.0257827790819627e-08,0.00010128093498195811
Steepest Descent,2201,2202,6.9292330330608444e-06,1.0208768660085662e-08,0.00010103845139394042
Steepest Descent,2202,2203,7.434484395197138e-06,1.0159950925739727e-08,0.00010079658191496241
Steepest Descent,2203,2204,6.895143244867315e-06,1.0111373369200812e-08,0.00010055532491718582
Steepest Descent,2204,2205,7.397914158511115e-06,1.0063034773382496e-08,0.00010031467875332351
Steepest Descent,2205,2206,6.861230546428281e-06,1.0014933932317633e-08,0.0001000746418045932
Steepest Descent,2206,2207,7.361533872136979e-06,9.967069641514636e-09,9.983521243286176e-05
Steepest Descent,2207,2208,6.827493973483853e-06,9.91944070748772e-09,9.959638902835644e-05
Steepest Descent,2208,2209,7.325342502042142e-06,9.872045938206828e-09,9.935816996204603e-05
Steepest Descent,2209,2210,6.793932567172291e-06,9.82488415253509e-09,9.91205536331143e-05
Steepest Descent,2210,2211,7.289339019788501e-06,9.777954170772227e-09,9.88835384215807e-05
Steepest Descent,2211,2212,6.760545374130133e-06,9.731254823998847e-09,9.864712273553063e-05
Steepest Descent,2212,2213,7.253522402899494e-06,9.684784944714674e-09,9.841130496398609e-05
Steepest Descent,2213,2214,6.727331446213232e-06,9.638543376088756e-09,9.817608352388455e-05
Steepest Descent,2214,2215,7.217891634508143e-06,9.592528962690699e-09,9.794145681319376e-05
Steepest Descent,2215,2216,6.694289840854927e-06,9.546740559651112e-09,9.770742325765792e-05
Steepest Descent,2216,2217,7.182445703632999e-06,9.50117702348083e-09,9.747398126413442e-05
Steepest Descent,2217,2218,6.661419620606344e-06,9.455837221146239e-09,9.72411292671277e-05
Steepest Descent,2218,2219,7.147183604898291e-06,9.410720020973312e-09,9.700886568233498e-05
Steepest Descent,2219,2220,6.6287198533540594e-06,9.36582430163801e-09,9.67771889529656e-05
Steepest Descent,2220,2221,7.112104338629912e-06,9.321148943157171e-09,9.654609750350953e-05
Steepest Descent,2221,2222,6.5961896123178615e-06,9.27669283579258e-09,9.631558978583156e-05
Steepest Descent,2222,2223,7.077206910722827e-06,9.232454871128441e-09,9.608566423316455e-05
Steepest Descent,2223,2224,6.563827975758311e-06,9.18843395088936e-09,9.585631930597669e-05
Steepest Descent,2224,2225,7.042490332751084e-06,9.144628978105256e-09,9.562755344619695e-05
Steepest Descent,2225,2226,6.531634027303079e-06,9.101038865841533e-09,9.539936512284309e-05
Steepest Descent,2226,2227,7.00795362177094e-06,9.057662528453578e-09,9.517175278649426e-05
Steepest Descent,2227,2228,6.499606855669206e-06,9.014498890227423e-09,9.494471491466717e-05
Steepest Descent,2228,2229,6.973595800482137e-06,8.971546876724713e-09,9.4718249966544e-05
Steepest Descent,2229,2230,6.4677455546958695e-06,8.928805423333414e-09,9.449235642809112e-05
Steepest Descent,2230,2231,6.939415896923495e-06,8.886273466702206e-09,9.426703276704006e-05
Steepest Descent,2231,2232,6.43604922342587e-06,8.843949953205235e-09,9.404227747776653e-05
Steepest Descent,2232,2233,6.9054129448134036e-06,8.801833830459513e-09,9.381808903649397e-05
Steepest Descent,2233,2234,6.4045169657863454e-06,8.759924055710574e-09,9.35944659459659e-05
Steepest Descent,2234,2235,6.871585983135409e-06,8.71821958742758e-09,9.337140669084717e-05
Steepest Descent,2235,2236,6.373147890847883e-06,8.676719393611999e-09,9.314890978219765e-05
Steepest Descent,2236,2237,6.837934056436746e-06,8.63542244347334e-09,9.292697371309011e-05
Steepest Descent,2237,2238,6.341941112762897e-06,8.594327715652386e-09,9.27055970028368e-05
Steepest Descent,2238,2239,6.80445621446424e-06,8.553434189984724e-09,9.248477815286536e-05
Steepest Descent,2239,2240,6.310895750569032e-06,8.512740855641067e-09,9.226451569070888e-05
Steepest Descent,2240,2241,6.771151512427219e-06,8.472246702971056e-09,9.204480812610266e-05
Steepest Descent,2241,2242,6.2800109282213965e-06,8.431950731562436e-09,9.182565399474395e-05
Steepest Descent,2242,2243,6.738019010894822e-06,8.391851942168626e-09,9.160705181463173e-05
Steepest Descent,2243,2244,6.249285774806535e-06,8.35194934468443e-09,9.138900012958031e-05
Steepest Descent,2244,2245,6.705057775494551e-06,8.312241950157638e-09,9.117149746580691e-05
Steepest Descent,2245,2246,6.218719424071826e-06,8.272728778682057e-09,9.095454237520002e-05
Steepest Descent,2246,2247,6.672266877389897e-06,8.233408851489066e-09,9.0738133392136e-05
Steepest Descent,2247,2248,6.1883110147772595e-06,8.194281198765465e-09,9.052226907653975e-05
Steepest Descent,2248,2249,6.639645392793309e-06,8.155344851819964e-09,9.030694797090623e-05
Steepest Descent,2249,2250,6.158059690537119e-06,8.116598850824037e-09,9.009216864314034e-05
Steepest Descent,2250,2251,6.6071924032151156e-06,8.078042237057463e-09,8.98779296438089e-05
Steepest Descent,2251,2252,6.127964599576081e-06,8.039674060572654e-09,8.96642295487596e-05
Steepest Descent,2252,2253,6.574906995123448e-06,8.001493372515343e-09,8.945106691658484e-05
Steepest Descent,2253,2254,6.098024895294982e-06,7.963499232713627e-09,8.923844033102341e-05
Steepest Descent,2254,2255,6.542788260486834e-06,7.92569070207537e-09,8.902634835864812e-05
Steepest Descent,2255,2256,6.068239735430034e-06,7.888066850101149e-09,8.881478959104247e-05
Steepest Descent,2256,2257,6.51083529601974e-06,7.850626747359546e-09,8.860376260272216e-05
Steepest Descent,2257,2258,6.0386082826874505e-06,7.813369472921608e-09,8.839326599306989e-05
Steepest Descent,2258,2259,6.479047203624598e-06,7.776294106912933e-09,8.818329834448772e-05
Steepest Descent,2259,2260,6.009129704462969e-06,7.739399737876005e-09,8.797385826412301e-05
Steepest Descent,2260,2261,6.447423090365375e-06,7.70268545539238e-09,8.77649443422166e-05
Steepest Descent,2261,2262,5.979803172879997e-06,7.666150357375372e-09,8.75565551936311e-05
Steepest Descent,2262,2263,6.415962068261519e-06,7.629793542764738e-09,8.734868941641159e-05
Steepest Descent,2263,2264,5.950627864375707e-06,7.59361411874543e-09,8.71413456330887e-05
Steepest Descent,2264,2265,6.3846632541380096e-06,7.557611193515601e-09,8.693452244945964e-05
Steepest Descent,2265,2266,5.921602960537219e-06,7.52178388343592e-09,8.67282184956887e-05
Steepest Descent,2266,2267,6.353525770131435e-06,7.486131305864658e-09,8.6522432385276e-05
Steepest Descent,2267,2268,5.892727647095267e-06,7.450652586240956e-09,8.631716275597198e-05
Steepest Descent,2268,2269,6.322548742977595e-06,7.4153468509893645e-09,8.611240822895016e-05
Steepest Descent,2269,2270,5.864001114673318e-06,7.380213234529878e-09,8.590816744949153e-05
Steepest Descent,2270,2271,6.291731304525005e-06,7.345250872257654e-09,8.570443904639744e-05
Steepest Descent,2271,2272,5.835422558209848e-06,7.310458907480616e-09,8.550122167244522e-05
Steepest Descent,2272,2273,6.26107259133661e-06,7.275836484469277e-09,8.529851396401507e-05
Steepest Descent,2273,2274,5.806991177284852e-06,7.241382755326718e-09,8.509631458134199e-05
Steepest Descent,2274,2275,6.230571744940347e-06,7.207096873105349e-09,8.489462216834084e-05
Steepest Descent,2275,2276,5.77870617595668e-06,7.172977998610186e-09,8.469343539265712e-05
Steepest Descent,2276,2277,6.2002279116514925e-06,7.139025293583313e-09,8.449275290569786e-05
Steepest Descent,2277,2278,5.750566762585262e-06,7.105237927440805e-09,8.429257338248017e-05
Steepest Descent,2278,2279,6.170040242618442e-06,7.071615070524495e-09,8.40928954818687e-05
Steepest Descent,2279,2280,5.722572150331678e-06,7.038155900768469e-09,8.389371788619495e-05
Steepest Descent,2280,2281,6.140007893718275e-06,7.004859597024479e-09,8.369503926174165e-05
Steepest Descent,2281,2282,5.694721556449067e-06,6.971725345656222e-09,8.349685829811935e-05
Steepest Descent,2282,2283,6.1101300254010414e-06,6.938752333936078e-09,8.329917366898713e-05
Steepest Descent,2283,2284,5.6670142027447755e-06,6.905939756568271e-09,8.310198407118973e-05
Steepest Descent,2284,2285,6.080405803135318e-06,6.8732868091563875e-09,8.290528818571458e-05
Steepest Descent,2285,2286,5.639449315285347e-06,6.840792694659196e-09,8.270908471660894e-05
Steepest Descent,2286,2287,6.05083439677129e-06,6.808456616923454e-09,8.251337235214334e-05
Steepest Descent,2287,2288,5.612026124571607e-06,6.776277787075671e-09,8.231814980352552e-05
Steepest Descent,2288,2289,6.02141498101244e-06,6.7442554171195916e-09,8.212341576626968e-05
Steepest Descent,2289,2290,5.5847438653614945e-06,6.712388726263663e-09,8.192916895870275e-05
Steepest Descent,2290,2291,5.992146735224662e-06,6.680676934582234e-09,8.173540808353643e-05
Steepest Descent,2291,2292,5.557601776732018e-06,6.649119269282318e-09,8.154213186618509e-05
Steepest Descent,2292,2293,5.963028843098209e-06,6.617714958423604e-09,8.134933901651324e-05
Steepest Descent,2293,2294,5.530599101904226e-06,6.58646323712641e-09,8.115702826697396e-05
Steepest Descent,2294,2295,5.934060493256909e-06,6.555363341354426e-09,8.096519833455869e-05
Steepest Descent,2295,2296,5.503735088613331e-06,6.524414514057459e-09,8.077384795871408e-05
Steepest Descent,2296,2297,5.905240878512523e-06,6.493615999018873e-09,8.058297586350899e-05
Steepest Descent,2297,2298,5.4770089886023914e-06,6.462967046937102e-09,8.03925807953514e-05
Steepest Descent,2298,2299,5.876569196460398e-06,6.4324669093332774e-09,8.020266148534771e-05
Steepest Descent,2299,2300,5.450420057714597e-06,6.402114844573123e-09,8.001321668682694e-05
Steepest Descent,2300,2301,5.848044649250132e-06,6.3719101118345626e-09,7.98242451378938e-05
Steepest Descent,2301,2302,5.423967556194315e-06,6.341851977069304e-09,7.963574559875296e-05
Steepest Descent,2302,2303,5.819666443096997e-06,6.311939707032763e-09,7.944771681447342e-05
Steepest Descent,2303,2304,5.397650748412758e-06,6.2821725751839886e-09,7.926015755210172e-05
Steepest Descent,2304,2305,5.791433789087627e-06,6.252549855774292e-09,7.907306656361755e-05
Steepest Descent,2305,2306,5.371468902621866e-06,6.223070829691972e-09,7.888644262287386e-05
Steepest Descent,2306,2307,5.7633459026110295e-06,6.193734778607599e-09,7.870028448873358e-05
Steepest Descent,2307,2308,5.345421291464561e-06,6.164540990759724e-09,7.851459094180981e-05
Steepest Descent,2308,2309,5.7354020032810285e-06,6.135488755159999e-09,7.832936074780643e-05
Steepest Descent,2309,2310,5.319507191380533e-06,6.106577367320224e-09,7.8144592694058e-05
Steepest Descent,2310,2311,5.707601315201616e-06,6.077806123516963e-09,7.796028555307479e-05
Steepest Descent,2311,2312,5.2937258830533646e-06,6.049174326459555e-09,7.777643811887731e-05
Steepest Descent,2312,2313,5.6799430669240526e-06,6.020681279612638e-09,7.759304917073846e-05
Steepest Descent,2313,2314,5.268076651240484e-06,5.9923262928072375e-09,7.741011750932327e-05
Steepest Descent,2314,2315,5.652426491123375e-06,5.9641086766212e-09,7.722764192063099e-05
Steepest Descent,2315,2316,5.242558784444005e-06,5.936027747933717e-09,7.704562121193984e-05
Steepest Descent,2316,2317,5.62505082488979e-06,5.908082824361173e-09,7.686405417593567e-05
Steepest Descent,2317,2318,5.217171575410455e-06,5.880273229755855e-09,7.668293962646356e-05
Steepest Descent,2318,2319,5.597815309555603e-06,5.852598288700171e-09,7.650227636286499e-05
Steepest Descent,2319,2320,5.191914320740717e-06,5.825057331947025e-09,7.63220632055176e-05
Steepest Descent,2320,2321,5.570719190736595e-06,5.797649690970297e-09,7.614229896036957e-05
Steepest Descent,2321,2322,5.166786320896292e-06,5.770374703352614e-09,7.596298245430213e-05
Steepest Descent,2322,2323,5.543761718057395e-06,5.743231707387515e-09,7.578411249983412e-05
Steepest Descent,2323,2324,5.141786880377445e-06,5.716220047415541e-09,7.560568793031077e-05
Steepest Descent,2324,2325,5.516942145773515e-06,5.689339068478398e-09,7.542770756478283e-05
Steepest Descent,2325,2326,5.116915307434039e-06,5.662588121603626e-09,7.525017024302088e-05
Steepest Descent,2326,2327,5.4902597318257185e-06,5.635966558511627e-09,7.50730747905774e-05
Steepest Descent,2327,2328,5.092170914307488e-06,5.609473736846355e-09,7.489642005360706e-05
Steepest Descent,2328,2329,5.463713738560622e-06,5.583109014936962e-09,7.472020486412602e-05
Steepest Descent,2329,2330,5.067553017102451e-06,5.556871756975487e-09,7.454442807464208e-05
Steepest Descent,2330,2331,5.4373034324168615e-06,5.530761327829923e-09,7.436908852359239e-05
Steepest Descent,2331,2332,5.0430609356331515e-06,5.504777098172362e-09,7.419418506980424e-05
Steepest Descent,2332,2333,5.411028083991331e-06,5.4789184393412396e-09,7.401971655809849e-05
Steepest Descent,2333,2334,5.01869399352523e-06,5.453184728420719e-09,7.384568185358382e-05
Steepest Descent,2334,2335,5.384886967843289e-06,5.4275753431537e-09,7.367207980743926e-05
Steepest Descent,2335,2336,4.994451518339706e-06,5.402089666968315e-09,7.349890929101134e-05
Steepest Descent,2336,2337,5.358879362575962e-06,5.376727083943987e-09,7.332616916179371e-05
Steepest Descent,2337,2338,4.97033284120012e-06,5.351486983788304e-09,7.315385829734685e-05
Steepest Descent,2338,2339,5.3330045509973764e-06,5.3263687568508506e-09,7.298197556144154e-05
Steepest Descent,2339,2340,4.946337297042948e-06,5.3013717990520345e-09,7.281051983780938e-05
Steepest Descent,2340,2341,5.30726181974037e-06,5.276495506947507e-09,7.263948999647165e-05
Steepest Descent,2341,2342,4.9224642245838155e-06,5.251739282605236e-09,7.246888492729301e-05
Steepest Descent,2342,2343,5.28165045939742e-06,5.227102528721791e-09,7.229870350650688e-05
Steepest Descent,2343,2344,4.898712966119143e-06,5.202584653449367e-09,7.212894463008152e-05
Steepest Descent,2344,2345,5.25616976476229e-06,5.17818506556009e-09,7.195960718041816e-05
Steepest Descent,2345,2346,4.8750828677199085e-06,5.153903179227891e-09,7.179069005956057e-05
Steepest Descent,2346,2347,5.2308190343309605e-06,5.1297384092376284e-09,7.162219215604635e-05
Steepest Descent,2347,2348,4.8515732790449304e-06,5.105690175721325e-09,7.145411237795431e-05
Steepest Descent,2348,2349,5.205597570649381e-06,5.081757899413877e-09,7.12864496199234e-05
Steepest Descent,2349,2350,4.828183553392123e-06,5.057941006343724e-09,7.11192027960362e-05
Steepest Descent,2350,2351,5.180504680051238e-06,5.034238923133561e-09,7.095237080699672e-05
Steepest Descent,2351,2352,4.804913047655002e-06,5.01065108164697e-09,7.078595257285848e-05
Steepest Descent,2352,2353,5.155539672764947e-06,4.987176914332661e-09,7.061994700035296e-05
Steepest Descent,2353,2354,4.781761122344955e-06,4.963815858829209e-09,7.045435301547526e-05
Steepest Descent,2354,2355,5.130701862994495e-06,4.9405673533507155e-09,7.028916953095062e-05
Steepest Descent,2355,2356,4.75872714150291e-06,4.917430841249592e-09,7.012439547867483e-05
Steepest Descent,2356,2357,5.10599056864146e-06,4.894405766446046e-09,6.996002977733819e-05
Steepest Descent,2357,2358,4.7358104728382606e-06,4.871491577946679e-09,6.979607136470274e-05
Steepest Descent,2358,2359,5.0814051114863136e-06,4.84868772531877e-09,6.963251916539262e-05
Steepest Descent,2359,2360,4.713010487374264e-06,4.8259936631635266e-09,6.946937212299767e-05
Steepest Descent,2360,2361,5.056944816976378e-06,4.803408846637065e-09,6.930662916804614e-05
Steepest Descent,2361,2362,4.690326559882546e-06,4.780932735877106e-09,6.914428924992364e-05
Steepest Descent,2362,2363,5.032609014393862e-06,4.758564791569382e-09,6.898235130502135e-05
Steepest Descent,2363,2364,4.667758068503296e-06,4.736304479331781e-09,6.882081428849692e-05
Steepest Descent,2364,2365,5.008397036826602e-06,4.714151265321588e-09,6.865967714256737e-05
Steepest Descent,2365,2366,4.645304394686235e-06,4.692104620579467e-09,6.849893882812687e-05
Steepest Descent,2366,2367,4.98430822098017e-06,4.670164016678347e-09,6.83385982931926e-05
Steepest Descent,2367,2368,4.622964923642335e-06,4.648328930024568e-09,6.817865450435765e-05
Steepest Descent,2368,2369,4.9603419073312045e-06,4.626598837550038e-09,6.801910641540387e-05
Steepest Descent,2369,2370,4.600739043804384e-06,4.604973220971397e-09,6.785995299859408e-05
Steepest Descent,2370,2371,4.9364974399421994e-06,4.583451562524271e-09,6.770119321344544e-05
Steepest Descent,2371,2372,4.578626147069631e-06,4.5620333491801065e-09,6.75428260378562e-05
Steepest Descent,2372,2373,4.912774166615532e-06,4.540718068422525e-09,6.738485043704204e-05
Steepest Descent,2373,2374,4.556625628711563e-06,4.519505212423247e-09,6.722726539450528e-05
Steepest Descent,2374,2375,4.889171438774955e-06,4.498394273860283e-09,6.707006988113463e-05
Steepest Descent,2375,2376,4.534736887348973e-06,4.477384750051191e-09,6.691326288600183e-05
Steepest Descent,2376,2377,4.865688611352679e-06,4.456476138814102e-09,6.675684338563426e-05
Steepest Descent,2377,2378,4.512959325066608e-06,4.435667942559169e-09,6.66008103746431e-05
Steepest Descent,2378,2379,4.842325043087354e-06,4.41495966419049e-09,6.64451628351567e-05
Steepest Descent,2379,2380,4.491292347117943e-06,4.3943508111586306e-09,6.628989976729961e-05
Steepest Descent,2380,2381,4.819080096071879e-06,4.373840891401186e-09,6.613502015877205e-05
Steepest Descent,2381,2382,4.469735362142001e-06,4.35342941735647e-09,6.598052301517827e-05
Steepest Descent,2382,2383,4.7959531360732766e-06,4.3331159019438856e-09,6.582640732976308e-05
Steepest Descent,2383,2384,4.448287782061029e-06,4.312899862536478e-09,6.567267211357002e-05
Steepest Descent,2384,2385,4.77294353236738e-06,4.29278081698385e-09,6.551931636535785e-05
Steepest Descent,2385,2386,4.426949022123529e-06,4.27275828754319e-09,6.536633910158339e-05
Steepest Descent,2386,2387,4.750050657736838e-06,4.2528317969438905e-09,6.521373932649384e-05
Steepest Descent,2387,2388,4.405718500770811e-06,4.233000872275134e-09,6.506151606191738e-05
Steepest Descent,2388,2389,4.7272738884313276e-06,4.213265041095758e-09,6.490966831756081e-05
Steepest Descent,2389,2390,4.384595639712247e-06,4.193623835277803e-09,6.475819512060078e-05
Steepest Descent,2390,2391,4.704612604155859e-06,4.174076787158299e-09,6.460709548616388e-05
Steepest Descent,2391,2392,4.363579863912167e-06,4.1546234333433375e-09,6.445636844675114e-05
Steepest Descent,2392,2393,4.682066188049945e-06,4.135263310897939e-09,6.43060130228732e-05
Steepest Descent,2393,2394,4.342670601430276e-06,4.115995961113714e-09,6.41560282523296e-05
Steepest Descent,2394,2395,4.6596340268538835e-06,4.0968209257345056e-09,6.400641316098337e-05
Steepest Descent,2395,2396,4.321867283628646e-06,4.077737750688868e-09,6.385716679190259e-05
Steepest Descent,2396,2397,4.637315510583638e-06,4.058745982350395e-09,6.370828817626789e-05
Steepest Descent,2397,2398,4.301169344780381e-06,4.039845171236998e-09,6.355977636238975e-05
Steepest Descent,2398,2399,4.6151100326394235e-06,4.021034868304764e-09,6.341163038674186e-05
Steepest Descent,2399,2400,4.280576222709536e-06,4.002314628612543e-09,6.326384930284074e-05
Steepest Descent,2400,2401,4.593016989790104e-06,3.98368400765137e-09,6.311643215242264e-05
Steepest Descent,2401,2402,4.2600873579947655e-06,3.965142564974341e-09,6.296937799418334e-05
Steepest Descent,2402,2403,4.571035782294884e-06,3.946689860560404e-09,6.282268587509136e-05
Steepest Descent,2403,2404,4.239702194569611e-06,3.928325458410069e-09,6.267635485899024e-05
Steepest Descent,2404,2405,4.549165813541451e-06,3.910048922944292e-09,6.253038399805563e-05
Steepest Descent,2405,2406,4.219420179299608e-06,3.891859822564474e-09,6.238477236124591e-05
Steepest Descent,2406,2407,4.5274064903747635e-06,3.873757726088002e-09,6.223951900591779e-05
Steepest Descent,2407,2408,4.199240762241792e-06,3.855742206271211e-09,6.20946230061123e-05
Steepest Descent,2408,2409,4.505757222877447e-06,3.837812836282305e-09,6.195008342433693e-05
Steepest Descent,2409,2410,4.179163396468749e-06,3.819969193187758e-09,6.180589933968891e-05
Steepest Descent,2410,2411,4.484217424406691e-06,3.802210854461513e-09,6.166206981979694e-05
Steepest Descent,2411,2412,4.159187538007079e-06,3.784537401436117e-09,6.151859394879012e-05
Steepest Descent,2412,2413,4.462786511647416e-06,3.766948415845997e-09,6.137547079938366e-05
Steepest Descent,2413,2414,4.139312646060524e-06,3.749443483245643e-09,6.123269946071007e-05
Steepest Descent,2414,2415,4.441463904398607e-06,3.7320221895862944e-09,6.109027901054549e-05
Steepest Descent,2415,2416,4.119538182746533e-06,3.7146841246006557e-09,6.0948208542997026e-05
Steepest Descent,2416,2417,4.420249025845861e-06,3.697428878412711e-09,6.080648714086936e-05
Steepest Descent,2417,2418,4.099863613114455e-06,3.6802560448903232e-09,6.066511390321725e-05
Steepest Descent,2418,2419,4.399141302214902e-06,3.6631652182879227e-09,6.052408791785236e-05
Steepest Descent,2419,2420,4.080288405323365e-06,3.646155996565021e-09,6.038340828874286e-05
Steepest Descent,2420,2421,4.378140163039482e-06,3.6292279780636607e-09,6.024307410867793e-05
Steepest Descent,2421,2422,4.060812030319131e-06,3.6123807647932217e-09,6.0103084486515505e-05
Steepest Descent,2422,2423,4.357245040895371e-06,3.595613959140898e-09,5.9963438519992306e-05
Steepest Descent,2423,2424,4.0414339621675305e-06,3.5789271671240843e-09,5.982413532282839e-05
Steepest Descent,2424,2425,4.336455371728631e-06,3.5623199951329302e-09,5.9685173997676587e-05
Steepest Descent,2425,2426,4.022153677731031e-06,3.5457920531519244e-09,5.9546553663095604e-05
Steepest Descent,2426,2427,4.315770594375551e-06,3.5293429515332155e-09,5.940827342662985e-05
Steepest Descent,2427,2428,4.002970656753361e-06,3.5129723041866254e-09,5.927033241164271e-05
Steepest Descent,2428,2429,4.2951901508859635e-06,3.496679725385865e-09,5.9132729730546554e-05
Steepest Descent,2429,2430,3.983884381935145e-06,3.4804648329253722e-09,5.899546451148064e-05
Steepest Descent,2430,2431,4.274713486444406e-06,3.4643272449598828e-09,5.885853587169734e-05
Steepest Descent,2431,2432,3.964894338905101e-06,3.4482665831285433e-09,5.8721942944086436e-05
Steepest Descent,2432,2433,4.254340049156876e-06,3.4322824694271494e-09,5.858568485071373e-05
Steepest Descent,2433,2434,3.946000015977552e-06,3.4163745292999086e-09,5.844976072919297e-05
Steepest Descent,2434,2435,4.234069290445014e-06,3.4005423885432134e-09,5.831416970636908e-05
Steepest Descent,2435,2436,3.927200904482332e-06,3.384785676367764e-09,5.817891092455894e-05
Steepest Descent,2436,2437,4.213900664536302e-06,3.369104022331608e-09,5.804398351536193e-05
Steepest Descent,2437,2438,3.908496498365273e-06,3.353497059372345e-09,5.7909386625765126e-05
Steepest Descent,2438,2439,4.193833628805625e-06,3.3379644207716083e-09,5.7775119392101716e-05
Steepest Descent,2439,2440,3.889886294560565e-06,3.3225057431554136e-09,5.764118096600219e-05
Steepest Descent,2440,2441,4.173867643612966e-06,3.3071206634900575e-09,5.750757048850227e-05
Steepest Descent,2441,2442,3.871369792739942e-06,3.2918088220522435e-09,5.7374287115852194e-05
Steepest Descent,2442,2443,4.1540021723221954e-06,3.276569859454889e-09,5.7241329993763146e-05
Steepest Descent,2443,2444,3.852946495182073e-06,3.2614034195873807e-09,5.710869828307576e-05
Steepest Descent,2444,2445,4.134236681196344e-06,3.2463091466725827e-09,5.6976391134158215e-05
Steepest Descent,2445,2446,3.834615907334416e-06,3.231286688175123e-09,5.684440771241374e-05
Steepest Descent,2446,2447,4.114570639523681e-06,3.2163356918895888e-09,5.671274717283221e-05
Steepest Descent,2447,2448,3.816377536931934e-06,3.201455808820352e-09,5.6581408685365476e-05
Steepest Descent,2448,2449,4.095003519508849e-06,3.186646690296017e-09,5.645039140959092e-05
Steepest Descent,2449,2450,3.798230894615544e-06,3.1719079908245e-09,5.631969451998563e-05
Steepest Descent,2450,2451,4.075534796320245e-06,3.1572393652324048e-09,5.6189317180691956e-05
Steepest Descent,2451,2452,3.7801754938430936e-06,3.1426404714944685e-09,5.605925857068097e-05
Steepest Descent,2452,2453,4.0561639480548025e-06,3.1281109679000253e-09,5.592951785864085e-05
Steepest Descent,2453,2454,3.762210850627669e-06,3.113650515854347e-09,5.580009422800599e-05
Steepest Descent,2454,2455,4.036890455584261e-06,3.099258777073734e-09,5.5670986851983615e-05
Steepest Descent,2455,2456,3.7443364836290073e-06,3.0849354163591697e-09,5.554219491845069e-05
Steepest Descent,2456,2457,4.0177138027301115e-06,3.0706800988189685e-09,5.541371760511082e-05
Steepest Descent,2457,2458,3.7265519143912978e-06,3.056492492613952e-09,5.528555410424998e-05
Steepest Descent,2458,2459,3.998633476156759e-06,3.0423722662099446e-09,5.515770359804643e-05
Steepest Descent,2459,2460,3.7088566668765354e-06,3.0283190910933674e-09,5.5030165283173256e-05
Steepest Descent,2460,2461,3.979648965341177e-06,3.0143326390526235e-09,5.49029383462545e-05
Steepest Descent,2461,2462,3.6912502678050805e-06,3.000412584865622e-09,5.4776021988326435e-05
Steepest Descent,2462,2463,3.9607597626553e-06,2.986558603608904e-09,5.4649415400431356e-05
Steepest Descent,2463,2464,3.6737322464377813e-06,2.9727703733185064e-09,5.4523117787948496e-05
Steepest Descent,2464,2465,3.941965363201103e-06,2.9590475723254518e-09,5.439712834631486e-05
Steepest Descent,2465,2466,3.6563021346105506e-06,2.9453898818898e-09,5.427144628522258e-05
Steepest Descent,2466,2467,3.923265264984358e-06,2.9317969835642596e-09,5.4146070804484596e-05
Steepest Descent,2467,2468,3.6389594669701576e-06,2.918268561799121e-09,5.402100111807555e-05
Steepest Descent,2468,2469,3.9046589686176694e-06,2.9048043013356773e-09,5.389623643015973e-05
Steepest Descent,2469,2470,3.6217037805773433e-06,2.891403889782568e-09,5.3771775958978405e-05
Steepest Descent,2470,2471,3.88614597763273e-06,2.8780670150358027e-09,5.364761891301237e-05
Steepest Descent,2471,2472,3.604534614947322e-06,2.8647933678305095e-09,5.352376451475091e-05
Steepest Descent,2472,2473,3.8677257982013575e-06,2.8515826391851956e-09,5.340021197696874e-05
Steepest Descent,2473,2474,3.587451512267394e-06,2.838434522928947e-09,5.327696052637525e-05
Steepest Descent,2474,2475,3.849397939251818e-06,2.825348713170614e-09,5.3154009380013984e-05
Steepest Descent,2475,2476,3.570454017260846e-06,2.8123249068020923e-09,5.303135776879649e-05
Steepest Descent,2476,2477,3.831161912545547e-06,2.799362800990535e-09,5.2909004914008116e-05
Steepest Descent,2477,2478,3.553541677226523e-06,2.786462095658896e-09,5.2786950050735984e-05
Steepest Descent,2478,2479,3.8130172323733243e-06,2.7736224910017107e-09,5.266519240448771e-05
Steepest Descent,2479,2480,3.536714041730724e-06,2.760843689941278e-09,5.254373121449673e-05
Steepest Descent,2480,2481,3.794963415822525e-06,2.7481253956693715e-09,5.242256571047788e-05
Steepest Descent,2481,2482,3.5199706630749694e-06,2.7354673140764843e-09,5.230169513578392e-05
Steepest Descent,2482,2483,3.776999982463774e-06,2.722869151320162e-09,5.2181118724306415e-05
Steepest Descent,2483,2484,3.503311095985561e-06,2.7103306162296115e-09,5.2060835723503435e-05
Steepest Descent,2484,2485,3.759126454769067e-06,2.6978514178971835e-09,5.1940845371414426e-05
Steepest Descent,2485,2486,3.486734897549707e-06,2.68543126806074e-09,5.182114691958042e-05
Steepest Descent,2486,2487,3.741342357722351e-06,2.673069878717576e-09,5.1701739610167624e-05
Steepest Descent,2487,2488,3.470241627274589e-06,2.660766964484437e-09,5.158262269877751e-05
Steepest Descent,2488,2489,3.7236472190029677e-06,2.6485222402336516e-09,5.146379543167849e-05
Steepest Descent,2489,2490,3.453830847281414e-06,2.6363354234308634e-09,5.1345257068505e-05
Steepest Descent,2490,2491,3.706040568658724e-06,2.6242062317945964e-09,5.122700685961065e-05
Steepest Descent,2491,2492,3.4375021219754928e-06,2.6121343856100202e-09,5.110904406863838e-05
Steepest Descent,2492,2493,3.6885219396840477e-06,2.6001196054126847e-09,5.0991367950003894e-05
Steepest Descent,2493,2494,3.4212550182686978e-06,2.5881616142788786e-09,5.087397777134081e-05
Steepest Descent,2494,2495,3.6710908673680226e-06,2.5762601355313364e-09,5.075687279109437e-05
Steepest Descent,2495,2496,3.4050891052224757e-06,2.56441489500945e-09,5.0640052280872004e-05
Steepest Descent,2496,2497,3.653746889732972e-06,2.552625618794476e-09,5.052351550312464e-05
Steepest Descent,2497,2498,3.389003954615087e-06,2.5408920354604997e-09,5.040726173340999e-05
Steepest Descent,2498,2499,3.636489547335119e-06,2.529213873819571e-09,5.029129023816719e-05
Steepest Descent,2499,2500,3.3729991402672745e-06,2.517590865152144e-09,5.0175600296878795e-05
Steepest Descent,2500,2501,3.6193183831361374e-06,2.506022740973151e-09,5.006019117995007e-05
Steepest Descent,2501,2502,3.357074238616309e-06,2.4945092352415838e-09,4.994506217076503e-05
Steepest Descent,2502,2503,3.602232942752205e-06,2.4830500821475387e-09,4.983021254367212e-05
Steepest Descent,2503,2504,3.341228828215369e-06,2.4716450183014053e-09,4.971564158593757e-05
Steepest Descent,2504,2505,3.5852327742174097e-06,2.4602937805410054e-09,4.960134857583012e-05
Steepest Descent,2505,2506,3.3254624901098054e-06,2.448996108100564e-09,4.948733280447193e-05
Steepest Descent,2506,2507,3.568317428165603e-06,2.4377517404395626e-09,4.937359355404022e-05
Steepest Descent,2507,2508,3.3097748075205863e-06,2.4265604193884407e-09,4.926013011948345e-05
Steepest Descent,2508,2509,3.5514864575689238e-06,2.4154218870013994e-09,4.914694178686401e-05
Steepest Descent,2509,2510,3.2941653660973386e-06,2.40433588767899e-09,4.903402785493957e-05
Steepest Descent,2510,2511,3.534739417949253e-06,2.393302166043793e-09,4.892138761363778e-05
Steepest Descent,2511,2512,3.2786337536801715e-06,2.3823204690396577e-09,4.880902036549861e-05
Steepest Descent,2512,2513,3.518075867231489e-06,2.37139054383148e-09,4.869692540429508e-05
Steepest Descent,2513,2514,3.2631795604021724e-06,2.3605121398805892e-09,4.858510203632991e-05
Steepest Descent,2514,2515,3.501495365776023e-06,2.349685006867636e-09,4.847354955919399e-05
Steepest Descent,2515,2516,3.2478023788103217e-06,2.3389088967469176e-09,4.8362267282944016e-05
Steepest Descent,2516,2517,3.4849974763985585e-06,2.3281835616878197e-09,4.825125450895365e-05
Steepest Descent,2517,2518,3.2325018032831778e-06,2.3175087561126966e-09,4.814051055101822e-05
Steepest Descent,2518,2519,3.46858176449485e-06,2.3068842346547527e-09,4.803003471427803e-05
Steepest Descent,2519,2520,3.2172774308662942e-06,2.296309754178134e-09,4.791982631623506e-05
Steepest Descent,2520,2521,3.4522477974353116e-06,2.285785071755683e-09,4.7809884665785204e-05
Steepest Descent,2521,2522,3.2021288605301913e-06,2.275309946667756e-09,4.7700209084109436e-05
Steepest Descent,2522,2523,3.435995145376726e-06,2.2648841384023486e-09,4.759079888384254e-05
Steepest Descent,2523,2524,3.1870556936708857e-06,2.2545074086311713e-09,4.748165338982175e-05
Steepest Descent,2524,2525,3.419823380604666e-06,2.244179519232667e-09,4.7372771918399155e-05
Steepest Descent,2525,2526,3.1720575337808484e-06,2.2339002342460226e-09,4.726415379805315e-05
Steepest Descent,2526,2527,3.403732077794761e-06,2.2236693179150217e-09,4.715579834882473e-05
Steepest Descent,2527,2528,3.1571339865531943e-06,2.21348653662231e-09,4.7047704902814435e-05
Steepest Descent,2528,2529,3.3877208140461782e-06,2.2033516569529944e-09,4.693987278373253e-05
Steepest Descent,2529,2530,3.142284659768326e-06,2.1932644476097252e-09,4.683230132728612e-05
Steepest Descent,2530,2531,3.3717891687805596e-06,2.1832246774946937e-09,4.672498986083029e-05
Steepest Descent,2531,2532,3.127509163399102e-06,2.173232117606355e-09,4.6617937723652625e-05
Steepest Descent,2532,2533,3.3559367235660893e-06,2.1632865391410538e-09,4.651114424673998e-05
Steepest Descent,2533,2534,3.1128071097650837e-06,2.1533877153698453e-09,4.640460877294242e-05
Steepest Descent,2534,2535,3.34016306246864e-06,2.1435354197591024e-09,4.62983306368502e-05
Steepest Descent,2535,2536,3.098178112873331e-06,2.133729427829852e-09,4.619230918486163e-05
Steepest Descent,2536,2537,3.324467771804029e-06,2.1239695152953495e-09,4.608654375514993e-05
Steepest Descent,2537,2538,3.0836217893114885e-06,2.114255459902959e-09,4.598103369763406e-05
Steepest Descent,2538,2539,3.308850440123669e-06,2.1045870395910648e-09,4.587577835406244e-05
Steepest Descent,2539,2540,3.0691377576444235e-06,2.0949640343102946e-09,4.5770777077850604e-05
Steepest Descent,2540,2541,3.2933106581347267e-06,2.0853862242007678e-09,4.566602921429416e-05
Steepest Descent,2541,2542,3.054725638289192e-06,2.075853391394659e-09,4.556153412029339e-05
Steepest Descent,2542,2543,3.277848018984228e-06,2.0663653182113386e-09,4.545729114467049e-05
Steepest Descent,2543,2544,3.04038505405293e-06,2.0569217889421968e-09,4.535329964778965e-05
Steepest Descent,2544,2545,3.26246211795776e-06,2.0475225880637937e-09,4.524955898198118e-05
Steepest Descent,2545,2546,3.026115629786966e-06,2.0381675020047535e-09,4.514606851105369e-05
Steepest Descent,2546,2547,3.247152552617585e-06,2.028856317376702e-09,4.5042827590824064e-05
Steepest Descent,2547,2548,3.0119169921171588e-06,2.019588822723691e-09,4.4939835588525365e-05
Steepest Descent,2548,2549,3.2319189226567196e-06,2.0103648067708885e-09,4.483709186344368e-05
Steepest Descent,2549,2550,2.9977887699852926e-06,2.0011840601562674e-09,4.473459578621749e-05
Steepest Descent,2550,2551,3.216760829983515e-06,1.992046373696884e-09,4.46323467195809e-05
Steepest Descent,2551,2552,2.9837305943677344e-06,1.9829515401035836e-09,4.4530344037561435e-05
Steepest Descent,2552,2553,3.2016778787295687e-06,1.973899352263844e-09,4.442858710631977e-05
Steepest Descent,2553,2554,2.9697420981749353e-06,1.964889604940241e-09,4.432707530325276e-05
Steepest Descent,2554,2555,3.1866696752228782e-06,1.955922093069955e-09,4.42258079979321e-05
Steepest Descent,2555,2556,2.9558229163024944e-06,1.946996613446151e-09,4.4124784571101886e-05
Steepest Descent,2556,2557,3.1717358278969555e-06,1.9381129630347325e-09,4.402400439572407e-05
Steepest Descent,2557,2558,2.941972685774697e-06,1.92927094063909e-09,4.392346685587432e-05
Steepest Descent,2558,2559,3.1568759473112125e-06,1.9204703452334265e-09,4.382317132788801e-05
Steepest Descent,2559,2560,2.9281910455024343e-06,1.911710977610632e-09,4.3723117199150295e-05
Steepest Descent,2560,2561,3.1420896462559622e-06,1.9029926387326688e-09,4.362330384934947e-05
Steepest Descent,2561,2562,2.914477636440887e-06,1.894315131361765e-09,4.352373066916214e-05
Steepest Descent,2562,2563,3.1273765395459183e-06,1.8856782584277598e-09,4.342439704161429e-05
Steepest Descent,2563,2564,2.9008321015142033e-06,1.877081824642355e-09,4.332530236065704e-05
Steepest Descent,2564,2565,3.112736244242062e-06,1.868525634882782e-09,4.32264460126296e-05
Steepest Descent,2565,2566,2.887254085489323e-06,1.8600094957906585e-09,4.3127827394741997e-05
Steepest Descent,2566,2567,3.0981683793290363e-06,1.8515332141708154e-09,4.302944589662776e-05
Steepest Descent,2567,2568,2.8737432352560847e-06,1.843096598575017e-09,4.2931300918735465e-05
Steepest Descent,2568,2569,3.083672565912556e-06,1.834699457716394e-09,4.2833391853977585e-05
Steepest Descent,2569,2570,2.8602991995527433e-06,1.8263416020373254e-09,4.27357181060214e-05
Steepest Descent,2570,2571,3.0692484274181003e-06,1.8180228421400649e-09,4.263827907104208e-05
Steepest Descent,2571,2572,2.8469216289587883e-06,1.809742990338569e-09,4.2541074155909235e-05
Steepest Descent,2572,2573,3.0548955889867077e-06,1.8015018591045547e-09,4.2444102760036695e-05
Steepest Descent,2573,2574,2.8336101761849165e-06,1.7932992626049686e-09,4.234736429348311e-05
Steepest Descent,2574,2575,3.0406136780023747e-06,1.7851350151616275e-09,4.2250858158877994e-05
Steepest Descent,2575,2576,2.8203644955897672e-06,1.7770089327758662e-09,4.215458376945343e-05
Steepest Descent,2576,2577,3.0264023240362012e-06,1.7689208316013744e-09,4.205854053104285e-05
Steepest Descent,2577,2578,2.8071842435815746e-06,1.7608705294543727e-09,4.196272786002326e-05
Steepest Descent,2578,2579,3.0122611582310823e-06,1.7528578443024792e-09,4.1867145165421524e-05
Steepest Descent,2579,2580,2.794069078511862e-06,1.7448825957586294e-09,4.1771791866744584e-05
Steepest Descent,2580,2581,2.998189814226016e-06,1.7369446035849307e-09,4.167666737618221e-05
Steepest Descent,2581,2582,2.7810186604365405e-06,1.7290436891736877e-09,4.158177111636405e-05
Steepest Descent,2582,2583,2.9841879274484985e-06,1.721179674063239e-09,4.1487102502624096e-05
Steepest Descent,2583,2584,2.768032651276747e-06,1.71335238140701e-09,4.139266096069459e-05
Steepest Descent,2584,2585,2.9702551353415387e-06,1.705561634502175e-09,4.1298445909043295e-05
Steepest Descent,2585,2586,2.7551107150891143e-06,1.6978072582446141e-09,4.120445677647764e-05
Steepest Descent,2586,2587,2.9563910772605515e-06,1.6900890776724558e-09,4.1110692984580734e-05
Steepest Descent,2587,2588,2.74225251727478e-06,1.6824069194073252e-09,4.1017153965229296e-05
Steepest Descent,2588,2589,2.942595394721615e-06,1.674760610210095e-09,4.09238391430972e-05
Steepest Descent,2589,2590,2.729457725609309e-06,1.6671499784107196e-09,4.0830747953113955e-05
Steepest Descent,2590,2591,2.92886773103508e-06,1.65957485247559e-09,4.073787982302945e-05
Steepest Descent,2591,2592,2.7167260092130707e-06,1.6520350624251948e-09,4.064523419080267e-05
Steepest Descent,2592,2593,2.915207731581581e-06,1.6445304384147526e-09,4.055281048724924e-05
Steepest Descent,2593,2594,2.704057039349847e-06,1.6370608121379567e-09,4.0460608153337946e-05
Steepest Descent,2594,2595,2.90161504352166e-06,1.629626015421553e-09,4.0368626622930245e-05
Steepest Descent,2595,2596,2.691450488880485e-06,1.6222258816158567e-09,4.02768653399921e-05
Steepest Descent,2596,2597,2.888089316201051e-06,1.614860244202391e-09,4.018532374141574e-05
Steepest Descent,2597,2598,2.6789060325645917e-06,1.6075289381708352e-09,4.0094001274141185e-05
Steepest Descent,2598,2599,2.8746302004779344e-06,1.6002317986410365e-09,4.0002897378077955e-05
Steepest Descent,2599,2600,2.66642334691106e-06,1.5929686622253065e-09,3.991201150312154e-05
Steepest Descent,2600,2601,2.8612373496531214e-06,1.5857393656655323e-09,3.982134309218528e-05
Steepest Descent,2601,2602,2.654002110244742e-06,1.5785437471803148e-09,3.9730891598104294e-05
Steepest Descent,2602,2603,2.847910418450155e-06,1.5713816451164645e-09,3.964065646676987e-05
Steepest Descent,2603,2604,2.641642002495657e-06,1.564252899283271e-09,3.955063715394824e-05
Steepest Descent,2604,2605,2.8346490637580675e-06,1.557157349616502e-09,3.9460833108495085e-05
Steepest Descent,2605,2606,2.6293427055171396e-06,1.550094837499474e-09,3.937124378908385e-05
Steepest Descent,2606,2607,2.821452944184139e-06,1.5430652044412455e-09,3.9281868647522936e-05
Steepest Descent,2607,2608,2.6171039027424564e-06,1.5360682933830799e-09,3.919270714537438e-05
Steepest Descent,2608,2609,2.80832172029702e-06,1.5291039473913286e-09,3.9103758737381356e-05
Steepest Descent,2609,2610,2.604925279505994e-06,1.5221720109498453e-09,3.90150228879831e-05
Steepest Descent,2610,2611,2.7952550544736913e-06,1.5152723286661846e-09,3.8926499054836464e-05
Steepest Descent,2611,2612,2.5928065227425715e-06,1.508404746551394e-09,3.883818670524403e-05
Steepest Descent,2612,2613,2.782252610871388e-06,1.501569110738791e-09,3.8750085299761476e-05
Steepest Descent,2613,2614,2.580747321161171e-06,1.4947652687512174e-09,3.8662194308538894e-05
Steepest Descent,2614,2615,2.7693140557037448e-06,1.487993068231995e-09,3.857451319500992e-05
Steepest Descent,2615,2616,2.56874736511444e-06,1.48125235820086e-09,3.8487041432160775e-05
Steepest Descent,2616,2617,2.7564390568027935e-06,1.4745429877957997e-09,3.839977848628556e-05
Steepest Descent,2617,2618,2.556806346622727e-06,1.4678648075181046e-09,3.8312723833187644e-05
Steepest Descent,2618,2619,2.7436272838605514e-06,1.4612176679857435e-09,3.8225876942010674e-05
Steepest Descent,2619,2620,2.5449239594260577e-06,1.4546014211665793e-09,3.813923729135887e-05
Steepest Descent,2620,2621,2.7308784083266744e-06,1.4480159191435039e-09,3.805280435320771e-05
Steepest Descent,2621,2622,2.5330998990405323e-06,1.4414610153363304e-09,3.796657760894877e-05
Steepest Descent,2622,2623,2.7181921036007873e-06,1.4349365632777824e-09,3.788055653336923e-05
Steepest Descent,2623,2624,2.5213338623707316e-06,1.4284424178251407e-09,3.779474061063444e-05
Steepest Descent,2624,2625,2.7055680446251015e-06,1.4219784339465737e-09,3.770912931833051e-05
Steepest Descent,2625,2626,2.509625548299828e-06,1.4155444679222496e-09,3.7623722143379825e-05
Steepest Descent,2626,2627,2.693005908422061e-06,1.409140376141069e-09,3.753851856614841e-05
Steepest Descent,2627,2628,2.497974657093318e-06,1.4027660162917836e-09,3.74535180763007e-05
Steepest Descent,2628,2629,2.680505373547659e-06,1.3964212461703182e-09,3.7368720156975115e-05
Steepest Descent,2629,2630,2.4863808908144594e-06,1.3901059248593417e-09,3.728412430055642e-05
Steepest Descent,2630,2631,2.668066120279134e-06,1.3838199115474559e-09,3.7199729992937525e-05
Steepest Descent,2631,2632,2.4748439531159614e-06,1.3775630666975203e-09,3.711553672921247e-05
Steepest Descent,2632,2633,2.6556878307613847e-06,1.3713352508767553e-09,3.7031543998012766e-05
Steepest Descent,2633,2634,2.463363549162833e-06,1.365136325914393e-09,3.694775129712758e-05
Steepest Descent,2634,2635,2.6433701888498487e-06,1.3589661537419977e-09,3.686415811790631e-05
Steepest Descent,2635,2636,2.4519393858705595e-06,1.3528245975417875e-09,3.6780763960823154e-05
Steepest Descent,2636,2637,2.631112880158952e-06,1.3467115205962477e-09,3.6697568319934324e-05
Steepest Descent,2637,2638,2.4405711715591084e-06,1.3406267874261203e-09,3.661457069837253e-05
Steepest Descent,2638,2639,2.6189155918777285e-06,1.3345702626521526e-09,3.653177059289834e-05
Steepest Descent,2639,2640,2.4292586164520323e-06,1.32854181211955e-09,3.644916750927996e-05
Steepest Descent,2640,2641,2.6067780130208293e-06,1.3225413017737594e-09,3.6366760946965836e-05
Steepest Descent,2641,2642,2.418001432042109e-06,1.3165685987717508e-09,3.628455041435336e-05
Steepest Descent,2642,2643,2.5946998342389797e-06,1.310623570369876e-09,3.620253541355738e-05
Steepest Descent,2643,2644,2.4067993314128695e-06,1.3047060850236009e-09,3.612071545558865e-05
Steepest Descent,2644,2645,2.5826807479083132e-06,1.2988160112875456e-09,3.603909004522097e-05
Steepest Descent,2645,2646,2.395652029532119e-06,1.2929532189024712e-09,3.595765869606183e-05
Steepest Descent,2646,2647,2.5707204479905355e-06,1.2871175777076087e-09,3.5876420915520666e-05
Steepest Descent,2647,2648,2.3845592426115126e-06,1.2813089587165746e-09,3.579537621979373e-05
Steepest Descent,2648,2649,2.558818630170526e-06,1.2755272330407131e-09,3.571452411891712e-05
Steepest Descent,2649,2650,2.373520688456695e-06,1.2697722729531905e-09,3.563386413165418e-05
Steepest Descent,2650,2651,2.5469749919123383e-06,1.2640439508243826e-09,3.5553395770648726e-05
Steepest Descent,2651,2652,2.362536086431127e-06,1.2583421401748187e-09,3.5473118557223274e-05
Steepest Descent,2652,2653,2.5351892321133976e-06,1.2526667146216256e-09,3.539303200661997e-05
Steepest Descent,2653,2654,2.3516051574445674e-06,1.2470175489195865e-09,3.531313564269798e-05
Steepest Descent,2654,2655,2.5234610513980465e-06,1.2413945179198292e-09,3.5233428983279915e-05
Steepest Descent,2655,2656,2.340727623991651e-06,1.2357974975998164e-09,3.515391155475897e-05
Steepest Descent,2656,2657,2.5117901521127554e-06,1.2302263640320533e-09,3.5074582877520484e-05
Steepest Descent,2657,2658,2.3299032098838344e-06,1.2246809944040347e-09,3.499544248047214e-05
Steepest Descent,2658,2659,2.500176237999138e-06,1.2191612659975386e-09,3.491648988654985e-05
Steepest Descent,2659,2660,2.3191316405722685e-06,1.2136670571980658e-09,3.483772462716338e-05
Steepest Descent,2660,2661,2.488619014679158e-06,1.2081982464847248e-09,3.4759146227787654e-05
Steepest Descent,2661,2662,2.3084126430089735e-06,1.2027547134285293e-09,3.468075422231369e-05
Steepest Descent,2662,2663,2.4771181891895763e-06,1.1973363376941846e-09,3.460254813874528e-05
Steepest Descent,2663,2664,2.2977459456482196e-06,1.1919430000266038e-09,3.4524527513444754e-05
Steepest Descent,2664,2665,2.4656734701393285e-06,1.1865745812636982e-09,3.444669187692336e-05
Steepest Descent,2665,2666,2.287131278311996e-06,1.181230963312769e-09,3.43690407680047e-05
Steepest Descent,2666,2667,2.4542845678790215e-06,1.1759120281731049e-09,3.429157371969249e-05
Steepest Descent,2667,2668,2.2765683722418986e-06,1.1706176589028758e-09,3.4214290273259735e-05
Steepest Descent,2668,2669,2.4429511941918436e-06,1.1653477386512754e-09,3.413718996419118e-05
Steepest Descent,2669,2670,2.2660569604100647e-06,1.1601021516153107e-09,3.406027233618825e-05
Steepest Descent,2670,2671,2.431673062421582e-06,1.1548807820827027e-09,3.398353692720495e-05
Steepest Descent,2671,2672,2.2555967770122715e-06,1.1496835153782593e-09,3.390698328336301e-05
Steepest Descent,2672,2673,2.4204498876214617e-06,1.1445102369165853e-09,3.383061094506845e-05
Steepest Descent,2673,2674,2.2451875577158887e-06,1.1393608331388934e-09,3.375441946084828e-05
Steepest Descent,2674,2675,2.409281386209946e-06,1.1342351905755207e-09,3.367840837354878e-05
Steepest Descent,2675,2676,2.23482903971239e-06,1.1291331967731407e-09,3.360257723409234e-05
Steepest Descent,2676,2677,2.398167276315719e-06,1.1240547393660429e-09,3.35269255877428e-05
Steepest Descent,2677,2678,2.2245209614604807e-06,1.1189997069955612e-09,3.345145298780849e-05
Steepest Descent,2678,2679,2.3871072774317403e-06,1.1139679883892305e-09,3.3376158981962415e-05
Steepest Descent,2679,2680,2.2142630630554655e-06,1.1089594732721511e-09,3.330104312588648e-05
Steepest Descent,2680,2681,2.3761011106931885e-06,1.1039740514536693e-09,3.3226104969642004e-05
Steepest Descent,2681,2682,2.2040550857376105e-06,1.09901161373175e-09,3.315134407127032e-05
Steepest Descent,2682,2683,2.3651484986309396e-06,1.0940720509873192e-09,3.30767599832166e-05
Steepest Descent,2683,2684,2.193896772430293e-06,1.0891552550801636e-09,3.300235226586377e-05
Steepest Descent,2684,2685,2.354249165446512e-06,1.084261117952153e-09,3.292812047402878e-05
Steepest Descent,2685,2686,2.1837878672505755e-06,1.0793895325138957e-09,3.2854064170417265e-05
Steepest Descent,2686,2687,2.3434028366781668e-06,1.0745403917579453e-09,3.278018291221001e-05
Steepest Descent,2687,2688,2.173728115705093e-06,1.0697135896355836e-09,3.270647626442787e-05
Steepest Descent,2688,2689,2.3326092394663218e-06,1.0649090201790687e-09,3.2632943786594986e-05
Steepest Descent,2689,2690,2.1637172648425073e-06,1.060126578369908e-09,3.25595850460338e-05
Steepest Descent,2690,2691,2.3218681022482402e-06,1.0553661592696813e-09,3.248639960459886e-05
Steepest Descent,2691,2692,2.153755062958311e-06,1.0506276588801547e-09,3.241338703190635e-05
Steepest Descent,2692,2693,2.311179155220134e-06,1.0459109732818798e-09,3.234054689212722e-05
Steepest Descent,2693,2694,2.1438412597739424e-06,1.0412159994864228e-09,3.22678787571545e-05
Steepest Descent,2694,2695,2.3005421297462586e-06,1.0365426345835035e-09,3.219538219346842e-05
Steepest Descent,2695,2696,2.1339756062154518e-06,1.031890776584317e-09,3.212305677522481e-05
Steepest Descent,2696,2697,2.289956758924857e-06,1.0272603235774263e-09,3.205090207119647e-05
Steepest Descent,2697,2698,2.124157854707196e-06,1.0226511745636254e-09,3.197891765778863e-05
Steepest Descent,2698,2699,2.279422777009025e-06,1.0180632286206058e-09,3.190710310605784e-05
Steepest Descent,2699,2700,2.1143877590329074e-06,1.0134963857290944e-09,3.1835457994649525e-05
Steepest Descent,2700,2701,2.268939919828748e-06,1.0089505459456759e-09,3.17639818968856e-05
Steepest Descent,2701,2702,2.104665074240417e-06,1.0044256102214696e-09,3.1692674393642914e-05
Steepest Descent,2702,2703,2.2585079248000637e-06,9.999214795818653e-10,3.162153506049106e-05
Steepest Descent,2703,2704,2.0949895565990154e-06,9.954380559388202e-10,3.155056348052789e-05
Steepest Descent,2704,2705,2.2481265305294994e-06,9.909752412773148e-10,3.1479759231565205e-05
Steepest Descent,2705,2706,2.0853609638957745e-06,9.865329384598254e-10,3.140912189889787e-05
Steepest Descent,2706,2707,2.2377954770185886e-06,9.821110504217694e-10,3.133865106257398e-05
Steepest Descent,2707,2708,2.075779055215244e-06,9.77709480967107e-10,3.1268346310080215e-05
Steepest Descent,2708,2709,2.2275145059176415e-06,9.733281339715852e-10,3.11982072236785e-05
Steepest Descent,2709,2710,2.066243590761572e-06,9.68966914171149e-10,3.112823339303322e-05
Steepest Descent,2710,2711,2.2172833600848733e-06,9.64625726372888e-10,3.105842440261399e-05
Steepest Descent,2711,2712,2.056754332140479e-06,9.603044762353838e-10,3.0988779844249814e-05
Steepest Descent,2712,2713,2.2071017838241154e-06,9.560030694878892e-10,3.0919299304607296e-05
Steepest Descent,2713,2714,2.047311042338119e-06,9.517214127022872e-10,3.084998237766575e-05
Steepest Descent,2714,2715,2.1969695227297173e-06,9.47459412520491e-10,3.078082865227139e-05
Steepest Descent,2715,2716,2.0379134854664302e-06,9.432169764192027e-10,3.0711837724551794e-05
Steepest Descent,2716,2717,2.1868863238561024e-06,9.389940119439505e-10,3.064300918552142e-05
Steepest Descent,2717,2718,2.028561427016488e-06,9.347904274666538e-10,3.057434263343455e-05
Steepest Descent,2718,2719,2.1768519357939482e-06,9.306061314275211e-10,3.050583766146278e-05
Steepest Descent,2719,2720,2.0192546336394577e-06,9.264410330852172e-10,3.0437493869982416e-05
Steepest Descent,2720,2721,2.166866108084043e-06,9.222950417656295e-10,3.0369310854308653e-05
Steepest Descent,2721,2722,2.009992873478108e-06,9.181680676051716e-10,3.0301288216925227e-05
Steepest Descent,2722,2723,2.156928592043445e-06,9.14060020806684e-10,3.023342555528043e-05
Steepest Descent,2723,2724,2.000775915564898e-06,9.099708123756524e-10,3.0165722473954645e-05
Steepest Descent,2724,2725,2.14703913998766e-06,9.059003533831088e-10,3.0098178572516788e-05
Steepest Descent,2725,2726,1.9916035304164882e-06,9.018485556948124e-10,3.0030793457629656e-05
Steepest Descent,2726,2727,2.1371975058438784e-06,8.978153312414532e-10,2.9963566730972685e-05
Steepest Descent,2727,2728,1.982475489920302e-06,8.938005927405717e-10,2.9896498001280543e-05
Steepest Descent,2728,2729,2.1274034446552596e-06,8.898042529740388e-10,2.9829586872332624e-05
Steepest Descent,2729,2730,1.9733915668609935e-06,8.858262255026122e-10,2.9762832954922353e-05
Steepest Descent,2730,2731,2.1176567129316958e-06,8.818664239509514e-10,2.9696235854918568e-05
Steepest Descent,2731,2732,1.964351535471305e-06,8.779247627147095e-10,2.9629795185163013e-05
Steepest Descent,2732,2733,2.1079570684349075e-06,8.740011562526521e-10,2.9563510553597183e-05
Steepest Descent,2733,2734,1.9553551710782066e-06,8.700955197872164e-10,2.9497381575102836e-05
Steepest Descent,2734,2735,2.098304270253255e-06,8.662077686032568e-10,2.9431407859687186e-05
Steepest Descent,2735,2736,1.9464022504297104e-06,8.623378187414105e-10,2.93655890242544e-05
Steepest Descent,2736,2737,2.0886980786692624e-06,8.584855863043234e-10,2.9299924680864337e-05
Steepest Descent,2737,2738,1.9374925511576026e-06,8.546509881431425e-10,2.9234414448439745e-05
Steepest Descent,2738,2739,2.0791382554873426e-06,8.50833941170248e-10,2.916905794108284e-05
Steepest Descent,2739,2740,1.928625852373679e-06,8.470343630386855e-10,2.9103854779714067e-05
Steepest Descent,2740,2741,2.0696245635673553e-06,8.432521714627488e-10,2.90388045804704e-05
Steepest Descent,2741,2742,1.919801934293788e-06,8.394872848898476e-10,2.8973906966266174e-05
Steepest Descent,2742,2743,2.060156767107856e-06,8.357396218277768e-10,2.890916155525401e-05
Steepest Descent,2743,2744,1.91102057822325e-06,8.320091015103612e-10,2.884456797232992e-05
Steepest Descent,2744,2745,2.050734631699661e-06,8.282956432315733e-10,2.8780125837660495e-05
Steepest Descent,2745,2746,1.902281566811201e-06,8.245991670034801e-10,2.8715834778105963e-05
Steepest Descent,2746,2747,2.0413579239787533e-06,8.209195928982529e-10,2.8651694415832596e-05
Steepest Descent,2747,2748,1.8935846837165022e-06,8.172568416987491e-10,2.8587704379658556e-05
Steepest Descent,2748,2749,2.032026412125272e-06,8.136108342475926e-10,2.8523864293738193e-05
Steepest Descent,2749,2750,1.884929713869325e-06,8.099814920908433e-10,2.846017378883768e-05
Steepest Descent,2750,2751,2.022739865285033e-06,8.063687368338814e-10,2.8396632491087408e-05
Steepest Descent,2751,2752,1.876316443274068e-06,8.027724907783711e-10,2.8333240033190188e-05
Steepest Descent,2752,2753,2.013498053961406e-06,7.99192676284928e-10,2.826999604324217e-05
Steepest Descent,2753,2754,1.867744659217477e-06,7.956292164032946e-10,2.8206900155871338e-05
Steepest Descent,2754,2755,2.004300749986879e-06,7.920820342419288e-10,2.8143952001130344e-05
Steepest Descent,2755,2756,1.8592141499211444e-06,7.885510535912171e-10,2.808115121556125e-05
Steepest Descent,2756,2757,1.9951477262664832e-06,7.850361982999876e-10,2.8018497431161215e-05
Steepest Descent,2757,2758,1.8507247049916799e-06,7.815373928920273e-10,2.7955990286377395e-05
Steepest Descent,2758,2759,1.986038757004296e-06,7.780545619492299e-10,2.789362941514119e-05
Steepest Descent,2759,2760,1.842276114969586e-06,7.745876307212504e-10,2.7831414457789427e-05
Steepest Descent,2760,2761,1.9769736176266924e-06,7.711365245161687e-10,2.776934505018382e-05
Steepest Descent,2761,2762,1.8338681716294977e-06,7.677011693022376e-10,2.770742083453885e-05
Steepest Descent,2762,2763,1.9679520846516338e-06,7.642814911062772e-10,2.764564144863123e-05
Steepest Descent,2763,2764,1.8255006679428081e-06,7.608774166084184e-10,2.7584006536549736e-05
Steepest Descent,2764,2765,1.9589739358838655e-06,7.574888725465494e-10,2.7522515737965333e-05
Steepest Descent,2765,2766,1.8171733977264744e-06,7.54115786306264e-10,2.746116869884208e-05
Steepest Descent,2766,2767,1.950038950553612e-06,7.507580853294064e-10,2.7399965060733312e-05
Steepest Descent,2767,2768,1.8088861560957523e-06,7.474156976995425e-10,2.7338904471458665e-05
Steepest Descent,2768,2769,1.9411469086638606e-06,7.440885515559595e-10,2.7277986574451555e-05
Steepest Descent,2769,2770,1.800638739357656e-06,7.407765756733355e-10,2.7217211019377713e-05
Steepest Descent,2770,2771,1.9322975916982706e-06,7.374796988811823e-10,2.7156577451534322e-05
Steepest Descent,2771,2772,1.7924309446120647e-06,7.341978506383587e-10,2.7096085522421104e-05
Steepest Descent,2772,2773,1.9234907821099492e-06,7.309309604584667e-10,2.703573487920139e-05
Steepest Descent,2773,2774,1.7842625702794766e-06,7.276789584773375e-10,2.6975525175190518e-05
Steepest Descent,2774,2775,1.9147262636768193e-06,7.244417748859976e-10,2.691545605940939e-05
Steepest Descent,2775,2776,1.776133415949826e-06,7.21219340490614e-10,2.685552718697985e-05
Steepest Descent,2776,2777,1.9060038212342705e-06,7.180115861524214e-10,2.6795738208760386e-05
Steepest Descent,2777,2778,1.7680432820075769e-06,7.148184433419178e-10,2.6736088781680795e-05
Steepest Descent,2778,2779,1.8973232408218558e-06,7.116398435839999e-10,2.6676578558428362e-05
Steepest Descent,2779,2780,1.7599919700560191e-06,7.084757190064187e-10,2.661720719772115e-05
Steepest Descent,2780,2781,1.8886843096902727e-06,7.053260017913965e-10,2.6557974354069182e-05
Steepest Descent,2781,2782,1.7519792828163216e-06,7.021906247176516e-10,2.649887968797269e-05
Steepest Descent,2782,2783,1.8800868160230008e-06,6.990695206180885e-10,2.643992285575146e-05
Steepest Descent,2783,2784,1.7440050240198851e-06,6.959626229158658e-10,2.6381103519676077e-05
Steepest Descent,2784,2785,1.8715305494684998e-06,6.928698650883198e-10,2.6322421337869352e-05
Steepest Descent,2785,2786,1.736068998408656e-06,6.897911811968222e-10,2.6263875974364906e-05
Steepest Descent,2786,2787,1.86301530046232e-06,6.867265053564495e-10,2.620546708907226e-05
Steepest Descent,2787,2788,1.728171011847411e-06,6.836757722607318e-10,2.6147194347782932e-05
Steepest Descent,2788,2789,1.8545408607252395e-06,6.806389166560621e-10,2.6089057412180723e-05
Steepest Descent,2789,2790,1.720310871051496e-06,6.776158738618408e-10,2.603105594980428e-05
Steepest Descent,2790,2791,1.8461070231227808e-06,6.746065792498182e-10,2.5973189624106975e-05
Steepest Descent,2791,2792,1.7124883840541927e-06,6.716109687589092e-10,2.5915458104361365e-05
Steepest Descent,2792,2793,1.837713581634029e-06,6.68628978380113e-10,2.585786105578172e-05
Steepest Descent,2793,2794,1.704703359788589e-06,6.656605446657705e-10,2.580039814936526e-05
Steepest Descent,2794,2795,1.829360331245364e-06,6.627056042198627e-10,2.5743069052074243e-05
Steepest Descent,2795,2796,1.6969556081964173e-06,6.597640942022893e-10,2.5685873436624444e-05
Steepest Descent,2796,2797,1.8210470680738116e-06,6.568359518240836e-10,2.5628810971718598e-05
Steepest Descent,2797,2798,1.6892449401424678e-06,6.539211148465143e-10,2.557188133177757e-05
Steepest Descent,2798,2799,1.8127735894089836e-06,6.510195210816714e-10,2.5515084187234643e-05
Steepest Descent,2799,2800,1.6815711676751232e-06,6.481311088863764e-10,2.5458419214208417e-05
Steepest Descent,2800,2801,1.804539693475083e-06,6.452558166677916e-10,2.540188608485188e-05
Steepest Descent,2801,2802,1.6739341038342505e-06,6.423935833726147e-10,2.5345484476975667e-05
Steepest Descent,2802,2803,1.7963451797975401e-06,6.395443479971235e-10,2.5289214064441057e-05
Steepest Descent,2803,2804,1.6663335625197125e-06,6.367080500718664e-10,2.5233074526737053e-05
Steepest Descent,2804,2805,1.7881898487382169e-06,6.338846291767459e-10,2.5177065539429847e-05
Steepest Descent,2805,2806,1.6587693587406796e-06,6.310740254203275e-10,2.5121186783675795e-05
Steepest Descent,2806,2807,1.7800735018568672e-06,6.28276178960272e-10,2.5065437936734157e-05
Steepest Descent,2807,2808,1.6512413085075666e-06,6.254910304775325e-10,2.5009818681420552e-05
Steepest Descent,2808,2809,1.771995941800125e-06,6.227185207020179e-10,2.4954328696681417e-05
Steepest Descent,2809,2810,1.6437492286671207e-06,6.199585908813792e-10,2.489896766698128e-05
Steepest Descent,2810,2811,1.7639569721980595e-06,6.172111823118924e-10,2.4843735272939382e-05
Steepest Descent,2811,2812,1.6362929373072015e-06,6.144762368025351e-10,2.4788631200664043e-05
Steepest Descent,2812,2813,1.7559563976670326e-06,6.117536962105336e-10,2.4733655132441174e-05
Steepest Descent,2813,2814,1.6288722532299743e-06,6.090435029004956e-10,2.4678806756010216e-05
Steepest Descent,2814,2815,1.7479940240717165e-06,6.063455992850531e-10,2.4624085755313905e-05
Steepest Descent,2815,2816,1.6214869963387356e-06,6.036599282791201e-10,2.4569491819716583e-05
Steepest Descent,2816,2817,1.7400696581013222e-06,6.009864328451937e-10,2.451502463480699e-05
Steepest Descent,2817,2818,1.6141369874196186e-06,5.983250564429094e-10,2.4460683891561765e-05
Steepest Descent,2818,2819,1.7321831077485107e-06,5.9567574257968e-10,2.4406469277215824e-05
Steepest Descent,2819,2820,1.6068220483695996e-06,5.930384352543168e-10,2.43523804843452e-05
Steepest Descent,2820,2821,1.7243341815608076e-06,5.904130785134892e-10,2.429841720181562e-05
Steepest Descent,2821,2822,1.5995420019428405e-06,5.877996168903162e-10,2.424457912380242e-05
Steepest Descent,2822,2823,1.7165226895771003e-06,5.851979949651055e-10,2.419086594078652e-05
Steepest Descent,2823,2824,1.5922966717170925e-06,5.826081578002599e-10,2.4137277348538297e-05
Steepest Descent,2824,2825,1.7087484426968928e-06,5.800300505044662e-10,2.408381303914449e-05
Steepest Descent,2825,2826,1.5850858824084184e-06,5.774636186641867e-10,2.4030472709961132e-05
Steepest Descent,2826,2827,1.701011252813214e-06,5.749088079113702e-10,2.3977256054673356e-05
Steepest Descent,2827,2828,1.5779094595575705e-06,5.72365564351151e-10,2.3924162772208997e-05
Steepest Descent,2828,2829,1.6933109327493275e-06,5.698338341339536e-10,2.3871192557850005e-05
Steepest Descent,2829,2830,1.5707672296421684e-06,5.673135638782866e-10,2.3818345112082966e-05
Steepest Descent,2830,2831,1.6856472964212283e-06,5.64804700247972e-10,2.3765620131778004e-05
Steepest Descent,2831,2832,1.563659020070335e-06,5.62307190369905e-10,2.371301731897282e-05
Steepest Descent,2832,2833,1.678020158751754e-06,5.598209814163394e-10,2.3660536372118433e-05
Steepest Descent,2833,2834,1.5565846593531026e-06,5.573460210175624e-10,2.3608176994794883e-05
Steepest Descent,2834,2835,1.6704293355557872e-06,5.548822568489962e-10,2.355593888701947e-05
Steepest Descent,2835,2836,1.5495439765343925e-06,5.524296370397826e-10,2.350382175391446e-05
Steepest Descent,2836,2837,1.662874643590691e-06,5.499881097633889e-10,2.3451825297050734e-05
Steepest Descent,2837,2838,1.5425368019741944e-06,5.475576236429045e-10,2.3399949223083894e-05
Steepest Descent,2838,2839,1.65535590097829e-06,5.451381273450294e-10,2.3348193235131266e-05
Steepest Descent,2839,2840,1.5355629665314552e-06,5.427295699819857e-10,2.3296557041373852e-05
Steepest Descent,2840,2841,1.647872926207884e-06,5.403319007089417e-10,2.3245040346468352e-05
Steepest Descent,2841,2842,1.528622302346784e-06,5.379450691221331e-10,2.319364286010572e-05
Steepest Descent,2842,2843,1.6404255392788604e-06,5.355690248608111e-10,2.3142364288482087e-05
Steepest Descent,2843,2844,1.521714642318727e-06,5.33203718000383e-10,2.3091204342787818e-05
Steepest Descent,2844,2845,1.6330135606737636e-06,5.308490986592341e-10,2.30401627307455e-05
Steepest Descent,2845,2846,1.51483982014485e-06,5.285051173875507e-10,2.298923916504308e-05
Steepest Descent,2846,2847,1.6256368122248382e-06,5.261717247779547e-10,2.2938433354916696e-05
Steepest Descent,2847,2848,1.5079976704310252e-06,5.238488718508936e-10,2.2887745014546396e-05
Steepest Descent,2848,2849,1.618295116621119e-06,5.215365096684287e-10,2.2837173854670123e-05
Steepest Descent,2849,2850,1.5011880287077019e-06,5.192345897165902e-10,2.2786719590950122e-05
Steepest Descent,2850,2851,1.6109882972866628e-06,5.16943063522933e-10,2.2736381935631997e-05
Steepest Descent,2851,2852,1.4944107314157722e-06,5.146618830339389e-10,2.2686160605839384e-05
Steepest Descent,2852,2853,1.603716178853134e-06,5.123910002380598e-10,2.2636055315316307e-05
Steepest Descent,2853,2854,1.4876656158637193e-06,5.10130367537971e-10,2.258606578264508e-05
Steepest Descent,2854,2855,1.5964785866899802e-06,5.078799373784888e-10,2.253619172305935e-05
Steepest Descent,2855,2856,1.4809525201113721e-06,5.056396626139918e-10,2.2486432856591365e-05
Steepest Descent,2856,2857,1.5892753471358414e-06,5.034094961411506e-10,2.2436788899955148e-05
Steepest Descent,2857,2858,1.4742712832292157e-06,5.011893912618011e-10,2.2387259574628625e-05
Steepest Descent,2858,2859,1.582106287578645e-06,4.989793013197537e-10,2.233784459879139e-05
Steepest Descent,2859,2860,1.4676217450763682e-06,4.967791800601151e-10,2.228854369536321e-05
Steepest Descent,2860,2861,1.574971236085826e-06,4.945889812695565e-10,2.2239356583983188e-05
Steepest Descent,2861,2862,1.461003746263412e-06,4.924086591320565e-10,2.2190282989003463e-05
Steepest Descent,2862,2863,1.567870021939503e-06,4.902381678728814e-10,2.2141322631515976e-05
Steepest Descent,2863,2864,1.454417128434072e-06,4.88077462110424e-10,2.2092475237293445e-05
Steepest Descent,2864,2865,1.5608024751277846e-06,4.859264965043003e-10,2.20437405288735e-05
Steepest Descent,2865,2866,1.4478617339273079e-06,4.837852261031673e-10,2.199511823344369e-05
Steepest Descent,2866,2867,1.5537684265298503e-06,4.816536059969153e-10,2.194660807498314e-05
Steepest Descent,2867,2868,1.4413374060440322e-06,4.795315916601442e-10,2.189820978208365e-05
Steepest Descent,2868,2869,1.5467677080253141e-06,4.774191386083825e-10,2.184992308014796e-05
Steepest Descent,2869,2870,1.4348439887212353e-06,4.75316202738594e-10,2.180174769917756e-05
Steepest Descent,2870,2871,1.539800152422227e-06,4.732227399877402e-10,2.1753683365989772e-05
Steepest Descent,2871,2872,1.4283813270044582e-06,4.711387066707199e-10,2.1705729811980976e-05
Steepest Descent,2872,2873,1.5328655930980673e-06,4.690640591420499e-10,2.165788676538064e-05
Steepest Descent,2873,2874,1.4219492665398629e-06,4.669987541305664e-10,2.1610153958974155e-05
Steepest Descent,2874,2875,1.5259638647955192e-06,4.6494274840403483e-10,2.156253112238994e-05
Steepest Descent,2875,2876,1.4155476538403196e-06,4.6289599910126624e-10,2.151501798979648e-05
Steepest Descent,2876,2877,1.5190948027997069e-06,4.6085846339930526e-10,2.1467614292214802e-05
Steepest Descent,2877,2878,1.4091763362124358e-06,4.588300988429673e-10,2.142031976518948e-05
Steepest Descent,2878,2879,1.5122582433209532e-06,4.568108630145669e-10,2.1373134141126026e-05
Steepest Descent,2879,2880,1.4028351618854174e-06,4.548007138608854e-10,2.1326057156935627e-05
Steepest Descent,2880,2881,1.5054540236415406e-06,4.5279960936571744e-10,2.1279088546404364e-05
Steepest Descent,2881,2882,1.396523979822596e-06,4.508075078737942e-10,2.1232228047800217e-05
Steepest Descent,2882,2883,1.4986819814531397e-06,4.4882436776645615e-10,2.1185475396281675e-05
Steepest Descent,2883,2884,1.3902426397585144e-06,4.4685014778258707e-10,2.1138830331467892e-05
Steepest Descent,2884,2885,1.4919419558587598e-06,4.4488480669718495e-10,2.109229258988185e-05
Steepest Descent,2885,2886,1.3839909922192021e-06,4.429283036393702e-10,2.1045861912484604e-05
Steepest Descent,2886,2887,1.4852337864393733e-06,4.4098059777411585e-10,2.099953803715967e-05
Steepest Descent,2887,2888,1.377768888635351e-06,4.390416486168961e-10,2.0953320706200628e-05
Steepest Descent,2888,2889,1.478557313717972e-06,4.3711141571892785e-10,2.0907209658845625e-05
Steepest Descent,2889,2890,1.371576181071219e-06,4.351898589782421e-10,2.086120463871255e-05
Steepest Descent,2890,2891,1.4719123791306014e-06,4.332769383283647e-10,2.0815305386382506e-05
Steepest Descent,2891,2892,1.3654127224955764e-06,4.313726140463455e-10,2.0769511646794814e-05
Steepest Descent,2892,2893,1.4652988249220396e-06,4.2947684644445784e-10,2.0723823161869957e-05
Steepest Descent,2893,2894,1.3592783665990574e-06,4.275895961748609e-10,2.067823967785606e-05
Steepest Descent,2894,2895,1.4587164940261115e-06,4.2571082392477245e-10,2.0632760938002755e-05
Steepest Descent,2895,2896,1.353172967875855e-06,4.2384049071822016e-10,2.0587386689869603e-05
Steepest Descent,2896,2897,1.4521652304632172e-06,4.2197855761349395e-10,2.054211667802259e-05
Steepest Descent,2897,2898,1.347096381480637e-06,4.201249860028402e-10,2.04969506513247e-05
Steepest Descent,2898,2899,1.4456448789748855e-06,4.1827973731199606e-10,2.0451888355650588e-05
Steepest Descent,2899,2900,1.3410484635503623e-06,4.1644277329787004e-10,2.040692954116003e-05
Steepest Descent,2900,2901,1.4391552849829041e-06,4.146140557502975e-10,2.0362073955034577e-05
Steepest Descent,2901,2902,1.3350290707678598e-06,4.12793546787177e-10,2.0317321348720578e-05
Steepest Descent,2902,2903,1.4326962948949902e-06,4.109812085586973e-10,2.0272671470694166e-05
Steepest Descent,2903,2904,1.32903806063311e-06,4.0917700354032506e-10,2.022812407368328e-05
Steepest Descent,2904,2905,1.4262677558817404e-06,4.0738089423939517e-10,2.0183678907458747e-05
Steepest Descent,2905,2906,1.323075291532069e-06,4.0559284348531815e-10,2.013933572601932e-05
Steepest Descent,2906,2907,1.4198695160031606e-06,4.038128141389748e-10,2.009509428042015e-05
Steepest Descent,2907,2908,1.3171406224077166e-06,4.020407693803175e-10,2.0050954325924677e-05
Steepest Descent,2908,2909,1.4135014239158883e-06,4.002766724204554e-10,2.000691561486816e-05
Steepest Descent,2909,2910,1.3112339131019996e-06,3.985204867864591e-10,1.9962977903771245e-05
Steepest Descent,2910,2911,1.40716332926088e-06,3.9677217603618655e-10,1.991914094624029e-05
Steepest Descent,2911,2912,1.3053550240731397e-06,3.95031704040571e-10,1.9875404500049072e-05
Steepest Descent,2912,2913,1.4008550823886608e-06,3.932990347007333e-10,1.983176832006499e-05
Steepest Descent,2913,2914,1.299503816579664e-06,3.9157413222818517e-10,1.978823216530939e-05
Steepest Descent,2914,2915,1.394576534520923e-06,3.8985696086412445e-10,1.9744795791907407e-05
Steepest Descent,2915,2916,1.2936801526975755e-06,3.8814748515721577e-10,1.970145896011805e-05
Steepest Descent,2916,2917,1.3883275374797154e-06,3.864456696853077e-10,1.965822142731401e-05
Steepest Descent,2917,2918,1.2878838949938947e-06,3.8475147933114286e-10,1.9615082954990094e-05
Steepest Descent,2918,2919,1.3821079441266798e-06,3.830648790060299e-10,1.9572043301761565e-05
Steepest Descent,2919,2920,1.2821149070179346e-06,3.8138583392338966e-10,1.952910223034816e-05
Steepest Descent,2920,2921,1.3759176078943072e-06,3.797143093246843e-10,1.9486259500598987e-05
Steepest Descent,2921,2922,1.276373052892066e-06,3.780502707509394e-10,1.944351487645532e-05
Steepest Descent,2922,2923,1.3697563831185252e-06,3.7639368377071196e-10,1.9400868118996943e-05
Steepest Descent,2923,2924,1.2706581974220048e-06,3.747445142492238e-10,1.9358318993373976e-05
Steepest Descent,2924,2925,1.3636241247863896e-06,3.7310272807905107e-10,1.9315867261892513e-05
Steepest Descent,2925,2926,1.2649702063552023e-06,3.714682914465643e-10,1.9273512690907286e-05
Steepest Descent,2926,2927,1.3575206887547921e-06,3.698411705650098e-10,1.9231255043938493e-05
Steepest Descent,2927,2928,1.2593089457871281e-06,3.682213319388539e-10,1.918909408854034e-05
Steepest Descent,2928,2929,1.3514459315450102e-06,3.6660874209914044e-10,1.9147029589446515e-05
Steepest Descent,2929,2930,1.2536742828750162e-06,3.650033678652216e-10,1.910506131540073e-05
Steepest Descent,2930,2931,1.3453997105641338e-06,3.6340517608279374e-10,1.9063189032341724e-05
Steepest Descent,2931,2932,1.2480660853196146e-06,3.618141338831036e-10,1.9021412510197648e-05
Steepest Descent,2932,2933,1.3393818838740072e-06,3.602302084234791e-10,1.8979731516106308e-05
Steepest Descent,2933,2934,1.2424842214166e-06,3.5865336714391643e-10,1.8938145821170467e-05
Steepest Descent,2934,2935,1.3333923102324276e-06,3.570835775104943e-10,1.889665519372395e-05
Steepest Descent,2935,2936,1.2369285603016365e-06,3.5552080726906323e-10,1.8855259406040087e-05
Steepest Descent,2936,2937,1.3274308492736653e-06,3.5396502419130577e-10,1.881395822763795e-05
Steepest Descent,2937,2938,1.231398971763268e-06,3.524161963259708e-10,1.877275143195506e-05
Steepest Descent,2938,2939,1.3214973612723624e-06,3.5087429174746137e-10,1.873163878969113e-05
Steepest Descent,2939,2940,1.2258953262950876e-06,3.493392788045607e-10,1.8690620075443207e-05
Steepest Descent,2940,2941,1.3155917072880645e-06,3.4781112587135046e-10,1.864969506108211e-05
Steepest Descent,2941,2942,1.220417495021205e-06,3.462898015936842e-10,1.8608863522356334e-05
Steepest Descent,2942,2943,1.3097137491265528e-06,3.447752746426611e-10,1.8568125232307677e-05
Steepest Descent,2943,2944,1.2149653497628588e-06,3.4326751395827985e-10,1.852747996782832e-05
Steepest Descent,2944,2945,1.3038633492801753e-06,3.417664885054669e-10,1.8486927503116003e-05
Steepest Descent,2945,2946,1.2095387629370512e-06,3.40272167515852e-10,1.8446467616209124e-05
Steepest Descent,2946,2947,1.2980403709774955e-06,3.387845202455587e-10,1.840610008246067e-05
Steepest Descent,2947,2948,1.204137607918857e-06,3.373035162146155e-10,1.836582468103775e-05
Steepest Descent,2948,2949,1.2922446780865663e-06,3.3582912496754546e-10,1.8325641188442644e-05
Steepest Descent,2949,2950,1.1987617583998606e-06,3.343613163102756e-10,1.82855493849727e-05
Steepest Descent,2950,2951,1.286476135340896e-06,3.329000600727595e-10,1.824554904826817e-05
Steepest Descent,2951,2952,1.193411088828948e-06,3.3144532634407367e-10,1.820563995975076e-05
Steepest Descent,2952,2953,1.280734608073013e-06,3.299970852369236e-10,1.816582189819452e-05
Steepest Descent,2953,2954,1.1880854745199206e-06,3.285553071207592e-10,1.812609464613818e-05
Steepest Descent,2954,2955,1.2750199624378816e-06,3.2711996238829494e-10,1.808645798348297e-05
Steepest Descent,2955,2956,1.182784791084861e-06,3.256910216867468e-10,1.804691169388122e-05
Steepest Descent,2956,2957,1.269332065187987e-06,3.2426845568614353e-10,1.8007455558355364e-05
Steepest Descent,2957,2958,1.177508915178742e-06,3.228522353084936e-10,1.796808936165706e-05
Steepest Descent,2958,2959,1.263670783746704e-06,3.2144233149872897e-10,1.7928812885931095e-05
Steepest Descent,2959,2960,1.1722577238719339e-06,3.200387154510496e-10,1.78896259170238e-05
Steepest Descent,2960,2961,1.2580359863805945e-06,3.1864135838261815e-10,1.785052823819559e-05
Steepest Descent,2961,2962,1.1670310949124221e-06,3.1725023175717596e-10,1.7811519636380718e-05
Steepest Descent,2962,2963,1.2524275418365184e-06,3.158653070613867e-10,1.7772599895946193e-05
Steepest Descent,2963,2964,1.161828906649855e-06,3.144865560260279e-10,1.773376880491081e-05
Steepest Descent,2964,2965,1.2468453198229218e-06,3.131139504045984e-10,1.769502614874017e-05
Steepest Descent,2965,2966,1.1566510381919812e-06,3.1174746219251867e-10,1.7656371716536744e-05
Steepest Descent,2966,2967,1.2412891904555505e-06,3.103870634073758e-10,1.761780529485372e-05
Steepest Descent,2967,2968,1.1514973691817904e-06,3.090327263068239e-10,1.7579326673875307e-05
Steepest Descent,2968,2969,1.2357590246438788e-06,3.076844231699026e-10,1.7540935641233695e-05
Steepest Descent,2969,2970,1.146367779810759e-06,3.0634212651386434e-10,1.7502631988185786e-05
Steepest Descent,2970,2971,1.230254694120531e-06,3.0500580887701967e-10,1.746441550344642e-05
Steepest Descent,2971,2972,1.1412621512042254e-06,3.036754430335088e-10,1.7426285979333312e-05
Steepest Descent,2972,2973,1.22477607104706e-06,3.0235100177834847e-10,1.7388243205636054e-05
Steepest Descent,2973,2974,1.1361803648625239e-06,3.0103245814016514e-10,1.7350286975729396e-05
Steepest Descent,2974,2975,1.2193230284523986e-06,2.997197851683561e-10,1.731241708047597e-05
Steepest Descent,2975,2976,1.1311223028697528e-06,2.9841295614341785e-10,1.7274633314296944e-05
Steepest Descent,2976,2977,1.213895439886868e-06,2.971119443668358e-10,1.723693546912663e-05
Steepest Descent,2977,2978,1.1260878481722559e-06,2.9581672336843014e-10,1.7199323340423313e-05
Steepest Descent,2978,2979,1.2084931794894352e-06,2.9452726669918457e-10,1.7161796721182328e-05
Steepest Descent,2979,2980,1.1210768840628866e-06,2.9324354813628873e-10,1.7124355407906268e-05
Steepest Descent,2980,2981,1.2031161223833608e-06,2.91965541477431e-10,1.7086999194634234e-05
Steepest Descent,2981,2982,1.1160892945639235e-06,2.9069322074491345e-10,1.7049727878910952e-05
Steepest Descent,2982,2983,1.1977641441435597e-06,2.8942655998105863e-10,1.701254125582238e-05
Steepest Descent,2983,2984,1.1111249643325927e-06,2.8816553345049303e-10,1.6975439123937058e-05
Steepest Descent,2984,2985,1.1924371208603936e-06,2.869101154378747e-10,1.6938421279383587e-05
Steepest Descent,2985,2986,1.1061837785901032e-06,2.856602804481285e-10,1.6901487521757617e-05
Steepest Descent,2986,2987,1.1871349294981877e-06,2.8441600300576487e-10,1.686463764822016e-05
Steepest Descent,2987,2988,1.1012656231052956e-06,2.83177257853582e-10,1.6827871459384933e-05
Steepest Descent,2988,2989,1.1818574476602124e-06,2.8194401975379396e-10,1.6791188753444287e-05
Steepest Descent,2989,2990,1.0963703843956467e-06,2.807162636847012e-10,1.6754589332021872e-05
Steepest Descent,2990,2991,1.1766045532953328e-06,2.794939646439893e-10,1.6718072994337274e-05
Steepest Descent,2991,2992,1.0914979494289992e-06,2.7827709784321423e-10,1.668163954301897e-05
Steepest Descent,2992,2993,1.1713761253845648e-06,2.770656385132817e-10,1.6645288778308463e-05
Steepest Descent,2993,2994,1.0866482058287715e-06,2.758595620967541e-10,1.660902050383327e-05
Steepest Descent,2994,2995,1.166172043302794e-06,2.7465884405539193e-10,1.657283452084742e-05
Steepest Descent,2995,2996,1.0818210418128905e-06,2.7346346006073125e-10,1.653673063397754e-05
Steepest Descent,2996,2997,1.160992187132983e-06,2.7227338580312213e-10,1.6500708645483143e-05
Steepest Descent,2997,2998,1.0770163460895935e-06,2.7108859718078935e-10,1.6464768360981862e-05
Steepest Descent,2998,2999,1.1558364375216452e-06,2.699090701106609e-10,1.6428909583738687e-05
Steepest Descent,2999,3000,1.072234008120732e-06,2.6873478071532745e-10,1.6393132120352335e-05
Steepest Descent,3000,3001,1.1507046758048157e-06,2.6756570513624837e-10,1.6357435775091653e-05
Steepest Descent,3001,3002,1.0674739177680049e-06,2.664018197182245e-10,1.632182035553095e-05
Steepest Descent,3002,3003,1.1455967839723379e-06,2.6524310082482776e-10,1.628628566692933e-05
Steepest Descent,3003,3004,1.0627359655807674e-06,2.6408952502117574e-10,1.6250831517838578e-05
Steepest Descent,3004,3005,1.1405126443797647e-06,2.6294106889090035e-10,1.6215457714505017e-05
Steepest Descent,3005,3006,1.058020042581455e-06,2.6179770921721774e-10,1.6180164066449318e-05
Steepest Descent,3006,3007,1.1354521403502824e-06,2.6065942280163846e-10,1.614495038089738e-05
Steepest Descent,3007,3008,1.0533260405197343e-06,2.595261866436117e-10,1.6109816468340403e-05
Steepest Descent,3008,3009,1.1304151556346562e-06,2.583979777601952e-10,1.6074762136970957e-05
Steepest Descent,3009,3010,1.0486538515605029e-06,2.572747733650571e-10,1.603978719824727e-05
Steepest Descent,3010,3011,1.1254015746765418e-06,2.5615655068883265e-10,1.600489146132621e-05
Steepest Descent,3011,3012,1.0440033684928804e-06,2.5504328715735273e-10,1.597007473862764e-05
Steepest Descent,3012,3013,1.1204112822678417e-06,2.53934960212818e-10,1.5935336840268486e-05
Steepest Descent,3013,3014,1.0393744846902824e-06,2.528315474911055e-10,1.5900677579622368e-05
Steepest Descent,3014,3015,1.1154441641233816e-06,2.517330266439515e-10,1.5866096767760858e-05
Steepest Descent,3015,3016,1.034767093916285e-06,2.506393755152413e-10,1.5831594219005278e-05
Steepest Descent,3016,3017,1.110500106453242e-06,2.4955057196432895e-10,1.5797169745379358e-05
Steepest Descent,3017,3018,1.030181090677819e-06,2.4846659404117406e-10,1.5762823162148778e-05
Steepest Descent,3018,3019,1.1055789958919223e-06,2.473874198107687e-10,1.5728554282284454e-05
Steepest Descent,3019,3020,1.0256163701350002e-06,2.463130275269464e-10,1.5694362921984005e-05
Steepest Descent,3020,3021,1.1006807198694282e-06,2.452433954584565e-10,1.5660248895163078e-05
Steepest Descent,3021,3022,1.0210728275402413e-06,2.4417850206129533e-10,1.562621201895377e-05
Steepest Descent,3022,3023,1.0958051663529987e-06,2.431183258059232e-10,1.5592252108208203e-05
Steepest Descent,3023,3024,1.0165503592115198e-06,2.420628453483316e-10,1.555836898098035e-05
Steepest Descent,3024,3025,1.090952223882607e-06,2.410120393589613e-10,1.552456245306003e-05
Steepest Descent,3025,3026,1.0120488616741464e-06,2.39965886691935e-10,1.5490832343419607e-05
Steepest Descent,3026,3027,1.0861217814408919e-06,2.38924366215647e-10,1.545717846877777e-05
Steepest Descent,3027,3028,1.007568232099531e-06,2.378874569805423e-10,1.5423600649022986e-05
Steepest Descent,3028,3029,1.0813137288268697e-06,2.3685513805113457e-10,1.5390098701799626e-05
Steepest Descent,3029,3030,1.00310836823472e-06,2.358273886721253e-10,1.5356672447901117e-05
Steepest Descent,3030,3031,1.0765279562628453e-06,2.3480418810233927e-10,1.5323321705894555e-05
Steepest Descent,3031,3032,9.986691682747252e-07,2.3378551577903343e-10,1.5290046297478415e-05
Steepest Descent,3032,3033,1.0717643545063814e-06,2.3277135115332103e-10,1.525684604213207e-05
Steepest Descent,3033,3034,9.94250530968371e-07,2.3176167385321523e-10,1.5223720762455387e-05
Steepest Descent,3034,3035,1.0670228150983147e-06,2.3075646352036957e-10,1.5190670278837915e-05
Steepest Descent,3035,3036,9.89852355651989e-07,2.297556999717352e-10,1.515769441477612e-05
Steepest Descent,3036,3037,1.0623032298928076e-06,2.2875936303759967e-10,1.5124792991561889e-05
Steepest Descent,3037,3038,9.854745420266876e-07,2.2776743272197727e-10,1.5091965833581034e-05
Steepest Descent,3038,3039,1.0576054914508068e-06,2.2677988904223592e-10,1.5059212763031004e-05
Steepest Descent,3039,3040,9.811169905152896e-07,2.2579671218746583e-10,1.5026533605175406e-05
Steepest Descent,3040,3041,1.0529294927790937e-06,2.2481788236039526e-10,1.4993928183114499e-05
Steepest Descent,3041,3042,9.76779601964885e-07,2.2384337993346845e-10,1.4961396322986315e-05
Steepest Descent,3042,3043,1.0482751275755793e-06,2.2287318529286888e-10,1.4928937848784449e-05
Steepest Descent,3043,3044,9.724622777765933e-07,2.219072789929053e-10,1.4896552587525252e-05
Steepest Descent,3044,3045,1.0436422900012743e-06,2.2094564160123052e-10,1.486424036408287e-05
Steepest Descent,3045,3046,9.681649196740993e-07,2.199882538523076e-10,1.4832001006347984e-05
Steepest Descent,3046,3047,1.0390308748415843e-06,2.1903509649381316e-10,1.4799834340080064e-05
Steepest Descent,3047,3048,9.638874301260945e-07,2.1808615043826948e-10,1.4767740194026622e-05
Steepest Descent,3048,3049,1.0344407773209266e-06,2.1714139661186552e-10,1.4735718394834555e-05
Steepest Descent,3049,3050,9.596297120803734e-07,2.1620081610353346e-10,1.470376877210511e-05
Steepest Descent,3050,3051,1.0298718933015438e-06,2.1526439001603945e-10,1.4671891153359863e-05
Steepest Descent,3051,3052,9.55391668897135e-07,2.1433209961335352e-10,1.4640085369059619e-05
Steepest Descent,3052,3053,1.0253241190312147e-06,2.1340392617297126e-10,1.4608351247590236e-05
Steepest Descent,3053,3054,9.511732044398647e-07,2.124798511321548e-10,1.4576688620264712e-05
Steepest Descent,3054,3055,1.0207973515935868e-06,2.1155985594161616e-10,1.4545097316333644e-05
Steepest Descent,3055,3056,9.469742230633366e-07,2.1064392221021938e-10,1.4513577167956194e-05
Steepest Descent,3056,3057,1.0162914882494789e-06,2.0973203156025387e-10,1.4482128005243354e-05
Steepest Descent,3057,3058,9.427946297398662e-07,2.0882416577054234e-10,1.4450749661195516e-05
Steepest Descent,3058,3059,1.0118064270751967e-06,2.0792030663333818e-10,1.4419441966780065e-05
Steepest Descent,3059,3060,9.386343298292177e-07,2.0702043609581367e-10,1.4388204755834331e-05
Steepest Descent,3060,3061,1.0073420665040054e-06,2.0612453611843581e-10,1.4357037860172821e-05
Steepest Descent,3061,3062,9.344932291988193e-07,2.0523258881532046e-10,1.432594111447204e-05
Steepest Descent,3062,3063,1.0028983055999234e-06,2.0434457631353322e-10,1.429491435138851e-05
Steepest Descent,3063,3064,9.303712340962247e-07,2.0346048089241707e-10,1.4263957406428871e-05
Steepest Descent,3064,3065,9.984750438618328e-07,2.0258028484409694e-10,1.4233070113088635e-05
Steepest Descent,3065,3066,9.262682515165209e-07,2.0170397061159795e-10,1.4202252307700983e-05
Steepest Descent,3066,3067,9.940721814409352e-07,2.0083152065064816e-10,1.417150382459985e-05
Steepest Descent,3067,3068,9.221841887370251e-07,1.9996291756628286e-10,1.4140824500936389e-05
Steepest Descent,3068,3069,9.896896187565885e-07,1.9909814397617113e-10,1.411021417187461e-05
Steepest Descent,3069,3070,9.181189535359765e-07,1.9823718264596707e-10,1.4079672675384435e-05
Steepest Descent,3070,3071,9.853272570545595e-07,1.9738001635380963e-10,1.4049199847457848e-05
Steepest Descent,3071,3072,9.140724540977416e-07,1.9652662802433122e-10,1.4018795526875024e-05
Steepest Descent,3072,3073,9.80984997849065e-07,1.9567700059463353e-10,1.3988459550452063e-05
Steepest Descent,3073,3074,9.100445994374584e-07,1.9483111714685424e-10,1.39581917577763e-05
Steepest Descent,3074,3075,9.766627432999557e-07,1.9398896077544495e-10,1.3927991986479778e-05
Steepest Descent,3075,3076,9.060352984973402e-07,1.931505147186556e-10,1.3897860076956294e-05
Steepest Descent,3076,3077,9.723603960234987e-07,1.9231576222687172e-10,1.386779586765221e-05
Steepest Descent,3077,3078,9.020444611607297e-07,1.9148468669285245e-10,1.3837799199759058e-05
Steepest Descent,3078,3079,9.68077859000621e-07,1.9065727152141107e-10,1.3807869912532166e-05
Steepest Descent,3079,3080,8.980719974853294e-07,1.898335002584905e-10,1.3778007847961565e-05
Steepest Descent,3080,3081,9.638150361050479e-07,1.890133564617642e-10,1.3748212846103458e-05
Steepest Descent,3081,3082,8.941178181280804e-07,1.8819682382893138e-10,1.3718484749743004e-05
Steepest Descent,3082,3083,9.59571831283164e-07,1.8738388606910084e-10,1.3688823399733845e-05
Steepest Descent,3083,3084,8.901818341502568e-07,1.8657452703013982e-10,1.3659228639646523e-05
Steepest Descent,3084,3085,9.553481491812598e-07,1.8576873057138186e-10,1.362970031113604e-05
Steepest Descent,3085,3086,8.86263957173082e-07,1.8496648068948647e-10,1.3600238258555856e-05
Steepest Descent,3086,3087,9.511438949319918e-07,1.8416776139227788e-10,1.357084232434663e-05
Steepest Descent,3087,3088,8.823640991006458e-07,1.833725568239144e-10,1.3541512353644787e-05
Steepest Descent,3088,3089,9.46958974110364e-07,1.825808511395712e-10,1.351224818968225e-05
Steepest Descent,3089,3090,8.784821723870157e-07,1.8179262862920555e-10,1.3483049678363034e-05
Steepest Descent,3090,3091,9.427932927773588e-07,1.8100787359403524e-10,1.3453916663709316e-05
Steepest Descent,3091,3092,8.746180900006439e-07,1.8022657046848804e-10,1.3424848992390493e-05
Steepest Descent,3092,3093,9.386467575172976e-07,1.7944870369831732e-10,1.3395846509210133e-05
Steepest Descent,3093,3094,8.707717653653545e-07,1.786742578612225e-10,1.3366909061605172e-05
Steepest Descent,3094,3095,9.345192754473472e-07,1.7790321754605345e-10,1.3338036495153755e-05
Steepest Descent,3095,3096,8.6694311201466e-07,1.7713556747229286e-10,1.3309228658051256e-05
Steepest Descent,3096,3097,9.304107539752884e-07,1.7637129237074662e-10,1.3280485396654242e-05
Steepest Descent,3097,3098,8.631320444739095e-07,1.7561037710132203e-10,1.3251806559911823e-05
Steepest Descent,3098,3099,9.263211011239438e-07,1.748528065353204e-10,1.3223191994950402e-05
Steepest Descent,3099,3100,8.593384772952016e-07,1.740985656717518e-10,1.319464155146898e-05
Steepest Descent,3100,3101,9.222502254094056e-07,1.7334763952109793e-10,1.3166155077360205e-05
Steepest Descent,3101,3102,8.555623256397416e-07,1.7260001322027978e-10,1.3137732423073616e-05
Steepest Descent,3102,3103,9.18198035790432e-07,1.7185567191756385e-10,1.3109373437260982e-05
Steepest Descent,3103,3104,8.51803505037984e-07,1.7111460088647763e-10,1.3081077971118344e-05
Steepest Descent,3104,3105,9.141644415917189e-07,1.7037678541171368e-10,1.3052845874050365e-05
Steepest Descent,3105,3106,8.480619315262633e-07,1.6964221090213273e-10,1.3024676997996255e-05
Steepest Descent,3106,3107,9.101493529229018e-07,1.6891086277762576e-10,1.2996571193111886e-05
Steepest Descent,3107,3108,8.443375215539886e-07,1.6818272658111252e-10,1.2968528312075835e-05
Steepest Descent,3108,3109,9.061526798197876e-07,1.6745778786640402e-10,1.2940548205791129e-05
Steepest Descent,3109,3110,8.406301918573618e-07,1.6673603230911868e-10,1.291263072766811e-05
Steepest Descent,3110,3111,9.021743332899583e-07,1.660174455958319e-10,1.288477572935718e-05
Steepest Descent,3111,3112,8.369398598638959e-07,1.653020135336109e-10,1.2856983064996657e-05
Steepest Descent,3112,3113,8.982142245623128e-07,1.6458972194042558e-10,1.282925258697581e-05
Steepest Descent,3113,3114,8.332664432143338e-07,1.6388055675362708e-10,1.2801584150159974e-05
Steepest Descent,3114,3115,8.942722652548441e-07,1.6317450392136253e-10,1.2773977607674225e-05
Steepest Descent,3115,3116,8.296098600398921e-07,1.6247154951007138e-10,1.2746432815108365e-05
Steepest Descent,3116,3117,8.903483675828454e-07,1.6177167959671496e-10,1.2718949626314074e-05
Steepest Descent,3117,3118,8.259700289426815e-07,1.6107488037575198e-10,1.26915278976076e-05
Steepest Descent,3118,3119,8.864424443972495e-07,1.6038113805163682e-10,1.2664167483559147e-05
Steepest Descent,3119,3120,8.223468688374623e-07,1.596904389456342e-10,1.263686824120732e-05
Steepest Descent,3120,3121,8.825544084864531e-07,1.5900276938866873e-10,1.2609630025844086e-05
Steepest Descent,3121,3122,8.187402990680742e-07,1.5831811582737498e-10,1.2582452695217054e-05
Steepest Descent,3122,3123,8.786841735244036e-07,1.5763646471807e-10,1.2555336105340629e-05
Steepest Descent,3123,3124,8.151502395532822e-07,1.5695780263165562e-10,1.2528280114670792e-05
Steepest Descent,3124,3125,8.748316533583195e-07,1.5628211614859233e-10,1.2501284579937866e-05
Steepest Descent,3125,3126,8.1157661051309e-07,1.5560939196281932e-10,1.2474349360300092e-05
Steepest Descent,3126,3127,8.709967625154904e-07,1.5493961677778322e-10,1.2447474313200378e-05
Steepest Descent,3127,3128,8.080193323757958e-07,1.542727774093142e-10,1.2420659298495961e-05
Steepest Descent,3128,3129,8.671794157588443e-07,1.5360886068274494e-10,1.2393904174340906e-05
Steepest Descent,3129,3130,8.044783263859851e-07,1.5294785353468466e-10,1.2367208801289185e-05
Steepest Descent,3130,3131,8.633795283850716e-07,1.5228974291108252e-10,1.2340573038197315e-05
Steepest Descent,3131,3132,8.009535139787783e-07,1.5163451586823028e-10,1.2313996746313938e-05
Steepest Descent,3132,3133,8.595970161496917e-07,1.5098215947154118e-10,1.228747978519359e-05
Steepest Descent,3133,3134,7.97444816752901e-07,1.5033266089592924e-10,1.2261022016778586e-05
Steepest Descent,3134,3135,8.558317951662861e-07,1.4968600732519495e-10,1.2234623301319698e-05
Steepest Descent,3135,3136,7.939521571491328e-07,1.4904218605156904e-10,1.2208283501441512e-05
Steepest Descent,3136,3137,8.520837819399831e-07,1.4840118437624872e-10,1.2182002478092373e-05
Steepest Descent,3137,3138,7.904754577830815e-07,1.4776298970773762e-10,1.2155780094577954e-05
Steepest Descent,3138,3139,8.483528936221855e-07,1.4712758946336524e-10,1.2129616212533899e-05
Steepest Descent,3139,3140,7.87014641677321e-07,1.4649497116692413e-10,1.2103510695947856e-05
Steepest Descent,3140,3141,8.446390475194783e-07,1.4586512235080174e-10,1.2077463407139835e-05
Steepest Descent,3141,3142,7.835696321990645e-07,1.4523803065292904e-10,1.2051474210773095e-05
Steepest Descent,3142,3143,8.409421615398373e-07,1.4461368371972108e-10,1.2025542969850512e-05
Steepest Descent,3143,3144,7.801403531846479e-07,1.4399206930212504e-10,1.1999669549705318e-05
Steepest Descent,3144,3145,8.372621539195344e-07,1.43373175159554e-10,1.1973853814021363e-05
Steepest Descent,3145,3146,7.767267288554001e-07,1.4275698915487457e-10,1.1948095628796856e-05
Steepest Descent,3146,3147,8.335989434246852e-07,1.4214349915947876e-10,1.19223948583948e-05
Steepest Descent,3147,3148,7.733286839399817e-07,1.4153269314718717e-10,1.1896751369478442e-05
Steepest Descent,3148,3149,8.299524489671194e-07,1.409245591000397e-10,1.1871165027074624e-05
Steepest Descent,3149,3150,7.699461431296066e-07,1.403190851019847e-10,1.1845635698517182e-05
Steepest Descent,3150,3151,8.263225903108421e-07,1.397162592446989e-10,1.1820163249494437e-05
Steepest Descent,3151,3152,7.665790320968764e-07,1.391160697210945e-10,1.1794747548001802e-05
Steepest Descent,3152,3153,8.227092872184067e-07,1.3851850473157706e-10,1.176938846039067e-05
Steepest Descent,3153,3154,7.632272763638959e-07,1.3792355257690366e-10,1.1744085855310477e-05
Steepest Descent,3154,3155,8.191124601705651e-07,1.3733120156520974e-10,1.1718839599773082e-05
Steepest Descent,3155,3156,7.598908020629362e-07,1.367414401041525e-10,1.1693649563081342e-05
Steepest Descent,3156,3157,8.155320297316278e-07,1.3615425660854666e-10,1.1668515612902381e-05
Steepest Descent,3157,3158,7.56569535859886e-07,1.3556963959189408e-10,1.1643437619186786e-05
Steepest Descent,3158,3159,8.11967917146504e-07,1.349875775746591e-10,1.1618415450252203e-05
Steepest Descent,3159,3160,7.532634044876088e-07,1.3440805917536831e-10,1.1593448976700952e-05
Steepest Descent,3160,3161,8.084200439653209e-07,1.3383107301907182e-10,1.1568538067494604e-05
Steepest Descent,3161,3162,7.499723353389708e-07,1.332566078282828e-10,1.1543682593881505e-05
Steepest Descent,3162,3163,8.048883321967986e-07,1.3268465233167192e-10,1.1518882425464368e-05
Steepest Descent,3163,3164,7.466962558476902e-07,1.3211519535482275e-10,1.1494137434136707e-05
Steepest Descent,3164,3165,8.013727040964375e-07,1.315482257289844e-10,1.1469447490135887e-05
Steepest Descent,3165,3166,7.434350940721e-07,1.3098373238177992e-10,1.144481246599436e-05
Steepest Descent,3166,3167,7.978730824853689e-07,1.3042170424630539e-10,1.1420232232590779e-05
Steepest Descent,3167,3168,7.401887784106067e-07,1.2986213035108643e-10,1.1395706663085289e-05
Steepest Descent,3168,3169,7.943893904546435e-07,1.2930499973016376e-10,1.137123562899669e-05
Steepest Descent,3169,3170,7.36957237548097e-07,1.2875030151193855e-10,1.1346819004105887e-05
Steepest Descent,3170,3171,7.909215515787936e-07,1.2819802483061031e-10,1.1322456660575491e-05
Steepest Descent,3171,3172,7.337404006375562e-07,1.2764815891352804e-10,1.1298148472804207e-05
Steepest Descent,3172,3173,7.874694897385287e-07,1.2710069299387707e-10,1.1273894313584683e-05
Steepest Descent,3173,3174,7.305381969458795e-07,1.2655561639713668e-10,1.1249694057934938e-05
Steepest Descent,3174,3175,7.840331292311538e-07,1.2601291845473293e-10,1.1225547579282397e-05
Steepest Descent,3175,3176,7.273505565079008e-07,1.2547258858918408e-10,1.1201454753253439e-05
Steepest Descent,3176,3177,7.806123947381575e-07,1.2493461622915961e-10,1.1177415453903447e-05
Steepest Descent,3177,3178,7.24177409456039e-07,1.2439899089361418e-10,1.1153429557477563e-05
Steepest Descent,3178,3179,7.772072114399963e-07,1.2386570210718926e-10,1.1129496938639647e-05
Steepest Descent,3179,3180,7.21018686153726e-07,1.233347394844832e-10,1.1105617474255234e-05
Steepest Descent,3180,3181,7.73817504793736e-07,1.2280609264549916e-10,1.108179103960633e-05
Steepest Descent,3181,3182,7.178743175803558e-07,1.2227975129919545e-10,1.1058017512158109e-05
Steepest Descent,3182,3183,7.704432004808255e-07,1.2175570516017473e-10,1.1034296767813284e-05
Steepest Descent,3183,3184,7.147442348820647e-07,1.212339440310234e-10,1.1010628684640281e-05
Steepest Descent,3184,3185,7.670842248356351e-07,1.20714457719906e-10,1.0987013139152333e-05
Steepest Descent,3185,3186,7.11628369814805e-07,1.201972361221864e-10,1.0963450010019037e-05
Steepest Descent,3186,3187,7.637405044084202e-07,1.1968226913872528e-10,1.0939939174361312e-05
Steepest Descent,3187,3188,7.085266540650568e-07,1.1916954675680742e-10,1.091648051144724e-05
Steepest Descent,3188,3189,7.604119660983325e-07,1.1865905896912723e-10,1.0893073899002393e-05
Steepest Descent,3189,3190,7.054390200835317e-07,1.1815079585400236e-10,1.086971921688883e-05
Steepest Descent,3190,3191,7.570985374629439e-07,1.176447474950898e-10,1.0846416343432967e-05
Steepest Descent,3191,3192,7.02365400412222e-07,1.1714090406099136e-10,1.0823165159092387e-05
Steepest Descent,3192,3193,7.538001460433681e-07,1.166392557254372e-10,1.0799965542789345e-05
Steepest Descent,3193,3194,6.99305727929665e-07,1.1613979274631559e-10,1.0776817375566663e-05
Steepest Descent,3194,3195,7.505167198875519e-07,1.1564250538677206e-10,1.0753720536947761e-05
Steepest Descent,3195,3196,6.962599360436285e-07,1.1514738399319097e-10,1.0730674908559617e-05
Steepest Descent,3196,3197,7.47248187469497e-07,1.1465441891711999e-10,1.0707680370515362e-05
Steepest Descent,3197,3198,6.932279583942118e-07,1.1416360059267197e-10,1.0684736805025754e-05
Steepest Descent,3198,3199,7.439944776063768e-07,1.136749194590292e-10,1.0661844092793195e-05
Steepest Descent,3199,3200,6.902097289051215e-07,1.1318836603714812e-10,1.0639002116606054e-05
Steepest Descent,3200,3201,7.407555195004047e-07,1.1270393085311922e-10,1.0616210757757176e-05
Steepest Descent,3201,3202,6.872051818469858e-07,1.122216045139166e-10,1.0593469899608748e-05
Steepest Descent,3202,3203,7.375312425416837e-07,1.11741377631609e-10,1.0570779424035342e-05
Steepest Descent,3203,3204,6.842142518745249e-07,1.1126324089842942e-10,1.0548139214971966e-05
Steepest Descent,3204,3205,7.343215767886799e-07,1.1078718501170637e-10,1.0525549154875785e-05
Steepest Descent,3205,3206,6.812368740323856e-07,1.1031320074815873e-10,1.0503009128252662e-05
Steepest Descent,3206,3207,7.311264522863418e-07,1.0984127888945759e-10,1.048051901813348e-05
Steepest Descent,3207,3208,6.782729835196604e-07,1.0937141029602228e-10,1.0458078709592038e-05
Steepest Descent,3208,3209,7.279457997573139e-07,1.0890358583321041e-10,1.0435688086236116e-05
Steepest Descent,3209,3210,6.753225160294886e-07,1.0843779644431736e-10,1.041334703370234e-05
Steepest Descent,3210,3211,7.247795500164685e-07,1.0797403307752529e-10,1.039105543616842e-05
Steepest Descent,3211,3212,6.723854074513768e-07,1.0751228675826708e-10,1.0368813179832449e-05
Steepest Descent,3212,3213,7.216276345240531e-07,1.0705254851680035e-10,1.0346620149440124e-05
Steepest Descent,3213,3214,6.694615941740916e-07,1.0659480945997342e-10,1.0324476231750132e-05
Steepest Descent,3214,3215,7.1848998474613e-07,1.0613906069930407e-10,1.0302381312070722e-05
Steepest Descent,3215,3216,6.665510126475137e-07,1.0568529342227671e-10,1.0280335277717195e-05
Steepest Descent,3216,3217,7.153665327734281e-07,1.0523349882100849e-10,1.025833801456203e-05
Steepest Descent,3217,3218,6.63653599912903e-07,1.0478366816267853e-10,1.0236389410464928e-05
Steepest Descent,3218,3219,7.122572109741464e-07,1.0433579271944993e-10,1.0214489351869231e-05
Steepest Descent,3219,3220,6.607692931652384e-07,1.0388986383744208e-10,1.0192637727175536e-05
Steepest Descent,3220,3221,7.091619518297087e-07,1.0344587286796132e-10,1.0170834423387361e-05
Steepest Descent,3221,3222,6.578980299895057e-07,1.0300381123550503e-10,1.0149079329451762e-05
Steepest Descent,3222,3223,7.060806884458089e-07,1.02563670369694e-10,1.012737233292496e-05
Steepest Descent,3223,3224,6.550397482370954e-07,1.0212544177271936e-10,1.0105713323299812e-05
Steepest Descent,3224,3225,7.03013354261818e-07,1.0168911695169741e-10,1.008410218867785e-05
Steepest Descent,3225,3226,6.521943860882093e-07,1.0125468748586402e-10,1.006253881909849e-05
Steepest Descent,3226,3227,6.999598828268113e-07,1.0082214495919312e-10,1.0041023103209808e-05
Steepest Descent,3227,3228,6.493618820354447e-07,1.003914810271151e-10,1.0019554931588283e-05
Steepest Descent,3228,3229,6.969202082974234e-07,9.996268734983134e-11,9.998134193429858e-06
Steepest Descent,3229,3230,6.465421748634607e-07,9.953575565815136e-11,9.976760779839885e-06
Steepest Descent,3230,3231,6.938942649132949e-07,9.911067768791415e-11,9.955434580565238e-06
Steepest Descent,3231,3232,6.437352038114589e-07,9.868744524460355e-11,9.934155487237128e-06
Steepest Descent,3232,3233,6.908819874158708e-07,9.826605013890487e-11,9.91292339014606e-06
Steepest Descent,3233,3234,6.409409081330058e-07,9.784648425029896e-11,9.891738181447128e-06
Steepest Descent,3234,3235,6.878833107113125e-07,9.742873946368684e-11,9.870599751974894e-06
Steepest Descent,3235,3236,6.38159227639761e-07,9.701280773179389e-11,9.849507994402252e-06
Steepest Descent,3236,3237,6.848981703037348e-07,9.659868101307804e-11,9.828462800106536e-06
Steepest Descent,3237,3238,6.35390102454745e-07,9.61863513329264e-11,9.807464062280646e-06
Steepest Descent,3238,3239,6.819265017640338e-07,9.57758107225399e-11,9.786511672835213e-06
Steepest Descent,3239,3240,6.326334728638696e-07,9.53670512793044e-11,9.765605525480967e-06
Steepest Descent,3240,3241,6.78968241084235e-07,9.496006510651249e-11,9.744745512660269e-06
Steepest Descent,3241,3242,6.298892794679688e-07,9.45548443729297e-11,9.723931528601468e-06
Steepest Descent,3242,3243,6.760233246140845e-07,9.4151381253169e-11,9.703163466270625e-06
Steepest Descent,3243,3244,6.271574633177388e-07,9.374966798684142e-11,9.682441220417578e-06
Steepest Descent,3244,3245,6.73091688919408e-07,9.33496968190772e-11,9.661764684522035e-06
Steepest Descent,3245,3246,6.244379654531263e-07,9.295146005974147e-11,9.641133753855998e-06
Steepest Descent,3246,3247,6.701732710537307e-07,9.255495002393562e-11,9.620548322415704e-06
Steepest Descent,3247,3248,6.217307275000874e-07,9.216015909095938e-11,9.600008285983891e-06
Steepest Descent,3248,3249,6.672680082390885e-07,9.176707964532892e-11,9.5795135390754e-06
Steepest Descent,3249,3250,6.190356913012189e-07,9.137570413508184e-11,9.559063977978275e-06
Steepest Descent,3250,3251,6.643758381244211e-07,9.098602501353918e-11,9.538659497724991e-06
Steepest Descent,3251,3252,6.163527990188658e-07,9.059803479686754e-11,9.518299995107714e-06
Steepest Descent,3252,3253,6.614966985019849e-07,9.021172600650859e-11,9.497985365671425e-06
Steepest Descent,3253,3254,6.136819930012971e-07,8.982709122619234e-11,9.477715506713227e-06
Steepest Descent,3254,3255,6.586305276944572e-07,8.944412304471526e-11,9.457490314280806e-06
Steepest Descent,3255,3256,6.110232159299457e-07,8.906281411282257e-11,9.437309686177653e-06
Steepest Descent,3256,3257,6.557772641510852e-07,8.868315708615351e-11,9.417173518957454e-06
Steepest Descent,3257,3258,6.083764108674392e-07,8.830514468170679e-11,9.39708171091998e-06
Steepest Descent,3258,3259,6.5293684681464e-07,8.792876962137943e-11,9.377034159124057e-06
Steepest Descent,3259,3260,6.057415209730904e-07,8.755402468775152e-11,9.357030762360008e-06
Steepest Descent,3260,3261,6.501092147436274e-07,8.718090266848277e-11,9.33707141819547e-06
Steepest Descent,3261,3262,6.031184899802292e-07,8.680939641112803e-11,9.317156025908767e-06
Steepest Descent,3262,3263,6.472943073242275e-07,8.643949876841042e-11,9.297284483568868e-06
Steepest Descent,3263,3264,6.005072615999574e-07,8.607120265228178e-11,9.277456690940776e-06
Steepest Descent,3264,3265,6.444920644662211e-07,8.570450097995402e-11,9.257672546593664e-06
Steepest Descent,3265,3266,5.979077799663181e-07,8.533938672719629e-11,9.237931950777526e-06
Steepest Descent,3266,3267,6.417024260542952e-07,8.497585287501487e-11,9.218234802553842e-06
Steepest Descent,3267,3268,5.953199896314152e-07,8.46138924625396e-11,9.19858100266229e-06
Steepest Descent,3268,3269,6.38925332611629e-07,8.425349853392473e-11,9.178970450651028e-06
Steepest Descent,3269,3270,5.927438351884907e-07,8.389466419103615e-11,9.159403047744768e-06
Steepest Descent,3270,3271,6.361607247039355e-07,8.353738254061253e-11,9.13987869397688e-06
Steepest Descent,3271,3272,5.901792614957422e-07,8.31816467466951e-11,9.120397291055642e-06
Steepest Descent,3272,3273,6.334085432872169e-07,8.282744997805425e-11,9.100958739498506e-06
Steepest Descent,3273,3274,5.876262139340435e-07,8.247478546031791e-11,9.081562941494042e-06
Steepest Descent,3274,3275,6.306687296324331e-07,8.212364642367786e-11,9.06220979803921e-06
Steepest Descent,3275,3276,5.850846378597182e-07,8.177402615473171e-11,9.042899211797714e-06
Steepest Descent,3276,3277,6.279412252722787e-07,8.142591794469647e-11,9.02363108425297e-06
Steepest Descent,3277,3278,5.825544792448663e-07,8.107931514050715e-11,9.004405318537541e-06
Steepest Descent,3278,3279,6.252259720718045e-07,8.073421109374162e-11,8.98522181661319e-06
Steepest Descent,3279,3280,5.800356841460375e-07,8.039059921119924e-11,8.96608048208353e-06
Steepest Descent,3280,3281,6.225229120677105e-07,8.004847290423377e-11,8.946981217384654e-06
Steepest Descent,3281,3282,5.775281987776239e-07,7.970782563900157e-11,8.927923926591309e-06
Steepest Descent,3282,3283,6.198319879227129e-07,7.936865088601771e-11,8.908908512607911e-06
Steepest Descent,3283,3284,5.750319697702322e-07,7.903094217023041e-11,8.889934879976927e-06
Steepest Descent,3284,3285,6.171531420109509e-07,7.869469302090053e-11,8.871002932075972e-06
Steepest Descent,3285,3286,5.725469440232893e-07,7.835989702118115e-11,8.852112573910317e-06
Steepest Descent,3286,3287,6.144863175742616e-07,7.802654775842306e-11,8.833263709321886e-06
Steepest Descent,3287,3288,5.70073068631895e-07,7.769463887355235e-11,8.814456243782275e-06
Steepest Descent,3288,3289,6.11831457806784e-07,7.736416401150583e-11,8.795690081597112e-06
Steepest Descent,3289,3290,5.676102910447609e-07,7.7035116870325e-11,8.776965128694827e-06
Steepest Descent,3290,3291,6.091885062160884e-07,7.670749115203641e-11,8.75828128984428e-06
Steepest Descent,3291,3292,5.651585588802745e-07,7.63812806113328e-11,8.739638471431915e-06
Steepest Descent,3292,3293,6.065574068364129e-07,7.605647900688029e-11,8.721036578691795e-06
Steepest Descent,3293,3294,5.62717820029482e-07,7.573308014936956e-11,8.702475518458501e-06
Steepest Descent,3294,3295,6.039381036060011e-07,7.54110778535021e-11,8.683955196424156e-06
Steepest Descent,3295,3296,5.602880227988786e-07,7.509046598559012e-11,8.665475519877148e-06
Steepest Descent,3296,3297,6.013305410248144e-07,7.477123841589927e-11,8.64703639496789e-06
Steepest Descent,3297,3298,5.57869115451448e-07,7.44533890657365e-11,8.628637729429628e-06
Steepest Descent,3298,3299,5.987346637481997e-07,7.41369118604453e-11,8.610279429870166e-06
Steepest Descent,3299,3300,5.554610468544404e-07,7.382180077586896e-11,8.591961404468071e-06
Steepest Descent,3300,3301,5.961504167520372e-07,7.350804979186967e-11,8.573683560283156e-06
Steepest Descent,3301,3302,5.530637659058265e-07,7.319565293833334e-11,8.555445805937486e-06
Steepest Descent,3302,3303,5.935777452137137e-07,7.288460424916573e-11,8.5372480489421e-06
Steepest Descent,3303,3304,5.50677221817792e-07,7.257489780781548e-11,8.519090198361295e-06
Steepest Descent,3304,3305,5.910165947417759e-07,7.226652770164608e-11,8.500972162149813e-06
Steepest Descent,3305,3306,5.483013640031098e-07,7.195948806725124e-11,8.482893849816301e-06
Steepest Descent,3306,3307,5.884669110876927e-07,7.165377304497831e-11,8.464855169757974e-06
Steepest Descent,3307,3308,5.459361423161492e-07,7.134937682401775e-11,8.44685603192204e-06
Steepest Descent,3308,3309,5.859286402003325e-07,7.104629359725164e-11,8.428896345148137e-06
Steepest Descent,3309,3310,5.435815065664716e-07,7.074451760595302e-11,8.410976019817973e-06
Steepest Descent,3310,3311,5.834017285430419e-07,7.044404309504873e-11,8.393094965210909e-06
Steepest Descent,3311,3312,5.412374070508214e-07,7.014486435748092e-11,8.375253092144793e-06
Steepest Descent,3312,3313,5.808861226942954e-07,6.984697568971877e-11,8.35745031033501e-06
Steepest Descent,3313,3314,5.389037942272487e-07,6.955037143581834e-11,8.33968653102851e-06
Steepest Descent,3314,3315,5.783817694529798e-07,6.925504594340448e-11,8.321961664379648e-06
Steepest Descent,3315,3316,5.365806188423305e-07,6.896099360717171e-11,8.304275622061909e-06
Steepest Descent,3316,3317,5.758886158559481e-07,6.866820882538075e-11,8.286628314663375e-06
Steepest Descent,3317,3318,5.342678317665589e-07,6.837668604299711e-11,8.269019654287751e-06
Steepest Descent,3318,3319,5.734066095145771e-07,6.808641970836533e-11,8.251449551949361e-06
Steepest Descent,3319,3320,5.319653842241229e-07,6.779740431619565e-11,8.23391792017601e-06
Steepest Descent,3320,3321,5.709356979166229e-07,6.750963436464943e-11,8.21642467041775e-06
Steepest Descent,3321,3322,5.29673227714353e-07,6.722310439759277e-11,8.19896971561627e-06
Steepest Descent,3322,3323,5.684758290187749e-07,6.693780896255626e-11,8.181552967655728e-06
Steepest Descent,3323,3324,5.273913139198229e-07,6.665374265214405e-11,8.164174339891575e-06
Steepest Descent,3324,3325,5.660269509548718e-07,6.63709000627452e-11,8.14683374463633e-06
Steepest Descent,3325,3326,5.251195947477391e-07,6.608927583532346e-11,8.129531095661266e-06
Steepest Descent,3326,3327,5.63589012122396e-07,6.580886461467742e-11,8.112266305705047e-06
Steepest Descent,3327,3328,5.228580223858451e-07,6.552966108963969e-11,8.095039288949724e-06
Steepest Descent,3328,3329,5.611619612932357e-07,6.525165995296044e-11,8.077849958557069e-06
Steepest Descent,3329,3330,5.206065492060269e-07,6.497485594097842e-11,8.060698229122487e-06
Steepest Descent,3330,3331,5.587457473509472e-07,6.469924379388795e-11,8.043584014224502e-06
Steepest Descent,3331,3332,5.183651278509565e-07,6.442481829512628e-11,8.026507228871488e-06
Steepest Descent,3332,3333,5.563403194708384e-07,6.415157423193751e-11,8.009467787059106e-06
Steepest Descent,3333,3334,5.161337112611519e-07,6.387950643437312e-11,7.992465604203319e-06
Steepest Descent,3334,3335,5.539456271516308e-07,6.360860973626515e-11,7.975500594712857e-06
Steepest Descent,3335,3336,5.139122525105307e-07,6.33388790138948e-11,7.958572674411838e-06
Steepest Descent,3336,3337,5.515616200602821e-07,6.30703091472936e-11,7.941681758122367e-06
Steepest Descent,3337,3338,5.117007049070973e-07,6.280289505848978e-11,7.924827762070906e-06
Steepest Descent,3338,3339,5.491882481266e-07,6.253663167327895e-11,7.908010601490046e-06
Steepest Descent,3339,3340,5.094990220844458e-07,6.22715139591103e-11,7.891230193012387e-06
Steepest Descent,3340,3341,5.468254614713669e-07,6.200753688702279e-11,7.874486452272475e-06
Steepest Descent,3341,3342,5.073071578406976e-07,6.174469546951577e-11,7.857779296309852e-06
Steepest Descent,3342,3343,5.444732106740616e-07,6.148298472245522e-11,7.841108641158801e-06
Steepest Descent,3343,3344,5.051250661468109e-07,6.12223997029316e-11,7.824474404260748e-06
Steepest Descent,3344,3345,5.421314463657005e-07,6.09629354713673e-11,7.80787650205658e-06
Steepest Descent,3345,3346,5.029527013281395e-07,6.070458712891677e-11,7.791314852379973e-06
Steepest Descent,3346,3347,5.398001194931489e-07,6.044734978011478e-11,7.774789372073996e-06
Steepest Descent,3347,3348,5.00790017912653e-07,6.019121856989238e-11,7.758299979369989e-06
Steepest Descent,3348,3349,5.37479181201962e-07,5.99361886464032e-11,7.741846591505362e-06
Steepest Descent,3349,3350,4.986369705124054e-07,5.968225519794217e-11,7.725429127106284e-06
Steepest Descent,3350,3351,5.351685829535861e-07,5.942941341603418e-11,7.70904750381227e-06
Steepest Descent,3351,3352,4.964935141372243e-07,5.917765853178772e-11,7.692701640632354e-06
Steepest Descent,3352,3353,5.328682762899381e-07,5.892698577971017e-11,7.67639145560661e-06
Steepest Descent,3353,3354,4.943596039908946e-07,5.867739043348487e-11,7.660116868134901e-06
Steepest Descent,3354,3355,5.305782132984301e-07,5.842886777002287e-11,7.643877796643721e-06
Steepest Descent,3355,3356,4.922351953786102e-07,5.818141310519633e-11,7.627674160921946e-06
Steepest Descent,3356,3357,5.282983459326354e-07,5.793502175810208e-11,7.611505879791599e-06
Steepest Descent,3357,3358,4.901202439168196e-07,5.768968908631478e-11,7.595372873422001e-06
Steepest Descent,3358,3359,5.26028626650542e-07,5.744541045070802e-11,7.579275061027144e-06
Steepest Descent,3359,3360,4.880147055317214e-07,5.7202181250226264e-11,7.5632123631580165e-06
Steepest Descent,3360,3361,5.237690080425747e-07,5.6959996887082e-11,7.547184699414875e-06
Steepest Descent,3361,3362,4.859185361121717e-07,5.67188528012356e-11,7.531191990729992e-06
Steepest Descent,3362,3363,5.2151944298352e-07,5.647874443592376e-11,7.515234157092097e-06
Steepest Descent,3363,3364,4.838316920926645e-07,5.623966727170085e-11,7.4993111198096616e-06
Steepest Descent,3364,3365,5.192798845098569e-07,5.600161679237712e-11,7.483422799252833e-06
Steepest Descent,3365,3366,4.817541298618854e-07,5.5764588518822765e-11,7.4675691171105174e-06
Steepest Descent,3366,3367,5.170502858728038e-07,5.5528577975040324e-11,7.451749994131601e-06
Steepest Descent,3367,3368,4.796858060958188e-07,5.529358072186805e-11,7.435965352384856e-06
Steepest Descent,3368,3369,5.148306007646614e-07,5.505959232308295e-11,7.420215112992543e-06
Steepest Descent,3369,3370,4.776266777676235e-07,5.482660837911519e-11,7.404499198400604e-06
Steepest Descent,3370,3371,5.126207828947987e-07,5.4594624493242684e-11,7.38881753010877e-06
Steepest Descent,3371,3372,4.7557670194268226e-07,5.436363630503938e-11,7.373170030932379e-06
Steepest Descent,3372,3373,5.10420786156056e-07,5.4133639456873286e-11,7.3575566227432655e-06
Steepest Descent,3373,3374,4.7353583601554896e-07,5.3904629627283434e-11,7.3419772287363725e-06
Steepest Descent,3374,3375,5.082305648582581e-07,5.36766024973001e-11,7.326431771148906e-06
Steepest Descent,3375,3376,4.715040373763214e-07,5.344955378396476e-11,7.310920173546197e-06
Steepest Descent,3376,3377,5.060500735286166e-07,5.3223479206726946e-11,7.2954423585363855e-06
Steepest Descent,3377,3378,4.6948126405059e-07,5.299837452074124e-11,7.279998250050698e-06
Steepest Descent,3378,3379,5.038792667115624e-07,5.277423548353535e-11,7.264587771066941e-06
Steepest Descent,3379,3380,4.6746747382747843e-07,5.2551057888079115e-11,7.249210845883786e-06
Steepest Descent,3380,3381,5.017180993616078e-07,5.232883752955138e-11,7.2338673978413075e-06
Steepest Descent,3381,3382,4.6546262485232603e-07,5.2107570238399244e-11,7.218557351604214e-06
Steepest Descent,3382,3383,4.995665265885827e-07,5.188725184712741e-11,7.203280630874199e-06
Steepest Descent,3383,3384,4.634666756492125e-07,5.1667878223348165e-11,7.188037160682195e-06
Steepest Descent,3384,3385,4.974245037978586e-07,5.144944523657168e-11,7.1728268650910346e-06
Steepest Descent,3385,3386,4.6147958456501926e-07,5.1231948791125975e-11,7.1576496694883e-06
Steepest Descent,3386,3387,4.952919864957039e-07,5.101538479327894e-11,7.142505498302324e-06
Steepest Descent,3387,3388,4.595013106209218e-07,5.0799749183718416e-11,7.127394277274017e-06
Steepest Descent,3388,3389,4.931689304429859e-07,5.0585037905150044e-11,7.112315931196394e-06
Steepest Descent,3389,3390,4.5753181265595137e-07,5.0371246934286626e-11,7.0972703861616145e-06
Steepest Descent,3390,3391,4.910552916686569e-07,5.015837224989108e-11,7.082257567322094e-06
Steepest Descent,3391,3392,4.5557104993179695e-07,4.9946409864411644e-11,7.067277401122135e-06
Steepest Descent,3392,3393,4.889510263708447e-07,4.9735355792398483e-11,7.052329813075852e-06
Steepest Descent,3393,3394,4.53618981876601e-07,4.9525206081657894e-11,7.037414729974203e-06
Steepest Descent,3394,3395,4.868560909763439e-07,4.93159567821136e-11,7.022532077684914e-06
Steepest Descent,3395,3396,4.5167556805571496e-07,4.9107603976738665e-11,7.0076817833530835e-06
Steepest Descent,3396,3397,4.847704422703164e-07,4.8900143750505744e-11,6.992863773198055e-06
Steepest Descent,3397,3398,4.497407682186334e-07,4.8693572221109355e-11,6.978077974708318e-06
Steepest Descent,3398,3399,4.826940369182671e-07,4.8487885508335205e-11,6.963324314458949e-06
Steepest Descent,3399,3400,4.478145423377065e-07,4.8283079764330176e-11,6.948602720283422e-06
Steepest Descent,3400,3401,4.806268320776235e-07,4.807915114335834e-11,6.933913119109463e-06
Steepest Descent,3401,3402,4.45896850699004e-07,4.78760958316252e-11,6.919255439107967e-06
Steepest Descent,3402,3403,4.785687850333461e-07,4.767391001758536e-11,6.904629607559362e-06
Steepest Descent,3403,3404,4.4398765366676533e-07,4.74725899213036e-11,6.890035552978199e-06
Steepest Descent,3404,3405,4.7651985319801897e-07,4.727213176493784e-11,6.875473202983038e-06
Steepest Descent,3405,3406,4.4208691168780836e-07,4.707253180221059e-11,6.860942486438039e-06
Steepest Descent,3406,3407,4.7447999447437924e-07,4.687378628874131e-11,6.846443331302852e-06
Steepest Descent,3407,3408,4.401945856861823e-07,4.667589151146293e-11,6.831975666779188e-06
Steepest Descent,3408,3409,4.7244916657283257e-07,4.647884375924726e-11,6.817539421172954e-06
Steepest Descent,3409,3410,4.3831063660280274e-07,4.6282639351896034e-11,6.803134524018765e-06
Steepest Descent,3410,3411,4.704273277189328e-07,4.608727461120283e-11,6.788760903964937e-06
Steepest Descent,3411,3412,4.3643502553586535e-07,4.5892745889598884e-11,6.774418490881626e-06
Steepest Descent,3412,3413,4.6841443624588095e-07,4.569904954148231e-11,6.760107213756474e-06
Steepest Descent,3413,3414,4.345677138396691e-07,4.5506181951616454e-11,6.74582700279339e-06
Steepest Descent,3414,3415,4.6641045058892115e-07,4.531413950674254e-11,6.731577787320186e-06
Steepest Descent,3415,3416,4.3270866308795197e-07,4.512291862359577e-11,6.717359497867876e-06
Steepest Descent,3416,3417,4.6441532954393943e-07,4.4932515720965663e-11,6.703172064102611e-06
Steepest Descent,3417,3418,4.3085783493803066e-07,4.474292724732211e-11,6.689015416884768e-06
Steepest Descent,3418,3419,4.6242903204207914e-07,4.455414965321844e-11,6.674889486217613e-06
Steepest Descent,3419,3420,4.2901519141091266e-07,4.43661794185264e-11,6.660794203285852e-06
Steepest Descent,3420,3421,4.604515172422476e-07,4.4179013025252475e-11,6.646729498426461e-06
Steepest Descent,3421,3422,4.2718069455891556e-07,4.399264698450856e-11,6.632695303156067e-06
Steepest Descent,3422,3423,4.584827444211193e-07,4.3807077809376986e-11,6.61869154813676e-06
Steepest Descent,3423,3424,4.2535430666453126e-07,4.3622302041850775e-11,6.604718165209683e-06
Steepest Descent,3424,3425,4.565226731412479e-07,4.3438316225940653e-11,6.59077508537051e-06
Steepest Descent,3425,3426,4.2353599008377035e-07,4.3255116934195986e-11,6.576862240779868e-06
Steepest Descent,3426,3427,4.545712631759584e-07,4.3072700741286114e-11,6.562979562766146e-06
Steepest Descent,3427,3428,4.217257076339544e-07,4.28910642500109e-11,6.54912698380562e-06
Steepest Descent,3428,3429,4.5262847432854674e-07,4.271020406542291e-11,6.535304435557911e-06
Steepest Descent,3429,3430,4.1992342216742e-07,4.253011682036049e-11,6.521511850818067e-06
Steepest Descent,3430,3431,4.5069426684768827e-07,4.2350799149876187e-11,6.507749161567014e-06
Steepest Descent,3431,3432,4.181290966272185e-07,4.217224771665442e-11,6.4940163009230595e-06
Steepest Descent,3432,3433,4.487686010621595e-07,4.199445918547394e-11,6.4803132011866475e-06
Steepest Descent,3433,3434,4.1634269416117297e-07,4.1817430248547896e-11,6.466639795794095e-06
Steepest Descent,3434,3435,4.4685143743691e-07,4.1641157600150696e-11,6.4529960173667154e-06
Steepest Descent,3435,3436,4.145641782461733e-07,4.146563796174968e-11,6.439381799656677e-06
Steepest Descent,3436,3437,4.4494273671684264e-07,4.129086805684975e-11,6.425797075604687e-06
Steepest Descent,3437,3438,4.1279351235569493e-07,4.1116844635887725e-11,6.4122417792756154e-06
Steepest Descent,3438,3439,4.430424597646031e-07,4.0943564451364794e-11,6.398715843930311e-06
Steepest Descent,3439,3440,4.110306603031887e-07,4.0771024282393246e-11,6.3852192039422765e-06
Steepest Descent,3440,3441,4.4115056766147783e-07,4.059922091023409e-11,6.371751792892915e-06
Steepest Descent,3441,3442,4.092755859908594e-07,4.042815114241844e-11,6.358313545463014e-06
Steepest Descent,3442,3443,4.39267021765016e-07,4.025781178868438e-11,6.344904395551156e-06
Steepest Descent,3443,3444,4.0752825352130395e-07,4.008819968474771e-11,6.3315242781456436e-06
Steepest Descent,3444,3445,4.373917835152489e-07,3.991931166853336e-11,6.318173127458075e-06
Steepest Descent,3445,3446,4.057886270864498e-07,3.975114460371062e-11,6.304850878784574e-06
Steepest Descent,3446,3447,4.355248145943107e-07,3.958369535617484e-11,6.29155746665123e-06
Steepest Descent,3447,3448,4.040566712019902e-07,3.9416960817219446e-11,6.278292826654348e-06
Steepest Descent,3448,3449,4.3366607677536607e-07,3.925093788046994e-11,6.265056893633923e-06
Steepest Descent,3449,3450,4.023323504162123e-07,3.908562346463747e-11,6.251849603488352e-06
Steepest Descent,3450,3451,4.318155321431666e-07,3.8921014490841147e-11,6.238670891371105e-06
Steepest Descent,3451,3452,4.006156296090119e-07,3.875710790490624e-11,6.22552069347667e-06
Steepest Descent,3452,3453,4.299731428634915e-07,3.859390065518161e-11,6.2123989452691785e-06
Steepest Descent,3453,3454,3.98906473713989e-07,3.8431389714422974e-11,6.199305583242608e-06
Steepest Descent,3454,3455,4.281388714700821e-07,3.82695720579546e-11,6.1862405431695425e-06
Steepest Descent,3455,3456,3.972048477597042e-07,3.81084446851956e-11,6.173203761840006e-06
Steepest Descent,3456,3457,4.2631268041949745e-07,3.7948004598214576e-11,6.160195175334509e-06
Steepest Descent,3457,3458,3.9551071721788687e-07,3.778824882286376e-11,6.147214720738471e-06
Steepest Descent,3458,3459,4.2449453250737246e-07,3.762917438768646e-11,6.13426233443651e-06
Steepest Descent,3459,3460,3.938240474702579e-07,3.747077834473771e-11,6.121337953808604e-06
Steepest Descent,3460,3461,4.226843907240092e-07,3.731305774878282e-11,6.108441515540835e-06
Steepest Descent,3461,3462,3.921448040672086e-07,3.715600967787944e-11,6.095572957309218e-06
Steepest Descent,3462,3463,4.2088221818873196e-07,3.699963121275833e-11,6.082732216098151e-06
Steepest Descent,3463,3464,3.9047295298138766e-07,3.6843919457266314e-11,6.069919229879943e-06
Steepest Descent,3464,3465,4.190879781841821e-07,3.668887151782638e-11,6.057133935932602e-06
Steepest Descent,3465,3466,3.8880846006575816e-07,3.653448452385866e-11,6.044376272524623e-06
Steepest Descent,3466,3467,4.1730163432909936e-07,3.638075560729664e-11,6.031646177230279e-06
Steepest Descent,3467,3468,3.871512915274738e-07,3.622768192280753e-11,6.018943588604858e-06
Steepest Descent,3468,3469,4.155231500728981e-07,3.607526062767201e-11,6.006268444522939e-06
Steepest Descent,3469,3470,3.8550141364154423e-07,3.592348890156892e-11,5.993620683824505e-06
Steepest Descent,3470,3471,4.137524894779044e-07,3.577236392687195e-11,5.9810002446808125e-06
Steepest Descent,3471,3472,3.8385879281247947e-07,3.562188290805579e-11,5.968407066215891e-06
Steepest Descent,3472,3473,4.119896163907581e-07,3.54720430523969e-11,5.955841086899221e-06
Steepest Descent,3473,3474,3.8222339577133496e-07,3.532284158889738e-11,5.943302246133658e-06
Steepest Descent,3474,3475,4.10234495133964e-07,3.5174275749491324e-11,5.93079048268368e-06
Steepest Descent,3475,3476,3.805951893331367e-07,3.502634278761423e-11,5.918305736240248e-06
Steepest Descent,3476,3477,4.0848708996386786e-07,3.487903995947558e-11,5.905847945847876e-06
Steepest Descent,3477,3478,3.789741403496222e-07,3.4732364542788286e-11,5.893417051489593e-06
Steepest Descent,3478,3479,4.067473654511678e-07,3.458631381788185e-11,5.881012992493882e-06
Steepest Descent,3479,3480,3.773602160041865e-07,3.444088508643699e-11,5.868635709126695e-06
Steepest Descent,3480,3481,4.050152863658743e-07,3.429607565270059e-11,5.856285141000273e-06
Steepest Descent,3481,3482,3.757533834645399e-07,3.4151882842118454e-11,5.843961228663178e-06
Steepest Descent,3482,3483,4.032908176482375e-07,3.4008303982679895e-11,5.831663912013439e-06
Steepest Descent,3483,3484,3.7415361029102243e-07,3.386533642335211e-11,5.819393131878281e-06
Steepest Descent,3484,3485,4.0157392425176853e-07,3.372297751565301e-11,5.8071488284400806e-06
Steepest Descent,3485,3486,3.725608640287588e-07,3.35812246318503e-11,5.794930942802537e-06
Steepest Descent,3486,3487,3.9986457141478684e-07,3.34400751467374e-11,5.78273941542738e-06
Steepest Descent,3487,3488,3.709751124441144e-07,3.329952645573879e-11,5.770574187699071e-06
Steepest Descent,3488,3489,3.9816272450197454e-07,3.3159575956699795e-11,5.758435200356065e-06
Steepest Descent,3489,3490,3.6939632337400117e-07,3.302022106800445e-11,5.746322395063163e-06
Steepest Descent,3490,3491,3.964683492021745e-07,3.288145921034502e-11,5.734235712834364e-06
Steepest Descent,3491,3492,3.6782446495711643e-07,3.274328782479898e-11,5.722175095608223e-06
Steepest Descent,3492,3493,3.947814111726373e-07,3.260570435476065e-11,5.71014048467817e-06
Steepest Descent,3493,3494,3.662595053469709e-07,3.246870626376606e-11,5.698131822252453e-06
Steepest Descent,3494,3495,3.9310187633196743e-07,3.2332291017702716e-11,5.686149049902114e-06
Steepest Descent,3495,3496,3.6470141299832004e-07,3.219645610241024e-11,5.6741921101078555e-06
Steepest Descent,3496,3497,3.9142971064260124e-07,3.2061199006033434e-11,5.662260944713995e-06
Steepest Descent,3497,3498,3.6315015630296606e-07,3.192651723648791e-11,5.650355496469927e-06
Steepest Descent,3498,3499,3.897648804479879e-07,3.1792408304054366e-11,5.638475707498824e-06
Steepest Descent,3499,3500,3.616057040598804e-07,3.165886973848848e-11,5.626621520814109e-06
Steepest Descent,3500,3501,3.8810735206502114e-07,3.152589907192899e-11,5.614792878809421e-06
Steepest Descent,3501,3502,3.600680250731675e-07,3.1393493855849854e-11,5.60298972476747e-06
Steepest Descent,3502,3503,3.864570921151811e-07,3.12616516440777e-11,5.591212001353347e-06
Steepest Descent,3503,3504,3.5853708838864736e-07,3.1130370009595024e-11,5.579459652116415e-06
Steepest Descent,3504,3505,3.848140672470931e-07,3.0999646527655636e-11,5.567732619985952e-06
Steepest Descent,3505,3506,3.5701286290467534e-07,3.0869478792628634e-11,5.556030848783026e-06
Steepest Descent,3506,3507,3.831782443671048e-07,3.0739864401006144e-11,5.544354281700092e-06
Steepest Descent,3507,3508,3.5549531808580045e-07,3.0610800968300954e-11,5.532702862824006e-06
Steepest Descent,3508,3509,3.815495905405192e-07,3.0482286112063886e-11,5.521076535610051e-06
Steepest Descent,3509,3510,3.5398442327570605e-07,3.0354317468764844e-11,5.509475244409838e-06
Steepest Descent,3510,3511,3.799280729100032e-07,3.022689267688125e-11,5.497898932945316e-06
Steepest Descent,3511,3512,3.5248014817066824e-07,3.0100009393584384e-11,5.486347545825399e-06
Steepest Descent,3512,3513,3.78313658848673e-07,2.9973665278088555e-11,5.47482102703719e-06
Steepest Descent,3513,3514,3.509824623517854e-07,2.984785800814308e-11,5.463319321451299e-06
Steepest Descent,3514,3515,3.7670631592844315e-07,2.972258526346863e-11,5.451842373314605e-06
Steepest Descent,3515,3516,3.4949133565783365e-07,2.9597844742180266e-11,5.44039012775557e-06
Steepest Descent,3516,3517,3.751060117474976e-07,2.9473634144379827e-11,5.42896252928493e-06
Steepest Descent,3517,3518,3.480067383223566e-07,2.934995118833076e-11,5.417559523284517e-06
Steepest Descent,3518,3519,3.7351271422835057e-07,2.922679359434636e-11,5.4061810545288206e-06
Steepest Descent,3519,3520,3.465286403552038e-07,2.9104159100651374e-11,5.394827068651169e-06
Steepest Descent,3520,3521,3.719263911931297e-07,2.8982045447607328e-11,5.383497510690177e-06
Steepest Descent,3521,3522,3.4505701196203075e-07,2.886045039320609e-11,5.372192326527978e-06
Steepest Descent,3522,3523,3.703470108513843e-07,2.8739371697673046e-11,5.360911461465582e-06
Steepest Descent,3523,3524,3.435918237797954e-07,2.861880713858742e-11,5.349654861632422e-06
Steepest Descent,3524,3525,3.687745414705038e-07,2.8498754495843198e-11,5.338422472588994e-06
Steepest Descent,3525,3526,3.421330463915366e-07,2.8379211566489738e-11,5.3272142407162235e-06
Steepest Descent,3526,3527,3.67208951603418e-07,2.8260176149882348e-11,5.316030111829911e-06
Steepest Descent,3527,3528,3.4068065042038974e-07,2.81416460623726e-11,5.304870032561834e-06
Steepest Descent,3528,3529,3.6565020966519627e-07,2.802361912254114e-11,5.2937339489760095e-06
Steepest Descent,3529,3530,3.3923460676525375e-07,2.790609316595547e-11,5.282621807961977e-06
Steepest Descent,3530,3531,3.640982845832886e-07,2.7789066030261394e-11,5.271533555831869e-06
Steepest Descent,3531,3532,3.3779488637265643e-07,2.7672535569957094e-11,5.260469139721009e-06
Steepest Descent,3532,3533,3.625531451557576e-07,2.7556499641673578e-11,5.249428506196991e-06
Steepest Descent,3533,3534,3.3636146055422084e-07,2.74409561186637e-11,5.238411602639076e-06
Steepest Descent,3534,3535,3.610147603984346e-07,2.732590287633558e-11,5.227418375865431e-06
Steepest Descent,3535,3536,3.3493430048519077e-07,2.7211337806550862e-11,5.216448773500116e-06
Steepest Descent,3536,3537,3.594830996602573e-07,2.7097258803341574e-11,5.20550274261205e-06
Steepest Descent,3537,3538,3.3351337759090114e-07,2.6983663776986312e-11,5.194580231066444e-06
Steepest Descent,3538,3539,3.5795813209834467e-07,2.687055063999221e-11,5.1836811861834455e-06
Steepest Descent,3539,3540,3.3209866351952796e-07,2.6757917320868257e-11,5.172805556066095e-06
Steepest Descent,3540,3541,3.564398273575203e-07,2.6645761750459267e-11,5.161953288287222e-06
Steepest Descent,3541,3542,3.3069012987286904e-07,2.6534081875345884e-11,5.151124331186918e-06
Steepest Descent,3542,3543,3.549281548526576e-07,2.6422875644508925e-11,5.140318632585818e-06
Steepest Descent,3543,3544,3.2928774852534057e-07,2.6312141022460354e-11,5.129536141061913e-06
Steepest Descent,3544,3545,3.5342308467424184e-07,2.6201875976155076e-11,5.1187768046824495e-06
Steepest Descent,3545,3546,3.278914915649263e-07,2.6092078487873178e-11,5.10804057226185e-06
Steepest Descent,3546,3547,3.519245866119301e-07,2.5982746542385794e-11,5.097327392113026e-06
Steepest Descent,3547,3548,3.2650133096365003e-07,2.587387813958731e-11,5.086637213286132e-06
Steepest Descent,3548,3549,3.5043263061953833e-07,2.5765471281875482e-11,5.075969984335553e-06
Steepest Descent,3549,3550,3.2511723907921566e-07,2.5657523986656673e-11,5.0653256545514105e-06
Steepest Descent,3550,3551,3.4894718708282846e-07,2.555003427375763e-11,5.054704172724416e-06
Steepest Descent,3551,3552,3.237391881328927e-07,2.5443000177953958e-11,5.044105488384829e-06
Steepest Descent,3552,3553,3.4746822621462803e-07,2.533641973634672e-11,5.0335295505586055e-06
Steepest Descent,3553,3554,3.223671507817429e-07,2.523029100091717e-11,5.0229763090141255e-06
Steepest Descent,3554,3555,3.4599571864478676e-07,2.5124612025861927e-11,5.012445713008962e-06
Steepest Descent,3555,3556,3.2100109958888377e-07,2.501938088025861e-11,5.001937712552867e-06
Steepest Descent,3556,3557,3.4452963504559343e-07,2.491459563526059e-11,4.99145225713525e-06
Steepest Descent,3557,3558,3.1964100733873676e-07,2.4810254376845884e-11,4.980989297001739e-06
Steepest Descent,3558,3559,3.4306994605436377e-07,2.4706355192966258e-11,4.970548781871702e-06
Steepest Descent,3559,3560,3.1828684697577366e-07,2.4602896186382005e-11,4.960130662228768e-06
Steepest Descent,3560,3561,3.416166227110542e-07,2.4499875461681238e-11,4.949734888019886e-06
Steepest Descent,3561,3562,3.1693859148608865e-07,2.4397291138234696e-11,4.939361409963305e-06
Steepest Descent,3562,3563,3.401696360931666e-07,2.429514133718013e-11,4.929010178238642e-06
Steepest Descent,3563,3564,3.155962140429146e-07,2.4193424194301396e-11,4.9186811437926525e-06
Steepest Descent,3564,3565,3.3872895736092475e-07,2.4092137847138972e-11,4.9083742570365355e-06
Steepest Descent,3565,3566,3.142596879240384e-07,2.3991280447741868e-11,4.898089469144257e-06
Steepest Descent,3566,3567,3.37294557945623e-07,2.389085014992935e-11,4.88782673075973e-06
Steepest Descent,3567,3568,3.129289866409443e-07,2.3790845121881977e-11,4.877585993284175e-06
Steepest Descent,3568,3569,3.3586640907008615e-07,2.3691263533485115e-11,4.8673672075861615e-06
Steepest Descent,3569,3570,3.1160408357076796e-07,2.3592103568949994e-11,4.857170325297435e-06
Steepest Descent,3570,3571,3.34444482700578e-07,2.349336341412849e-11,4.846995297514583e-06
Steepest Descent,3571,3572,3.102849525956721e-07,2.3395041269068513e-11,4.836842076093504e-06
Steepest Descent,3572,3573,3.330287502773777e-07,2.3297135335432883e-11,4.826710612356295e-06
Steepest Descent,3573,3574,3.0897156731543836e-07,2.3199643828998748e-11,4.816600858385376e-06
Steepest Descent,3574,3575,3.316191839270326e-07,2.3102564967097024e-11,4.806512765727042e-06
Steepest Descent,3575,3576,3.0766390184299917e-07,2.3005896981070763e-11,4.796446286686713e-06
Steepest Descent,3576,3577,3.302157555469816e-07,2.2909638103788193e-11,4.786401373034672e-06
Steepest Descent,3577,3578,3.0636193013536525e-07,2.2813786582046767e-11,4.776377977301081e-06
Steepest Descent,3578,3579,3.2881843731557917e-07,2.271834066408914e-11,4.766376051476545e-06
Steepest Descent,3579,3580,3.0506562630071303e-07,2.2623298611989398e-11,4.756395548310653e-06
Steepest Descent,3580,3581,3.274272016120668e-07,2.252865868930699e-11,4.74643642002155e-06
Steepest Descent,3581,3582,3.037749647575171e-07,2.2434419173219312e-11,4.73649861957325e-06
Steepest Descent,3582,3583,3.2604202071465525e-07,2.2340578342464242e-11,4.726582099410127e-06
Steepest Descent,3583,3584,3.0248991982137783e-07,2.224713448920022e-11,4.716686812710827e-06
Steepest Descent,3584,3585,3.246628673023757e-07,2.215408590718932e-11,4.7068127121428275e-06
Steepest Descent,3585,3586,3.012104662255939e-07,2.2061430903453044e-11,4.696959751099965e-06
Steepest Descent,3586,3587,3.232897138744143e-07,2.196916778661394e-11,4.687127882468532e-06
Steepest Descent,3587,3588,2.999365784104256e-07,2.1877294878480427e-11,4.677317059862462e-06
Steepest Descent,3588,3589,3.219225335194492e-07,2.1785810502375913e-11,4.66752723638287e-06
Steepest Descent,3589,3590,2.9866823124974867e-07,2.1694712994734464e-11,4.657758365859533e-06
Steepest Descent,3590,3591,3.2056129889870207e-07,2.1604000693457413e-11,4.648010401608134e-06
Steepest Descent,3591,3592,2.9740539971580076e-07,2.1513671949516526e-11,4.638283297677765e-06
Steepest Descent,3592,3593,3.192059833298023e-07,2.142372511525296e-11,4.6285770075967145e-06
Steepest Descent,3593,3594,2.9614805876024644e-07,2.1334158556018395e-11,4.618891485629251e-06
Steepest Descent,3594,3595,3.178565599034804e-07,2.1244970638478186e-11,4.6092266855165825e-06
Steepest Descent,3595,3596,2.948961835279658e-07,2.1156159742223636e-11,4.599582561735753e-06
Steepest Descent,3596,3597,3.1651300196732386e-07,2.106772424814152e-11,4.589959068242496e-06
Steepest Descent,3597,3598,2.936497493492229e-07,2.097966254993339e-11,4.580356159725288e-06
Steepest Descent,3598,3599,3.1517528292605776e-07,2.0891973042553315e-11,4.570773790350307e-06
Steepest Descent,3599,3600,2.9240873153257457e-07,2.0804654133727698e-11,4.561211915020798e-06
Steepest Descent,3600,3601,3.138433765162421e-07,2.07177042323364e-11,4.551670488110536e-06
Steepest Descent,3601,3602,2.911731056809477e-07,2.0631121759954696e-11,4.542149464730844e-06
Steepest Descent,3602,3603,3.1251725626565377e-07,2.054490513932453e-11,4.532648799468643e-06
Steepest Descent,3603,3604,2.899428472647618e-07,2.0459052805772802e-11,4.523168447645169e-06
Steepest Descent,3604,3605,3.111968961466162e-07,2.0373563195718253e-11,4.513708364052584e-06
Steepest Descent,3605,3606,2.887179321237197e-07,2.028843475813157e-11,4.504268504222585e-06
Steepest Descent,3606,3607,3.098822700383204e-07,2.020366594299374e-11,4.494848823152314e-06
Steepest Descent,3607,3608,2.874983360940139e-07,2.0119255212817468e-11,4.485449276585063e-06
Steepest Descent,3608,3609,3.085733520925134e-07,2.0035201031007193e-11,4.476069819719883e-06
Steepest Descent,3609,3610,2.8628403505521873e-07,1.9951501873478115e-11,4.466710408508493e-06
Steepest Descent,3610,3611,3.072701164779219e-07,1.9868156216988603e-11,4.457370998356386e-06
Steepest Descent,3611,3612,2.8507500519604154e-07,1.9785162550678238e-11,4.448051545416064e-06
Steepest Descent,3612,3613,3.0597253760259964e-07,1.9702519364588457e-11,4.4387520053037935e-06
Steepest Descent,3613,3614,2.83871222684308e-07,1.962022516095586e-11,4.42947233437075e-06
Steepest Descent,3614,3615,3.0468058980559087e-07,1.9538278442950228e-11,4.4202124884387885e-06
Steepest Descent,3615,3616,2.826726638106048e-07,1.945667772582627e-11,4.410972424060965e-06
Steepest Descent,3616,3617,3.033942477264786e-07,1.937542152578765e-11,4.401752097266229e-06
Steepest Descent,3617,3618,2.814793049251408e-07,1.929450837093939e-11,4.392551464802591e-06
Steepest Descent,3618,3619,3.021134861176988e-07,1.9213936790419095e-11,4.383370482906857e-06
Steepest Descent,3619,3620,2.802911226728551e-07,1.913370532509192e-11,4.374209108523725e-06
Steepest Descent,3620,3621,3.008382796380751e-07,1.9053812516858204e-11,4.365067298090397e-06
Steepest Descent,3621,3622,2.791080936801084e-07,1.897425691930827e-11,4.355945008756225e-06
Steepest Descent,3622,3623,2.9956860337850937e-07,1.8895037086980457e-11,4.346842197156512e-06
Steepest Descent,3623,3624,2.7793019462300805e-07,1.88161515859853e-11,4.33775882063368e-06
Steepest Descent,3624,3625,2.983044323832994e-07,1.8737598983489063e-11,4.32869483603188e-06
Steepest Descent,3625,3626,2.767574024077205e-07,1.8659377857967974e-11,4.31965020088062e-06
Steepest Descent,3626,3627,2.97045741696839e-07,1.8581486789089905e-11,4.310624872230232e-06
Steepest Descent,3627,3628,2.7558969408339065e-07,1.850392436765109e-11,4.301618807803765e-06
Steepest Descent,3628,3629,2.9579250667998525e-07,1.8426689185639663e-11,4.292631964848566e-06
Steepest Descent,3629,3630,2.744270466545689e-07,1.8349779846098603e-11,4.283664301284427e-06
Steepest Descent,3630,3631,2.9454470277121286e-07,1.8273194953224227e-11,4.2747157745544e-06
Steepest Descent,3631,3632,2.7326943726761427e-07,1.8196933122176405e-11,4.2657863427715645e-06
Steepest Descent,3632,3633,2.933023054818604e-07,1.812099296928606e-11,4.256875963577757e-06
Steepest Descent,3633,3634,2.721168433350985e-07,1.8045373121694075e-11,4.247984595275043e-06
Steepest Descent,3634,3635,2.9206529054959093e-07,1.7970072207759025e-11,4.2391121957031314e-06
Steepest Descent,3635,3636,2.7096924218152805e-07,1.7895088866536608e-11,4.230258723356836e-06
Steepest Descent,3636,3637,2.9083363353517496e-07,1.7820421738265053e-11,4.221424136267884e-06
Steepest Descent,3637,3638,2.698266113295799e-07,1.7746069473805154e-11,4.212608393122384e-06
Steepest Descent,3638,3639,2.896073104659968e-07,1.767203072519571e-11,4.20381145214622e-06
Steepest Descent,3639,3640,2.68688928495846e-07,1.7598304154986782e-11,4.19503327221451e-06
Steepest Descent,3640,3641,2.883862972875313e-07,1.752488842692721e-11,4.18627381174801e-06
Steepest Descent,3641,3642,2.6755617131129824e-07,1.7451782215129036e-11,4.17753302980707e-06
Steepest Descent,3642,3643,2.871705700958497e-07,1.737898419494373e-11,4.1688108850059066e-06
Steepest Descent,3643,3644,2.664283176338572e-07,1.730649305199708e-11,4.160107336595665e-06
Steepest Descent,3644,3645,2.8596010501887905e-07,1.72343074730807e-11,4.151422343375906e-06
Steepest Descent,3645,3646,2.653053453915047e-07,1.7162426155243574e-11,4.1427558647889895e-06
Steepest Descent,3646,3647,2.847548786058684e-07,1.7090847796653903e-11,4.134107859823435e-06
Steepest Descent,3647,3648,2.641872326252991e-07,1.7019571105619992e-11,4.1254782881043e-06
Steepest Descent,3648,3649,2.8355486713318613e-07,1.694859479164702e-11,4.116867108815515e-06
Steepest Descent,3649,3650,2.630739575529919e-07,1.6877917574185778e-11,4.108274281761842e-06
Steepest Descent,3650,3651,2.823600471598668e-07,1.6807538173926726e-11,4.099699766315422e-06
Steepest Descent,3651,3652,2.6196549827812325e-07,1.6737455321428692e-11,4.091143522467611e-06
Steepest Descent,3652,3653,2.8117039537684816e-07,1.6667667748460506e-11,4.082605509776876e-06
Steepest Descent,3653,3654,2.608618333664962e-07,1.65981741966044e-11,4.074085688421931e-06
Steepest Descent,3654,3655,2.799858884922841e-07,1.6528973408540622e-11,4.065584018138184e-06
Steepest Descent,3655,3656,2.597629411077395e-07,1.6460064136801154e-11,4.0571004592937e-06
Steepest Descent,3656,3657,2.788065035654132e-07,1.6391445134946224e-11,4.048634971807933e-06
Steepest Descent,3657,3658,2.586688000802956e-07,1.632311516630478e-11,4.0401875162305e-06
Steepest Descent,3658,3659,2.776322174055169e-07,1.62550729952189e-11,4.0317580526637375e-06
Steepest Descent,3659,3660,2.5757938905696896e-07,1.61873173957595e-11,4.023346541842934e-06
Steepest Descent,3660,3661,2.764630071721658e-07,1.6119847142902385e-11,4.014952944045843e-06
Steepest Descent,3661,3662,2.564946866369277e-07,1.6052661021373068e-11,4.0065772201934495e-06
Steepest Descent,3662,3663,2.7529885011773943e-07,1.5985757816737675e-11,3.998219330744334e-06
Steepest Descent,3663,3664,2.554146717393662e-07,1.5919136324254894e-11,3.989879236800895e-06
Steepest Descent,3664,3665,2.741397235416266e-07,1.5852795339958514e-11,3.981556898997992e-06
Steepest Descent,3665,3666,2.543393233563529e-07,1.5786733669552418e-11,3.973252278619169e-06
Steepest Descent,3666,3667,2.729856048254451e-07,1.572095011950537e-11,3.964965336482195e-06
Steepest Descent,3667,3668,2.5326862059999247e-07,1.5655443505831485e-11,3.956696034045512e-06
Steepest Descent,3668,3669,2.7183647156247693e-07,1.559021264532391e-11,3.948444332306575e-06
Steepest Descent,3669,3670,2.5220254249287286e-07,1.5525256364245207e-11,3.940210192901542e-06
Steepest Descent,3670,3671,2.7069230132545926e-07,1.546057348960725e-11,3.931993577004831e-06
Steepest Descent,3671,3672,2.5114106836393233e-07,1.5396162857859527e-11,3.923794446433136e-06
Steepest Descent,3672,3673,2.695530719279787e-07,1.5332023306099725e-11,3.9156127625315205e-06
Steepest Descent,3673,3674,2.5008417756110357e-07,1.5268153680873813e-11,3.907448487296258e-06
Steepest Descent,3674,3675,2.68418761167124e-07,1.5204552829339887e-11,3.899301582250325e-06
Steepest Descent,3675,3676,2.49031849581207e-07,1.5141219607978873e-11,3.891172009559443e-06
Steepest Descent,3676,3677,2.6728934695256157e-07,1.507815287395264e-11,3.883059730927744e-06
Steepest Descent,3677,3678,2.4798406387930463e-07,1.501535149360865e-11,3.874964708692022e-06
Steepest Descent,3678,3679,2.6616480744202527e-07,1.4952814333978502e-11,3.866886904730794e-06
Steepest Descent,3679,3680,2.4694080021639093e-07,1.4890540271241843e-11,3.858826281557884e-06
Steepest Descent,3680,3681,2.6504512071831146e-07,1.4828528182166696e-11,3.850782801219344e-06
Steepest Descent,3681,3682,2.459020382449505e-07,1.4766776952681797e-11,3.842756426405634e-06
Steepest Descent,3682,3683,2.639302651279369e-07,1.4705285469232894e-11,3.83474711933302e-06
Steepest Descent,3683,3684,2.448677578341337e-07,1.4644052627400898e-11,3.826754842866328e-06
Steepest Descent,3684,3685,2.628202189303156e-07,1.458307732323589e-11,3.81877955939275e-06
Steepest Descent,3685,3686,2.438379389610499e-07,1.4522358461859784e-11,3.8108212319472272e-06
Steepest Descent,3686,3687,2.617149606654205e-07,1.4461894948846968e-11,3.802879823087625e-06
Steepest Descent,3687,3688,2.4281256153599484e-07,1.4401685698780605e-11,3.7949552960187297e-06
Steepest Descent,3688,3689,2.6061446889711775e-07,1.4341729626703669e-11,3.78704761347196e-06
Steepest Descent,3689,3690,2.4179160569363236e-07,1.4282025656545032e-11,3.779156738816879e-06
Steepest Descent,3690,3691,2.5951872219299175e-07,1.4222572712732113e-11,3.771282634957517e-06
Steepest Descent,3691,3692,2.4077505180982e-07,1.4163369728480655e-11,3.7634252654305035e-06
Steepest Descent,3692,3693,2.584276994928239e-07,1.4104415637502318e-11,3.7555845933093182e-06
Steepest Descent,3693,3694,2.397628800787525e-07,1.4045709382217445e-11,3.7477605822967723e-06
Steepest Descent,3694,3695,2.573413795044321e-07,1.3987249905530448e-11,3.7399531956336627e-06
Steepest Descent,3695,3696,2.387550708975199e-07,1.3929036159002152e-11,3.732162397190421e-06
Steepest Descent,3696,3697,2.5625974132706203e-07,1.3871067094662614e-11,3.7243881503761947e-06
Steepest Descent,3697,3698,2.3775160471414244e-07,1.3813341673113855e-11,3.716630419225707e-06
Steepest Descent,3698,3699,2.5518276399508785e-07,1.3755858855437742e-11,3.708889167316508e-06
Steepest Descent,3699,3700,2.367524621885911e-07,1.3698617611172999e-11,3.7011643588434436e-06
Steepest Descent,3700,3701,2.541104265787547e-07,1.3641616910393741e-11,3.6934559575543527e-06
Steepest Descent,3701,3702,2.357576239590226e-07,1.3584855731506526e-11,3.6857639278047267e-06
Steepest Descent,3702,3703,2.530427084478306e-07,1.3528333053497633e-11,3.678088233511756e-06
Steepest Descent,3703,3704,2.3476707088647106e-07,1.3472047863557215e-11,3.6704288391899405e-06
Steepest Descent,3704,3705,2.519795889600196e-07,1.3415999149499607e-11,3.6627857089242342e-06
Steepest Descent,3705,3706,2.3378078365917086e-07,1.336018590721787e-11,3.6551588073868784e-06
Steepest Descent,3706,3707,2.50921047461656e-07,1.3304607133276375e-11,3.6475480988297293e-06
Steepest Descent,3707,3708,2.3279874335927335e-07,1.3249261832228585e-11,3.639953548086649e-06
Steepest Descent,3708,3709,2.4986706361525184e-07,1.3194149009274885e-11,3.6323751195705108e-06
Steepest Descent,3709,3710,2.318209309444231e-07,1.3139267677535959e-11,3.6248127782736526e-06
Steepest Descent,3710,3711,2.488176171106232e-07,1.3084616850827392e-11,3.6172664887767657e-06
Steepest Descent,3711,3712,2.3084732761844387e-07,1.3030195550741954e-11,3.6097362162271573e-06
Steepest Descent,3712,3713,2.477726875659669e-07,1.2976002799623631e-11,3.6022219253710104e-06
Steepest Descent,3713,3714,2.298779144849822e-07,1.2922037627453697e-11,3.5947235815085556e-06
Steepest Descent,3714,3715,2.4673225484795813e-07,1.2868299065037658e-11,3.587241149551791e-06
Steepest Descent,3715,3716,2.28912672956472e-07,1.2814786150716039e-11,3.579774594959302e-06
Steepest Descent,3716,3717,2.456962989629179e-07,1.2761497923602641e-11,3.5723238827971123e-06
Steepest Descent,3717,3718,2.279515843629215e-07,1.2708433430362945e-11,3.5648889786868463e-06
Steepest Descent,3718,3719,2.446647999247478e-07,1.265559171838504e-11,3.557469847853252e-06
Steepest Descent,3719,3720,2.2699463027756146e-07,1.2602971842542455e-11,3.5500664560740904e-06
Steepest Descent,3720,3721,2.436377377647732e-07,1.2550572858386635e-11,3.5426787687266586e-06
Steepest Descent,3721,3722,2.2604179208645988e-07,1.2498393828985324e-11,3.5353067517522892e-06
Steepest Descent,3722,3723,2.426150928265713e-07,1.2446433818001049e-11,3.52795037068282e-06
Steepest Descent,3723,3724,2.2509305144710228e-07,1.2394691896555119e-11,3.520609591612668e-06
Steepest Descent,3724,3725,2.415968453384483e-07,1.2343167136412375e-11,3.5132843802363014e-06
Steepest Descent,3725,3726,2.2414839028564623e-07,1.2291858616641304e-11,3.505974702795401e-06
Steepest Descent,3726,3727,2.40582975760679e-07,1.2240765417026326e-11,3.4986805251446326e-06
Steepest Descent,3727,3728,2.2320779030248116e-07,1.2189886624557628e-11,3.491401813678515e-06
Steepest Descent,3728,3729,2.395734645687749e-07,1.2139221326934341e-11,3.4841385344062226e-06
Steepest Descent,3729,3730,2.222712334123302e-07,1.2088768619021907e-11,3.4768906538776722e-06
Steepest Descent,3730,3731,2.385682922467842e-07,1.2038527596339856e-11,3.4696581382522193e-06
Steepest Descent,3731,3732,2.2133870159945876e-07,1.198849736157476e-11,3.462440954236586e-06
Steepest Descent,3732,3733,2.375674395512252e-07,1.1938677017988815e-11,3.45523906813824e-06
Steepest Descent,3733,3734,2.2041017700829423e-07,1.1889065676038231e-11,3.448052446822442e-06
Steepest Descent,3734,3735,2.3657088728039744e-07,1.1839662446658317e-11,3.4408810567437977e-06
Steepest Descent,3735,3736,2.1948564168538018e-07,1.179046644798521e-11,3.4337248649222328e-06
Steepest Descent,3736,3737,2.3557861624916012e-07,1.174147679856854e-11,3.426583837959979e-06
Steepest Descent,3737,3738,2.1856507789783477e-07,1.1692692624171879e-11,3.419457943033059e-06
Steepest Descent,3738,3739,2.3459060739358153e-07,1.1644113050884039e-11,3.412347146889372e-06
Steepest Descent,3739,3740,2.176484680501416e-07,1.159573721202373e-11,3.405251416859514e-06
Steepest Descent,3740,3741,2.336068417734826e-07,1.1547564241155825e-11,3.3981707198367514e-06
Steepest Descent,3741,3742,2.1673579443351168e-07,1.1499593279076407e-11,3.3911050233038207e-06
Steepest Descent,3742,3743,2.326273005469732e-07,1.1451823466802821e-11,3.3840542943048094e-06
Steepest Descent,3743,3744,2.158270396360334e-07,1.1404253952508174e-11,3.377018500468745e-06
Steepest Descent,3744,3745,2.316519648118225e-07,1.1356883884577385e-11,3.3699976089868943e-06
Steepest Descent,3745,3746,2.1492218617064269e-07,1.1309712418536523e-11,3.362991587639868e-06
Steepest Descent,3746,3747,2.3068081602240428e-07,1.126273871006722e-11,3.35600040376446e-06
Steepest Descent,3747,3748,2.14021216719204e-07,1.1215961921956246e-11,3.3490240252880008e-06
Steepest Descent,3748,3749,2.297138354014147e-07,1.116938121714464e-11,3.342062419696053e-06
Steepest Descent,3749,3750,2.1312411399577197e-07,1.1122995765607142e-11,3.3351155550605953e-06
Steepest Descent,3750,3751,2.287510045299065e-07,1.1076804737480206e-11,3.328183399015175e-06
Steepest Descent,3751,3752,2.1223086086792717e-07,1.103080730989138e-11,3.321265919779893e-06
Steepest Descent,3752,3753,2.277923049862456e-07,1.098500266007283e-11,3.314363085130057e-06
Steepest Descent,3753,3754,2.113414401174447e-07,1.0939389972225328e-11,3.307474863430609e-06
Steepest Descent,3754,3755,2.2683771826355382e-07,1.0893968430671142e-11,3.300601222606442e-06
Steepest Descent,3755,3756,2.1045583487271014e-07,1.0848737226591506e-11,3.2937421311619865e-06
Steepest Descent,3756,3757,2.2588722624035644e-07,1.0803695551321602e-11,3.286897557168705e-06
Steepest Descent,3757,3758,2.0957402806166065e-07,1.0758842602990866e-11,3.2800674692742017e-06
Steepest Descent,3758,3759,2.249408106284556e-07,1.071417757987682e-11,3.273251835694409e-06
Steepest Descent,3759,3760,2.0869600286055311e-07,1.0669699687015398e-11,3.266450625222337e-06
Steepest Descent,3760,3761,2.2399845343657912e-07,1.0625408129508677e-11,3.2596638062089585e-06
Steepest Descent,3761,3762,2.07821742541748e-07,1.0581302119273783e-11,3.252891347597362e-06
Steepest Descent,3762,3763,2.2306013652760746e-07,1.0537380868220099e-11,3.2461332178794047e-06
Steepest Descent,3763,3764,2.069512303295575e-07,1.0493643595022764e-11,3.239389386137882e-06
Steepest Descent,3764,3765,2.2212584211848453e-07,1.0450089518341843e-11,3.2326598210052726e-06
Steepest Descent,3765,3766,2.0608444957105862e-07,1.0406717863594888e-11,3.2259444917101237e-06
Steepest Descent,3766,3767,2.2119555223822779e-07,1.0363527856103274e-11,3.219243367020156e-06
Steepest Descent,3767,3768,2.052213837014041e-07,1.032051872796323e-11,3.212556416308238e-06
Steepest Descent,3768,3769,2.2026924916638747e-07,1.0277689711131103e-11,3.2058836084816152e-06
Steepest Descent,3769,3770,2.0436201625837381e-07,1.0235040044275535e-11,3.199224913049336e-06
Steepest Descent,3770,3771,2.193469152265096e-07,1.019256896597063e-11,3.1925802990638514e-06
Steepest Descent,3771,3772,2.0350633097210951e-07,1.0150275721411778e-11,3.185949736171583e-06
Steepest Descent,3772,3773,2.1842853282074565e-07,1.010815955567283e-11,3.1793331935600626e-06
Steepest Descent,3773,3774,2.0265431131906948e-07,1.0066219720457454e-11,3.172730641018467e-06
Steepest Descent,3774,3775,2.175140844053057e-07,1.002445546729146e-11,3.1661420478701614e-06
Steepest Descent,3775,3776,2.0180594110782629e-07,9.98286605430113e-12,3.159567384041861e-06
Steepest Descent,3776,3777,2.1660355260714031e-07,9.94145073944259e-12,3.153006618997586e-06
Steepest Descent,3777,3778,2.0096120421060928e-07,9.900208787190307e-12,3.146459722798038e-06
Steepest Descent,3778,3779,2.1569692001025855e-07,9.859139461875111e-12,3.1399266650473083e-06
Steepest Descent,3779,3780,2.001200845402956e-07,9.818242034254072e-12,3.133407415937811e-06
Steepest Descent,3780,3781,2.147941692495131e-07,9.777515774963096e-12,3.1269019452108013e-06
Steepest Descent,3781,3782,1.9928256602999845e-07,9.736959961035917e-12,3.1204102231975714e-06
Steepest Descent,3782,3783,2.1389528338202254e-07,9.696573869350211e-12,3.1139322197745744e-06
Steepest Descent,3783,3784,1.9844863270360498e-07,9.656356783114181e-12,3.1074679054037195e-06
Steepest Descent,3784,3785,2.1300024501917045e-07,9.616307985426822e-12,3.10101725010146e-06
Steepest Descent,3785,3786,1.9761826877535965e-07,9.576426765637195e-12,3.0945802244629554e-06
Steepest Descent,3786,3787,2.1210903726035703e-07,9.536712412975881e-12,3.088156798638288e-06
Steepest Descent,3787,3788,1.9679145838891158e-07,9.49716422288172e-12,3.081746943355622e-06
Steepest Descent,3788,3789,2.1122164319673977e-07,9.457781490666274e-12,3.0753506288984795e-06
Steepest Descent,3789,3790,1.9596818584184152e-07,9.418563517847292e-12,3.068967826134267e-06
Steepest Descent,3790,3791,2.1033804579006206e-07,9.379509605707891e-12,3.0625985054701326e-06
Steepest Descent,3791,3792,1.9514843543502605e-07,9.340619061797637e-12,3.0562426379130363e-06
Steepest Descent,3792,3793,2.094582284305074e-07,9.301891193345772e-12,3.0499001939974643e-06
Steepest Descent,3793,3794,1.943321915696951e-07,9.26332531385999e-12,3.043571144865845e-06
Steepest Descent,3794,3795,2.0858217425839902e-07,9.22492073649141e-12,3.0372554611838974e-06
Steepest Descent,3795,3796,1.9351943884017267e-07,9.186676780625078e-12,3.0309531142241506e-06
Steepest Descent,3796,3797,2.077098666940344e-07,9.148592765288056e-12,3.0246640747838523e-06
Steepest Descent,3797,3798,1.927101616829727e-07,9.110668015703726e-12,3.0183883142670237e-06
Steepest Descent,3798,3799,2.0684128915727108e-07,9.072901856712232e-12,3.0121258035998815e-06
Steepest Descent,3799,3800,1.9190434483334722e-07,9.035293619342763e-12,3.0058765143203674e-06
Steepest Descent,3800,3801,2.0597642512788506e-07,8.997842634165254e-12,2.99964041747761e-06
Steepest Descent,3801,3802,1.911019729147831e-07,8.960548237986761e-12,2.9934174847466167e-06
Steepest Descent,3802,3803,2.0511525828057194e-07,8.923409767080498e-12,2.9872076873027253e-06
Steepest Descent,3803,3804,1.9030303073275143e-07,8.886426563925876e-12,2.981010996948162e-06
Steepest Descent,3804,3805,2.0425777217360324e-07,8.849597970464624e-12,2.9748273849863327e-06
Steepest Descent,3805,3806,1.8950750311107045e-07,8.812923334819742e-12,2.968656823349533e-06
Steepest Descent,3806,3807,2.0340395066111596e-07,8.776402004574175e-12,2.9624992834723476e-06
Steepest Descent,3807,3808,1.8871537507761158e-07,8.740033333407484e-12,2.956354737410158e-06
Steepest Descent,3808,3809,2.0255377736569876e-07,8.703816674477642e-12,2.950223156725206e-06
Steepest Descent,3809,3810,1.8792663146820786e-07,8.66775138701083e-12,2.9441045136018576e-06
Steepest Descent,3810,3811,2.0170723638608818e-07,8.631836829667958e-12,2.9379987797254032e-06
Steepest Descent,3811,3812,1.8714125734172827e-07,8.59607236718566e-12,2.9319059274106427e-06
Steepest Descent,3812,3813,2.008643115426426e-07,8.56045736370437e-12,2.9258259284694926e-06
Steepest Descent,3813,3814,1.8635923805094048e-07,8.524991189394991e-12,2.9197587553417816e-06
Steepest Descent,3814,3815,2.0002498694035768e-07,8.489673213812629e-12,2.913704379962495e-06
Steepest Descent,3815,3816,1.8558055849322166e-07,8.454502812536491e-12,2.9076627748995397e-06
Steepest Descent,3816,3817,1.9918924657971058e-07,8.419479360474226e-12,2.90163391220778e-06
Steepest Descent,3817,3818,1.848052041173923e-07,8.38460223860612e-12,2.89561776458947e-06
Steepest Descent,3818,3819,1.9835707484992338e-07,8.349870827129844e-12,2.889614304216022e-06
Steepest Descent,3819,3820,1.8403316006727815e-07,8.31528451232015e-12,2.8836235039131143e-06
Steepest Descent,3820,3821,1.9752845589347635e-07,8.280842679701026e-12,2.877645335982359e-06
Steepest Descent,3821,3822,1.8326441188622919e-07,8.246544720764921e-12,2.871679773366961e-06
Steepest Descent,3822,3823,1.9670337397001907e-07,8.212390026306654e-12,2.865726788496533e-06
Steepest Descent,3823,3824,1.8249894506770317e-07,8.178377993001971e-12,2.859786354433137e-06
Steepest Descent,3824,3825,1.9588181364678622e-07,8.144508016855259e-12,2.8538584437310932e-06
Steepest Descent,3825,3826,1.8173674504908695e-07,8.11077949967776e-12,2.8479430295702476e-06
Steepest Descent,3826,3827,1.9506375923005402e-07,8.077191842674413e-12,2.8420400846354037e-06
Steepest Descent,3827,3828,1.8097779750992167e-07,8.043744452746781e-12,2.8361495822235433e-06
Steepest Descent,3828,3829,1.9424919535395326e-07,8.010436736200143e-12,2.83027149513967e-06
Steepest Descent,3829,3830,1.8022208807590944e-07,7.977268105015252e-12,2.8244057968031523e-06
Steepest Descent,3830,3831,1.934381066030511e-07,7.94423797057791e-12,2.8185524601429562e-06
Steepest Descent,3831,3832,1.794696023798273e-07,7.911345749863355e-12,2.81271145869308e-06
Steepest Descent,3832,3833,1.9263047769294903e-07,7.878590859304934e-12,2.8068827655078384e-06
Steepest Descent,3833,3834,1.7872032643169335e-07,7.845972720845603e-12,2.801066354238257e-06
Steepest Descent,3834,3835,1.9182629340903556e-07,7.813490755909366e-12,2.7952621980610986e-06
Steepest Descent,3835,3836,1.779742459352166e-07,7.78114439136205e-12,2.789470270743542e-06
Steepest Descent,3836,3837,1.9102553850321025e-07,7.748933053566015e-12,2.7836905455826105e-06
Steepest Descent,3837,3838,1.7723134682787152e-07,7.716856174293267e-12,2.777922996465752e-06
Steepest Descent,3838,3839,1.9022819781609682e-07,7.684913184793668e-12,2.772167596808257e-06
Steepest Descent,3839,3840,1.7649161519279467e-07,7.653103521700903e-12,2.766424320616941e-06
Steepest Descent,3840,3841,1.894342565006341e-07,7.621426621084202e-12,2.76069314142014e-06
Steepest Descent,3841,3842,1.757550370092733e-07,7.589881924413862e-12,2.7549740333465686e-06
Steepest Descent,3842,3843,1.8864369949804028e-07,7.55846887257194e-12,2.7492669700434586e-06
Steepest Descent,3843,3844,1.7502159838440736e-07,7.527186911778947e-12,2.743571925752804e-06
Steepest Descent,3844,3845,1.878565119099208e-07,7.496035487685894e-12,2.737888874239766e-06
Steepest Descent,3845,3846,1.742912856043626e-07,7.465014051269479e-12,2.7322177898676886e-06
Steepest Descent,3846,3847,1.8707267893322418e-07,7.434122052869582e-12,2.7265586465120424e-06
Steepest Descent,3847,3848,1.7356408478674423e-07,7.403358948171498e-12,2.7209114186557964e-06
Steepest Descent,3848,3849,1.8629218578902577e-07,7.372724192179526e-12,2.715276080287146e-06
Steepest Descent,3849,3850,1.728399823438225e-07,7.342217245249882e-12,2.7096526060087264e-06
Steepest Descent,3850,3851,1.8551501775406138e-07,7.311837566999041e-12,2.7040409699187323e-06
Steepest Descent,3851,3852,1.7211896460625384e-07,7.281584622425611e-12,2.6984411467411346e-06
Steepest Descent,3852,3853,1.84741160287705e-07,7.251457875711977e-12,2.692853110682418e-06
Steepest Descent,3853,3854,1.714010179530714e-07,7.2214567964565864e-12,2.6872768365869162e-06
Steepest Descent,3854,3855,1.8397059884637247e-07,7.191580853393581e-12,2.681712298773599e-06
Steepest Descent,3855,3856,1.7068612894691024e-07,7.161829520627006e-12,2.6761594721964916e-06
Steepest Descent,3856,3857,1.8320331890779096e-07,7.1322022714511144e-12,2.6706183312954163e-06
Steepest Descent,3857,3858,1.6997428413813877e-07,7.1026985844229915e-12,2.665088851131045e-06
Steepest Descent,3858,3859,1.8243930598712895e-07,7.073317937334746e-12,2.6595710062592323e-06
Steepest Descent,3859,3860,1.6926547020508675e-07,7.044059813208016e-12,2.654064771856184e-06
Steepest Descent,3860,3861,1.8167854578683412e-07,7.014923694250761e-12,2.648570122585158e-06
Steepest Descent,3861,3862,1.6855967380306643e-07,6.9859090679162865e-12,2.6430870337384438e-06
Steepest Descent,3862,3863,1.8092102404329452e-07,6.957015420811425e-12,2.6376154800901935e-06
Steepest Descent,3863,3864,1.6785688164310295e-07,6.928242244756711e-12,2.63215543704332e-06
Steepest Descent,3864,3865,1.8016672642440476e-07,6.899589030729835e-12,2.62670687948424e-06
Steepest Descent,3865,3866,1.6715708048502405e-07,6.8710552748913006e-12,2.62126978292798e-06
Steepest Descent,3866,3867,1.7941563897687387e-07,6.842640472557132e-12,2.615844122373719e-06
Steepest Descent,3867,3868,1.6646025730246911e-07,6.8143441241643575e-12,2.610429873443138e-06
Steepest Descent,3868,3869,1.7866774741497389e-07,6.7861657293418e-12,2.6050270112499407e-06
Steepest Descent,3869,3870,1.6576639900399238e-07,6.7581047927665786e-12,2.599635511522063e-06
Steepest Descent,3870,3871,1.779230377613073e-07,6.730160818321478e-12,2.5942553494830608e-06
Steepest Descent,3871,3872,1.6507549259677677e-07,6.702333314939522e-12,2.588886500976727e-06
Steepest Descent,3872,3873,1.7718149607914684e-07,6.6746217906879184e-12,2.583528941329653e-06
Steepest Descent,3873,3874,1.643875250008391e-07,6.6470257587054376e-12,2.5781826464983888e-06
Steepest Descent,3874,3875,1.7644310848817948e-07,6.61954473123126e-12,2.572847591916641e-06
Steepest Descent,3875,3876,1.6370248342134314e-07,6.592178225554177e-12,2.567523753649453e-06
Steepest Descent,3876,3877,1.7570786112737025e-07,6.564925758067719e-12,2.5622111072407204e-06
Steepest Descent,3877,3878,1.6302035504042695e-07,6.537786850163395e-12,2.5569096288612536e-06
Steepest Descent,3878,3879,1.7497574020166544e-07,6.5107610223586154e-12,2.55161929416569e-06
Steepest Descent,3879,3880,1.6234112700616872e-07,6.483847800111986e-12,2.5463400794300796e-06
Steepest Descent,3880,3881,1.7424673210679168e-07,6.4570467080305084e-12,2.5410719604195605e-06
Steepest Descent,3881,3882,1.616647867153435e-07,6.430357275602692e-12,2.5358149135145278e-06
Steepest Descent,3882,3883,1.7352082298821928e-07,6.403779031470089e-12,2.5305689145862214e-06
Steepest Descent,3883,3884,1.6099132140426907e-07,6.3773115091441736e-12,2.5253339401243894e-06
Steepest Descent,3884,3885,1.7279799942294598e-07,6.3509542412621084e-12,2.520109966105072e-06
Steepest Descent,3885,3886,1.6032071853893742e-07,6.324706765314499e-12,2.514896969125077e-06
Steepest Descent,3886,3887,1.720782478903891e-07,6.298568617903837e-12,2.5096949252655863e-06
Steepest Descent,3887,3888,1.5965296558473494e-07,6.2725393404755616e-12,2.504503811231989e-06
Steepest Descent,3888,3889,1.7136155480544767e-07,6.246618473539119e-12,2.499323603205299e-06
Steepest Descent,3889,3890,1.589880499213921e-07,6.220805562470461e-12,2.494154278000954e-06
Steepest Descent,3890,3891,1.7064790698621233e-07,6.195100151662172e-12,2.488995811901292e-06
Steepest Descent,3891,3892,1.5832595928767e-07,6.169501790368116e-12,2.483848181827568e-06
Steepest Descent,3892,3893,1.6993729087046023e-07,6.144010026860639e-12,2.4787113641690185e-06
Steepest Descent,3893,3894,1.5766668125279623e-07,6.118624414228297e-12,2.4735853359502877e-06
Steepest Descent,3894,3895,1.6922969333659987e-07,6.093344504564898e-12,2.468470073662003e-06
Steepest Descent,3895,3896,1.5701020343009455e-07,6.068169854764463e-12,2.4633655544324846e-06
Steepest Descent,3896,3897,1.685251010931899e-07,6.043100020742637e-12,2.4582717548600345e-06
Steepest Descent,3897,3898,1.563565136984458e-07,6.018134563142621e-12,2.4531886521714183e-06
Steepest Descent,3898,3899,1.678235010027385e-07,5.993273041664156e-12,2.4481162230711508e-06
Steepest Descent,3899,3900,1.5570559972462655e-07,5.968515020681543e-12,2.4430544448868806e-06
Steepest Descent,3900,3901,1.6712487992703666e-07,5.943860063635979e-12,2.43800329442681e-06
Steepest Descent,3901,3902,1.5505744943060804e-07,5.919307738606061e-12,2.4329627491201056e-06
Steepest Descent,3902,3903,1.6642922494268587e-07,5.894857612735125e-12,2.427932785876727e-06
Steepest Descent,3903,3904,1.5441205066927998e-07,5.8705092577737155e-12,2.4229133822268005e-06
Steepest Descent,3904,3905,1.6573652301483926e-07,5.8462622445566865e-12,2.4179045151859667e-06
Steepest Descent,3905,3906,1.5376939155318647e-07,5.8221161484615184e-12,2.4129061623821007e-06
Steepest Descent,3906,3907,1.6504676115485236e-07,5.7980705439613275e-12,2.4079183009316005e-06
Steepest Descent,3907,3908,1.5312945992779483e-07,5.774125010049348e-12,2.4029409085637848e-06
Steepest Descent,3908,3909,1.6435992661510635e-07,5.750279124807043e-12,2.3979739624956404e-06
Steepest Descent,3909,3910,1.524922439800025e-07,5.7265324708143975e-12,2.393017440557924e-06
Steepest Descent,3910,3911,1.6367600653186314e-07,5.7028846297298275e-12,2.3880713200676875e-06
Steepest Descent,3911,3912,1.5185773177393783e-07,5.679335187679899e-12,2.383135578954731e-06
Steepest Descent,3912,3913,1.6299498812559603e-07,5.655883729849672e-12,2.3782101946315997e-06
Steepest Descent,3913,3914,1.5122591151823406e-07,5.632529845924968e-12,2.37329514513576e-06
Steepest Descent,3914,3915,1.623168588536439e-07,5.609273124587844e-12,2.3683904079749697e-06
Steepest Descent,3915,3916,1.5059677143913118e-07,5.586113159012614e-12,2.3634959612854454e-06
Steepest Descent,3916,3917,1.6164160600488496e-07,5.563049541360936e-12,2.3586117826723704e-06
Steepest Descent,3917,3918,1.4997029978717476e-07,5.540081868267323e-12,2.3537378503706234e-06
Steepest Descent,3918,3919,1.6096921703100277e-07,5.51720973536984e-12,2.348874142088043e-06
Steepest Descent,3919,3920,1.4934648498321864e-07,5.494432742717533e-12,2.3440206361543686e-06
Steepest Descent,3920,3921,1.6029967936731883e-07,5.471750489365052e-12,2.339177310373254e-06
Steepest Descent,3921,3922,1.4872531537527367e-07,5.4491625787763106e-12,2.3343441431751897e-06
Steepest Descent,3922,3923,1.5963298063931891e-07,5.4266686133855695e-12,2.329521112457573e-06
Steepest Descent,3923,3924,1.4810677946731867e-07,5.4042682000520095e-12,2.3247081967533062e-06
Steepest Descent,3924,3925,1.5896910839588983e-07,5.381960944562877e-12,2.319905374053622e-06
Steepest Descent,3925,3926,1.4749086563461314e-07,5.359746457108472e-12,2.3151126229858607e-06
Steepest Descent,3926,3927,1.5830805034517309e-07,5.337624346843471e-12,2.3103299216439785e-06
Steepest Descent,3927,3928,1.4687756253296006e-07,5.315594227231902e-12,2.3055572487431104e-06
Steepest Descent,3928,3929,1.5764979423270682e-07,5.293655710764428e-12,2.3007945824789375e-06
Steepest Descent,3929,3930,1.4626685876610955e-07,5.271808414183762e-12,2.2960419016611524e-06
Steepest Descent,3930,3931,1.5699432774260636e-07,5.250051953268874e-12,2.291299184582597e-06
Steepest Descent,3931,3932,1.4565874297719858e-07,5.228385947998275e-12,2.286566410143881e-06
Steepest Descent,3932,3933,1.5634163869531026e-07,5.206810017424456e-12,2.2818435567375026e-06
Steepest Descent,3933,3934,1.450532038652757e-07,5.185323784743838e-12,2.2771306033567414e-06
Steepest Descent,3934,3935,1.5569171506018806e-07,5.163926872232215e-12,2.2724275284884695e-06
Steepest Descent,3935,3936,1.4445023020445031e-07,5.142618906290123e-12,2.2677343112212513e-06
Steepest Descent,3936,3937,1.550445447189739e-07,5.121399512399624e-12,2.2630509301382553e-06
Steepest Descent,3937,3938,1.438498108282205e-07,5.100268320102167e-12,2.258377364415028e-06
Steepest Descent,3938,3939,1.5440011566454944e-07,5.07922495808534e-12,2.253713592736517e-06
Steepest Descent,3939,3940,1.4325193452585853e-07,5.058269059014748e-12,2.2490595943671095e-06
Steepest Descent,3940,3941,1.5375841599938055e-07,5.037400254729491e-12,2.244415348087223e-06
Steepest Descent,3941,3942,1.4265659033996406e-07,5.016618181012705e-12,2.239780833254161e-06
Steepest Descent,3942,3943,1.5311943376574718e-07,4.995922472811383e-12,2.2351560287396905e-06
Steepest Descent,3943,3944,1.4206376707703245e-07,4.975312769000104e-12,2.2305409139937566e-06
Steepest Descent,3944,3945,1.5248315716061835e-07,4.9547887076267626e-12,2.225935467983464e-06
Steepest Descent,3945,3946,1.414734538495886e-07,4.934349930614188e-12,2.2213396702472556e-06
Steepest Descent,3946,3947,1.5184957438817714e-07,4.913996079087594e-12,2.216753499847828e-06
Steepest Descent,3947,3948,1.4088563970714646e-07,4.893726797999228e-12,2.2121769364133664e-06
Steepest Descent,3948,3949,1.5121867366357414e-07,4.873541731512862e-12,2.2076099590989488e-06
Steepest Descent,3949,3950,1.4030031373181048e-07,4.853440527595779e-12,2.203052547624722e-06
Steepest Descent,3950,3951,1.5059044338218473e-07,4.833422833406876e-12,2.198504681233787e-06
Steepest Descent,3951,3952,1.397174651359116e-07,4.813488299906688e-12,2.193966339738759e-06
Steepest Descent,3952,3953,1.499648718724061e-07,4.793636577255967e-12,2.1894375024777406e-06
Steepest Descent,3953,3954,1.3913708312100985e-07,4.773867319352373e-12,2.1849181493484767e-06
Steepest Descent,3954,3955,1.493419475503711e-07,4.754180179312222e-12,2.180408259778939e-06
Steepest Descent,3955,3956,1.3855915694559852e-07,4.734574813985341e-12,2.1759078137608084e-06
Steepest Descent,3956,3957,1.4872165884817594e-07,4.715050879417411e-12,2.171416790811338e-06
Steepest Descent,3957,3958,1.3798367589948897e-07,4.6956080353615286e-12,2.166935171010321e-06
Steepest Descent,3958,3959,1.4810399441241925e-07,4.676245940781634e-12,2.162462933967108e-06
Steepest Descent,3959,3960,1.3741062927836403e-07,4.6569642583036554e-12,2.1580000598479264e-06
Steepest Descent,3960,3961,1.4748894279987934e-07,4.6377626497822485e-12,2.1535465283532297e-06
Steepest Descent,3961,3962,1.3684000662751025e-07,4.6186407806916576e-12,2.149102319735302e-06
Steepest Descent,3962,3963,1.4687649253637028e-07,4.599598315757879e-12,2.1446674137865474e-06
Steepest Descent,3963,3964,1.362717973215953e-07,4.5806349232752485e-12,2.140241790844027e-06
Steepest Descent,3964,3965,1.4626663240513423e-07,4.561750270822793e-12,2.135825430793161e-06
Steepest Descent,3965,3966,1.3570599089603282e-07,4.542944029492074e-12,2.1314183140557074e-06
Steepest Descent,3966,3967,1.4565935104815284e-07,4.5242158696729745e-12,2.1270204206055414e-06
Steepest Descent,3967,3968,1.3514257686038312e-07,4.505565465239446e-12,2.1226317309508605e-06
Steepest Descent,3968,3969,1.4505463743197082e-07,4.486992489382624e-12,2.1182522251570098e-06
Steepest Descent,3969,3970,1.345815448381954e-07,4.4684966187219494e-12,2.113881883815165e-06
Steepest Descent,3970,3971,1.444524801174239e-07,4.45007752921494e-12,2.109520687079162e-06
Steepest Descent,3971,3972,1.3402288448877672e-07,4.4317349002256605e-12,2.1051686156281308e-06
Steepest Descent,3972,3973,1.43852868269538e-07,4.413468410444971e-12,2.1008256497017956e-06
Steepest Descent,3973,3974,1.3346658541509386e-07,4.395277741949636e-12,2.096491770064847e-06
Steepest Descent,3974,3975,1.4325579063685017e-07,4.377162576158153e-12,2.092166957046725e-06
Steepest Descent,3975,3976,1.3291263745223534e-07,4.359122597817136e-12,2.0878511914926158e-06
Steepest Descent,3976,3977,1.4266123631122107e-07,4.3411574910494145e-12,2.0835444538212796e-06
Steepest Descent,3977,3978,1.323610304220747e-07,4.3232669432681415e-12,2.0792467249627067e-06
Steepest Descent,3978,3979,1.420691943057272e-07,4.305450641264321e-12,2.0749579854214688e-06
Steepest Descent,3979,3980,1.3181175408693499e-07,4.287708275102025e-12,2.070678216213718e-06
Steepest Descent,3980,3981,1.4147965365186955e-07,4.270039534200624e-12,2.066407397925352e-06
Steepest Descent,3981,3982,1.3126479826595377e-07,4.2524441112621775e-12,2.062145511660653e-06
Steepest Descent,3982,3983,1.4089260350902946e-07,4.234921698322187e-12,2.0578925380889516e-06
Steepest Descent,3983,3984,1.307201529628232e-07,4.2174719906989265e-12,2.0536484584024905e-06
Steepest Descent,3984,3985,1.4030803309229462e-07,4.200094683000274e-12,2.049413253348449e-06
Steepest Descent,3985,3986,1.3017780815949684e-07,4.18278947314667e-12,2.045186904208676e-06
Steepest Descent,3986,3987,1.3972593167625208e-07,4.16555605831236e-12,2.040969391811734e-06
Steepest Descent,3987,3988,1.2963775382774912e-07,4.148394138970395e-12,2.036760697522022e-06
Steepest Descent,3988,3989,1.391462884232573e-07,4.131303414860782e-12,2.032560802254334e-06
Steepest Descent,3989,3990,1.2909997993618448e-07,4.114283588974933e-12,2.0283696874521993e-06
Steepest Descent,3990,3991,1.3856909275431727e-07,4.097334363613715e-12,2.0241873341204646e-06
Steepest Descent,3991,3992,1.2856447672881766e-07,4.0804554442576e-12,2.020013723779519e-06
Steepest Descent,3992,3993,1.3799433403601346e-07,4.0636465357201185e-12,2.0158488375173667e-06
Steepest Descent,3993,3994,1.2803123440190026e-07,4.046907345994938e-12,2.0116926569421427e-06
Steepest Descent,3994,3995,1.3742200167725962e-07,4.0302375823635515e-12,2.007545163218888e-06
Steepest Descent,3995,3996,1.275002430005087e-07,4.0136369552999e-12,2.0034063380402638e-06
Steepest Descent,3996,3997,1.368520851387041e-07,3.9971051745383114e-12,1.99927616264945e-06
Steepest Descent,3997,3998,1.2697149282253688e-07,3.980641953022058e-12,1.9951546188258337e-06
Steepest Descent,3998,3999,1.3628457407717907e-07,3.9642470029236344e-12,1.991041687891952e-06
Steepest Descent,3999,4000,1.2644497418438026e-07,3.947920039617529e-12,1.98693735170929e-06
Steepest Descent,4000,4001,1.3571945780997607e-07,3.931660777688079e-12,1.9828415916779835e-06
Steepest Descent,4001,4002,1.259206772540337e-07,3.9154689349381335e-12,1.9787543897457643e-06
Steepest Descent,4002,4003,1.3515672624276574e-07,3.8993442283605305e-12,1.9746757273943816e-06
Steepest Descent,4003,4004,1.2539859258596045e-07,3.883286378115583e-12,1.970605586644771e-06
Steepest Descent,4004,4005,1.3459636876166913e-07,3.8672951036046474e-12,1.9665439490651222e-06
Steepest Descent,4005,4006,1.248787104811252e-07,3.851370127354777e-12,1.9624907967567074e-06
Steepest Descent,4006,4007,1.3403837529525166e-07,3.835511171120412e-12,1.9584461113649287e-06
Steepest Descent,4007,4008,1.2436102151186567e-07,3.819717959776111e-12,1.9544098750712734e-06
Steepest Descent,4008,4009,1.3348273551305116e-07,3.803990217429484e-12,1.9503820696031544e-06
Steepest Descent,4009,4010,1.2384551603402542e-07,3.788327671272752e-12,1.946362677219421e-06
Steepest Descent,4010,4011,1.3292943917555143e-07,3.772730047742183e-12,1.9423516797280002e-06
Steepest Descent,4011,4012,1.2333218467536262e-07,3.757197076336311e-12,1.9383490594669247e-06
Steepest Descent,4012,4013,1.3237847622601293e-07,3.7417284857921495e-12,1.9343547983222077e-06
Steepest Descent,4013,4014,1.2282101793798707e-07,3.72632400789421e-12,1.9303688787105456e-06
Steepest Descent,4014,4015,1.3182983645618145e-07,3.710983373670328e-12,1.9263912825981974e-06
Steepest Descent,4015,4016,1.2231200657065717e-07,3.695706317169642e-12,1.922421992479706e-06
Steepest Descent,4016,4017,1.3128350990065288e-07,3.680492571671292e-12,1.918460990396023e-06
Steepest Descent,4017,4018,1.218051411879185e-07,3.665341873501136e-12,1.9145082589273767e-06
Steepest Descent,4018,4019,1.307394864462812e-07,3.650253958154783e-12,1.910563780184996e-06
Steepest Descent,4019,4020,1.2130041248052636e-07,3.6352285642080496e-12,1.9066275368325218e-06
Steepest Descent,4020,4021,1.3019775622278782e-07,3.6202654293648274e-12,1.9026995110539202e-06
Steepest Descent,4021,4022,1.2079781120792025e-07,3.6053642944211304e-12,1.8987796855931258e-06
Steepest Descent,4022,4023,1.2965830924572991e-07,3.5905248992829406e-12,1.8948680427098189e-06
Steepest Descent,4023,4024,1.20297328183096e-07,3.575746986941519e-12,1.8909645652263078e-06
Steepest Descent,4024,4025,1.2912113568460614e-07,3.561030299485976e-12,1.88706923547759e-06
Steepest Descent,4025,4026,1.1979895420538343e-07,3.546374582079382e-12,1.8831820363627574e-06
Steepest Descent,4026,4027,1.28586225682814e-07,3.531779578989508e-12,1.8793029502955364e-06
Steepest Descent,4027,4028,1.1930268016869537e-07,3.517245037527614e-12,1.8754319602501218e-06
Steepest Descent,4028,4029,1.2805356938690243e-07,3.502770704109845e-12,1.8715690487155008e-06
Steepest Descent,4029,4030,1.1880849693471168e-07,3.488356328182426e-12,1.867714198741988e-06
Steepest Descent,4030,4031,1.2752315718620006e-07,3.474001658295006e-12,1.8638673928944102e-06
Steepest Descent,4031,4032,1.1831639555248234e-07,3.4597064460088095e-12,1.8600286142983953e-06
Steepest Descent,4032,4033,1.2699497920710176e-07,3.445470442000591e-12,1.8561978455974435e-06
Steepest Descent,4033,4034,1.17826366997613e-07,3.4312933999108716e-12,1.8523750699874123e-06
Steepest Descent,4034,4035,1.2646902593463368e-07,3.417175072522159e-12,1.8485602701892514e-06
Steepest Descent,4035,4036,1.1733840229066673e-07,3.4031152155528092e-12,1.8447534294731122e-06
Steepest Descent,4036,4037,1.2594528768651747e-07,3.3891135838689525e-12,1.8409545306359285e-06
Steepest Descent,4037,4038,1.1685249248673629e-07,3.375169935241074e-12,1.8371635570196448e-06
Steepest Descent,4038,4039,1.254237548341348e-07,3.3612840266125784e-12,1.8333804914999444e-06
Steepest Descent,4039,4040,1.1636862882628457e-07,3.3474556177904116e-12,1.8296053174907454e-06
Steepest Descent,4040,4041,1.2490441799767505e-07,3.3336844677492928e-12,1.8258380179384184e-06
Steepest Descent,4041,4042,1.158868023094497e-07,3.3199703383433008e-12,1.8220785763361854e-06
Steepest Descent,4042,4043,1.2438726750040658e-07,3.3063129905708224e-12,1.8183269757034409e-06
Steepest Descent,4043,4044,1.1540700417752255e-07,3.2927121882816643e-12,1.814583199603056e-06
Steepest Descent,4044,4045,1.238722941057047e-07,3.2791676944988026e-12,1.8108472311321024e-06
Steepest Descent,4045,4046,1.1492922572367883e-07,3.265679275043793e-12,1.8071190539208512e-06
Steepest Descent,4046,4047,1.2335948828864623e-07,3.252246694955719e-12,1.8033986511461405e-06
Steepest Descent,4047,4048,1.1445345825399518e-07,3.238869722029445e-12,1.799686006510426e-06
Steepest Descent,4048,4049,1.2284884059851175e-07,3.2255481232507613e-12,1.795981103255477e-06
Steepest Descent,4049,4050,1.1397969293823943e-07,3.212281668398604e-12,1.7922839251632548e-06
Steepest Descent,4050,4051,1.2234034188536427e-07,3.1990701264218153e-12,1.788594455549333e-06
Steepest Descent,4051,4052,1.1350792130367741e-07,3.185913269016872e-12,1.7849126782610044e-06
Steepest Descent,4052,4053,1.21833982852767e-07,3.172810867096814e-12,1.781238576692301e-06
Steepest Descent,4053,4054,1.1303813458525567e-07,3.159762694278109e-12,1.7775721347608114e-06
Steepest Descent,4054,4055,1.2132975413364144e-07,3.1467685233857533e-12,1.773913335928718e-06
Steepest Descent,4055,4056,1.1257032434551678e-07,3.1338281299567994e-12,1.770262164188344e-06
Steepest Descent,4056,4057,1.2082764670150338e-07,3.1209412887252295e-12,1.7666186030734617e-06
Steepest Descent,4057,4058,1.1210448199004458e-07,3.108107777112687e-12,1.7629826366452638e-06
Steepest Descent,4058,4059,1.2032765127411023e-07,3.0953273717559515e-12,1.7593542485116383e-06
Steepest Descent,4059,4060,1.1164059904813567e-07,3.0825998519482972e-12,1.7557334228032162e-06
Steepest Descent,4060,4061,1.1982975882426304e-07,3.0699249962014226e-12,1.7521201431983544e-06
Steepest Descent,4061,4062,1.1117866703635231e-07,3.0573025856663617e-12,1.7485143938973913e-06
Steepest Descent,4062,4063,1.19333960278581e-07,3.0447324007231468e-12,1.7449161586515115e-06
Steepest Descent,4063,4064,1.1071867756630882e-07,3.0322142243508273e-12,1.7413254217264582e-06
Steepest Descent,4064,4065,1.1884024654572448e-07,3.0197478387962396e-12,1.7377421669500455e-06
Steepest Descent,4065,4066,1.10260622291818e-07,3.0073330288491198e-12,1.7341663786526133e-06
Steepest Descent,4066,4067,1.1834860867343561e-07,2.9949695786007227e-12,1.7305980407364163e-06
Steepest Descent,4067,4068,1.0980449280122368e-07,2.9826572746359805e-12,1.7270371375960563e-06
Steepest Descent,4068,4069,1.1785903763789728e-07,2.9703959028735406e-12,1.7234836532075205e-06
Steepest Descent,4069,4070,1.0935028088992975e-07,2.9581852516937452e-12,1.7199375720338646e-06
Steepest Descent,4070,4071,1.1737152466803733e-07,2.9460251088038352e-12,1.7163988781177396e-06
Steepest Descent,4071,4072,1.088979782034119e-07,2.9339152643716906e-12,1.7128675559924913e-06
Steepest Descent,4072,4073,1.1688606078284264e-07,2.921855507893789e-12,1.7093435897717547e-06
Steepest Descent,4073,4074,1.0844757658716e-07,2.909845631304035e-12,1.705826964057033e-06
Steepest Descent,4074,4075,1.1640263725905254e-07,2.8978854258558662e-12,1.7023176630276342e-06
Steepest Descent,4075,4076,1.0799906776150516e-07,2.88597468523134e-12,1.6988156713520567e-06
Steepest Descent,4076,4077,1.1592124514285355e-07,2.8741132024517124e-12,1.6953209732825558e-06
Steepest Descent,4077,4078,1.0755244366436499e-07,2.862300772931104e-12,1.6918335535539846e-06
Steepest Descent,4078,4079,1.154418758814472e-07,2.8505371914302074e-12,1.6883533964873016e-06
Steepest Descent,4079,4080,1.0710769610019941e-07,2.8388222550762143e-12,1.684880486882145e-06
Steepest Descent,4080,4081,1.1496452058643462e-07,2.82715576035803e-12,1.6814148091289162e-06
Steepest Descent,4081,4082,1.0666481705613611e-07,2.815537506116163e-12,1.6779563480961483e-06
Steepest Descent,4082,4083,1.1448917064838275e-07,2.803967290532743e-12,1.6745050882373402e-06
Steepest Descent,4083,4084,1.0622379843194611e-07,2.7924449141602514e-12,1.6710610144935614e-06
Steepest Descent,4084,4085,1.1401581753070179e-07,2.7809701768598398e-12,1.6676241113811708e-06
Steepest Descent,4085,4086,1.0578463223787998e-07,2.769542880858661e-12,1.6641943639066502e-06
Steepest Descent,4086,4087,1.1354445245867606e-07,2.7581628277129303e-12,1.6607717566580092e-06
Steepest Descent,4087,4088,1.0534731048566374e-07,2.7468298213105917e-12,1.657356274706978e-06
Steepest Descent,4088,4089,1.1307506703351853e-07,2.7355436648627384e-12,1.653947902705142e-06
Steepest Descent,4089,4090,1.0491182530675164e-07,2.7243041639064845e-12,1.650546625789918e-06
Steepest Descent,4090,4091,1.1260765265923455e-07,2.71311112331921e-12,1.6471524286838816e-06
Steepest Descent,4091,4092,1.0447816869720382e-07,2.701964350267841e-12,1.6437652965882448e-06
Steepest Descent,4092,4093,1.1214220083408624e-07,2.6908636512505313e-12,1.6403852142867329e-06
Steepest Descent,4093,4094,1.0404633289153736e-07,2.6798088350782565e-12,1.637012167052602e-06
Steepest Descent,4094,4095,1.116787031303714e-07,2.668799709856532e-12,1.6336461397305512e-06
Steepest Descent,4095,4096,1.0361630995247095e-07,2.6578360860063898e-12,1.6302871176594599e-06
Steepest Descent,4096,4097,1.1121715126862278e-07,2.6469177732523702e-12,1.6269350857524614e-06
Steepest Descent,4097,4098,1.0318809211457791e-07,2.636044583608012e-12,1.6235900294126015e-06
Steepest Descent,4098,4099,1.1075753659588089e-07,2.6252163283860132e-12,1.6202519336158846e-06
Steepest Descent,4099,4100,1.0276167162925502e-07,2.61443282117951e-12,1.616920783829409e-06
Steepest Descent,4100,4101,1.1029985113798061e-07,2.6036938748911732e-12,1.6135965650964843e-06
Steepest Descent,4101,4102,1.0233704081556575e-07,2.5929993046787997e-12,1.6102792629475173e-06
Steepest Descent,4102,4103,1.0984408630972747e-07,2.5823489250072863e-12,1.6069688624884074e-06
Steepest Descent,4103,4104,1.0191419196776786e-07,2.571742552600391e-12,1.6036653493171168e-06
Steepest Descent,4104,4105,1.0939023396818083e-07,2.5611800034565844e-12,1.6003687085970483e-06
Steepest Descent,4105,4106,1.014931173312251e-07,2.5506610958671268e-12,1.5970789259980628e-06
Steepest Descent,4106,4107,1.089382859263077e-07,2.540185647356937e-12,1.5937959867426373e-06
Steepest Descent,4107,4108,1.010738093439938e-07,2.529753477745716e-12,1.5905198765641743e-06
Steepest Descent,4108,4109,1.0848823393202816e-07,2.5193644060963365e-12,1.587250580751614e-06
Steepest Descent,4109,4110,1.0065626042782123e-07,2.5090182537328023e-12,1.5839880850981178e-06
Steepest Descent,4110,4111,1.080400699108649e-07,2.4987148412336804e-12,1.5807323749558874e-06
Steepest Descent,4111,4112,1.0024046296358137e-07,2.488453991426595e-12,1.5774834361813739e-06
Steepest Descent,4112,4113,1.0759378575065875e-07,2.4782355264024423e-12,1.5742412541927752e-06
Steepest Descent,4113,4114,9.982640951522146e-08,2.4680592704633694e-12,1.5710058149043781e-06
Steepest Descent,4114,4115,1.0714937333006376e-07,2.45792504720362e-12,1.5677771038013087e-06
Steepest Descent,4115,4116,9.941409251463284e-08,2.4478326823907635e-12,1.5645551068565028e-06
Steepest Descent,4116,4117,1.0670682455594539e-07,2.437782001100221e-12,1.56133980961872e-06
Steepest Descent,4117,4118,9.900350462491323e-08,2.427772830560396e-12,1.5581311981217742e-06
Steepest Descent,4118,4119,1.0626613148596046e-07,2.4178049973252486e-12,1.5549292579809695e-06
Steepest Descent,4119,4120,9.859463822293673e-08,2.407878330060549e-12,1.551733975287178e-06
Steepest Descent,4120,4121,1.0582728613229568e-07,2.3979926567763685e-12,1.5485453357187732e-06
Steepest Descent,4121,4122,9.818748613753234e-08,2.3881478075830018e-12,1.545363325429655e-06
Steepest Descent,4122,4123,1.0539028061930164e-07,2.378343611917482e-12,1.5421879301555573e-06
Steepest Descent,4123,4124,9.778204090123643e-08,2.3685799013298123e-12,1.5390191361155363e-06
Steepest Descent,4124,4125,1.0495510701675793e-07,2.3588565066839783e-12,1.5358569291063468e-06
Steepest Descent,4125,4126,9.737829512588353e-08,2.3491732609384797e-12,1.5327012954057551e-06
Steepest Descent,4126,4127,1.045217574913493e-07,2.339529996373738e-12,1.5295522208717613e-06
Steepest Descent,4127,4128,9.697624161900954e-08,2.32992654735062e-12,1.5264096918424687e-06
Steepest Descent,4128,4129,1.0409022422005455e-07,2.3203627475671382e-12,1.5232736942411689e-06
Steepest Descent,4129,4130,9.657587308145e-08,2.3108384327496667e-12,1.5201442144578477e-06
Steepest Descent,4130,4131,1.0366049939214097e-07,2.3013534380100563e-12,1.5170212384835144e-06
Steepest Descent,4131,4132,9.61771822780265e-08,2.291907600444326e-12,1.513904752764957e-06
Steepest Descent,4132,4133,1.0323257510934784e-07,2.2825007565476786e-12,1.5107947433545295e-06
Steepest Descent,4133,4134,9.578016205789296e-08,2.2731327447798683e-12,1.5076911967574355e-06
Steepest Descent,4134,4135,1.0280644384640623e-07,2.2638034030061287e-12,1.5045940990865704e-06
Steepest Descent,4135,4136,9.538480519537218e-08,2.2545125710404687e-12,1.5015034369059796e-06
Steepest Descent,4136,4137,1.0238209788520846e-07,2.245260088116326e-12,1.4984191963920931e-06
Steepest Descent,4137,4138,9.499110460813024e-08,2.236045795371589e-12,1.495341364161237e-06
Steepest Descent,4138,4139,1.0195952953692371e-07,2.2268695334036594e-12,1.4922699264555522e-06
Steepest Descent,4139,4140,9.459905317125292e-08,2.217731144661654e-12,1.4892048699429015e-06
Steepest Descent,4140,4141,1.0153873110886548e-07,2.2086304710987342e-12,1.4861461809319883e-06
Steepest Descent,4141,4142,9.420864383225058e-08,2.19956735647937e-12,1.4830938461470904e-06
Steepest Descent,4142,4143,1.0111969512563766e-07,2.1905416440787494e-12,1.4800478519557228e-06
Steepest Descent,4143,4144,9.381986952179628e-08,2.1815531789616664e-12,1.4770081851369904e-06
Steepest Descent,4144,4145,1.0070241401278276e-07,2.172601805730123e-12,1.4739748321223543e-06
Steepest Descent,4145,4146,9.343272324802575e-08,2.1636873707359758e-12,1.4709477797447386e-06
Steepest Descent,4146,4147,1.0028688020253062e-07,2.154809719886016e-12,1.467927014495617e-06
Steepest Descent,4147,4148,9.304719806560518e-08,2.1459687008179387e-12,1.4649125232647642e-06
Steepest Descent,4148,4149,9.987308616745507e-08,2.137164160738141e-12,1.4619042926054158e-06
Steepest Descent,4149,4150,9.266328699741653e-08,2.1283959485527197e-12,1.4589023094617127e-06
Steepest Descent,4150,4151,9.946102465353739e-08,2.119663912749039e-12,1.455906560445772e-06
Steepest Descent,4151,4152,9.228098316636555e-08,2.1109679034882613e-12,1.4529170325549428e-06
Steepest Descent,4152,4153,9.90506880120274e-08,2.102307770545532e-12,1.4499337124660324e-06
Steepest Descent,4153,4154,9.190027954973239e-08,2.0936833653198938e-12,1.446956587227099e-06
Steepest Descent,4154,4155,9.864206904801679e-08,2.0850945388513826e-12,1.443985643575234e-06
Steepest Descent,4155,4156,9.152116952821236e-08,2.0765411437845324e-12,1.4410208686152093e-06
Steepest Descent,4156,4157,9.823516023088933e-08,2.068023032403242e-12,1.4380622491405723e-06
Steepest Descent,4157,4158,9.114364612815177e-08,2.0595400585929262e-12,1.435109772314622e-06
Steepest Descent,4158,4159,9.782995429476952e-08,2.0510920758618684e-12,1.4321634249839883e-06
Steepest Descent,4159,4160,9.076770257337927e-08,2.042678939315315e-12,1.4292231943665464e-06
Steepest Descent,4160,4161,9.742644408835607e-08,2.0343005037127846e-12,1.4262890673747677e-06
Steepest Descent,4161,4162,9.039333213213986e-08,2.0259566253502848e-12,1.4233610312743163e-06
Steepest Descent,4162,4163,9.70246221527095e-08,2.0176471602058178e-12,1.4204390730354532e-06
Steepest Descent,4163,4164,9.002052802119862e-08,2.009371965780639e-12,1.4175231799800096e-06
Steepest Descent,4164,4165,9.662448144587992e-08,2.0011308992673996e-12,1.414613339138084e-06
Steepest Descent,4165,4166,8.964928358834423e-08,1.9929238193421797e-12,1.4117095378802893e-06
Steepest Descent,4166,4167,9.622601460620862e-08,1.984750584402351e-12,1.4088117632964136e-06
Steepest Descent,4167,4168,8.927959220498762e-08,1.976611054310069e-12,1.4059200028131289e-06
Steepest Descent,4168,4169,9.582921458662089e-08,1.968505088639051e-12,1.4030342435732107e-06
Steepest Descent,4169,4170,8.891144713608136e-08,1.960432548425675e-12,1.4001544730584818e-06
Steepest Descent,4170,4171,9.543407421984052e-08,1.952393294421813e-12,1.3972806784686506e-06
Steepest Descent,4171,4172,8.854484175421298e-08,1.9443871888212776e-12,1.394412847338003e-06
Steepest Descent,4172,4173,9.504058637368524e-08,1.936414093545219e-12,1.3915509669233173e-06
Steepest Descent,4173,4174,8.81797695671334e-08,1.928473871944348e-12,1.3886950248144293e-06
Steepest Descent,4174,4175,9.464874400438322e-08,1.920566387083094e-12,1.3858450083191459e-06
Steepest Descent,4175,4176,8.781622399087874e-08,1.9126915034653194e-12,1.3830009050847792e-06
Steepest Descent,4176,4177,9.425854017350374e-08,1.904849085298719e-12,1.3801627024734145e-06
Steepest Descent,4177,4178,8.745419843006268e-08,1.89703899820577e-12,1.3773303881806173e-06
Steepest Descent,4178,4179,9.386996772231704e-08,1.88926110755089e-12,1.3745039496308807e-06
Steepest Descent,4179,4180,8.709368638503918e-08,1.8815152800707847e-12,1.3716833745696508e-06
Steepest Descent,4180,4181,9.34830198487779e-08,1.873801382258677e-12,1.368868650476983e-06
Steepest Descent,4181,4182,8.673468154805535e-08,1.866119281958534e-12,1.366059765148851e-06
Steepest Descent,4182,4183,9.309768944797176e-08,1.8584688467908175e-12,1.363256706123545e-06
Steepest Descent,4183,4184,8.637717733273238e-08,1.8508499456887406e-12,1.3604594612441563e-06
Steepest Descent,4184,4185,9.271396972932205e-08,1.8432624473962565e-12,1.357668018109087e-06
Steepest Descent,4185,4186,8.602116737661509e-08,1.8357062219269876e-12,1.354882364608451e-06
Steepest Descent,4186,4187,9.23318537138322e-08,1.8281811391380323e-12,1.352102488400207e-06
Steepest Descent,4187,4188,8.566664526883745e-08,1.8206870701168927e-12,1.3493283774222242e-06
Steepest Descent,4188,4189,9.19513345403842e-08,1.8132238858133493e-12,1.34656001938768e-06
Steepest Descent,4189,4190,8.531360466684651e-08,1.8057914583927362e-12,1.3437974022867942e-06
Steepest Descent,4190,4191,9.157240549608935e-08,1.7983896598822835e-12,1.3410405138854989e-06
Steepest Descent,4191,4192,8.49620393070229e-08,1.7910183635112552e-12,1.3382893422243393e-06
Steepest Descent,4192,4193,9.119505973432265e-08,1.7836774423838337e-12,1.3355438751249744e-06
Steepest Descent,4193,4194,8.46119428187299e-08,1.7763667707846232e-12,1.332804100678199e-06
Steepest Descent,4194,4195,9.081929050697592e-08,1.769086222881457e-12,1.3300700067595904e-06
Steepest Descent,4195,4196,8.426330890049443e-08,1.7618356740040855e-12,1.327341581509479e-06
Steepest Descent,4196,4197,9.044509108729001e-08,1.7546149993774048e-12,1.3246188128580256e-06
Steepest Descent,4197,4198,8.391613136157878e-08,1.7474240753605843e-12,1.3219016889922578e-06
Steepest Descent,4198,4199,9.007245472716334e-08,1.7402627782444581e-12,1.3191901979034175e-06
Steepest Descent,4199,4200,8.35704040174683e-08,1.7331309854029944e-12,1.316484327822779e-06
Steepest Descent,4200,4201,8.970137475998853e-08,1.7260285741595714e-12,1.313784066793159e-06
Steepest Descent,4201,4202,8.322612062336714e-08,1.7189554229212276e-12,1.311089403100043e-06
Steepest Descent,4202,4203,8.933184461607783e-08,1.7119114100300667e-12,1.3084003248356623e-06
Steepest Descent,4203,4204,8.288327494989953e-08,1.7048964149058242e-12,1.305716820335031e-06
Steepest Descent,4204,4205,8.896385759932357e-08,1.697910316921327e-12,1.3030388777474472e-06
Steepest Descent,4205,4206,8.25418610420081e-08,1.69095299648747e-12,1.3003664854522628e-06
Steepest Descent,4206,4207,8.859740724283658e-08,1.684024333991088e-12,1.2976996316525206e-06
Steepest Descent,4207,4208,8.220187269825812e-08,1.6771242108402979e-12,1.295038304777236e-06
Steepest Descent,4208,4209,8.823248685131682e-08,1.670252508426618e-12,1.2923824930826855e-06
Steepest Descent,4209,4210,8.1863303756924e-08,1.6634091091313536e-12,1.2897321850412796e-06
Steepest Descent,4210,4211,8.786908994127466e-08,1.6565938953570546e-12,1.2870873689680331e-06
Steepest Descent,4211,4212,8.152614832252886e-08,1.6498067504605263e-12,1.284448033382638e-06
Steepest Descent,4212,4213,8.750721006977639e-08,1.6430475578191497e-12,1.2818141666478607e-06
Steepest Descent,4213,4214,8.119040031283502e-08,1.6363162017684843e-12,1.2791857573349089e-06
Steepest Descent,4214,4215,8.714684077219176e-08,1.6296125666564317e-12,1.2765627938556064e-06
Steepest Descent,4215,4216,8.085605365732019e-08,1.6229365377939286e-12,1.2739452648343762e-06
Steepest Descent,4216,4217,8.678797553588212e-08,1.6162880004819113e-12,1.2713331587282349e-06
Steepest Descent,4217,4218,8.052310242154907e-08,1.6096668409935813e-12,1.268726464212669e-06
Steepest Descent,4218,4219,8.64306079609589e-08,1.6030729455900199e-12,1.2661251697956326e-06
Steepest Descent,4219,4220,8.019154064440066e-08,1.5965062014864103e-12,1.2635292641986611e-06
Steepest Descent,4220,4221,8.607473182817122e-08,1.5899664959056399e-12,1.2609387359842824e-06
Steepest Descent,4221,4222,7.986136238533335e-08,1.5834537169868278e-12,1.258353573915864e-06
Steepest Descent,4222,4223,8.572034051648418e-08,1.5769677529158498e-12,1.2557737666139748e-06
Steepest Descent,4223,4224,7.953256191506565e-08,1.5705084927425276e-12,1.2531993028814402e-06
Steepest Descent,4224,4225,8.536742789054896e-08,1.5640758255994692e-12,1.2506301713933934e-06
Steepest Descent,4225,4226,7.920513316403308e-08,1.5576696414599363e-12,1.2480663610000616e-06
Steepest Descent,4226,4227,8.50159875407994e-08,1.55128983037447e-12,1.2455078604225948e-06
Steepest Descent,4227,4228,7.887907037018351e-08,1.5449362832458286e-12,1.2429546585639512e-06
Steepest Descent,4228,4229,8.466601318323923e-08,1.5386088910329344e-12,1.240406744190362e-06
Steepest Descent,4229,4230,7.855436774060528e-08,1.5323075455535065e-12,1.2378641062546025e-06
Steepest Descent,4230,4231,8.431749878108122e-08,1.5260321386763956e-12,1.2353267335714852e-06
Steepest Descent,4231,4232,7.82310194252521e-08,1.5197825631135052e-12,1.2327946151381036e-06
Steepest Descent,4232,4233,8.3970437821386e-08,1.513558711640063e-12,1.2302677398192893e-06
Steepest Descent,4233,4234,7.790901970727774e-08,1.5073604778713307e-12,1.2277460966630399e-06
Steepest Descent,4234,4235,8.362482433567174e-08,1.501187755466961e-12,1.2252296745781834e-06
Steepest Descent,4235,4236,7.758836278039586e-08,1.4950404389297622e-12,1.2227184626600526e-06
Steepest Descent,4236,4237,8.328065206613642e-08,1.48891842280804e-12,1.2202124498660223e-06
Steepest Descent,4237,4238,7.726904298070819e-08,1.4828216024881908e-12,1.2177116253400023e-06
Steepest Descent,4238,4239,8.293791502805421e-08,1.4767498733996922e-12,1.2152159780877193e-06
Steepest Descent,4239,4240,7.695105452849843e-08,1.4707031317840771e-12,1.2127254972928033e-06
Steepest Descent,4240,4241,8.259660682671957e-08,1.4646812739652214e-12,1.2102401720176129e-06
Steepest Descent,4241,4242,7.663439195798017e-08,1.4586841970408165e-12,1.2077599914887132e-06
Steepest Descent,4242,4243,8.225672161427831e-08,1.452711798190707e-12,1.2052849448121002e-06
Steepest Descent,4243,4244,7.631904947917645e-08,1.4467639753822641e-12,1.2028150212656407e-06
Steepest Descent,4244,4245,8.191825322481162e-08,1.4408406266446195e-12,1.2003502099989901e-06
Steepest Descent,4245,4246,7.600502145580907e-08,1.4349416508023554e-12,1.1978905003389731e-06
Steepest Descent,4246,4247,8.158119561341533e-08,1.4290669467230597e-12,1.1954358814771538e-06
Steepest Descent,4247,4248,7.569230239263708e-08,1.423216414093058e-12,1.192986342794023e-06
Steepest Descent,4248,4249,8.124554291035216e-08,1.4173899526061416e-12,1.1905418735206845e-06
Steepest Descent,4249,4250,7.538088661351625e-08,1.4115874627933056e-12,1.1881024630869617e-06
Steepest Descent,4250,4251,8.091128905986414e-08,1.4058088451787622e-12,1.1856681007679855e-06
Steepest Descent,4251,4252,7.507076864685111e-08,1.4000540011261569e-12,1.183238776040642e-06
Steepest Descent,4252,4253,8.057842816215277e-08,1.3943228319931797e-12,1.1808144782281337e-06
Steepest Descent,4253,4254,7.476194298790038e-08,1.3886152399587973e-12,1.1783951968498501e-06
Steepest Descent,4254,4255,8.024695420912853e-08,1.3829311271974724e-12,1.1759809212727357e-06
Steepest Descent,4255,4256,7.445440404879943e-08,1.3772703967184294e-12,1.1735716410677402e-06
Steepest Descent,4256,4257,7.991686130190965e-08,1.3716329514999912e-12,1.1711673456427954e-06
Steepest Descent,4257,4258,7.414814643282821e-08,1.366018695362171e-12,1.168768024614881e-06
Steepest Descent,4258,4259,7.958814372432403e-08,1.3604275320927077e-12,1.166373667437973e-06
Steepest Descent,4259,4260,7.384316471381376e-08,1.354859366312704e-12,1.1639842637736576e-06
Steepest Descent,4260,4261,7.926079544436661e-08,1.3493141026075643e-12,1.1615998031196305e-06
Steepest Descent,4261,4262,7.353945339422615e-08,1.3437916463938272e-12,1.159220275182343e-06
Steepest Descent,4262,4263,7.893481074027414e-08,1.3382919030584967e-12,1.156845669507604e-06
Steepest Descent,4263,4264,7.323700714810069e-08,1.3328147787987252e-12,1.1544759758430338e-06
Steepest Descent,4264,4265,7.861018375876598e-08,1.3273601797926057e-12,1.1521111837807172e-06
Steepest Descent,4265,4266,7.293582051757477e-08,1.3219280130196502e-12,1.149751283112852e-06
Steepest Descent,4266,4267,7.828690882686233e-08,1.3165181854346014e-12,1.1473962634742198e-06
Steepest Descent,4267,4268,7.263588828126807e-08,1.3111306047938924e-12,1.1450461147018892e-06
Steepest Descent,4268,4269,7.796498005261561e-08,1.305765178826572e-12,1.1427008264749666e-06
Steepest Descent,4269,4270,7.233720506541464e-08,1.3004218160679332e-12,1.140360388678918e-06
Steepest Descent,4270,4271,7.764439183001654e-08,1.2951004249966172e-12,1.138024791029008e-06
Steepest Descent,4271,4272,7.203976544478445e-08,1.2898009149230468e-12,1.1356940234601248e-06
Steepest Descent,4272,4273,7.73251385081369e-08,1.2845231950843155e-12,1.133368075730173e-06
Steepest Descent,4273,4274,7.174356425647418e-08,1.2792671755430825e-12,1.1310469378160582e-06
Steepest Descent,4274,4275,7.700721427985055e-08,1.274032766291223e-12,1.1287305995193108e-06
Steepest Descent,4275,4276,7.144859614724235e-08,1.2688198781440604e-12,1.1264190508616498e-06
Steepest Descent,4276,4277,7.669061365988559e-08,1.2636284218470032e-12,1.1241122816903136e-06
Steepest Descent,4277,4278,7.115485602238422e-08,1.2584583089482186e-12,1.1218102820656525e-06
Steepest Descent,4278,4279,7.637533088123794e-08,1.2533094509426871e-12,1.1195130418814634e-06
Steepest Descent,4279,4280,7.086233855257312e-08,1.2481817601107502e-12,1.1172205512389888e-06
Steepest Descent,4280,4281,7.60613603996679e-08,1.2430751486835605e-12,1.1149328000752153e-06
Steepest Descent,4281,4282,7.057103857432907e-08,1.237989529678085e-12,1.1126497785368426e-06
Steepest Descent,4282,4283,7.574869665985419e-08,1.2329248160459901e-12,1.1103714765996062e-06
Steepest Descent,4283,4284,7.028095099574684e-08,1.2278809215376657e-12,1.1080978844568135e-06
Steepest Descent,4284,4285,7.543733418417277e-08,1.2228577598237929e-12,1.105828992124819e-06
Steepest Descent,4285,4286,6.999207056372742e-08,1.2178552453739768e-12,1.103564789839716e-06
Steepest Descent,4286,4287,7.512726733620159e-08,1.212873292576587e-12,1.101305267660419e-06
Steepest Descent,4287,4288,6.970439224123135e-08,1.2079118166133481e-12,1.099050415865145e-06
Steepest Descent,4288,4289,7.48184906086804e-08,1.202970732585452e-12,1.0968002245557082e-06
Steepest Descent,4289,4290,6.941791083994114e-08,1.1980499563834377e-12,1.094554684053491e-06
Steepest Descent,4290,4291,7.451099867597015e-08,1.1931494038073995e-12,1.092313784499399e-06
Steepest Descent,4291,4292,6.913262134317388e-08,1.1882689914488019e-12,1.0900775162568953e-06
Steepest Descent,4292,4293,7.420478595458477e-08,1.1834086358149082e-12,1.0878458695122705e-06
Steepest Descent,4293,4294,6.884851871956092e-08,1.178568254188817e-12,1.0856188346693406e-06
Steepest Descent,4294,4295,7.389984704487061e-08,1.1737477637633389e-12,1.0833964019523687e-06
Steepest Descent,4295,4296,6.8565597926116e-08,1.168947082520804e-12,1.0811785618115094e-06
Steepest Descent,4296,4297,7.359617655156064e-08,1.1641661283372944e-12,1.0789653045104342e-06
Steepest Descent,4297,4298,6.828385386901809e-08,1.15940481988311e-12,1.0767566205429665e-06
Steepest Descent,4298,4299,7.329376917403904e-08,1.1546630757053637e-12,1.074552500208977e-06
Steepest Descent,4299,4300,6.800328163138163e-08,1.1499408151578974e-12,1.072352934046388e-06
Steepest Descent,4300,4301,7.299261949698682e-08,1.1452379574714944e-12,1.0701579123996114e-06
Steepest Descent,4301,4302,6.77238762007525e-08,1.1405544226614446e-12,1.0679674258428692e-06
Steepest Descent,4302,4303,7.269272209554583e-08,1.1358901306358586e-12,1.0657814647646386e-06
Steepest Descent,4303,4304,6.744563268379502e-08,1.1312450020678205e-12,1.063600019776147e-06
Steepest Descent,4304,4305,7.239407182724777e-08,1.1266189575385037e-12,1.0614230813104186e-06
Steepest Descent,4305,4306,6.716854608978452e-08,1.1220119183735243e-12,1.0592506400156312e-06
Steepest Descent,4306,4307,7.209666333955307e-08,1.1174238058287446e-12,1.0570826863726152e-06
Steepest Descent,4307,4308,6.689261162303631e-08,1.1128545418713535e-12,1.0549192110637447e-06
Steepest Descent,4308,4309,7.1800491273646e-08,1.1083040484086252e-12,1.0527602046091147e-06
Steepest Descent,4309,4310,6.661782435679736e-08,1.1037722480668183e-12,1.0506056577359643e-06
Steepest Descent,4310,4311,7.150555055371403e-08,1.099259063396119e-12,1.0484555610020478e-06
Steepest Descent,4311,4312,6.634417933277249e-08,1.094764417663481e-12,1.0463099051731667e-06
Steepest Descent,4312,4313,7.121183589731436e-08,1.0902882340769606e-12,1.0441686808542768e-06
Steepest Descent,4313,4314,6.607167183479391e-08,1.0858304365236735e-12,1.0420318788423285e-06
Steepest Descent,4314,4315,7.091934200312378e-08,1.081390948855882e-12,1.0398994897853744e-06
Steepest Descent,4315,4316,6.580029701500332e-08,1.0769696956017398e-12,1.0377715045238715e-06
Steepest Descent,4316,4317,7.062806389509371e-08,1.0725666012379646e-12,1.035647913741907e-06
Steepest Descent,4317,4318,6.553005002048643e-08,1.0681815909132236e-12,1.0335287083159438e-06
Steepest Descent,4318,4319,7.033799624505524e-08,1.0638145897486979e-12,1.0314138789781229e-06
Steepest Descent,4319,4320,6.526092619968574e-08,1.0594655235032966e-12,1.0293034166383091e-06
Steepest Descent,4320,4321,7.004913411065636e-08,1.0551343179219258e-12,1.0271973120690716e-06
Steepest Descent,4321,4322,6.4992920667965e-08,1.0508208993841473e-12,1.0250955562210516e-06
Steepest Descent,4322,4323,6.976147217630172e-08,1.0465251942448043e-12,1.0229981399029053e-06
Steepest Descent,4323,4324,6.472602875692057e-08,1.0422471295089259e-12,1.0209050541107756e-06
Steepest Descent,4324,4325,6.94750054683842e-08,1.0379866321267268e-12,1.0188162896846156e-06
Steepest Descent,4325,4326,6.446024577869184e-08,1.0337436297153957e-12,1.0167318376619252e-06
Steepest Descent,4326,4327,6.91897290228246e-08,1.0295180498368991e-12,1.0146516889242826e-06
Steepest Descent,4327,4328,6.41955669039517e-08,1.025309820704375e-12,1.0125758345449366e-06
Steepest Descent,4328,4329,6.890563771229396e-08,1.021118870485821e-12,1.010504265446624e-06
Steepest Descent,4329,4330,6.393198762261277e-08,1.0169451279888354e-12,1.0084369727399106e-06
Steepest Descent,4330,4331,6.862272652912077e-08,1.0127885219741058e-12,1.0063739473844232e-06
Steepest Descent,4331,4332,6.366950316764584e-08,1.0086489818415765e-12,1.004315180529288e-06
Steepest Descent,4332,4333,6.834099038778335e-08,1.0045264369528286e-12,1.0022606631774134e-06
Steepest Descent,4333,4334,6.340810899641307e-08,1.000420817283122e-12,1.000210386510319e-06
Steepest Descent,4334,4335,6.80604244345144e-08,9.963320527831276e-13,9.981643415706291e-07
Steepest Descent,4335,4336,6.314780044768953e-08,9.922600740109512e-13,9.96122519578265e-07
Steepest Descent,4336,4337,6.778102373169162e-08,9.882048115018102e-13,9.940849116156074e-07
Steepest Descent,4337,4338,6.288857291118171e-08,9.841661963859072e-13,9.920515089378714e-07
Steepest Descent,4338,4339,6.750278324818581e-08,9.801441597758994e-13,9.900223026659043e-07
Steepest Descent,4339,4340,6.26304218183808e-08,9.761386333765329e-13,9.879972840937026e-07
Steepest Descent,4340,4341,6.722569819001646e-08,9.721495488693624e-13,9.859764443785471e-07
Steepest Descent,4341,4342,6.237334272015253e-08,9.681768385291698e-13,9.839597748532049e-07
Steepest Descent,4342,4343,6.69497636400259e-08,9.642204346028495e-13,9.819472667118378e-07
Steepest Descent,4343,4344,6.211733091100107e-08,9.60280269924663e-13,9.799389113228758e-07
Steepest Descent,4344,4345,6.667497469030242e-08,9.563562773103955e-13,9.77934699921419e-07
Steepest Descent,4345,4346,6.186238196785092e-08,9.52448390141287e-13,9.759346239074043e-07
Steepest Descent,4346,4347,6.640132652082177e-08,9.485565418032694e-13,9.739386745597842e-07
Steepest Descent,4347,4348,6.160849148449664e-08,9.446806662228856e-13,9.719468433113436e-07
Steepest Descent,4348,4349,6.612881424291732e-08,9.408206973424099e-13,9.699591214800808e-07
Steepest Descent,4349,4350,6.135565488396243e-08,9.369765696364758e-13,9.67975500535254e-07
Steepest Descent,4350,4351,6.585743316994808e-08,9.331482175907097e-13,9.659959718294429e-07
Steepest Descent,4351,4352,6.110386765257521e-08,9.293355762268876e-13,9.640205268700908e-07
Steepest Descent,4352,4353,6.558717845686353e-08,9.255385805729942e-13,9.62049157046039e-07
Steepest Descent,4353,4354,6.085312554667084e-08,9.217571661972987e-13,9.600818539048108e-07
Steepest Descent,4354,4355,6.531804536373057e-08,9.1799126865643e-13,9.581186088665796e-07
Steepest Descent,4355,4356,6.060342399577012e-08,9.14240824059445e-13,9.56159413518188e-07
Steepest Descent,4356,4357,6.505002910930182e-08,9.105057684926975e-13,9.542042593138522e-07
Steepest Descent,4357,4358,6.035475859310526e-08,9.067860386037256e-13,9.522531378807451e-07
Steepest Descent,4358,4359,6.4783125093372e-08,9.030815710071307e-13,9.503060407085344e-07
Steepest Descent,4359,4360,6.010712505465294e-08,8.993923028686578e-13,9.483629594562715e-07
Steepest Descent,4360,4361,6.451732845610905e-08,8.95718171332141e-13,9.464238856517417e-07
Steepest Descent,4361,4362,5.98605190319429e-08,8.920591140869589e-13,9.444888109908761e-07
Steepest Descent,4362,4363,6.425263470224192e-08,8.884150687942675e-13,9.425577270354679e-07
Steepest Descent,4363,4364,5.961493607172614e-08,8.847859736641697e-13,9.406306255189492e-07
Steepest Descent,4364,4365,6.398903897335741e-08,8.811717668767953e-13,9.387074980401483e-07
Steepest Descent,4365,4366,5.937037190690769e-08,8.775723871490023e-13,9.36788336364732e-07
Steepest Descent,4366,4367,6.372653678755401e-08,8.739877731752383e-13,9.348731321282252e-07
Steepest Descent,4367,4368,5.912682230304099e-08,8.704178641836747e-13,9.329618771330769e-07
Steepest Descent,4368,4369,6.34651235058225e-08,8.668625993718807e-13,9.310545630476662e-07
Steepest Descent,4369,4370,5.888428289878498e-08,8.633219184783612e-13,9.291511817128368e-07
Steepest Descent,4370,4371,6.320479447497809e-08,8.597957612024448e-13,9.27251724831205e-07
Steepest Descent,4371,4372,5.864274945418183e-08,8.562840677798122e-13,9.253561842770664e-07
Steepest Descent,4372,4373,6.294554512153117e-08,8.527867784108327e-13,9.234645517889859e-07
Steepest Descent,4373,4374,5.840221770251632e-08,8.493038338295463e-13,9.215768192774524e-07
Steepest Descent,4374,4375,6.26873709198022e-08,8.458351747261478e-13,9.196929785130185e-07
Steepest Descent,4375,4376,5.8162683470894406e-08,8.423807423330695e-13,9.178130214444931e-07
Steepest Descent,4376,4377,6.24302673431228e-08,8.389404778280461e-13,9.159369398752548e-07
Steepest Descent,4377,4378,5.792414251063428e-08,8.355143229314977e-13,9.140647257888784e-07
Steepest Descent,4378,4379,6.21742298546798e-08,8.321022193120953e-13,9.121963710255019e-07
Steepest Descent,4379,4380,5.768659054850517e-08,8.287041091686433e-13,9.103318676002962e-07
Steepest Descent,4380,4381,6.191925399552754e-08,8.253199346572224e-13,9.08471207390318e-07
Steepest Descent,4381,4382,5.745002352850076e-08,8.219496384456284e-13,9.06614382439209e-07
Steepest Descent,4382,4383,6.166533519360207e-08,8.185931631824694e-13,9.047613846658516e-07
Steepest Descent,4383,4384,5.7214437292959966e-08,8.152504520073814e-13,9.029122061459693e-07
Steepest Descent,4384,4385,6.14124691080454e-08,8.119214480426059e-13,9.010668388319513e-07
Steepest Descent,4385,4386,5.697982769921587e-08,8.086060948940858e-13,8.992252748305542e-07
Steepest Descent,4386,4387,6.116065119130467e-08,8.053043361631801e-13,8.973875061327632e-07
Steepest Descent,4387,4388,5.674619056394627e-08,8.020161159184562e-13,8.955535248763505e-07
Steepest Descent,4388,4389,6.090987704133642e-08,7.987413782316779e-13,8.937233230881231e-07
Steepest Descent,4389,4390,5.651352190526985e-08,7.954800676359408e-13,8.918968929399523e-07
Steepest Descent,4390,4391,6.066014233650856e-08,7.922321286619316e-13,8.900742264900897e-07
Steepest Descent,4391,4392,5.6281817502246074e-08,7.889975063059086e-13,8.882553159457637e-07
Steepest Descent,4392,4393,6.04114425735077e-08,7.857761455524922e-13,8.864401533958692e-07
Steepest Descent,4393,4394,5.6051073359946416e-08,7.825679918583206e-13,8.846287310834532e-07
Steepest Descent,4394,4395,6.016377355237483e-08,7.793729906688505e-13,8.828210411339608e-07
Steepest Descent,4395,4396,5.5821285438147514e-08,7.761910878856367e-13,8.810170758195533e-07
Steepest Descent,4396,4397,5.991713075736144e-08,7.730222294050167e-13,8.792168272986002e-07
Steepest Descent,4397,4398,5.5592449644541264e-08,7.698663615775099e-13,8.774202878766309e-07
Steepest Descent,4398,4399,5.96715100087411e-08,7.667234307535596e-13,8.756274497487842e-07
Steepest Descent,4399,4400,5.5364562034785564e-08,7.635933837237337e-13,8.73838305250882e-07
Steepest Descent,4400,4401,5.942690686865167e-08,7.604761672814032e-13,8.720528466104582e-07
Steepest Descent,4401,4402,5.513761865810947e-08,7.573717286573797e-13,8.70271066195688e-07
Steepest Descent,4402,4403,5.918331714333383e-08,7.54280015090786e-13,8.684929562701047e-07
Steepest Descent,4403,4404,5.4911615364173195e-08,7.51200974240837e-13,8.667185092294019e-07
Steepest Descent,4404,4405,5.894073659902356e-08,7.48134553796678e-13,8.649477173775753e-07
Steepest Descent,4405,4406,5.4686548321221536e-08,7.450807018409152e-13,8.631805731368815e-07
Steepest Descent,4406,4407,5.869916082336625e-08,7.420393664983522e-13,8.61417068845488e-07
Steepest Descent,4407,4408,5.446241354969466e-08,7.390104962787064e-13,8.596571969562671e-07
Steepest Descent,4408,4409,5.845858567296633e-08,7.359940397435307e-13,8.579009498441709e-07
Steepest Descent,4409,4410,5.423920715101181e-08,7.329899458238925e-13,8.561483199912807e-07
Steepest Descent,4410,4411,5.8219006946523586e-08,7.299981635078e-13,8.543992998053076e-07
Steepest Descent,4411,4412,5.4016925207036464e-08,7.270186421468633e-13,8.526538817989767e-07
Steepest Descent,4412,4413,5.798042053474467e-08,7.240513311558001e-13,8.509120584148516e-07
Steepest Descent,4413,4414,5.379556387290243e-08,7.210961803017186e-13,8.491738221952667e-07
Steepest Descent,4414,4415,5.774282199248943e-08,7.181531394189443e-13,8.474391656154112e-07
Steepest Descent,4415,4416,5.357511916569673e-08,7.152221586993391e-13,8.457080812546012e-07
Steepest Descent,4416,4417,5.750620741874956e-08,7.123031883773207e-13,8.439805616110602e-07
Steepest Descent,4417,4418,5.33555872997456e-08,7.093961790683802e-13,8.422565993023624e-07
Steepest Descent,4418,4419,5.7270572582960996e-08,7.065010814105897e-13,8.405361868537187e-07
Steepest Descent,4419,4420,5.313696437799148e-08,7.036178464341423e-13,8.388193169176198e-07
Steepest Descent,4420,4421,5.703591335381532e-08,7.007464251864848e-13,8.371059820515469e-07
Steepest Descent,4421,4422,5.2919246613046546e-08,6.978867690975656e-13,8.353961749359196e-07
Steepest Descent,4422,4423,5.68022255874337e-08,6.950388296242756e-13,8.336898881624243e-07
Steepest Descent,4423,4424,5.2702430207984555e-08,6.92202558599048e-13,8.319871144429149e-07
Steepest Descent,4424,4425,5.656950533888218e-08,6.893779078794028e-13,8.302878463999112e-07
Steepest Descent,4425,4426,5.248651130615429e-08,6.865648296922062e-13,8.285920767737318e-07
Steepest Descent,4426,4427,5.633774846162497e-08,6.837632763005641e-13,8.268997982225923e-07
Steepest Descent,4427,4428,5.2271486167738776e-08,6.809732003159623e-13,8.252110035112002e-07
Steepest Descent,4428,4429,5.610695075586983e-08,6.781945544083191e-13,8.235256853361157e-07
Steepest Descent,4429,4430,5.2057351075088475e-08,6.754272915784103e-13,8.218438364911002e-07
Steepest Descent,4430,4431,5.587710831373124e-08,6.726713648831568e-13,8.20165449700947e-07
Steepest Descent,4431,4432,5.184410226600037e-08,6.699267277173726e-13,8.18490517793195e-07
Steepest Descent,4432,4433,5.564821719778757e-08,6.671933335217592e-13,8.168190335207421e-07
Steepest Descent,4433,4434,5.163173598049321e-08,6.644711360789177e-13,8.151509897429541e-07
Steepest Descent,4434,4435,5.542027330477823e-08,6.617600892131607e-13,8.134863792425542e-07
Steepest Descent,4435,4436,5.142024842308216e-08,6.590601470902561e-13,8.118251949097514e-07
Steepest Descent,4436,4437,5.519327259630355e-08,6.56371263920622e-13,8.101674295604717e-07
Steepest Descent,4437,4438,5.120963613417606e-08,6.536933942442891e-13,8.085130761121238e-07
Steepest Descent,4438,4439,5.496721123108569e-08,6.510264926515105e-13,8.06862127411809e-07
Steepest Descent,4439,4440,5.099989520448285e-08,6.483705140586232e-13,8.052145764071979e-07
Steepest Descent,4440,4441,5.474208520372976e-08,6.457254134295246e-13,8.035704159745583e-07
Steepest Descent,4441,4442,5.079102203970946e-08,6.430911460555154e-13,8.019296390928044e-07
Steepest Descent,4442,4443,5.451789054813268e-08,6.404676672725754e-13,8.002922386682101e-07
Steepest Descent,4443,4444,5.05830130868604e-08,6.378549327420403e-13,7.986582077096812e-07
Steepest Descent,4444,4445,5.429462343901095e-08,6.352528981717373e-13,7.970275391551644e-07
Steepest Descent,4445,4446,5.037586462980769e-08,6.326615195828678e-13,7.954002260389845e-07
Steepest Descent,4446,4447,5.407227995432213e-08,6.300807530596852e-13,7.937762613354503e-07
Steepest Descent,4447,4448,5.01695728906366e-08,6.275105549718344e-13,7.921556380988741e-07
Steepest Descent,4448,4449,5.3850856131079266e-08,6.249508817835595e-13,7.905383493440147e-07
Steepest Descent,4449,4450,4.996413456827816e-08,6.22401690212069e-13,7.889243881463349e-07
Steepest Descent,4450,4451,5.363034814727809e-08,6.198629370925585e-13,7.873137475571975e-07
Steepest Descent,4451,4452,4.975954596293233e-08,6.173345794918925e-13,7.857064206762551e-07
Steepest Descent,4452,4453,5.3410752132704905e-08,6.148165746042934e-13,7.841024005857228e-07
Steepest Descent,4453,4454,4.9555803469300627e-08,6.123088798518273e-13,7.825016804146986e-07
Steepest Descent,4454,4455,5.3192064303801216e-08,6.098114527849658e-13,7.80904253276268e-07
Steepest Descent,4455,4456,4.935290355981647e-08,6.073242511716869e-13,7.793101123247964e-07
Steepest Descent,4456,4457,5.2974280807020975e-08,6.048472329215647e-13,7.777192507078403e-07
Steepest Descent,4457,4458,4.915084267171508e-08,6.023803561466213e-13,7.761316616055689e-07
Steepest Descent,4458,4459,5.2757397848883024e-08,5.999235790987583e-13,7.745473381909967e-07
Steepest Descent,4459,4460,4.8949617302193766e-08,5.974768602480805e-13,7.729662736808639e-07
Steepest Descent,4460,4461,5.254141169589808e-08,5.950401581854845e-13,7.713884612732319e-07
Steepest Descent,4461,4462,4.8749223908734404e-08,5.926134317235394e-13,7.698138942131009e-07
Steepest Descent,4462,4463,5.232631854953906e-08,5.901966398006718e-13,7.68242565730819e-07
Steepest Descent,4463,4464,4.854965905973329e-08,5.877897415605696e-13,7.666744690940017e-07
Steepest Descent,4464,4465,5.211211463971886e-08,5.853926962900037e-13,7.651095975675666e-07
Steepest Descent,4465,4466,4.8350919178019324e-08,5.830054634637596e-13,7.635479444434117e-07
Steepest Descent,4466,4467,5.18987961719379e-08,5.806280027092955e-13,7.619895030177879e-07
Steepest Descent,4467,4468,4.815300089601607e-08,5.782602738365286e-13,7.604342666112098e-07
Steepest Descent,4468,4469,5.168635953136684e-08,5.759022368018943e-13,7.588822285453089e-07
Steepest Descent,4469,4470,4.795590076787183e-08,5.735538517515809e-13,7.573333821716701e-07
Steepest Descent,4470,4471,5.147480103855403e-08,5.712150789713425e-13,7.557877208392199e-07
Steepest Descent,4471,4472,4.7759615244878315e-08,5.688858789329411e-13,7.542452379252659e-07
Steepest Descent,4472,4473,5.12641169266137e-08,5.665662122585243e-13,7.527059268124068e-07
Steepest Descent,4473,4474,4.7564140994966715e-08,5.642560397419864e-13,7.511697809030834e-07
Steepest Descent,4474,4475,5.105430357735727e-08,5.619553223261543e-13,7.496367936048459e-07
Steepest Descent,4475,4476,4.736947460461669e-08,5.596640211362567e-13,7.48106958353053e-07
Steepest Descent,4476,4477,5.0845357238282486e-08,5.573820974352308e-13,7.465802685815041e-07
Steepest Descent,4477,4478,4.717561273845952e-08,5.551095126733784e-13,7.450567177560233e-07
Steepest Descent,4478,4479,5.063727440529665e-08,5.528462284244286e-13,7.435362993320692e-07
Steepest Descent,4479,4480,4.698255183582699e-08,5.505922064613609e-13,7.420190068059987e-07
Steepest Descent,4480,4481,5.043005136662509e-08,5.483474086768358e-13,7.405048336620334e-07
Steepest Descent,4481,4482,4.679028873961929e-08,5.461117971610304e-13,7.389937734250746e-07
Steepest Descent,4482,4483,5.022368453460377e-08,5.438853341156568e-13,7.374858196031004e-07
Steepest Descent,4483,4484,4.659882001781939e-08,5.416679819485249e-13,7.359809657515097e-07
Steepest Descent,4484,4485,5.001817042208346e-08,5.394597031747701e-13,7.344792054066406e-07
Steepest Descent,4485,4486,4.6408142275151466e-08,5.372604605020463e-13,7.329805321439625e-07
Steepest Descent,4486,4487,4.981350522767626e-08,5.350702167710502e-13,7.314849395380947e-07
Steepest Descent,4487,4488,4.621825233247656e-08,5.328889349875787e-13,7.299924211850275e-07
Steepest Descent,4488,4489,4.9609685588486756e-08,5.307165783003765e-13,7.285029706874066e-07
Steepest Descent,4489,4490,4.602914676101981e-08,5.285531100216261e-13,7.270165816689645e-07
Steepest Descent,4490,4491,4.940670785665096e-08,5.263984936025324e-13,7.255332477581798e-07
Steepest Descent,4491,4492,4.584082235655807e-08,5.24252692659327e-13,7.240529626065532e-07
Steepest Descent,4492,4493,4.920456859559973e-08,5.221156709486877e-13,7.225757198721028e-07
Steepest Descent,4493,4494,4.5653275774372115e-08,5.199873923799963e-13,7.211015132281975e-07
Steepest Descent,4494,4495,4.900326420293869e-08,5.17867821014673e-13,7.196303363635201e-07
Steepest Descent,4495,4496,4.546650385923156e-08,5.157569210606257e-13,7.181621829786261e-07
Steepest Descent,4496,4497,4.8802791123601344e-08,5.136546568696684e-13,7.166970467845311e-07
Steepest Descent,4497,4498,4.528050327384869e-08,5.115609929511759e-13,7.152349215126286e-07
Steepest Descent,4498,4499,4.8603146035628756e-08,5.094758939498042e-13,7.137758008995571e-07
Steepest Descent,4499,4500,4.509527075305736e-08,5.073993246678541e-13,7.123196787032169e-07
Steepest Descent,4500,4501,4.8404325243059084e-08,5.053312500382038e-13,7.108665486842125e-07
Steepest Descent,4501,4502,4.491080316292278e-08,5.032716351587647e-13,7.094164046304291e-07
Steepest Descent,4502,4503,4.820632558848043e-08,5.012204452506324e-13,7.07969240328019e-07
Steepest Descent,4503,4504,4.4727097242668397e-08,4.99177645697692e-13,7.065250495896745e-07
Steepest Descent,4504,4505,4.8009143425823665e-08,4.971432020089682e-13,7.050838262284622e-07
Steepest Descent,4505,4506,4.4544149821080264e-08,4.951170798532221e-13,7.036455640826722e-07
Steepest Descent,4506,4507,4.7812775438179855e-08,4.930992450294681e-13,7.022102569953447e-07
Steepest Descent,4507,4508,4.43619576829869e-08,4.910896634812451e-13,7.007778988247596e-07
Steepest Descent,4508,4509,4.761721808923109e-08,4.890883012959506e-13,6.993484834443773e-07
Steepest Descent,4509,4510,4.418051780931266e-08,4.870951246940944e-13,6.979220047355538e-07
Steepest Descent,4510,4511,4.742246795431935e-08,4.851101000449702e-13,6.964984565991299e-07
Steepest Descent,4511,4512,4.3999826842375094e-08,4.831331938514529e-13,6.950778329449535e-07
Steepest Descent,4512,4513,4.722852187054569e-08,4.811643727546695e-13,6.936601276955952e-07
Steepest Descent,4513,4514,4.3819881801110265e-08,4.792036035366536e-13,6.922453347886524e-07
Steepest Descent,4514,4515,4.703537621800634e-08,4.772508531108502e-13,6.90833448170288e-07
Steepest Descent,4515,4516,4.3640679492579716e-08,4.753060885379099e-13,6.894244618070278e-07
Steepest Descent,4516,4517,4.684302784385953e-08,4.733692770003682e-13,6.880183696678222e-07
Steepest Descent,4517,4518,4.346221678409048e-08,4.714403858355102e-13,6.866151657482598e-07
Steepest Descent,4518,4519,4.665147327928716e-08,4.695193824883302e-13,6.852148440367665e-07
Steepest Descent,4519,4520,4.3284490647880185e-08,4.676062345731874e-13,6.838173985598694e-07
Steepest Descent,4520,4521,4.646070940603771e-08,4.657009097992975e-13,6.824228233282483e-07
Steepest Descent,4521,4522,4.310749791578967e-08,4.638033760490761e-13,6.810311123943429e-07
Steepest Descent,4522,4523,4.6270732673002595e-08,4.619136013024365e-13,6.79642259797341e-07
Steepest Descent,4523,4524,4.2931235566016686e-08,4.600315536988036e-13,6.782562596090091e-07
Steepest Descent,4524,4525,4.6081539782783107e-08,4.581572014864148e-13,6.768731058968251e-07
Steepest Descent,4525,4526,4.275570055824368e-08,4.562905130704025e-13,6.754927927597765e-07
Steepest Descent,4526,4527,4.5893127607445526e-08,4.544314569549443e-13,6.741153142860234e-07
Steepest Descent,4527,4528,4.258088976684752e-08,4.525800018098404e-13,6.727406646025201e-07
Steepest Descent,4528,4529,4.5705492826023323e-08,4.507361163964897e-13,6.713688378205304e-07
Steepest Descent,4529,4530,4.2406800288897924e-08,4.488997696458129e-13,6.699998280938681e-07
Steepest Descent,4530,4531,4.551863218461902e-08,4.470709305739815e-13,6.686336295565617e-07
Steepest Descent,4531,4532,4.223342899641244e-08,4.452495683694965e-13,6.672702363881492e-07
Steepest Descent,4532,4533,4.533254235929915e-08,4.434356523022444e-13,6.659096427461044e-07
Steepest Descent,4533,4534,4.206077296298886e-08,4.4162915182124226e-13,6.645518428393997e-07
Steepest Descent,4534,4535,4.51472202821948e-08,4.3983003644213674e-13,6.63196830844461e-07
Steepest Descent,4535,4536,4.188882914560524e-08,4.3803827586855614e-13,6.618446009967567e-07
Steepest Descent,4536,4537,4.496266258164713e-08,4.3625383986535666e-13,6.604951474956925e-07
Steepest Descent,4537,4538,4.171759456267092e-08,4.344766983908103e-13,6.591484646047582e-07
Steepest Descent,4538,4539,4.477886617404924e-08,4.327068214546843e-13,6.578045465445525e-07
Steepest Descent,4539,4540,4.154706622712417e-08,4.309441792646571e-13,6.564633876041047e-07
Steepest Descent,4540,4541,4.459582783244819e-08,4.291887420792339e-13,6.55124982029562e-07
Steepest Descent,4541,4542,4.137724119236337e-08,4.27440480348953e-13,6.537893241319814e-07
Steepest Descent,4542,4543,4.441354442340704e-08,4.2569936457652866e-13,6.52456408181059e-07
Steepest Descent,4543,4544,4.120811655955272e-08,4.239653654604272e-13,6.51126228515199e-07
Steepest Descent,4544,4545,4.423201266424041e-08,4.222384537432927e-13,6.497987794258255e-07
Steepest Descent,4545,4546,4.103968941600795e-08,4.205186003660985e-13,6.484740552759983e-07
Steepest Descent,4546,4547,4.4051229568284673e-08,4.188057763134052e-13,6.471520503818288e-07
Steepest Descent,4547,4548,4.0871956781952616e-08,4.170999527639698e-13,6.458327591288396e-07
Steepest Descent,4548,4549,4.387119191713634e-08,4.154011009427025e-13,6.445161758580637e-07
Steepest Descent,4549,4550,4.0704915740595365e-08,4.1370919226255175e-13,6.432022949761231e-07
Steepest Descent,4550,4551,4.369189660625471e-08,4.1202419819087254e-13,6.418911108520451e-07
Steepest Descent,4551,4552,4.053856344950625e-08,4.103460903731859e-13,6.405826179137128e-07
Steepest Descent,4552,4553,4.351334049950082e-08,4.0867484051179983e-13,6.392768105537693e-07
Steepest Descent,4553,4554,4.037289706539127e-08,4.0701042048855264e-13,6.379736832256896e-07
Steepest Descent,4554,4555,4.3335520595478976e-08,4.053528022364299e-13,6.36673230343816e-07
Steepest Descent,4555,4556,4.0207913649824355e-08,4.0370195786921827e-13,6.353754463852205e-07
Steepest Descent,4556,4557,4.31584337045956e-08,4.0205785954861915e-13,6.340803257857944e-07
Steepest Descent,4557,4558,4.00436103339101e-08,4.004204796250923e-13,6.327878630513486e-07
Steepest Descent,4558,4559,4.298207683681504e-08,3.987897904826193e-13,6.314980526356508e-07
Steepest Descent,4559,4560,3.9879984332068975e-08,3.971657647040448e-13,6.30210889071305e-07
Steepest Descent,4560,4561,4.280644698017029e-08,3.9554837489718306e-13,6.289263668325435e-07
Steepest Descent,4561,4562,3.9717032789726623e-08,3.939375938735016e-13,6.276444804772058e-07
Steepest Descent,4562,4563,4.263154094089546e-08,3.923333944651481e-13,6.263652245017662e-07
Steepest Descent,4563,4564,3.955475289974913e-08,3.907357497090632e-13,6.250885934882055e-07
Steepest Descent,4564,4565,4.245735595866191e-08,3.891446326623397e-13,6.238145819571226e-07
Steepest Descent,4565,4566,3.93931417987357e-08,3.8756001657882944e-13,6.225431845091787e-07
Steepest Descent,4566,4567,4.2283888763301306e-08,3.859818747435468e-13,6.212743956928748e-07
Steepest Descent,4567,4568,3.9232196774971996e-08,3.8441018062554995e-13,6.200082101275353e-07
Steepest Descent,4568,4569,4.211113644124049e-08,3.828449077307329e-13,6.187446223853044e-07
Steepest Descent,4569,4570,3.90719149785585e-08,3.8128602974856567e-13,6.174836271097119e-07
Steepest Descent,4570,4571,4.193909603010151e-08,3.7973352040409794e-13,6.162252188965476e-07
Steepest Descent,4571,4572,3.8912293673406925e-08,3.781873536004465e-13,6.149693924094487e-07
Steepest Descent,4572,4573,4.1767764533992934e-08,3.766475032828825e-13,6.137161422700909e-07
Steepest Descent,4573,4574,3.875333009326727e-08,3.751139435648435e-13,6.124654631608573e-07
Steepest Descent,4574,4575,4.1597139040749e-08,3.7358664861031603e-13,6.11217349729469e-07
Steepest Descent,4575,4576,3.859502151122878e-08,3.7206559274156225e-13,6.099717966771597e-07
Steepest Descent,4576,4577,4.142721650532272e-08,3.7055075033958294e-13,6.087287986776894e-07
Steepest Descent,4577,4578,3.843736512033545e-08,3.690420959336347e-13,6.074883504509652e-07
Steepest Descent,4578,4579,4.1257994010517796e-08,3.675396041189828e-13,6.062504466959038e-07
Steepest Descent,4579,4580,3.828035836401093e-08,3.6604324963966276e-13,6.050150821588356e-07
Steepest Descent,4580,4581,4.108946862672526e-08,3.645530072867726e-13,6.037822515499876e-07
Steepest Descent,4581,4582,3.8123998345924004e-08,3.6306885202143573e-13,6.025519496453694e-07
Steepest Descent,4582,4583,4.092163754461693e-08,3.615907588418308e-13,6.013241711771038e-07
Steepest Descent,4583,4584,3.796828244871434e-08,3.6011870291481387e-13,6.00098910942866e-07
Steepest Descent,4584,4585,4.075449780795087e-08,3.5865265944058215e-13,5.988761636937825e-07
Steepest Descent,4585,4586,3.781320797566399e-08,3.5719260379702973e-13,5.976559242549425e-07
Steepest Descent,4586,4587,4.0588046519897395e-08,3.5573851138140075e-13,5.964381873936315e-07
Steepest Descent,4587,4588,3.765877222984665e-08,3.542903577791148e-13,5.952229479607745e-07
Steepest Descent,4588,4589,4.042228081968842e-08,3.528481185898604e-13,5.940102007456272e-07
Steepest Descent,4589,4590,3.7504972516107606e-08,3.514117695965226e-13,5.927999406178466e-07
Steepest Descent,4590,4591,4.0257197921073706e-08,3.4998128660537617e-13,5.915921623934653e-07
Steepest Descent,4591,4592,3.7351806238374474e-08,3.48556645591874e-13,5.90386860958028e-07
Steepest Descent,4592,4593,4.009279478808807e-08,3.4713782256478546e-13,5.891840311522245e-07
Steepest Descent,4593,4594,3.719927080885108e-08,3.4572479370122583e-13,5.879836678864693e-07
Steepest Descent,4594,4595,3.9929068630844306e-08,3.443175351965148e-13,5.867857660138961e-07
Steepest Descent,4595,4596,3.704736349211485e-08,3.4291602343411907e-13,5.855903204750904e-07
Steepest Descent,4596,4597,3.9766016725123636e-08,3.4152023480100294e-13,5.843973261412161e-07
Steepest Descent,4597,4598,3.689608161795676e-08,3.4013014587800984e-13,5.832067779767393e-07
Steepest Descent,4598,4599,3.960363627402449e-08,3.387457332430869e-13,5.82018670871551e-07
Steepest Descent,4599,4600,3.674542275534313e-08,3.3736697366961557e-13,5.808329998111467e-07
Steepest Descent,4600,4601,3.94419243924158e-08,3.359938439304574e-13,5.796497597087894e-07
Steepest Descent,4601,4602,3.659538412437635e-08,3.346263209882121e-13,5.784689455694334e-07
Steepest Descent,4602,4603,3.928087828012569e-08,3.332643818098723e-13,5.772905523303428e-07
Steepest Descent,4603,4604,3.644596325740046e-08,3.3190800354312016e-13,5.761145750136167e-07
Steepest Descent,4604,4605,3.9120495181937335e-08,3.305571633462233e-13,5.749410085793353e-07
Steepest Descent,4605,4606,3.629715755528293e-08,3.292118385590455e-13,5.737698480741607e-07
Steepest Descent,4606,4607,3.89607723975719e-08,3.2787200652109763e-13,5.726010884735529e-07
Steepest Descent,4607,4608,3.614896434971953e-08,3.265376447616313e-13,5.714347248475815e-07
Steepest Descent,4608,4609,3.880170712403463e-08,3.252087308082777e-13,5.702707521943218e-07
Steepest Descent,4609,4610,3.6001381236853955e-08,3.2388524237250237e-13,5.691091656022615e-07
Steepest Descent,4610,4611,3.864329655312054e-08,3.2256715716903066e-13,5.679499600924632e-07
Steepest Descent,4611,4612,3.585440558598714e-08,3.2125445308837784e-13,5.667931307702819e-07
Steepest Descent,4612,4613,3.848553805742571e-08,3.199471080348883e-13,5.656386726832672e-07
Steepest Descent,4613,4614,3.570803495117008e-08,3.186451000794968e-13,5.644865809560903e-07
Steepest Descent,4614,4615,3.8328428871907104e-08,3.1734840730261706e-13,5.633368506520916e-07
Steepest Descent,4615,4616,3.5562266668470914e-08,3.1605700796017553e-13,5.621894769205268e-07
Steepest Descent,4616,4617,3.817196626171626e-08,3.147708803122832e-13,5.610444548449643e-07
Steepest Descent,4617,4618,3.541709835760451e-08,3.1349000279560997e-13,5.599017795967521e-07
Steepest Descent,4618,4619,3.801614754764167e-08,3.1221435384276884e-13,5.587614462744981e-07
Steepest Descent,4619,4620,3.527252741946108e-08,3.1094391207493233e-13,5.57623450076243e-07
Steepest Descent,4620,4621,3.786097010841955e-08,3.0967865610027065e-13,5.564877861195793e-07
Steepest Descent,4621,4622,3.512855133972285e-08,3.0841856471223345e-13,5.553544496195501e-07
Steepest Descent,4622,4623,3.770643125228933e-08,3.071636167004114e-13,5.542234357192155e-07
Steepest Descent,4623,4624,3.4985167754680186e-08,3.0591379102687313e-13,5.53094739648528e-07
Steepest Descent,4624,4625,3.755252825409186e-08,3.0466906665894383e-13,5.519683565739469e-07
Steepest Descent,4625,4626,3.484237419413825e-08,3.034294227300472e-13,5.508442817439853e-07
Steepest Descent,4626,4627,3.73992584638499e-08,3.0219483838261864e-13,5.49722510347374e-07
Steepest Descent,4627,4628,3.470016811561167e-08,3.009652929175111e-13,5.486030376488186e-07
Steepest Descent,4628,4629,3.724661935274723e-08,2.9974076565703167e-13,5.47485858864895e-07
Steepest Descent,4629,4630,3.4558547074251097e-08,2.9852123606146095e-13,5.463709692703858e-07
Steepest Descent,4630,4631,3.709460818462993e-08,2.973066836315347e-13,5.452583641096528e-07
Steepest Descent,4631,4632,3.44175087024825e-08,2.960970879939311e-13,5.441480386750751e-07
Steepest Descent,4632,4633,3.694322235774163e-08,2.948924288151269e-13,5.43039988228424e-07
Steepest Descent,4633,4634,3.4277050517664225e-08,2.9369268589184055e-13,5.419342080841922e-07
Steepest Descent,4634,4635,3.6792459275278025e-08,2.924978390587487e-13,5.40830693525015e-07
Steepest Descent,4635,4636,3.413717013999371e-08,2.913078682768219e-13,5.397294398833752e-07
Steepest Descent,4636,4637,3.6642316359939735e-08,2.901227535445602e-13,5.386304424599116e-07
Steepest Descent,4637,4638,3.3997865108414676e-08,2.8894247499163075e-13,5.375336966103899e-07
Steepest Descent,4638,4639,3.649279101360171e-08,2.877670127796031e-13,5.364391976539401e-07
Steepest Descent,4639,4640,3.3859133065955125e-08,2.8659634719858976e-13,5.353469409631382e-07
Steepest Descent,4640,4641,3.6343880691237925e-08,2.8543045857914995e-13,5.342569218822999e-07
Steepest Descent,4641,4642,3.3720971654745326e-08,2.8426932736873213e-13,5.331691357990747e-07
Steepest Descent,4642,4643,3.6195582769392664e-08,2.831129340610717e-13,5.320835780787372e-07
Steepest Descent,4643,4644,3.358337842197796e-08,2.819612592613823e-13,5.310002441255392e-07
Steepest Descent,4644,4645,3.6047894821836734e-08,2.8081428362971223e-13,5.299191293298555e-07
Steepest Descent,4645,4646,3.344635101296073e-08,2.7967198792454787e-13,5.288402291094616e-07
Steepest Descent,4646,4647,3.5900814220905384e-08,2.785343529710279e-13,5.277635388798926e-07
Steepest Descent,4647,4648,3.330988714172646e-08,2.774013596800753e-13,5.266890540727757e-07
Steepest Descent,4648,4649,3.5754338363894e-08,2.7627298903733087e-13,5.256167701256599e-07
Steepest Descent,4649,4650,3.317398443060956e-08,2.7514922210840524e-13,5.245466824872742e-07
Steepest Descent,4650,4651,3.5608464858067873e-08,2.7403004003876327e-13,5.234787866177227e-07
Steepest Descent,4651,4652,3.303864049785054e-08,2.729154240454164e-13,5.224130779808411e-07
Steepest Descent,4652,4653,3.546319111727078e-08,2.718053554319952e-13,5.213495520588803e-07
Steepest Descent,4653,4654,3.2903853084600695e-08,2.706998155685934e-13,5.202882043335149e-07
Steepest Descent,4654,4655,3.5318514693003636e-08,2.6959878591330617e-13,5.192290303067676e-07
Steepest Descent,4655,4656,3.2769619852233944e-08,2.6850224798626137e-13,5.181720254763483e-07
Steepest Descent,4656,4657,3.5174433103069335e-08,2.6741018340290266e-13,5.171171853679808e-07
Steepest Descent,4657,4658,3.263593842013856e-08,2.6632257382929335e-13,5.160645054925724e-07
Steepest Descent,4658,4659,3.503094381815241e-08,2.6523940103834916e-13,5.150139814008443e-07
Steepest Descent,4659,4660,3.250280659070391e-08,2.6416064684068753e-13,5.139656086166539e-07
Steepest Descent,4660,4661,3.4888044373497486e-08,2.6308629316305444e-13,5.129193827133601e-07
Steepest Descent,4661,4662,3.237022208175116e-08,2.620163219647554e-13,5.118752992328848e-07
Steepest Descent,4662,4663,3.47457323951411e-08,2.609507153191607e-13,5.108333537653553e-07
Steepest Descent,4663,4664,3.223818255431857e-08,2.5988945533461773e-13,5.097935418722149e-07
Steepest Descent,4664,4665,3.460400539478946e-08,2.5883252423311347e-13,5.087558591634238e-07
Steepest Descent,4665,4666,3.2106685733807724e-08,2.577799042682474e-13,5.077203012173606e-07
Steepest Descent,4666,4667,3.446286096319939e-08,2.5673157780912046e-13,5.066868636634667e-07
Steepest Descent,4667,4668,3.197572947573072e-08,2.5568752725544085e-13,5.056555420990072e-07
Steepest Descent,4668,4669,3.4322296583010775e-08,2.546477351182123e-13,5.046263321688755e-07
Steepest Descent,4669,4670,3.184531135556238e-08,2.536121839445506e-13,5.035992294916173e-07
Steepest Descent,4670,4671,3.4182309897405736e-08,2.5258085638918895e-13,5.025742297304836e-07
Steepest Descent,4671,4672,3.171542930531629e-08,2.515537351415151e-13,5.01551328521334e-07
Steepest Descent,4672,4673,3.404289852176754e-08,2.5053080299858394e-13,5.005305215454737e-07
Steepest Descent,4673,4674,3.158608098219643e-08,2.495120427921188e-13,4.995118044572308e-07
Steepest Descent,4674,4675,3.390406000859657e-08,2.4849743745999633e-13,4.984951729555627e-07
Steepest Descent,4675,4676,3.145726423174766e-08,2.474869699777328e-13,4.974806227158327e-07
Steepest Descent,4676,4677,3.37657921228931e-08,2.4648062341762503e-13,4.964681494493126e-07
Steepest Descent,4677,4678,3.132897674884041e-08,2.4547838090064453e-13,4.954577488551818e-07
Steepest Descent,4678,4679,3.362809236558837e-08,2.444802256355714e-13,4.944494166601588e-07
Steepest Descent,4679,4680,3.120121643371065e-08,2.4348614088169685e-13,4.934431485811682e-07
Steepest Descent,4680,4681,3.349095834624901e-08,2.424961099868459e-13,4.924389403640272e-07
Steepest Descent,4681,4682,3.107398099123294e-08,2.4151011634603413e-13,4.91436787741856e-07
Steepest Descent,4682,4683,3.335438780113013e-08,2.4052814344609723e-13,4.904366864806273e-07
Steepest Descent,4683,4684,3.094726835537691e-08,2.3955017481583647e-13,4.89438632328749e-07
Steepest Descent,4684,4685,3.3218378345381e-08,2.385761940824676e-13,4.884426210748479e-07
Steepest Descent,4685,4686,3.0821076291640835e-08,2.3760618490464273e-13,4.874486484796554e-07
Steepest Descent,4686,4687,3.308292769239898e-08,2.366401310420608e-13,4.864567103474478e-07
Steepest Descent,4687,4688,3.069540263221338e-08,2.356780162936639e-13,4.854668024630148e-07
Steepest Descent,4688,4689,3.294803342527942e-08,2.3471982455241954e-13,4.844789206481738e-07
Steepest Descent,4689,4690,3.057024525901607e-08,2.337655397458956e-13,4.834930607008705e-07
Steepest Descent,4690,4691,3.281369328004563e-08,2.328151459012293e-13,4.825092184624344e-07
Steepest Descent,4691,4692,3.044560195926819e-08,2.318686270775972e-13,4.815273897480778e-07
Steepest Descent,4692,4693,3.267990503037939e-08,2.309259674359343e-13,4.805475704193439e-07
Steepest Descent,4693,4694,3.03214706967356e-08,2.299871511619491e-13,4.795697563044912e-07
Steepest Descent,4694,4695,3.254666621368627e-08,2.2905216254840875e-13,4.785939432842926e-07
Steepest Descent,4695,4696,3.019784924725377e-08,2.281209859111761e-13,4.776201272048489e-07
Steepest Descent,4696,4697,3.2413974653567836e-08,2.271936056714346e-13,4.76648303963661e-07
Steepest Descent,4697,4698,3.0074735568446333e-08,2.2627000627619754e-13,4.756784694267731e-07
Steepest Descent,4698,4699,3.228182808711413e-08,2.2535017227118416e-13,4.747106195053826e-07
Steepest Descent,4699,4700,2.9952127458239716e-08,2.2443408823124957e-13,4.737447500830479e-07
Steepest Descent,4700,4701,3.215022422378421e-08,2.235217388297814e-13,4.727808570889703e-07
Steepest Descent,4701,4702,2.9830022909707486e-08,2.2261310877026766e-13,4.7181893642611216e-07
Steepest Descent,4702,4703,3.2019160780898086e-08,2.2170818284867048e-13,4.7085898403733413e-07
Steepest Descent,4703,4704,2.9708419744422342e-08,2.2080694589461414e-13,4.699009958433948e-07
Steepest Descent,4704,4705,3.188863562208881e-08,2.1990938283071773e-13,4.689449678061571e-07
Steepest Descent,4705,4706,2.9587315981236378e-08,2.190154786093454e-13,4.679908958616026e-07
Steepest Descent,4706,4707,3.1758646372601925e-08,2.1812521827635e-13,4.6703877598797937e-07
Steepest Descent,4707,4708,2.9466709504946692e-08,2.172385869096879e-13,4.6608860414055165e-07
Steepest Descent,4708,4709,3.1629190844732915e-08,2.1635556967460503e-13,4.651403763108563e-07
Steepest Descent,4709,4710,2.9346598164589307e-08,2.1547615177475075e-13,4.6419408847458487e-07
Steepest Descent,4710,4711,3.150026690444029e-08,2.146003184957864e-13,4.632497366386584e-07
Steepest Descent,4711,4712,2.9226979980527223e-08,2.1372805516264723e-13,4.623073167954918e-07
Steepest Descent,4712,4713,3.1371872265708297e-08,2.1285934718265804e-13,4.613668249697392e-07
Steepest Descent,4713,4714,2.9107852931659656e-08,2.1199417999836946e-13,4.6042825716757375e-07
Steepest Descent,4714,4715,3.124400480123508e-08,2.111325391422038e-13,4.5949160943612864e-07
Steepest Descent,4715,4716,2.898921486389403e-08,2.1027441016815316e-13,4.5855687778960755e-07
Steepest Descent,4716,4717,3.111666223548428e-08,2.0941977873724096e-13,4.576240583024902e-07
Steepest Descent,4717,4718,2.8871063881292744e-08,2.0856863051126057e-13,4.566931469939751e-07
Steepest Descent,4718,4719,3.0989842419524895e-08,2.0772095127854732e-13,4.5576413996556084e-07
Steepest Descent,4719,4720,2.8753397949104302e-08,2.0687672681276674e-13,4.5483703324681767e-07
Steepest Descent,4720,4721,3.086354319306514e-08,2.0603594302018628e-13,4.539118229570433e-07
Steepest Descent,4721,4722,2.8636214942333075e-08,2.0519858578810566e-13,4.5298850513904396e-07
Steepest Descent,4722,4723,3.0737762386138065e-08,2.0436464114697422e-13,4.5206707593782384e-07
Steepest Descent,4723,4724,2.8519512932363824e-08,2.0353409509016427e-13,4.511475314020506e-07
Steepest Descent,4724,4725,3.061249788697811e-08,2.0270693376985871e-13,4.502298677007764e-07
Steepest Descent,4725,4726,2.840328991575762e-08,2.0188314328615667e-13,4.4931408089014594e-07
Steepest Descent,4726,4727,3.048774749622247e-08,2.010627099156547e-13,4.484001671672912e-07
Steepest Descent,4727,4728,2.828754393545855e-08,2.0024561986391883e-13,4.474881225953587e-07
Steepest Descent,4728,4729,3.0363508976415524e-08,1.9943185952218398e-13,4.4657794338971104e-07
Steepest Descent,4729,4730,2.8172273032710996e-08,1.9862141521199484e-13,4.4566962563315306e-07
Steepest Descent,4730,4731,3.0239780414094967e-08,1.9781427343150088e-13,4.447631655516235e-07
Steepest Descent,4731,4732,2.8057475108031922e-08,1.970104206167626e-13,4.4385855924693236e-07
Steepest Descent,4732,4733,3.011655957318385e-08,1.9620984337911558e-13,4.429558029635864e-07
Steepest Descent,4733,4734,2.7943148320559958e-08,1.9541252826398676e-13,4.420548928176078e-07
Steepest Descent,4734,4735,2.9993844385086463e-08,1.946184619891984e-13,4.4115582506547317e-07
Steepest Descent,4735,4736,2.7829290608409268e-08,1.93827631212941e-13,4.4025859584219473e-07
Steepest Descent,4736,4737,2.987163274175222e-08,1.9304002276695762e-13,4.3936320142560595e-07
Steepest Descent,4737,4738,2.7715900161682386e-08,1.922556234110056e-13,4.3846963795798403e-07
Steepest Descent,4738,4739,2.974992255757366e-08,1.914744200849484e-13,4.375779017328782e-07
Steepest Descent,4739,4740,2.7602974978213288e-08,1.9069639966366165e-13,4.366879889161844e-07
Steepest Descent,4740,4741,2.9628711749222156e-08,1.8992154919127083e-13,4.357998958137448e-07
Steepest Descent,4741,4742,2.7490513042719175e-08,1.8914985564646802e-13,4.3491361860312903e-07
Steepest Descent,4742,4743,2.950799827476893e-08,1.8838130618412635e-13,4.340291536108218e-07
Steepest Descent,4743,4744,2.737851252930195e-08,1.8761588788715123e-13,4.331464970274505e-07
Steepest Descent,4744,4745,2.9387779967487068e-08,1.8685358801751144e-13,4.3226564519692216e-07
Steepest Descent,4745,4746,2.7266971497362575e-08,1.8609439376262458e-13,4.313865943241915e-07
Steepest Descent,4746,4747,2.9268054930001967e-08,1.8533829249008215e-13,4.305093407698399e-07
Steepest Descent,4747,4748,2.715588799271492e-08,1.8458527149066055e-13,4.296338807527411e-07
Steepest Descent,4748,4749,2.9148820981976344e-08,1.8383531823764853e-13,4.2876021065118496e-07
Steepest Descent,4749,4750,2.7045260271635795e-08,1.8308842012487313e-13,4.2788832669853607e-07
Steepest Descent,4750,4751,2.9030076170359403e-08,1.8234456472756007e-13,4.2701822528735237e-07
Steepest Descent,4751,4752,2.693508632719337e-08,1.8160373954283644e-13,4.2614990266669826e-07
Steepest Descent,4752,4753,2.8911818349341513e-08,1.8086593224878865e-13,4.2528335524540413e-07
Steepest Descent,4753,4754,2.6825364270845916e-08,1.8013113044513275e-13,4.244185792883397e-07
Steepest Descent,4754,4755,2.879404569542611e-08,1.7939932191026146e-13,4.235555712185373e-07
Steepest Descent,4755,4756,2.6716092270355617e-08,1.7867049434525436e-13,4.226943273161521e-07
Steepest Descent,4756,4757,2.867675603187716e-08,1.7794463562877437e-13,4.2183484401928483e-07
Steepest Descent,4757,4758,2.6607268352075578e-08,1.772217335616759e-13,4.209771176224141e-07
Steepest Descent,4758,4759,2.8559947472843284e-08,1.7650177612697416e-13,4.201211445844807e-07
Steepest Descent,4759,4760,2.6498890792008912e-08,1.7578475121923746e-13,4.1926692120800257e-07
Steepest Descent,4760,4761,2.8443617865749838e-08,1.750706469233439e-13,4.184144439707404e-07
Steepest Descent,4761,4762,2.6390957732158555e-08,1.7435945123175358e-13,4.1756370918909317e-07
Steepest Descent,4762,4763,2.832776537846714e-08,1.7365115232869622e-13,4.167147133575874e-07
Steepest Descent,4763,4764,2.62834672762592e-08,1.7294573830240417e-13,4.1586745280486203e-07
Steepest Descent,4764,4765,2.821238799443459e-08,1.7224319743478646e-13,4.1502192404111187e-07
Steepest Descent,4765,4766,2.617641756603427e-08,1.715435179123487e-13,4.1417812341111e-07
Steepest Descent,4766,4767,2.8097483690467925e-08,1.708466881132767e-13,4.133360474399453e-07
Steepest Descent,4767,4768,2.6069806853068625e-08,1.7015269631931204e-13,4.1249569248576647e-07
Steepest Descent,4768,4769,2.7983050541608013e-08,1.6946153100741466e-13,4.116570550924819e-07
Steepest Descent,4769,4770,2.596363323473976e-08,1.6877318055073043e-13,4.108201316278578e-07
Steepest Descent,4770,4771,2.78690865717224e-08,1.680876335228053e-13,4.099849186528759e-07
Steepest Descent,4771,4772,2.585789495649749e-08,1.6740487839293908e-13,4.091514125515627e-07
Steepest Descent,4772,4773,2.775558993541655e-08,1.6672490382667663e-13,4.0831960989729186e-07
Steepest Descent,4773,4774,2.5752590284723254e-08,1.6604769838764792e-13,4.074895070890144e-07
Steepest Descent,4774,4775,2.7642558471022667e-08,1.6537325083450335e-13,4.066611007147147e-07
Steepest Descent,4775,4776,2.5647717272111857e-08,1.6470154982772318e-13,4.058343871922674e-07
Steepest Descent,4776,4777,2.752999051036662e-08,1.6403258421366478e-13,4.0500936311851454e-07
Steepest Descent,4777,4778,2.554327420976731e-08,1.6336634274713673e-13,4.0418602492804805e-07
Steepest Descent,4778,4779,2.7417883936226404e-08,1.6270281436473484e-13,4.0336436923051943e-07
Steepest Descent,4779,4780,2.543925929084534e-08,1.6204198791730494e-13,4.0254439248026413e-07
Steepest Descent,4780,4781,2.7306237044377346e-08,1.613838524291492e-13,4.0172609129747743e-07
Steepest Descent,4781,4782,2.5335670804986106e-08,1.6072839684125402e-13,4.0090946214981505e-07
Steepest Descent,4782,4783,2.7195047757659654e-08,1.6007561026907824e-13,4.0009450167314e-07
Steepest Descent,4783,4784,2.5232506867469738e-08,1.5942548174465608e-13,3.9928120635043176e-07
Steepest Descent,4784,4785,2.7084314194770442e-08,1.587780004725483e-13,3.984695728315379e-07
Steepest Descent,4785,4786,2.5129765800921746e-08,1.5813315557464134e-13,3.97659597614142e-07
Steepest Descent,4786,4787,2.6974034576411266e-08,1.5749093634341832e-13,3.968512773614547e-07
Steepest Descent,4787,4788,2.5027445833231233e-08,1.5685133198877962e-13,3.9604460858441137e-07
Steepest Descent,4788,4789,2.6864206917840244e-08,1.5621433189299568e-13,3.9523958796278955e-07
Steepest Descent,4789,4790,2.4925545249515e-08,1.5557992535471413e-13,3.944362120225704e-07
Steepest Descent,4790,4791,2.675482932684424e-08,1.5494810184113787e-13,3.93634477454831e-07
Steepest Descent,4791,4792,2.482406227827912e-08,1.543188507381956e-13,3.9283438079958784e-07
Steepest Descent,4792,4793,2.6645900109681804e-08,1.536921616016665e-13,3.920359187646796e-07
Steepest Descent,4793,4794,2.4722995171518233e-08,1.5306802390222613e-13,3.9123908790179196e-07
Steepest Descent,4794,4795,2.6537417182623935e-08,1.5244642728202009e-13,3.904438849335716e-07
Steepest Descent,4795,4796,2.462234225001241e-08,1.5182736129862208e-13,3.8965030642695775e-07
Steepest Descent,4796,4797,2.642937887102736e-08,1.5121081567965815e-13,3.8885834911913375e-07
Steepest Descent,4797,4798,2.4522101852776302e-08,1.5059678006530005e-13,3.8806800958762374e-07
Steepest Descent,4798,4799,2.6321783275272373e-08,1.499852442685875e-13,3.8727928458489415e-07
Steepest Descent,4799,4800,2.44222721291531e-08,1.4937619801392748e-13,3.864921707019787e-07
Steepest Descent,4800,4801,2.6214628588437753e-08,1.4876963120154881e-13,3.85706664709788e-07
Steepest Descent,4801,4802,2.4322851442631166e-08,1.4816553363422988e-13,3.8492276320611366e-07
Steepest Descent,4802,4803,2.6107912897108572e-08,1.4756389529809523e-13,3.8414046297948776e-07
Steepest Descent,4803,4804,2.4223838171992184e-08,1.4696470607928316e-13,3.833597606417282e-07
Steepest Descent,4804,4805,2.600163441517366e-08,1.463679560457351e-13,3.8258065299454846e-07
Steepest Descent,4805,4806,2.412523053942765e-08,1.457736351661166e-13,3.818031366635384e-07
Steepest Descent,4806,4807,2.589579150392559e-08,1.45181733591493e-13,3.8102720846613176e-07
Steepest Descent,4807,4808,2.402702690769622e-08,1.4459224136801352e-13,3.802528650359041e-07
Steepest Descent,4808,4809,2.5790382028569575e-08,1.440051487307084e-13,3.7948010320793945e-07
Steepest Descent,4809,4810,2.392922565507461e-08,1.4342044580908293e-13,3.787089196323252e-07
Steepest Descent,4810,4811,2.5685404560608972e-08,1.4283812291306368e-13,3.779393111506974e-07
Steepest Descent,4811,4812,2.3831824952844662e-08,1.4225817025715692e-13,3.7717127443266e-07
Steepest Descent,4812,4813,2.5580856929100348e-08,1.4168057822923217e-13,3.7640480633120526e-07
Steepest Descent,4813,4814,2.3734823302951723e-08,1.4110533712207272e-13,3.7563990352739777e-07
Steepest Descent,4814,4815,2.547673773284295e-08,1.405324374056089e-13,3.748765628918523e-07
Steepest Descent,4815,4816,2.363821903364095e-08,1.3996186944855568e-13,3.7411478111477454e-07
Steepest Descent,4816,4817,2.5373044978738566e-08,1.3939362380133635e-13,3.7335455508314925e-07
Steepest Descent,4817,4818,2.3542010415719012e-08,1.3882769091225097e-13,3.725958815019981e-07
Steepest Descent,4818,4819,2.52697769673602e-08,1.3826406140563496e-13,3.71838757266688e-07
Steepest Descent,4819,4820,2.344619588414614e-08,1.3770272581077843e-13,3.7108317909975174e-07
Steepest Descent,4820,4821,2.516693181989892e-08,1.3714367482615148e-13,3.703291439060008e-07
Steepest Descent,4821,4822,2.335077382750276e-08,1.365868990625295e-13,3.695766484269934e-07
Steepest Descent,4822,4823,2.5064507953360806e-08,1.360323892901533e-13,3.688256895745649e-07
Steepest Descent,4823,4824,2.3255742502542765e-08,1.354801361995869e-13,3.680762641078434e-07
Steepest Descent,4824,4825,2.4962503579082482e-08,1.3493013063523695e-13,3.673283689496864e-07
Steepest Descent,4825,4826,2.3161100380129365e-08,1.3438236336369978e-13,3.665820008725193e-07
Steepest Descent,4826,4827,2.4860916991479613e-08,1.3383682530608626e-13,3.658371568144579e-07
Steepest Descent,4827,4828,2.306684588471918e-08,1.332935073028512e-13,3.6509383355906083e-07
Steepest Descent,4828,4829,2.47597464075363e-08,1.3275240034927097e-13,3.6435202805703025e-07
Steepest Descent,4829,4830,2.2972977316177745e-08,1.3221349536215196e-13,3.6361173710725005e-07
Steepest Descent,4830,4831,2.4658990044592588e-08,1.3167678340845696e-13,3.628729576703904e-07
Steepest Descent,4831,4832,2.28794932046476e-08,1.3114225548185188e-13,3.621356865621667e-07
Steepest Descent,4832,4833,2.455864632055602e-08,1.306099027188088e-13,3.613999207509719e-07
Steepest Descent,4833,4834,2.2786391878527418e-08,1.3007971618958432e-13,3.6066565706979126e-07
Steepest Descent,4834,4835,2.4458713443989748e-08,1.2955168710121504e-13,3.599328924969417e-07
Steepest Descent,4835,4836,2.2693671667876558e-08,1.2902580660008262e-13,3.592016238828586e-07
Steepest Descent,4836,4837,2.4359189776201856e-08,1.2850206596506664e-13,3.584718482183317e-07
Steepest Descent,4837,4838,2.260133116260031e-08,1.279804564086741e-13,3.5774356235811444e-07
Steepest Descent,4838,4839,2.4260073550706048e-08,1.2746096928728587e-13,3.570167633141137e-07
Steepest Descent,4839,4840,2.2509368717412572e-08,1.2694359588412908e-13,3.562914479525562e-07
Steepest Descent,4840,4841,2.416136318685639e-08,1.2642832762404757e-13,3.555676132946413e-07
Steepest Descent,4841,4842,2.241778278955092e-08,1.259151558648855e-13,3.548452562242949e-07
Steepest Descent,4842,4843,2.4063056899085997e-08,1.2540407210008618e-13,3.5412437377295307e-07
Steepest Descent,4843,4844,2.2326571766619452e-08,1.2489506775699195e-13,3.534049628358265e-07
Steepest Descent,4844,4845,2.3965153050319103e-08,1.2438813439970576e-13,3.5268702045823255e-07
Steepest Descent,4845,4846,2.223573419566295e-08,1.2388326352688976e-13,3.5197054355001037e-07
Steepest Descent,4846,4847,2.3867649953038885e-08,1.2338044676758424e-13,3.512555291630072e-07
Steepest Descent,4847,4848,2.2145268471480634e-08,1.2287967569575469e-13,3.5054197422812956e-07
Steepest Descent,4848,4849,2.3770546073139557e-08,1.2238094200371166e-13,3.4982987580209846e-07
Steepest Descent,4849,4850,2.205517305570074e-08,1.2188423733778726e-13,3.49119230833518e-07
Steepest Descent,4850,4851,2.3673839623109397e-08,1.2138955345756298e-13,3.484100363904044e-07
Steepest Descent,4851,4852,2.196544639186035e-08,1.2089688207558412e-13,3.4770228943103624e-07
Steepest Descent,4852,4853,2.357752901613442e-08,1.2040621502103936e-13,3.46995987038812e-07
Steepest Descent,4853,4854,2.1876087026012985e-08,1.1991754407272966e-13,3.462911261824791e-07
Steepest Descent,4854,4855,2.3481612643233095e-08,1.1943086112836733e-13,3.4558770396003285e-07
Steepest Descent,4855,4856,2.1787093358640763e-08,1.1894615803181506e-13,3.448857173496969e-07
Steepest Descent,4856,4857,2.3386088894468622e-08,1.184634267499912e-13,3.44185163465817e-07
Steepest Descent,4857,4858,2.169846392708085e-08,1.1798265919097537e-13,3.434860392955955e-07
Steepest Descent,4858,4859,2.3290956020609317e-08,1.1750384738832444e-13,3.427883419667659e-07
Steepest Descent,4859,4860,2.16101972271611e-08,1.1702698331421925e-13,3.420920684760453e-07
Steepest Descent,4860,4861,2.3196212462358016e-08,1.165520590717226e-13,3.413972159694959e-07
Steepest Descent,4861,4862,2.1522291716633783e-08,1.160790666944931e-13,3.407037814502403e-07
Steepest Descent,4862,4863,2.3101856680009632e-08,1.1560799835332178e-13,3.4001176208084593e-07
Steepest Descent,4863,4864,2.143474603260925e-08,1.1513884614456283e-13,3.3932115487331887e-07
Steepest Descent,4864,4865,2.300788701325555e-08,1.146716023026707e-13,3.3863195700150726e-07
Steepest Descent,4865,4866,2.1347558575984904e-08,1.1420625899164337e-13,3.379441654943067e-07
Steepest Descent,4866,4867,2.2914301790227757e-08,1.1374280850532592e-13,3.372577775312616e-07
Steepest Descent,4867,4868,2.1260727892869133e-08,1.1328124307583433e-13,3.36572790159624e-07
Steepest Descent,4868,4869,2.282109957693114e-08,1.1282155505798315e-13,3.358892005676621e-07
Steepest Descent,4869,4870,2.1174252479523453e-08,1.1236373674717007e-13,3.3520700581457135e-07
Steepest Descent,4870,4871,2.2728278785066266e-08,1.1190778056155372e-13,3.345262031015713e-07
Steepest Descent,4871,4872,2.1088130896220308e-08,1.114536788601384e-13,3.3384678950102003e-07
Steepest Descent,4872,4873,2.2635837727692036e-08,1.1100142412200932e-13,3.3316876222420567e-07
Steepest Descent,4873,4874,2.1002361684154174e-08,1.1055100876625702e-13,3.3249211835208517e-07
Steepest Descent,4874,4875,2.2543774875066555e-08,1.1010242533740761e-13,3.318168551134912e-07
Steepest Descent,4875,4876,2.091694340820277e-08,1.0965566631472732e-13,3.3114296959882345e-07
Steepest Descent,4876,4877,2.2452088660718677e-08,1.0921072430325751e-13,3.304704590477907e-07
Steepest Descent,4877,4878,2.0831874545020865e-08,1.0876759184544128e-13,3.297993205654634e-07
Steepest Descent,4878,4879,2.2360777572342977e-08,1.0832626160543568e-13,3.291295514010185e-07
Steepest Descent,4879,4880,2.0747153758647927e-08,1.0788672618722558e-13,3.2846114867245035e-07
Steepest Descent,4880,4881,2.2269840047355176e-08,1.0744897831381265e-13,3.277941096386765e-07
Steepest Descent,4881,4882,2.0662779502813928e-08,1.0701301064936662e-13,3.271284314292578e-07
Steepest Descent,4882,4883,2.2179274497262108e-08,1.0657881597947452e-13,3.2646411131926044e-07
Steepest Descent,4883,4884,2.057875036993567e-08,1.0614638702544716e-13,3.2580114644587597e-07
Steepest Descent,4884,4885,2.2089079449505528e-08,1.0571571663211041e-13,3.2513953409591766e-07
Steepest Descent,4885,4886,2.049506506200537e-08,1.052867975799752e-13,3.2447927141802935e-07
Steepest Descent,4886,4887,2.1999253285593694e-08,1.0485962277369165e-13,3.238203557123789e-07
Steepest Descent,4887,4888,2.041172206664287e-08,1.0443418505245579e-13,3.231627841389782e-07
Steepest Descent,4888,4889,2.1909794524141744e-08,1.0401047737692375e-13,3.225065540061531e-07
Steepest Descent,4889,4890,2.0328719875129724e-08,1.035884926493415e-13,3.2185166249274133e-07
Steepest Descent,4890,4891,2.1820701741310167e-08,1.0316822388340284e-13,3.211981069112999e-07
Steepest Descent,4891,4892,2.0246057241941342e-08,1.0274966404008438e-13,3.205458844535122e-07
Steepest Descent,4892,4893,2.173197328275584e-08,1.0233280619039038e-13,3.198949924434429e-07
Steepest Descent,4893,4894,2.016373268204495e-08,1.019176433561608e-13,3.192454280896765e-07
Steepest Descent,4894,4895,2.1643607748525714e-08,1.0150416865979435e-13,3.185971887192264e-07
Steepest Descent,4895,4896,2.0081744811918844e-08,1.0109237518316552e-13,3.1795027155699287e-07
Steepest Descent,4896,4897,2.1555603596338314e-08,1.0068225610377442e-13,3.173046739393771e-07
Steepest Descent,4897,4898,2.0000092232001143e-08,1.0027380456184449e-13,3.166603931056811e-07
Steepest Descent,4898,4899,2.1467959358547956e-08,9.986701378965303e-14,3.160174264018568e-07
Steepest Descent,4899,4900,1.9918773499545544e-08,9.946187698216885e-14,3.15375771076614e-07
Steepest Descent,4900,4901,2.138067352898538e-08,9.90583874286052e-14,3.147354244895309e-07
Steepest Descent,4901,4902,1.9837787401864052e-08,9.865653837745404e-14,3.1409638389744956e-07
Steepest Descent,4902,4903,2.129374466411377e-08,9.825632317444892e-14,3.1345864667360657e-07
Steepest Descent,4903,4904,1.9757132446122822e-08,9.78577351228491e-14,3.1282221008561575e-07
Steepest Descent,4904,4905,2.120717123119004e-08,9.746076762298122e-14,3.121870715179942e-07
Steepest Descent,4905,4906,1.9676807317652165e-08,9.706541403362936e-14,3.115532282510154e-07
Steepest Descent,4906,4907,2.112095172544104e-08,9.667166780600355e-14,3.109206776751967e-07
Steepest Descent,4907,4908,1.959681058326402e-08,9.6279522356947e-14,3.1028941708821944e-07
Steepest Descent,4908,4909,2.1035084851011603e-08,9.5888971188516e-14,3.096594438871774e-07
Steepest Descent,4909,4910,1.9517140961454658e-08,9.550000777076036e-14,3.090307553800436e-07
Steepest Descent,4910,4911,2.0949569043300378e-08,9.511262566211928e-14,3.0840334898006424e-07
Steepest Descent,4911,4912,1.9437796993779344e-08,9.472681838380555e-14,3.0777722200287266e-07
Steepest Descent,4912,4913,2.086440286052009e-08,9.434257954708372e-14,3.0715237187279494e-07
Steepest Descent,4913,4914,1.9358777523684433e-08,9.395990272488855e-14,3.0652879591465556e-07
Steepest Descent,4914,4915,2.0779584913039056e-08,9.357878158335239e-14,3.0590649156785215e-07
Steepest Descent,4915,4916,1.9280081001465725e-08,9.319920974412958e-14,3.0528545616214597e-07
Steepest Descent,4916,4917,2.0695113642549602e-08,9.28211809299583e-14,3.046656871555415e-07
Steepest Descent,4917,4918,1.920170624061464e-08,9.244468881073716e-14,3.040471818825775e-07
Steepest Descent,4918,4919,2.061098767741878e-08,9.206972716196397e-14,3.034299378142571e-07
Steepest Descent,4919,4920,1.9123651924429062e-08,9.169628970480506e-14,3.028139522954731e-07
Steepest Descent,4920,4921,2.0527205683030655e-08,9.132437026566444e-14,3.021992228078432e-07
Steepest Descent,4921,4922,1.904591665880243e-08,9.09539626177443e-14,3.0158574670853445e-07
Steepest Descent,4922,4923,2.044376606660731e-08,9.058506063657849e-14,3.0097352148748646e-07
Steepest Descent,4923,4924,1.8968499148252807e-08,9.021765814834905e-14,3.003625445163712e-07
Steepest Descent,4924,4925,2.0360667617338387e-08,8.985174907533192e-14,2.997528132901039e-07
Steepest Descent,4925,4926,1.889139807681022e-08,8.948732729474856e-14,2.991443251922866e-07
Steepest Descent,4926,4927,2.0277908807187374e-08,8.912438678137448e-14,2.9853707773302545e-07
Steepest Descent,4927,4928,1.8814612186437413e-08,8.876292146052832e-14,2.9793106830360666e-07
Steepest Descent,4928,4929,2.0195488239244747e-08,8.840292535608567e-14,2.973262944243002e-07
Steepest Descent,4929,4930,1.8738140086901624e-08,8.804439244365604e-14,2.9672275349837265e-07
Steepest Descent,4930,4931,2.0113404563170858e-08,8.76873167959996e-14,2.961204430565367e-07
Steepest Descent,4931,4932,1.866198050223817e-08,8.733169243478949e-14,2.955193605075469e-07
Steepest Descent,4932,4933,2.0031656361265534e-08,8.697751348564916e-14,2.9491950339990934e-07
Steepest Descent,4933,4934,1.8586132188551864e-08,8.662477401761203e-14,2.943208691506805e-07
Steepest Descent,4934,4935,1.9950242235082167e-08,8.627346820350687e-14,2.937234553172539e-07
Steepest Descent,4935,4936,1.8510593881396643e-08,8.592359015971537e-14,2.9312725932556213e-07
Steepest Descent,4936,4937,1.986916077088827e-08,8.557513410825756e-14,2.9253227874588053e-07
Steepest Descent,4937,4938,1.84353643573656e-08,8.522809421491392e-14,2.9193851101715565e-07
Steepest Descent,4938,4939,1.97884107711025e-08,8.488246474559749e-14,2.913459537141326e-07
Steepest Descent,4939,4940,1.8360442108961106e-08,8.453823991474073e-14,2.907546042881191e-07
Steepest Descent,4940,4941,1.970799068626771e-08,8.419541403898844e-14,2.9016446033066904e-07
Steepest Descent,4941,4942,1.8285826136815475e-08,8.385398137457778e-14,2.895755192943246e-07
Steepest Descent,4942,4943,1.9627899240108754e-08,8.351393628568292e-14,2.889877787825688e-07
Steepest Descent,4943,4944,1.8211514964286694e-08,8.317527307745217e-14,2.8840123626200386e-07
Steepest Descent,4944,4945,1.954813503113417e-08,8.28379861592153e-14,2.8781588934458656e-07
Steepest Descent,4945,4946,1.8137507504388574e-08,8.250206988242712e-14,2.8723173550711127e-07
Steepest Descent,4946,4947,1.946869675078859e-08,8.216751870084245e-14,2.8664877236932736e-07
Steepest Descent,4947,4948,1.8063802365010275e-08,8.183432701273056e-14,2.860669974197138e-07
Steepest Descent,4948,4949,1.9389583048305895e-08,8.150248932030562e-14,2.854864082934696e-07
Steepest Descent,4949,4950,1.7990398435856412e-08,8.117200006325668e-14,2.849070024819619e-07
Steepest Descent,4950,4951,1.9310792582133845e-08,8.084285378944444e-14,2.843287776315377e-07
Steepest Descent,4951,4952,1.7917294428495967e-08,8.051504498639203e-14,2.837517312482728e-07
Steepest Descent,4952,4953,1.92323239698373e-08,8.01885682438162e-14,2.8317586098362303e-07
Steepest Descent,4953,4954,1.784448903918841e-08,7.986341809498522e-14,2.8260116435532465e-07
Steepest Descent,4954,4955,1.9154175950514102e-08,7.953958917386193e-14,2.8202763902472733e-07
Steepest Descent,4955,4956,1.7771981076071687e-08,7.921707605931763e-14,2.8145528252160704e-07
Steepest Descent,4956,4957,1.9076347177184777e-08,7.889587342771376e-14,2.808840925145348e-07
Steepest Descent,4957,4958,1.7699769413130075e-08,7.85759759029419e-14,2.803140665449058e-07
Steepest Descent,4958,4959,1.899883639062141e-08,7.825737820361954e-14,2.79745202288832e-07
Steepest Descent,4959,4960,1.7627852642986813e-08,7.794007499855257e-14,2.7917749729975116e-07
Steepest Descent,4960,4961,1.892164218223797e-08,7.762406104959976e-14,2.786109492636636e-07
Steepest Descent,4961,4962,1.7556229682755492e-08,7.730933106972653e-14,2.780455557453248e-07
Steepest Descent,4962,4963,1.884476337609368e-08,7.699587986169023e-14,2.7748131443700894e-07
Steepest Descent,4963,4964,1.7484899286998498e-08,7.668370218299539e-14,2.7691822291607204e-07
Steepest Descent,4964,4965,1.876819855508047e-08,7.637279287783916e-14,2.7635627888260316e-07
Steepest Descent,4965,4966,1.7413860186795883e-08,7.60631467466056e-14,2.7579547992417423e-07
Steepest Descent,4966,4967,1.869194648295504e-08,7.575475867575989e-14,2.7523582375076083e-07
Steepest Descent,4967,4968,1.7343111352020544e-08,7.544762350928598e-14,2.7467730796206293e-07
Steepest Descent,4968,4969,1.861600585506695e-08,7.514173617401798e-14,2.741199302750859e-07
Steepest Descent,4969,4970,1.7272651433692334e-08,7.483709155615595e-14,2.735636882997375e-07
Steepest Descent,4970,4971,1.85403753484001e-08,7.453368462318071e-14,2.730085797611143e-07
Steepest Descent,4971,4972,1.720247930547434e-08,7.423151030565035e-14,2.72454602283849e-07
Steepest Descent,4972,4973,1.8465053761236335e-08,7.393056360946615e-14,2.719017535976297e-07
Steepest Descent,4973,4974,1.7132593749959333e-08,7.363083950776557e-14,2.713500313391645e-07
Steepest Descent,4974,4975,1.8390039734811488e-08,7.333233304579683e-14,2.7079943324496973e-07
Steepest Descent,4975,4976,1.706299360475139e-08,7.303503923984655e-14,2.702499569654851e-07
Steepest Descent,4976,4977,1.8315332144075535e-08,7.273895317464068e-14,2.697016002448645e-07
Steepest Descent,4977,4978,1.699367766401429e-08,7.244406990703017e-14,2.691543607431062e-07
Steepest Descent,4978,4979,1.8240929590212543e-08,7.215038456085377e-14,2.686082362118737e-07
Steepest Descent,4979,4980,1.6924644871926617e-08,7.185789223534052e-14,2.6806322432467406e-07
Steepest Descent,4980,4981,1.8166830919331767e-08,7.156658809240178e-14,2.6751932283930777e-07
Steepest Descent,4981,4982,1.6855893879962158e-08,7.127646727160244e-14,2.6697652943957906e-07
Steepest Descent,4982,4983,1.8093034845198525e-08,7.098752497575103e-14,2.664348418952578e-07
Steepest Descent,4983,4984,1.6787423632799772e-08,7.069975638139642e-14,2.658942578947436e-07
Steepest Descent,4984,4985,1.8019540059380968e-08,7.041315673321083e-14,2.653547752221746e-07
Steepest Descent,4985,4986,1.6719232942243772e-08,7.012772124390947e-14,2.6481639156953537e-07
Steepest Descent,4986,4987,1.7946345358267062e-08,6.984344520055948e-14,2.642791047369418e-07
Steepest Descent,4987,4988,1.6651320779835012e-08,6.956032385260363e-14,2.637429124215542e-07
Steepest Descent,4988,4989,1.7873449488621664e-08,6.927835252627778e-14,2.6320781243397346e-07
Steepest Descent,4989,4990,1.658368581316593e-08,6.899752650917392e-14,2.6267380247975606e-07
Steepest Descent,4990,4991,1.7800851258726654e-08,6.871784116715444e-14,2.621408803814362e-07
Steepest Descent,4991,4992,1.6516327077415938e-08,6.8439291824307e-14,2.6160904385037417e-07
Steepest Descent,4992,4993,1.7728549548867528e-08,6.816187388588481e-14,2.610782907211643e-07
Steepest Descent,4993,4994,1.6449243289659032e-08,6.788558271254968e-14,2.6054861871165173e-07
Steepest Descent,4994,4995,1.7656542852725684e-08,6.76104137477875e-14,2.6002002566684644e-07
Steepest Descent,4995,4996,1.638243334638873e-08,6.733636239015695e-14,2.5949250931415525e-07
Steepest Descent,4996,4997,1.7584830274852957e-08,6.706342412134504e-14,2.589660675095195e-07
Steepest Descent,4997,4998,1.6315896175318557e-08,6.679159437573501e-14,2.584406979864723e-07
Steepest Descent,4998,4999,1.7513410340102625e-08,6.652086867351895e-14,2.579163986130369e-07
Steepest Descent,4999,5000,1.6249630639321418e-08,6.62512424838309e-14,2.573931671273169e-07
Steepest Descent,5000,5001,1.7442282017006515e-08,6.598271136519721e-14,2.568710014096515e-07
Steepest Descent,5001,5002,1.6183635632405615e-08,6.571527082213924e-14,2.5634989920446475e-07
Steepest Descent,5002,5003,1.7371444017929937e-08,6.544891645347141e-14,2.558298584088093e-07
Steepest Descent,5003,5004,1.6117909942595952e-08,6.51836437963594e-14,2.5531087676861594e-07
Steepest Descent,5004,5005,1.730089520998979e-08,6.491944848614408e-14,2.5479295219088e-07
Steepest Descent,5005,5006,1.6052452660860253e-08,6.465632609755614e-14,2.5427608243316185e-07
Steepest Descent,5006,5007,1.7230634355309374e-08,6.439427229990647e-14,2.5376026540793665e-07
Steepest Descent,5007,5008,1.5987262447535e-08,6.413328270521475e-14,2.5324549888441203e-07
Steepest Descent,5008,5009,1.716066022178408e-08,6.387335301941635e-14,2.527317807863038e-07
Steepest Descent,5009,5010,1.5922338443917564e-08,6.36144788876365e-14,2.522191088867703e-07
Steepest Descent,5010,5011,1.7090971787762285e-08,6.335665605173706e-14,2.5170748111992434e-07
Steepest Descent,5011,5012,1.5857679238646268e-08,6.309988019142068e-14,2.5119689526628443e-07
Steepest Descent,5012,5013,1.7021567734175107e-08,6.284414708664893e-14,2.5068734927524547e-07
Steepest Descent,5013,5014,1.579328409648337e-08,6.258945244889242e-14,2.501788409296286e-07
Steepest Descent,5014,5015,1.6952446928449164e-08,6.233579209320276e-14,2.4967136818867063e-07
Steepest Descent,5015,5016,1.5729151696717845e-08,6.208316176708646e-14,2.491649288465101e-07
Steepest Descent,5016,5017,1.6883608211540207e-08,6.183155731966059e-14,2.4865952087072913e-07
Steepest Descent,5017,5018,1.5665281062278113e-08,6.15809745322341e-14,2.4815514206285167e-07
Steepest Descent,5018,5019,1.681505046816774e-08,6.13314092875034e-14,2.476517903983401e-07
Steepest Descent,5019,5020,1.5601671094449812e-08,6.10828574024085e-14,2.4714946369031126e-07
Steepest Descent,5020,5021,1.674677242856761e-08,6.083531479214322e-14,2.466481599204486e-07
Steepest Descent,5021,5022,1.553832064710037e-08,6.058877730789917e-14,2.4614787691121606e-07
Steepest Descent,5022,5023,1.667877310811599e-08,6.034324089960836e-14,2.4564861265557425e-07
Steepest Descent,5023,5024,1.547522879936331e-08,6.009870145002239e-14,2.4515036498039806e-07
Steepest Descent,5024,5025,1.6611051210477594e-08,5.985515494246561e-14,2.446531318877108e-07
Steepest Descent,5025,5026,1.541239435872041e-08,5.961259729539775e-14,2.441569112177612e-07
Steepest Descent,5026,5027,1.6543605665748642e-08,5.937102452259678e-14,2.4366170097616235e-07
Steepest Descent,5027,5028,1.5349816306555844e-08,5.913043257685295e-14,2.431674990142658e-07
Steepest Descent,5028,5029,1.6476435332081293e-08,5.889081750377349e-14,2.426743033445723e-07
Steepest Descent,5029,5030,1.528749360715355e-08,5.865217528987921e-14,2.4218211182884503e-07
Steepest Descent,5030,5031,1.6409539077603e-08,5.841450201348976e-14,2.416909224888054e-07
Steepest Descent,5031,5032,1.5225425151613063e-08,5.817779369191048e-14,2.4120073319107155e-07
Steepest Descent,5032,5033,1.6342915740010065e-08,5.794204643636749e-14,2.4071154196749164e-07
Steepest Descent,5033,5034,1.5163609984805245e-08,5.770725629730769e-14,2.402233466949199e-07
Steepest Descent,5034,5035,1.6276564270518816e-08,5.747341941723374e-14,2.3973614541247995e-07
Steepest Descent,5035,5036,1.510204704258483e-08,5.724053187880548e-14,2.392499360058545e-07
Steepest Descent,5036,5037,1.6210483450619304e-08,5.700858985494247e-14,2.387647165201393e-07
Steepest Descent,5037,5038,1.5040735208958803e-08,5.6777589461927686e-14,2.382804848533083e-07
Steepest Descent,5038,5039,1.614467224723158e-08,5.6547526903002256e-14,2.377972390567272e-07
Steepest Descent,5039,5040,1.4979673536388727e-08,5.6318398324583665e-14,2.3731497703386454e-07
Steepest Descent,5040,5041,1.607912955772933e-08,5.609019996369987e-14,2.3683369685013126e-07
Steepest Descent,5041,5042,1.4918860902491144e-08,5.586292799648357e-14,2.3635339641410605e-07
Steepest Descent,5042,5043,1.6013854245887653e-08,5.563657869203657e-14,2.3587407380218066e-07
Steepest Descent,5043,5044,1.4858296406842891e-08,5.541114825533991e-14,2.3539572692667957e-07
Steepest Descent,5044,5045,1.5948845142912977e-08,5.518663298646141e-14,2.3491835387313058e-07
Steepest Descent,5045,5046,1.4797979049540207e-08,5.496302912421193e-14,2.34441952568673e-07
Steepest Descent,5046,5047,1.5884101270990034e-08,5.474033299509226e-14,2.3396652109883639e-07
Steepest Descent,5047,5048,1.4737907670002318e-08,5.4518540870719684e-14,2.33492057403929e-07
Steepest Descent,5048,5049,1.5819621484909237e-08,5.42976491059208e-14,2.3301855957395497e-07
Steepest Descent,5049,5050,1.46780813177057e-08,5.407765400483813e-14,2.325460255623349e-07
Steepest Descent,5050,5051,1.575540472142906e-08,5.385855194946966e-14,2.3207445346153387e-07
Steepest Descent,5051,5052,1.4618499000833273e-08,5.3640339277113427e-14,2.3160384123997904e-07
Steepest Descent,5052,5053,1.5691449840392264e-08,5.342301239584244e-14,2.3113418699067957e-07
Steepest Descent,5053,5054,1.4559159702630306e-08,5.320656767457514e-14,2.3066548869428896e-07
Steepest Descent,5054,5055,1.5627755950426647e-08,5.299100155220449e-14,2.3019774445507603e-07
Steepest Descent,5055,5056,1.4500062380235554e-08,5.277631042365607e-14,2.2973095225427518e-07
Steepest Descent,5056,5057,1.5564321746832407e-08,5.256249075970455e-14,2.2926511021022046e-07
Steepest Descent,5057,5058,1.4441206158475252e-08,5.234953898508009e-14,2.288002163134469e-07
Steepest Descent,5058,5059,1.550114623540674e-08,5.21374515961282e-14,2.2833626868311612e-07
Steepest Descent,5059,5060,1.4382589956591359e-08,5.192622504858521e-14,2.2787326532216366e-07
Steepest Descent,5060,5061,1.5438228399407916e-08,5.171585586652075e-14,2.2741120435572374e-07
Steepest Descent,5061,5062,1.4324212812615068e-08,5.1506340536824764e-14,2.2695008379999502e-07
Steepest Descent,5062,5063,1.5375567184742385e-08,5.1297675610041747e-14,2.2648990178381406e-07
Steepest Descent,5063,5064,1.4266073733857358e-08,5.1089857600880596e-14,2.2603065632980095e-07
Steepest Descent,5064,5065,1.5313161487982667e-08,5.088288308973069e-14,2.255723455783769e-07
Steepest Descent,5065,5066,1.4208171770658397e-08,5.06767486187279e-14,2.251149675581966e-07
Steepest Descent,5066,5067,1.5251010246217743e-08,5.047145079653967e-14,2.2465852041829987e-07
Steepest Descent,5067,5068,1.415050586338822e-08,5.026698619356983e-14,2.242030021957106e-07
Steepest Descent,5068,5069,1.5189112478012423e-08,5.00633514453157e-14,2.2374841104534282e-07
Steepest Descent,5069,5070,1.4093075149532708e-08,4.986054315147786e-14,2.232947450153672e-07
Steepest Descent,5070,5071,1.5127467136061857e-08,4.96585579732762e-14,2.228420022645556e-07
Steepest Descent,5071,5072,1.4035878652940482e-08,4.9457392539308905e-14,2.223901808518283e-07
Steepest Descent,5072,5073,1.506607317628317e-08,4.925704353841133e-14,2.219392789445152e-07
Steepest Descent,5073,5074,1.3978915335158842e-08,4.90575076251219e-14,2.214892946061319e-07
Steepest Descent,5074,5075,1.500492942480095e-08,4.88587815148534e-14,2.2104022601068204e-07
Steepest Descent,5075,5076,1.3922184323601522e-08,4.866086189244627e-14,2.2059207123658428e-07
Steepest Descent,5076,5077,1.4944035096234996e-08,4.8463745496933755e-14,2.2014482845829867e-07
Steepest Descent,5077,5078,1.3865684517518549e-08,4.826742904067061e-14,2.1969849576333154e-07
Steepest Descent,5078,5079,1.4883389055111472e-08,4.8071909292315236e-14,2.1925307134066612e-07
Steepest Descent,5079,5080,1.3809415179140736e-08,4.7877182987457606e-14,2.1880855327764864e-07
Steepest Descent,5080,5081,1.4822990245201508e-08,4.7683246921455645e-14,2.1836493977160263e-07
Steepest Descent,5081,5082,1.375337516500311e-08,4.749009785721539e-14,2.1792222891943673e-07
Steepest Descent,5082,5083,1.4762837703900745e-08,4.729773261702271e-14,2.1748041892782601e-07
Steepest Descent,5083,5084,1.3697563686736549e-08,4.7106147989255083e-14,2.170395078994953e-07
Steepest Descent,5084,5085,1.4702930409168629e-08,4.6915340822477124e-14,2.165994940494486e-07
Steepest Descent,5085,5086,1.3641979726461924e-08,4.67253079303004e-14,2.1616037548612003e-07
Steepest Descent,5086,5087,1.464326727776734e-08,4.653604618772389e-14,2.1572215043366286e-07
Steepest Descent,5087,5088,1.3586622343551943e-08,4.634755243348898e-14,2.1528481700642285e-07
Steepest Descent,5088,5089,1.458384743880334e-08,4.615982356987345e-14,2.1484837344013904e-07
Steepest Descent,5089,5090,1.3531490646833535e-08,4.5972856458879696e-14,2.144128178511716e-07
Steepest Descent,5090,5091,1.4524669757275124e-08,4.578664803013363e-14,2.139781484874884e-07
Steepest Descent,5091,5092,1.3476583659665011e-08,4.56011951702851e-14,2.1354436347111834e-07
Steepest Descent,5092,5093,1.4465733382584463e-08,4.541649483350591e-14,2.131114610561945e-07
Steepest Descent,5093,5094,1.3421900546434769e-08,4.523254393248284e-14,2.126794393741032e-07
Steepest Descent,5094,5095,1.4407037188479556e-08,4.5049339446120715e-14,2.122482966860293e-07
Steepest Descent,5095,5096,1.3367440304032503e-08,4.4866878312110365e-14,2.1181803113075704e-07
Steepest Descent,5096,5097,1.434858025587607e-08,4.468515753408415e-14,2.113886409769554e-07
Steepest Descent,5097,5098,1.3313202039504715e-08,4.450417407465057e-14,2.1096012437105398e-07
Steepest Descent,5098,5099,1.4290361611896216e-08,4.432392496091168e-14,2.1053247958667012e-07
Steepest Descent,5099,5100,1.3259184940685897e-08,4.414440718224468e-14,2.1010570478272282e-07
Steepest Descent,5100,5101,1.4232380231401336e-08,4.396561778750151e-14,2.0967979823412056e-07
Steepest Descent,5101,5102,1.3205387921084077e-08,4.378755379187522e-14,2.092547581104793e-07
Steepest Descent,5102,5103,1.417463521098389e-08,4.3610212269742154e-14,2.088305826974156e-07
Steepest Descent,5103,5104,1.315181012587216e-08,4.343359025714479e-14,2.0840727016384237e-07
Steepest Descent,5104,5105,1.4117125590038517e-08,4.325768485509079e-14,2.0798481880918807e-07
Steepest Descent,5105,5106,1.3098450776942728e-08,4.3082493122473076e-14,2.0756322680685292e-07
Steepest Descent,5106,5107,1.4059850302505924e-08,4.290801218443836e-14,2.0714249246457944e-07
Steepest Descent,5107,5108,1.3045308817371039e-08,4.273423912286079e-14,2.0672261396098102e-07
Steepest Descent,5108,5109,1.4002808385532745e-08,4.256117108804606e-14,2.0630358961502838e-07
Steepest Descent,5109,5110,1.299238350653469e-08,4.238880518423399e-14,2.0588541760948973e-07
Steepest Descent,5110,5111,1.3945999039803459e-08,4.2217138584885e-14,2.0546809627016307e-07
Steepest Descent,5111,5112,1.2939673885609968e-08,4.2046168417940284e-14,2.0505162378762154e-07
Steepest Descent,5112,5113,1.388942116684615e-08,4.1875891881420456e-14,2.0463599849835917e-07
Steepest Descent,5113,5114,1.2887178969181415e-08,4.170630612401842e-14,2.042212185940002e-07
Steepest Descent,5114,5115,1.383307378512447e-08,4.153740836955411e-14,2.0380728242522175e-07
Steepest Descent,5115,5116,1.2834898024040632e-08,4.136919578711078e-14,2.0339418818420248e-07
Steepest Descent,5116,5117,1.3776956041362539e-08,4.1201665624142053e-14,2.0298193423096067e-07
Steepest Descent,5117,5118,1.2782830079688492e-08,4.103481507292457e-14,2.0257051876550194e-07
Steepest Descent,5118,5119,1.372106705508973e-08,4.0868641403366744e-14,2.0215994015473672e-07
Steepest Descent,5119,5120,1.2730974401042221e-08,4.070314183077105e-14,2.0175019660652388e-07
Steepest Descent,5120,5121,1.3665405745388058e-08,4.053831364701007e-14,2.013412864938785e-07
Steepest Descent,5121,5122,1.2679329932388422e-08,4.037415408937383e-14,2.009332080303647e-07
Steepest Descent,5122,5123,1.3609971226190096e-08,4.0210660473398964e-14,2.00525959599746e-07
Steepest Descent,5123,5124,1.2627895893202283e-08,4.004783005704317e-14,2.0011953941842654e-07
Steepest Descent,5124,5125,1.3554762544650905e-08,3.98856601792168e-14,1.99713945880644e-07
Steepest Descent,5125,5126,1.2576671449197679e-08,3.972414811915587e-14,1.993091772075633e-07
Steepest Descent,5126,5127,1.349977883778402e-08,3.956329123760626e-14,1.9890523180048897e-07
Steepest Descent,5127,5128,1.252565576978408e-08,3.940308683657573e-14,1.985021078895026e-07
Steepest Descent,5128,5129,1.3445019146002566e-08,3.924353229730966e-14,1.9809980388003836e-07
Steepest Descent,5129,5130,1.2474847872817492e-08,3.908462494402444e-14,1.9769831801010456e-07
Steepest Descent,5130,5131,1.3390482567001161e-08,3.8926362180524535e-14,1.9729764869487048e-07
Steepest Descent,5131,5132,1.2424246986946369e-08,3.876874135240864e-14,1.968977941786262e-07
Steepest Descent,5132,5133,1.3336168165684725e-08,3.8611759882683236e-14,1.9649875287818808e-07
Steepest Descent,5133,5134,1.2373852302200515e-08,3.8455415139970424e-14,1.961005230486916e-07
Steepest Descent,5134,5135,1.3282075030329686e-08,3.829970456798165e-14,1.9570310311280617e-07
Steepest Descent,5135,5136,1.2323662876311116e-08,3.8144625557079854e-14,1.95306491333698e-07
Steepest Descent,5136,5137,1.3228202233571336e-08,3.799017557189488e-14,1.949106861408447e-07
Steepest Descent,5137,5138,1.2273677947503803e-08,3.7836352023946876e-14,1.945156858043764e-07
Steepest Descent,5138,5139,1.3174548955694447e-08,3.768315239787078e-14,1.9412148875863997e-07
Steepest Descent,5139,5140,1.2223896554069406e-08,3.7530574126656575e-14,1.9372809328194134e-07
Steepest Descent,5140,5141,1.3121114213698719e-08,3.7378614715868045e-14,1.93335497816278e-07
Steepest Descent,5141,5142,1.2174318008137225e-08,3.722727161821789e-14,1.9294370064404251e-07
Steepest Descent,5142,5143,1.3067897150229163e-08,3.707654236060062e-14,1.92552700216332e-07
Steepest Descent,5143,5144,1.2124941384575729e-08,3.6926424416260885e-14,1.9216249482211892e-07
Steepest Descent,5144,5145,1.3014896815348586e-08,3.677691533155193e-14,1.9177308291716e-07
Steepest Descent,5145,5146,1.2075765952019554e-08,3.662801260154142e-14,1.9138446280077547e-07
Steepest Descent,5146,5147,1.296211245788857e-08,3.647971379101972e-14,1.9099663293110617e-07
Steepest Descent,5147,5148,1.202679074139727e-08,3.633201641620337e-14,1.906095916164855e-07
Steepest Descent,5148,5149,1.29095430455144e-08,3.6184918062627044e-14,1.9022333732386003e-07
Steepest Descent,5149,5150,1.1978015063606675e-08,3.6038416265435846e-14,1.898378683651811e-07
Steepest Descent,5150,5151,1.2857187712736723e-08,3.5892508629286015e-14,1.8945318321233353e-07
Steepest Descent,5151,5152,1.1929438041090787e-08,3.574719271127803e-14,1.8906928018924182e-07
Steepest Descent,5152,5153,1.2805045632560386e-08,3.5602466133538865e-14,1.886861577687639e-07
Steepest Descent,5153,5154,1.1881058890503794e-08,3.545832647501015e-14,1.8830381428693938e-07
Steepest Descent,5154,5155,1.2753115926733785e-08,3.5314771375653e-14,1.8792224821891895e-07
Steepest Descent,5155,5156,1.1832876702445317e-08,3.517179843401262e-14,1.8754145790734541e-07
Steepest Descent,5156,5157,1.2701397773771226e-08,3.50294053108952e-14,1.8716144183804312e-07
Steepest Descent,5157,5158,1.1784890798280794e-08,3.4887589622214805e-14,1.867821983547008e-07
Steepest Descent,5158,5159,1.264989019946864e-08,3.474634904931952e-14,1.8640372595342485e-07
Steepest Descent,5159,5160,1.1737100358665292e-08,3.460568122783355e-14,1.860260229855854e-07
Steepest Descent,5160,5161,1.2598592325998763e-08,3.446558385630884e-14,1.856490879490358e-07
Steepest Descent,5161,5162,1.1689504477318794e-08,3.432605459151363e-14,1.8527291920708118e-07
Steepest Descent,5162,5163,1.2547503447288426e-08,3.4187091148666515e-14,1.848975152582276e-07
Steepest Descent,5163,5164,1.1642102448167095e-08,3.40486912051393e-14,1.845228744766873e-07
Steepest Descent,5164,5165,1.2496622591622273e-08,3.3910852494485015e-14,1.8414899536648307e-07
Steepest Descent,5165,5166,1.1594893459348051e-08,3.3773572712495703e-14,1.837758763072447e-07
Steepest Descent,5166,5167,1.2445948964665038e-08,3.363684961157185e-14,1.834035158102806e-07
Steepest Descent,5167,5168,1.1547876721318928e-08,3.350068090584409e-14,1.83031912260797e-07
Steepest Descent,5168,5169,1.2395481613675379e-08,3.3365064365438817e-14,1.8266106417471353e-07
Steepest Descent,5169,5170,1.150105138524149e-08,3.322999772486406e-14,1.8229096994877187e-07
Steepest Descent,5170,5171,1.2345219802851336e-08,3.309547877096703e-14,1.8192162810113323e-07
Steepest Descent,5171,5172,1.1454416788550115e-08,3.296150525736517e-14,1.8155303703701893e-07
Steepest Descent,5172,5173,1.2295162684133605e-08,3.282807498892065e-14,1.8118519528074207e-07
Steepest Descent,5173,5174,1.1407971960537507e-08,3.2695185736578604e-14,1.8081810124149242e-07
Steepest Descent,5174,5175,1.2245309377886273e-08,3.2562835323572053e-14,1.8045175345108746e-07
Steepest Descent,5175,5176,1.1361716338080636e-08,3.2431021539039176e-14,1.800861503254461e-07
Steepest Descent,5176,5177,1.2195658990771708e-08,3.22997422244129e-14,1.7972129040381638e-07
Steepest Descent,5177,5178,1.1315648999252253e-08,3.2168995186241794e-14,1.7935717210706067e-07
Steepest Descent,5178,5179,1.2146210825162031e-08,3.203877828340104e-14,1.789937939801295e-07
Steepest Descent,5179,5180,1.1269769288948485e-08,3.190908934127607e-14,1.786311544531806e-07
Steepest Descent,5180,5181,1.2096963930161716e-08,3.177992623434672e-14,1.782692520721022e-07
Steepest Descent,5181,5182,1.122407635946422e-08,3.165128680724651e-14,1.7790808527789428e-07
Steepest Descent,5182,5183,1.2047917554969953e-08,3.152316895090436e-14,1.7754765262009056e-07
Steepest Descent,5183,5184,1.1178569386390624e-08,3.1395570527921697e-14,1.7718795254734927e-07
Steepest Descent,5184,5185,1.1999070880055233e-08,3.126848944640469e-14,1.7682898361525661e-07
Steepest Descent,5185,5186,1.1133247704270976e-08,3.1141923585479823e-14,1.7647074427643756e-07
Steepest Descent,5186,5187,1.1950423078924679e-08,3.101587087189297e-14,1.7611323309704177e-07
Steepest Descent,5187,5188,1.108811053260314e-08,3.089032919984145e-14,1.7575644852989448e-07
Steepest Descent,5188,5189,1.1901973244171755e-08,3.0765296515280654e-14,1.7540038915373206e-07
Steepest Descent,5189,5190,1.1043157096103846e-08,3.064077072771135e-14,1.7504505342257274e-07
Steepest Descent,5190,5191,1.185372073494656e-08,3.0516749801232015e-14,1.7469043992512014e-07
Steepest Descent,5191,5192,1.0998386644740372e-08,3.039323166055009e-14,1.7433654711663327e-07
Steepest Descent,5192,5193,1.1805664626861662e-08,3.027021428756403e-14,1.7398337359519164e-07
Steepest Descent,5193,5194,1.0953798478410298e-08,3.0147695624118067e-14,1.7363091782317475e-07
Steepest Descent,5194,5195,1.1757804078220123e-08,3.002567366792626e-14,1.7327917840273323e-07
Steepest Descent,5195,5196,1.0909391842313692e-08,2.9904146377596314e-14,1.7292815380265964e-07
Steepest Descent,5196,5197,1.171013843214805e-08,2.9783111767017027e-14,1.725778426305562e-07
Steepest Descent,5197,5198,1.0865165919230776e-08,2.966256781095769e-14,1.7222824336025056e-07
Steepest Descent,5198,5199,1.166266673506751e-08,2.954251254118875e-14,1.7187935461011234e-07
Steepest Descent,5199,5200,1.0821120024663708e-08,2.942294394717186e-14,1.7153117485510281e-07
Steepest Descent,5200,5201,1.1615388276918026e-08,2.930386007756832e-14,1.7118370272186637e-07
Steepest Descent,5201,5202,1.0777253417869048e-08,2.918525893844236e-14,1.7083693669239786e-07
Steepest Descent,5202,5203,1.1568302226317612e-08,2.9067138592095185e-14,1.7049087539248305e-07
Steepest Descent,5203,5204,1.0733565375511875e-08,2.8949497064052515e-14,1.701455173198886e-07
Steepest Descent,5204,5205,1.1521407856535699e-08,2.8832332430140474e-14,1.6980086109952584e-07
Steepest Descent,5205,5206,1.0690055165003328e-08,2.8715642732621306e-14,1.6945690523735322e-07
Steepest Descent,5206,5207,1.1474704387954065e-08,2.859942606296955e-14,1.691136483639613e-07
Steepest Descent,5207,5208,1.0646722005449405e-08,2.8483680479931075e-14,1.6877108899314205e-07
Steepest Descent,5208,5209,1.1428190981770608e-08,2.836840408922332e-14,1.6842922575735876e-07
Steepest Descent,5209,5210,1.0603565206837121e-08,2.8253594966178825e-14,1.6808805717890494e-07
Steepest Descent,5210,5211,1.1381866830353463e-08,2.8139251231702224e-14,1.6774758189524587e-07
Steepest Descent,5211,5212,1.0560584061650516e-08,2.8025370977059182e-14,1.6740779843561403e-07
Steepest Descent,5212,5213,1.1335731216561074e-08,2.791195233801499e-14,1.6706870544184803e-07
Steepest Descent,5213,5214,1.051777781020063e-08,2.779899342162874e-14,1.6673030145006256e-07
Steepest Descent,5214,5215,1.1289783381956331e-08,2.7686492378876615e-14,1.6639258510786052e-07
Steepest Descent,5215,5216,1.0475145767856355e-08,2.7574447331954806e-14,1.6605555495663132e-07
Steepest Descent,5216,5217,1.1244022522337622e-08,2.746285644706271e-14,1.657192096501269e-07
Steepest Descent,5217,5218,1.043268720873798e-08,2.7351717861719308e-14,1.6538354773591992e-07
Steepest Descent,5218,5219,1.1198447971275392e-08,2.7241029756652444e-14,1.6504856787216434e-07
Steepest Descent,5219,5220,1.0390401385403293e-08,2.713079028387933e-14,1.647142686104617e-07
Steepest Descent,5220,5221,1.1153058768600915e-08,2.702099764089937e-14,1.6438064862050935e-07
Steepest Descent,5221,5222,1.0348287703948459e-08,2.6911649993228827e-14,1.640477064552529e-07
Steepest Descent,5222,5223,1.110785435126648e-08,2.680274555375619e-14,1.6371544079211402e-07
Steepest Descent,5223,5224,1.0306345396494e-08,2.6694282501972408e-14,1.6338385018713572e-07
Steepest Descent,5224,5225,1.1062833780838425e-08,2.6586259066220242e-14,1.630529333260222e-07
Steepest Descent,5225,5226,1.0264573708170742e-08,2.647867344072529e-14,1.6272268877057462e-07
Steepest Descent,5226,5227,1.1017996447306256e-08,2.6371523867884686e-14,1.6239311521085086e-07
Steepest Descent,5227,5228,1.0222971984063882e-08,2.626480855571952e-14,1.620642112118512e-07
Steepest Descent,5228,5229,1.097334150988123e-08,2.6158525762459283e-14,1.6173597547379272e-07
Steepest Descent,5229,5230,1.0181539550275601e-08,2.605267371015934e-14,1.61408406565951e-07
Steepest Descent,5230,5231,1.0928868358791176e-08,2.594725067106306e-14,1.6108150319345503e-07
Steepest Descent,5231,5232,1.0140275734412307e-08,2.5842254881901194e-14,1.607552639321686e-07
Steepest Descent,5232,5233,1.0884576035712826e-08,2.5737684628089898e-14,1.6042968748984677e-07
Steepest Descent,5233,5234,1.0099179746409892e-08,2.563353816172492e-14,1.601047724514323e-07
Steepest Descent,5234,5235,1.0840464007915717e-08,2.5529813781802306e-14,1.5978051752889742e-07
Steepest Descent,5235,5236,1.0058251003462901e-08,2.5426509755110138e-14,1.5945692131453602e-07
Steepest Descent,5236,5237,1.0796531416298694e-08,2.532362439337211e-14,1.5913398252218823e-07
Steepest Descent,5237,5238,1.0017488773981055e-08,2.5221155977886303e-14,1.5881169975126613e-07
Steepest Descent,5238,5239,1.0752777587703498e-08,2.511910283475681e-14,1.584900717229846e-07
Steepest Descent,5239,5240,9.976892352537158e-09,2.501746325882225e-14,1.581690970411801e-07
