analysis,variant,variant_role,instrument,evaluation_index_scope,method,m,criterion,eligible,leading_eigenvalue_curve,pilot_gcv_curve,moment_residual_curve,update_norm_curve,valid_curve,basis_condition_curve,design_condition_curve,krylov_log10_column_norm_curve,orthogonality_defect_curve
designated_benchmark,primary_instrument1_full,primary,1,test_split_local,CG-FPLS-code,1,0.5162600180366625,True,0.025226295653874485,0.3879629881143457,0.5162600180366625,1506.8376671695944,,,,,
designated_benchmark,primary_instrument1_full,primary,1,test_split_local,CG-FPLS-code,2,0.2728867238306499,True,0.005514723603712326,0.08959792930855737,0.2728867238306499,2448.958949387247,,,,,
designated_benchmark,primary_instrument1_full,primary,1,test_split_local,CG-FPLS-code,3,0.06440092601817618,True,0.0006779868683390524,0.08241254086073144,0.06440092601817618,17080.774876293974,,,,,
designated_benchmark,primary_instrument1_full,primary,1,test_split_local,CG-FPLS-code,4,0.02189469965724022,True,0.00038472621783100253,0.018949512499333403,0.02189469965724022,3234.1784487142636,,,,,
designated_benchmark,primary_instrument1_full,primary,1,test_split_local,CG-FPLS-code,5,0.012457320832570081,True,0.00029431236768045013,0.0007657506683888199,0.012457320832570081,2094.825232864893,,,,,
designated_benchmark,primary_instrument1_full,primary,1,test_split_local,CG-FPLS-code,6,0.00801788413422269,True,0.00017314480729081793,0.0005527253372987003,0.00801788413422269,3297.822220892969,,,,,
designated_benchmark,primary_instrument1_full,primary,1,test_split_local,CG-FPLS-code,7,0.005465645803021348,True,0.00011622761989737651,0.00021408522225224133,0.005465645803021348,3993.42760010113,,,,,
designated_benchmark,primary_instrument1_full,primary,1,test_split_local,CG-FPLS-code,8,0.00469172961415327,True,9.298193551795505e-05,0.000208894864936395,0.00469172961415327,1680.9470142869166,,,,,
designated_benchmark,primary_instrument1_full,primary,1,test_split_local,CG-FPLS-code,9,0.004014390399797667,True,7.780504196486148e-05,0.00020207621808886512,0.004014390399797667,1267.525370999484,,,,,
designated_benchmark,primary_instrument1_full,primary,1,test_split_local,CG-FPLS-code,10,0.0027439320998621005,True,6.263058134732338e-05,0.00019822014696964442,0.0027439320998621005,4455.101456441867,,,,,
designated_benchmark,primary_instrument1_full,primary,1,test_split_local,CG-FPLS-code,11,0.0023244730557561892,True,5.8297323928958805e-05,0.0001988393203260129,0.0023244730557561892,2389.963027518488,,,,,
designated_benchmark,primary_instrument1_full,primary,1,test_split_local,CG-FPLS-code,12,0.0021524148628555436,True,5.536607692614931e-05,0.00015027974530725405,0.0021524148628555436,877.73103644978,,,,,
designated_benchmark,primary_instrument1_full,primary,1,test_split_local,CG-FPLS-code,13,0.0017764093193371926,True,4.925393142814344e-05,0.00014185033969045722,0.0017764093193371926,2914.943583571049,,,,,
designated_benchmark,primary_instrument1_full,primary,1,test_split_local,CG-FPLS-code,14,0.0015583989438270696,True,4.401903616692596e-05,0.00012655148926116663,0.0015583989438270696,2744.0458061979753,,,,,
designated_benchmark,primary_instrument1_full,primary,1,test_split_local,CG-FPLS-code,15,0.0014287751432999587,True,4.313199070258672e-05,0.00012669673359266828,0.0014287751432999587,2475.2386449094206,,,,,
designated_benchmark,primary_instrument1_full,primary,1,test_split_local,CG-FPLS-code,16,0.0014133220102897231,True,3.8192041784329295e-05,9.799465647053608e-05,0.0014133220102897231,282.1571185887637,,,,,
designated_benchmark,primary_instrument1_full,primary,1,test_split_local,CG-FPLS-code,17,0.0011959257442435425,True,3.452544839511131e-05,9.761458108772316e-05,0.0011959257442435425,5520.464393683153,,,,,
designated_benchmark,primary_instrument1_full,primary,1,test_split_local,CG-FPLS-code,18,0.0010566985631057521,True,3.350546844493261e-05,9.315358702376218e-05,0.0010566985631057521,4184.3524142721735,,,,,
designated_benchmark,primary_instrument1_full,primary,1,test_split_local,CG-FPLS-code,19,0.0009678129697648615,True,3.164619927053636e-05,9.344431283920133e-05,0.0009678129697648615,3292.2792421231347,,,,,
designated_benchmark,primary_instrument1_full,primary,1,test_split_local,CG-FPLS-code,20,0.000940033441072008,True,2.963520313072156e-05,9.040531440456219e-05,0.000940033441072008,1010.7303175188963,,,,,
designated_benchmark,primary_instrument1_full,primary,1,test_split_local,CG-FPLS-code,21,0.000938153467861502,True,2.8752315602170623e-05,8.447878226318798e-05,0.000938153467861502,72.25410090620609,,,,,
designated_benchmark,primary_instrument1_full,primary,1,test_split_local,CG-FPLS-code,22,0.00087542844797941,True,2.789656557971822e-05,8.288473439786949e-05,0.00087542844797941,2862.066881303919,,,,,
designated_benchmark,primary_instrument1_full,primary,1,test_split_local,CG-FPLS-code,23,0.0008429758679310335,True,2.558942910655507e-05,7.375845872918183e-05,0.0008429758679310335,1404.1645002296711,,,,,
designated_benchmark,primary_instrument1_full,primary,1,test_split_local,CG-FPLS-code,24,0.000764851302751781,True,2.534614600419939e-05,6.775257360983254e-05,0.000764851302751781,4247.290841543649,,,,,
designated_benchmark,primary_instrument1_full,primary,1,test_split_local,CG-FPLS-code,25,0.0007572188701496416,True,2.4423339079221705e-05,6.561414481555695e-05,0.0007572188701496416,487.0017747798667,,,,,
designated_benchmark,primary_instrument1_full,primary,1,test_split_local,CG-FPLS-code,26,0.0007086896367252315,True,2.2464458240315244e-05,5.585924388093734e-05,0.0007086896367252315,3558.500705240211,,,,,
designated_benchmark,primary_instrument1_full,primary,1,test_split_local,CG-FPLS-code,27,0.0006592119540686965,True,2.1643956673453156e-05,4.8455476115908366e-05,0.0006592119540686965,4480.249978508058,,,,,
designated_benchmark,primary_instrument1_full,primary,1,test_split_local,CG-FPLS-code,28,0.0006508556974608783,True,2.0937221351241467e-05,4.720791718477184e-05,0.0006508556974608783,938.6344895676546,,,,,
designated_benchmark,primary_instrument1_full,primary,1,test_split_local,CG-FPLS-code,29,0.000624085418409235,True,1.8046897701567805e-05,3.941704193669336e-05,0.000624085418409235,2928.8614723726923,,,,,
designated_benchmark,primary_instrument1_full,primary,1,test_split_local,CG-FPLS-code,30,0.000614516979670427,True,1.738893920863076e-05,3.938875875528704e-05,0.000614516979670427,1079.485586925313,,,,,
designated_benchmark,primary_instrument1_full,primary,1,test_split_local,CG-FPLS-code,31,0.0006135600299966794,True,1.5734792835603087e-05,3.922688668561581e-05,0.0006135600299966794,109.97259091540748,,,,,
designated_benchmark,primary_instrument1_full,primary,1,test_split_local,CG-FPLS-code,32,0.0005857699295313079,True,1.4876492496347953e-05,3.9328569284083876e-05,0.0005857699295313079,4151.672753128041,,,,,
designated_benchmark,primary_instrument1_full,primary,1,test_split_local,CG-FPLS-code,33,0.0005626266140282366,True,1.4240567744022979e-05,3.799907654712999e-05,0.0005626266140282366,4466.739607942296,,,,,
designated_benchmark,primary_instrument1_full,primary,1,test_split_local,CG-FPLS-code,34,0.0005519905033495202,True,1.3450260927415467e-05,3.809040735269229e-05,0.0005519905033495202,2523.50238594452,,,,,
designated_benchmark,primary_instrument1_full,primary,1,test_split_local,CG-FPLS-code,35,0.0005519511043446581,True,1.20227611237912e-05,2.2647963908363858e-05,0.0005519511043446581,9.97288078496053,,,,,
designated_benchmark,primary_instrument1_full,primary,1,test_split_local,CG-FPLS-code,36,0.0005436209541905871,True,1.1414195669391119e-05,2.194653021421532e-05,0.0005436209541905871,2498.7688797292985,,,,,
designated_benchmark,primary_instrument1_full,primary,1,test_split_local,CG-FPLS-code,37,0.0005362439983773377,True,1.0371866159123886e-05,2.200455798138519e-05,0.0005362439983773377,2219.587379994031,,,,,
designated_benchmark,primary_instrument1_full,primary,1,test_split_local,CG-FPLS-code,38,0.00053108133455545,True,9.99058944243776e-06,1.5590637621944923e-05,0.00053108133455545,1708.4439850168355,,,,,
designated_benchmark,primary_instrument1_full,primary,1,test_split_local,CG-FPLS-code,39,0.0005070256398161216,True,8.506269300344956e-06,1.3722732515585974e-05,0.0005070256398161216,8442.405723793594,,,,,
designated_benchmark,primary_instrument1_full,primary,1,test_split_local,CG-FPLS-code,40,0.0005022523001622422,True,8.355171679112884e-06,1.0938596876034032e-05,0.0005022523001622422,1631.2368937255862,,,,,
designated_benchmark,primary_instrument1_full,primary,1,test_split_local,CG-FPLS-code,41,0.0004779324282196033,True,7.556434058312274e-06,8.8087571096242e-06,0.0004779324282196033,9255.072481482624,,,,,
designated_benchmark,primary_instrument1_full,primary,1,test_split_local,CG-FPLS-code,42,0.0004773956863553908,True,6.2337515900161464e-06,8.609676525278218e-06,0.0004773956863553908,199.52540907510738,,,,,
designated_benchmark,primary_instrument1_full,primary,1,test_split_local,CG-FPLS-code,43,0.0004533145667904835,True,5.8207415809657765e-06,6.1795975907428395e-06,0.0004533145667904835,9367.612556973374,,,,,
designated_benchmark,primary_instrument1_full,primary,1,test_split_local,CG-FPLS-code,44,0.0004412105866451861,True,5.6191861611284775e-06,6.160431187849726e-06,0.0004412105866451861,5119.856198825558,,,,,
designated_benchmark,primary_instrument1_full,primary,1,test_split_local,CG-FPLS-code,45,0.00043087087938936344,True,4.234153917552079e-06,5.372077915421e-06,0.00043087087938936344,4312.801452852989,,,,,
designated_benchmark,primary_instrument1_full,primary,1,test_split_local,CG-FPLS-code,46,0.0004216047674433312,True,3.5769476402224597e-06,5.383444623009293e-06,0.0004216047674433312,4130.810934378944,,,,,
designated_benchmark,primary_instrument1_full,primary,1,test_split_local,CG-FPLS-code,47,0.00040918233249791805,True,2.9665788789616004e-06,4.090720799924926e-06,0.00040918233249791805,5624.185217082616,,,,,
designated_benchmark,primary_instrument1_full,primary,1,test_split_local,CG-FPLS-code,48,0.0004090868906457428,True,2.430481076306474e-06,2.9201971041411547e-06,0.0004090868906457428,43.26316791807236,,,,,
designated_benchmark,primary_instrument1_full,primary,1,test_split_local,CG-FPLS-code,49,0.00040897130846223123,True,1.6954359653958532e-06,2.8588081110861487e-06,0.00040897130846223123,53.60850550594314,,,,,
designated_benchmark,primary_instrument1_full,primary,1,test_split_local,CG-FPLS-code,50,0.00039014354157467743,True,1.4386137632614282e-06,2.7662002114118883e-06,0.00039014354157467743,9165.448228543924,,,,,
designated_benchmark,primary_instrument1_full,primary,1,test_split_local,CG-FPLS-code,51,0.0003748200394566316,True,1.3028546280509486e-06,1.864901362928449e-06,0.0003748200394566316,7919.4765871159625,,,,,
designated_benchmark,primary_instrument1_full,primary,1,test_split_local,CG-FPLS-code,52,0.0003724884482717226,True,1.0891081261109847e-06,1.0478344338916976e-06,0.0003724884482717226,1274.970872790546,,,,,
designated_benchmark,primary_instrument1_full,primary,1,test_split_local,CG-FPLS-code,53,0.0003664356259170733,True,7.023179288357367e-07,7.339085473322343e-07,0.0003664356259170733,3354.6963207072517,,,,,
designated_benchmark,primary_instrument1_full,primary,1,test_split_local,CG-FPLS-code,54,0.00034551370035881774,True,6.955423522779767e-07,7.360053098638232e-07,0.00034551370035881774,11236.716158927511,,,,,
designated_benchmark,primary_instrument1_full,primary,1,test_split_local,CG-FPLS-code,55,0.00034545360293593475,True,6.256865455271314e-07,6.49595377267388e-07,0.00034545360293593475,31.70242322668051,,,,,
designated_benchmark,primary_instrument1_full,primary,1,test_split_local,CG-FPLS-code,56,0.0003200054797712063,True,5.856044224078158e-07,6.029681711938e-07,0.0003200054797712063,13386.394100978301,,,,,
designated_benchmark,primary_instrument1_full,primary,1,test_split_local,CG-FPLS-code,57,0.00031948271686452494,True,5.02899420605268e-07,6.031494443683486e-07,0.00031948271686452494,278.5457158559932,,,,,
designated_benchmark,primary_instrument1_full,primary,1,test_split_local,CG-FPLS-code,58,0.0003154954339204447,True,4.567886127709514e-07,5.937377030855666e-07,0.0003154954339204447,2120.3234650272116,,,,,
designated_benchmark,primary_instrument1_full,primary,1,test_split_local,CG-FPLS-code,59,0.00029969771679363684,True,3.828823520876672e-07,5.478806102199286e-07,0.00029969771679363684,8772.321196449355,,,,,
designated_benchmark,primary_instrument1_full,primary,1,test_split_local,CG-FPLS-code,60,0.000286811334402002,True,3.200215196158815e-07,5.493818524093598e-07,0.000286811334402002,7463.199714066778,,,,,
designated_benchmark,primary_instrument1_full,primary,1,test_split_local,CG-FPLS-code,61,0.000286797231136367,True,2.926287015452319e-07,5.459899414280986e-07,0.000286797231136367,8.416792578521878,,,,,
designated_benchmark,primary_instrument1_full,primary,1,test_split_local,CG-FPLS-code,62,0.0002771568965803911,True,2.6973694542482515e-07,5.344520227147149e-07,0.0002771568965803911,5999.4050318461,,,,,
designated_benchmark,primary_instrument1_full,primary,1,test_split_local,CG-FPLS-code,63,0.00027610667457231844,True,2.469735165726811e-07,5.164642398905056e-07,0.00027610667457231844,663.5855034747595,,,,,
designated_benchmark,primary_instrument1_full,primary,1,test_split_local,CG-FPLS-code,64,0.0002721618530115494,True,2.237849755745318e-07,5.101383529560143e-07,0.0002721618530115494,2684.058846352386,,,,,
designated_benchmark,primary_instrument1_full,primary,1,test_split_local,CG-FPLS-code,65,0.0002711632038259338,True,2.0481412621713e-07,5.070541014057818e-07,0.0002711632038259338,716.2238549314092,,,,,
designated_benchmark,primary_instrument1_full,primary,1,test_split_local,CG-FPLS-code,66,0.00026753846524196724,True,1.9539325544558915e-07,5.017491600586751e-07,0.00026753846524196724,2582.5154207714404,,,,,
designated_benchmark,primary_instrument1_full,primary,1,test_split_local,CG-FPLS-code,67,0.0002664751691064871,True,1.6729972653905368e-07,4.487567695839297e-07,0.0002664751691064871,831.3867667683667,,,,,
designated_benchmark,primary_instrument1_full,primary,1,test_split_local,CG-FPLS-code,68,0.0002663887192880598,True,1.63206362418002e-07,3.9655385378580553e-07,0.0002663887192880598,67.71362777576205,,,,,
designated_benchmark,primary_instrument1_full,primary,1,test_split_local,CG-FPLS-code,69,0.0002629905864200895,True,1.568151002417378e-07,3.900767047488909e-07,0.0002629905864200895,2838.0800650301403,,,,,
designated_benchmark,primary_instrument1_full,primary,1,test_split_local,CG-FPLS-code,70,0.0002610918400290715,True,1.4656647490512992e-07,3.8893411621933477e-07,0.0002610918400290715,1584.178032618598,,,,,
designated_benchmark,primary_instrument1_full,primary,1,test_split_local,Raw FPLS,1,287.22052594061273,True,,,,,True,1.0,1.0,1.5669452323435986,
designated_benchmark,primary_instrument1_full,primary,1,test_split_local,Raw FPLS,2,224.26256239051278,True,,,,,True,5.421510365760541,13.079162036164819,-0.07373851771979116,
designated_benchmark,primary_instrument1_full,primary,1,test_split_local,Raw FPLS,3,32.96606016200894,True,,,,,True,69.71649920649365,493.8399579038054,-1.6736036284961824,
designated_benchmark,primary_instrument1_full,primary,1,test_split_local,Raw FPLS,4,24.386286219973506,True,,,,,True,18719.639473860905,131007.02124986278,-3.2718324854245715,
designated_benchmark,primary_instrument1_full,primary,1,test_split_local,Raw FPLS,5,23.705379764650832,True,,,,,True,2882222.190794609,31619462.528921593,-4.869982939754737,
designated_benchmark,primary_instrument1_full,primary,1,test_split_local,Raw FPLS,6,inf,False,,,,,True,573644606.0256088,9521440769.947515,-6.468129646460127,
designated_benchmark,primary_instrument1_full,primary,1,test_split_local,Raw FPLS,7,23.82166748358835,True,,,,,True,242176499529.22284,4989894817568.637,-8.066276174063322,
designated_benchmark,primary_instrument1_full,primary,1,test_split_local,Raw FPLS,8,inf,False,,,,,False,151534424278856.22,2346682100303111.5,-9.664422693107149,
designated_benchmark,primary_instrument1_full,primary,1,test_split_local,Raw FPLS,9,25.89265011099041,True,,,,,True,4503599627370496.0,4503599627370496.0,-11.262569211741921,
designated_benchmark,primary_instrument1_full,primary,1,test_split_local,Raw FPLS,10,23.7887806892561,True,,,,,True,4503599627370496.0,4503599627370496.0,-12.860715730357144,
designated_benchmark,primary_instrument1_full,primary,1,test_split_local,Raw FPLS,11,23.699558091243773,True,,,,,True,4503599627370496.0,4503599627370496.0,-14.458862248971432,
designated_benchmark,primary_instrument1_full,primary,1,test_split_local,Raw FPLS,12,23.78790084911502,True,,,,,True,4503599627370496.0,4503599627370496.0,-16.057008767585675,
designated_benchmark,primary_instrument1_full,primary,1,test_split_local,Raw FPLS,13,55.60612305386421,True,,,,,True,4503599627370496.0,4503599627370496.0,-17.655155286199918,
designated_benchmark,primary_instrument1_full,primary,1,test_split_local,Raw FPLS,14,23.523790697594126,True,,,,,True,4503599627370496.0,4503599627370496.0,-19.25330180481416,
designated_benchmark,primary_instrument1_full,primary,1,test_split_local,Raw FPLS,15,28.72472559264285,True,,,,,True,4503599627370496.0,4503599627370496.0,-20.851448323428404,
designated_benchmark,primary_instrument1_full,primary,1,test_split_local,Raw FPLS,16,28.59389553338279,True,,,,,True,4503599627370496.0,4503599627370496.0,-22.449594842042643,
designated_benchmark,primary_instrument1_full,primary,1,test_split_local,Raw FPLS,17,25.031382277652792,True,,,,,True,4503599627370496.0,4503599627370496.0,-24.047741360656886,
designated_benchmark,primary_instrument1_full,primary,1,test_split_local,Raw FPLS,18,27.297468863864385,True,,,,,True,4503599627370496.0,4503599627370496.0,-25.64588787927113,
designated_benchmark,primary_instrument1_full,primary,1,test_split_local,Raw FPLS,19,23.46703047484786,True,,,,,True,4503599627370496.0,4503599627370496.0,-27.24403439788537,
designated_benchmark,primary_instrument1_full,primary,1,test_split_local,Raw FPLS,20,27.11270942604329,True,,,,,True,4503599627370496.0,4503599627370496.0,-28.84218091649961,
designated_benchmark,primary_instrument1_full,primary,1,test_split_local,Raw FPLS,21,23.659492087925475,True,,,,,True,4503599627370496.0,4503599627370496.0,-30.440327435113854,
designated_benchmark,primary_instrument1_full,primary,1,test_split_local,Raw FPLS,22,23.763056838441262,True,,,,,True,4503599627370496.0,4503599627370496.0,-32.038473953728094,
designated_benchmark,primary_instrument1_full,primary,1,test_split_local,Raw FPLS,23,23.680906666741546,True,,,,,True,4503599627370496.0,4503599627370496.0,-33.63662047234234,
designated_benchmark,primary_instrument1_full,primary,1,test_split_local,Raw FPLS,24,23.681573705014063,True,,,,,True,4503599627370496.0,4503599627370496.0,-35.23476699095658,
designated_benchmark,primary_instrument1_full,primary,1,test_split_local,Raw FPLS,25,23.74766384033774,True,,,,,True,4503599627370496.0,4503599627370496.0,-36.83291350957082,
designated_benchmark,primary_instrument1_full,primary,1,test_split_local,Raw FPLS,26,23.768802145721263,True,,,,,True,4503599627370496.0,4503599627370496.0,-38.431060028185065,
designated_benchmark,primary_instrument1_full,primary,1,test_split_local,Raw FPLS,27,23.72456440449138,True,,,,,True,4503599627370496.0,4503599627370496.0,-40.0292065467993,
designated_benchmark,primary_instrument1_full,primary,1,test_split_local,Raw FPLS,28,23.746184625094678,True,,,,,True,4503599627370496.0,4503599627370496.0,-41.627353065413544,
designated_benchmark,primary_instrument1_full,primary,1,test_split_local,Raw FPLS,29,23.748711519769223,True,,,,,True,4503599627370496.0,4503599627370496.0,-43.22549958402779,
designated_benchmark,primary_instrument1_full,primary,1,test_split_local,Raw FPLS,30,26.168711586968413,True,,,,,True,4503599627370496.0,4503599627370496.0,-44.82364610264203,
designated_benchmark,primary_instrument1_full,primary,1,test_split_local,Raw FPLS,31,24.01351096001964,True,,,,,True,4503599627370496.0,4503599627370496.0,-46.42179262125627,
designated_benchmark,primary_instrument1_full,primary,1,test_split_local,Raw FPLS,32,23.8110883745493,True,,,,,True,4503599627370496.0,4503599627370496.0,-48.019939139870516,
designated_benchmark,primary_instrument1_full,primary,1,test_split_local,Raw FPLS,33,24.9056028412191,True,,,,,True,4503599627370496.0,4503599627370496.0,-49.61808565848475,
designated_benchmark,primary_instrument1_full,primary,1,test_split_local,Raw FPLS,34,24.121267473875985,True,,,,,True,4503599627370496.0,4503599627370496.0,-51.216232177098995,
designated_benchmark,primary_instrument1_full,primary,1,test_split_local,Raw FPLS,35,23.669915351400537,True,,,,,True,4503599627370496.0,4503599627370496.0,-52.81437869571324,
designated_benchmark,primary_instrument1_full,primary,1,test_split_local,Raw FPLS,36,23.687762790999695,True,,,,,True,4503599627370496.0,4503599627370496.0,-54.41252521432748,
designated_benchmark,primary_instrument1_full,primary,1,test_split_local,Raw FPLS,37,23.632171035718617,True,,,,,True,4503599627370496.0,4503599627370496.0,-56.010671732941724,
designated_benchmark,primary_instrument1_full,primary,1,test_split_local,Raw FPLS,38,23.629704729612413,True,,,,,True,4503599627370496.0,4503599627370496.0,-57.60881825155597,
designated_benchmark,primary_instrument1_full,primary,1,test_split_local,Raw FPLS,39,23.70209668412075,True,,,,,True,4503599627370496.0,4503599627370496.0,-59.2069647701702,
designated_benchmark,primary_instrument1_full,primary,1,test_split_local,Raw FPLS,40,25.58489379923312,True,,,,,True,4503599627370496.0,4503599627370496.0,-60.805111288784445,
designated_benchmark,primary_instrument1_full,primary,1,test_split_local,Raw FPLS,41,29.27947582255395,True,,,,,True,4503599627370496.0,4503599627370496.0,-62.40325780739869,
designated_benchmark,primary_instrument1_full,primary,1,test_split_local,Raw FPLS,42,56.710218308637515,True,,,,,True,4503599627370496.0,4503599627370496.0,-64.00140432601293,
designated_benchmark,primary_instrument1_full,primary,1,test_split_local,Raw FPLS,43,32.233859646696544,True,,,,,True,4503599627370496.0,4503599627370496.0,-65.59955084462717,
designated_benchmark,primary_instrument1_full,primary,1,test_split_local,Raw FPLS,44,23.899245970954098,True,,,,,True,4503599627370496.0,4503599627370496.0,-67.19769736324142,
designated_benchmark,primary_instrument1_full,primary,1,test_split_local,Raw FPLS,45,24.138942051846843,True,,,,,True,4503599627370496.0,4503599627370496.0,-68.79584388185566,
designated_benchmark,primary_instrument1_full,primary,1,test_split_local,Raw FPLS,46,24.112577162787005,True,,,,,True,4503599627370496.0,4503599627370496.0,-70.3939904004699,
designated_benchmark,primary_instrument1_full,primary,1,test_split_local,Raw FPLS,47,23.65070022218601,True,,,,,True,4503599627370496.0,4503599627370496.0,-71.99213691908415,
designated_benchmark,primary_instrument1_full,primary,1,test_split_local,Raw FPLS,48,23.687260860489566,True,,,,,True,4503599627370496.0,4503599627370496.0,-73.59028343769839,
designated_benchmark,primary_instrument1_full,primary,1,test_split_local,Raw FPLS,49,23.939467602896073,True,,,,,True,4503599627370496.0,4503599627370496.0,-75.18842995631262,
designated_benchmark,primary_instrument1_full,primary,1,test_split_local,Raw FPLS,50,23.467085282014192,True,,,,,True,4503599627370496.0,4503599627370496.0,-76.78657647492686,
designated_benchmark,primary_instrument1_full,primary,1,test_split_local,Raw FPLS,51,23.72628129796827,True,,,,,True,4503599627370496.0,4503599627370496.0,-78.3847229935411,
designated_benchmark,primary_instrument1_full,primary,1,test_split_local,Raw FPLS,52,24.232924382066855,True,,,,,True,4503599627370496.0,4503599627370496.0,-79.98286951215535,
designated_benchmark,primary_instrument1_full,primary,1,test_split_local,Raw FPLS,53,23.675236979918107,True,,,,,True,4503599627370496.0,4503599627370496.0,-81.58101603076959,
designated_benchmark,primary_instrument1_full,primary,1,test_split_local,Raw FPLS,54,87.79802443581504,True,,,,,True,4503599627370496.0,4503599627370496.0,-83.17916254938383,
designated_benchmark,primary_instrument1_full,primary,1,test_split_local,Raw FPLS,55,23.42938259074006,True,,,,,True,4503599627370496.0,4503599627370496.0,-84.77730906799808,
designated_benchmark,primary_instrument1_full,primary,1,test_split_local,Raw FPLS,56,23.74431453540557,True,,,,,True,4503599627370496.0,4503599627370496.0,-86.37545558661232,
designated_benchmark,primary_instrument1_full,primary,1,test_split_local,Raw FPLS,57,24.759175954055433,True,,,,,True,4503599627370496.0,4503599627370496.0,-87.97360210522656,
designated_benchmark,primary_instrument1_full,primary,1,test_split_local,Raw FPLS,58,24.44988517839643,True,,,,,True,4503599627370496.0,4503599627370496.0,-89.5717486238408,
designated_benchmark,primary_instrument1_full,primary,1,test_split_local,Raw FPLS,59,24.008305208325194,True,,,,,True,4503599627370496.0,4503599627370496.0,-91.16989514245505,
designated_benchmark,primary_instrument1_full,primary,1,test_split_local,Raw FPLS,60,25.20146310726715,True,,,,,True,4503599627370496.0,4503599627370496.0,-92.76804166106929,
designated_benchmark,primary_instrument1_full,primary,1,test_split_local,Raw FPLS,61,26.94780270801125,True,,,,,True,4503599627370496.0,4503599627370496.0,-94.36618817968352,
designated_benchmark,primary_instrument1_full,primary,1,test_split_local,Raw FPLS,62,23.626872928946106,True,,,,,True,4503599627370496.0,4503599627370496.0,-95.96433469829776,
designated_benchmark,primary_instrument1_full,primary,1,test_split_local,Raw FPLS,63,23.681071207086287,True,,,,,True,4503599627370496.0,4503599627370496.0,-97.562481216912,
designated_benchmark,primary_instrument1_full,primary,1,test_split_local,Raw FPLS,64,24.142659231399225,True,,,,,True,4503599627370496.0,4503599627370496.0,-99.16062773552625,
designated_benchmark,primary_instrument1_full,primary,1,test_split_local,Raw FPLS,65,37.71027319658176,True,,,,,True,4503599627370496.0,4503599627370496.0,-100.75877425414049,
designated_benchmark,primary_instrument1_full,primary,1,test_split_local,Raw FPLS,66,25.702565558870596,True,,,,,True,4503599627370496.0,4503599627370496.0,-102.35692077275473,
designated_benchmark,primary_instrument1_full,primary,1,test_split_local,Raw FPLS,67,23.818379514936346,True,,,,,True,4503599627370496.0,4503599627370496.0,-103.95506729136898,
designated_benchmark,primary_instrument1_full,primary,1,test_split_local,Raw FPLS,68,40.28423342045619,True,,,,,True,4503599627370496.0,4503599627370496.0,-105.55321380998322,
designated_benchmark,primary_instrument1_full,primary,1,test_split_local,Raw FPLS,69,28.32990346293741,True,,,,,True,4503599627370496.0,4503599627370496.0,-107.15136032859746,
designated_benchmark,primary_instrument1_full,primary,1,test_split_local,Raw FPLS,70,24.302671774063754,True,,,,,True,4503599627370496.0,4503599627370496.0,-108.7495068472117,
designated_benchmark,primary_instrument1_full,primary,1,test_split_local,Arnoldi FPLS,1,287.2205259406128,True,,,,,True,1.0,1.0,,0.0
designated_benchmark,primary_instrument1_full,primary,1,test_split_local,Arnoldi FPLS,2,224.26256239051327,True,,,,,True,1.0000000000000002,2.552570981253283,,2.775557561562892e-16
designated_benchmark,primary_instrument1_full,primary,1,test_split_local,Arnoldi FPLS,3,32.96606016217053,True,,,,,True,1.0000000000000007,8.103141992398943,,6.817217158809327e-16
designated_benchmark,primary_instrument1_full,primary,1,test_split_local,Arnoldi FPLS,4,24.38628817436189,True,,,,,True,1.0000000000000004,8.580312364033912,,7.400902653551862e-16
designated_benchmark,primary_instrument1_full,primary,1,test_split_local,Arnoldi FPLS,5,23.66847647658926,True,,,,,True,1.0000000000000002,11.946868717227112,,7.402939776460758e-16
designated_benchmark,primary_instrument1_full,primary,1,test_split_local,Arnoldi FPLS,6,23.84175294180172,True,,,,,True,1.0000000000000002,21.317871581838617,,7.482080723834516e-16
designated_benchmark,primary_instrument1_full,primary,1,test_split_local,Arnoldi FPLS,7,26.32717317465595,True,,,,,True,1.0000000000000004,31.05840056189709,,7.482153683336795e-16
designated_benchmark,primary_instrument1_full,primary,1,test_split_local,Arnoldi FPLS,8,27.559510901447343,True,,,,,True,1.0000000000000009,36.62389501561558,,7.519133421770531e-16
designated_benchmark,primary_instrument1_full,primary,1,test_split_local,Arnoldi FPLS,9,29.5866688413248,True,,,,,True,1.0000000000000007,47.32601791165411,,7.529735775554397e-16
designated_benchmark,primary_instrument1_full,primary,1,test_split_local,Arnoldi FPLS,10,31.552899462415358,True,,,,,True,1.0000000000000009,58.455232541324996,,7.58735232090278e-16
designated_benchmark,primary_instrument1_full,primary,1,test_split_local,Arnoldi FPLS,11,31.685366292431233,True,,,,,True,1.0000000000000004,68.92466155666946,,7.607510257179991e-16
designated_benchmark,primary_instrument1_full,primary,1,test_split_local,Arnoldi FPLS,12,32.18206985734781,True,,,,,True,1.0000000000000004,85.09208313686716,,7.559212628151032e-16
designated_benchmark,primary_instrument1_full,primary,1,test_split_local,Arnoldi FPLS,13,31.891756970550308,True,,,,,True,1.0000000000000007,103.10790163113948,,7.560066840044494e-16
designated_benchmark,primary_instrument1_full,primary,1,test_split_local,Arnoldi FPLS,14,31.116584638618043,True,,,,,True,1.0000000000000007,121.2140956456132,,7.563267208709892e-16
designated_benchmark,primary_instrument1_full,primary,1,test_split_local,Arnoldi FPLS,15,31.382630584830522,True,,,,,True,1.0000000000000009,134.5961361838569,,7.574261626465426e-16
designated_benchmark,primary_instrument1_full,primary,1,test_split_local,Arnoldi FPLS,16,31.438983663879696,True,,,,,True,1.0000000000000009,148.9978957671595,,7.732437788835651e-16
designated_benchmark,primary_instrument1_full,primary,1,test_split_local,Arnoldi FPLS,17,32.02181043065874,True,,,,,True,1.0000000000000007,163.94019528181144,,7.733566248252617e-16
designated_benchmark,primary_instrument1_full,primary,1,test_split_local,Arnoldi FPLS,18,31.991861659168222,True,,,,,True,1.0000000000000009,180.15552407762593,,7.736027761165954e-16
designated_benchmark,primary_instrument1_full,primary,1,test_split_local,Arnoldi FPLS,19,31.17234931151983,True,,,,,True,1.0000000000000009,203.06919382694986,,7.747758375740386e-16
designated_benchmark,primary_instrument1_full,primary,1,test_split_local,Arnoldi FPLS,20,30.91611461053694,True,,,,,True,1.0000000000000009,225.1746256622528,,7.764078790033327e-16
designated_benchmark,primary_instrument1_full,primary,1,test_split_local,Arnoldi FPLS,21,31.371902723264338,True,,,,,True,1.0000000000000009,247.92535433297803,,7.765433504345601e-16
designated_benchmark,primary_instrument1_full,primary,1,test_split_local,Arnoldi FPLS,22,32.128777819296474,True,,,,,True,1.0000000000000009,281.43640859394986,,7.767608287871176e-16
designated_benchmark,primary_instrument1_full,primary,1,test_split_local,Arnoldi FPLS,23,33.04864847015213,True,,,,,True,1.0000000000000007,317.2760532568543,,7.773688684590032e-16
designated_benchmark,primary_instrument1_full,primary,1,test_split_local,Arnoldi FPLS,24,34.536356817364705,True,,,,,True,1.0000000000000009,344.30915122678795,,7.804776734712565e-16
designated_benchmark,primary_instrument1_full,primary,1,test_split_local,Arnoldi FPLS,25,35.08542265812423,True,,,,,True,1.0000000000000009,390.56386095814435,,7.805472225477509e-16
designated_benchmark,primary_instrument1_full,primary,1,test_split_local,Arnoldi FPLS,26,35.66985374649841,True,,,,,True,1.0000000000000009,428.3209685697215,,7.805506200778406e-16
designated_benchmark,primary_instrument1_full,primary,1,test_split_local,Arnoldi FPLS,27,35.96874564301628,True,,,,,True,1.000000000000001,451.95793372289694,,7.807804167930209e-16
designated_benchmark,primary_instrument1_full,primary,1,test_split_local,Arnoldi FPLS,28,36.3548322092716,True,,,,,True,1.0000000000000007,467.346754640521,,7.87335681027452e-16
designated_benchmark,primary_instrument1_full,primary,1,test_split_local,Arnoldi FPLS,29,36.75203170752067,True,,,,,True,1.0000000000000007,488.64879866581623,,7.87738512905692e-16
designated_benchmark,primary_instrument1_full,primary,1,test_split_local,Arnoldi FPLS,30,37.65872545313237,True,,,,,True,1.0000000000000009,507.28925685850555,,7.878145526477379e-16
designated_benchmark,primary_instrument1_full,primary,1,test_split_local,Arnoldi FPLS,31,38.683290691230866,True,,,,,True,1.0000000000000009,528.9902553102786,,7.879624345285594e-16
designated_benchmark,primary_instrument1_full,primary,1,test_split_local,Arnoldi FPLS,32,37.64026371893732,True,,,,,True,1.0000000000000007,547.2743370204448,,7.857835580199827e-16
designated_benchmark,primary_instrument1_full,primary,1,test_split_local,Arnoldi FPLS,33,37.742020517767806,True,,,,,True,1.0000000000000004,570.0383043079144,,7.858367878609676e-16
designated_benchmark,primary_instrument1_full,primary,1,test_split_local,Arnoldi FPLS,34,37.78515025285834,True,,,,,True,1.0000000000000009,581.4391951501806,,7.858474380551912e-16
designated_benchmark,primary_instrument1_full,primary,1,test_split_local,Arnoldi FPLS,35,36.65130030202916,True,,,,,True,1.0000000000000009,595.9052978736134,,7.858832523927102e-16
designated_benchmark,primary_instrument1_full,primary,1,test_split_local,Arnoldi FPLS,36,37.12097854518484,True,,,,,True,1.0000000000000009,610.0927651651948,,7.876840551740303e-16
designated_benchmark,primary_instrument1_full,primary,1,test_split_local,Arnoldi FPLS,37,37.912691364553105,True,,,,,True,1.0000000000000007,625.9975567136066,,7.882012489777367e-16
designated_benchmark,primary_instrument1_full,primary,1,test_split_local,Arnoldi FPLS,38,38.24440328529374,True,,,,,True,1.0000000000000007,643.989909441255,,7.882760966926171e-16
designated_benchmark,primary_instrument1_full,primary,1,test_split_local,Arnoldi FPLS,39,38.10876916089726,True,,,,,True,1.0000000000000009,667.0999244232449,,7.892359447734861e-16
designated_benchmark,primary_instrument1_full,primary,1,test_split_local,Arnoldi FPLS,40,37.79606112629406,True,,,,,True,1.0000000000000007,706.2378712231881,,8.456584889761979e-16
designated_benchmark,primary_instrument1_full,primary,1,test_split_local,Arnoldi FPLS,41,39.05543962088331,True,,,,,True,1.0000000000000009,727.2113377709967,,8.459844403133778e-16
designated_benchmark,primary_instrument1_full,primary,1,test_split_local,Arnoldi FPLS,42,39.751385250085036,True,,,,,True,1.0000000000000007,743.42565230285,,8.46186159532818e-16
designated_benchmark,primary_instrument1_full,primary,1,test_split_local,Arnoldi FPLS,43,39.75147679355577,True,,,,,True,1.000000000000001,775.3477520222884,,8.462830196385382e-16
designated_benchmark,primary_instrument1_full,primary,1,test_split_local,Arnoldi FPLS,44,40.5726254991625,True,,,,,True,1.0000000000000007,804.6670110118789,,8.471802783942089e-16
designated_benchmark,primary_instrument1_full,primary,1,test_split_local,Arnoldi FPLS,45,40.857607788575514,True,,,,,True,1.0000000000000009,814.5844183448189,,8.472205754275939e-16
designated_benchmark,primary_instrument1_full,primary,1,test_split_local,Arnoldi FPLS,46,41.17741963036793,True,,,,,True,1.0000000000000007,827.0216642788556,,8.473248766225023e-16
designated_benchmark,primary_instrument1_full,primary,1,test_split_local,Arnoldi FPLS,47,42.22120705767055,True,,,,,True,1.000000000000001,843.721308168085,,8.489420099117504e-16
designated_benchmark,primary_instrument1_full,primary,1,test_split_local,Arnoldi FPLS,48,43.476802085147725,True,,,,,True,1.0000000000000013,891.6752673612723,,8.510008807806225e-16
designated_benchmark,primary_instrument1_full,primary,1,test_split_local,Arnoldi FPLS,49,42.98175300318793,True,,,,,True,1.0000000000000009,905.2591020380047,,8.542239577341521e-16
designated_benchmark,primary_instrument1_full,primary,1,test_split_local,Arnoldi FPLS,50,43.28638265368085,True,,,,,True,1.0000000000000009,931.8128881340389,,8.546832282283807e-16
designated_benchmark,primary_instrument1_full,primary,1,test_split_local,Arnoldi FPLS,51,43.76894984383111,True,,,,,True,1.000000000000001,952.3268872023673,,8.547121016440682e-16
designated_benchmark,primary_instrument1_full,primary,1,test_split_local,Arnoldi FPLS,52,43.915460036703415,True,,,,,True,1.0000000000000007,966.1688591239717,,8.531246215334268e-16
designated_benchmark,primary_instrument1_full,primary,1,test_split_local,Arnoldi FPLS,53,44.14934924208048,True,,,,,True,1.0000000000000009,987.4791207574619,,8.560520500544985e-16
designated_benchmark,primary_instrument1_full,primary,1,test_split_local,Arnoldi FPLS,54,45.71437039000425,True,,,,,True,1.0000000000000013,1038.89451479686,,8.565234679269019e-16
designated_benchmark,primary_instrument1_full,primary,1,test_split_local,Arnoldi FPLS,55,45.56493583893784,True,,,,,True,1.0000000000000009,1090.9112492971963,,8.565541819699288e-16
designated_benchmark,primary_instrument1_full,primary,1,test_split_local,Arnoldi FPLS,56,47.450341156215494,True,,,,,True,1.000000000000001,1115.5644819575195,,8.683370151694752e-16
designated_benchmark,primary_instrument1_full,primary,1,test_split_local,Arnoldi FPLS,57,49.505165819295655,True,,,,,True,1.0000000000000009,1220.865948686603,,8.684200622592512e-16
designated_benchmark,primary_instrument1_full,primary,1,test_split_local,Arnoldi FPLS,58,50.75946453503404,True,,,,,True,1.0000000000000009,1329.5777128532502,,8.684870875046554e-16
designated_benchmark,primary_instrument1_full,primary,1,test_split_local,Arnoldi FPLS,59,53.415846722256184,True,,,,,True,1.000000000000001,1554.8177983271216,,8.687418393516369e-16
designated_benchmark,primary_instrument1_full,primary,1,test_split_local,Arnoldi FPLS,60,55.70648424514442,True,,,,,True,1.0000000000000009,1765.634844636015,,8.71511418657685e-16
designated_benchmark,primary_instrument1_full,primary,1,test_split_local,Arnoldi FPLS,61,59.25299296831673,True,,,,,True,1.0000000000000007,1887.6896629803246,,8.715186806710039e-16
designated_benchmark,primary_instrument1_full,primary,1,test_split_local,Arnoldi FPLS,62,62.65587990041667,True,,,,,True,1.0000000000000009,2025.3042368795375,,8.715539749612743e-16
designated_benchmark,primary_instrument1_full,primary,1,test_split_local,Arnoldi FPLS,63,64.42493131967757,True,,,,,True,1.0000000000000009,2207.089928293956,,8.7173313205749e-16
designated_benchmark,primary_instrument1_full,primary,1,test_split_local,Arnoldi FPLS,64,66.56324215225068,True,,,,,True,1.000000000000001,2401.3323862129027,,8.994874717984169e-16
designated_benchmark,primary_instrument1_full,primary,1,test_split_local,Arnoldi FPLS,65,68.3464291139337,True,,,,,True,1.0000000000000009,2573.5941496071937,,9.007108922097426e-16
designated_benchmark,primary_instrument1_full,primary,1,test_split_local,Arnoldi FPLS,66,70.6904499842957,True,,,,,True,1.0000000000000009,2744.8518561352257,,9.007176693174267e-16
designated_benchmark,primary_instrument1_full,primary,1,test_split_local,Arnoldi FPLS,67,72.52615931620802,True,,,,,True,1.0000000000000009,2844.29809164992,,9.019405806931122e-16
designated_benchmark,primary_instrument1_full,primary,1,test_split_local,Arnoldi FPLS,68,73.45342010960125,True,,,,,True,1.000000000000001,2998.1552454066323,,9.032516469089863e-16
designated_benchmark,primary_instrument1_full,primary,1,test_split_local,Arnoldi FPLS,69,74.85503124603429,True,,,,,True,1.0000000000000009,3137.9449619391044,,9.051060130199297e-16
designated_benchmark,primary_instrument1_full,primary,1,test_split_local,Arnoldi FPLS,70,76.05803897508322,True,,,,,True,1.0000000000000013,3256.9604837714965,,9.060161730928232e-16
designated_benchmark,primary_instrument1_full,primary,1,test_split_local,FPCR,1,318.87853543055417,True,0.025226295653874485,,,,,,,,
designated_benchmark,primary_instrument1_full,primary,1,test_split_local,FPCR,2,267.07995177282464,True,0.005514723603712326,,,,,,,,
designated_benchmark,primary_instrument1_full,primary,1,test_split_local,FPCR,3,258.62023710061294,True,0.0006779868683390524,,,,,,,,
designated_benchmark,primary_instrument1_full,primary,1,test_split_local,FPCR,4,90.8238794025137,True,0.00038472621783100253,,,,,,,,
designated_benchmark,primary_instrument1_full,primary,1,test_split_local,FPCR,5,27.49410679264737,True,0.00029431236768045013,,,,,,,,
designated_benchmark,primary_instrument1_full,primary,1,test_split_local,FPCR,6,26.485836872243738,True,0.00017314480729081793,,,,,,,,
designated_benchmark,primary_instrument1_full,primary,1,test_split_local,FPCR,7,23.685313237112666,True,0.00011622761989737651,,,,,,,,
designated_benchmark,primary_instrument1_full,primary,1,test_split_local,FPCR,8,23.872480263537973,True,9.298193551795505e-05,,,,,,,,
designated_benchmark,primary_instrument1_full,primary,1,test_split_local,FPCR,9,24.0272276166468,True,7.780504196486148e-05,,,,,,,,
designated_benchmark,primary_instrument1_full,primary,1,test_split_local,FPCR,10,24.210498893950522,True,6.263058134732338e-05,,,,,,,,
designated_benchmark,primary_instrument1_full,primary,1,test_split_local,FPCR,11,24.47433957824806,True,5.8297323928958805e-05,,,,,,,,
designated_benchmark,primary_instrument1_full,primary,1,test_split_local,FPCR,12,23.770795499774135,True,5.536607692614931e-05,,,,,,,,
designated_benchmark,primary_instrument1_full,primary,1,test_split_local,FPCR,13,23.833476982533487,True,4.925393142814344e-05,,,,,,,,
designated_benchmark,primary_instrument1_full,primary,1,test_split_local,FPCR,14,23.70008336953028,True,4.401903616692596e-05,,,,,,,,
designated_benchmark,primary_instrument1_full,primary,1,test_split_local,FPCR,15,23.95756204594075,True,4.313199070258672e-05,,,,,,,,
designated_benchmark,primary_instrument1_full,primary,1,test_split_local,FPCR,16,23.365660337471567,True,3.8192041784329295e-05,,,,,,,,
designated_benchmark,primary_instrument1_full,primary,1,test_split_local,FPCR,17,23.606188526058222,True,3.452544839511131e-05,,,,,,,,
designated_benchmark,primary_instrument1_full,primary,1,test_split_local,FPCR,18,23.71031848968844,True,3.350546844493261e-05,,,,,,,,
designated_benchmark,primary_instrument1_full,primary,1,test_split_local,FPCR,19,23.980345175375287,True,3.164619927053636e-05,,,,,,,,
designated_benchmark,primary_instrument1_full,primary,1,test_split_local,FPCR,20,24.123893642433035,True,2.963520313072156e-05,,,,,,,,
designated_benchmark,primary_instrument1_full,primary,1,test_split_local,FPCR,21,24.147786285716762,True,2.8752315602170623e-05,,,,,,,,
designated_benchmark,primary_instrument1_full,primary,1,test_split_local,FPCR,22,24.34854421905807,True,2.789656557971822e-05,,,,,,,,
designated_benchmark,primary_instrument1_full,primary,1,test_split_local,FPCR,23,24.193589429705522,True,2.558942910655507e-05,,,,,,,,
designated_benchmark,primary_instrument1_full,primary,1,test_split_local,FPCR,24,24.180358775710285,True,2.534614600419939e-05,,,,,,,,
designated_benchmark,primary_instrument1_full,primary,1,test_split_local,FPCR,25,24.348351839425515,True,2.4423339079221705e-05,,,,,,,,
designated_benchmark,primary_instrument1_full,primary,1,test_split_local,FPCR,26,24.09305368208867,True,2.2464458240315244e-05,,,,,,,,
designated_benchmark,primary_instrument1_full,primary,1,test_split_local,FPCR,27,23.947100801367803,True,2.1643956673453156e-05,,,,,,,,
designated_benchmark,primary_instrument1_full,primary,1,test_split_local,FPCR,28,24.151059753224693,True,2.0937221351241467e-05,,,,,,,,
designated_benchmark,primary_instrument1_full,primary,1,test_split_local,FPCR,29,23.888550739007567,True,1.8046897701567805e-05,,,,,,,,
designated_benchmark,primary_instrument1_full,primary,1,test_split_local,FPCR,30,24.16762005711534,True,1.738893920863076e-05,,,,,,,,
designated_benchmark,primary_instrument1_full,primary,1,test_split_local,FPCR,31,24.43967705531831,True,1.5734792835603087e-05,,,,,,,,
designated_benchmark,primary_instrument1_full,primary,1,test_split_local,FPCR,32,24.738264129393503,True,1.4876492496347953e-05,,,,,,,,
designated_benchmark,primary_instrument1_full,primary,1,test_split_local,FPCR,33,24.911038272255354,True,1.4240567744022979e-05,,,,,,,,
designated_benchmark,primary_instrument1_full,primary,1,test_split_local,FPCR,34,25.21830467430909,True,1.3450260927415467e-05,,,,,,,,
designated_benchmark,primary_instrument1_full,primary,1,test_split_local,FPCR,35,23.812899073330733,True,1.20227611237912e-05,,,,,,,,
designated_benchmark,primary_instrument1_full,primary,1,test_split_local,FPCR,36,24.022217281445556,True,1.1414195669391119e-05,,,,,,,,
designated_benchmark,primary_instrument1_full,primary,1,test_split_local,FPCR,37,24.325477411029873,True,1.0371866159123886e-05,,,,,,,,
designated_benchmark,primary_instrument1_full,primary,1,test_split_local,FPCR,38,23.748523892560904,True,9.99058944243776e-06,,,,,,,,
designated_benchmark,primary_instrument1_full,primary,1,test_split_local,FPCR,39,23.742504574844517,True,8.506269300344956e-06,,,,,,,,
designated_benchmark,primary_instrument1_full,primary,1,test_split_local,FPCR,40,23.57784804446817,True,8.355171679112884e-06,,,,,,,,
designated_benchmark,primary_instrument1_full,primary,1,test_split_local,FPCR,41,23.481648327556307,True,7.556434058312274e-06,,,,,,,,
designated_benchmark,primary_instrument1_full,primary,1,test_split_local,FPCR,42,23.737600807552113,True,6.2337515900161464e-06,,,,,,,,
designated_benchmark,primary_instrument1_full,primary,1,test_split_local,FPCR,43,23.444760303783323,True,5.8207415809657765e-06,,,,,,,,
designated_benchmark,primary_instrument1_full,primary,1,test_split_local,FPCR,44,23.746105448514648,True,5.6191861611284775e-06,,,,,,,,
designated_benchmark,primary_instrument1_full,primary,1,test_split_local,FPCR,45,23.784128401603613,True,4.234153917552079e-06,,,,,,,,
designated_benchmark,primary_instrument1_full,primary,1,test_split_local,FPCR,46,24.101788594353245,True,3.5769476402224597e-06,,,,,,,,
designated_benchmark,primary_instrument1_full,primary,1,test_split_local,FPCR,47,23.768555194907858,True,2.9665788789616004e-06,,,,,,,,
designated_benchmark,primary_instrument1_full,primary,1,test_split_local,FPCR,48,23.357666203432508,True,2.430481076306474e-06,,,,,,,,
designated_benchmark,primary_instrument1_full,primary,1,test_split_local,FPCR,49,23.61476171862332,True,1.6954359653958532e-06,,,,,,,,
designated_benchmark,primary_instrument1_full,primary,1,test_split_local,FPCR,50,23.83218925925825,True,1.4386137632614282e-06,,,,,,,,
designated_benchmark,primary_instrument1_full,primary,1,test_split_local,FPCR,51,23.07597389434944,True,1.3028546280509486e-06,,,,,,,,
designated_benchmark,primary_instrument1_full,primary,1,test_split_local,FPCR,52,22.210068330702224,True,1.0891081261109847e-06,,,,,,,,
designated_benchmark,primary_instrument1_full,primary,1,test_split_local,FPCR,53,21.80496723919765,True,7.023179288357367e-07,,,,,,,,
designated_benchmark,primary_instrument1_full,primary,1,test_split_local,FPCR,54,22.114503347414008,True,6.955423522779767e-07,,,,,,,,
designated_benchmark,primary_instrument1_full,primary,1,test_split_local,FPCR,55,22.20061436338962,True,6.256865455271314e-07,,,,,,,,
designated_benchmark,primary_instrument1_full,primary,1,test_split_local,FPCR,56,22.384188760105772,True,5.856044224078158e-07,,,,,,,,
designated_benchmark,primary_instrument1_full,primary,1,test_split_local,FPCR,57,22.703645845214922,True,5.02899420605268e-07,,,,,,,,
designated_benchmark,primary_instrument1_full,primary,1,test_split_local,FPCR,58,22.99416688711252,True,4.567886127709514e-07,,,,,,,,
designated_benchmark,primary_instrument1_full,primary,1,test_split_local,FPCR,59,23.121078593587907,True,3.828823520876672e-07,,,,,,,,
designated_benchmark,primary_instrument1_full,primary,1,test_split_local,FPCR,60,23.46296111680217,True,3.200215196158815e-07,,,,,,,,
designated_benchmark,primary_instrument1_full,primary,1,test_split_local,FPCR,61,23.783211469215715,True,2.926287015452319e-07,,,,,,,,
designated_benchmark,primary_instrument1_full,primary,1,test_split_local,FPCR,62,24.054831101159355,True,2.6973694542482515e-07,,,,,,,,
designated_benchmark,primary_instrument1_full,primary,1,test_split_local,FPCR,63,24.277917197860923,True,2.469735165726811e-07,,,,,,,,
designated_benchmark,primary_instrument1_full,primary,1,test_split_local,FPCR,64,24.584881832965305,True,2.237849755745318e-07,,,,,,,,
designated_benchmark,primary_instrument1_full,primary,1,test_split_local,FPCR,65,24.921588399589147,True,2.0481412621713e-07,,,,,,,,
designated_benchmark,primary_instrument1_full,primary,1,test_split_local,FPCR,66,25.24298099649083,True,1.9539325544558915e-07,,,,,,,,
designated_benchmark,primary_instrument1_full,primary,1,test_split_local,FPCR,67,25.028322041306804,True,1.6729972653905368e-07,,,,,,,,
designated_benchmark,primary_instrument1_full,primary,1,test_split_local,FPCR,68,24.801587031655323,True,1.63206362418002e-07,,,,,,,,
designated_benchmark,primary_instrument1_full,primary,1,test_split_local,FPCR,69,25.101112423163826,True,1.568151002417378e-07,,,,,,,,
designated_benchmark,primary_instrument1_full,primary,1,test_split_local,FPCR,70,25.471433288610843,True,1.4656647490512992e-07,,,,,,,,
designated_benchmark,sensitivity_instrument1_trim1798,sensitivity,1,test_split_local,CG-FPLS-code,1,0.5333123089833204,True,0.026821252361416522,0.41751369562564267,0.5333123089833204,1405.7333596503295,,,,,
designated_benchmark,sensitivity_instrument1_trim1798,sensitivity,1,test_split_local,CG-FPLS-code,2,0.2785530736314243,True,0.00591103381158659,0.09209884114862622,0.2785530736314243,2259.387010816009,,,,,
designated_benchmark,sensitivity_instrument1_trim1798,sensitivity,1,test_split_local,CG-FPLS-code,3,0.013906114745020178,True,0.0003856165790459201,0.002441401421632383,0.013906114745020178,17749.21532947423,,,,,
designated_benchmark,sensitivity_instrument1_trim1798,sensitivity,1,test_split_local,CG-FPLS-code,4,0.009372792803545003,True,0.0003152671255370444,0.00018118066107048676,0.009372792803545003,1338.7059777806144,,,,,
designated_benchmark,sensitivity_instrument1_trim1798,sensitivity,1,test_split_local,CG-FPLS-code,5,0.005039488414583921,True,6.745584598718914e-05,4.001078816750546e-05,0.005039488414583921,3518.0733561135244,,,,,
designated_benchmark,sensitivity_instrument1_trim1798,sensitivity,1,test_split_local,CG-FPLS-code,6,0.002469367689340436,True,2.1440535240174466e-05,3.4616176534574274e-05,0.002469367689340436,10541.841610122534,,,,,
designated_benchmark,sensitivity_instrument1_trim1798,sensitivity,1,test_split_local,CG-FPLS-code,7,0.0023418147597423365,True,9.973401910773455e-06,7.646773637413527e-06,0.0023418147597423365,1100.0026706523581,,,,,
designated_benchmark,sensitivity_instrument1_trim1798,sensitivity,1,test_split_local,CG-FPLS-code,8,0.0018133305289658997,True,7.966559136895084e-06,7.443332896425109e-06,0.0018133305289658997,3945.1038107247796,,,,,
designated_benchmark,sensitivity_instrument1_trim1798,sensitivity,1,test_split_local,CG-FPLS-code,9,0.0012987045021838433,True,4.934175424923806e-06,5.797588778419304e-06,0.0012987045021838433,13037.007207244658,,,,,
designated_benchmark,sensitivity_instrument1_trim1798,sensitivity,1,test_split_local,CG-FPLS-code,10,0.001041310212465613,True,2.2236807429056546e-06,3.441514745944731e-06,0.001041310212465613,4908.2140774585105,,,,,
designated_benchmark,sensitivity_instrument1_trim1798,sensitivity,1,test_split_local,CG-FPLS-code,11,0.0007769809125498957,True,1.8834957994745525e-06,3.1522953207433403e-06,0.0007769809125498957,10173.301851257726,,,,,
designated_benchmark,sensitivity_instrument1_trim1798,sensitivity,1,test_split_local,CG-FPLS-code,12,0.0007051080657234543,True,1.6322695626552572e-06,1.3948783093752106e-06,0.0007051080657234543,8097.472744848824,,,,,
designated_benchmark,sensitivity_instrument1_trim1798,sensitivity,1,test_split_local,CG-FPLS-code,13,0.0007049543574265633,True,9.000836159410401e-07,8.405670044107486e-07,0.0007049543574265633,17.08903278732439,,,,,
designated_benchmark,sensitivity_instrument1_trim1798,sensitivity,1,test_split_local,CG-FPLS-code,14,0.0005933844936060143,True,7.796927639604398e-07,6.855363858993332e-07,0.0005933844936060143,18194.381464835573,,,,,
designated_benchmark,sensitivity_instrument1_trim1798,sensitivity,1,test_split_local,CG-FPLS-code,15,0.0005923666027466604,True,6.114348423941647e-07,6.627525041101702e-07,0.0005923666027466604,298.95991745564055,,,,,
designated_benchmark,sensitivity_instrument1_trim1798,sensitivity,1,test_split_local,CG-FPLS-code,16,0.0005875231793380134,True,5.072936170493899e-07,6.248470722981664e-07,0.0005875231793380134,1637.6765813317868,,,,,
designated_benchmark,sensitivity_instrument1_trim1798,sensitivity,1,test_split_local,CG-FPLS-code,17,0.0004903016971022922,True,4.782391123211679e-07,6.242338709565998e-07,0.0004903016971022922,30074.812566470646,,,,,
designated_benchmark,sensitivity_instrument1_trim1798,sensitivity,1,test_split_local,CG-FPLS-code,18,0.00048827885274026553,True,3.5831087861495894e-07,6.238165562475795e-07,0.00048827885274026553,603.3230955391424,,,,,
designated_benchmark,sensitivity_instrument1_trim1798,sensitivity,1,test_split_local,CG-FPLS-code,19,0.0004882598561676733,True,3.3282021163108593e-07,6.119487495921314e-07,0.0004882598561676733,8.084603331450412,,,,,
designated_benchmark,sensitivity_instrument1_trim1798,sensitivity,1,test_split_local,CG-FPLS-code,20,0.00033578812176708855,True,2.5350832867698893e-07,5.998997994428123e-07,0.00033578812176708855,58075.15615107783,,,,,
designated_benchmark,sensitivity_instrument1_trim1798,sensitivity,1,test_split_local,CG-FPLS-code,21,0.0002993017658175166,True,2.435233883202753e-07,5.575631753915542e-07,0.0002993017658175166,19819.950597186475,,,,,
designated_benchmark,sensitivity_instrument1_trim1798,sensitivity,1,test_split_local,CG-FPLS-code,22,0.0002977752340188451,True,2.3763650844647058e-07,5.241988519953008e-07,0.0002977752340188451,963.1438070078765,,,,,
designated_benchmark,sensitivity_instrument1_trim1798,sensitivity,1,test_split_local,CG-FPLS-code,23,0.0002977353930980314,True,2.1899126845752535e-07,5.111651958492107e-07,0.0002977353930980314,26.69497515557959,,,,,
designated_benchmark,sensitivity_instrument1_trim1798,sensitivity,1,test_split_local,CG-FPLS-code,24,0.00028336173607764343,True,2.0122549921001135e-07,5.061685216690515e-07,0.00028336173607764343,10640.051702440236,,,,,
designated_benchmark,sensitivity_instrument1_trim1798,sensitivity,1,test_split_local,CG-FPLS-code,25,0.00024980139993025066,True,1.9387668072057904e-07,4.993710542559287e-07,0.00024980139993025066,22794.373485281714,,,,,
designated_benchmark,sensitivity_instrument1_trim1798,sensitivity,1,test_split_local,CG-FPLS-code,26,0.00019772724269801113,True,1.805364117089362e-07,4.865999413716418e-07,0.00019772724269801113,47498.621757502806,,,,,
designated_benchmark,sensitivity_instrument1_trim1798,sensitivity,1,test_split_local,CG-FPLS-code,27,0.00019751591618128461,True,1.802184090225108e-07,4.6339453463353e-07,0.00019751591618128461,181.00274357673192,,,,,
designated_benchmark,sensitivity_instrument1_trim1798,sensitivity,1,test_split_local,CG-FPLS-code,28,0.0001722515490246917,True,1.6856935110793842e-07,4.640798326654261e-07,0.0001722515490246917,29424.69221490747,,,,,
designated_benchmark,sensitivity_instrument1_trim1798,sensitivity,1,test_split_local,CG-FPLS-code,29,0.0001717875451860661,True,1.6293154502977867e-07,4.459523761122451e-07,0.0001717875451860661,502.9381550922897,,,,,
designated_benchmark,sensitivity_instrument1_trim1798,sensitivity,1,test_split_local,CG-FPLS-code,30,0.0001712998507227713,True,1.5220917882220437e-07,3.6059671257337817e-07,0.0001712998507227713,532.7867167179005,,,,,
designated_benchmark,sensitivity_instrument1_trim1798,sensitivity,1,test_split_local,CG-FPLS-code,31,0.00017069849077812907,True,1.4384755620568142e-07,3.4726974689988546e-07,0.00017069849077812907,656.1963934138339,,,,,
designated_benchmark,sensitivity_instrument1_trim1798,sensitivity,1,test_split_local,CG-FPLS-code,32,0.00016795968290698966,True,1.4147238589781972e-07,3.477021880153709e-07,0.00016795968290698966,3104.706149181784,,,,,
designated_benchmark,sensitivity_instrument1_trim1798,sensitivity,1,test_split_local,CG-FPLS-code,33,0.0001431345667613422,True,1.3530308030529908e-07,3.3909972856122035e-07,0.0001431345667613422,41839.04748001406,,,,,
designated_benchmark,sensitivity_instrument1_trim1798,sensitivity,1,test_split_local,CG-FPLS-code,34,0.00014313412008662476,True,1.3111777842644666e-07,3.059791767020735e-07,0.00014313412008662476,0.8651641797914253,,,,,
designated_benchmark,sensitivity_instrument1_trim1798,sensitivity,1,test_split_local,CG-FPLS-code,35,0.00013134977168731285,True,1.2626676079535163e-07,2.892903405068356e-07,0.00013134977168731285,30040.20488841414,,,,,
designated_benchmark,sensitivity_instrument1_trim1798,sensitivity,1,test_split_local,CG-FPLS-code,36,0.00013133512029256435,True,1.2526000937621824e-07,2.883084966889396e-07,0.00013133512029256435,46.47118243968468,,,,,
designated_benchmark,sensitivity_instrument1_trim1798,sensitivity,1,test_split_local,CG-FPLS-code,37,0.00013050227440020832,True,1.1625549336131321e-07,2.890779208613321e-07,0.00013050227440020832,2663.2658134763847,,,,,
designated_benchmark,sensitivity_instrument1_trim1798,sensitivity,1,test_split_local,CG-FPLS-code,38,0.00013020110196808972,True,1.1194796704821483e-07,2.88264371427574e-07,0.00013020110196808972,1093.3135933653905,,,,,
designated_benchmark,sensitivity_instrument1_trim1798,sensitivity,1,test_split_local,CG-FPLS-code,39,0.0001301962677628354,True,1.0905312041463097e-07,2.8867929334045456e-07,0.0001301962677628354,17.831376518843403,,,,,
designated_benchmark,sensitivity_instrument1_trim1798,sensitivity,1,test_split_local,CG-FPLS-code,40,0.00013000018371097071,True,1.0542995070841941e-07,2.8674981249098625e-07,0.00013000018371097071,729.9657171696484,,,,,
designated_benchmark,sensitivity_instrument1_trim1798,sensitivity,1,test_split_local,CG-FPLS-code,41,0.00011594577833839829,True,1.0214969038042237e-07,2.877424373531772e-07,0.00011594577833839829,50596.97044354172,,,,,
designated_benchmark,sensitivity_instrument1_trim1798,sensitivity,1,test_split_local,CG-FPLS-code,42,0.00011591183620672826,True,9.823560145056143e-08,2.830229338148114e-07,0.00011591183620672826,125.2952350792422,,,,,
designated_benchmark,sensitivity_instrument1_trim1798,sensitivity,1,test_split_local,CG-FPLS-code,43,0.00010683777945304492,True,9.762624871990047e-08,2.7998673928639474e-07,0.00010683777945304492,40790.62340318275,,,,,
designated_benchmark,sensitivity_instrument1_trim1798,sensitivity,1,test_split_local,CG-FPLS-code,44,0.00010301208347757867,True,9.577550129471343e-08,2.785914186991965e-07,0.00010301208347757867,16202.082424382075,,,,,
designated_benchmark,sensitivity_instrument1_trim1798,sensitivity,1,test_split_local,CG-FPLS-code,45,0.00010118048270005577,True,9.404266410288925e-08,2.6847856914955857e-07,0.00010118048270005577,7547.959922625603,,,,,
designated_benchmark,sensitivity_instrument1_trim1798,sensitivity,1,test_split_local,CG-FPLS-code,46,0.00010004082215337229,True,9.339587751468401e-08,2.6940177208244657e-07,0.00010004082215337229,6682.880467070126,,,,,
designated_benchmark,sensitivity_instrument1_trim1798,sensitivity,1,test_split_local,CG-FPLS-code,47,8.983053095128957e-05,True,8.472777834784451e-08,2.442657682062358e-07,8.983053095128957e-05,59490.37689057683,,,,,
designated_benchmark,sensitivity_instrument1_trim1798,sensitivity,1,test_split_local,CG-FPLS-code,48,8.982868422185851e-05,True,7.892625723576288e-08,2.4097153848687754e-07,8.982868422185851e-05,12.594472230566206,,,,,
designated_benchmark,sensitivity_instrument1_trim1798,sensitivity,1,test_split_local,CG-FPLS-code,49,8.634538006719468e-05,True,7.448756426909765e-08,2.2766959299676032e-07,8.634538006719468e-05,23433.34133039767,,,,,
designated_benchmark,sensitivity_instrument1_trim1798,sensitivity,1,test_split_local,CG-FPLS-code,50,8.546210739832185e-05,True,7.443174309393715e-08,2.1654864008682342e-07,8.546210739832185e-05,5795.17508866706,,,,,
designated_benchmark,sensitivity_instrument1_trim1798,sensitivity,1,test_split_local,CG-FPLS-code,51,8.523425944326536e-05,True,7.004260014306282e-08,2.169018503224233e-07,8.523425944326536e-05,1490.6545576278943,,,,,
designated_benchmark,sensitivity_instrument1_trim1798,sensitivity,1,test_split_local,CG-FPLS-code,52,8.332336846808666e-05,True,6.855571670598748e-08,2.1545268132379507e-07,8.332336846808666e-05,12651.463914407948,,,,,
designated_benchmark,sensitivity_instrument1_trim1798,sensitivity,1,test_split_local,CG-FPLS-code,53,8.311017336887942e-05,True,6.744393644622275e-08,1.9256021222090198e-07,8.311017336887942e-05,1412.7560076210127,,,,,
designated_benchmark,sensitivity_instrument1_trim1798,sensitivity,1,test_split_local,CG-FPLS-code,54,8.31027696377624e-05,True,6.545348104177015e-08,1.9238989475952479e-07,8.31027696377624e-05,49.20639571359835,,,,,
designated_benchmark,sensitivity_instrument1_trim1798,sensitivity,1,test_split_local,CG-FPLS-code,55,8.203493890735419e-05,True,6.125766322221887e-08,1.9309523572364812e-07,8.203493890735419e-05,7064.210593252859,,,,,
designated_benchmark,sensitivity_instrument1_trim1798,sensitivity,1,test_split_local,CG-FPLS-code,56,8.18948934452727e-05,True,5.9488055405209965e-08,1.8159807173701258e-07,8.18948934452727e-05,1107.601751634142,,,,,
designated_benchmark,sensitivity_instrument1_trim1798,sensitivity,1,test_split_local,CG-FPLS-code,57,8.188238636147702e-05,True,5.9328453144076263e-08,1.8182002676228506e-07,8.188238636147702e-05,99.19854406538032,,,,,
designated_benchmark,sensitivity_instrument1_trim1798,sensitivity,1,test_split_local,CG-FPLS-code,58,7.253834755402559e-05,True,5.8449492560196384e-08,1.6029993225771503e-07,7.253834755402559e-05,71424.46276225097,,,,,
designated_benchmark,sensitivity_instrument1_trim1798,sensitivity,1,test_split_local,CG-FPLS-code,59,7.25381896477953e-05,True,5.565699262290837e-08,1.1725871672655727e-07,7.25381896477953e-05,1.3758730668783328,,,,,
designated_benchmark,sensitivity_instrument1_trim1798,sensitivity,1,test_split_local,CG-FPLS-code,60,6.607603020422533e-05,True,5.366150316245851e-08,1.1392317630343737e-07,6.607603020422533e-05,56707.13973941833,,,,,
designated_benchmark,sensitivity_instrument1_trim1798,sensitivity,1,test_split_local,CG-FPLS-code,61,6.544813830263112e-05,True,5.267530125407588e-08,1.1399087220280472e-07,6.544813830263112e-05,6354.388257479002,,,,,
designated_benchmark,sensitivity_instrument1_trim1798,sensitivity,1,test_split_local,CG-FPLS-code,62,6.527478853940906e-05,True,5.002191043154663e-08,1.1120653592763648e-07,6.527478853940906e-05,1744.337407647627,,,,,
designated_benchmark,sensitivity_instrument1_trim1798,sensitivity,1,test_split_local,CG-FPLS-code,63,5.922952350751622e-05,True,4.684980566923586e-08,1.0338514296955996e-07,5.922952350751622e-05,57949.39604656504,,,,,
designated_benchmark,sensitivity_instrument1_trim1798,sensitivity,1,test_split_local,CG-FPLS-code,64,5.922901841057635e-05,True,4.6166839195497544e-08,1.0355225697095601e-07,5.922901841057635e-05,4.650938810658624,,,,,
designated_benchmark,sensitivity_instrument1_trim1798,sensitivity,1,test_split_local,CG-FPLS-code,65,5.920818926461303e-05,True,4.513499397247567e-08,9.981586785843508e-08,5.920818926461303e-05,232.70777287498902,,,,,
designated_benchmark,sensitivity_instrument1_trim1798,sensitivity,1,test_split_local,CG-FPLS-code,66,5.8818577480255325e-05,True,4.3945180075756375e-08,9.365678948893998e-08,5.8818577480255325e-05,4422.8517466514695,,,,,
designated_benchmark,sensitivity_instrument1_trim1798,sensitivity,1,test_split_local,CG-FPLS-code,67,5.421634581974536e-05,True,4.286242035877688e-08,9.203658545220092e-08,5.421634581974536e-05,51715.16716483076,,,,,
designated_benchmark,sensitivity_instrument1_trim1798,sensitivity,1,test_split_local,CG-FPLS-code,68,5.421580619998184e-05,True,4.210175182819244e-08,8.717973709485724e-08,5.421580619998184e-05,6.080195528067937,,,,,
designated_benchmark,sensitivity_instrument1_trim1798,sensitivity,1,test_split_local,CG-FPLS-code,69,5.4215541920434385e-05,True,3.993458699706901e-08,8.553133922470449e-08,5.4215541920434385e-05,3.2026569427483103,,,,,
designated_benchmark,sensitivity_instrument1_trim1798,sensitivity,1,test_split_local,CG-FPLS-code,70,5.3603756263802885e-05,True,3.732161704024474e-08,7.98365180493623e-08,5.3603756263802885e-05,7493.782514045618,,,,,
designated_benchmark,sensitivity_instrument1_trim1798,sensitivity,1,test_split_local,Raw FPLS,1,286.827375840961,True,,,,,True,1.0,1.0,1.563028784032195,
designated_benchmark,sensitivity_instrument1_trim1798,sensitivity,1,test_split_local,Raw FPLS,2,224.29729985794648,True,,,,,True,5.412850409939005,12.913259052261168,-0.05150264024465789,
designated_benchmark,sensitivity_instrument1_trim1798,sensitivity,1,test_split_local,Raw FPLS,3,22.904197568501214,True,,,,,True,69.36123224256131,510.2520697997671,-1.6248156176327866,
designated_benchmark,sensitivity_instrument1_trim1798,sensitivity,1,test_split_local,Raw FPLS,4,22.01483216907244,True,,,,,True,97101.54747868484,1364801.1362454188,-3.1964238734505828,
designated_benchmark,sensitivity_instrument1_trim1798,sensitivity,1,test_split_local,Raw FPLS,5,21.795502032136596,True,,,,,True,23039813.18460548,379141632.4774826,-4.767949062443883,
designated_benchmark,sensitivity_instrument1_trim1798,sensitivity,1,test_split_local,Raw FPLS,6,21.899697664314,True,,,,,True,14193826720.28213,644455220367.4308,-6.339470216005579,
designated_benchmark,sensitivity_instrument1_trim1798,sensitivity,1,test_split_local,Raw FPLS,7,inf,False,,,,,True,65414331250603.54,3284704719233814.0,-7.910991173563956,
designated_benchmark,sensitivity_instrument1_trim1798,sensitivity,1,test_split_local,Raw FPLS,8,21.85101002440889,True,,,,,True,4503599627370496.0,4503599627370496.0,-9.482512121602433,
designated_benchmark,sensitivity_instrument1_trim1798,sensitivity,1,test_split_local,Raw FPLS,9,22.224601052608605,True,,,,,True,4503599627370496.0,4503599627370496.0,-11.054033069178526,
designated_benchmark,sensitivity_instrument1_trim1798,sensitivity,1,test_split_local,Raw FPLS,10,21.53535795622864,True,,,,,True,4503599627370496.0,4503599627370496.0,-12.625554016732163,
designated_benchmark,sensitivity_instrument1_trim1798,sensitivity,1,test_split_local,Raw FPLS,11,22.04955784628832,True,,,,,True,4503599627370496.0,4503599627370496.0,-14.197074964284708,
designated_benchmark,sensitivity_instrument1_trim1798,sensitivity,1,test_split_local,Raw FPLS,12,21.671620501588507,True,,,,,True,4503599627370496.0,4503599627370496.0,-15.7685959118372,
designated_benchmark,sensitivity_instrument1_trim1798,sensitivity,1,test_split_local,Raw FPLS,13,23.871485471696296,True,,,,,True,4503599627370496.0,4503599627370496.0,-17.34011685938969,
designated_benchmark,sensitivity_instrument1_trim1798,sensitivity,1,test_split_local,Raw FPLS,14,21.73272920404443,True,,,,,True,4503599627370496.0,4503599627370496.0,-18.911637806942178,
designated_benchmark,sensitivity_instrument1_trim1798,sensitivity,1,test_split_local,Raw FPLS,15,22.190284449043652,True,,,,,True,4503599627370496.0,4503599627370496.0,-20.483158754494667,
designated_benchmark,sensitivity_instrument1_trim1798,sensitivity,1,test_split_local,Raw FPLS,16,21.709735188595275,True,,,,,True,4503599627370496.0,4503599627370496.0,-22.05467970204716,
designated_benchmark,sensitivity_instrument1_trim1798,sensitivity,1,test_split_local,Raw FPLS,17,21.833728493351565,True,,,,,True,4503599627370496.0,4503599627370496.0,-23.62620064959965,
designated_benchmark,sensitivity_instrument1_trim1798,sensitivity,1,test_split_local,Raw FPLS,18,22.61739167804349,True,,,,,True,4503599627370496.0,4503599627370496.0,-25.19772159715214,
designated_benchmark,sensitivity_instrument1_trim1798,sensitivity,1,test_split_local,Raw FPLS,19,21.70651953547902,True,,,,,True,4503599627370496.0,4503599627370496.0,-26.76924254470463,
designated_benchmark,sensitivity_instrument1_trim1798,sensitivity,1,test_split_local,Raw FPLS,20,21.827183445038006,True,,,,,True,4503599627370496.0,4503599627370496.0,-28.340763492257118,
designated_benchmark,sensitivity_instrument1_trim1798,sensitivity,1,test_split_local,Raw FPLS,21,22.050945129915846,True,,,,,True,4503599627370496.0,4503599627370496.0,-29.912284439809607,
designated_benchmark,sensitivity_instrument1_trim1798,sensitivity,1,test_split_local,Raw FPLS,22,22.225737777376338,True,,,,,True,4503599627370496.0,4503599627370496.0,-31.483805387362096,
designated_benchmark,sensitivity_instrument1_trim1798,sensitivity,1,test_split_local,Raw FPLS,23,21.540913855999413,True,,,,,True,4503599627370496.0,4503599627370496.0,-33.05532633491458,
designated_benchmark,sensitivity_instrument1_trim1798,sensitivity,1,test_split_local,Raw FPLS,24,22.713999810108344,True,,,,,True,4503599627370496.0,4503599627370496.0,-34.626847282467075,
designated_benchmark,sensitivity_instrument1_trim1798,sensitivity,1,test_split_local,Raw FPLS,25,22.06336725425462,True,,,,,True,4503599627370496.0,4503599627370496.0,-36.19836823001956,
designated_benchmark,sensitivity_instrument1_trim1798,sensitivity,1,test_split_local,Raw FPLS,26,21.70042491622304,True,,,,,True,4503599627370496.0,4503599627370496.0,-37.769889177572054,
designated_benchmark,sensitivity_instrument1_trim1798,sensitivity,1,test_split_local,Raw FPLS,27,22.519056022817015,True,,,,,True,4503599627370496.0,4503599627370496.0,-39.34141012512455,
designated_benchmark,sensitivity_instrument1_trim1798,sensitivity,1,test_split_local,Raw FPLS,28,22.546156012226245,True,,,,,True,4503599627370496.0,4503599627370496.0,-40.91293107267703,
designated_benchmark,sensitivity_instrument1_trim1798,sensitivity,1,test_split_local,Raw FPLS,29,22.335361466868488,True,,,,,True,4503599627370496.0,4503599627370496.0,-42.484452020229526,
designated_benchmark,sensitivity_instrument1_trim1798,sensitivity,1,test_split_local,Raw FPLS,30,26.45063394576867,True,,,,,True,4503599627370496.0,4503599627370496.0,-44.05597296778201,
designated_benchmark,sensitivity_instrument1_trim1798,sensitivity,1,test_split_local,Raw FPLS,31,21.747927132342266,True,,,,,True,4503599627370496.0,4503599627370496.0,-45.627493915334504,
designated_benchmark,sensitivity_instrument1_trim1798,sensitivity,1,test_split_local,Raw FPLS,32,35.73473106606626,True,,,,,True,4503599627370496.0,4503599627370496.0,-47.19901486288699,
designated_benchmark,sensitivity_instrument1_trim1798,sensitivity,1,test_split_local,Raw FPLS,33,22.49291294308196,True,,,,,True,4503599627370496.0,4503599627370496.0,-48.77053581043948,
designated_benchmark,sensitivity_instrument1_trim1798,sensitivity,1,test_split_local,Raw FPLS,34,22.091443720186046,True,,,,,True,4503599627370496.0,4503599627370496.0,-50.34205675799197,
designated_benchmark,sensitivity_instrument1_trim1798,sensitivity,1,test_split_local,Raw FPLS,35,22.107691335729033,True,,,,,True,4503599627370496.0,4503599627370496.0,-51.91357770554446,
designated_benchmark,sensitivity_instrument1_trim1798,sensitivity,1,test_split_local,Raw FPLS,36,21.878177521780852,True,,,,,True,4503599627370496.0,4503599627370496.0,-53.48509865309695,
designated_benchmark,sensitivity_instrument1_trim1798,sensitivity,1,test_split_local,Raw FPLS,37,22.163490501101503,True,,,,,True,4503599627370496.0,4503599627370496.0,-55.05661960064944,
designated_benchmark,sensitivity_instrument1_trim1798,sensitivity,1,test_split_local,Raw FPLS,38,25.448397314950046,True,,,,,True,4503599627370496.0,4503599627370496.0,-56.62814054820193,
designated_benchmark,sensitivity_instrument1_trim1798,sensitivity,1,test_split_local,Raw FPLS,39,21.859199725680917,True,,,,,True,4503599627370496.0,4503599627370496.0,-58.19966149575442,
designated_benchmark,sensitivity_instrument1_trim1798,sensitivity,1,test_split_local,Raw FPLS,40,21.988445185285382,True,,,,,True,4503599627370496.0,4503599627370496.0,-59.771182443306905,
designated_benchmark,sensitivity_instrument1_trim1798,sensitivity,1,test_split_local,Raw FPLS,41,26.963650087525423,True,,,,,True,4503599627370496.0,4503599627370496.0,-61.3427033908594,
designated_benchmark,sensitivity_instrument1_trim1798,sensitivity,1,test_split_local,Raw FPLS,42,22.06560289283201,True,,,,,True,4503599627370496.0,4503599627370496.0,-62.914224338411884,
designated_benchmark,sensitivity_instrument1_trim1798,sensitivity,1,test_split_local,Raw FPLS,43,22.16282316792405,True,,,,,True,4503599627370496.0,4503599627370496.0,-64.48574528596437,
designated_benchmark,sensitivity_instrument1_trim1798,sensitivity,1,test_split_local,Raw FPLS,44,22.278862801914077,True,,,,,True,4503599627370496.0,4503599627370496.0,-66.05726623351687,
designated_benchmark,sensitivity_instrument1_trim1798,sensitivity,1,test_split_local,Raw FPLS,45,21.968487268462432,True,,,,,True,4503599627370496.0,4503599627370496.0,-67.62878718106936,
designated_benchmark,sensitivity_instrument1_trim1798,sensitivity,1,test_split_local,Raw FPLS,46,25.334570527338133,True,,,,,True,4503599627370496.0,4503599627370496.0,-69.20030812862184,
designated_benchmark,sensitivity_instrument1_trim1798,sensitivity,1,test_split_local,Raw FPLS,47,22.135474570224115,True,,,,,True,4503599627370496.0,4503599627370496.0,-70.77182907617434,
designated_benchmark,sensitivity_instrument1_trim1798,sensitivity,1,test_split_local,Raw FPLS,48,21.970901425085533,True,,,,,True,4503599627370496.0,4503599627370496.0,-72.34335002372683,
designated_benchmark,sensitivity_instrument1_trim1798,sensitivity,1,test_split_local,Raw FPLS,49,22.31770759125674,True,,,,,True,4503599627370496.0,4503599627370496.0,-73.91487097127931,
designated_benchmark,sensitivity_instrument1_trim1798,sensitivity,1,test_split_local,Raw FPLS,50,21.945044823854456,True,,,,,True,4503599627370496.0,4503599627370496.0,-75.4863919188318,
designated_benchmark,sensitivity_instrument1_trim1798,sensitivity,1,test_split_local,Raw FPLS,51,22.362300392312967,True,,,,,True,4503599627370496.0,4503599627370496.0,-77.0579128663843,
designated_benchmark,sensitivity_instrument1_trim1798,sensitivity,1,test_split_local,Raw FPLS,52,759.1332637768536,True,,,,,True,4503599627370496.0,4503599627370496.0,-78.62943381393679,
designated_benchmark,sensitivity_instrument1_trim1798,sensitivity,1,test_split_local,Raw FPLS,53,22.246041803317347,True,,,,,True,4503599627370496.0,4503599627370496.0,-80.20095476148927,
designated_benchmark,sensitivity_instrument1_trim1798,sensitivity,1,test_split_local,Raw FPLS,54,22.01369723030254,True,,,,,True,4503599627370496.0,4503599627370496.0,-81.77247570904176,
designated_benchmark,sensitivity_instrument1_trim1798,sensitivity,1,test_split_local,Raw FPLS,55,21.935492495619137,True,,,,,True,4503599627370496.0,4503599627370496.0,-83.34399665659426,
designated_benchmark,sensitivity_instrument1_trim1798,sensitivity,1,test_split_local,Raw FPLS,56,21.988777338582597,True,,,,,True,4503599627370496.0,4503599627370496.0,-84.91551760414674,
designated_benchmark,sensitivity_instrument1_trim1798,sensitivity,1,test_split_local,Raw FPLS,57,21.987014405832415,True,,,,,True,4503599627370496.0,4503599627370496.0,-86.48703855169923,
designated_benchmark,sensitivity_instrument1_trim1798,sensitivity,1,test_split_local,Raw FPLS,58,21.7732194769001,True,,,,,True,4503599627370496.0,4503599627370496.0,-88.05855949925171,
designated_benchmark,sensitivity_instrument1_trim1798,sensitivity,1,test_split_local,Raw FPLS,59,21.72009946037349,True,,,,,True,4503599627370496.0,4503599627370496.0,-89.63008044680421,
designated_benchmark,sensitivity_instrument1_trim1798,sensitivity,1,test_split_local,Raw FPLS,60,22.09322869630208,True,,,,,True,4503599627370496.0,4503599627370496.0,-91.2016013943567,
designated_benchmark,sensitivity_instrument1_trim1798,sensitivity,1,test_split_local,Raw FPLS,61,22.08413316415776,True,,,,,True,4503599627370496.0,4503599627370496.0,-92.77312234190919,
designated_benchmark,sensitivity_instrument1_trim1798,sensitivity,1,test_split_local,Raw FPLS,62,21.846537303804073,True,,,,,True,4503599627370496.0,4503599627370496.0,-94.34464328946167,
designated_benchmark,sensitivity_instrument1_trim1798,sensitivity,1,test_split_local,Raw FPLS,63,22.02915362189255,True,,,,,True,4503599627370496.0,4503599627370496.0,-95.91616423701417,
designated_benchmark,sensitivity_instrument1_trim1798,sensitivity,1,test_split_local,Raw FPLS,64,23.789410603271442,True,,,,,True,4503599627370496.0,4503599627370496.0,-97.48768518456666,
designated_benchmark,sensitivity_instrument1_trim1798,sensitivity,1,test_split_local,Raw FPLS,65,22.036641812642515,True,,,,,True,4503599627370496.0,4503599627370496.0,-99.05920613211914,
designated_benchmark,sensitivity_instrument1_trim1798,sensitivity,1,test_split_local,Raw FPLS,66,22.009832040669462,True,,,,,True,4503599627370496.0,4503599627370496.0,-100.63072707967163,
designated_benchmark,sensitivity_instrument1_trim1798,sensitivity,1,test_split_local,Raw FPLS,67,21.95984497035103,True,,,,,True,4503599627370496.0,4503599627370496.0,-102.20224802722413,
designated_benchmark,sensitivity_instrument1_trim1798,sensitivity,1,test_split_local,Raw FPLS,68,21.814490113579804,True,,,,,True,4503599627370496.0,4503599627370496.0,-103.77376897477662,
designated_benchmark,sensitivity_instrument1_trim1798,sensitivity,1,test_split_local,Raw FPLS,69,23.11596846134164,True,,,,,True,4503599627370496.0,4503599627370496.0,-105.3452899223291,
designated_benchmark,sensitivity_instrument1_trim1798,sensitivity,1,test_split_local,Raw FPLS,70,24.17079674576824,True,,,,,True,4503599627370496.0,4503599627370496.0,-106.9168108698816,
designated_benchmark,sensitivity_instrument1_trim1798,sensitivity,1,test_split_local,Arnoldi FPLS,1,286.827375840961,True,,,,,True,1.0,1.0,,0.0
designated_benchmark,sensitivity_instrument1_trim1798,sensitivity,1,test_split_local,Arnoldi FPLS,2,224.29729985794663,True,,,,,True,1.0,2.526221232114173,,5.562659937894482e-16
designated_benchmark,sensitivity_instrument1_trim1798,sensitivity,1,test_split_local,Arnoldi FPLS,3,22.904197569070377,True,,,,,True,1.0000000000000002,8.367267404817621,,5.788768383152052e-16
designated_benchmark,sensitivity_instrument1_trim1798,sensitivity,1,test_split_local,Arnoldi FPLS,4,22.01488503328986,True,,,,,True,1.0000000000000007,13.900583917160802,,5.802273940366813e-16
designated_benchmark,sensitivity_instrument1_trim1798,sensitivity,1,test_split_local,Arnoldi FPLS,5,20.46855699976782,True,,,,,True,1.0000000000000004,24.273440610242126,,5.880780198631109e-16
designated_benchmark,sensitivity_instrument1_trim1798,sensitivity,1,test_split_local,Arnoldi FPLS,6,18.781404559769832,True,,,,,True,1.0000000000000002,55.039769916560246,,5.88194155893053e-16
designated_benchmark,sensitivity_instrument1_trim1798,sensitivity,1,test_split_local,Arnoldi FPLS,7,18.029604630634473,True,,,,,True,1.0000000000000004,72.42746842371511,,5.934176665445086e-16
designated_benchmark,sensitivity_instrument1_trim1798,sensitivity,1,test_split_local,Arnoldi FPLS,8,17.124461763382364,True,,,,,True,1.0000000000000004,128.19140410028848,,7.608687149004216e-16
designated_benchmark,sensitivity_instrument1_trim1798,sensitivity,1,test_split_local,Arnoldi FPLS,9,17.167887098735285,True,,,,,True,1.0000000000000007,163.27588431088967,,7.699065450506753e-16
designated_benchmark,sensitivity_instrument1_trim1798,sensitivity,1,test_split_local,Arnoldi FPLS,10,17.42708060424324,True,,,,,True,1.0000000000000004,257.83766766014537,,1.0955733167088169e-15
designated_benchmark,sensitivity_instrument1_trim1798,sensitivity,1,test_split_local,Arnoldi FPLS,11,18.05203627672138,True,,,,,True,1.0000000000000004,318.6907966366066,,1.114143776900025e-15
designated_benchmark,sensitivity_instrument1_trim1798,sensitivity,1,test_split_local,Arnoldi FPLS,12,19.045556571474464,True,,,,,True,1.0000000000000009,440.88542497873794,,8.380611555597347e-16
designated_benchmark,sensitivity_instrument1_trim1798,sensitivity,1,test_split_local,Arnoldi FPLS,13,20.564157476345677,True,,,,,True,1.0000000000000013,522.1053443700488,,8.391205099443942e-16
designated_benchmark,sensitivity_instrument1_trim1798,sensitivity,1,test_split_local,Arnoldi FPLS,14,22.18649086391223,True,,,,,True,1.0000000000000009,608.1059969878364,,8.397897853082753e-16
designated_benchmark,sensitivity_instrument1_trim1798,sensitivity,1,test_split_local,Arnoldi FPLS,15,23.199267732790716,True,,,,,True,1.0000000000000007,687.5066729493219,,8.624822203897502e-16
designated_benchmark,sensitivity_instrument1_trim1798,sensitivity,1,test_split_local,Arnoldi FPLS,16,25.36255694525166,True,,,,,True,1.0000000000000007,795.5369556581087,,1.2173985593259713e-15
designated_benchmark,sensitivity_instrument1_trim1798,sensitivity,1,test_split_local,Arnoldi FPLS,17,27.80366569532697,True,,,,,True,1.0000000000000007,897.1185754671891,,1.2191209785642304e-15
designated_benchmark,sensitivity_instrument1_trim1798,sensitivity,1,test_split_local,Arnoldi FPLS,18,29.958473882025505,True,,,,,True,1.0000000000000009,1056.0737375564343,,1.2199543534979047e-15
designated_benchmark,sensitivity_instrument1_trim1798,sensitivity,1,test_split_local,Arnoldi FPLS,19,33.80227601048555,True,,,,,True,1.0000000000000007,1261.5137651490015,,1.2222104446837562e-15
designated_benchmark,sensitivity_instrument1_trim1798,sensitivity,1,test_split_local,Arnoldi FPLS,20,36.609538324387586,True,,,,,True,1.0000000000000007,1494.136817117545,,1.2211579438198626e-15
designated_benchmark,sensitivity_instrument1_trim1798,sensitivity,1,test_split_local,Arnoldi FPLS,21,39.88704422470853,True,,,,,True,1.0000000000000007,1682.0056928167278,,1.2213928676225123e-15
designated_benchmark,sensitivity_instrument1_trim1798,sensitivity,1,test_split_local,Arnoldi FPLS,22,42.081985038771364,True,,,,,True,1.0000000000000009,1935.8490143570052,,1.2222596655320911e-15
designated_benchmark,sensitivity_instrument1_trim1798,sensitivity,1,test_split_local,Arnoldi FPLS,23,44.024180524728685,True,,,,,True,1.0000000000000007,2082.024958808976,,1.2222626817118847e-15
designated_benchmark,sensitivity_instrument1_trim1798,sensitivity,1,test_split_local,Arnoldi FPLS,24,44.055531896364606,True,,,,,True,1.0000000000000007,2260.3676887990705,,1.232577617953621e-15
designated_benchmark,sensitivity_instrument1_trim1798,sensitivity,1,test_split_local,Arnoldi FPLS,25,44.70309769074318,True,,,,,True,1.0000000000000007,2431.457977526027,,1.2325846713817673e-15
designated_benchmark,sensitivity_instrument1_trim1798,sensitivity,1,test_split_local,Arnoldi FPLS,26,44.71634765348262,True,,,,,True,1.0000000000000013,2583.0817889338505,,1.2330633976220474e-15
designated_benchmark,sensitivity_instrument1_trim1798,sensitivity,1,test_split_local,Arnoldi FPLS,27,46.2853377071013,True,,,,,True,1.0000000000000007,2773.923638217947,,1.2330732705599403e-15
designated_benchmark,sensitivity_instrument1_trim1798,sensitivity,1,test_split_local,Arnoldi FPLS,28,46.76638291886844,True,,,,,True,1.0000000000000009,3027.783329488558,,1.2347216479081546e-15
designated_benchmark,sensitivity_instrument1_trim1798,sensitivity,1,test_split_local,Arnoldi FPLS,29,47.732420549315506,True,,,,,True,1.0000000000000009,3282.6084554881913,,1.234836441187972e-15
designated_benchmark,sensitivity_instrument1_trim1798,sensitivity,1,test_split_local,Arnoldi FPLS,30,49.24547722438713,True,,,,,True,1.0000000000000009,3559.8957469269367,,1.234841514842709e-15
designated_benchmark,sensitivity_instrument1_trim1798,sensitivity,1,test_split_local,Arnoldi FPLS,31,49.71949508289818,True,,,,,True,1.0000000000000009,3840.4532854680942,,1.2349085484016927e-15
designated_benchmark,sensitivity_instrument1_trim1798,sensitivity,1,test_split_local,Arnoldi FPLS,32,51.1565590799387,True,,,,,True,1.0000000000000007,4123.963079144301,,1.2451393826253043e-15
designated_benchmark,sensitivity_instrument1_trim1798,sensitivity,1,test_split_local,Arnoldi FPLS,33,52.954494156041775,True,,,,,True,1.0000000000000007,4325.473748763643,,1.2461015376150161e-15
designated_benchmark,sensitivity_instrument1_trim1798,sensitivity,1,test_split_local,Arnoldi FPLS,34,54.30599993463706,True,,,,,True,1.0000000000000004,4587.507793154472,,1.2462020915077024e-15
designated_benchmark,sensitivity_instrument1_trim1798,sensitivity,1,test_split_local,Arnoldi FPLS,35,55.65822900560028,True,,,,,True,1.0000000000000009,4795.943264162788,,1.246432533489249e-15
designated_benchmark,sensitivity_instrument1_trim1798,sensitivity,1,test_split_local,Arnoldi FPLS,36,56.59584507451438,True,,,,,True,1.0000000000000009,4996.064952369371,,1.2470838112505077e-15
designated_benchmark,sensitivity_instrument1_trim1798,sensitivity,1,test_split_local,Arnoldi FPLS,37,57.46571952491956,True,,,,,True,1.000000000000001,5186.220259459912,,1.2474163518115579e-15
designated_benchmark,sensitivity_instrument1_trim1798,sensitivity,1,test_split_local,Arnoldi FPLS,38,58.259951832999846,True,,,,,True,1.000000000000001,5400.829486294348,,1.2478461513787479e-15
designated_benchmark,sensitivity_instrument1_trim1798,sensitivity,1,test_split_local,Arnoldi FPLS,39,58.69578894875456,True,,,,,True,1.0000000000000009,5597.083421663001,,1.2478537131981073e-15
designated_benchmark,sensitivity_instrument1_trim1798,sensitivity,1,test_split_local,Arnoldi FPLS,40,59.02815788188317,True,,,,,True,1.0000000000000009,5797.417021879413,,1.2491180188500122e-15
designated_benchmark,sensitivity_instrument1_trim1798,sensitivity,1,test_split_local,Arnoldi FPLS,41,59.382399503657936,True,,,,,True,1.0000000000000009,5966.072187521693,,1.2493763231003964e-15
designated_benchmark,sensitivity_instrument1_trim1798,sensitivity,1,test_split_local,Arnoldi FPLS,42,60.231070476334246,True,,,,,True,1.0000000000000007,6176.3764310616025,,1.2496053541219263e-15
designated_benchmark,sensitivity_instrument1_trim1798,sensitivity,1,test_split_local,Arnoldi FPLS,43,60.39449708580857,True,,,,,True,1.0000000000000009,6492.05944280619,,1.2517737459354752e-15
designated_benchmark,sensitivity_instrument1_trim1798,sensitivity,1,test_split_local,Arnoldi FPLS,44,60.366208994133316,True,,,,,True,1.000000000000001,6718.667743616753,,1.2519642127530285e-15
designated_benchmark,sensitivity_instrument1_trim1798,sensitivity,1,test_split_local,Arnoldi FPLS,45,60.302313444847364,True,,,,,True,1.0000000000000007,6900.751165615037,,1.2521462625928863e-15
designated_benchmark,sensitivity_instrument1_trim1798,sensitivity,1,test_split_local,Arnoldi FPLS,46,60.01884271360127,True,,,,,True,1.0000000000000009,7105.2301347905595,,1.2527301792239406e-15
designated_benchmark,sensitivity_instrument1_trim1798,sensitivity,1,test_split_local,Arnoldi FPLS,47,60.22160167507706,True,,,,,True,1.0000000000000009,7313.3938091263535,,1.2527302913881223e-15
designated_benchmark,sensitivity_instrument1_trim1798,sensitivity,1,test_split_local,Arnoldi FPLS,48,60.44801737732186,True,,,,,True,1.0000000000000009,7571.951326604671,,1.2521570253093387e-15
designated_benchmark,sensitivity_instrument1_trim1798,sensitivity,1,test_split_local,Arnoldi FPLS,49,60.657374601737374,True,,,,,True,1.0000000000000009,7767.535312087465,,1.252866187215557e-15
designated_benchmark,sensitivity_instrument1_trim1798,sensitivity,1,test_split_local,Arnoldi FPLS,50,60.83076038446329,True,,,,,True,1.0000000000000009,7986.782534473922,,1.2528842617801352e-15
designated_benchmark,sensitivity_instrument1_trim1798,sensitivity,1,test_split_local,Arnoldi FPLS,51,61.038761573176934,True,,,,,True,1.0000000000000009,8176.411880218803,,1.2532098328265026e-15
designated_benchmark,sensitivity_instrument1_trim1798,sensitivity,1,test_split_local,Arnoldi FPLS,52,61.36564488749676,True,,,,,True,1.0000000000000009,8354.363937721442,,1.2531687455876348e-15
designated_benchmark,sensitivity_instrument1_trim1798,sensitivity,1,test_split_local,Arnoldi FPLS,53,61.57159805948427,True,,,,,True,1.000000000000001,8533.806057765805,,1.253448260551412e-15
designated_benchmark,sensitivity_instrument1_trim1798,sensitivity,1,test_split_local,Arnoldi FPLS,54,61.83157997878343,True,,,,,True,1.0000000000000009,8763.235915457133,,1.2535052976876258e-15
designated_benchmark,sensitivity_instrument1_trim1798,sensitivity,1,test_split_local,Arnoldi FPLS,55,62.11352713446213,True,,,,,True,1.000000000000001,8953.17662541828,,1.2540594750222066e-15
designated_benchmark,sensitivity_instrument1_trim1798,sensitivity,1,test_split_local,Arnoldi FPLS,56,62.251674941510416,True,,,,,True,1.000000000000001,9199.758110162418,,1.2535714802246785e-15
designated_benchmark,sensitivity_instrument1_trim1798,sensitivity,1,test_split_local,Arnoldi FPLS,57,62.44119909107271,True,,,,,True,1.0000000000000009,9394.393844798195,,1.2537442062365051e-15
designated_benchmark,sensitivity_instrument1_trim1798,sensitivity,1,test_split_local,Arnoldi FPLS,58,62.69925012731156,True,,,,,True,1.0000000000000009,9615.584376429213,,1.2539300880135765e-15
designated_benchmark,sensitivity_instrument1_trim1798,sensitivity,1,test_split_local,Arnoldi FPLS,59,62.872126261995746,True,,,,,True,1.0000000000000009,9773.876460771666,,1.253937766074196e-15
designated_benchmark,sensitivity_instrument1_trim1798,sensitivity,1,test_split_local,Arnoldi FPLS,60,63.08969686639719,True,,,,,True,1.0000000000000009,9916.980332006118,,1.254731452642935e-15
designated_benchmark,sensitivity_instrument1_trim1798,sensitivity,1,test_split_local,Arnoldi FPLS,61,63.28300026423274,True,,,,,True,1.0000000000000007,10093.82434085778,,1.2553870478463742e-15
designated_benchmark,sensitivity_instrument1_trim1798,sensitivity,1,test_split_local,Arnoldi FPLS,62,63.558290133821835,True,,,,,True,1.0000000000000009,10235.511637990625,,1.2557885087963609e-15
designated_benchmark,sensitivity_instrument1_trim1798,sensitivity,1,test_split_local,Arnoldi FPLS,63,63.78163940745233,True,,,,,True,1.000000000000001,10355.872815985524,,1.255882527815259e-15
designated_benchmark,sensitivity_instrument1_trim1798,sensitivity,1,test_split_local,Arnoldi FPLS,64,63.86872598257657,True,,,,,True,1.000000000000001,10592.50901127513,,1.2571933131841598e-15
designated_benchmark,sensitivity_instrument1_trim1798,sensitivity,1,test_split_local,Arnoldi FPLS,65,63.86796437441405,True,,,,,True,1.000000000000001,10784.102623171486,,1.2574081142155177e-15
designated_benchmark,sensitivity_instrument1_trim1798,sensitivity,1,test_split_local,Arnoldi FPLS,66,63.81120615143046,True,,,,,True,1.000000000000001,10957.781241258916,,1.2574300843783815e-15
designated_benchmark,sensitivity_instrument1_trim1798,sensitivity,1,test_split_local,Arnoldi FPLS,67,63.79629021722924,True,,,,,True,1.0000000000000013,11139.667465189901,,1.257714855873177e-15
designated_benchmark,sensitivity_instrument1_trim1798,sensitivity,1,test_split_local,Arnoldi FPLS,68,63.791660181870974,True,,,,,True,1.0000000000000009,11309.29890073353,,1.2581883196674756e-15
designated_benchmark,sensitivity_instrument1_trim1798,sensitivity,1,test_split_local,Arnoldi FPLS,69,63.81291755579079,True,,,,,True,1.0000000000000009,11459.775591859983,,1.258408163621662e-15
designated_benchmark,sensitivity_instrument1_trim1798,sensitivity,1,test_split_local,Arnoldi FPLS,70,63.790975548064566,True,,,,,True,1.0000000000000009,11607.019524215008,,1.2584087755342705e-15
designated_benchmark,sensitivity_instrument1_trim1798,sensitivity,1,test_split_local,FPCR,1,319.00442282674084,True,0.026821252361416522,,,,,,,,
designated_benchmark,sensitivity_instrument1_trim1798,sensitivity,1,test_split_local,FPCR,2,266.2540274361734,True,0.00591103381158659,,,,,,,,
designated_benchmark,sensitivity_instrument1_trim1798,sensitivity,1,test_split_local,FPCR,3,30.78260340235135,True,0.0003856165790459201,,,,,,,,
designated_benchmark,sensitivity_instrument1_trim1798,sensitivity,1,test_split_local,FPCR,4,23.70568242047674,True,0.0003152671255370444,,,,,,,,
designated_benchmark,sensitivity_instrument1_trim1798,sensitivity,1,test_split_local,FPCR,5,21.77872947417872,True,6.745584598718914e-05,,,,,,,,
designated_benchmark,sensitivity_instrument1_trim1798,sensitivity,1,test_split_local,FPCR,6,21.740734159446777,True,2.1440535240174466e-05,,,,,,,,
designated_benchmark,sensitivity_instrument1_trim1798,sensitivity,1,test_split_local,FPCR,7,19.11855473171696,True,9.973401910773455e-06,,,,,,,,
designated_benchmark,sensitivity_instrument1_trim1798,sensitivity,1,test_split_local,FPCR,8,19.29310933949877,True,7.966559136895084e-06,,,,,,,,
designated_benchmark,sensitivity_instrument1_trim1798,sensitivity,1,test_split_local,FPCR,9,19.13998794046465,True,4.934175424923806e-06,,,,,,,,
designated_benchmark,sensitivity_instrument1_trim1798,sensitivity,1,test_split_local,FPCR,10,18.199697185866132,True,2.2236807429056546e-06,,,,,,,,
designated_benchmark,sensitivity_instrument1_trim1798,sensitivity,1,test_split_local,FPCR,11,18.22513911284481,True,1.8834957994745525e-06,,,,,,,,
designated_benchmark,sensitivity_instrument1_trim1798,sensitivity,1,test_split_local,FPCR,12,17.243603860411508,True,1.6322695626552572e-06,,,,,,,,
designated_benchmark,sensitivity_instrument1_trim1798,sensitivity,1,test_split_local,FPCR,13,16.751147262884636,True,9.000836159410401e-07,,,,,,,,
designated_benchmark,sensitivity_instrument1_trim1798,sensitivity,1,test_split_local,FPCR,14,16.712537071167723,True,7.796927639604398e-07,,,,,,,,
designated_benchmark,sensitivity_instrument1_trim1798,sensitivity,1,test_split_local,FPCR,15,16.852894634042933,True,6.114348423941647e-07,,,,,,,,
designated_benchmark,sensitivity_instrument1_trim1798,sensitivity,1,test_split_local,FPCR,16,16.95267698560249,True,5.072936170493899e-07,,,,,,,,
designated_benchmark,sensitivity_instrument1_trim1798,sensitivity,1,test_split_local,FPCR,17,17.137155632062875,True,4.782391123211679e-07,,,,,,,,
designated_benchmark,sensitivity_instrument1_trim1798,sensitivity,1,test_split_local,FPCR,18,17.32316996530038,True,3.5831087861495894e-07,,,,,,,,
designated_benchmark,sensitivity_instrument1_trim1798,sensitivity,1,test_split_local,FPCR,19,17.4721058947638,True,3.3282021163108593e-07,,,,,,,,
designated_benchmark,sensitivity_instrument1_trim1798,sensitivity,1,test_split_local,FPCR,20,17.607546972090205,True,2.5350832867698893e-07,,,,,,,,
designated_benchmark,sensitivity_instrument1_trim1798,sensitivity,1,test_split_local,FPCR,21,17.597223703802516,True,2.435233883202753e-07,,,,,,,,
designated_benchmark,sensitivity_instrument1_trim1798,sensitivity,1,test_split_local,FPCR,22,17.62612863976767,True,2.3763650844647058e-07,,,,,,,,
designated_benchmark,sensitivity_instrument1_trim1798,sensitivity,1,test_split_local,FPCR,23,17.75106258384409,True,2.1899126845752535e-07,,,,,,,,
designated_benchmark,sensitivity_instrument1_trim1798,sensitivity,1,test_split_local,FPCR,24,17.91894555733621,True,2.0122549921001135e-07,,,,,,,,
designated_benchmark,sensitivity_instrument1_trim1798,sensitivity,1,test_split_local,FPCR,25,18.077027051618337,True,1.9387668072057904e-07,,,,,,,,
designated_benchmark,sensitivity_instrument1_trim1798,sensitivity,1,test_split_local,FPCR,26,18.193640872147025,True,1.805364117089362e-07,,,,,,,,
designated_benchmark,sensitivity_instrument1_trim1798,sensitivity,1,test_split_local,FPCR,27,18.241071503051014,True,1.802184090225108e-07,,,,,,,,
designated_benchmark,sensitivity_instrument1_trim1798,sensitivity,1,test_split_local,FPCR,28,18.45329817501917,True,1.6856935110793842e-07,,,,,,,,
designated_benchmark,sensitivity_instrument1_trim1798,sensitivity,1,test_split_local,FPCR,29,18.524772897978483,True,1.6293154502977867e-07,,,,,,,,
designated_benchmark,sensitivity_instrument1_trim1798,sensitivity,1,test_split_local,FPCR,30,18.0301554621221,True,1.5220917882220437e-07,,,,,,,,
designated_benchmark,sensitivity_instrument1_trim1798,sensitivity,1,test_split_local,FPCR,31,18.12169627731558,True,1.4384755620568142e-07,,,,,,,,
designated_benchmark,sensitivity_instrument1_trim1798,sensitivity,1,test_split_local,FPCR,32,18.33755544931866,True,1.4147238589781972e-07,,,,,,,,
designated_benchmark,sensitivity_instrument1_trim1798,sensitivity,1,test_split_local,FPCR,33,18.47063922011322,True,1.3530308030529908e-07,,,,,,,,
designated_benchmark,sensitivity_instrument1_trim1798,sensitivity,1,test_split_local,FPCR,34,18.359111304018953,True,1.3111777842644666e-07,,,,,,,,
designated_benchmark,sensitivity_instrument1_trim1798,sensitivity,1,test_split_local,FPCR,35,18.40392445696821,True,1.2626676079535163e-07,,,,,,,,
designated_benchmark,sensitivity_instrument1_trim1798,sensitivity,1,test_split_local,FPCR,36,18.614836891708716,True,1.2526000937621824e-07,,,,,,,,
designated_benchmark,sensitivity_instrument1_trim1798,sensitivity,1,test_split_local,FPCR,37,18.848263970560044,True,1.1625549336131321e-07,,,,,,,,
designated_benchmark,sensitivity_instrument1_trim1798,sensitivity,1,test_split_local,FPCR,38,19.066849607054007,True,1.1194796704821483e-07,,,,,,,,
designated_benchmark,sensitivity_instrument1_trim1798,sensitivity,1,test_split_local,FPCR,39,19.304393121938567,True,1.0905312041463097e-07,,,,,,,,
designated_benchmark,sensitivity_instrument1_trim1798,sensitivity,1,test_split_local,FPCR,40,19.515558718580767,True,1.0542995070841941e-07,,,,,,,,
designated_benchmark,sensitivity_instrument1_trim1798,sensitivity,1,test_split_local,FPCR,41,19.76936404391076,True,1.0214969038042237e-07,,,,,,,,
designated_benchmark,sensitivity_instrument1_trim1798,sensitivity,1,test_split_local,FPCR,42,19.946372457428367,True,9.823560145056143e-08,,,,,,,,
designated_benchmark,sensitivity_instrument1_trim1798,sensitivity,1,test_split_local,FPCR,43,20.150798656259852,True,9.762624871990047e-08,,,,,,,,
designated_benchmark,sensitivity_instrument1_trim1798,sensitivity,1,test_split_local,FPCR,44,20.38264447030283,True,9.577550129471343e-08,,,,,,,,
designated_benchmark,sensitivity_instrument1_trim1798,sensitivity,1,test_split_local,FPCR,45,20.48437266422318,True,9.404266410288925e-08,,,,,,,,
designated_benchmark,sensitivity_instrument1_trim1798,sensitivity,1,test_split_local,FPCR,46,20.759519969505558,True,9.339587751468401e-08,,,,,,,,
designated_benchmark,sensitivity_instrument1_trim1798,sensitivity,1,test_split_local,FPCR,47,20.586542694047083,True,8.472777834784451e-08,,,,,,,,
designated_benchmark,sensitivity_instrument1_trim1798,sensitivity,1,test_split_local,FPCR,48,20.788703756563006,True,7.892625723576288e-08,,,,,,,,
designated_benchmark,sensitivity_instrument1_trim1798,sensitivity,1,test_split_local,FPCR,49,20.78811889278856,True,7.448756426909765e-08,,,,,,,,
designated_benchmark,sensitivity_instrument1_trim1798,sensitivity,1,test_split_local,FPCR,50,20.8318620618274,True,7.443174309393715e-08,,,,,,,,
designated_benchmark,sensitivity_instrument1_trim1798,sensitivity,1,test_split_local,FPCR,51,21.112632746747185,True,7.004260014306282e-08,,,,,,,,
designated_benchmark,sensitivity_instrument1_trim1798,sensitivity,1,test_split_local,FPCR,52,21.358230007414555,True,6.855571670598748e-08,,,,,,,,
designated_benchmark,sensitivity_instrument1_trim1798,sensitivity,1,test_split_local,FPCR,53,21.109782270182926,True,6.744393644622275e-08,,,,,,,,
designated_benchmark,sensitivity_instrument1_trim1798,sensitivity,1,test_split_local,FPCR,54,21.389068535227732,True,6.545348104177015e-08,,,,,,,,
designated_benchmark,sensitivity_instrument1_trim1798,sensitivity,1,test_split_local,FPCR,55,21.69568332089702,True,6.125766322221887e-08,,,,,,,,
designated_benchmark,sensitivity_instrument1_trim1798,sensitivity,1,test_split_local,FPCR,56,21.67697294375825,True,5.9488055405209965e-08,,,,,,,,
designated_benchmark,sensitivity_instrument1_trim1798,sensitivity,1,test_split_local,FPCR,57,21.97993441816061,True,5.9328453144076263e-08,,,,,,,,
designated_benchmark,sensitivity_instrument1_trim1798,sensitivity,1,test_split_local,FPCR,58,21.67430847680106,True,5.8449492560196384e-08,,,,,,,,
designated_benchmark,sensitivity_instrument1_trim1798,sensitivity,1,test_split_local,FPCR,59,20.68385479018572,True,5.565699262290837e-08,,,,,,,,
designated_benchmark,sensitivity_instrument1_trim1798,sensitivity,1,test_split_local,FPCR,60,20.872678513403613,True,5.366150316245851e-08,,,,,,,,
designated_benchmark,sensitivity_instrument1_trim1798,sensitivity,1,test_split_local,FPCR,61,21.173842502183906,True,5.267530125407588e-08,,,,,,,,
designated_benchmark,sensitivity_instrument1_trim1798,sensitivity,1,test_split_local,FPCR,62,21.382584875225863,True,5.002191043154663e-08,,,,,,,,
designated_benchmark,sensitivity_instrument1_trim1798,sensitivity,1,test_split_local,FPCR,63,21.400482788367448,True,4.684980566923586e-08,,,,,,,,
designated_benchmark,sensitivity_instrument1_trim1798,sensitivity,1,test_split_local,FPCR,64,21.720066145942564,True,4.6166839195497544e-08,,,,,,,,
designated_benchmark,sensitivity_instrument1_trim1798,sensitivity,1,test_split_local,FPCR,65,21.89205870238411,True,4.513499397247567e-08,,,,,,,,
designated_benchmark,sensitivity_instrument1_trim1798,sensitivity,1,test_split_local,FPCR,66,21.963701184897694,True,4.3945180075756375e-08,,,,,,,,
designated_benchmark,sensitivity_instrument1_trim1798,sensitivity,1,test_split_local,FPCR,67,22.22396407964122,True,4.286242035877688e-08,,,,,,,,
designated_benchmark,sensitivity_instrument1_trim1798,sensitivity,1,test_split_local,FPCR,68,22.346264801776154,True,4.210175182819244e-08,,,,,,,,
designated_benchmark,sensitivity_instrument1_trim1798,sensitivity,1,test_split_local,FPCR,69,22.60950249537388,True,3.993458699706901e-08,,,,,,,,
designated_benchmark,sensitivity_instrument1_trim1798,sensitivity,1,test_split_local,FPCR,70,22.66651796206695,True,3.732161704024474e-08,,,,,,,,
designated_benchmark,sensitivity_instrument1_savgol_smooth,sensitivity,1,test_split_local,CG-FPLS-code,1,0.5137211568330253,True,0.02517953102508939,0.3845809521184396,0.5137211568330253,1506.6167703930741,,,,,
designated_benchmark,sensitivity_instrument1_savgol_smooth,sensitivity,1,test_split_local,CG-FPLS-code,2,0.2699964563405159,True,0.005495753219695688,0.08739240136344052,0.2699964563405159,2442.619471215469,,,,,
designated_benchmark,sensitivity_instrument1_savgol_smooth,sensitivity,1,test_split_local,CG-FPLS-code,3,0.06398527256755496,True,0.0005962331810117892,0.0758833818530971,0.06398527256755496,17274.63745451751,,,,,
designated_benchmark,sensitivity_instrument1_savgol_smooth,sensitivity,1,test_split_local,CG-FPLS-code,4,0.017569473333355227,True,0.00036998250143700285,0.01858155585457299,0.017569473333355227,3722.762198849726,,,,,
designated_benchmark,sensitivity_instrument1_savgol_smooth,sensitivity,1,test_split_local,CG-FPLS-code,5,0.008312342660767172,True,0.0002743975370378614,0.00014878535955352166,0.008312342660767172,1564.6240339379963,,,,,
designated_benchmark,sensitivity_instrument1_savgol_smooth,sensitivity,1,test_split_local,CG-FPLS-code,6,0.00500588401837263,True,6.487770540061644e-05,5.630894966114087e-05,0.00500588401837263,3849.277509305431,,,,,
designated_benchmark,sensitivity_instrument1_savgol_smooth,sensitivity,1,test_split_local,CG-FPLS-code,7,0.0030862181526488857,True,4.706329579567765e-05,5.465562655425357e-05,0.0030862181526488857,7787.16510798839,,,,,
designated_benchmark,sensitivity_instrument1_savgol_smooth,sensitivity,1,test_split_local,CG-FPLS-code,8,0.003078399020603648,True,3.9362114378111786e-05,4.254360087000684e-05,0.003078399020603648,44.31554905642793,,,,,
designated_benchmark,sensitivity_instrument1_savgol_smooth,sensitivity,1,test_split_local,CG-FPLS-code,9,0.0020028691049915684,True,3.5171371209780036e-05,4.2135227433629014e-05,0.0020028691049915684,5393.073935999397,,,,,
designated_benchmark,sensitivity_instrument1_savgol_smooth,sensitivity,1,test_split_local,CG-FPLS-code,10,0.0017264919266286559,True,2.770462166682404e-05,4.034692369170091e-05,0.0017264919266286559,3441.3885724145675,,,,,
designated_benchmark,sensitivity_instrument1_savgol_smooth,sensitivity,1,test_split_local,CG-FPLS-code,11,0.0016320111063736443,True,2.038491777367215e-05,4.0115888715535555e-05,0.0016320111063736443,1068.3145313229577,,,,,
designated_benchmark,sensitivity_instrument1_savgol_smooth,sensitivity,1,test_split_local,CG-FPLS-code,12,0.0013796557030995033,True,1.775638113918598e-05,3.8560720235753555e-05,0.0013796557030995033,4492.203070207806,,,,,
designated_benchmark,sensitivity_instrument1_savgol_smooth,sensitivity,1,test_split_local,CG-FPLS-code,13,0.0011969200764544868,True,1.3030848808120918e-05,2.438822563553476e-05,0.0011969200764544868,4806.005779617672,,,,,
designated_benchmark,sensitivity_instrument1_savgol_smooth,sensitivity,1,test_split_local,CG-FPLS-code,14,0.000982718705999647,True,1.044793366468995e-05,2.426807580487835e-05,0.000982718705999647,7748.377075382794,,,,,
designated_benchmark,sensitivity_instrument1_savgol_smooth,sensitivity,1,test_split_local,CG-FPLS-code,15,0.0009818038109144875,True,8.935182615173658e-06,9.844667618737872e-06,0.0009818038109144875,30.657105088758293,,,,,
designated_benchmark,sensitivity_instrument1_savgol_smooth,sensitivity,1,test_split_local,CG-FPLS-code,16,0.0008252161841958485,True,6.453722655453533e-06,9.296604796107288e-06,0.0008252161841958485,6783.980886395288,,,,,
designated_benchmark,sensitivity_instrument1_savgol_smooth,sensitivity,1,test_split_local,CG-FPLS-code,17,0.0006696568679189366,True,4.697499187038174e-06,3.52398773745876e-06,0.0006696568679189366,6938.345733344291,,,,,
designated_benchmark,sensitivity_instrument1_savgol_smooth,sensitivity,1,test_split_local,CG-FPLS-code,18,0.0006556065987449694,True,3.2758128851857875e-06,3.5345618831686556e-06,0.0006556065987449694,679.2790267012817,,,,,
designated_benchmark,sensitivity_instrument1_savgol_smooth,sensitivity,1,test_split_local,CG-FPLS-code,19,0.0006202841321552258,True,2.404800823946033e-06,3.5417889107001845e-06,0.0006202841321552258,1652.661792235516,,,,,
designated_benchmark,sensitivity_instrument1_savgol_smooth,sensitivity,1,test_split_local,CG-FPLS-code,20,0.0005340359901858012,True,1.877840293114318e-06,3.2834230197862655e-06,0.0005340359901858012,3704.468241158962,,,,,
designated_benchmark,sensitivity_instrument1_savgol_smooth,sensitivity,1,test_split_local,CG-FPLS-code,21,0.0005281983284010669,True,1.330891195715589e-06,3.0083919824035856e-06,0.0005281983284010669,258.3239718540536,,,,,
designated_benchmark,sensitivity_instrument1_savgol_smooth,sensitivity,1,test_split_local,CG-FPLS-code,22,0.0005280944849316754,True,1.2877571167823212e-06,1.954971683999754e-06,0.0005280944849316754,12.379511078783683,,,,,
designated_benchmark,sensitivity_instrument1_savgol_smooth,sensitivity,1,test_split_local,CG-FPLS-code,23,0.0005099165741915942,True,1.1077989074466805e-06,1.3145883239398186e-06,0.0005099165741915942,2225.0308461545883,,,,,
designated_benchmark,sensitivity_instrument1_savgol_smooth,sensitivity,1,test_split_local,CG-FPLS-code,24,0.0005072679792962872,True,9.155352894829805e-07,8.513542620994887e-07,0.0005072679792962872,422.6504049337169,,,,,
designated_benchmark,sensitivity_instrument1_savgol_smooth,sensitivity,1,test_split_local,CG-FPLS-code,25,0.00045297614052209494,True,7.437350206518913e-07,7.063251537145609e-07,0.00045297614052209494,9853.291676480358,,,,,
designated_benchmark,sensitivity_instrument1_savgol_smooth,sensitivity,1,test_split_local,CG-FPLS-code,26,0.00041386816791806505,True,6.691095882721971e-07,6.257990333757561e-07,0.00041386816791806505,9138.70718118988,,,,,
designated_benchmark,sensitivity_instrument1_savgol_smooth,sensitivity,1,test_split_local,CG-FPLS-code,27,0.00041112428978493104,True,5.931860039047385e-07,3.5092176978923495e-07,0.00041112428978493104,1077.6229309578432,,,,,
designated_benchmark,sensitivity_instrument1_savgol_smooth,sensitivity,1,test_split_local,CG-FPLS-code,28,0.0004085204807795978,True,5.099737809703213e-07,3.338840340435709e-07,0.0004085204807795978,1017.3537142488547,,,,,
designated_benchmark,sensitivity_instrument1_savgol_smooth,sensitivity,1,test_split_local,CG-FPLS-code,29,0.00039826216305147437,True,4.283937462611116e-07,3.0837334103748046e-07,0.00039826216305147437,3948.1093877370577,,,,,
designated_benchmark,sensitivity_instrument1_savgol_smooth,sensitivity,1,test_split_local,CG-FPLS-code,30,0.00035541682396796867,True,3.9875966755891666e-07,3.0055704158407755e-07,0.00035541682396796867,20795.275882628255,,,,,
designated_benchmark,sensitivity_instrument1_savgol_smooth,sensitivity,1,test_split_local,CG-FPLS-code,31,0.00028404433315148357,True,3.5963938321889946e-07,2.9313856952030205e-07,0.00028404433315148357,46492.410430114185,,,,,
designated_benchmark,sensitivity_instrument1_savgol_smooth,sensitivity,1,test_split_local,CG-FPLS-code,32,0.0002834348252219077,True,3.3357034468520256e-07,2.8998873906808255e-07,0.0002834348252219077,363.10801473027925,,,,,
designated_benchmark,sensitivity_instrument1_savgol_smooth,sensitivity,1,test_split_local,CG-FPLS-code,33,0.00028341476552559355,True,3.2016446196817757e-07,2.8834894073706026e-07,0.00028341476552559355,14.093088703599362,,,,,
designated_benchmark,sensitivity_instrument1_savgol_smooth,sensitivity,1,test_split_local,CG-FPLS-code,34,0.0002492396928902832,True,2.8875722104145234e-07,2.886703509447867e-07,0.0002492396928902832,22996.650471192646,,,,,
designated_benchmark,sensitivity_instrument1_savgol_smooth,sensitivity,1,test_split_local,CG-FPLS-code,35,0.00024901388475916445,True,2.6638186643442316e-07,2.869097114197267e-07,0.00024901388475916445,143.17589515103572,,,,,
designated_benchmark,sensitivity_instrument1_savgol_smooth,sensitivity,1,test_split_local,CG-FPLS-code,36,0.0002475161410916321,True,2.3587483389210356e-07,2.8498393603459863e-07,0.0002475161410916321,982.2692730929622,,,,,
designated_benchmark,sensitivity_instrument1_savgol_smooth,sensitivity,1,test_split_local,CG-FPLS-code,37,0.0002456875057327005,True,2.2401441487365766e-07,2.7988615421921305e-07,0.0002456875057327005,1228.5897990164435,,,,,
designated_benchmark,sensitivity_instrument1_savgol_smooth,sensitivity,1,test_split_local,CG-FPLS-code,38,0.0002188944384194483,True,2.0124155087771622e-07,2.5495613273369073e-07,0.0002188944384194483,19279.152621688263,,,,,
designated_benchmark,sensitivity_instrument1_savgol_smooth,sensitivity,1,test_split_local,CG-FPLS-code,39,0.0002135349363423462,True,1.887265285307147e-07,2.498493261089712e-07,0.0002135349363423462,3600.245466778951,,,,,
designated_benchmark,sensitivity_instrument1_savgol_smooth,sensitivity,1,test_split_local,CG-FPLS-code,40,0.0002084931356702814,True,1.734186937739234e-07,2.4633367591467827e-07,0.0002084931356702814,3305.668275937228,,,,,
designated_benchmark,sensitivity_instrument1_savgol_smooth,sensitivity,1,test_split_local,CG-FPLS-code,41,0.00019002165414920078,True,1.4014490246357703e-07,2.470281831631547e-07,0.00019002165414920078,15110.459721373958,,,,,
designated_benchmark,sensitivity_instrument1_savgol_smooth,sensitivity,1,test_split_local,CG-FPLS-code,42,0.0001898702559703001,True,1.2929421309089174e-07,2.4220766390711547e-07,0.0001898702559703001,141.00283724793806,,,,,
designated_benchmark,sensitivity_instrument1_savgol_smooth,sensitivity,1,test_split_local,CG-FPLS-code,43,0.00018851975563903564,True,1.2027080086971016e-07,2.2571294970111837e-07,0.00018851975563903564,1260.3801460776958,,,,,
designated_benchmark,sensitivity_instrument1_savgol_smooth,sensitivity,1,test_split_local,CG-FPLS-code,44,0.00015932936905684126,True,1.1276196580331863e-07,2.163522056582166e-07,0.00015932936905684126,27619.087242269146,,,,,
designated_benchmark,sensitivity_instrument1_savgol_smooth,sensitivity,1,test_split_local,CG-FPLS-code,45,0.00015914343489992355,True,1.0255026117283586e-07,2.1465165467505625e-07,0.00015914343489992355,161.18806270420907,,,,,
designated_benchmark,sensitivity_instrument1_savgol_smooth,sensitivity,1,test_split_local,CG-FPLS-code,46,0.00015881169653533515,True,9.527223117399716e-08,2.1433274595342359e-07,0.00015881169653533515,400.2474384007266,,,,,
designated_benchmark,sensitivity_instrument1_savgol_smooth,sensitivity,1,test_split_local,CG-FPLS-code,47,0.0001535073886107353,True,8.946681422910113e-08,2.026092304228386e-07,0.0001535073886107353,6390.612816269065,,,,,
designated_benchmark,sensitivity_instrument1_savgol_smooth,sensitivity,1,test_split_local,CG-FPLS-code,48,0.00013901580535820854,True,8.569419917643125e-08,2.0248056405737158e-07,0.00013901580535820854,16651.476570135328,,,,,
designated_benchmark,sensitivity_instrument1_savgol_smooth,sensitivity,1,test_split_local,CG-FPLS-code,49,0.00013899969526031436,True,7.46377255877578e-08,1.6408965202339486e-07,0.00013899969526031436,25.716900326609544,,,,,
designated_benchmark,sensitivity_instrument1_savgol_smooth,sensitivity,1,test_split_local,CG-FPLS-code,50,0.0001384033076924401,True,6.588792833218229e-08,1.6348365637644948e-07,0.0001384033076924401,973.4860340587794,,,,,
designated_benchmark,sensitivity_instrument1_savgol_smooth,sensitivity,1,test_split_local,CG-FPLS-code,51,0.00013828356006320637,True,6.121598517775599e-08,1.6325205352409594e-07,0.00013828356006320637,195.11868203909708,,,,,
designated_benchmark,sensitivity_instrument1_savgol_smooth,sensitivity,1,test_split_local,CG-FPLS-code,52,0.000137259327767529,True,5.5768414694336286e-08,7.32704891098966e-08,0.000137259327767529,1683.1122673948516,,,,,
designated_benchmark,sensitivity_instrument1_savgol_smooth,sensitivity,1,test_split_local,CG-FPLS-code,53,0.00012628071109673357,True,5.3055921028568165e-08,7.30474423774857e-08,0.00012628071109673357,17956.86783300482,,,,,
designated_benchmark,sensitivity_instrument1_savgol_smooth,sensitivity,1,test_split_local,CG-FPLS-code,54,0.0001257358703423451,True,5.009538765391067e-08,7.201728602321473e-08,0.0001257358703423451,871.3752943249706,,,,,
designated_benchmark,sensitivity_instrument1_savgol_smooth,sensitivity,1,test_split_local,CG-FPLS-code,55,0.0001244618506750545,True,4.490624438041932e-08,6.545799226297794e-08,0.0001244618506750545,2080.874010955698,,,,,
designated_benchmark,sensitivity_instrument1_savgol_smooth,sensitivity,1,test_split_local,CG-FPLS-code,56,0.00012442223193005457,True,3.788747713020888e-08,6.35670060296875e-08,0.00012442223193005457,93.56920551258366,,,,,
designated_benchmark,sensitivity_instrument1_savgol_smooth,sensitivity,1,test_split_local,CG-FPLS-code,57,0.00011622806829254725,True,3.710745130055497e-08,5.714165896091242e-08,0.00011622806829254725,18735.815433994525,,,,,
designated_benchmark,sensitivity_instrument1_savgol_smooth,sensitivity,1,test_split_local,CG-FPLS-code,58,0.00011603644507593486,True,3.52719755525068e-08,4.7699430070308586e-08,0.00011603644507593486,423.3560358762573,,,,,
designated_benchmark,sensitivity_instrument1_savgol_smooth,sensitivity,1,test_split_local,CG-FPLS-code,59,0.00011531159145618697,True,3.343430810582484e-08,4.6014339655228004e-08,0.00011531159145618697,1872.193843596272,,,,,
designated_benchmark,sensitivity_instrument1_savgol_smooth,sensitivity,1,test_split_local,CG-FPLS-code,60,0.0001152585583216511,True,2.9610312867036456e-08,4.574705816803667e-08,0.0001152585583216511,148.873164834152,,,,,
designated_benchmark,sensitivity_instrument1_savgol_smooth,sensitivity,1,test_split_local,CG-FPLS-code,61,0.00010723935133301607,True,2.7509307113938935e-08,4.586117999487609e-08,0.00010723935133301607,22779.913149810418,,,,,
designated_benchmark,sensitivity_instrument1_savgol_smooth,sensitivity,1,test_split_local,CG-FPLS-code,62,0.00010722007591985944,True,2.5825736958111056e-08,3.4118003514408064e-08,0.00010722007591985944,53.546603973339494,,,,,
designated_benchmark,sensitivity_instrument1_savgol_smooth,sensitivity,1,test_split_local,CG-FPLS-code,63,0.0001060504561781435,True,2.3840209648763096e-08,2.9289405965535125e-08,0.0001060504561781435,3237.69104671504,,,,,
designated_benchmark,sensitivity_instrument1_savgol_smooth,sensitivity,1,test_split_local,CG-FPLS-code,64,0.00010519806939676555,True,2.342442510393294e-08,2.610976159724593e-08,0.00010519806939676555,2478.136738024592,,,,,
designated_benchmark,sensitivity_instrument1_savgol_smooth,sensitivity,1,test_split_local,CG-FPLS-code,65,0.0001051906338593262,True,2.1729723636477247e-08,2.3237061300798957e-08,0.0001051906338593262,24.873679320169927,,,,,
designated_benchmark,sensitivity_instrument1_savgol_smooth,sensitivity,1,test_split_local,CG-FPLS-code,66,0.00010510233230395139,True,1.9067503490117592e-08,2.2867974797485396e-08,0.00010510233230395139,301.72748081739604,,,,,
designated_benchmark,sensitivity_instrument1_savgol_smooth,sensitivity,1,test_split_local,CG-FPLS-code,67,9.684627799979517e-05,True,1.751317327481196e-08,2.18450526281267e-08,9.684627799979517e-05,27734.724902661423,,,,,
designated_benchmark,sensitivity_instrument1_savgol_smooth,sensitivity,1,test_split_local,CG-FPLS-code,68,9.684031858799941e-05,True,1.677436606384135e-08,2.1850283543521403e-08,9.684031858799941e-05,20.11524700404313,,,,,
designated_benchmark,sensitivity_instrument1_savgol_smooth,sensitivity,1,test_split_local,CG-FPLS-code,69,9.567518679196771e-05,True,1.550786641602537e-08,2.1690451093651297e-08,9.567518679196771e-05,3926.9469878641526,,,,,
designated_benchmark,sensitivity_instrument1_savgol_smooth,sensitivity,1,test_split_local,CG-FPLS-code,70,9.564358657043063e-05,True,1.471073928760104e-08,2.1137845512752424e-08,9.564358657043063e-05,115.94353235846499,,,,,
designated_benchmark,sensitivity_instrument1_savgol_smooth,sensitivity,1,test_split_local,Raw FPLS,1,287.3448833542582,True,,,,,True,1.0,1.0,1.5661192818731915,
designated_benchmark,sensitivity_instrument1_savgol_smooth,sensitivity,1,test_split_local,Raw FPLS,2,224.53282242779446,True,,,,,True,5.439108319284037,13.099812503406374,-0.07513561543891437,
designated_benchmark,sensitivity_instrument1_savgol_smooth,sensitivity,1,test_split_local,Raw FPLS,3,32.678071761213424,True,,,,,True,70.27563842483995,504.07874378319525,-1.675799054491593,
designated_benchmark,sensitivity_instrument1_savgol_smooth,sensitivity,1,test_split_local,Raw FPLS,4,23.065765662383125,True,,,,,True,19225.818289275256,142229.24462478107,-3.2748331416436947,
designated_benchmark,sensitivity_instrument1_savgol_smooth,sensitivity,1,test_split_local,Raw FPLS,5,22.568258183087192,True,,,,,True,4183520.731697341,42241929.98437581,-4.873789398591401,
designated_benchmark,sensitivity_instrument1_savgol_smooth,sensitivity,1,test_split_local,Raw FPLS,6,22.628929245112815,True,,,,,True,890303291.4248778,20861806485.59683,-6.472741947089277,
designated_benchmark,sensitivity_instrument1_savgol_smooth,sensitivity,1,test_split_local,Raw FPLS,7,27.089425243634487,True,,,,,True,779162801578.2474,29430660727746.332,-8.071694318919999,
designated_benchmark,sensitivity_instrument1_savgol_smooth,sensitivity,1,test_split_local,Raw FPLS,8,inf,False,,,,,True,1845146109233419.0,4503599627370496.0,-9.670646682334537,
designated_benchmark,sensitivity_instrument1_savgol_smooth,sensitivity,1,test_split_local,Raw FPLS,9,inf,False,,,,,False,4503599627370496.0,4503599627370496.0,-11.269599045348139,
designated_benchmark,sensitivity_instrument1_savgol_smooth,sensitivity,1,test_split_local,Raw FPLS,10,22.4570382718521,True,,,,,True,4503599627370496.0,4503599627370496.0,-12.868551408342642,
designated_benchmark,sensitivity_instrument1_savgol_smooth,sensitivity,1,test_split_local,Raw FPLS,11,22.570955642309052,True,,,,,True,4503599627370496.0,4503599627370496.0,-14.467503771336235,
designated_benchmark,sensitivity_instrument1_savgol_smooth,sensitivity,1,test_split_local,Raw FPLS,12,23.2098804555928,True,,,,,True,4503599627370496.0,4503599627370496.0,-16.066456134329783,
designated_benchmark,sensitivity_instrument1_savgol_smooth,sensitivity,1,test_split_local,Raw FPLS,13,22.793881303264914,True,,,,,True,4503599627370496.0,4503599627370496.0,-17.66540849732333,
designated_benchmark,sensitivity_instrument1_savgol_smooth,sensitivity,1,test_split_local,Raw FPLS,14,23.300388977026802,True,,,,,True,4503599627370496.0,4503599627370496.0,-19.264360860316877,
designated_benchmark,sensitivity_instrument1_savgol_smooth,sensitivity,1,test_split_local,Raw FPLS,15,23.118142987144548,True,,,,,True,4503599627370496.0,4503599627370496.0,-20.863313223310424,
designated_benchmark,sensitivity_instrument1_savgol_smooth,sensitivity,1,test_split_local,Raw FPLS,16,22.521254010483872,True,,,,,True,4503599627370496.0,4503599627370496.0,-22.46226558630397,
designated_benchmark,sensitivity_instrument1_savgol_smooth,sensitivity,1,test_split_local,Raw FPLS,17,22.507857067570175,True,,,,,True,4503599627370496.0,4503599627370496.0,-24.061217949297518,
designated_benchmark,sensitivity_instrument1_savgol_smooth,sensitivity,1,test_split_local,Raw FPLS,18,22.224204734504887,True,,,,,True,4503599627370496.0,4503599627370496.0,-25.660170312291065,
designated_benchmark,sensitivity_instrument1_savgol_smooth,sensitivity,1,test_split_local,Raw FPLS,19,23.663470928364067,True,,,,,True,4503599627370496.0,4503599627370496.0,-27.259122675284612,
designated_benchmark,sensitivity_instrument1_savgol_smooth,sensitivity,1,test_split_local,Raw FPLS,20,22.248305142257177,True,,,,,True,4503599627370496.0,4503599627370496.0,-28.85807503827816,
designated_benchmark,sensitivity_instrument1_savgol_smooth,sensitivity,1,test_split_local,Raw FPLS,21,22.341000431978365,True,,,,,True,4503599627370496.0,4503599627370496.0,-30.457027401271706,
designated_benchmark,sensitivity_instrument1_savgol_smooth,sensitivity,1,test_split_local,Raw FPLS,22,22.227137337059826,True,,,,,True,4503599627370496.0,4503599627370496.0,-32.05597976426525,
designated_benchmark,sensitivity_instrument1_savgol_smooth,sensitivity,1,test_split_local,Raw FPLS,23,22.45912654069894,True,,,,,True,4503599627370496.0,4503599627370496.0,-33.6549321272588,
designated_benchmark,sensitivity_instrument1_savgol_smooth,sensitivity,1,test_split_local,Raw FPLS,24,22.411254475251422,True,,,,,True,4503599627370496.0,4503599627370496.0,-35.25388449025235,
designated_benchmark,sensitivity_instrument1_savgol_smooth,sensitivity,1,test_split_local,Raw FPLS,25,23.68603870063335,True,,,,,True,4503599627370496.0,4503599627370496.0,-36.8528368532459,
designated_benchmark,sensitivity_instrument1_savgol_smooth,sensitivity,1,test_split_local,Raw FPLS,26,31.23284375473727,True,,,,,True,4503599627370496.0,4503599627370496.0,-38.45178921623944,
designated_benchmark,sensitivity_instrument1_savgol_smooth,sensitivity,1,test_split_local,Raw FPLS,27,23.253715462237228,True,,,,,True,4503599627370496.0,4503599627370496.0,-40.05074157923299,
designated_benchmark,sensitivity_instrument1_savgol_smooth,sensitivity,1,test_split_local,Raw FPLS,28,22.362198621760374,True,,,,,True,4503599627370496.0,4503599627370496.0,-41.649693942226534,
designated_benchmark,sensitivity_instrument1_savgol_smooth,sensitivity,1,test_split_local,Raw FPLS,29,22.55318544848495,True,,,,,True,4503599627370496.0,4503599627370496.0,-43.248646305220085,
designated_benchmark,sensitivity_instrument1_savgol_smooth,sensitivity,1,test_split_local,Raw FPLS,30,23.44138693973278,True,,,,,True,4503599627370496.0,4503599627370496.0,-44.84759866821363,
designated_benchmark,sensitivity_instrument1_savgol_smooth,sensitivity,1,test_split_local,Raw FPLS,31,24.499298819213575,True,,,,,True,4503599627370496.0,4503599627370496.0,-46.44655103120718,
designated_benchmark,sensitivity_instrument1_savgol_smooth,sensitivity,1,test_split_local,Raw FPLS,32,22.50042789291665,True,,,,,True,4503599627370496.0,4503599627370496.0,-48.04550339420072,
designated_benchmark,sensitivity_instrument1_savgol_smooth,sensitivity,1,test_split_local,Raw FPLS,33,22.780309255011687,True,,,,,True,4503599627370496.0,4503599627370496.0,-49.64445575719427,
designated_benchmark,sensitivity_instrument1_savgol_smooth,sensitivity,1,test_split_local,Raw FPLS,34,22.43350807374559,True,,,,,True,4503599627370496.0,4503599627370496.0,-51.24340812018782,
designated_benchmark,sensitivity_instrument1_savgol_smooth,sensitivity,1,test_split_local,Raw FPLS,35,33.165891277535756,True,,,,,True,4503599627370496.0,4503599627370496.0,-52.842360483181366,
designated_benchmark,sensitivity_instrument1_savgol_smooth,sensitivity,1,test_split_local,Raw FPLS,36,22.802755080545037,True,,,,,True,4503599627370496.0,4503599627370496.0,-54.44131284617492,
designated_benchmark,sensitivity_instrument1_savgol_smooth,sensitivity,1,test_split_local,Raw FPLS,37,22.365888175336476,True,,,,,True,4503599627370496.0,4503599627370496.0,-56.04026520916846,
designated_benchmark,sensitivity_instrument1_savgol_smooth,sensitivity,1,test_split_local,Raw FPLS,38,26.517854494719998,True,,,,,True,4503599627370496.0,4503599627370496.0,-57.63921757216201,
designated_benchmark,sensitivity_instrument1_savgol_smooth,sensitivity,1,test_split_local,Raw FPLS,39,22.800806027172627,True,,,,,True,4503599627370496.0,4503599627370496.0,-59.238169935155554,
designated_benchmark,sensitivity_instrument1_savgol_smooth,sensitivity,1,test_split_local,Raw FPLS,40,22.5424330686184,True,,,,,True,4503599627370496.0,4503599627370496.0,-60.837122298149104,
designated_benchmark,sensitivity_instrument1_savgol_smooth,sensitivity,1,test_split_local,Raw FPLS,41,25.802573080197135,True,,,,,True,4503599627370496.0,4503599627370496.0,-62.43607466114265,
designated_benchmark,sensitivity_instrument1_savgol_smooth,sensitivity,1,test_split_local,Raw FPLS,42,22.732441129746704,True,,,,,True,4503599627370496.0,4503599627370496.0,-64.0350270241362,
designated_benchmark,sensitivity_instrument1_savgol_smooth,sensitivity,1,test_split_local,Raw FPLS,43,22.851264440820707,True,,,,,True,4503599627370496.0,4503599627370496.0,-65.63397938712974,
designated_benchmark,sensitivity_instrument1_savgol_smooth,sensitivity,1,test_split_local,Raw FPLS,44,22.432457740911264,True,,,,,True,4503599627370496.0,4503599627370496.0,-67.23293175012329,
designated_benchmark,sensitivity_instrument1_savgol_smooth,sensitivity,1,test_split_local,Raw FPLS,45,22.86236255238118,True,,,,,True,4503599627370496.0,4503599627370496.0,-68.83188411311684,
designated_benchmark,sensitivity_instrument1_savgol_smooth,sensitivity,1,test_split_local,Raw FPLS,46,22.271168237250464,True,,,,,True,4503599627370496.0,4503599627370496.0,-70.43083647611039,
designated_benchmark,sensitivity_instrument1_savgol_smooth,sensitivity,1,test_split_local,Raw FPLS,47,24.31004660272013,True,,,,,True,4503599627370496.0,4503599627370496.0,-72.02978883910393,
designated_benchmark,sensitivity_instrument1_savgol_smooth,sensitivity,1,test_split_local,Raw FPLS,48,22.43025179087441,True,,,,,True,4503599627370496.0,4503599627370496.0,-73.62874120209747,
designated_benchmark,sensitivity_instrument1_savgol_smooth,sensitivity,1,test_split_local,Raw FPLS,49,22.24750009258988,True,,,,,True,4503599627370496.0,4503599627370496.0,-75.22769356509103,
designated_benchmark,sensitivity_instrument1_savgol_smooth,sensitivity,1,test_split_local,Raw FPLS,50,62.89173380739151,True,,,,,True,4503599627370496.0,4503599627370496.0,-76.82664592808457,
designated_benchmark,sensitivity_instrument1_savgol_smooth,sensitivity,1,test_split_local,Raw FPLS,51,28.73133820414218,True,,,,,True,4503599627370496.0,4503599627370496.0,-78.42559829107812,
designated_benchmark,sensitivity_instrument1_savgol_smooth,sensitivity,1,test_split_local,Raw FPLS,52,7464.412521082888,True,,,,,True,4503599627370496.0,4503599627370496.0,-80.02455065407166,
designated_benchmark,sensitivity_instrument1_savgol_smooth,sensitivity,1,test_split_local,Raw FPLS,53,50.77406757704131,True,,,,,True,4503599627370496.0,4503599627370496.0,-81.62350301706522,
designated_benchmark,sensitivity_instrument1_savgol_smooth,sensitivity,1,test_split_local,Raw FPLS,54,2221.8097552904665,True,,,,,True,4503599627370496.0,4503599627370496.0,-83.22245538005876,
designated_benchmark,sensitivity_instrument1_savgol_smooth,sensitivity,1,test_split_local,Raw FPLS,55,23.07902760125285,True,,,,,True,4503599627370496.0,4503599627370496.0,-84.8214077430523,
designated_benchmark,sensitivity_instrument1_savgol_smooth,sensitivity,1,test_split_local,Raw FPLS,56,23.05159434767618,True,,,,,True,4503599627370496.0,4503599627370496.0,-86.42036010604586,
designated_benchmark,sensitivity_instrument1_savgol_smooth,sensitivity,1,test_split_local,Raw FPLS,57,22.383321880540528,True,,,,,True,4503599627370496.0,4503599627370496.0,-88.0193124690394,
designated_benchmark,sensitivity_instrument1_savgol_smooth,sensitivity,1,test_split_local,Raw FPLS,58,25.720842612214852,True,,,,,True,4503599627370496.0,4503599627370496.0,-89.61826483203295,
designated_benchmark,sensitivity_instrument1_savgol_smooth,sensitivity,1,test_split_local,Raw FPLS,59,26.739106127896104,True,,,,,True,4503599627370496.0,4503599627370496.0,-91.21721719502649,
designated_benchmark,sensitivity_instrument1_savgol_smooth,sensitivity,1,test_split_local,Raw FPLS,60,24.340524161728187,True,,,,,True,4503599627370496.0,4503599627370496.0,-92.81616955802005,
designated_benchmark,sensitivity_instrument1_savgol_smooth,sensitivity,1,test_split_local,Raw FPLS,61,23.876799442718923,True,,,,,True,4503599627370496.0,4503599627370496.0,-94.4151219210136,
designated_benchmark,sensitivity_instrument1_savgol_smooth,sensitivity,1,test_split_local,Raw FPLS,62,26.12604432082273,True,,,,,True,4503599627370496.0,4503599627370496.0,-96.01407428400714,
designated_benchmark,sensitivity_instrument1_savgol_smooth,sensitivity,1,test_split_local,Raw FPLS,63,23.610855520184483,True,,,,,True,4503599627370496.0,4503599627370496.0,-97.61302664700068,
designated_benchmark,sensitivity_instrument1_savgol_smooth,sensitivity,1,test_split_local,Raw FPLS,64,22.635590005393333,True,,,,,True,4503599627370496.0,4503599627370496.0,-99.21197900999424,
designated_benchmark,sensitivity_instrument1_savgol_smooth,sensitivity,1,test_split_local,Raw FPLS,65,23.338774369117434,True,,,,,True,4503599627370496.0,4503599627370496.0,-100.81093137298778,
designated_benchmark,sensitivity_instrument1_savgol_smooth,sensitivity,1,test_split_local,Raw FPLS,66,29.276612455441015,True,,,,,True,4503599627370496.0,4503599627370496.0,-102.40988373598132,
designated_benchmark,sensitivity_instrument1_savgol_smooth,sensitivity,1,test_split_local,Raw FPLS,67,25.155124358631777,True,,,,,True,4503599627370496.0,4503599627370496.0,-104.00883609897487,
designated_benchmark,sensitivity_instrument1_savgol_smooth,sensitivity,1,test_split_local,Raw FPLS,68,22.464917849364372,True,,,,,True,4503599627370496.0,4503599627370496.0,-105.60778846196843,
designated_benchmark,sensitivity_instrument1_savgol_smooth,sensitivity,1,test_split_local,Raw FPLS,69,113.83916683542364,True,,,,,True,4503599627370496.0,4503599627370496.0,-107.20674082496197,
designated_benchmark,sensitivity_instrument1_savgol_smooth,sensitivity,1,test_split_local,Raw FPLS,70,84.56754452476865,True,,,,,True,4503599627370496.0,4503599627370496.0,-108.80569318795551,
designated_benchmark,sensitivity_instrument1_savgol_smooth,sensitivity,1,test_split_local,Arnoldi FPLS,1,287.3448833542582,True,,,,,True,1.0,1.0,,4.440892098500626e-16
designated_benchmark,sensitivity_instrument1_savgol_smooth,sensitivity,1,test_split_local,Arnoldi FPLS,2,224.53282242779358,True,,,,,True,1.0000000000000002,2.5476247321871575,,6.875147566328956e-16
designated_benchmark,sensitivity_instrument1_savgol_smooth,sensitivity,1,test_split_local,Arnoldi FPLS,3,32.67807176081599,True,,,,,True,1.0000000000000002,8.186656563348427,,8.642380522140347e-16
designated_benchmark,sensitivity_instrument1_savgol_smooth,sensitivity,1,test_split_local,Arnoldi FPLS,4,23.065772633987237,True,,,,,True,1.0000000000000004,8.78782188203406,,8.881399410755672e-16
designated_benchmark,sensitivity_instrument1_savgol_smooth,sensitivity,1,test_split_local,Arnoldi FPLS,5,22.481785187188965,True,,,,,True,1.0000000000000007,10.838823312948476,,8.884987267695144e-16
designated_benchmark,sensitivity_instrument1_savgol_smooth,sensitivity,1,test_split_local,Arnoldi FPLS,6,21.68832462851942,True,,,,,True,1.0000000000000004,26.82552939539104,,8.983220754657334e-16
designated_benchmark,sensitivity_instrument1_savgol_smooth,sensitivity,1,test_split_local,Arnoldi FPLS,7,22.18371269803836,True,,,,,True,1.0000000000000007,50.12295975541209,,9.725499837954124e-16
designated_benchmark,sensitivity_instrument1_savgol_smooth,sensitivity,1,test_split_local,Arnoldi FPLS,8,21.06610324670604,True,,,,,True,1.0000000000000007,59.25510901119909,,9.727215085571078e-16
designated_benchmark,sensitivity_instrument1_savgol_smooth,sensitivity,1,test_split_local,Arnoldi FPLS,9,20.587479619622957,True,,,,,True,1.0000000000000007,83.41802944152307,,9.727281918907227e-16
designated_benchmark,sensitivity_instrument1_savgol_smooth,sensitivity,1,test_split_local,Arnoldi FPLS,10,21.175375739961744,True,,,,,True,1.0000000000000007,101.8200744211084,,9.827902562322415e-16
designated_benchmark,sensitivity_instrument1_savgol_smooth,sensitivity,1,test_split_local,Arnoldi FPLS,11,21.355190059416685,True,,,,,True,1.0000000000000004,123.28153861165356,,1.0089127963706245e-15
designated_benchmark,sensitivity_instrument1_savgol_smooth,sensitivity,1,test_split_local,Arnoldi FPLS,12,21.21808984947305,True,,,,,True,1.0000000000000004,146.624374421793,,9.791425209047141e-16
designated_benchmark,sensitivity_instrument1_savgol_smooth,sensitivity,1,test_split_local,Arnoldi FPLS,13,21.137718920595198,True,,,,,True,1.0000000000000007,164.3767629559001,,9.809556399544952e-16
designated_benchmark,sensitivity_instrument1_savgol_smooth,sensitivity,1,test_split_local,Arnoldi FPLS,14,21.30514142957929,True,,,,,True,1.0000000000000007,174.45999461993281,,9.815172734371233e-16
designated_benchmark,sensitivity_instrument1_savgol_smooth,sensitivity,1,test_split_local,Arnoldi FPLS,15,21.47527303301569,True,,,,,True,1.0000000000000009,182.5787091371802,,9.815391058414524e-16
designated_benchmark,sensitivity_instrument1_savgol_smooth,sensitivity,1,test_split_local,Arnoldi FPLS,16,22.039451291158006,True,,,,,True,1.000000000000001,249.007470352181,,1.0193560889724165e-15
designated_benchmark,sensitivity_instrument1_savgol_smooth,sensitivity,1,test_split_local,Arnoldi FPLS,17,22.987213044428287,True,,,,,True,1.0000000000000007,310.70712780978374,,1.0194374990471737e-15
designated_benchmark,sensitivity_instrument1_savgol_smooth,sensitivity,1,test_split_local,Arnoldi FPLS,18,23.870144713158183,True,,,,,True,1.0000000000000007,358.11532703397614,,1.02539166467131e-15
designated_benchmark,sensitivity_instrument1_savgol_smooth,sensitivity,1,test_split_local,Arnoldi FPLS,19,24.75284270337183,True,,,,,True,1.0000000000000007,448.1809998206505,,1.031400161686798e-15
designated_benchmark,sensitivity_instrument1_savgol_smooth,sensitivity,1,test_split_local,Arnoldi FPLS,20,28.722468350135575,True,,,,,True,1.0000000000000004,514.8189015801996,,1.0584243391083388e-15
designated_benchmark,sensitivity_instrument1_savgol_smooth,sensitivity,1,test_split_local,Arnoldi FPLS,21,28.635356208931164,True,,,,,True,1.0000000000000007,618.3682429210355,,1.0607641985550517e-15
designated_benchmark,sensitivity_instrument1_savgol_smooth,sensitivity,1,test_split_local,Arnoldi FPLS,22,28.866526681150866,True,,,,,True,1.0000000000000004,658.5232706141169,,1.0627794436306893e-15
designated_benchmark,sensitivity_instrument1_savgol_smooth,sensitivity,1,test_split_local,Arnoldi FPLS,23,28.6295761994325,True,,,,,True,1.000000000000001,693.561046313314,,1.0636011891754435e-15
designated_benchmark,sensitivity_instrument1_savgol_smooth,sensitivity,1,test_split_local,Arnoldi FPLS,24,27.966335848473804,True,,,,,True,1.0000000000000007,738.4494152731254,,1.0594969165951295e-15
designated_benchmark,sensitivity_instrument1_savgol_smooth,sensitivity,1,test_split_local,Arnoldi FPLS,25,26.84430459133322,True,,,,,True,1.000000000000001,793.1543922586449,,1.05949901657075e-15
designated_benchmark,sensitivity_instrument1_savgol_smooth,sensitivity,1,test_split_local,Arnoldi FPLS,26,26.512126865002074,True,,,,,True,1.0000000000000009,865.6814102056022,,1.0661046155863884e-15
designated_benchmark,sensitivity_instrument1_savgol_smooth,sensitivity,1,test_split_local,Arnoldi FPLS,27,27.50400510012386,True,,,,,True,1.0000000000000007,982.5520795131052,,1.0689729331335438e-15
designated_benchmark,sensitivity_instrument1_savgol_smooth,sensitivity,1,test_split_local,Arnoldi FPLS,28,28.535623497905377,True,,,,,True,1.0000000000000007,1124.683066984832,,1.0624968208625314e-15
designated_benchmark,sensitivity_instrument1_savgol_smooth,sensitivity,1,test_split_local,Arnoldi FPLS,29,29.242137155079288,True,,,,,True,1.000000000000001,1254.8080248791287,,1.063143864602672e-15
designated_benchmark,sensitivity_instrument1_savgol_smooth,sensitivity,1,test_split_local,Arnoldi FPLS,30,30.397767530536754,True,,,,,True,1.0000000000000009,1378.4672148098152,,1.0648478406174173e-15
designated_benchmark,sensitivity_instrument1_savgol_smooth,sensitivity,1,test_split_local,Arnoldi FPLS,31,31.231705051373652,True,,,,,True,1.0000000000000007,1593.1740894404293,,1.0650329747123621e-15
designated_benchmark,sensitivity_instrument1_savgol_smooth,sensitivity,1,test_split_local,Arnoldi FPLS,32,32.05971355873067,True,,,,,True,1.0000000000000007,1743.7019469421207,,1.1132000585595601e-15
designated_benchmark,sensitivity_instrument1_savgol_smooth,sensitivity,1,test_split_local,Arnoldi FPLS,33,33.86061377991334,True,,,,,True,1.0000000000000009,1897.1307079218557,,1.1147985429008153e-15
designated_benchmark,sensitivity_instrument1_savgol_smooth,sensitivity,1,test_split_local,Arnoldi FPLS,34,34.66270993366022,True,,,,,True,1.0000000000000007,2164.0164235632637,,1.1148743786938839e-15
designated_benchmark,sensitivity_instrument1_savgol_smooth,sensitivity,1,test_split_local,Arnoldi FPLS,35,35.48062762520207,True,,,,,True,1.0000000000000009,2363.338420328961,,1.1153070999126334e-15
designated_benchmark,sensitivity_instrument1_savgol_smooth,sensitivity,1,test_split_local,Arnoldi FPLS,36,36.97764962467369,True,,,,,True,1.0000000000000007,2552.4013373263356,,1.114750458190904e-15
designated_benchmark,sensitivity_instrument1_savgol_smooth,sensitivity,1,test_split_local,Arnoldi FPLS,37,36.743137189086056,True,,,,,True,1.0000000000000009,2766.5812063346048,,1.1147519718798268e-15
designated_benchmark,sensitivity_instrument1_savgol_smooth,sensitivity,1,test_split_local,Arnoldi FPLS,38,38.101636156452074,True,,,,,True,1.000000000000001,2914.8941670743116,,1.1153692194835154e-15
designated_benchmark,sensitivity_instrument1_savgol_smooth,sensitivity,1,test_split_local,Arnoldi FPLS,39,38.97235788110173,True,,,,,True,1.0000000000000007,3137.695344181901,,1.1155142846358112e-15
designated_benchmark,sensitivity_instrument1_savgol_smooth,sensitivity,1,test_split_local,Arnoldi FPLS,40,39.40474382331611,True,,,,,True,1.0000000000000009,3389.0820858202164,,1.1207156703322899e-15
designated_benchmark,sensitivity_instrument1_savgol_smooth,sensitivity,1,test_split_local,Arnoldi FPLS,41,41.770244107099614,True,,,,,True,1.0000000000000007,3562.583668708695,,1.1209213903939426e-15
designated_benchmark,sensitivity_instrument1_savgol_smooth,sensitivity,1,test_split_local,Arnoldi FPLS,42,43.27833569921418,True,,,,,True,1.0000000000000009,3778.2050611275754,,1.1221714521051171e-15
designated_benchmark,sensitivity_instrument1_savgol_smooth,sensitivity,1,test_split_local,Arnoldi FPLS,43,43.15307378672906,True,,,,,True,1.000000000000001,4018.339915372704,,1.1237098080994046e-15
designated_benchmark,sensitivity_instrument1_savgol_smooth,sensitivity,1,test_split_local,Arnoldi FPLS,44,44.0065558945868,True,,,,,True,1.0000000000000009,4254.986872436766,,1.1240323074117115e-15
designated_benchmark,sensitivity_instrument1_savgol_smooth,sensitivity,1,test_split_local,Arnoldi FPLS,45,44.92125069012415,True,,,,,True,1.0000000000000013,4458.224038640533,,1.124313257163095e-15
designated_benchmark,sensitivity_instrument1_savgol_smooth,sensitivity,1,test_split_local,Arnoldi FPLS,46,46.50807285590996,True,,,,,True,1.0000000000000009,4816.0609968058625,,1.124331915676758e-15
designated_benchmark,sensitivity_instrument1_savgol_smooth,sensitivity,1,test_split_local,Arnoldi FPLS,47,47.369581019758165,True,,,,,True,1.000000000000001,5225.149576184486,,1.1243328025924752e-15
designated_benchmark,sensitivity_instrument1_savgol_smooth,sensitivity,1,test_split_local,Arnoldi FPLS,48,48.1367010768114,True,,,,,True,1.0000000000000009,5615.349620388178,,1.1243281061622357e-15
designated_benchmark,sensitivity_instrument1_savgol_smooth,sensitivity,1,test_split_local,Arnoldi FPLS,49,49.645127383304946,True,,,,,True,1.0000000000000009,5809.996324316351,,1.124456130180569e-15
designated_benchmark,sensitivity_instrument1_savgol_smooth,sensitivity,1,test_split_local,Arnoldi FPLS,50,51.54045527035099,True,,,,,True,1.000000000000001,6150.456598643714,,1.1244567535695575e-15
designated_benchmark,sensitivity_instrument1_savgol_smooth,sensitivity,1,test_split_local,Arnoldi FPLS,51,52.35214395709176,True,,,,,True,1.000000000000001,6393.204791104548,,1.125275157207155e-15
designated_benchmark,sensitivity_instrument1_savgol_smooth,sensitivity,1,test_split_local,Arnoldi FPLS,52,52.5943977505222,True,,,,,True,1.0000000000000004,6676.110444019991,,1.12559563104762e-15
designated_benchmark,sensitivity_instrument1_savgol_smooth,sensitivity,1,test_split_local,Arnoldi FPLS,53,52.39135084873055,True,,,,,True,1.000000000000001,6933.463976527855,,1.1256069975345518e-15
designated_benchmark,sensitivity_instrument1_savgol_smooth,sensitivity,1,test_split_local,Arnoldi FPLS,54,52.051277603639626,True,,,,,True,1.0000000000000009,7119.591039591189,,1.1263252844011338e-15
designated_benchmark,sensitivity_instrument1_savgol_smooth,sensitivity,1,test_split_local,Arnoldi FPLS,55,52.94955148621399,True,,,,,True,1.000000000000001,7392.322171817291,,1.126325531946623e-15
designated_benchmark,sensitivity_instrument1_savgol_smooth,sensitivity,1,test_split_local,Arnoldi FPLS,56,52.644944770836425,True,,,,,True,1.0000000000000009,7634.293307202628,,1.1320452308362835e-15
designated_benchmark,sensitivity_instrument1_savgol_smooth,sensitivity,1,test_split_local,Arnoldi FPLS,57,52.36755510621017,True,,,,,True,1.0000000000000009,7964.353490026623,,1.1324956738564344e-15
designated_benchmark,sensitivity_instrument1_savgol_smooth,sensitivity,1,test_split_local,Arnoldi FPLS,58,52.98849357237339,True,,,,,True,1.0000000000000009,8339.677351586293,,1.132521289463798e-15
designated_benchmark,sensitivity_instrument1_savgol_smooth,sensitivity,1,test_split_local,Arnoldi FPLS,59,54.33306002519638,True,,,,,True,1.000000000000001,8567.474820623644,,1.1325388769227805e-15
designated_benchmark,sensitivity_instrument1_savgol_smooth,sensitivity,1,test_split_local,Arnoldi FPLS,60,54.436859573171866,True,,,,,True,1.0000000000000009,8828.56603978935,,1.1345764129764712e-15
designated_benchmark,sensitivity_instrument1_savgol_smooth,sensitivity,1,test_split_local,Arnoldi FPLS,61,54.45881366257997,True,,,,,True,1.0000000000000009,9146.072841501144,,1.1356799616481818e-15
designated_benchmark,sensitivity_instrument1_savgol_smooth,sensitivity,1,test_split_local,Arnoldi FPLS,62,55.503322999249896,True,,,,,True,1.000000000000001,9403.910039620489,,1.1360367806261653e-15
designated_benchmark,sensitivity_instrument1_savgol_smooth,sensitivity,1,test_split_local,Arnoldi FPLS,63,56.1118184348459,True,,,,,True,1.0000000000000007,9717.812527420854,,1.1366383163640959e-15
designated_benchmark,sensitivity_instrument1_savgol_smooth,sensitivity,1,test_split_local,Arnoldi FPLS,64,58.18593431776981,True,,,,,True,1.000000000000001,10094.658634419371,,1.1359086768576006e-15
designated_benchmark,sensitivity_instrument1_savgol_smooth,sensitivity,1,test_split_local,Arnoldi FPLS,65,59.50185495976687,True,,,,,True,1.0000000000000009,10502.325570549263,,1.1370186689687615e-15
designated_benchmark,sensitivity_instrument1_savgol_smooth,sensitivity,1,test_split_local,Arnoldi FPLS,66,60.64779746722656,True,,,,,True,1.000000000000001,10901.385931349507,,1.1370648623975217e-15
designated_benchmark,sensitivity_instrument1_savgol_smooth,sensitivity,1,test_split_local,Arnoldi FPLS,67,60.920081432119034,True,,,,,True,1.0000000000000009,11290.653563845115,,1.1370932372455165e-15
designated_benchmark,sensitivity_instrument1_savgol_smooth,sensitivity,1,test_split_local,Arnoldi FPLS,68,61.94489846436281,True,,,,,True,1.000000000000001,11703.565804602538,,1.1362343017574996e-15
designated_benchmark,sensitivity_instrument1_savgol_smooth,sensitivity,1,test_split_local,Arnoldi FPLS,69,62.855035843763325,True,,,,,True,1.0000000000000009,12087.316319137144,,1.1367805805965557e-15
designated_benchmark,sensitivity_instrument1_savgol_smooth,sensitivity,1,test_split_local,Arnoldi FPLS,70,62.49233396253889,True,,,,,True,1.000000000000001,12656.895911145848,,1.1369374119037878e-15
designated_benchmark,sensitivity_instrument1_savgol_smooth,sensitivity,1,test_split_local,FPCR,1,318.93524025253606,True,0.02517953102508939,,,,,,,,
designated_benchmark,sensitivity_instrument1_savgol_smooth,sensitivity,1,test_split_local,FPCR,2,267.1661315039057,True,0.005495753219695688,,,,,,,,
designated_benchmark,sensitivity_instrument1_savgol_smooth,sensitivity,1,test_split_local,FPCR,3,249.7655042528277,True,0.0005962331810117892,,,,,,,,
designated_benchmark,sensitivity_instrument1_savgol_smooth,sensitivity,1,test_split_local,FPCR,4,92.28214349650047,True,0.00036998250143700285,,,,,,,,
designated_benchmark,sensitivity_instrument1_savgol_smooth,sensitivity,1,test_split_local,FPCR,5,23.36503597470236,True,0.0002743975370378614,,,,,,,,
designated_benchmark,sensitivity_instrument1_savgol_smooth,sensitivity,1,test_split_local,FPCR,6,22.1160405430521,True,6.487770540061644e-05,,,,,,,,
designated_benchmark,sensitivity_instrument1_savgol_smooth,sensitivity,1,test_split_local,FPCR,7,22.311037399340748,True,4.706329579567765e-05,,,,,,,,
designated_benchmark,sensitivity_instrument1_savgol_smooth,sensitivity,1,test_split_local,FPCR,8,22.21929076107631,True,3.9362114378111786e-05,,,,,,,,
designated_benchmark,sensitivity_instrument1_savgol_smooth,sensitivity,1,test_split_local,FPCR,9,22.442402011263653,True,3.5171371209780036e-05,,,,,,,,
designated_benchmark,sensitivity_instrument1_savgol_smooth,sensitivity,1,test_split_local,FPCR,10,22.6110289739567,True,2.770462166682404e-05,,,,,,,,
designated_benchmark,sensitivity_instrument1_savgol_smooth,sensitivity,1,test_split_local,FPCR,11,22.838437401666983,True,2.038491777367215e-05,,,,,,,,
designated_benchmark,sensitivity_instrument1_savgol_smooth,sensitivity,1,test_split_local,FPCR,12,22.985157721223022,True,1.775638113918598e-05,,,,,,,,
designated_benchmark,sensitivity_instrument1_savgol_smooth,sensitivity,1,test_split_local,FPCR,13,22.029093268383125,True,1.3030848808120918e-05,,,,,,,,
designated_benchmark,sensitivity_instrument1_savgol_smooth,sensitivity,1,test_split_local,FPCR,14,22.252238956184744,True,1.044793366468995e-05,,,,,,,,
designated_benchmark,sensitivity_instrument1_savgol_smooth,sensitivity,1,test_split_local,FPCR,15,20.682538084734063,True,8.935182615173658e-06,,,,,,,,
designated_benchmark,sensitivity_instrument1_savgol_smooth,sensitivity,1,test_split_local,FPCR,16,20.812954487053126,True,6.453722655453533e-06,,,,,,,,
designated_benchmark,sensitivity_instrument1_savgol_smooth,sensitivity,1,test_split_local,FPCR,17,19.64166997520764,True,4.697499187038174e-06,,,,,,,,
designated_benchmark,sensitivity_instrument1_savgol_smooth,sensitivity,1,test_split_local,FPCR,18,19.864031247340943,True,3.2758128851857875e-06,,,,,,,,
designated_benchmark,sensitivity_instrument1_savgol_smooth,sensitivity,1,test_split_local,FPCR,19,20.088483182463882,True,2.404800823946033e-06,,,,,,,,
designated_benchmark,sensitivity_instrument1_savgol_smooth,sensitivity,1,test_split_local,FPCR,20,20.151251154498574,True,1.877840293114318e-06,,,,,,,,
designated_benchmark,sensitivity_instrument1_savgol_smooth,sensitivity,1,test_split_local,FPCR,21,20.131263327326447,True,1.330891195715589e-06,,,,,,,,
designated_benchmark,sensitivity_instrument1_savgol_smooth,sensitivity,1,test_split_local,FPCR,22,19.38569032900032,True,1.2877571167823212e-06,,,,,,,,
designated_benchmark,sensitivity_instrument1_savgol_smooth,sensitivity,1,test_split_local,FPCR,23,18.91367002931742,True,1.1077989074466805e-06,,,,,,,,
designated_benchmark,sensitivity_instrument1_savgol_smooth,sensitivity,1,test_split_local,FPCR,24,18.519718559961028,True,9.155352894829805e-07,,,,,,,,
designated_benchmark,sensitivity_instrument1_savgol_smooth,sensitivity,1,test_split_local,FPCR,25,18.496564115225187,True,7.437350206518913e-07,,,,,,,,
designated_benchmark,sensitivity_instrument1_savgol_smooth,sensitivity,1,test_split_local,FPCR,26,18.564286209066225,True,6.691095882721971e-07,,,,,,,,
designated_benchmark,sensitivity_instrument1_savgol_smooth,sensitivity,1,test_split_local,FPCR,27,18.208233139677297,True,5.931860039047385e-07,,,,,,,,
designated_benchmark,sensitivity_instrument1_savgol_smooth,sensitivity,1,test_split_local,FPCR,28,18.382472674955547,True,5.099737809703213e-07,,,,,,,,
designated_benchmark,sensitivity_instrument1_savgol_smooth,sensitivity,1,test_split_local,FPCR,29,18.526446513238145,True,4.283937462611116e-07,,,,,,,,
designated_benchmark,sensitivity_instrument1_savgol_smooth,sensitivity,1,test_split_local,FPCR,30,18.723608897081814,True,3.9875966755891666e-07,,,,,,,,
designated_benchmark,sensitivity_instrument1_savgol_smooth,sensitivity,1,test_split_local,FPCR,31,18.922729457417667,True,3.5963938321889946e-07,,,,,,,,
designated_benchmark,sensitivity_instrument1_savgol_smooth,sensitivity,1,test_split_local,FPCR,32,19.139723648168953,True,3.3357034468520256e-07,,,,,,,,
designated_benchmark,sensitivity_instrument1_savgol_smooth,sensitivity,1,test_split_local,FPCR,33,19.36622323393764,True,3.2016446196817757e-07,,,,,,,,
designated_benchmark,sensitivity_instrument1_savgol_smooth,sensitivity,1,test_split_local,FPCR,34,19.60473601835931,True,2.8875722104145234e-07,,,,,,,,
designated_benchmark,sensitivity_instrument1_savgol_smooth,sensitivity,1,test_split_local,FPCR,35,19.837082610515846,True,2.6638186643442316e-07,,,,,,,,
designated_benchmark,sensitivity_instrument1_savgol_smooth,sensitivity,1,test_split_local,FPCR,36,20.071111023616673,True,2.3587483389210356e-07,,,,,,,,
designated_benchmark,sensitivity_instrument1_savgol_smooth,sensitivity,1,test_split_local,FPCR,37,20.289523544901375,True,2.2401441487365766e-07,,,,,,,,
designated_benchmark,sensitivity_instrument1_savgol_smooth,sensitivity,1,test_split_local,FPCR,38,20.373176513959724,True,2.0124155087771622e-07,,,,,,,,
designated_benchmark,sensitivity_instrument1_savgol_smooth,sensitivity,1,test_split_local,FPCR,39,20.591739353174066,True,1.887265285307147e-07,,,,,,,,
designated_benchmark,sensitivity_instrument1_savgol_smooth,sensitivity,1,test_split_local,FPCR,40,20.82344797656955,True,1.734186937739234e-07,,,,,,,,
designated_benchmark,sensitivity_instrument1_savgol_smooth,sensitivity,1,test_split_local,FPCR,41,21.0936041171818,True,1.4014490246357703e-07,,,,,,,,
designated_benchmark,sensitivity_instrument1_savgol_smooth,sensitivity,1,test_split_local,FPCR,42,21.30831051329236,True,1.2929421309089174e-07,,,,,,,,
designated_benchmark,sensitivity_instrument1_savgol_smooth,sensitivity,1,test_split_local,FPCR,43,21.3832320500568,True,1.2027080086971016e-07,,,,,,,,
designated_benchmark,sensitivity_instrument1_savgol_smooth,sensitivity,1,test_split_local,FPCR,44,21.537475437470544,True,1.1276196580331863e-07,,,,,,,,
designated_benchmark,sensitivity_instrument1_savgol_smooth,sensitivity,1,test_split_local,FPCR,45,21.791100921037195,True,1.0255026117283586e-07,,,,,,,,
designated_benchmark,sensitivity_instrument1_savgol_smooth,sensitivity,1,test_split_local,FPCR,46,22.068587597763667,True,9.527223117399716e-08,,,,,,,,
designated_benchmark,sensitivity_instrument1_savgol_smooth,sensitivity,1,test_split_local,FPCR,47,22.160166714913167,True,8.946681422910113e-08,,,,,,,,
designated_benchmark,sensitivity_instrument1_savgol_smooth,sensitivity,1,test_split_local,FPCR,48,22.44855884883149,True,8.569419917643125e-08,,,,,,,,
designated_benchmark,sensitivity_instrument1_savgol_smooth,sensitivity,1,test_split_local,FPCR,49,21.958914324833337,True,7.46377255877578e-08,,,,,,,,
designated_benchmark,sensitivity_instrument1_savgol_smooth,sensitivity,1,test_split_local,FPCR,50,22.235863579757442,True,6.588792833218229e-08,,,,,,,,
designated_benchmark,sensitivity_instrument1_savgol_smooth,sensitivity,1,test_split_local,FPCR,51,22.525977714638014,True,6.121598517775599e-08,,,,,,,,
designated_benchmark,sensitivity_instrument1_savgol_smooth,sensitivity,1,test_split_local,FPCR,52,20.28726561999657,True,5.5768414694336286e-08,,,,,,,,
designated_benchmark,sensitivity_instrument1_savgol_smooth,sensitivity,1,test_split_local,FPCR,53,20.559954219898433,True,5.3055921028568165e-08,,,,,,,,
designated_benchmark,sensitivity_instrument1_savgol_smooth,sensitivity,1,test_split_local,FPCR,54,20.81167633666713,True,5.009538765391067e-08,,,,,,,,
designated_benchmark,sensitivity_instrument1_savgol_smooth,sensitivity,1,test_split_local,FPCR,55,20.86382803826652,True,4.490624438041932e-08,,,,,,,,
designated_benchmark,sensitivity_instrument1_savgol_smooth,sensitivity,1,test_split_local,FPCR,56,21.073506871618292,True,3.788747713020888e-08,,,,,,,,
designated_benchmark,sensitivity_instrument1_savgol_smooth,sensitivity,1,test_split_local,FPCR,57,21.082657794894356,True,3.710745130055497e-08,,,,,,,,
designated_benchmark,sensitivity_instrument1_savgol_smooth,sensitivity,1,test_split_local,FPCR,58,20.932479104215748,True,3.52719755525068e-08,,,,,,,,
designated_benchmark,sensitivity_instrument1_savgol_smooth,sensitivity,1,test_split_local,FPCR,59,21.14757049435453,True,3.343430810582484e-08,,,,,,,,
designated_benchmark,sensitivity_instrument1_savgol_smooth,sensitivity,1,test_split_local,FPCR,60,21.43744823405312,True,2.9610312867036456e-08,,,,,,,,
designated_benchmark,sensitivity_instrument1_savgol_smooth,sensitivity,1,test_split_local,FPCR,61,21.75599043417383,True,2.7509307113938935e-08,,,,,,,,
designated_benchmark,sensitivity_instrument1_savgol_smooth,sensitivity,1,test_split_local,FPCR,62,21.27386030835787,True,2.5825736958111056e-08,,,,,,,,
designated_benchmark,sensitivity_instrument1_savgol_smooth,sensitivity,1,test_split_local,FPCR,63,21.228246242111847,True,2.3840209648763096e-08,,,,,,,,
designated_benchmark,sensitivity_instrument1_savgol_smooth,sensitivity,1,test_split_local,FPCR,64,21.30142832157804,True,2.342442510393294e-08,,,,,,,,
designated_benchmark,sensitivity_instrument1_savgol_smooth,sensitivity,1,test_split_local,FPCR,65,21.38197285926067,True,2.1729723636477247e-08,,,,,,,,
designated_benchmark,sensitivity_instrument1_savgol_smooth,sensitivity,1,test_split_local,FPCR,66,21.671351834783955,True,1.9067503490117592e-08,,,,,,,,
designated_benchmark,sensitivity_instrument1_savgol_smooth,sensitivity,1,test_split_local,FPCR,67,21.89386587540623,True,1.751317327481196e-08,,,,,,,,
designated_benchmark,sensitivity_instrument1_savgol_smooth,sensitivity,1,test_split_local,FPCR,68,22.232132191182583,True,1.677436606384135e-08,,,,,,,,
designated_benchmark,sensitivity_instrument1_savgol_smooth,sensitivity,1,test_split_local,FPCR,69,22.557411461585684,True,1.550786641602537e-08,,,,,,,,
designated_benchmark,sensitivity_instrument1_savgol_smooth,sensitivity,1,test_split_local,FPCR,70,22.837125541563697,True,1.471073928760104e-08,,,,,,,,
designated_benchmark,sensitivity_instrument2_full,sensitivity,2,test_split_local,CG-FPLS-code,1,0.5150062788593869,True,0.024704544931564064,0.3972130175247911,0.5150062788593869,1489.0305416582837,,,,,
designated_benchmark,sensitivity_instrument2_full,sensitivity,2,test_split_local,CG-FPLS-code,2,0.27919009852914106,True,0.005822981734114994,0.09479966565073171,0.27919009852914106,2318.843611541204,,,,,
designated_benchmark,sensitivity_instrument2_full,sensitivity,2,test_split_local,CG-FPLS-code,3,0.11196553929863917,True,0.0008461775031412214,0.0780919220793933,0.11196553929863917,14364.524373087039,,,,,
designated_benchmark,sensitivity_instrument2_full,sensitivity,2,test_split_local,CG-FPLS-code,4,0.02007825485660698,True,0.00035352259052370556,0.010919942067887753,0.02007825485660698,6451.474446685008,,,,,
designated_benchmark,sensitivity_instrument2_full,sensitivity,2,test_split_local,CG-FPLS-code,5,0.012366850383821161,True,0.00027640159340293965,0.00047117386993984544,0.012366850383821161,2075.3984819266775,,,,,
designated_benchmark,sensitivity_instrument2_full,sensitivity,2,test_split_local,CG-FPLS-code,6,0.008276534380283631,True,0.00014937150247223697,0.00025206685956985253,0.008276534380283631,4743.85973435868,,,,,
designated_benchmark,sensitivity_instrument2_full,sensitivity,2,test_split_local,CG-FPLS-code,7,0.004746237491184216,True,8.934923728285965e-05,0.0002528490727147671,0.004746237491184216,4906.669784637285,,,,,
designated_benchmark,sensitivity_instrument2_full,sensitivity,2,test_split_local,CG-FPLS-code,8,0.004718581107373767,True,6.625473917200436e-05,0.00025027296391405524,0.004718581107373767,88.48385530782437,,,,,
designated_benchmark,sensitivity_instrument2_full,sensitivity,2,test_split_local,CG-FPLS-code,9,0.0028281894732718233,True,5.570429590493468e-05,0.00023933289824475896,0.0028281894732718233,5100.976368337008,,,,,
designated_benchmark,sensitivity_instrument2_full,sensitivity,2,test_split_local,CG-FPLS-code,10,0.002043734821060449,True,4.924566108093297e-05,0.0001837893322726067,0.002043734821060449,3735.541900907953,,,,,
designated_benchmark,sensitivity_instrument2_full,sensitivity,2,test_split_local,CG-FPLS-code,11,0.001679675134784992,True,4.439199600657817e-05,0.00016565949386709817,0.001679675134784992,2522.632430075654,,,,,
designated_benchmark,sensitivity_instrument2_full,sensitivity,2,test_split_local,CG-FPLS-code,12,0.0015559695303980748,True,3.7791373060742405e-05,0.0001335535067556199,0.0015559695303980748,752.2074654418094,,,,,
designated_benchmark,sensitivity_instrument2_full,sensitivity,2,test_split_local,CG-FPLS-code,13,0.0013174153658525344,True,3.6290842256406275e-05,0.00013067811871255667,0.0013174153658525344,2609.488221051053,,,,,
designated_benchmark,sensitivity_instrument2_full,sensitivity,2,test_split_local,CG-FPLS-code,14,0.0012077259243800033,True,3.0422541366259507e-05,0.0001310616946089505,0.0012077259243800033,2046.9513713436022,,,,,
designated_benchmark,sensitivity_instrument2_full,sensitivity,2,test_split_local,CG-FPLS-code,15,0.0012051043615430405,True,2.9557313445533734e-05,0.00011897148910806562,0.0012051043615430405,47.91024427822293,,,,,
designated_benchmark,sensitivity_instrument2_full,sensitivity,2,test_split_local,CG-FPLS-code,16,0.0011246696729736254,True,2.6552656830642013e-05,0.00010870141913536559,0.0011246696729736254,2191.4318223222313,,,,,
designated_benchmark,sensitivity_instrument2_full,sensitivity,2,test_split_local,CG-FPLS-code,17,0.0010366289291434026,True,2.5982784684117e-05,0.00010310690699522008,0.0010366289291434026,3702.018864327015,,,,,
designated_benchmark,sensitivity_instrument2_full,sensitivity,2,test_split_local,CG-FPLS-code,18,0.001000399223440622,True,2.5489567002075905e-05,6.50671180355095e-05,0.001000399223440622,1869.9067546402316,,,,,
designated_benchmark,sensitivity_instrument2_full,sensitivity,2,test_split_local,CG-FPLS-code,19,0.000897377994866933,True,2.430487614057591e-05,6.491136228859484e-05,0.000897377994866933,5058.624436494368,,,,,
designated_benchmark,sensitivity_instrument2_full,sensitivity,2,test_split_local,CG-FPLS-code,20,0.0008830061199409459,True,2.1433436389097597e-05,6.256784851122252e-05,0.0008830061199409459,932.5610453243252,,,,,
designated_benchmark,sensitivity_instrument2_full,sensitivity,2,test_split_local,CG-FPLS-code,21,0.0008285906748819948,True,2.01545189570276e-05,6.212754077493553e-05,0.0008285906748819948,3410.7229271482183,,,,,
designated_benchmark,sensitivity_instrument2_full,sensitivity,2,test_split_local,CG-FPLS-code,22,0.0008283565121666802,True,1.8911745515255746e-05,5.356003892892674e-05,0.0008283565121666802,15.158173850573933,,,,,
designated_benchmark,sensitivity_instrument2_full,sensitivity,2,test_split_local,CG-FPLS-code,23,0.0007477975747330331,True,1.823528576891653e-05,5.359581305768796e-05,0.0007477975747330331,6041.570728267917,,,,,
designated_benchmark,sensitivity_instrument2_full,sensitivity,2,test_split_local,CG-FPLS-code,24,0.0007109877704520657,True,1.7633333298213822e-05,5.369444368068625e-05,0.0007109877704520657,3251.3274982846015,,,,,
designated_benchmark,sensitivity_instrument2_full,sensitivity,2,test_split_local,CG-FPLS-code,25,0.0006802724633409617,True,1.6832376302186613e-05,3.4138579660864675e-05,0.0006802724633409617,2670.891555532038,,,,,
designated_benchmark,sensitivity_instrument2_full,sensitivity,2,test_split_local,CG-FPLS-code,26,0.0006284724836965636,True,1.6292950871199527e-05,3.303245398054228e-05,0.0006284724836965636,5711.316344110049,,,,,
designated_benchmark,sensitivity_instrument2_full,sensitivity,2,test_split_local,CG-FPLS-code,27,0.0006229530961961169,True,1.5640346364355982e-05,2.7916066179809908e-05,0.0006229530961961169,757.7233071420334,,,,,
designated_benchmark,sensitivity_instrument2_full,sensitivity,2,test_split_local,CG-FPLS-code,28,0.0006227923056129578,True,1.3869737832837847e-05,2.7809020051609306e-05,0.0006227923056129578,23.42601953180872,,,,,
designated_benchmark,sensitivity_instrument2_full,sensitivity,2,test_split_local,CG-FPLS-code,29,0.0005928734708427949,True,1.3238353252499517e-05,2.7215595550986852e-05,0.0005928734708427949,4434.225833657927,,,,,
designated_benchmark,sensitivity_instrument2_full,sensitivity,2,test_split_local,CG-FPLS-code,30,0.0005923333724838926,True,1.1687256535982554e-05,2.6858403715131484e-05,0.0005923333724838926,80.63534955628829,,,,,
designated_benchmark,sensitivity_instrument2_full,sensitivity,2,test_split_local,CG-FPLS-code,31,0.0005658490136797097,True,1.1201715566696803e-05,2.6892648114022905e-05,0.0005658490136797097,4933.894809095727,,,,,
designated_benchmark,sensitivity_instrument2_full,sensitivity,2,test_split_local,CG-FPLS-code,32,0.0005232852580874485,True,1.0894853386522504e-05,2.2681255228220884e-05,0.0005232852580874485,8998.7701823728,,,,,
designated_benchmark,sensitivity_instrument2_full,sensitivity,2,test_split_local,CG-FPLS-code,33,0.0005222744052922753,True,1.0410524646848727e-05,2.1424148518453094e-05,0.0005222744052922753,230.6985985190537,,,,,
designated_benchmark,sensitivity_instrument2_full,sensitivity,2,test_split_local,CG-FPLS-code,34,0.0004995976383037295,True,1.0068806736466093e-05,2.1297132943070723e-05,0.0004995976383037295,5755.5964727390665,,,,,
designated_benchmark,sensitivity_instrument2_full,sensitivity,2,test_split_local,CG-FPLS-code,35,0.0004995270222460775,True,9.804165289048844e-06,2.117272201153742e-05,0.0004995270222460775,18.09922462065091,,,,,
designated_benchmark,sensitivity_instrument2_full,sensitivity,2,test_split_local,CG-FPLS-code,36,0.0004932635318175521,True,8.357702120196645e-06,2.1075845703850896e-05,0.0004932635318175521,1788.129784592526,,,,,
designated_benchmark,sensitivity_instrument2_full,sensitivity,2,test_split_local,CG-FPLS-code,37,0.0004549160602580085,True,8.05029704471004e-06,7.0386682867300505e-06,0.0004549160602580085,11212.02585128086,,,,,
designated_benchmark,sensitivity_instrument2_full,sensitivity,2,test_split_local,CG-FPLS-code,38,0.0004546364238995521,True,7.362860607728565e-06,6.63660469844207e-06,0.0004546364238995521,84.79317823272068,,,,,
designated_benchmark,sensitivity_instrument2_full,sensitivity,2,test_split_local,CG-FPLS-code,39,0.00041736942290002376,True,7.092992841251292e-06,6.538154561612046e-06,0.00041736942290002376,11136.789237791852,,,,,
designated_benchmark,sensitivity_instrument2_full,sensitivity,2,test_split_local,CG-FPLS-code,40,0.0003891854895231575,True,6.761586242591208e-06,6.5145077937628724e-06,0.0003891854895231575,9030.756951203859,,,,,
designated_benchmark,sensitivity_instrument2_full,sensitivity,2,test_split_local,CG-FPLS-code,41,0.0003891063918047216,True,6.709153206800775e-06,6.329394815878532e-06,0.0003891063918047216,27.497983472373956,,,,,
designated_benchmark,sensitivity_instrument2_full,sensitivity,2,test_split_local,CG-FPLS-code,42,0.0003641548823412528,True,6.040920628026742e-06,5.924217174055154e-06,0.0003641548823412528,8512.062347088866,,,,,
designated_benchmark,sensitivity_instrument2_full,sensitivity,2,test_split_local,CG-FPLS-code,43,0.0003607343250995822,True,5.503659111435355e-06,4.5117529943348754e-06,0.0003607343250995822,1150.8993836282104,,,,,
designated_benchmark,sensitivity_instrument2_full,sensitivity,2,test_split_local,CG-FPLS-code,44,0.0003472936531257145,True,5.410235555618012e-06,4.525325434986458e-06,0.0003472936531257145,4939.575113427308,,,,,
designated_benchmark,sensitivity_instrument2_full,sensitivity,2,test_split_local,CG-FPLS-code,45,0.0003301006562639867,True,4.70244808086963e-06,3.3535688892822852e-06,0.0003301006562639867,7055.001336720943,,,,,
designated_benchmark,sensitivity_instrument2_full,sensitivity,2,test_split_local,CG-FPLS-code,46,0.00032902510289113766,True,4.003551802636397e-06,2.909385219875852e-06,0.00032902510289113766,431.1799184923765,,,,,
designated_benchmark,sensitivity_instrument2_full,sensitivity,2,test_split_local,CG-FPLS-code,47,0.0003274073093477742,True,2.6719991614548557e-06,2.2978763215994533e-06,0.0003274073093477742,653.3302440238717,,,,,
designated_benchmark,sensitivity_instrument2_full,sensitivity,2,test_split_local,CG-FPLS-code,48,0.0003273766554989129,True,2.2333416376905957e-06,2.2936910728808765e-06,0.0003273766554989129,12.947909626339655,,,,,
designated_benchmark,sensitivity_instrument2_full,sensitivity,2,test_split_local,CG-FPLS-code,49,0.0003245954593973336,True,1.5770426790728728e-06,1.966749585308414e-06,0.0003245954593973336,1218.9475501750908,,,,,
designated_benchmark,sensitivity_instrument2_full,sensitivity,2,test_split_local,CG-FPLS-code,50,0.0003078024226635088,True,1.4887222615952878e-06,1.814204504856211e-06,0.0003078024226635088,7352.309423182955,,,,,
designated_benchmark,sensitivity_instrument2_full,sensitivity,2,test_split_local,CG-FPLS-code,51,0.0003032248166631244,True,1.2411546267124399e-06,1.7139595302181025e-06,0.0003032248166631244,2194.6723851650636,,,,,
designated_benchmark,sensitivity_instrument2_full,sensitivity,2,test_split_local,CG-FPLS-code,52,0.00029719324305881695,True,1.099074794194068e-06,1.697299914444805e-06,0.00029719324305881695,3064.1545325960064,,,,,
designated_benchmark,sensitivity_instrument2_full,sensitivity,2,test_split_local,CG-FPLS-code,53,0.0002890377827892139,True,9.305959233240245e-07,1.1396747621469943e-06,0.0002890377827892139,4912.904608447824,,,,,
designated_benchmark,sensitivity_instrument2_full,sensitivity,2,test_split_local,CG-FPLS-code,54,0.0002877833328063464,True,8.740243457678656e-07,8.840550310819719e-07,0.0002877833328063464,743.8606720382077,,,,,
designated_benchmark,sensitivity_instrument2_full,sensitivity,2,test_split_local,CG-FPLS-code,55,0.00028580274609907926,True,7.16803133081971e-07,8.214223039731182e-07,0.00028580274609907926,1408.9893460982246,,,,,
designated_benchmark,sensitivity_instrument2_full,sensitivity,2,test_split_local,CG-FPLS-code,56,0.0002756971567790605,True,6.658011249769215e-07,8.236385245053214e-07,0.0002756971567790605,7044.474410184811,,,,,
designated_benchmark,sensitivity_instrument2_full,sensitivity,2,test_split_local,CG-FPLS-code,57,0.0002593703829768788,True,5.04676983614698e-07,7.623819178185672e-07,0.0002593703829768788,11744.137970539516,,,,,
designated_benchmark,sensitivity_instrument2_full,sensitivity,2,test_split_local,CG-FPLS-code,58,0.0002505062861077011,True,4.3609507980315906e-07,7.649520829146347e-07,0.0002505062861077011,6329.262712404329,,,,,
designated_benchmark,sensitivity_instrument2_full,sensitivity,2,test_split_local,CG-FPLS-code,59,0.00024570377566055705,True,3.799573782693548e-07,7.284771751034304e-07,0.00024570377566055705,3420.45257161335,,,,,
designated_benchmark,sensitivity_instrument2_full,sensitivity,2,test_split_local,CG-FPLS-code,60,0.00024251936657820297,True,3.63778121251989e-07,7.274872311429742e-07,0.00024251936657820297,2231.851169685349,,,,,
designated_benchmark,sensitivity_instrument2_full,sensitivity,2,test_split_local,CG-FPLS-code,61,0.00023645731132967412,True,3.4798952938022014e-07,6.956096438430228e-07,0.00023645731132967412,4179.652772367744,,,,,
designated_benchmark,sensitivity_instrument2_full,sensitivity,2,test_split_local,CG-FPLS-code,62,0.00023074829405348872,True,3.3416698762830173e-07,6.961285088215781e-07,0.00023074829405348872,3877.7719487919726,,,,,
designated_benchmark,sensitivity_instrument2_full,sensitivity,2,test_split_local,CG-FPLS-code,63,0.00022896443736474315,True,3.1221946879992574e-07,6.548800013600501e-07,0.00022896443736474315,1214.3320912603424,,,,,
designated_benchmark,sensitivity_instrument2_full,sensitivity,2,test_split_local,CG-FPLS-code,64,0.0002285991047447938,True,2.976584269660184e-07,6.569828511597528e-07,0.0002285991047447938,261.79086211141083,,,,,
designated_benchmark,sensitivity_instrument2_full,sensitivity,2,test_split_local,CG-FPLS-code,65,0.00022099847237667283,True,2.8920888753276966e-07,5.628860263041785e-07,0.00022099847237667283,5369.907895642452,,,,,
designated_benchmark,sensitivity_instrument2_full,sensitivity,2,test_split_local,CG-FPLS-code,66,0.00021707930849077577,True,2.636383407823404e-07,4.794451379082538e-07,0.00021707930849077577,3057.702178563799,,,,,
designated_benchmark,sensitivity_instrument2_full,sensitivity,2,test_split_local,CG-FPLS-code,67,0.00021289747374419953,True,2.3202200191098202e-07,4.7409556332320537e-07,0.00021289747374419953,3202.6781435974262,,,,,
designated_benchmark,sensitivity_instrument2_full,sensitivity,2,test_split_local,CG-FPLS-code,68,0.00020928185625885716,True,2.2682481288264698e-07,4.5916209383951607e-07,0.00020928185625885716,3240.931982951599,,,,,
designated_benchmark,sensitivity_instrument2_full,sensitivity,2,test_split_local,CG-FPLS-code,69,0.00020749182587727173,True,2.2258948865681217e-07,4.5250802787422245e-07,0.00020749182587727173,1636.9992523812032,,,,,
designated_benchmark,sensitivity_instrument2_full,sensitivity,2,test_split_local,CG-FPLS-code,70,0.0002022235314218585,True,2.0747860084883912e-07,4.540005448731347e-07,0.0002022235314218585,4828.758134280843,,,,,
designated_benchmark,sensitivity_instrument2_full,sensitivity,2,test_split_local,Raw FPLS,1,291.0600015437621,True,,,,,True,1.0,1.0,1.550379766606445,
designated_benchmark,sensitivity_instrument2_full,sensitivity,2,test_split_local,Raw FPLS,2,230.97090576058812,True,,,,,True,5.217635993768164,12.179214975331496,-0.10406402201404814,
designated_benchmark,sensitivity_instrument2_full,sensitivity,2,test_split_local,Raw FPLS,3,48.73994465955998,True,,,,,True,61.18120995265743,409.66264039782226,-1.713505931533052,
designated_benchmark,sensitivity_instrument2_full,sensitivity,2,test_split_local,Raw FPLS,4,22.95820397432975,True,,,,,True,8189.710694635474,50479.362652832104,-3.3208527408331685,
designated_benchmark,sensitivity_instrument2_full,sensitivity,2,test_split_local,Raw FPLS,5,22.638356474522116,True,,,,,True,2058807.1364289946,25901653.921884242,-4.928082754873013,
designated_benchmark,sensitivity_instrument2_full,sensitivity,2,test_split_local,Raw FPLS,6,21.85642665652182,True,,,,,True,454999447.9382531,8954903981.816313,-6.535306278283886,
designated_benchmark,sensitivity_instrument2_full,sensitivity,2,test_split_local,Raw FPLS,7,21.865726357580268,True,,,,,True,262590623241.49115,4355028783703.0234,-8.142529441090108,
designated_benchmark,sensitivity_instrument2_full,sensitivity,2,test_split_local,Raw FPLS,8,21.848648291830123,True,,,,,True,145757074750973.66,4005637038313040.5,-9.749752583862273,
designated_benchmark,sensitivity_instrument2_full,sensitivity,2,test_split_local,Raw FPLS,9,inf,False,,,,,True,4503599627370496.0,4503599627370496.0,-11.35697572552141,
designated_benchmark,sensitivity_instrument2_full,sensitivity,2,test_split_local,Raw FPLS,10,35.74891503278555,True,,,,,True,4503599627370496.0,4503599627370496.0,-12.964198867118712,
designated_benchmark,sensitivity_instrument2_full,sensitivity,2,test_split_local,Raw FPLS,11,22.294417972609228,True,,,,,True,4503599627370496.0,4503599627370496.0,-14.571422008712577,
designated_benchmark,sensitivity_instrument2_full,sensitivity,2,test_split_local,Raw FPLS,12,22.02474828687305,True,,,,,True,4503599627370496.0,4503599627370496.0,-16.178645150306252,
designated_benchmark,sensitivity_instrument2_full,sensitivity,2,test_split_local,Raw FPLS,13,21.960922441261115,True,,,,,True,4503599627370496.0,4503599627370496.0,-17.785868291899916,
designated_benchmark,sensitivity_instrument2_full,sensitivity,2,test_split_local,Raw FPLS,14,22.045090627164342,True,,,,,True,4503599627370496.0,4503599627370496.0,-19.39309143349358,
designated_benchmark,sensitivity_instrument2_full,sensitivity,2,test_split_local,Raw FPLS,15,21.925936363009185,True,,,,,True,4503599627370496.0,4503599627370496.0,-21.000314575087245,
designated_benchmark,sensitivity_instrument2_full,sensitivity,2,test_split_local,Raw FPLS,16,21.976485791854895,True,,,,,True,4503599627370496.0,4503599627370496.0,-22.60753771668091,
designated_benchmark,sensitivity_instrument2_full,sensitivity,2,test_split_local,Raw FPLS,17,21.892845346034157,True,,,,,True,4503599627370496.0,4503599627370496.0,-24.214760858274573,
designated_benchmark,sensitivity_instrument2_full,sensitivity,2,test_split_local,Raw FPLS,18,21.72771934001662,True,,,,,True,4503599627370496.0,4503599627370496.0,-25.821983999868237,
designated_benchmark,sensitivity_instrument2_full,sensitivity,2,test_split_local,Raw FPLS,19,26.70638658997434,True,,,,,True,4503599627370496.0,4503599627370496.0,-27.4292071414619,
designated_benchmark,sensitivity_instrument2_full,sensitivity,2,test_split_local,Raw FPLS,20,137.30741985605962,True,,,,,True,4503599627370496.0,4503599627370496.0,-29.036430283055566,
designated_benchmark,sensitivity_instrument2_full,sensitivity,2,test_split_local,Raw FPLS,21,21.7441556884332,True,,,,,True,4503599627370496.0,4503599627370496.0,-30.64365342464923,
designated_benchmark,sensitivity_instrument2_full,sensitivity,2,test_split_local,Raw FPLS,22,22.034409190067922,True,,,,,True,4503599627370496.0,4503599627370496.0,-32.250876566242894,
designated_benchmark,sensitivity_instrument2_full,sensitivity,2,test_split_local,Raw FPLS,23,22.487172024792415,True,,,,,True,4503599627370496.0,4503599627370496.0,-33.85809970783656,
designated_benchmark,sensitivity_instrument2_full,sensitivity,2,test_split_local,Raw FPLS,24,21.987061839205946,True,,,,,True,4503599627370496.0,4503599627370496.0,-35.46532284943022,
designated_benchmark,sensitivity_instrument2_full,sensitivity,2,test_split_local,Raw FPLS,25,21.922614022233123,True,,,,,True,4503599627370496.0,4503599627370496.0,-37.07254599102389,
designated_benchmark,sensitivity_instrument2_full,sensitivity,2,test_split_local,Raw FPLS,26,21.92440506331448,True,,,,,True,4503599627370496.0,4503599627370496.0,-38.67976913261755,
designated_benchmark,sensitivity_instrument2_full,sensitivity,2,test_split_local,Raw FPLS,27,21.892962528346082,True,,,,,True,4503599627370496.0,4503599627370496.0,-40.286992274211215,
designated_benchmark,sensitivity_instrument2_full,sensitivity,2,test_split_local,Raw FPLS,28,23.329009852450113,True,,,,,True,4503599627370496.0,4503599627370496.0,-41.89421541580488,
designated_benchmark,sensitivity_instrument2_full,sensitivity,2,test_split_local,Raw FPLS,29,35.03588684282387,True,,,,,True,4503599627370496.0,4503599627370496.0,-43.50143855739854,
designated_benchmark,sensitivity_instrument2_full,sensitivity,2,test_split_local,Raw FPLS,30,23.30013021626843,True,,,,,True,4503599627370496.0,4503599627370496.0,-45.1086616989922,
designated_benchmark,sensitivity_instrument2_full,sensitivity,2,test_split_local,Raw FPLS,31,24.276017868562285,True,,,,,True,4503599627370496.0,4503599627370496.0,-46.715884840585865,
designated_benchmark,sensitivity_instrument2_full,sensitivity,2,test_split_local,Raw FPLS,32,21.90392466237027,True,,,,,True,4503599627370496.0,4503599627370496.0,-48.32310798217953,
designated_benchmark,sensitivity_instrument2_full,sensitivity,2,test_split_local,Raw FPLS,33,22.104646053158977,True,,,,,True,4503599627370496.0,4503599627370496.0,-49.93033112377319,
designated_benchmark,sensitivity_instrument2_full,sensitivity,2,test_split_local,Raw FPLS,34,22.148067428523436,True,,,,,True,4503599627370496.0,4503599627370496.0,-51.53755426536686,
designated_benchmark,sensitivity_instrument2_full,sensitivity,2,test_split_local,Raw FPLS,35,22.175987837475454,True,,,,,True,4503599627370496.0,4503599627370496.0,-53.14477740696052,
designated_benchmark,sensitivity_instrument2_full,sensitivity,2,test_split_local,Raw FPLS,36,22.511621987261115,True,,,,,True,4503599627370496.0,4503599627370496.0,-54.752000548554186,
designated_benchmark,sensitivity_instrument2_full,sensitivity,2,test_split_local,Raw FPLS,37,22.49349149057459,True,,,,,True,4503599627370496.0,4503599627370496.0,-56.35922369014785,
designated_benchmark,sensitivity_instrument2_full,sensitivity,2,test_split_local,Raw FPLS,38,22.789942972520652,True,,,,,True,4503599627370496.0,4503599627370496.0,-57.966446831741514,
designated_benchmark,sensitivity_instrument2_full,sensitivity,2,test_split_local,Raw FPLS,39,21.899840959731545,True,,,,,True,4503599627370496.0,4503599627370496.0,-59.57366997333518,
designated_benchmark,sensitivity_instrument2_full,sensitivity,2,test_split_local,Raw FPLS,40,21.945598230823958,True,,,,,True,4503599627370496.0,4503599627370496.0,-61.18089311492884,
designated_benchmark,sensitivity_instrument2_full,sensitivity,2,test_split_local,Raw FPLS,41,93.1788848497613,True,,,,,True,4503599627370496.0,4503599627370496.0,-62.78811625652251,
designated_benchmark,sensitivity_instrument2_full,sensitivity,2,test_split_local,Raw FPLS,42,21.89230444971819,True,,,,,True,4503599627370496.0,4503599627370496.0,-64.39533939811616,
designated_benchmark,sensitivity_instrument2_full,sensitivity,2,test_split_local,Raw FPLS,43,34.98860228346128,True,,,,,True,4503599627370496.0,4503599627370496.0,-66.00256253970983,
designated_benchmark,sensitivity_instrument2_full,sensitivity,2,test_split_local,Raw FPLS,44,22.014818573703874,True,,,,,True,4503599627370496.0,4503599627370496.0,-67.60978568130349,
designated_benchmark,sensitivity_instrument2_full,sensitivity,2,test_split_local,Raw FPLS,45,23.55813637034866,True,,,,,True,4503599627370496.0,4503599627370496.0,-69.21700882289716,
designated_benchmark,sensitivity_instrument2_full,sensitivity,2,test_split_local,Raw FPLS,46,25.718043074961678,True,,,,,True,4503599627370496.0,4503599627370496.0,-70.82423196449082,
designated_benchmark,sensitivity_instrument2_full,sensitivity,2,test_split_local,Raw FPLS,47,22.81732526276093,True,,,,,True,4503599627370496.0,4503599627370496.0,-72.43145510608448,
designated_benchmark,sensitivity_instrument2_full,sensitivity,2,test_split_local,Raw FPLS,48,21.83045971031706,True,,,,,True,4503599627370496.0,4503599627370496.0,-74.03867824767815,
designated_benchmark,sensitivity_instrument2_full,sensitivity,2,test_split_local,Raw FPLS,49,22.760676912767284,True,,,,,True,4503599627370496.0,4503599627370496.0,-75.64590138927181,
designated_benchmark,sensitivity_instrument2_full,sensitivity,2,test_split_local,Raw FPLS,50,23.19285745161343,True,,,,,True,4503599627370496.0,4503599627370496.0,-77.25312453086548,
designated_benchmark,sensitivity_instrument2_full,sensitivity,2,test_split_local,Raw FPLS,51,21.934019411349528,True,,,,,True,4503599627370496.0,4503599627370496.0,-78.86034767245914,
designated_benchmark,sensitivity_instrument2_full,sensitivity,2,test_split_local,Raw FPLS,52,21.863822245740874,True,,,,,True,4503599627370496.0,4503599627370496.0,-80.4675708140528,
designated_benchmark,sensitivity_instrument2_full,sensitivity,2,test_split_local,Raw FPLS,53,21.72001518977874,True,,,,,True,4503599627370496.0,4503599627370496.0,-82.07479395564647,
designated_benchmark,sensitivity_instrument2_full,sensitivity,2,test_split_local,Raw FPLS,54,22.223948507014967,True,,,,,True,4503599627370496.0,4503599627370496.0,-83.68201709724013,
designated_benchmark,sensitivity_instrument2_full,sensitivity,2,test_split_local,Raw FPLS,55,28.4579250767351,True,,,,,True,4503599627370496.0,4503599627370496.0,-85.2892402388338,
designated_benchmark,sensitivity_instrument2_full,sensitivity,2,test_split_local,Raw FPLS,56,22.518539942202317,True,,,,,True,4503599627370496.0,4503599627370496.0,-86.89646338042746,
designated_benchmark,sensitivity_instrument2_full,sensitivity,2,test_split_local,Raw FPLS,57,24.030145753733283,True,,,,,True,4503599627370496.0,4503599627370496.0,-88.50368652202113,
designated_benchmark,sensitivity_instrument2_full,sensitivity,2,test_split_local,Raw FPLS,58,31.15950439203045,True,,,,,True,4503599627370496.0,4503599627370496.0,-90.11090966361479,
designated_benchmark,sensitivity_instrument2_full,sensitivity,2,test_split_local,Raw FPLS,59,22.09779014274522,True,,,,,True,4503599627370496.0,4503599627370496.0,-91.71813280520846,
designated_benchmark,sensitivity_instrument2_full,sensitivity,2,test_split_local,Raw FPLS,60,22.53090062640583,True,,,,,True,4503599627370496.0,4503599627370496.0,-93.32535594680212,
designated_benchmark,sensitivity_instrument2_full,sensitivity,2,test_split_local,Raw FPLS,61,23.074950113987192,True,,,,,True,4503599627370496.0,4503599627370496.0,-94.93257908839578,
designated_benchmark,sensitivity_instrument2_full,sensitivity,2,test_split_local,Raw FPLS,62,22.08848143028715,True,,,,,True,4503599627370496.0,4503599627370496.0,-96.53980222998945,
designated_benchmark,sensitivity_instrument2_full,sensitivity,2,test_split_local,Raw FPLS,63,22.325834937052257,True,,,,,True,4503599627370496.0,4503599627370496.0,-98.14702537158311,
designated_benchmark,sensitivity_instrument2_full,sensitivity,2,test_split_local,Raw FPLS,64,21.99531756236584,True,,,,,True,4503599627370496.0,4503599627370496.0,-99.75424851317678,
designated_benchmark,sensitivity_instrument2_full,sensitivity,2,test_split_local,Raw FPLS,65,21.926502273969987,True,,,,,True,4503599627370496.0,4503599627370496.0,-101.36147165477044,
designated_benchmark,sensitivity_instrument2_full,sensitivity,2,test_split_local,Raw FPLS,66,22.19625794428606,True,,,,,True,4503599627370496.0,4503599627370496.0,-102.9686947963641,
designated_benchmark,sensitivity_instrument2_full,sensitivity,2,test_split_local,Raw FPLS,67,83.20026339248415,True,,,,,True,4503599627370496.0,4503599627370496.0,-104.57591793795777,
designated_benchmark,sensitivity_instrument2_full,sensitivity,2,test_split_local,Raw FPLS,68,25.434491174474044,True,,,,,True,4503599627370496.0,4503599627370496.0,-106.18314107955143,
designated_benchmark,sensitivity_instrument2_full,sensitivity,2,test_split_local,Raw FPLS,69,22.1614445257505,True,,,,,True,4503599627370496.0,4503599627370496.0,-107.7903642211451,
designated_benchmark,sensitivity_instrument2_full,sensitivity,2,test_split_local,Raw FPLS,70,25.02705914850847,True,,,,,True,4503599627370496.0,4503599627370496.0,-109.39758736273876,
designated_benchmark,sensitivity_instrument2_full,sensitivity,2,test_split_local,Arnoldi FPLS,1,291.0600015437621,True,,,,,True,1.0,1.0,,4.440892098500626e-16
designated_benchmark,sensitivity_instrument2_full,sensitivity,2,test_split_local,Arnoldi FPLS,2,230.97090576058764,True,,,,,True,1.0000000000000004,2.4859075832067994,,6.792382199749418e-16
designated_benchmark,sensitivity_instrument2_full,sensitivity,2,test_split_local,Arnoldi FPLS,3,48.73994465900888,True,,,,,True,1.0000000000000004,7.712814065240822,,9.385339833245949e-16
designated_benchmark,sensitivity_instrument2_full,sensitivity,2,test_split_local,Arnoldi FPLS,4,22.95820656146268,True,,,,,True,1.0000000000000007,8.577326288835954,,9.4110931867881e-16
designated_benchmark,sensitivity_instrument2_full,sensitivity,2,test_split_local,Arnoldi FPLS,5,22.103552586541127,True,,,,,True,1.0000000000000007,12.734663819866853,,9.416043114087983e-16
designated_benchmark,sensitivity_instrument2_full,sensitivity,2,test_split_local,Arnoldi FPLS,6,23.133855535870662,True,,,,,True,1.0000000000000004,26.063304109152863,,9.416075968358331e-16
designated_benchmark,sensitivity_instrument2_full,sensitivity,2,test_split_local,Arnoldi FPLS,7,23.732125503687598,True,,,,,True,1.0000000000000007,31.25741693376223,,9.419772166336671e-16
designated_benchmark,sensitivity_instrument2_full,sensitivity,2,test_split_local,Arnoldi FPLS,8,23.461449604312097,True,,,,,True,1.0000000000000004,41.923431316588285,,9.4347341225695e-16
designated_benchmark,sensitivity_instrument2_full,sensitivity,2,test_split_local,Arnoldi FPLS,9,24.192439868690048,True,,,,,True,1.0000000000000004,54.099192691259745,,9.454917221933666e-16
designated_benchmark,sensitivity_instrument2_full,sensitivity,2,test_split_local,Arnoldi FPLS,10,24.732780182152037,True,,,,,True,1.0000000000000007,64.72365649504788,,9.46333797605407e-16
designated_benchmark,sensitivity_instrument2_full,sensitivity,2,test_split_local,Arnoldi FPLS,11,25.1255071526164,True,,,,,True,1.0000000000000009,79.71201783376125,,9.476160529161162e-16
designated_benchmark,sensitivity_instrument2_full,sensitivity,2,test_split_local,Arnoldi FPLS,12,25.052647679310365,True,,,,,True,1.0000000000000007,100.54355595531776,,9.445691792963838e-16
designated_benchmark,sensitivity_instrument2_full,sensitivity,2,test_split_local,Arnoldi FPLS,13,25.89971699639353,True,,,,,True,1.0000000000000009,120.44786461056437,,9.447412271755457e-16
designated_benchmark,sensitivity_instrument2_full,sensitivity,2,test_split_local,Arnoldi FPLS,14,25.889334517624228,True,,,,,True,1.0000000000000007,149.00279246280658,,9.449303561138299e-16
designated_benchmark,sensitivity_instrument2_full,sensitivity,2,test_split_local,Arnoldi FPLS,15,26.903855845503628,True,,,,,True,1.0000000000000007,166.70660685783116,,9.449402607152469e-16
designated_benchmark,sensitivity_instrument2_full,sensitivity,2,test_split_local,Arnoldi FPLS,16,26.6818607668131,True,,,,,True,1.0000000000000009,188.1218881667105,,9.559392630777217e-16
designated_benchmark,sensitivity_instrument2_full,sensitivity,2,test_split_local,Arnoldi FPLS,17,27.23520739056634,True,,,,,True,1.0000000000000009,206.88292558622538,,9.564115677877536e-16
designated_benchmark,sensitivity_instrument2_full,sensitivity,2,test_split_local,Arnoldi FPLS,18,27.950972946548642,True,,,,,True,1.0000000000000007,224.95367335517878,,9.566008729322757e-16
designated_benchmark,sensitivity_instrument2_full,sensitivity,2,test_split_local,Arnoldi FPLS,19,27.828398821484296,True,,,,,True,1.0000000000000007,249.64191727320022,,9.568918906733883e-16
designated_benchmark,sensitivity_instrument2_full,sensitivity,2,test_split_local,Arnoldi FPLS,20,27.152461128798294,True,,,,,True,1.0000000000000004,281.5951141307045,,9.560295416089295e-16
designated_benchmark,sensitivity_instrument2_full,sensitivity,2,test_split_local,Arnoldi FPLS,21,27.747572824747056,True,,,,,True,1.0000000000000007,312.5438487676536,,9.561340477402581e-16
designated_benchmark,sensitivity_instrument2_full,sensitivity,2,test_split_local,Arnoldi FPLS,22,29.07744463231683,True,,,,,True,1.0000000000000004,339.52725537254423,,9.561748119801989e-16
designated_benchmark,sensitivity_instrument2_full,sensitivity,2,test_split_local,Arnoldi FPLS,23,30.064748155663136,True,,,,,True,1.0000000000000007,369.69968020766026,,9.56202189134127e-16
designated_benchmark,sensitivity_instrument2_full,sensitivity,2,test_split_local,Arnoldi FPLS,24,32.44452696914491,True,,,,,True,1.0000000000000007,401.8517231884418,,9.596304496474554e-16
designated_benchmark,sensitivity_instrument2_full,sensitivity,2,test_split_local,Arnoldi FPLS,25,33.58706897617838,True,,,,,True,1.0000000000000009,417.7675262927335,,9.596362353423024e-16
designated_benchmark,sensitivity_instrument2_full,sensitivity,2,test_split_local,Arnoldi FPLS,26,33.33189672914186,True,,,,,True,1.0000000000000007,436.94886169277123,,9.596542851242984e-16
designated_benchmark,sensitivity_instrument2_full,sensitivity,2,test_split_local,Arnoldi FPLS,27,33.98299122679244,True,,,,,True,1.0000000000000009,455.0134114395304,,9.596563507356435e-16
designated_benchmark,sensitivity_instrument2_full,sensitivity,2,test_split_local,Arnoldi FPLS,28,35.42908379657609,True,,,,,True,1.000000000000001,469.24595444914667,,9.598530048131027e-16
designated_benchmark,sensitivity_instrument2_full,sensitivity,2,test_split_local,Arnoldi FPLS,29,36.28254612404203,True,,,,,True,1.0000000000000009,493.76602256615985,,9.598908907166444e-16
designated_benchmark,sensitivity_instrument2_full,sensitivity,2,test_split_local,Arnoldi FPLS,30,38.16059315690445,True,,,,,True,1.000000000000001,513.052260081651,,9.600483809887143e-16
designated_benchmark,sensitivity_instrument2_full,sensitivity,2,test_split_local,Arnoldi FPLS,31,39.470842514247515,True,,,,,True,1.000000000000001,531.7253988773089,,9.60262457478117e-16
designated_benchmark,sensitivity_instrument2_full,sensitivity,2,test_split_local,Arnoldi FPLS,32,39.83434292607121,True,,,,,True,1.0000000000000009,569.8098945508509,,9.659131375824762e-16
designated_benchmark,sensitivity_instrument2_full,sensitivity,2,test_split_local,Arnoldi FPLS,33,39.88400813047103,True,,,,,True,1.0000000000000009,611.0948153099718,,9.659153786228352e-16
designated_benchmark,sensitivity_instrument2_full,sensitivity,2,test_split_local,Arnoldi FPLS,34,41.88848786879853,True,,,,,True,1.0000000000000007,635.9215333012293,,9.660097756663093e-16
designated_benchmark,sensitivity_instrument2_full,sensitivity,2,test_split_local,Arnoldi FPLS,35,43.61611764975252,True,,,,,True,1.0000000000000009,651.2836341270628,,9.660210253117411e-16
designated_benchmark,sensitivity_instrument2_full,sensitivity,2,test_split_local,Arnoldi FPLS,36,44.500825342825706,True,,,,,True,1.0000000000000009,660.322064631091,,9.673856673238842e-16
designated_benchmark,sensitivity_instrument2_full,sensitivity,2,test_split_local,Arnoldi FPLS,37,45.4791493577189,True,,,,,True,1.0000000000000009,682.1039822466272,,9.674469265488887e-16
designated_benchmark,sensitivity_instrument2_full,sensitivity,2,test_split_local,Arnoldi FPLS,38,46.34189296262641,True,,,,,True,1.0000000000000009,715.4801608512397,,9.67827959387186e-16
designated_benchmark,sensitivity_instrument2_full,sensitivity,2,test_split_local,Arnoldi FPLS,39,47.79605243080982,True,,,,,True,1.0000000000000009,746.9407884889245,,9.678488205255245e-16
designated_benchmark,sensitivity_instrument2_full,sensitivity,2,test_split_local,Arnoldi FPLS,40,48.77997612764292,True,,,,,True,1.0000000000000007,762.8877989173271,,9.674461156857557e-16
designated_benchmark,sensitivity_instrument2_full,sensitivity,2,test_split_local,Arnoldi FPLS,41,51.054157534094415,True,,,,,True,1.0000000000000009,790.8568801561909,,9.692064649196047e-16
designated_benchmark,sensitivity_instrument2_full,sensitivity,2,test_split_local,Arnoldi FPLS,42,53.26690441232436,True,,,,,True,1.0000000000000009,825.1177804445275,,9.692306838324757e-16
designated_benchmark,sensitivity_instrument2_full,sensitivity,2,test_split_local,Arnoldi FPLS,43,56.378485323101884,True,,,,,True,1.000000000000001,850.2745901146925,,9.7096758685688e-16
designated_benchmark,sensitivity_instrument2_full,sensitivity,2,test_split_local,Arnoldi FPLS,44,57.67765121434385,True,,,,,True,1.0000000000000007,868.4540889553249,,9.707490855593186e-16
designated_benchmark,sensitivity_instrument2_full,sensitivity,2,test_split_local,Arnoldi FPLS,45,59.95952447972175,True,,,,,True,1.0000000000000009,909.1682573333753,,9.712599612394296e-16
designated_benchmark,sensitivity_instrument2_full,sensitivity,2,test_split_local,Arnoldi FPLS,46,62.19219759413724,True,,,,,True,1.000000000000001,931.3190628323911,,9.712615407742522e-16
designated_benchmark,sensitivity_instrument2_full,sensitivity,2,test_split_local,Arnoldi FPLS,47,65.54975776027125,True,,,,,True,1.000000000000001,951.4463433965317,,9.712794810797169e-16
designated_benchmark,sensitivity_instrument2_full,sensitivity,2,test_split_local,Arnoldi FPLS,48,68.85583345143228,True,,,,,True,1.0000000000000009,991.4571147750805,,9.802829771660098e-16
designated_benchmark,sensitivity_instrument2_full,sensitivity,2,test_split_local,Arnoldi FPLS,49,71.35295535132994,True,,,,,True,1.0000000000000009,1012.8292645753987,,9.830424168979142e-16
designated_benchmark,sensitivity_instrument2_full,sensitivity,2,test_split_local,Arnoldi FPLS,50,73.48194124410894,True,,,,,True,1.0000000000000013,1052.3322955654937,,9.838883744071647e-16
designated_benchmark,sensitivity_instrument2_full,sensitivity,2,test_split_local,Arnoldi FPLS,51,75.73442665108345,True,,,,,True,1.0000000000000009,1111.4099073107668,,9.843589300539522e-16
designated_benchmark,sensitivity_instrument2_full,sensitivity,2,test_split_local,Arnoldi FPLS,52,77.08633748685556,True,,,,,True,1.000000000000001,1129.4034926713553,,9.822865669564644e-16
designated_benchmark,sensitivity_instrument2_full,sensitivity,2,test_split_local,Arnoldi FPLS,53,80.32166897120645,True,,,,,True,1.0000000000000009,1226.7430176009645,,9.82451398141721e-16
designated_benchmark,sensitivity_instrument2_full,sensitivity,2,test_split_local,Arnoldi FPLS,54,81.18632400026935,True,,,,,True,1.0000000000000009,1253.9043892427542,,9.83073279949663e-16
designated_benchmark,sensitivity_instrument2_full,sensitivity,2,test_split_local,Arnoldi FPLS,55,82.70045932858287,True,,,,,True,1.0000000000000009,1318.7797316098229,,9.859992202470643e-16
designated_benchmark,sensitivity_instrument2_full,sensitivity,2,test_split_local,Arnoldi FPLS,56,86.70501590616735,True,,,,,True,1.0000000000000009,1374.8704755754202,,1.0364376038608412e-15
designated_benchmark,sensitivity_instrument2_full,sensitivity,2,test_split_local,Arnoldi FPLS,57,87.734058995797,True,,,,,True,1.0000000000000007,1453.204865545313,,1.0375796182497593e-15
designated_benchmark,sensitivity_instrument2_full,sensitivity,2,test_split_local,Arnoldi FPLS,58,89.24565051598525,True,,,,,True,1.0000000000000009,1528.44138063477,,1.0376171790717793e-15
designated_benchmark,sensitivity_instrument2_full,sensitivity,2,test_split_local,Arnoldi FPLS,59,90.41775825811055,True,,,,,True,1.0000000000000009,1583.4453920006063,,1.0377526828477682e-15
designated_benchmark,sensitivity_instrument2_full,sensitivity,2,test_split_local,Arnoldi FPLS,60,91.15572035589439,True,,,,,True,1.000000000000001,1638.5446571644597,,1.0383893107277487e-15
designated_benchmark,sensitivity_instrument2_full,sensitivity,2,test_split_local,Arnoldi FPLS,61,92.86730043063962,True,,,,,True,1.000000000000001,1756.7002562328091,,1.0385426900519562e-15
designated_benchmark,sensitivity_instrument2_full,sensitivity,2,test_split_local,Arnoldi FPLS,62,95.18224525971328,True,,,,,True,1.0000000000000009,1827.2148754110078,,1.0386439304091742e-15
designated_benchmark,sensitivity_instrument2_full,sensitivity,2,test_split_local,Arnoldi FPLS,63,96.14213535800837,True,,,,,True,1.000000000000001,1996.2695905331143,,1.0387224392952768e-15
designated_benchmark,sensitivity_instrument2_full,sensitivity,2,test_split_local,Arnoldi FPLS,64,99.18405077740066,True,,,,,True,1.0000000000000009,2190.8135038715677,,1.0399178444143857e-15
designated_benchmark,sensitivity_instrument2_full,sensitivity,2,test_split_local,Arnoldi FPLS,65,101.46007781857895,True,,,,,True,1.0000000000000009,2318.1243432978513,,1.0399395260444899e-15
designated_benchmark,sensitivity_instrument2_full,sensitivity,2,test_split_local,Arnoldi FPLS,66,102.94368447678188,True,,,,,True,1.0000000000000009,2510.083694941364,,1.0404818339025678e-15
designated_benchmark,sensitivity_instrument2_full,sensitivity,2,test_split_local,Arnoldi FPLS,67,105.00872620538277,True,,,,,True,1.0000000000000013,2726.302282608058,,1.040617377543584e-15
designated_benchmark,sensitivity_instrument2_full,sensitivity,2,test_split_local,Arnoldi FPLS,68,106.43333650160828,True,,,,,True,1.0000000000000009,2927.8905946215846,,1.0457678581840146e-15
designated_benchmark,sensitivity_instrument2_full,sensitivity,2,test_split_local,Arnoldi FPLS,69,106.94015798005977,True,,,,,True,1.0000000000000009,3094.3073377996075,,1.045838044060407e-15
designated_benchmark,sensitivity_instrument2_full,sensitivity,2,test_split_local,Arnoldi FPLS,70,107.97439906707909,True,,,,,True,1.0000000000000007,3295.009826100538,,1.0463953986190511e-15
designated_benchmark,sensitivity_instrument2_full,sensitivity,2,test_split_local,FPCR,1,324.10165519266894,True,0.024704544931564064,,,,,,,,
designated_benchmark,sensitivity_instrument2_full,sensitivity,2,test_split_local,FPCR,2,274.5645173622226,True,0.005822981734114994,,,,,,,,
designated_benchmark,sensitivity_instrument2_full,sensitivity,2,test_split_local,FPCR,3,256.8985608479588,True,0.0008461775031412214,,,,,,,,
designated_benchmark,sensitivity_instrument2_full,sensitivity,2,test_split_local,FPCR,4,63.27166635835424,True,0.00035352259052370556,,,,,,,,
designated_benchmark,sensitivity_instrument2_full,sensitivity,2,test_split_local,FPCR,5,24.603864011981706,True,0.00027640159340293965,,,,,,,,
designated_benchmark,sensitivity_instrument2_full,sensitivity,2,test_split_local,FPCR,6,23.321889118578383,True,0.00014937150247223697,,,,,,,,
designated_benchmark,sensitivity_instrument2_full,sensitivity,2,test_split_local,FPCR,7,23.570625539855747,True,8.934923728285965e-05,,,,,,,,
designated_benchmark,sensitivity_instrument2_full,sensitivity,2,test_split_local,FPCR,8,23.769524952042858,True,6.625473917200436e-05,,,,,,,,
designated_benchmark,sensitivity_instrument2_full,sensitivity,2,test_split_local,FPCR,9,23.800877657261474,True,5.570429590493468e-05,,,,,,,,
designated_benchmark,sensitivity_instrument2_full,sensitivity,2,test_split_local,FPCR,10,22.827652631094917,True,4.924566108093297e-05,,,,,,,,
designated_benchmark,sensitivity_instrument2_full,sensitivity,2,test_split_local,FPCR,11,22.61907698969485,True,4.439199600657817e-05,,,,,,,,
designated_benchmark,sensitivity_instrument2_full,sensitivity,2,test_split_local,FPCR,12,21.92257084352314,True,3.7791373060742405e-05,,,,,,,,
designated_benchmark,sensitivity_instrument2_full,sensitivity,2,test_split_local,FPCR,13,22.064038244523452,True,3.6290842256406275e-05,,,,,,,,
designated_benchmark,sensitivity_instrument2_full,sensitivity,2,test_split_local,FPCR,14,22.307502042897102,True,3.0422541366259507e-05,,,,,,,,
designated_benchmark,sensitivity_instrument2_full,sensitivity,2,test_split_local,FPCR,15,22.08224033775252,True,2.9557313445533734e-05,,,,,,,,
designated_benchmark,sensitivity_instrument2_full,sensitivity,2,test_split_local,FPCR,16,21.876990259188165,True,2.6552656830642013e-05,,,,,,,,
designated_benchmark,sensitivity_instrument2_full,sensitivity,2,test_split_local,FPCR,17,21.86336504074868,True,2.5982784684117e-05,,,,,,,,
designated_benchmark,sensitivity_instrument2_full,sensitivity,2,test_split_local,FPCR,18,20.384004576227174,True,2.5489567002075905e-05,,,,,,,,
designated_benchmark,sensitivity_instrument2_full,sensitivity,2,test_split_local,FPCR,19,20.599061486622986,True,2.430487614057591e-05,,,,,,,,
designated_benchmark,sensitivity_instrument2_full,sensitivity,2,test_split_local,FPCR,20,20.69639572916996,True,2.1433436389097597e-05,,,,,,,,
designated_benchmark,sensitivity_instrument2_full,sensitivity,2,test_split_local,FPCR,21,20.897656617224264,True,2.01545189570276e-05,,,,,,,,
designated_benchmark,sensitivity_instrument2_full,sensitivity,2,test_split_local,FPCR,22,20.5902591570434,True,1.8911745515255746e-05,,,,,,,,
designated_benchmark,sensitivity_instrument2_full,sensitivity,2,test_split_local,FPCR,23,20.82150910879209,True,1.823528576891653e-05,,,,,,,,
designated_benchmark,sensitivity_instrument2_full,sensitivity,2,test_split_local,FPCR,24,21.060772167892665,True,1.7633333298213822e-05,,,,,,,,
designated_benchmark,sensitivity_instrument2_full,sensitivity,2,test_split_local,FPCR,25,19.8835408971,True,1.6832376302186613e-05,,,,,,,,
designated_benchmark,sensitivity_instrument2_full,sensitivity,2,test_split_local,FPCR,26,20.02799899015402,True,1.6292950871199527e-05,,,,,,,,
designated_benchmark,sensitivity_instrument2_full,sensitivity,2,test_split_local,FPCR,27,19.853867558095402,True,1.5640346364355982e-05,,,,,,,,
designated_benchmark,sensitivity_instrument2_full,sensitivity,2,test_split_local,FPCR,28,20.07462781896569,True,1.3869737832837847e-05,,,,,,,,
designated_benchmark,sensitivity_instrument2_full,sensitivity,2,test_split_local,FPCR,29,20.25223124688461,True,1.3238353252499517e-05,,,,,,,,
designated_benchmark,sensitivity_instrument2_full,sensitivity,2,test_split_local,FPCR,30,20.450066346077243,True,1.1687256535982554e-05,,,,,,,,
designated_benchmark,sensitivity_instrument2_full,sensitivity,2,test_split_local,FPCR,31,20.694196521883736,True,1.1201715566696803e-05,,,,,,,,
designated_benchmark,sensitivity_instrument2_full,sensitivity,2,test_split_local,FPCR,32,20.438458347966503,True,1.0894853386522504e-05,,,,,,,,
designated_benchmark,sensitivity_instrument2_full,sensitivity,2,test_split_local,FPCR,33,20.524690720674492,True,1.0410524646848727e-05,,,,,,,,
designated_benchmark,sensitivity_instrument2_full,sensitivity,2,test_split_local,FPCR,34,20.754718452210856,True,1.0068806736466093e-05,,,,,,,,
designated_benchmark,sensitivity_instrument2_full,sensitivity,2,test_split_local,FPCR,35,20.988688901817945,True,9.804165289048844e-06,,,,,,,,
designated_benchmark,sensitivity_instrument2_full,sensitivity,2,test_split_local,FPCR,36,21.226887314663152,True,8.357702120196645e-06,,,,,,,,
designated_benchmark,sensitivity_instrument2_full,sensitivity,2,test_split_local,FPCR,37,19.12264865690508,True,8.05029704471004e-06,,,,,,,,
designated_benchmark,sensitivity_instrument2_full,sensitivity,2,test_split_local,FPCR,38,19.288070953316414,True,7.362860607728565e-06,,,,,,,,
designated_benchmark,sensitivity_instrument2_full,sensitivity,2,test_split_local,FPCR,39,19.51275162256621,True,7.092992841251292e-06,,,,,,,,
designated_benchmark,sensitivity_instrument2_full,sensitivity,2,test_split_local,FPCR,40,19.756043548619676,True,6.761586242591208e-06,,,,,,,,
designated_benchmark,sensitivity_instrument2_full,sensitivity,2,test_split_local,FPCR,41,19.970123440810855,True,6.709153206800775e-06,,,,,,,,
designated_benchmark,sensitivity_instrument2_full,sensitivity,2,test_split_local,FPCR,42,20.13179598332957,True,6.040920628026742e-06,,,,,,,,
designated_benchmark,sensitivity_instrument2_full,sensitivity,2,test_split_local,FPCR,43,20.02411651190024,True,5.503659111435355e-06,,,,,,,,
designated_benchmark,sensitivity_instrument2_full,sensitivity,2,test_split_local,FPCR,44,20.289858434582634,True,5.410235555618012e-06,,,,,,,,
designated_benchmark,sensitivity_instrument2_full,sensitivity,2,test_split_local,FPCR,45,20.191805502288986,True,4.70244808086963e-06,,,,,,,,
designated_benchmark,sensitivity_instrument2_full,sensitivity,2,test_split_local,FPCR,46,20.295558507465174,True,4.003551802636397e-06,,,,,,,,
designated_benchmark,sensitivity_instrument2_full,sensitivity,2,test_split_local,FPCR,47,20.223432826920163,True,2.6719991614548557e-06,,,,,,,,
designated_benchmark,sensitivity_instrument2_full,sensitivity,2,test_split_local,FPCR,48,20.49152511908377,True,2.2333416376905957e-06,,,,,,,,
designated_benchmark,sensitivity_instrument2_full,sensitivity,2,test_split_local,FPCR,49,20.44964088907768,True,1.5770426790728728e-06,,,,,,,,
designated_benchmark,sensitivity_instrument2_full,sensitivity,2,test_split_local,FPCR,50,20.56798159111189,True,1.4887222615952878e-06,,,,,,,,
designated_benchmark,sensitivity_instrument2_full,sensitivity,2,test_split_local,FPCR,51,20.72125425763429,True,1.2411546267124399e-06,,,,,,,,
designated_benchmark,sensitivity_instrument2_full,sensitivity,2,test_split_local,FPCR,52,20.980003040406686,True,1.099074794194068e-06,,,,,,,,
designated_benchmark,sensitivity_instrument2_full,sensitivity,2,test_split_local,FPCR,53,20.313582750308417,True,9.305959233240245e-07,,,,,,,,
designated_benchmark,sensitivity_instrument2_full,sensitivity,2,test_split_local,FPCR,54,20.125406274691702,True,8.740243457678656e-07,,,,,,,,
designated_benchmark,sensitivity_instrument2_full,sensitivity,2,test_split_local,FPCR,55,20.265150311463554,True,7.16803133081971e-07,,,,,,,,
designated_benchmark,sensitivity_instrument2_full,sensitivity,2,test_split_local,FPCR,56,20.556421833989326,True,6.658011249769215e-07,,,,,,,,
designated_benchmark,sensitivity_instrument2_full,sensitivity,2,test_split_local,FPCR,57,20.64455274953153,True,5.04676983614698e-07,,,,,,,,
designated_benchmark,sensitivity_instrument2_full,sensitivity,2,test_split_local,FPCR,58,20.947003626977605,True,4.3609507980315906e-07,,,,,,,,
designated_benchmark,sensitivity_instrument2_full,sensitivity,2,test_split_local,FPCR,59,21.081436768621277,True,3.799573782693548e-07,,,,,,,,
designated_benchmark,sensitivity_instrument2_full,sensitivity,2,test_split_local,FPCR,60,21.378554197634678,True,3.63778121251989e-07,,,,,,,,
designated_benchmark,sensitivity_instrument2_full,sensitivity,2,test_split_local,FPCR,61,21.52718585811474,True,3.4798952938022014e-07,,,,,,,,
designated_benchmark,sensitivity_instrument2_full,sensitivity,2,test_split_local,FPCR,62,21.842385585637956,True,3.3416698762830173e-07,,,,,,,,
designated_benchmark,sensitivity_instrument2_full,sensitivity,2,test_split_local,FPCR,63,21.925916413251866,True,3.1221946879992574e-07,,,,,,,,
designated_benchmark,sensitivity_instrument2_full,sensitivity,2,test_split_local,FPCR,64,22.261129285249325,True,2.976584269660184e-07,,,,,,,,
designated_benchmark,sensitivity_instrument2_full,sensitivity,2,test_split_local,FPCR,65,21.997791694185434,True,2.8920888753276966e-07,,,,,,,,
designated_benchmark,sensitivity_instrument2_full,sensitivity,2,test_split_local,FPCR,66,21.742872672181484,True,2.636383407823404e-07,,,,,,,,
designated_benchmark,sensitivity_instrument2_full,sensitivity,2,test_split_local,FPCR,67,22.027637894725615,True,2.3202200191098202e-07,,,,,,,,
designated_benchmark,sensitivity_instrument2_full,sensitivity,2,test_split_local,FPCR,68,22.237870671332665,True,2.2682481288264698e-07,,,,,,,,
designated_benchmark,sensitivity_instrument2_full,sensitivity,2,test_split_local,FPCR,69,22.521448072784477,True,2.2258948865681217e-07,,,,,,,,
designated_benchmark,sensitivity_instrument2_full,sensitivity,2,test_split_local,FPCR,70,22.882586342544265,True,2.0747860084883912e-07,,,,,,,,
